=== START arm_c-strong-ultra-early @ 2026-05-26T15:34:14Z ===
logs/8caa521c-9224-4d37-bbc5-54862e6a1b36.txt
MuLoCo outer optimizer ENABLED: outer_lr=0.7 outer_momentum=0.5 sync_interval=30
MuonH mode=scale_invariant lr=0.018 budget_mult=1.0 cooldown_shape=linear
AGC ENABLED on aux AdamW groups: clip_ratio=0.05 eps=0.001
AGC ENABLED on inner MuonH gradient: clip_ratio=0.05 eps=0.001
H162 per-block MuonH LR ENABLED: exponent=1.0 calibration_step=25 recalibrate_interval=0
wandb: [wandb.login()] Loaded credentials for https://api.wandb.ai from WANDB_API_KEY.
wandb: W&B API key is configured. Use `wandb login --relogin` to force relogin
wandb: Tracking run with wandb version 0.26.1
wandb: Run data is saved locally in /workspace/senpai/target/wandb/run-20260526_153419-szc1oyn0
wandb: Run `wandb offline` to turn off syncing.
wandb: Syncing run g1r3-tanjiro/h179-arm_c-strong-ultra-early
wandb: ⭐️ View project at https://wandb.ai/wandb-applied-ai-team/modded-nanogpt-senpai
wandb: 🚀 View run at https://wandb.ai/wandb-applied-ai-team/modded-nanogpt-senpai/runs/szc1oyn0
[H148 body_init=orthogonal_fnorm_matched] sample F-norms: [{'name': 'blocks.0.attn.q.weight', 'shape': (768, 768), 'default_fnorm': 15.92922306060791, 'final_fnorm': 15.92922306060791}, {'name': 'blocks.0.mlp.fc.weight', 'shape': (3072, 768), 'default_fnorm': 47.62255096435547, 'final_fnorm': 47.622554779052734}, {'name': 'blocks.5.attn.q.weight', 'shape': (768, 768), 'default_fnorm': 15.905841827392578, 'final_fnorm': 15.905840873718262}, {'name': 'blocks.5.mlp.fc.weight', 'shape': (3072, 768), 'default_fnorm': 47.60399627685547, 'final_fnorm': 47.60399627685547}, {'name': 'blocks.11.attn.q.weight', 'shape': (768, 768), 'default_fnorm': 15.906530380249023, 'final_fnorm': 15.906530380249023}, {'name': 'blocks.11.mlp.fc.weight', 'shape': (3072, 768), 'default_fnorm': 47.634212493896484, 'final_fnorm': 47.634212493896484}]
[H162 INIT] PER-BLOCK MuonH path: built 12 param groups (exponent=1.0, calibration_step=25, recalibrate_interval=0)
step:0/3325 val_loss:10.82583 train_time:0.000s step_avg:nanms
[H148 body_init=orthogonal_fnorm_matched] hyperball radii: [{'name': 'blocks.0.attn.q.weight', 'radius': 15.92922306060791}, {'name': 'blocks.0.mlp.fc.weight', 'radius': 47.622554779052734}, {'name': 'blocks.5.attn.q.weight', 'radius': 15.905840873718262}, {'name': 'blocks.5.mlp.fc.weight', 'radius': 47.60399627685547}, {'name': 'blocks.11.attn.q.weight', 'radius': 15.906530380249023}, {'name': 'blocks.11.mlp.fc.weight', 'radius': 47.634212493896484}]
step:1/3325 train_time:9.551s step_avg:9551.27ms
step:2/3325 train_time:12.585s step_avg:6292.35ms
step:3/3325 train_time:14.829s step_avg:4943.04ms
[rank0]:W0526 15:34:51.611000 456454 torch/_dynamo/convert_frame.py:1743] [1/8] torch._dynamo hit config.recompile_limit (8)
[rank0]:W0526 15:34:51.611000 456454 torch/_dynamo/convert_frame.py:1743] [1/8]    function: 'muon_update' (/workspace/senpai/target/records/track_3_optimization/train_gpt_simple.py:588)
[rank0]:W0526 15:34:51.611000 456454 torch/_dynamo/convert_frame.py:1743] [1/8]    last reason: 1/7: momentum.size()[0] <= momentum.size()[1]  # if G.size(-2) > G.size(-1):  # orkspace/senpai/target/records/track_3_optimization/train_gpt_simple.py:572 in zeropower_via_newtonschulz5 (_dynamo/variables/tensor.py:1951 in evaluate_expr)
[rank0]:W0526 15:34:51.611000 456454 torch/_dynamo/convert_frame.py:1743] [1/8] To log all recompilation reasons, use TORCH_LOGS="recompiles".
[rank0]:W0526 15:34:51.611000 456454 torch/_dynamo/convert_frame.py:1743] [1/8] To diagnose recompilation issues, see https://docs.pytorch.org/docs/main/user_guide/torch_compiler/compile/programming_model.recompilation.html
step:4/3325 train_time:16.845s step_avg:4211.30ms
step:5/3325 train_time:18.637s step_avg:3727.49ms
step:6/3325 train_time:20.430s step_avg:3404.99ms
step:7/3325 train_time:22.222s step_avg:3174.62ms
step:8/3325 train_time:24.015s step_avg:3001.90ms
step:9/3325 train_time:25.808s step_avg:2867.59ms
step:10/3325 train_time:27.601s step_avg:2760.08ms
step:11/3325 train_time:29.394s step_avg:2672.22ms
step:12/3325 train_time:31.189s step_avg:2599.07ms
step:13/3325 train_time:32.984s step_avg:2537.21ms
step:14/3325 train_time:34.779s step_avg:2484.18ms
step:15/3325 train_time:36.574s step_avg:2438.24ms
step:16/3325 train_time:38.370s step_avg:2398.12ms
step:17/3325 train_time:40.165s step_avg:2362.67ms
step:18/3325 train_time:41.961s step_avg:2331.18ms
step:19/3325 train_time:43.758s step_avg:2303.06ms
step:20/3325 train_time:45.555s step_avg:2277.75ms
step:21/3325 train_time:47.350s step_avg:2254.78ms
step:22/3325 train_time:49.147s step_avg:2233.94ms
step:23/3325 train_time:50.944s step_avg:2214.95ms
step:24/3325 train_time:52.740s step_avg:2197.49ms
[H162 PER-BLOCK LR] step 25: rms_disparity=1.191 mult_range=[0.930, 1.108]
step:25/3325 train_time:54.815s step_avg:2192.61ms
step:26/3325 train_time:56.611s step_avg:2177.34ms
step:27/3325 train_time:58.408s step_avg:2163.25ms
step:28/3325 train_time:60.204s step_avg:2150.16ms
step:29/3325 train_time:62.002s step_avg:2138.01ms
step:30/3325 train_time:63.819s step_avg:2127.29ms
step:31/3325 train_time:65.618s step_avg:2116.70ms
step:32/3325 train_time:67.415s step_avg:2106.71ms
step:33/3325 train_time:69.213s step_avg:2097.36ms
step:34/3325 train_time:71.010s step_avg:2088.53ms
step:35/3325 train_time:72.808s step_avg:2080.22ms
step:36/3325 train_time:74.607s step_avg:2072.41ms
step:37/3325 train_time:76.404s step_avg:2064.98ms
step:38/3325 train_time:78.202s step_avg:2057.94ms
step:39/3325 train_time:80.001s step_avg:2051.31ms
step:40/3325 train_time:81.798s step_avg:2044.96ms
step:41/3325 train_time:83.597s step_avg:2038.94ms
step:42/3325 train_time:85.394s step_avg:2033.18ms
step:43/3325 train_time:87.190s step_avg:2027.68ms
step:44/3325 train_time:88.989s step_avg:2022.47ms
step:45/3325 train_time:90.785s step_avg:2017.45ms
step:46/3325 train_time:92.582s step_avg:2012.66ms
step:47/3325 train_time:94.380s step_avg:2008.08ms
step:48/3325 train_time:96.179s step_avg:2003.73ms
step:49/3325 train_time:97.977s step_avg:1999.52ms
[H178 RMS PROBE] step 50: rms_disparity=3.912 rms_avg=1.624e+01
step:50/3325 train_time:102.695s step_avg:2053.90ms
step:51/3325 train_time:104.491s step_avg:2048.85ms
step:52/3325 train_time:106.288s step_avg:2044.01ms
step:53/3325 train_time:108.087s step_avg:2039.39ms
step:54/3325 train_time:109.885s step_avg:2034.91ms
step:55/3325 train_time:111.683s step_avg:2030.59ms
step:56/3325 train_time:113.480s step_avg:2026.43ms
step:57/3325 train_time:115.278s step_avg:2022.41ms
step:58/3325 train_time:117.075s step_avg:2018.53ms
step:59/3325 train_time:118.872s step_avg:2014.78ms
step:60/3325 train_time:120.685s step_avg:2011.42ms
step:61/3325 train_time:122.482s step_avg:2007.90ms
step:62/3325 train_time:124.280s step_avg:2004.51ms
step:63/3325 train_time:126.077s step_avg:2001.23ms
step:64/3325 train_time:127.875s step_avg:1998.04ms
step:65/3325 train_time:129.673s step_avg:1994.97ms
step:66/3325 train_time:131.471s step_avg:1991.98ms
step:67/3325 train_time:133.268s step_avg:1989.07ms
step:68/3325 train_time:135.064s step_avg:1986.24ms
step:69/3325 train_time:136.861s step_avg:1983.49ms
step:70/3325 train_time:138.659s step_avg:1980.84ms
step:71/3325 train_time:140.455s step_avg:1978.24ms
step:72/3325 train_time:142.252s step_avg:1975.73ms
step:73/3325 train_time:144.049s step_avg:1973.28ms
step:74/3325 train_time:145.847s step_avg:1970.90ms
step:75/3325 train_time:147.919s step_avg:1972.25ms
step:76/3325 train_time:149.717s step_avg:1969.96ms
step:77/3325 train_time:151.516s step_avg:1967.75ms
step:78/3325 train_time:153.315s step_avg:1965.58ms
step:79/3325 train_time:155.113s step_avg:1963.45ms
step:80/3325 train_time:156.912s step_avg:1961.41ms
step:81/3325 train_time:158.711s step_avg:1959.40ms
step:82/3325 train_time:160.509s step_avg:1957.43ms
step:83/3325 train_time:162.306s step_avg:1955.50ms
step:84/3325 train_time:164.103s step_avg:1953.61ms
step:85/3325 train_time:165.901s step_avg:1951.77ms
step:86/3325 train_time:167.698s step_avg:1949.98ms
step:87/3325 train_time:169.497s step_avg:1948.24ms
step:88/3325 train_time:171.296s step_avg:1946.55ms
step:89/3325 train_time:173.094s step_avg:1944.87ms
step:90/3325 train_time:174.909s step_avg:1943.43ms
step:91/3325 train_time:176.706s step_avg:1941.83ms
step:92/3325 train_time:178.504s step_avg:1940.26ms
step:93/3325 train_time:180.302s step_avg:1938.73ms
step:94/3325 train_time:182.101s step_avg:1937.24ms
step:95/3325 train_time:183.899s step_avg:1935.77ms
step:96/3325 train_time:185.698s step_avg:1934.35ms
step:97/3325 train_time:187.496s step_avg:1932.94ms
step:98/3325 train_time:189.293s step_avg:1931.56ms
step:99/3325 train_time:191.091s step_avg:1930.21ms
[H178 RMS PROBE] step 100: rms_disparity=3.880 rms_avg=1.890e+01
step:100/3325 train_time:193.167s step_avg:1931.67ms
step:101/3325 train_time:194.964s step_avg:1930.34ms
step:102/3325 train_time:196.760s step_avg:1929.02ms
step:103/3325 train_time:198.558s step_avg:1927.74ms
step:104/3325 train_time:200.354s step_avg:1926.48ms
step:105/3325 train_time:202.150s step_avg:1925.24ms
step:106/3325 train_time:203.947s step_avg:1924.03ms
step:107/3325 train_time:205.743s step_avg:1922.83ms
step:108/3325 train_time:207.539s step_avg:1921.66ms
step:109/3325 train_time:209.337s step_avg:1920.52ms
step:110/3325 train_time:211.135s step_avg:1919.41ms
step:111/3325 train_time:212.933s step_avg:1918.32ms
step:112/3325 train_time:214.730s step_avg:1917.24ms
step:113/3325 train_time:216.528s step_avg:1916.18ms
step:114/3325 train_time:218.327s step_avg:1915.15ms
step:115/3325 train_time:220.124s step_avg:1914.12ms
step:116/3325 train_time:221.921s step_avg:1913.12ms
step:117/3325 train_time:223.720s step_avg:1912.14ms
step:118/3325 train_time:225.517s step_avg:1911.16ms
step:119/3325 train_time:227.315s step_avg:1910.21ms
step:120/3325 train_time:229.129s step_avg:1909.41ms
step:121/3325 train_time:230.928s step_avg:1908.49ms
step:122/3325 train_time:232.726s step_avg:1907.59ms
step:123/3325 train_time:234.524s step_avg:1906.70ms
step:124/3325 train_time:236.323s step_avg:1905.83ms
step:125/3325 train_time:238.466s step_avg:1907.73ms
step:125/3325 val_loss:4.92977 train_time:238.467s step_avg:1907.73ms
step:126/3325 train_time:240.267s step_avg:1906.88ms
step:127/3325 train_time:242.065s step_avg:1906.03ms
step:128/3325 train_time:243.863s step_avg:1905.18ms
step:129/3325 train_time:245.660s step_avg:1904.34ms
step:130/3325 train_time:247.459s step_avg:1903.53ms
step:131/3325 train_time:249.258s step_avg:1902.73ms
step:132/3325 train_time:251.056s step_avg:1901.94ms
step:133/3325 train_time:252.854s step_avg:1901.16ms
step:134/3325 train_time:254.653s step_avg:1900.39ms
step:135/3325 train_time:256.450s step_avg:1899.63ms
step:136/3325 train_time:258.248s step_avg:1898.88ms
step:137/3325 train_time:260.044s step_avg:1898.13ms
step:138/3325 train_time:261.841s step_avg:1897.40ms
step:139/3325 train_time:263.637s step_avg:1896.67ms
step:140/3325 train_time:265.437s step_avg:1895.98ms
step:141/3325 train_time:267.235s step_avg:1895.28ms
step:142/3325 train_time:269.032s step_avg:1894.59ms
step:143/3325 train_time:270.830s step_avg:1893.91ms
step:144/3325 train_time:272.627s step_avg:1893.25ms
step:145/3325 train_time:274.424s step_avg:1892.58ms
step:146/3325 train_time:276.222s step_avg:1891.93ms
step:147/3325 train_time:278.020s step_avg:1891.29ms
step:148/3325 train_time:279.819s step_avg:1890.67ms
step:149/3325 train_time:281.616s step_avg:1890.04ms
step:150/3325 train_time:283.703s step_avg:1891.35ms
step:151/3325 train_time:285.499s step_avg:1890.72ms
step:152/3325 train_time:287.296s step_avg:1890.11ms
step:153/3325 train_time:289.092s step_avg:1889.49ms
step:154/3325 train_time:290.889s step_avg:1888.89ms
step:155/3325 train_time:292.686s step_avg:1888.29ms
step:156/3325 train_time:294.483s step_avg:1887.71ms
step:157/3325 train_time:296.279s step_avg:1887.13ms
step:158/3325 train_time:298.076s step_avg:1886.56ms
step:159/3325 train_time:299.873s step_avg:1885.99ms
step:160/3325 train_time:301.669s step_avg:1885.43ms
step:161/3325 train_time:303.466s step_avg:1884.88ms
step:162/3325 train_time:305.262s step_avg:1884.34ms
step:163/3325 train_time:307.059s step_avg:1883.80ms
step:164/3325 train_time:308.856s step_avg:1883.27ms
step:165/3325 train_time:310.653s step_avg:1882.75ms
step:166/3325 train_time:312.450s step_avg:1882.23ms
step:167/3325 train_time:314.247s step_avg:1881.72ms
step:168/3325 train_time:316.043s step_avg:1881.21ms
step:169/3325 train_time:317.841s step_avg:1880.72ms
step:170/3325 train_time:319.637s step_avg:1880.22ms
step:171/3325 train_time:321.433s step_avg:1879.73ms
step:172/3325 train_time:323.230s step_avg:1879.24ms
step:173/3325 train_time:325.026s step_avg:1878.76ms
step:174/3325 train_time:326.822s step_avg:1878.29ms
step:175/3325 train_time:328.893s step_avg:1879.39ms
step:176/3325 train_time:330.689s step_avg:1878.92ms
step:177/3325 train_time:332.486s step_avg:1878.45ms
step:178/3325 train_time:334.282s step_avg:1877.99ms
step:179/3325 train_time:336.078s step_avg:1877.53ms
step:180/3325 train_time:337.892s step_avg:1877.18ms
step:181/3325 train_time:339.690s step_avg:1876.74ms
step:182/3325 train_time:341.487s step_avg:1876.30ms
step:183/3325 train_time:343.285s step_avg:1875.87ms
step:184/3325 train_time:345.083s step_avg:1875.45ms
step:185/3325 train_time:346.880s step_avg:1875.03ms
step:186/3325 train_time:348.676s step_avg:1874.60ms
step:187/3325 train_time:350.473s step_avg:1874.19ms
step:188/3325 train_time:352.270s step_avg:1873.77ms
step:189/3325 train_time:354.064s step_avg:1873.36ms
step:190/3325 train_time:355.860s step_avg:1872.95ms
step:191/3325 train_time:357.767s step_avg:1873.13ms
step:192/3325 train_time:359.562s step_avg:1872.72ms
step:193/3325 train_time:361.358s step_avg:1872.32ms
step:194/3325 train_time:363.154s step_avg:1871.93ms
step:195/3325 train_time:364.950s step_avg:1871.54ms
step:196/3325 train_time:366.746s step_avg:1871.15ms
step:197/3325 train_time:368.541s step_avg:1870.77ms
step:198/3325 train_time:370.337s step_avg:1870.39ms
step:199/3325 train_time:372.133s step_avg:1870.01ms
step:200/3325 train_time:374.202s step_avg:1871.01ms
step:201/3325 train_time:375.996s step_avg:1870.63ms
step:202/3325 train_time:377.792s step_avg:1870.26ms
step:203/3325 train_time:379.587s step_avg:1869.89ms
step:204/3325 train_time:381.383s step_avg:1869.52ms
step:205/3325 train_time:383.179s step_avg:1869.16ms
step:206/3325 train_time:384.974s step_avg:1868.81ms
step:207/3325 train_time:386.770s step_avg:1868.46ms
step:208/3325 train_time:388.566s step_avg:1868.10ms
step:209/3325 train_time:390.363s step_avg:1867.77ms
step:210/3325 train_time:392.177s step_avg:1867.51ms
step:211/3325 train_time:393.972s step_avg:1867.17ms
step:212/3325 train_time:395.767s step_avg:1866.83ms
step:213/3325 train_time:397.564s step_avg:1866.50ms
step:214/3325 train_time:399.361s step_avg:1866.17ms
step:215/3325 train_time:401.157s step_avg:1865.84ms
step:216/3325 train_time:402.951s step_avg:1865.51ms
step:217/3325 train_time:404.745s step_avg:1865.18ms
step:218/3325 train_time:406.539s step_avg:1864.86ms
step:219/3325 train_time:408.334s step_avg:1864.54ms
step:220/3325 train_time:410.130s step_avg:1864.23ms
step:221/3325 train_time:411.926s step_avg:1863.92ms
step:222/3325 train_time:413.721s step_avg:1863.61ms
step:223/3325 train_time:415.518s step_avg:1863.31ms
step:224/3325 train_time:417.314s step_avg:1863.01ms
step:225/3325 train_time:419.383s step_avg:1863.92ms
step:226/3325 train_time:421.177s step_avg:1863.62ms
step:227/3325 train_time:422.971s step_avg:1863.31ms
step:228/3325 train_time:424.765s step_avg:1863.00ms
step:229/3325 train_time:426.561s step_avg:1862.71ms
step:230/3325 train_time:428.355s step_avg:1862.41ms
step:231/3325 train_time:430.151s step_avg:1862.12ms
step:232/3325 train_time:431.945s step_avg:1861.83ms
step:233/3325 train_time:433.740s step_avg:1861.55ms
step:234/3325 train_time:435.535s step_avg:1861.26ms
step:235/3325 train_time:437.331s step_avg:1860.98ms
step:236/3325 train_time:439.126s step_avg:1860.71ms
step:237/3325 train_time:440.921s step_avg:1860.43ms
step:238/3325 train_time:442.716s step_avg:1860.15ms
step:239/3325 train_time:444.512s step_avg:1859.88ms
step:240/3325 train_time:446.325s step_avg:1859.69ms
step:241/3325 train_time:448.120s step_avg:1859.42ms
step:242/3325 train_time:449.915s step_avg:1859.15ms
step:243/3325 train_time:451.709s step_avg:1858.88ms
step:244/3325 train_time:453.503s step_avg:1858.62ms
step:245/3325 train_time:455.298s step_avg:1858.36ms
step:246/3325 train_time:457.093s step_avg:1858.10ms
step:247/3325 train_time:458.888s step_avg:1857.85ms
step:248/3325 train_time:460.683s step_avg:1857.59ms
step:249/3325 train_time:462.478s step_avg:1857.34ms
step:250/3325 train_time:467.067s step_avg:1868.27ms
step:250/3325 val_loss:4.20819 train_time:467.068s step_avg:1828.81ms
step:251/3325 train_time:468.862s step_avg:1867.98ms
step:252/3325 train_time:470.657s step_avg:1867.69ms
step:253/3325 train_time:472.451s step_avg:1867.40ms
step:254/3325 train_time:474.248s step_avg:1867.12ms
step:255/3325 train_time:476.042s step_avg:1866.83ms
step:256/3325 train_time:477.837s step_avg:1866.55ms
step:257/3325 train_time:479.633s step_avg:1866.28ms
step:258/3325 train_time:481.429s step_avg:1866.00ms
step:259/3325 train_time:483.224s step_avg:1865.73ms
step:260/3325 train_time:485.019s step_avg:1865.46ms
step:261/3325 train_time:486.815s step_avg:1865.19ms
step:262/3325 train_time:488.610s step_avg:1864.92ms
step:263/3325 train_time:490.406s step_avg:1864.66ms
step:264/3325 train_time:492.201s step_avg:1864.40ms
step:265/3325 train_time:493.996s step_avg:1864.13ms
step:266/3325 train_time:495.792s step_avg:1863.88ms
step:267/3325 train_time:497.588s step_avg:1863.62ms
step:268/3325 train_time:499.383s step_avg:1863.37ms
step:269/3325 train_time:501.177s step_avg:1863.11ms
step:270/3325 train_time:502.989s step_avg:1862.92ms
step:271/3325 train_time:504.785s step_avg:1862.67ms
step:272/3325 train_time:506.580s step_avg:1862.43ms
step:273/3325 train_time:508.375s step_avg:1862.18ms
step:274/3325 train_time:510.171s step_avg:1861.94ms
step:275/3325 train_time:512.241s step_avg:1862.70ms
step:276/3325 train_time:514.036s step_avg:1862.45ms
step:277/3325 train_time:515.830s step_avg:1862.20ms
step:278/3325 train_time:517.624s step_avg:1861.96ms
step:279/3325 train_time:519.419s step_avg:1861.72ms
step:280/3325 train_time:521.214s step_avg:1861.48ms
step:281/3325 train_time:523.009s step_avg:1861.24ms
step:282/3325 train_time:524.805s step_avg:1861.01ms
step:283/3325 train_time:526.600s step_avg:1860.78ms
step:284/3325 train_time:528.395s step_avg:1860.55ms
step:285/3325 train_time:530.191s step_avg:1860.32ms
step:286/3325 train_time:531.987s step_avg:1860.09ms
step:287/3325 train_time:533.783s step_avg:1859.87ms
step:288/3325 train_time:535.578s step_avg:1859.64ms
step:289/3325 train_time:537.373s step_avg:1859.42ms
step:290/3325 train_time:539.168s step_avg:1859.20ms
step:291/3325 train_time:540.962s step_avg:1858.97ms
step:292/3325 train_time:542.756s step_avg:1858.75ms
step:293/3325 train_time:544.549s step_avg:1858.53ms
step:294/3325 train_time:546.345s step_avg:1858.31ms
step:295/3325 train_time:548.139s step_avg:1858.10ms
step:296/3325 train_time:549.934s step_avg:1857.89ms
step:297/3325 train_time:551.729s step_avg:1857.67ms
step:298/3325 train_time:553.525s step_avg:1857.47ms
step:299/3325 train_time:555.320s step_avg:1857.26ms
step:300/3325 train_time:557.408s step_avg:1858.03ms
step:301/3325 train_time:559.202s step_avg:1857.81ms
step:302/3325 train_time:560.997s step_avg:1857.61ms
step:303/3325 train_time:562.791s step_avg:1857.39ms
step:304/3325 train_time:564.584s step_avg:1857.18ms
step:305/3325 train_time:566.379s step_avg:1856.98ms
step:306/3325 train_time:568.173s step_avg:1856.78ms
step:307/3325 train_time:569.968s step_avg:1856.57ms
step:308/3325 train_time:571.762s step_avg:1856.37ms
step:309/3325 train_time:573.556s step_avg:1856.17ms
step:310/3325 train_time:575.350s step_avg:1855.97ms
step:311/3325 train_time:577.144s step_avg:1855.77ms
step:312/3325 train_time:578.938s step_avg:1855.57ms
step:313/3325 train_time:580.732s step_avg:1855.37ms
step:314/3325 train_time:582.527s step_avg:1855.18ms
step:315/3325 train_time:584.322s step_avg:1854.99ms
step:316/3325 train_time:586.116s step_avg:1854.80ms
step:317/3325 train_time:587.910s step_avg:1854.61ms
step:318/3325 train_time:589.704s step_avg:1854.42ms
step:319/3325 train_time:591.499s step_avg:1854.23ms
step:320/3325 train_time:593.292s step_avg:1854.04ms
step:321/3325 train_time:595.086s step_avg:1853.85ms
step:322/3325 train_time:596.880s step_avg:1853.67ms
step:323/3325 train_time:598.674s step_avg:1853.48ms
step:324/3325 train_time:600.470s step_avg:1853.30ms
step:325/3325 train_time:602.539s step_avg:1853.97ms
step:326/3325 train_time:604.333s step_avg:1853.78ms
step:327/3325 train_time:606.129s step_avg:1853.61ms
step:328/3325 train_time:607.923s step_avg:1853.42ms
step:329/3325 train_time:609.717s step_avg:1853.24ms
step:330/3325 train_time:611.527s step_avg:1853.11ms
step:331/3325 train_time:613.323s step_avg:1852.94ms
step:332/3325 train_time:615.120s step_avg:1852.77ms
step:333/3325 train_time:616.914s step_avg:1852.60ms
step:334/3325 train_time:618.709s step_avg:1852.42ms
step:335/3325 train_time:620.504s step_avg:1852.25ms
step:336/3325 train_time:622.299s step_avg:1852.08ms
step:337/3325 train_time:624.093s step_avg:1851.91ms
step:338/3325 train_time:625.888s step_avg:1851.74ms
step:339/3325 train_time:627.682s step_avg:1851.57ms
step:340/3325 train_time:629.476s step_avg:1851.40ms
step:341/3325 train_time:631.270s step_avg:1851.23ms
step:342/3325 train_time:633.065s step_avg:1851.07ms
step:343/3325 train_time:634.858s step_avg:1850.90ms
step:344/3325 train_time:636.652s step_avg:1850.73ms
step:345/3325 train_time:638.447s step_avg:1850.57ms
step:346/3325 train_time:640.242s step_avg:1850.41ms
step:347/3325 train_time:642.036s step_avg:1850.25ms
step:348/3325 train_time:643.831s step_avg:1850.09ms
step:349/3325 train_time:645.625s step_avg:1849.93ms
step:350/3325 train_time:647.693s step_avg:1850.55ms
step:351/3325 train_time:649.487s step_avg:1850.39ms
step:352/3325 train_time:651.281s step_avg:1850.23ms
step:353/3325 train_time:653.075s step_avg:1850.07ms
step:354/3325 train_time:654.870s step_avg:1849.91ms
step:355/3325 train_time:656.663s step_avg:1849.76ms
step:356/3325 train_time:658.458s step_avg:1849.60ms
step:357/3325 train_time:660.251s step_avg:1849.44ms
step:358/3325 train_time:662.045s step_avg:1849.29ms
step:359/3325 train_time:663.838s step_avg:1849.13ms
step:360/3325 train_time:665.647s step_avg:1849.02ms
step:361/3325 train_time:667.442s step_avg:1848.87ms
step:362/3325 train_time:669.235s step_avg:1848.72ms
step:363/3325 train_time:671.028s step_avg:1848.56ms
step:364/3325 train_time:672.821s step_avg:1848.41ms
step:365/3325 train_time:674.615s step_avg:1848.26ms
step:366/3325 train_time:676.410s step_avg:1848.11ms
step:367/3325 train_time:678.203s step_avg:1847.97ms
step:368/3325 train_time:679.998s step_avg:1847.82ms
step:369/3325 train_time:681.792s step_avg:1847.68ms
step:370/3325 train_time:683.586s step_avg:1847.53ms
step:371/3325 train_time:685.381s step_avg:1847.39ms
step:372/3325 train_time:687.176s step_avg:1847.25ms
step:373/3325 train_time:688.969s step_avg:1847.10ms
step:374/3325 train_time:690.764s step_avg:1846.96ms
step:375/3325 train_time:692.899s step_avg:1847.73ms
step:375/3325 val_loss:3.98796 train_time:692.899s step_avg:1806.65ms
step:376/3325 train_time:694.693s step_avg:1847.59ms
step:377/3325 train_time:696.487s step_avg:1847.44ms
step:378/3325 train_time:698.281s step_avg:1847.30ms
step:379/3325 train_time:700.075s step_avg:1847.16ms
step:380/3325 train_time:701.868s step_avg:1847.02ms
step:381/3325 train_time:703.698s step_avg:1846.98ms
step:382/3325 train_time:705.492s step_avg:1846.84ms
step:383/3325 train_time:707.285s step_avg:1846.70ms
step:384/3325 train_time:709.079s step_avg:1846.56ms
step:385/3325 train_time:710.873s step_avg:1846.42ms
step:386/3325 train_time:712.667s step_avg:1846.29ms
step:387/3325 train_time:714.462s step_avg:1846.15ms
step:388/3325 train_time:716.256s step_avg:1846.02ms
step:389/3325 train_time:718.050s step_avg:1845.89ms
step:390/3325 train_time:719.861s step_avg:1845.80ms
step:391/3325 train_time:721.655s step_avg:1845.67ms
step:392/3325 train_time:723.449s step_avg:1845.53ms
step:393/3325 train_time:725.242s step_avg:1845.40ms
step:394/3325 train_time:727.035s step_avg:1845.27ms
step:395/3325 train_time:728.829s step_avg:1845.14ms
step:396/3325 train_time:730.623s step_avg:1845.01ms
step:397/3325 train_time:732.416s step_avg:1844.88ms
step:398/3325 train_time:734.210s step_avg:1844.75ms
step:399/3325 train_time:736.005s step_avg:1844.62ms
step:400/3325 train_time:738.074s step_avg:1845.19ms
step:401/3325 train_time:739.867s step_avg:1845.06ms
step:402/3325 train_time:741.660s step_avg:1844.93ms
step:403/3325 train_time:743.454s step_avg:1844.80ms
step:404/3325 train_time:745.247s step_avg:1844.67ms
step:405/3325 train_time:747.041s step_avg:1844.55ms
step:406/3325 train_time:748.835s step_avg:1844.42ms
step:407/3325 train_time:750.629s step_avg:1844.30ms
step:408/3325 train_time:752.424s step_avg:1844.18ms
step:409/3325 train_time:754.218s step_avg:1844.05ms
step:410/3325 train_time:756.012s step_avg:1843.93ms
step:411/3325 train_time:757.807s step_avg:1843.81ms
step:412/3325 train_time:759.600s step_avg:1843.69ms
step:413/3325 train_time:761.393s step_avg:1843.57ms
step:414/3325 train_time:763.188s step_avg:1843.45ms
step:415/3325 train_time:764.981s step_avg:1843.33ms
step:416/3325 train_time:766.774s step_avg:1843.21ms
step:417/3325 train_time:768.568s step_avg:1843.09ms
step:418/3325 train_time:770.361s step_avg:1842.97ms
step:419/3325 train_time:772.155s step_avg:1842.85ms
step:420/3325 train_time:773.965s step_avg:1842.77ms
step:421/3325 train_time:775.759s step_avg:1842.66ms
step:422/3325 train_time:777.553s step_avg:1842.54ms
step:423/3325 train_time:779.348s step_avg:1842.43ms
step:424/3325 train_time:781.142s step_avg:1842.32ms
step:425/3325 train_time:783.211s step_avg:1842.85ms
step:426/3325 train_time:785.004s step_avg:1842.73ms
step:427/3325 train_time:786.798s step_avg:1842.62ms
step:428/3325 train_time:788.592s step_avg:1842.50ms
step:429/3325 train_time:790.386s step_avg:1842.39ms
step:430/3325 train_time:792.180s step_avg:1842.28ms
step:431/3325 train_time:793.975s step_avg:1842.17ms
step:432/3325 train_time:795.770s step_avg:1842.06ms
step:433/3325 train_time:797.565s step_avg:1841.95ms
step:434/3325 train_time:799.360s step_avg:1841.84ms
step:435/3325 train_time:801.153s step_avg:1841.73ms
step:436/3325 train_time:802.946s step_avg:1841.62ms
step:437/3325 train_time:804.740s step_avg:1841.51ms
step:438/3325 train_time:806.533s step_avg:1841.40ms
step:439/3325 train_time:808.327s step_avg:1841.29ms
step:440/3325 train_time:810.120s step_avg:1841.18ms
step:441/3325 train_time:811.914s step_avg:1841.07ms
step:442/3325 train_time:813.709s step_avg:1840.97ms
step:443/3325 train_time:815.502s step_avg:1840.86ms
step:444/3325 train_time:817.297s step_avg:1840.76ms
step:445/3325 train_time:819.090s step_avg:1840.65ms
step:446/3325 train_time:820.883s step_avg:1840.55ms
step:447/3325 train_time:822.675s step_avg:1840.44ms
step:448/3325 train_time:824.468s step_avg:1840.33ms
step:449/3325 train_time:826.261s step_avg:1840.22ms
step:450/3325 train_time:828.346s step_avg:1840.77ms
step:451/3325 train_time:830.139s step_avg:1840.66ms
step:452/3325 train_time:831.932s step_avg:1840.56ms
step:453/3325 train_time:833.727s step_avg:1840.46ms
step:454/3325 train_time:835.521s step_avg:1840.35ms
step:455/3325 train_time:837.315s step_avg:1840.25ms
step:456/3325 train_time:839.108s step_avg:1840.15ms
step:457/3325 train_time:840.901s step_avg:1840.05ms
step:458/3325 train_time:842.695s step_avg:1839.95ms
step:459/3325 train_time:844.488s step_avg:1839.84ms
step:460/3325 train_time:846.282s step_avg:1839.74ms
step:461/3325 train_time:848.075s step_avg:1839.64ms
step:462/3325 train_time:849.868s step_avg:1839.54ms
step:463/3325 train_time:851.662s step_avg:1839.44ms
step:464/3325 train_time:853.457s step_avg:1839.35ms
step:465/3325 train_time:855.252s step_avg:1839.25ms
step:466/3325 train_time:857.046s step_avg:1839.16ms
step:467/3325 train_time:858.839s step_avg:1839.06ms
step:468/3325 train_time:860.632s step_avg:1838.96ms
step:469/3325 train_time:862.424s step_avg:1838.86ms
step:470/3325 train_time:864.217s step_avg:1838.76ms
step:471/3325 train_time:866.010s step_avg:1838.66ms
step:472/3325 train_time:867.804s step_avg:1838.57ms
step:473/3325 train_time:869.598s step_avg:1838.47ms
step:474/3325 train_time:871.392s step_avg:1838.38ms
step:475/3325 train_time:873.462s step_avg:1838.87ms
step:476/3325 train_time:875.255s step_avg:1838.77ms
step:477/3325 train_time:877.049s step_avg:1838.68ms
step:478/3325 train_time:878.843s step_avg:1838.58ms
step:479/3325 train_time:880.637s step_avg:1838.49ms
step:480/3325 train_time:882.447s step_avg:1838.43ms
step:481/3325 train_time:884.241s step_avg:1838.34ms
step:482/3325 train_time:886.036s step_avg:1838.25ms
step:483/3325 train_time:887.830s step_avg:1838.16ms
step:484/3325 train_time:889.624s step_avg:1838.07ms
step:485/3325 train_time:891.420s step_avg:1837.98ms
step:486/3325 train_time:893.216s step_avg:1837.89ms
step:487/3325 train_time:895.012s step_avg:1837.81ms
step:488/3325 train_time:896.807s step_avg:1837.72ms
step:489/3325 train_time:898.601s step_avg:1837.63ms
step:490/3325 train_time:900.394s step_avg:1837.54ms
step:491/3325 train_time:902.188s step_avg:1837.45ms
step:492/3325 train_time:903.982s step_avg:1837.36ms
step:493/3325 train_time:905.780s step_avg:1837.28ms
step:494/3325 train_time:907.575s step_avg:1837.20ms
step:495/3325 train_time:909.370s step_avg:1837.11ms
step:496/3325 train_time:911.164s step_avg:1837.03ms
step:497/3325 train_time:912.959s step_avg:1836.94ms
step:498/3325 train_time:914.754s step_avg:1836.86ms
step:499/3325 train_time:916.549s step_avg:1836.77ms
[H178 RMS PROBE] step 500: rms_disparity=1.936 rms_avg=1.373e+01
step:500/3325 train_time:921.152s step_avg:1842.30ms
step:500/3325 val_loss:3.88121 train_time:921.152s step_avg:1826.03ms
step:501/3325 train_time:922.946s step_avg:1842.21ms
step:502/3325 train_time:924.740s step_avg:1842.11ms
step:503/3325 train_time:926.534s step_avg:1842.02ms
step:504/3325 train_time:928.328s step_avg:1841.92ms
step:505/3325 train_time:930.121s step_avg:1841.82ms
step:506/3325 train_time:931.916s step_avg:1841.73ms
step:507/3325 train_time:933.709s step_avg:1841.64ms
step:508/3325 train_time:935.504s step_avg:1841.54ms
step:509/3325 train_time:937.298s step_avg:1841.45ms
step:510/3325 train_time:939.108s step_avg:1841.39ms
step:511/3325 train_time:940.902s step_avg:1841.30ms
step:512/3325 train_time:942.697s step_avg:1841.20ms
step:513/3325 train_time:944.491s step_avg:1841.11ms
step:514/3325 train_time:946.285s step_avg:1841.02ms
step:515/3325 train_time:948.077s step_avg:1840.93ms
step:516/3325 train_time:949.870s step_avg:1840.83ms
step:517/3325 train_time:951.664s step_avg:1840.74ms
step:518/3325 train_time:953.457s step_avg:1840.65ms
step:519/3325 train_time:955.250s step_avg:1840.56ms
step:520/3325 train_time:957.044s step_avg:1840.47ms
step:521/3325 train_time:958.837s step_avg:1840.38ms
step:522/3325 train_time:960.630s step_avg:1840.29ms
step:523/3325 train_time:962.423s step_avg:1840.20ms
step:524/3325 train_time:964.217s step_avg:1840.11ms
step:525/3325 train_time:966.284s step_avg:1840.54ms
step:526/3325 train_time:968.077s step_avg:1840.45ms
step:527/3325 train_time:969.869s step_avg:1840.36ms
step:528/3325 train_time:971.663s step_avg:1840.27ms
step:529/3325 train_time:973.455s step_avg:1840.18ms
step:530/3325 train_time:975.249s step_avg:1840.09ms
step:531/3325 train_time:977.041s step_avg:1840.00ms
step:532/3325 train_time:978.834s step_avg:1839.91ms
step:533/3325 train_time:980.626s step_avg:1839.82ms
step:534/3325 train_time:982.419s step_avg:1839.74ms
step:535/3325 train_time:984.211s step_avg:1839.65ms
step:536/3325 train_time:986.003s step_avg:1839.56ms
step:537/3325 train_time:987.799s step_avg:1839.48ms
step:538/3325 train_time:989.593s step_avg:1839.39ms
step:539/3325 train_time:991.385s step_avg:1839.30ms
step:540/3325 train_time:993.194s step_avg:1839.25ms
step:541/3325 train_time:994.986s step_avg:1839.16ms
step:542/3325 train_time:996.779s step_avg:1839.08ms
step:543/3325 train_time:998.571s step_avg:1838.99ms
step:544/3325 train_time:1000.364s step_avg:1838.90ms
step:545/3325 train_time:1002.157s step_avg:1838.82ms
step:546/3325 train_time:1003.950s step_avg:1838.74ms
step:547/3325 train_time:1005.743s step_avg:1838.65ms
step:548/3325 train_time:1007.537s step_avg:1838.57ms
step:549/3325 train_time:1009.329s step_avg:1838.49ms
step:550/3325 train_time:1011.399s step_avg:1838.91ms
step:551/3325 train_time:1013.192s step_avg:1838.82ms
step:552/3325 train_time:1014.985s step_avg:1838.74ms
step:553/3325 train_time:1016.778s step_avg:1838.66ms
step:554/3325 train_time:1018.571s step_avg:1838.57ms
step:555/3325 train_time:1020.364s step_avg:1838.49ms
step:556/3325 train_time:1022.157s step_avg:1838.41ms
step:557/3325 train_time:1023.951s step_avg:1838.33ms
step:558/3325 train_time:1025.745s step_avg:1838.25ms
step:559/3325 train_time:1027.540s step_avg:1838.17ms
step:560/3325 train_time:1029.334s step_avg:1838.10ms
step:561/3325 train_time:1031.127s step_avg:1838.02ms
step:562/3325 train_time:1032.920s step_avg:1837.94ms
step:563/3325 train_time:1034.716s step_avg:1837.86ms
step:564/3325 train_time:1036.510s step_avg:1837.78ms
step:565/3325 train_time:1038.305s step_avg:1837.71ms
step:566/3325 train_time:1040.098s step_avg:1837.63ms
step:567/3325 train_time:1041.892s step_avg:1837.55ms
step:568/3325 train_time:1043.687s step_avg:1837.48ms
step:569/3325 train_time:1045.480s step_avg:1837.40ms
step:570/3325 train_time:1047.290s step_avg:1837.35ms
step:571/3325 train_time:1049.120s step_avg:1837.34ms
step:572/3325 train_time:1050.914s step_avg:1837.26ms
step:573/3325 train_time:1052.709s step_avg:1837.19ms
step:574/3325 train_time:1054.503s step_avg:1837.11ms
step:575/3325 train_time:1056.574s step_avg:1837.52ms
step:576/3325 train_time:1058.368s step_avg:1837.45ms
step:577/3325 train_time:1060.163s step_avg:1837.37ms
step:578/3325 train_time:1061.957s step_avg:1837.30ms
step:579/3325 train_time:1063.751s step_avg:1837.22ms
step:580/3325 train_time:1065.548s step_avg:1837.15ms
step:581/3325 train_time:1067.343s step_avg:1837.08ms
step:582/3325 train_time:1069.136s step_avg:1837.00ms
step:583/3325 train_time:1070.930s step_avg:1836.93ms
step:584/3325 train_time:1072.726s step_avg:1836.86ms
step:585/3325 train_time:1074.523s step_avg:1836.79ms
step:586/3325 train_time:1076.318s step_avg:1836.72ms
step:587/3325 train_time:1078.112s step_avg:1836.65ms
step:588/3325 train_time:1079.907s step_avg:1836.58ms
step:589/3325 train_time:1081.701s step_avg:1836.51ms
step:590/3325 train_time:1083.497s step_avg:1836.44ms
step:591/3325 train_time:1085.291s step_avg:1836.36ms
step:592/3325 train_time:1087.084s step_avg:1836.29ms
step:593/3325 train_time:1088.878s step_avg:1836.22ms
step:594/3325 train_time:1090.673s step_avg:1836.15ms
step:595/3325 train_time:1092.468s step_avg:1836.08ms
step:596/3325 train_time:1094.264s step_avg:1836.01ms
step:597/3325 train_time:1096.060s step_avg:1835.95ms
step:598/3325 train_time:1097.854s step_avg:1835.88ms
step:599/3325 train_time:1099.648s step_avg:1835.81ms
step:600/3325 train_time:1101.732s step_avg:1836.22ms
step:601/3325 train_time:1103.528s step_avg:1836.15ms
step:602/3325 train_time:1105.321s step_avg:1836.08ms
step:603/3325 train_time:1107.114s step_avg:1836.01ms
step:604/3325 train_time:1108.907s step_avg:1835.94ms
step:605/3325 train_time:1110.700s step_avg:1835.87ms
step:606/3325 train_time:1112.495s step_avg:1835.80ms
step:607/3325 train_time:1114.289s step_avg:1835.73ms
step:608/3325 train_time:1116.083s step_avg:1835.66ms
step:609/3325 train_time:1117.875s step_avg:1835.59ms
step:610/3325 train_time:1119.671s step_avg:1835.53ms
step:611/3325 train_time:1121.468s step_avg:1835.46ms
step:612/3325 train_time:1123.263s step_avg:1835.40ms
step:613/3325 train_time:1125.058s step_avg:1835.33ms
step:614/3325 train_time:1126.852s step_avg:1835.26ms
step:615/3325 train_time:1128.647s step_avg:1835.20ms
step:616/3325 train_time:1130.443s step_avg:1835.13ms
step:617/3325 train_time:1132.236s step_avg:1835.07ms
step:618/3325 train_time:1134.029s step_avg:1835.00ms
step:619/3325 train_time:1135.823s step_avg:1834.93ms
step:620/3325 train_time:1137.617s step_avg:1834.87ms
step:621/3325 train_time:1139.411s step_avg:1834.80ms
step:622/3325 train_time:1141.206s step_avg:1834.74ms
step:623/3325 train_time:1143.001s step_avg:1834.67ms
step:624/3325 train_time:1144.795s step_avg:1834.61ms
step:625/3325 train_time:1146.927s step_avg:1835.08ms
step:625/3325 val_loss:3.80191 train_time:1146.928s step_avg:1806.20ms
step:626/3325 train_time:1148.723s step_avg:1835.02ms
step:627/3325 train_time:1150.518s step_avg:1834.96ms
step:628/3325 train_time:1152.311s step_avg:1834.89ms
step:629/3325 train_time:1154.104s step_avg:1834.82ms
step:630/3325 train_time:1155.913s step_avg:1834.78ms
step:631/3325 train_time:1157.705s step_avg:1834.72ms
step:632/3325 train_time:1159.498s step_avg:1834.65ms
step:633/3325 train_time:1161.292s step_avg:1834.58ms
step:634/3325 train_time:1163.086s step_avg:1834.52ms
step:635/3325 train_time:1164.879s step_avg:1834.45ms
step:636/3325 train_time:1166.672s step_avg:1834.39ms
step:637/3325 train_time:1168.464s step_avg:1834.32ms
step:638/3325 train_time:1170.258s step_avg:1834.26ms
step:639/3325 train_time:1172.052s step_avg:1834.20ms
step:640/3325 train_time:1173.844s step_avg:1834.13ms
step:641/3325 train_time:1175.637s step_avg:1834.07ms
step:642/3325 train_time:1177.430s step_avg:1834.00ms
step:643/3325 train_time:1179.223s step_avg:1833.94ms
step:644/3325 train_time:1181.017s step_avg:1833.88ms
step:645/3325 train_time:1182.810s step_avg:1833.81ms
step:646/3325 train_time:1184.603s step_avg:1833.75ms
step:647/3325 train_time:1186.396s step_avg:1833.69ms
step:648/3325 train_time:1188.190s step_avg:1833.63ms
step:649/3325 train_time:1189.985s step_avg:1833.57ms
step:650/3325 train_time:1192.053s step_avg:1833.93ms
step:651/3325 train_time:1193.846s step_avg:1833.86ms
step:652/3325 train_time:1195.638s step_avg:1833.80ms
step:653/3325 train_time:1197.431s step_avg:1833.74ms
step:654/3325 train_time:1199.224s step_avg:1833.68ms
step:655/3325 train_time:1201.018s step_avg:1833.61ms
step:656/3325 train_time:1202.811s step_avg:1833.55ms
step:657/3325 train_time:1204.608s step_avg:1833.50ms
step:658/3325 train_time:1206.401s step_avg:1833.44ms
step:659/3325 train_time:1208.196s step_avg:1833.38ms
step:660/3325 train_time:1210.006s step_avg:1833.34ms
step:661/3325 train_time:1211.803s step_avg:1833.29ms
step:662/3325 train_time:1213.595s step_avg:1833.23ms
step:663/3325 train_time:1215.388s step_avg:1833.16ms
step:664/3325 train_time:1217.181s step_avg:1833.10ms
step:665/3325 train_time:1218.973s step_avg:1833.04ms
step:666/3325 train_time:1220.767s step_avg:1832.98ms
step:667/3325 train_time:1222.560s step_avg:1832.92ms
step:668/3325 train_time:1224.353s step_avg:1832.86ms
step:669/3325 train_time:1226.146s step_avg:1832.80ms
step:670/3325 train_time:1227.939s step_avg:1832.75ms
step:671/3325 train_time:1229.734s step_avg:1832.69ms
step:672/3325 train_time:1231.528s step_avg:1832.63ms
step:673/3325 train_time:1233.321s step_avg:1832.57ms
step:674/3325 train_time:1235.114s step_avg:1832.51ms
step:675/3325 train_time:1237.184s step_avg:1832.86ms
step:676/3325 train_time:1238.978s step_avg:1832.81ms
step:677/3325 train_time:1240.772s step_avg:1832.75ms
step:678/3325 train_time:1242.566s step_avg:1832.69ms
step:679/3325 train_time:1244.359s step_avg:1832.63ms
step:680/3325 train_time:1246.153s step_avg:1832.58ms
step:681/3325 train_time:1247.948s step_avg:1832.52ms
step:682/3325 train_time:1249.740s step_avg:1832.46ms
step:683/3325 train_time:1251.534s step_avg:1832.41ms
step:684/3325 train_time:1253.328s step_avg:1832.35ms
step:685/3325 train_time:1255.120s step_avg:1832.29ms
step:686/3325 train_time:1256.914s step_avg:1832.24ms
step:687/3325 train_time:1258.707s step_avg:1832.18ms
step:688/3325 train_time:1260.501s step_avg:1832.12ms
step:689/3325 train_time:1262.295s step_avg:1832.07ms
step:690/3325 train_time:1264.104s step_avg:1832.03ms
step:691/3325 train_time:1265.897s step_avg:1831.98ms
step:692/3325 train_time:1267.690s step_avg:1831.92ms
step:693/3325 train_time:1269.483s step_avg:1831.87ms
step:694/3325 train_time:1271.275s step_avg:1831.81ms
step:695/3325 train_time:1273.067s step_avg:1831.75ms
step:696/3325 train_time:1274.860s step_avg:1831.70ms
step:697/3325 train_time:1276.654s step_avg:1831.64ms
step:698/3325 train_time:1278.447s step_avg:1831.59ms
step:699/3325 train_time:1280.241s step_avg:1831.53ms
step:700/3325 train_time:1282.309s step_avg:1831.87ms
step:701/3325 train_time:1284.103s step_avg:1831.82ms
step:702/3325 train_time:1285.896s step_avg:1831.76ms
step:703/3325 train_time:1287.688s step_avg:1831.70ms
step:704/3325 train_time:1289.480s step_avg:1831.65ms
step:705/3325 train_time:1291.274s step_avg:1831.59ms
step:706/3325 train_time:1293.067s step_avg:1831.54ms
step:707/3325 train_time:1294.860s step_avg:1831.49ms
step:708/3325 train_time:1296.654s step_avg:1831.43ms
step:709/3325 train_time:1298.448s step_avg:1831.38ms
step:710/3325 train_time:1300.242s step_avg:1831.33ms
step:711/3325 train_time:1302.039s step_avg:1831.28ms
step:712/3325 train_time:1303.833s step_avg:1831.23ms
step:713/3325 train_time:1305.626s step_avg:1831.17ms
step:714/3325 train_time:1307.419s step_avg:1831.12ms
step:715/3325 train_time:1309.212s step_avg:1831.07ms
step:716/3325 train_time:1311.007s step_avg:1831.01ms
step:717/3325 train_time:1312.801s step_avg:1830.96ms
step:718/3325 train_time:1314.594s step_avg:1830.91ms
step:719/3325 train_time:1316.387s step_avg:1830.86ms
step:720/3325 train_time:1318.197s step_avg:1830.83ms
step:721/3325 train_time:1319.991s step_avg:1830.78ms
step:722/3325 train_time:1321.785s step_avg:1830.73ms
step:723/3325 train_time:1323.578s step_avg:1830.68ms
step:724/3325 train_time:1325.372s step_avg:1830.62ms
step:725/3325 train_time:1327.440s step_avg:1830.95ms
step:726/3325 train_time:1329.232s step_avg:1830.90ms
step:727/3325 train_time:1331.025s step_avg:1830.85ms
step:728/3325 train_time:1332.818s step_avg:1830.79ms
step:729/3325 train_time:1334.612s step_avg:1830.74ms
step:730/3325 train_time:1336.405s step_avg:1830.69ms
step:731/3325 train_time:1338.199s step_avg:1830.64ms
step:732/3325 train_time:1339.993s step_avg:1830.59ms
step:733/3325 train_time:1341.787s step_avg:1830.54ms
step:734/3325 train_time:1343.580s step_avg:1830.49ms
step:735/3325 train_time:1345.371s step_avg:1830.44ms
step:736/3325 train_time:1347.164s step_avg:1830.39ms
step:737/3325 train_time:1348.957s step_avg:1830.33ms
step:738/3325 train_time:1350.750s step_avg:1830.28ms
step:739/3325 train_time:1352.544s step_avg:1830.23ms
step:740/3325 train_time:1354.337s step_avg:1830.19ms
step:741/3325 train_time:1356.131s step_avg:1830.14ms
step:742/3325 train_time:1357.925s step_avg:1830.09ms
step:743/3325 train_time:1359.720s step_avg:1830.04ms
step:744/3325 train_time:1361.515s step_avg:1829.99ms
step:745/3325 train_time:1363.308s step_avg:1829.94ms
step:746/3325 train_time:1365.101s step_avg:1829.89ms
step:747/3325 train_time:1366.894s step_avg:1829.84ms
step:748/3325 train_time:1368.687s step_avg:1829.80ms
step:749/3325 train_time:1370.481s step_avg:1829.75ms
step:750/3325 train_time:1372.630s step_avg:1830.17ms
step:750/3325 val_loss:3.78057 train_time:1372.631s step_avg:1805.62ms
step:751/3325 train_time:1374.425s step_avg:1830.13ms
step:752/3325 train_time:1376.218s step_avg:1830.08ms
step:753/3325 train_time:1378.013s step_avg:1830.03ms
step:754/3325 train_time:1379.807s step_avg:1829.98ms
step:755/3325 train_time:1381.599s step_avg:1829.93ms
step:756/3325 train_time:1383.393s step_avg:1829.88ms
step:757/3325 train_time:1385.188s step_avg:1829.84ms
step:758/3325 train_time:1386.982s step_avg:1829.79ms
step:759/3325 train_time:1388.776s step_avg:1829.74ms
step:760/3325 train_time:1390.570s step_avg:1829.70ms
step:761/3325 train_time:1392.398s step_avg:1829.69ms
step:762/3325 train_time:1394.191s step_avg:1829.65ms
step:763/3325 train_time:1395.985s step_avg:1829.60ms
step:764/3325 train_time:1397.778s step_avg:1829.55ms
step:765/3325 train_time:1399.572s step_avg:1829.51ms
step:766/3325 train_time:1401.365s step_avg:1829.46ms
step:767/3325 train_time:1403.158s step_avg:1829.41ms
step:768/3325 train_time:1404.951s step_avg:1829.36ms
step:769/3325 train_time:1406.745s step_avg:1829.32ms
step:770/3325 train_time:1408.538s step_avg:1829.27ms
step:771/3325 train_time:1410.331s step_avg:1829.22ms
step:772/3325 train_time:1412.125s step_avg:1829.18ms
step:773/3325 train_time:1413.918s step_avg:1829.13ms
step:774/3325 train_time:1415.710s step_avg:1829.08ms
step:775/3325 train_time:1417.778s step_avg:1829.39ms
step:776/3325 train_time:1419.573s step_avg:1829.35ms
step:777/3325 train_time:1421.366s step_avg:1829.30ms
step:778/3325 train_time:1423.160s step_avg:1829.25ms
step:779/3325 train_time:1424.953s step_avg:1829.21ms
step:780/3325 train_time:1426.762s step_avg:1829.18ms
step:781/3325 train_time:1428.556s step_avg:1829.14ms
step:782/3325 train_time:1430.350s step_avg:1829.09ms
step:783/3325 train_time:1432.143s step_avg:1829.05ms
step:784/3325 train_time:1433.937s step_avg:1829.00ms
step:785/3325 train_time:1435.730s step_avg:1828.96ms
step:786/3325 train_time:1437.523s step_avg:1828.91ms
step:787/3325 train_time:1439.317s step_avg:1828.87ms
step:788/3325 train_time:1441.112s step_avg:1828.82ms
step:789/3325 train_time:1442.906s step_avg:1828.78ms
step:790/3325 train_time:1444.701s step_avg:1828.74ms
step:791/3325 train_time:1446.496s step_avg:1828.69ms
step:792/3325 train_time:1448.292s step_avg:1828.65ms
step:793/3325 train_time:1450.087s step_avg:1828.61ms
step:794/3325 train_time:1451.883s step_avg:1828.57ms
step:795/3325 train_time:1453.679s step_avg:1828.53ms
step:796/3325 train_time:1455.475s step_avg:1828.49ms
step:797/3325 train_time:1457.270s step_avg:1828.44ms
step:798/3325 train_time:1459.066s step_avg:1828.40ms
step:799/3325 train_time:1460.860s step_avg:1828.36ms
step:800/3325 train_time:1462.930s step_avg:1828.66ms
step:801/3325 train_time:1464.726s step_avg:1828.62ms
step:802/3325 train_time:1466.522s step_avg:1828.58ms
step:803/3325 train_time:1468.318s step_avg:1828.54ms
step:804/3325 train_time:1470.116s step_avg:1828.50ms
step:805/3325 train_time:1471.912s step_avg:1828.46ms
step:806/3325 train_time:1473.707s step_avg:1828.42ms
step:807/3325 train_time:1475.504s step_avg:1828.38ms
step:808/3325 train_time:1477.300s step_avg:1828.34ms
step:809/3325 train_time:1479.102s step_avg:1828.31ms
step:810/3325 train_time:1480.915s step_avg:1828.29ms
step:811/3325 train_time:1482.710s step_avg:1828.25ms
step:812/3325 train_time:1484.506s step_avg:1828.21ms
step:813/3325 train_time:1486.301s step_avg:1828.17ms
step:814/3325 train_time:1488.096s step_avg:1828.13ms
step:815/3325 train_time:1489.890s step_avg:1828.09ms
step:816/3325 train_time:1491.685s step_avg:1828.05ms
step:817/3325 train_time:1493.479s step_avg:1828.00ms
step:818/3325 train_time:1495.273s step_avg:1827.96ms
step:819/3325 train_time:1497.068s step_avg:1827.92ms
step:820/3325 train_time:1498.862s step_avg:1827.88ms
step:821/3325 train_time:1500.658s step_avg:1827.84ms
step:822/3325 train_time:1502.453s step_avg:1827.80ms
step:823/3325 train_time:1504.248s step_avg:1827.76ms
step:824/3325 train_time:1506.043s step_avg:1827.72ms
step:825/3325 train_time:1508.114s step_avg:1828.02ms
step:826/3325 train_time:1509.908s step_avg:1827.98ms
step:827/3325 train_time:1511.702s step_avg:1827.93ms
step:828/3325 train_time:1513.497s step_avg:1827.89ms
step:829/3325 train_time:1515.291s step_avg:1827.85ms
step:830/3325 train_time:1517.086s step_avg:1827.81ms
step:831/3325 train_time:1518.881s step_avg:1827.78ms
step:832/3325 train_time:1520.676s step_avg:1827.74ms
step:833/3325 train_time:1522.472s step_avg:1827.70ms
step:834/3325 train_time:1524.266s step_avg:1827.66ms
step:835/3325 train_time:1526.064s step_avg:1827.62ms
step:836/3325 train_time:1527.860s step_avg:1827.58ms
step:837/3325 train_time:1529.654s step_avg:1827.54ms
step:838/3325 train_time:1531.449s step_avg:1827.50ms
step:839/3325 train_time:1533.244s step_avg:1827.47ms
step:840/3325 train_time:1535.055s step_avg:1827.45ms
step:841/3325 train_time:1536.851s step_avg:1827.41ms
step:842/3325 train_time:1538.648s step_avg:1827.37ms
step:843/3325 train_time:1540.443s step_avg:1827.33ms
step:844/3325 train_time:1542.240s step_avg:1827.30ms
step:845/3325 train_time:1544.034s step_avg:1827.26ms
step:846/3325 train_time:1545.831s step_avg:1827.22ms
step:847/3325 train_time:1547.627s step_avg:1827.19ms
step:848/3325 train_time:1549.424s step_avg:1827.15ms
step:849/3325 train_time:1551.220s step_avg:1827.11ms
step:850/3325 train_time:1553.298s step_avg:1827.41ms
step:851/3325 train_time:1555.090s step_avg:1827.37ms
step:852/3325 train_time:1556.884s step_avg:1827.33ms
step:853/3325 train_time:1558.678s step_avg:1827.29ms
step:854/3325 train_time:1560.471s step_avg:1827.25ms
step:855/3325 train_time:1562.265s step_avg:1827.21ms
step:856/3325 train_time:1564.060s step_avg:1827.17ms
step:857/3325 train_time:1565.854s step_avg:1827.13ms
step:858/3325 train_time:1567.647s step_avg:1827.09ms
step:859/3325 train_time:1569.441s step_avg:1827.06ms
step:860/3325 train_time:1571.235s step_avg:1827.02ms
step:861/3325 train_time:1573.030s step_avg:1826.98ms
step:862/3325 train_time:1574.824s step_avg:1826.94ms
step:863/3325 train_time:1576.618s step_avg:1826.90ms
step:864/3325 train_time:1578.412s step_avg:1826.87ms
step:865/3325 train_time:1580.205s step_avg:1826.83ms
step:866/3325 train_time:1581.999s step_avg:1826.79ms
step:867/3325 train_time:1583.792s step_avg:1826.75ms
step:868/3325 train_time:1585.586s step_avg:1826.71ms
step:869/3325 train_time:1587.380s step_avg:1826.67ms
step:870/3325 train_time:1589.191s step_avg:1826.66ms
step:871/3325 train_time:1590.985s step_avg:1826.62ms
step:872/3325 train_time:1592.779s step_avg:1826.58ms
step:873/3325 train_time:1594.573s step_avg:1826.54ms
step:874/3325 train_time:1596.367s step_avg:1826.51ms
step:875/3325 train_time:1598.501s step_avg:1826.86ms
step:875/3325 val_loss:3.72312 train_time:1598.502s step_avg:1806.97ms
step:876/3325 train_time:1600.297s step_avg:1826.82ms
step:877/3325 train_time:1602.092s step_avg:1826.79ms
step:878/3325 train_time:1603.886s step_avg:1826.75ms
step:879/3325 train_time:1605.679s step_avg:1826.71ms
step:880/3325 train_time:1607.474s step_avg:1826.67ms
step:881/3325 train_time:1609.268s step_avg:1826.64ms
step:882/3325 train_time:1611.062s step_avg:1826.60ms
step:883/3325 train_time:1612.856s step_avg:1826.56ms
step:884/3325 train_time:1614.650s step_avg:1826.53ms
step:885/3325 train_time:1616.444s step_avg:1826.49ms
step:886/3325 train_time:1618.238s step_avg:1826.45ms
step:887/3325 train_time:1620.033s step_avg:1826.42ms
step:888/3325 train_time:1621.827s step_avg:1826.38ms
step:889/3325 train_time:1623.622s step_avg:1826.35ms
step:890/3325 train_time:1625.416s step_avg:1826.31ms
step:891/3325 train_time:1627.210s step_avg:1826.27ms
step:892/3325 train_time:1629.004s step_avg:1826.24ms
step:893/3325 train_time:1630.798s step_avg:1826.20ms
step:894/3325 train_time:1632.592s step_avg:1826.17ms
step:895/3325 train_time:1634.386s step_avg:1826.13ms
step:896/3325 train_time:1636.180s step_avg:1826.09ms
step:897/3325 train_time:1637.974s step_avg:1826.06ms
step:898/3325 train_time:1639.768s step_avg:1826.02ms
step:899/3325 train_time:1641.561s step_avg:1825.99ms
step:900/3325 train_time:1643.645s step_avg:1826.27ms
step:901/3325 train_time:1645.439s step_avg:1826.24ms
step:902/3325 train_time:1647.232s step_avg:1826.20ms
step:903/3325 train_time:1649.026s step_avg:1826.16ms
step:904/3325 train_time:1650.821s step_avg:1826.13ms
step:905/3325 train_time:1652.615s step_avg:1826.09ms
step:906/3325 train_time:1654.409s step_avg:1826.06ms
step:907/3325 train_time:1656.205s step_avg:1826.03ms
step:908/3325 train_time:1658.002s step_avg:1825.99ms
step:909/3325 train_time:1659.797s step_avg:1825.96ms
step:910/3325 train_time:1661.594s step_avg:1825.93ms
step:911/3325 train_time:1663.390s step_avg:1825.89ms
step:912/3325 train_time:1665.185s step_avg:1825.86ms
step:913/3325 train_time:1666.982s step_avg:1825.83ms
step:914/3325 train_time:1668.777s step_avg:1825.80ms
step:915/3325 train_time:1670.571s step_avg:1825.76ms
step:916/3325 train_time:1672.366s step_avg:1825.73ms
step:917/3325 train_time:1674.161s step_avg:1825.69ms
step:918/3325 train_time:1675.956s step_avg:1825.66ms
step:919/3325 train_time:1677.751s step_avg:1825.63ms
step:920/3325 train_time:1679.546s step_avg:1825.59ms
step:921/3325 train_time:1681.341s step_avg:1825.56ms
step:922/3325 train_time:1683.136s step_avg:1825.53ms
step:923/3325 train_time:1684.931s step_avg:1825.49ms
step:924/3325 train_time:1686.726s step_avg:1825.46ms
step:925/3325 train_time:1688.800s step_avg:1825.73ms
step:926/3325 train_time:1690.594s step_avg:1825.70ms
step:927/3325 train_time:1692.387s step_avg:1825.66ms
step:928/3325 train_time:1694.181s step_avg:1825.63ms
step:929/3325 train_time:1695.977s step_avg:1825.59ms
step:930/3325 train_time:1697.790s step_avg:1825.58ms
step:931/3325 train_time:1699.586s step_avg:1825.55ms
step:932/3325 train_time:1701.382s step_avg:1825.52ms
step:933/3325 train_time:1703.177s step_avg:1825.48ms
step:934/3325 train_time:1704.973s step_avg:1825.45ms
step:935/3325 train_time:1706.767s step_avg:1825.42ms
step:936/3325 train_time:1708.563s step_avg:1825.39ms
step:937/3325 train_time:1710.359s step_avg:1825.36ms
step:938/3325 train_time:1712.154s step_avg:1825.32ms
step:939/3325 train_time:1713.950s step_avg:1825.29ms
step:940/3325 train_time:1715.745s step_avg:1825.26ms
step:941/3325 train_time:1717.540s step_avg:1825.23ms
step:942/3325 train_time:1719.336s step_avg:1825.20ms
step:943/3325 train_time:1721.132s step_avg:1825.17ms
step:944/3325 train_time:1722.927s step_avg:1825.13ms
step:945/3325 train_time:1724.721s step_avg:1825.10ms
step:946/3325 train_time:1726.515s step_avg:1825.07ms
step:947/3325 train_time:1728.311s step_avg:1825.04ms
step:948/3325 train_time:1730.108s step_avg:1825.01ms
step:949/3325 train_time:1731.902s step_avg:1824.98ms
step:950/3325 train_time:1733.978s step_avg:1825.24ms
step:951/3325 train_time:1735.810s step_avg:1825.25ms
step:952/3325 train_time:1737.608s step_avg:1825.22ms
step:953/3325 train_time:1739.403s step_avg:1825.19ms
step:954/3325 train_time:1741.199s step_avg:1825.16ms
step:955/3325 train_time:1742.995s step_avg:1825.13ms
step:956/3325 train_time:1744.791s step_avg:1825.10ms
step:957/3325 train_time:1746.585s step_avg:1825.06ms
step:958/3325 train_time:1748.380s step_avg:1825.03ms
step:959/3325 train_time:1750.175s step_avg:1825.00ms
step:960/3325 train_time:1751.987s step_avg:1824.99ms
step:961/3325 train_time:1753.782s step_avg:1824.95ms
step:962/3325 train_time:1755.576s step_avg:1824.92ms
step:963/3325 train_time:1757.374s step_avg:1824.90ms
step:964/3325 train_time:1759.168s step_avg:1824.86ms
step:965/3325 train_time:1760.963s step_avg:1824.83ms
step:966/3325 train_time:1762.758s step_avg:1824.80ms
step:967/3325 train_time:1764.554s step_avg:1824.77ms
step:968/3325 train_time:1766.349s step_avg:1824.74ms
step:969/3325 train_time:1768.145s step_avg:1824.71ms
step:970/3325 train_time:1769.941s step_avg:1824.68ms
step:971/3325 train_time:1771.736s step_avg:1824.65ms
step:972/3325 train_time:1773.536s step_avg:1824.63ms
step:973/3325 train_time:1775.335s step_avg:1824.60ms
step:974/3325 train_time:1777.132s step_avg:1824.57ms
step:975/3325 train_time:1779.213s step_avg:1824.83ms
step:976/3325 train_time:1781.011s step_avg:1824.81ms
step:977/3325 train_time:1782.809s step_avg:1824.78ms
step:978/3325 train_time:1784.608s step_avg:1824.75ms
step:979/3325 train_time:1786.404s step_avg:1824.72ms
step:980/3325 train_time:1788.201s step_avg:1824.69ms
step:981/3325 train_time:1790.000s step_avg:1824.67ms
step:982/3325 train_time:1791.796s step_avg:1824.64ms
step:983/3325 train_time:1793.591s step_avg:1824.61ms
step:984/3325 train_time:1795.388s step_avg:1824.58ms
step:985/3325 train_time:1797.185s step_avg:1824.55ms
step:986/3325 train_time:1798.980s step_avg:1824.52ms
step:987/3325 train_time:1800.776s step_avg:1824.49ms
step:988/3325 train_time:1802.575s step_avg:1824.47ms
step:989/3325 train_time:1804.372s step_avg:1824.44ms
step:990/3325 train_time:1806.184s step_avg:1824.43ms
step:991/3325 train_time:1807.980s step_avg:1824.40ms
step:992/3325 train_time:1809.779s step_avg:1824.37ms
step:993/3325 train_time:1811.576s step_avg:1824.35ms
step:994/3325 train_time:1813.373s step_avg:1824.32ms
step:995/3325 train_time:1815.167s step_avg:1824.29ms
step:996/3325 train_time:1816.962s step_avg:1824.26ms
step:997/3325 train_time:1818.758s step_avg:1824.23ms
step:998/3325 train_time:1820.552s step_avg:1824.20ms
step:999/3325 train_time:1822.348s step_avg:1824.17ms
[H178 RMS PROBE] step 1000: rms_disparity=1.567 rms_avg=9.543e+00
step:1000/3325 train_time:1826.974s step_avg:1826.97ms
step:1000/3325 val_loss:3.67781 train_time:1826.974s step_avg:1827.78ms
step:1001/3325 train_time:1828.772s step_avg:1826.94ms
step:1002/3325 train_time:1830.567s step_avg:1826.91ms
step:1003/3325 train_time:1832.363s step_avg:1826.88ms
step:1004/3325 train_time:1834.159s step_avg:1826.85ms
step:1005/3325 train_time:1835.957s step_avg:1826.82ms
step:1006/3325 train_time:1837.752s step_avg:1826.79ms
step:1007/3325 train_time:1839.546s step_avg:1826.76ms
step:1008/3325 train_time:1841.341s step_avg:1826.73ms
step:1009/3325 train_time:1843.135s step_avg:1826.69ms
step:1010/3325 train_time:1844.928s step_avg:1826.66ms
step:1011/3325 train_time:1846.722s step_avg:1826.63ms
step:1012/3325 train_time:1848.517s step_avg:1826.60ms
step:1013/3325 train_time:1850.311s step_avg:1826.57ms
step:1014/3325 train_time:1852.106s step_avg:1826.53ms
step:1015/3325 train_time:1853.902s step_avg:1826.50ms
step:1016/3325 train_time:1855.698s step_avg:1826.47ms
step:1017/3325 train_time:1857.494s step_avg:1826.44ms
step:1018/3325 train_time:1859.289s step_avg:1826.41ms
step:1019/3325 train_time:1861.086s step_avg:1826.38ms
step:1020/3325 train_time:1862.898s step_avg:1826.37ms
step:1021/3325 train_time:1864.693s step_avg:1826.34ms
step:1022/3325 train_time:1866.491s step_avg:1826.31ms
step:1023/3325 train_time:1868.285s step_avg:1826.28ms
step:1024/3325 train_time:1870.082s step_avg:1826.25ms
step:1025/3325 train_time:1872.155s step_avg:1826.49ms
step:1026/3325 train_time:1873.948s step_avg:1826.46ms
step:1027/3325 train_time:1875.743s step_avg:1826.43ms
step:1028/3325 train_time:1877.538s step_avg:1826.40ms
step:1029/3325 train_time:1879.334s step_avg:1826.37ms
step:1030/3325 train_time:1881.129s step_avg:1826.34ms
step:1031/3325 train_time:1882.925s step_avg:1826.31ms
step:1032/3325 train_time:1884.721s step_avg:1826.28ms
step:1033/3325 train_time:1886.516s step_avg:1826.25ms
step:1034/3325 train_time:1888.310s step_avg:1826.22ms
step:1035/3325 train_time:1890.105s step_avg:1826.19ms
step:1036/3325 train_time:1891.900s step_avg:1826.16ms
step:1037/3325 train_time:1893.696s step_avg:1826.13ms
step:1038/3325 train_time:1895.491s step_avg:1826.10ms
step:1039/3325 train_time:1897.285s step_avg:1826.07ms
step:1040/3325 train_time:1899.080s step_avg:1826.04ms
step:1041/3325 train_time:1900.875s step_avg:1826.01ms
step:1042/3325 train_time:1902.670s step_avg:1825.98ms
step:1043/3325 train_time:1904.467s step_avg:1825.95ms
step:1044/3325 train_time:1906.263s step_avg:1825.92ms
step:1045/3325 train_time:1908.058s step_avg:1825.89ms
step:1046/3325 train_time:1909.854s step_avg:1825.86ms
step:1047/3325 train_time:1911.648s step_avg:1825.83ms
step:1048/3325 train_time:1913.443s step_avg:1825.80ms
step:1049/3325 train_time:1915.238s step_avg:1825.78ms
step:1050/3325 train_time:1917.331s step_avg:1826.03ms
step:1051/3325 train_time:1919.127s step_avg:1826.00ms
step:1052/3325 train_time:1920.923s step_avg:1825.97ms
step:1053/3325 train_time:1922.720s step_avg:1825.95ms
step:1054/3325 train_time:1924.515s step_avg:1825.92ms
step:1055/3325 train_time:1926.311s step_avg:1825.89ms
step:1056/3325 train_time:1928.106s step_avg:1825.86ms
step:1057/3325 train_time:1929.901s step_avg:1825.83ms
step:1058/3325 train_time:1931.696s step_avg:1825.80ms
step:1059/3325 train_time:1933.490s step_avg:1825.77ms
step:1060/3325 train_time:1935.286s step_avg:1825.74ms
step:1061/3325 train_time:1937.082s step_avg:1825.71ms
step:1062/3325 train_time:1938.877s step_avg:1825.68ms
step:1063/3325 train_time:1940.674s step_avg:1825.66ms
step:1064/3325 train_time:1942.469s step_avg:1825.63ms
step:1065/3325 train_time:1944.264s step_avg:1825.60ms
step:1066/3325 train_time:1946.061s step_avg:1825.57ms
step:1067/3325 train_time:1947.857s step_avg:1825.55ms
step:1068/3325 train_time:1949.654s step_avg:1825.52ms
step:1069/3325 train_time:1951.451s step_avg:1825.49ms
step:1070/3325 train_time:1953.248s step_avg:1825.47ms
step:1071/3325 train_time:1955.045s step_avg:1825.44ms
step:1072/3325 train_time:1956.841s step_avg:1825.41ms
step:1073/3325 train_time:1958.639s step_avg:1825.39ms
step:1074/3325 train_time:1960.437s step_avg:1825.36ms
step:1075/3325 train_time:1962.513s step_avg:1825.59ms
step:1076/3325 train_time:1964.310s step_avg:1825.57ms
step:1077/3325 train_time:1966.107s step_avg:1825.54ms
step:1078/3325 train_time:1967.905s step_avg:1825.51ms
step:1079/3325 train_time:1969.701s step_avg:1825.49ms
step:1080/3325 train_time:1971.515s step_avg:1825.48ms
step:1081/3325 train_time:1973.311s step_avg:1825.45ms
step:1082/3325 train_time:1975.106s step_avg:1825.42ms
step:1083/3325 train_time:1976.902s step_avg:1825.39ms
step:1084/3325 train_time:1978.701s step_avg:1825.37ms
step:1085/3325 train_time:1980.499s step_avg:1825.34ms
step:1086/3325 train_time:1982.295s step_avg:1825.32ms
step:1087/3325 train_time:1984.091s step_avg:1825.29ms
step:1088/3325 train_time:1985.888s step_avg:1825.27ms
step:1089/3325 train_time:1987.687s step_avg:1825.24ms
step:1090/3325 train_time:1989.486s step_avg:1825.22ms
step:1091/3325 train_time:1991.286s step_avg:1825.19ms
step:1092/3325 train_time:1993.084s step_avg:1825.17ms
step:1093/3325 train_time:1994.883s step_avg:1825.14ms
step:1094/3325 train_time:1996.683s step_avg:1825.12ms
step:1095/3325 train_time:1998.483s step_avg:1825.10ms
step:1096/3325 train_time:2000.282s step_avg:1825.07ms
step:1097/3325 train_time:2002.082s step_avg:1825.05ms
step:1098/3325 train_time:2003.881s step_avg:1825.03ms
step:1099/3325 train_time:2005.680s step_avg:1825.00ms
step:1100/3325 train_time:2007.763s step_avg:1825.24ms
step:1101/3325 train_time:2009.561s step_avg:1825.21ms
step:1102/3325 train_time:2011.359s step_avg:1825.19ms
step:1103/3325 train_time:2013.158s step_avg:1825.17ms
step:1104/3325 train_time:2014.952s step_avg:1825.14ms
step:1105/3325 train_time:2016.751s step_avg:1825.11ms
step:1106/3325 train_time:2018.549s step_avg:1825.09ms
step:1107/3325 train_time:2020.348s step_avg:1825.07ms
step:1108/3325 train_time:2022.146s step_avg:1825.04ms
step:1109/3325 train_time:2023.945s step_avg:1825.02ms
step:1110/3325 train_time:2025.763s step_avg:1825.01ms
step:1111/3325 train_time:2027.562s step_avg:1824.99ms
step:1112/3325 train_time:2029.361s step_avg:1824.96ms
step:1113/3325 train_time:2031.160s step_avg:1824.94ms
step:1114/3325 train_time:2032.958s step_avg:1824.92ms
step:1115/3325 train_time:2034.756s step_avg:1824.89ms
step:1116/3325 train_time:2036.557s step_avg:1824.87ms
step:1117/3325 train_time:2038.356s step_avg:1824.85ms
step:1118/3325 train_time:2040.155s step_avg:1824.83ms
step:1119/3325 train_time:2041.954s step_avg:1824.80ms
step:1120/3325 train_time:2043.753s step_avg:1824.78ms
step:1121/3325 train_time:2045.548s step_avg:1824.75ms
step:1122/3325 train_time:2047.344s step_avg:1824.73ms
step:1123/3325 train_time:2049.141s step_avg:1824.70ms
step:1124/3325 train_time:2050.939s step_avg:1824.68ms
step:1125/3325 train_time:2053.089s step_avg:1824.97ms
step:1125/3325 val_loss:3.64094 train_time:2053.089s step_avg:1808.92ms
step:1126/3325 train_time:2054.889s step_avg:1824.95ms
step:1127/3325 train_time:2056.688s step_avg:1824.92ms
step:1128/3325 train_time:2058.488s step_avg:1824.90ms
step:1129/3325 train_time:2060.284s step_avg:1824.88ms
step:1130/3325 train_time:2062.080s step_avg:1824.85ms
step:1131/3325 train_time:2063.876s step_avg:1824.82ms
step:1132/3325 train_time:2065.670s step_avg:1824.80ms
step:1133/3325 train_time:2067.464s step_avg:1824.77ms
step:1134/3325 train_time:2069.260s step_avg:1824.74ms
step:1135/3325 train_time:2071.056s step_avg:1824.72ms
step:1136/3325 train_time:2072.851s step_avg:1824.69ms
step:1137/3325 train_time:2074.649s step_avg:1824.67ms
step:1138/3325 train_time:2076.446s step_avg:1824.64ms
step:1139/3325 train_time:2078.242s step_avg:1824.62ms
step:1140/3325 train_time:2080.053s step_avg:1824.61ms
step:1141/3325 train_time:2081.885s step_avg:1824.61ms
step:1142/3325 train_time:2083.679s step_avg:1824.59ms
step:1143/3325 train_time:2085.474s step_avg:1824.56ms
step:1144/3325 train_time:2087.270s step_avg:1824.54ms
step:1145/3325 train_time:2089.064s step_avg:1824.51ms
step:1146/3325 train_time:2090.858s step_avg:1824.48ms
step:1147/3325 train_time:2092.654s step_avg:1824.46ms
step:1148/3325 train_time:2094.454s step_avg:1824.44ms
step:1149/3325 train_time:2096.250s step_avg:1824.41ms
step:1150/3325 train_time:2098.330s step_avg:1824.64ms
step:1151/3325 train_time:2100.126s step_avg:1824.61ms
step:1152/3325 train_time:2101.923s step_avg:1824.59ms
step:1153/3325 train_time:2103.719s step_avg:1824.56ms
step:1154/3325 train_time:2105.518s step_avg:1824.54ms
step:1155/3325 train_time:2107.315s step_avg:1824.52ms
step:1156/3325 train_time:2109.113s step_avg:1824.49ms
step:1157/3325 train_time:2110.910s step_avg:1824.47ms
step:1158/3325 train_time:2112.706s step_avg:1824.44ms
step:1159/3325 train_time:2114.502s step_avg:1824.42ms
step:1160/3325 train_time:2116.297s step_avg:1824.39ms
step:1161/3325 train_time:2118.094s step_avg:1824.37ms
step:1162/3325 train_time:2119.889s step_avg:1824.34ms
step:1163/3325 train_time:2121.685s step_avg:1824.32ms
step:1164/3325 train_time:2123.482s step_avg:1824.30ms
step:1165/3325 train_time:2125.278s step_avg:1824.27ms
step:1166/3325 train_time:2127.073s step_avg:1824.25ms
step:1167/3325 train_time:2128.869s step_avg:1824.22ms
step:1168/3325 train_time:2130.664s step_avg:1824.20ms
step:1169/3325 train_time:2132.459s step_avg:1824.17ms
step:1170/3325 train_time:2134.271s step_avg:1824.16ms
step:1171/3325 train_time:2136.067s step_avg:1824.14ms
step:1172/3325 train_time:2137.862s step_avg:1824.11ms
step:1173/3325 train_time:2139.658s step_avg:1824.09ms
step:1174/3325 train_time:2141.455s step_avg:1824.07ms
step:1175/3325 train_time:2143.525s step_avg:1824.28ms
step:1176/3325 train_time:2145.321s step_avg:1824.25ms
step:1177/3325 train_time:2147.117s step_avg:1824.23ms
step:1178/3325 train_time:2148.912s step_avg:1824.20ms
step:1179/3325 train_time:2150.709s step_avg:1824.18ms
step:1180/3325 train_time:2152.506s step_avg:1824.16ms
step:1181/3325 train_time:2154.302s step_avg:1824.13ms
step:1182/3325 train_time:2156.100s step_avg:1824.11ms
step:1183/3325 train_time:2157.895s step_avg:1824.09ms
step:1184/3325 train_time:2159.691s step_avg:1824.06ms
step:1185/3325 train_time:2161.485s step_avg:1824.04ms
step:1186/3325 train_time:2163.280s step_avg:1824.01ms
step:1187/3325 train_time:2165.076s step_avg:1823.99ms
step:1188/3325 train_time:2166.873s step_avg:1823.97ms
step:1189/3325 train_time:2168.667s step_avg:1823.94ms
step:1190/3325 train_time:2170.463s step_avg:1823.92ms
step:1191/3325 train_time:2172.260s step_avg:1823.90ms
step:1192/3325 train_time:2174.056s step_avg:1823.87ms
step:1193/3325 train_time:2175.853s step_avg:1823.85ms
step:1194/3325 train_time:2177.650s step_avg:1823.83ms
step:1195/3325 train_time:2179.446s step_avg:1823.80ms
step:1196/3325 train_time:2181.243s step_avg:1823.78ms
step:1197/3325 train_time:2183.039s step_avg:1823.76ms
step:1198/3325 train_time:2184.834s step_avg:1823.73ms
step:1199/3325 train_time:2186.628s step_avg:1823.71ms
step:1200/3325 train_time:2188.717s step_avg:1823.93ms
step:1201/3325 train_time:2190.516s step_avg:1823.91ms
step:1202/3325 train_time:2192.315s step_avg:1823.89ms
step:1203/3325 train_time:2194.112s step_avg:1823.87ms
step:1204/3325 train_time:2195.911s step_avg:1823.85ms
step:1205/3325 train_time:2197.710s step_avg:1823.83ms
step:1206/3325 train_time:2199.508s step_avg:1823.80ms
step:1207/3325 train_time:2201.307s step_avg:1823.78ms
step:1208/3325 train_time:2203.103s step_avg:1823.76ms
step:1209/3325 train_time:2204.903s step_avg:1823.74ms
step:1210/3325 train_time:2206.706s step_avg:1823.72ms
step:1211/3325 train_time:2208.505s step_avg:1823.70ms
step:1212/3325 train_time:2210.301s step_avg:1823.68ms
step:1213/3325 train_time:2212.101s step_avg:1823.66ms
step:1214/3325 train_time:2213.895s step_avg:1823.64ms
step:1215/3325 train_time:2215.693s step_avg:1823.62ms
step:1216/3325 train_time:2217.490s step_avg:1823.59ms
step:1217/3325 train_time:2219.288s step_avg:1823.57ms
step:1218/3325 train_time:2221.087s step_avg:1823.55ms
step:1219/3325 train_time:2222.886s step_avg:1823.53ms
step:1220/3325 train_time:2224.682s step_avg:1823.51ms
step:1221/3325 train_time:2226.481s step_avg:1823.49ms
step:1222/3325 train_time:2228.279s step_avg:1823.47ms
step:1223/3325 train_time:2230.079s step_avg:1823.45ms
step:1224/3325 train_time:2231.878s step_avg:1823.43ms
step:1225/3325 train_time:2233.963s step_avg:1823.64ms
step:1226/3325 train_time:2235.761s step_avg:1823.62ms
step:1227/3325 train_time:2237.560s step_avg:1823.60ms
step:1228/3325 train_time:2239.359s step_avg:1823.58ms
step:1229/3325 train_time:2241.158s step_avg:1823.56ms
step:1230/3325 train_time:2242.973s step_avg:1823.56ms
step:1231/3325 train_time:2244.773s step_avg:1823.54ms
step:1232/3325 train_time:2246.573s step_avg:1823.52ms
step:1233/3325 train_time:2248.373s step_avg:1823.50ms
step:1234/3325 train_time:2250.172s step_avg:1823.48ms
step:1235/3325 train_time:2251.972s step_avg:1823.46ms
step:1236/3325 train_time:2253.771s step_avg:1823.44ms
step:1237/3325 train_time:2255.570s step_avg:1823.42ms
step:1238/3325 train_time:2257.370s step_avg:1823.40ms
step:1239/3325 train_time:2259.170s step_avg:1823.38ms
step:1240/3325 train_time:2260.969s step_avg:1823.36ms
step:1241/3325 train_time:2262.767s step_avg:1823.34ms
step:1242/3325 train_time:2264.565s step_avg:1823.32ms
step:1243/3325 train_time:2266.365s step_avg:1823.30ms
step:1244/3325 train_time:2268.163s step_avg:1823.28ms
step:1245/3325 train_time:2269.962s step_avg:1823.26ms
step:1246/3325 train_time:2271.762s step_avg:1823.24ms
step:1247/3325 train_time:2273.558s step_avg:1823.22ms
step:1248/3325 train_time:2275.354s step_avg:1823.20ms
step:1249/3325 train_time:2277.148s step_avg:1823.18ms
step:1250/3325 train_time:2279.290s step_avg:1823.43ms
step:1250/3325 val_loss:3.61309 train_time:2279.290s step_avg:1809.61ms
step:1251/3325 train_time:2281.087s step_avg:1823.41ms
step:1252/3325 train_time:2282.882s step_avg:1823.39ms
step:1253/3325 train_time:2284.678s step_avg:1823.37ms
step:1254/3325 train_time:2286.476s step_avg:1823.35ms
step:1255/3325 train_time:2288.272s step_avg:1823.32ms
step:1256/3325 train_time:2290.070s step_avg:1823.30ms
step:1257/3325 train_time:2291.867s step_avg:1823.28ms
step:1258/3325 train_time:2293.664s step_avg:1823.26ms
step:1259/3325 train_time:2295.459s step_avg:1823.24ms
step:1260/3325 train_time:2297.270s step_avg:1823.23ms
step:1261/3325 train_time:2299.066s step_avg:1823.21ms
step:1262/3325 train_time:2300.862s step_avg:1823.19ms
step:1263/3325 train_time:2302.657s step_avg:1823.17ms
step:1264/3325 train_time:2304.456s step_avg:1823.15ms
step:1265/3325 train_time:2306.254s step_avg:1823.13ms
step:1266/3325 train_time:2308.048s step_avg:1823.10ms
step:1267/3325 train_time:2309.844s step_avg:1823.08ms
step:1268/3325 train_time:2311.639s step_avg:1823.06ms
step:1269/3325 train_time:2313.436s step_avg:1823.04ms
step:1270/3325 train_time:2315.233s step_avg:1823.02ms
step:1271/3325 train_time:2317.030s step_avg:1823.00ms
step:1272/3325 train_time:2318.825s step_avg:1822.98ms
step:1273/3325 train_time:2320.622s step_avg:1822.96ms
step:1274/3325 train_time:2322.418s step_avg:1822.93ms
step:1275/3325 train_time:2324.490s step_avg:1823.13ms
step:1276/3325 train_time:2326.287s step_avg:1823.11ms
step:1277/3325 train_time:2328.084s step_avg:1823.09ms
step:1278/3325 train_time:2329.879s step_avg:1823.07ms
step:1279/3325 train_time:2331.674s step_avg:1823.04ms
step:1280/3325 train_time:2333.472s step_avg:1823.03ms
step:1281/3325 train_time:2335.269s step_avg:1823.00ms
step:1282/3325 train_time:2337.068s step_avg:1822.99ms
step:1283/3325 train_time:2338.863s step_avg:1822.96ms
step:1284/3325 train_time:2340.659s step_avg:1822.94ms
step:1285/3325 train_time:2342.456s step_avg:1822.92ms
step:1286/3325 train_time:2344.252s step_avg:1822.90ms
step:1287/3325 train_time:2346.049s step_avg:1822.88ms
step:1288/3325 train_time:2347.845s step_avg:1822.86ms
step:1289/3325 train_time:2349.643s step_avg:1822.84ms
step:1290/3325 train_time:2351.454s step_avg:1822.83ms
step:1291/3325 train_time:2353.249s step_avg:1822.81ms
step:1292/3325 train_time:2355.045s step_avg:1822.79ms
step:1293/3325 train_time:2356.842s step_avg:1822.77ms
step:1294/3325 train_time:2358.641s step_avg:1822.75ms
step:1295/3325 train_time:2360.438s step_avg:1822.73ms
step:1296/3325 train_time:2362.236s step_avg:1822.71ms
step:1297/3325 train_time:2364.036s step_avg:1822.70ms
step:1298/3325 train_time:2365.837s step_avg:1822.68ms
step:1299/3325 train_time:2367.637s step_avg:1822.66ms
step:1300/3325 train_time:2369.722s step_avg:1822.86ms
step:1301/3325 train_time:2371.518s step_avg:1822.84ms
step:1302/3325 train_time:2373.317s step_avg:1822.82ms
step:1303/3325 train_time:2375.116s step_avg:1822.81ms
step:1304/3325 train_time:2376.915s step_avg:1822.79ms
step:1305/3325 train_time:2378.716s step_avg:1822.77ms
step:1306/3325 train_time:2380.519s step_avg:1822.76ms
step:1307/3325 train_time:2382.314s step_avg:1822.73ms
step:1308/3325 train_time:2384.112s step_avg:1822.72ms
step:1309/3325 train_time:2385.907s step_avg:1822.69ms
step:1310/3325 train_time:2387.707s step_avg:1822.68ms
step:1311/3325 train_time:2389.507s step_avg:1822.66ms
step:1312/3325 train_time:2391.306s step_avg:1822.64ms
step:1313/3325 train_time:2393.101s step_avg:1822.62ms
step:1314/3325 train_time:2394.896s step_avg:1822.60ms
step:1315/3325 train_time:2396.691s step_avg:1822.58ms
step:1316/3325 train_time:2398.486s step_avg:1822.56ms
step:1317/3325 train_time:2400.280s step_avg:1822.54ms
step:1318/3325 train_time:2402.074s step_avg:1822.51ms
step:1319/3325 train_time:2403.868s step_avg:1822.49ms
step:1320/3325 train_time:2405.678s step_avg:1822.48ms
step:1321/3325 train_time:2407.471s step_avg:1822.46ms
step:1322/3325 train_time:2409.266s step_avg:1822.44ms
step:1323/3325 train_time:2411.061s step_avg:1822.42ms
step:1324/3325 train_time:2412.857s step_avg:1822.40ms
step:1325/3325 train_time:2414.926s step_avg:1822.59ms
step:1326/3325 train_time:2416.722s step_avg:1822.57ms
step:1327/3325 train_time:2418.517s step_avg:1822.54ms
step:1328/3325 train_time:2420.315s step_avg:1822.53ms
step:1329/3325 train_time:2422.109s step_avg:1822.51ms
step:1330/3325 train_time:2423.904s step_avg:1822.48ms
step:1331/3325 train_time:2425.734s step_avg:1822.49ms
step:1332/3325 train_time:2427.529s step_avg:1822.47ms
step:1333/3325 train_time:2429.323s step_avg:1822.45ms
step:1334/3325 train_time:2431.118s step_avg:1822.43ms
step:1335/3325 train_time:2432.912s step_avg:1822.41ms
step:1336/3325 train_time:2434.709s step_avg:1822.39ms
step:1337/3325 train_time:2436.503s step_avg:1822.37ms
step:1338/3325 train_time:2438.298s step_avg:1822.35ms
step:1339/3325 train_time:2440.094s step_avg:1822.33ms
step:1340/3325 train_time:2441.890s step_avg:1822.31ms
step:1341/3325 train_time:2443.685s step_avg:1822.29ms
step:1342/3325 train_time:2445.480s step_avg:1822.27ms
step:1343/3325 train_time:2447.275s step_avg:1822.25ms
step:1344/3325 train_time:2449.070s step_avg:1822.22ms
step:1345/3325 train_time:2450.864s step_avg:1822.20ms
step:1346/3325 train_time:2452.661s step_avg:1822.19ms
step:1347/3325 train_time:2454.455s step_avg:1822.16ms
step:1348/3325 train_time:2456.249s step_avg:1822.14ms
step:1349/3325 train_time:2458.043s step_avg:1822.12ms
step:1350/3325 train_time:2460.129s step_avg:1822.32ms
step:1351/3325 train_time:2461.924s step_avg:1822.30ms
step:1352/3325 train_time:2463.719s step_avg:1822.28ms
step:1353/3325 train_time:2465.515s step_avg:1822.26ms
step:1354/3325 train_time:2467.310s step_avg:1822.24ms
step:1355/3325 train_time:2469.105s step_avg:1822.22ms
step:1356/3325 train_time:2470.900s step_avg:1822.20ms
step:1357/3325 train_time:2472.695s step_avg:1822.18ms
step:1358/3325 train_time:2474.491s step_avg:1822.16ms
step:1359/3325 train_time:2476.286s step_avg:1822.14ms
step:1360/3325 train_time:2478.080s step_avg:1822.12ms
step:1361/3325 train_time:2479.874s step_avg:1822.10ms
step:1362/3325 train_time:2481.669s step_avg:1822.08ms
step:1363/3325 train_time:2483.464s step_avg:1822.06ms
step:1364/3325 train_time:2485.259s step_avg:1822.04ms
step:1365/3325 train_time:2487.054s step_avg:1822.02ms
step:1366/3325 train_time:2488.848s step_avg:1822.00ms
step:1367/3325 train_time:2490.642s step_avg:1821.98ms
step:1368/3325 train_time:2492.438s step_avg:1821.96ms
step:1369/3325 train_time:2494.233s step_avg:1821.94ms
step:1370/3325 train_time:2496.028s step_avg:1821.92ms
step:1371/3325 train_time:2497.823s step_avg:1821.90ms
step:1372/3325 train_time:2499.618s step_avg:1821.88ms
step:1373/3325 train_time:2501.413s step_avg:1821.86ms
step:1374/3325 train_time:2503.207s step_avg:1821.84ms
step:1375/3325 train_time:2505.345s step_avg:1822.07ms
step:1375/3325 val_loss:3.58251 train_time:2505.345s step_avg:1808.44ms
step:1376/3325 train_time:2507.140s step_avg:1822.05ms
step:1377/3325 train_time:2508.935s step_avg:1822.03ms
step:1378/3325 train_time:2510.729s step_avg:1822.01ms
step:1379/3325 train_time:2512.524s step_avg:1821.99ms
step:1380/3325 train_time:2514.335s step_avg:1821.98ms
step:1381/3325 train_time:2516.130s step_avg:1821.96ms
step:1382/3325 train_time:2517.925s step_avg:1821.94ms
step:1383/3325 train_time:2519.720s step_avg:1821.92ms
step:1384/3325 train_time:2521.515s step_avg:1821.90ms
step:1385/3325 train_time:2523.309s step_avg:1821.88ms
step:1386/3325 train_time:2525.104s step_avg:1821.86ms
step:1387/3325 train_time:2526.900s step_avg:1821.85ms
step:1388/3325 train_time:2528.696s step_avg:1821.83ms
step:1389/3325 train_time:2530.492s step_avg:1821.81ms
step:1390/3325 train_time:2532.287s step_avg:1821.79ms
step:1391/3325 train_time:2534.082s step_avg:1821.77ms
step:1392/3325 train_time:2535.876s step_avg:1821.75ms
step:1393/3325 train_time:2537.670s step_avg:1821.73ms
step:1394/3325 train_time:2539.465s step_avg:1821.71ms
step:1395/3325 train_time:2541.260s step_avg:1821.69ms
step:1396/3325 train_time:2543.055s step_avg:1821.67ms
step:1397/3325 train_time:2544.849s step_avg:1821.65ms
step:1398/3325 train_time:2546.645s step_avg:1821.63ms
step:1399/3325 train_time:2548.441s step_avg:1821.62ms
step:1400/3325 train_time:2550.511s step_avg:1821.79ms
step:1401/3325 train_time:2552.306s step_avg:1821.77ms
step:1402/3325 train_time:2554.100s step_avg:1821.75ms
step:1403/3325 train_time:2555.895s step_avg:1821.74ms
step:1404/3325 train_time:2557.689s step_avg:1821.72ms
step:1405/3325 train_time:2559.484s step_avg:1821.70ms
step:1406/3325 train_time:2561.279s step_avg:1821.68ms
step:1407/3325 train_time:2563.075s step_avg:1821.66ms
step:1408/3325 train_time:2564.870s step_avg:1821.64ms
step:1409/3325 train_time:2566.664s step_avg:1821.62ms
step:1410/3325 train_time:2568.476s step_avg:1821.61ms
step:1411/3325 train_time:2570.271s step_avg:1821.60ms
step:1412/3325 train_time:2572.066s step_avg:1821.58ms
step:1413/3325 train_time:2573.863s step_avg:1821.56ms
step:1414/3325 train_time:2575.659s step_avg:1821.54ms
step:1415/3325 train_time:2577.453s step_avg:1821.52ms
step:1416/3325 train_time:2579.248s step_avg:1821.50ms
step:1417/3325 train_time:2581.042s step_avg:1821.48ms
step:1418/3325 train_time:2582.837s step_avg:1821.46ms
step:1419/3325 train_time:2584.632s step_avg:1821.45ms
step:1420/3325 train_time:2586.427s step_avg:1821.43ms
step:1421/3325 train_time:2588.222s step_avg:1821.41ms
step:1422/3325 train_time:2590.017s step_avg:1821.39ms
step:1423/3325 train_time:2591.812s step_avg:1821.37ms
step:1424/3325 train_time:2593.607s step_avg:1821.35ms
step:1425/3325 train_time:2595.675s step_avg:1821.53ms
step:1426/3325 train_time:2597.469s step_avg:1821.51ms
step:1427/3325 train_time:2599.263s step_avg:1821.49ms
step:1428/3325 train_time:2601.057s step_avg:1821.47ms
step:1429/3325 train_time:2602.851s step_avg:1821.45ms
step:1430/3325 train_time:2604.646s step_avg:1821.43ms
step:1431/3325 train_time:2606.441s step_avg:1821.41ms
step:1432/3325 train_time:2608.236s step_avg:1821.39ms
step:1433/3325 train_time:2610.031s step_avg:1821.38ms
step:1434/3325 train_time:2611.826s step_avg:1821.36ms
step:1435/3325 train_time:2613.621s step_avg:1821.34ms
step:1436/3325 train_time:2615.417s step_avg:1821.32ms
step:1437/3325 train_time:2617.213s step_avg:1821.30ms
step:1438/3325 train_time:2619.007s step_avg:1821.28ms
step:1439/3325 train_time:2620.802s step_avg:1821.27ms
step:1440/3325 train_time:2622.613s step_avg:1821.26ms
step:1441/3325 train_time:2624.407s step_avg:1821.24ms
step:1442/3325 train_time:2626.202s step_avg:1821.22ms
step:1443/3325 train_time:2627.996s step_avg:1821.20ms
step:1444/3325 train_time:2629.794s step_avg:1821.19ms
step:1445/3325 train_time:2631.589s step_avg:1821.17ms
step:1446/3325 train_time:2633.384s step_avg:1821.15ms
step:1447/3325 train_time:2635.179s step_avg:1821.13ms
step:1448/3325 train_time:2636.974s step_avg:1821.11ms
step:1449/3325 train_time:2638.769s step_avg:1821.10ms
step:1450/3325 train_time:2640.839s step_avg:1821.27ms
step:1451/3325 train_time:2642.633s step_avg:1821.25ms
step:1452/3325 train_time:2644.428s step_avg:1821.23ms
step:1453/3325 train_time:2646.223s step_avg:1821.21ms
step:1454/3325 train_time:2648.018s step_avg:1821.20ms
step:1455/3325 train_time:2649.814s step_avg:1821.18ms
step:1456/3325 train_time:2651.608s step_avg:1821.16ms
step:1457/3325 train_time:2653.403s step_avg:1821.14ms
step:1458/3325 train_time:2655.198s step_avg:1821.12ms
step:1459/3325 train_time:2656.992s step_avg:1821.11ms
step:1460/3325 train_time:2658.787s step_avg:1821.09ms
step:1461/3325 train_time:2660.582s step_avg:1821.07ms
step:1462/3325 train_time:2662.378s step_avg:1821.05ms
step:1463/3325 train_time:2664.172s step_avg:1821.03ms
step:1464/3325 train_time:2665.966s step_avg:1821.02ms
step:1465/3325 train_time:2667.761s step_avg:1821.00ms
step:1466/3325 train_time:2669.555s step_avg:1820.98ms
step:1467/3325 train_time:2671.350s step_avg:1820.96ms
step:1468/3325 train_time:2673.146s step_avg:1820.94ms
step:1469/3325 train_time:2674.941s step_avg:1820.93ms
step:1470/3325 train_time:2676.752s step_avg:1820.92ms
step:1471/3325 train_time:2678.547s step_avg:1820.90ms
step:1472/3325 train_time:2680.342s step_avg:1820.88ms
step:1473/3325 train_time:2682.138s step_avg:1820.87ms
step:1474/3325 train_time:2683.933s step_avg:1820.85ms
step:1475/3325 train_time:2686.001s step_avg:1821.02ms
step:1476/3325 train_time:2687.795s step_avg:1821.00ms
step:1477/3325 train_time:2689.589s step_avg:1820.98ms
step:1478/3325 train_time:2691.384s step_avg:1820.96ms
step:1479/3325 train_time:2693.178s step_avg:1820.95ms
step:1480/3325 train_time:2694.972s step_avg:1820.93ms
step:1481/3325 train_time:2696.767s step_avg:1820.91ms
step:1482/3325 train_time:2698.562s step_avg:1820.89ms
step:1483/3325 train_time:2700.357s step_avg:1820.87ms
step:1484/3325 train_time:2702.152s step_avg:1820.86ms
step:1485/3325 train_time:2703.947s step_avg:1820.84ms
step:1486/3325 train_time:2705.742s step_avg:1820.82ms
step:1487/3325 train_time:2707.537s step_avg:1820.81ms
step:1488/3325 train_time:2709.331s step_avg:1820.79ms
step:1489/3325 train_time:2711.126s step_avg:1820.77ms
step:1490/3325 train_time:2712.922s step_avg:1820.75ms
step:1491/3325 train_time:2714.716s step_avg:1820.74ms
step:1492/3325 train_time:2716.511s step_avg:1820.72ms
step:1493/3325 train_time:2718.305s step_avg:1820.70ms
step:1494/3325 train_time:2720.100s step_avg:1820.68ms
step:1495/3325 train_time:2721.895s step_avg:1820.67ms
step:1496/3325 train_time:2723.690s step_avg:1820.65ms
step:1497/3325 train_time:2725.485s step_avg:1820.63ms
step:1498/3325 train_time:2727.280s step_avg:1820.61ms
step:1499/3325 train_time:2729.075s step_avg:1820.60ms
step:1500/3325 train_time:2731.230s step_avg:1820.82ms
step:1500/3325 val_loss:3.57361 train_time:2731.230s step_avg:1807.08ms
step:1501/3325 train_time:2733.026s step_avg:1820.80ms
step:1502/3325 train_time:2734.822s step_avg:1820.79ms
step:1503/3325 train_time:2736.617s step_avg:1820.77ms
step:1504/3325 train_time:2738.413s step_avg:1820.75ms
step:1505/3325 train_time:2740.209s step_avg:1820.74ms
step:1506/3325 train_time:2742.005s step_avg:1820.72ms
step:1507/3325 train_time:2743.802s step_avg:1820.70ms
step:1508/3325 train_time:2745.597s step_avg:1820.69ms
step:1509/3325 train_time:2747.391s step_avg:1820.67ms
step:1510/3325 train_time:2749.186s step_avg:1820.65ms
step:1511/3325 train_time:2750.981s step_avg:1820.64ms
step:1512/3325 train_time:2752.776s step_avg:1820.62ms
step:1513/3325 train_time:2754.572s step_avg:1820.60ms
step:1514/3325 train_time:2756.367s step_avg:1820.59ms
step:1515/3325 train_time:2758.162s step_avg:1820.57ms
step:1516/3325 train_time:2759.958s step_avg:1820.55ms
step:1517/3325 train_time:2761.754s step_avg:1820.54ms
step:1518/3325 train_time:2763.549s step_avg:1820.52ms
step:1519/3325 train_time:2765.344s step_avg:1820.50ms
step:1520/3325 train_time:2767.139s step_avg:1820.49ms
step:1521/3325 train_time:2768.970s step_avg:1820.49ms
step:1522/3325 train_time:2770.766s step_avg:1820.48ms
step:1523/3325 train_time:2772.561s step_avg:1820.46ms
step:1524/3325 train_time:2774.356s step_avg:1820.44ms
step:1525/3325 train_time:2776.424s step_avg:1820.61ms
step:1526/3325 train_time:2778.219s step_avg:1820.59ms
step:1527/3325 train_time:2780.014s step_avg:1820.57ms
step:1528/3325 train_time:2781.809s step_avg:1820.56ms
step:1529/3325 train_time:2783.605s step_avg:1820.54ms
step:1530/3325 train_time:2785.416s step_avg:1820.53ms
step:1531/3325 train_time:2787.210s step_avg:1820.52ms
step:1532/3325 train_time:2789.005s step_avg:1820.50ms
step:1533/3325 train_time:2790.800s step_avg:1820.48ms
step:1534/3325 train_time:2792.596s step_avg:1820.47ms
step:1535/3325 train_time:2794.391s step_avg:1820.45ms
step:1536/3325 train_time:2796.186s step_avg:1820.43ms
step:1537/3325 train_time:2797.982s step_avg:1820.42ms
step:1538/3325 train_time:2799.777s step_avg:1820.40ms
step:1539/3325 train_time:2801.571s step_avg:1820.38ms
step:1540/3325 train_time:2803.365s step_avg:1820.37ms
step:1541/3325 train_time:2805.159s step_avg:1820.35ms
step:1542/3325 train_time:2806.953s step_avg:1820.33ms
step:1543/3325 train_time:2808.748s step_avg:1820.32ms
step:1544/3325 train_time:2810.542s step_avg:1820.30ms
step:1545/3325 train_time:2812.337s step_avg:1820.28ms
step:1546/3325 train_time:2814.132s step_avg:1820.27ms
step:1547/3325 train_time:2815.927s step_avg:1820.25ms
step:1548/3325 train_time:2817.721s step_avg:1820.23ms
step:1549/3325 train_time:2819.517s step_avg:1820.22ms
step:1550/3325 train_time:2821.585s step_avg:1820.38ms
step:1551/3325 train_time:2823.379s step_avg:1820.36ms
step:1552/3325 train_time:2825.173s step_avg:1820.34ms
step:1553/3325 train_time:2826.967s step_avg:1820.33ms
step:1554/3325 train_time:2828.761s step_avg:1820.31ms
step:1555/3325 train_time:2830.555s step_avg:1820.29ms
step:1556/3325 train_time:2832.350s step_avg:1820.28ms
step:1557/3325 train_time:2834.145s step_avg:1820.26ms
step:1558/3325 train_time:2835.940s step_avg:1820.24ms
step:1559/3325 train_time:2837.734s step_avg:1820.23ms
step:1560/3325 train_time:2839.545s step_avg:1820.22ms
step:1561/3325 train_time:2841.340s step_avg:1820.21ms
step:1562/3325 train_time:2843.136s step_avg:1820.19ms
step:1563/3325 train_time:2844.930s step_avg:1820.17ms
step:1564/3325 train_time:2846.724s step_avg:1820.16ms
step:1565/3325 train_time:2848.517s step_avg:1820.14ms
step:1566/3325 train_time:2850.312s step_avg:1820.12ms
step:1567/3325 train_time:2852.107s step_avg:1820.11ms
step:1568/3325 train_time:2853.902s step_avg:1820.09ms
step:1569/3325 train_time:2855.697s step_avg:1820.07ms
step:1570/3325 train_time:2857.491s step_avg:1820.06ms
step:1571/3325 train_time:2859.286s step_avg:1820.04ms
step:1572/3325 train_time:2861.081s step_avg:1820.03ms
step:1573/3325 train_time:2862.876s step_avg:1820.01ms
step:1574/3325 train_time:2864.670s step_avg:1819.99ms
step:1575/3325 train_time:2866.738s step_avg:1820.15ms
step:1576/3325 train_time:2868.532s step_avg:1820.13ms
step:1577/3325 train_time:2870.331s step_avg:1820.12ms
step:1578/3325 train_time:2872.126s step_avg:1820.11ms
step:1579/3325 train_time:2873.925s step_avg:1820.09ms
step:1580/3325 train_time:2875.724s step_avg:1820.08ms
step:1581/3325 train_time:2877.524s step_avg:1820.07ms
step:1582/3325 train_time:2879.324s step_avg:1820.05ms
step:1583/3325 train_time:2881.123s step_avg:1820.04ms
step:1584/3325 train_time:2882.922s step_avg:1820.03ms
step:1585/3325 train_time:2884.721s step_avg:1820.01ms
step:1586/3325 train_time:2886.520s step_avg:1820.00ms
step:1587/3325 train_time:2888.315s step_avg:1819.98ms
step:1588/3325 train_time:2890.115s step_avg:1819.97ms
step:1589/3325 train_time:2891.915s step_avg:1819.96ms
step:1590/3325 train_time:2893.730s step_avg:1819.96ms
step:1591/3325 train_time:2895.530s step_avg:1819.94ms
step:1592/3325 train_time:2897.329s step_avg:1819.93ms
step:1593/3325 train_time:2899.125s step_avg:1819.92ms
step:1594/3325 train_time:2900.925s step_avg:1819.90ms
step:1595/3325 train_time:2902.720s step_avg:1819.89ms
step:1596/3325 train_time:2904.519s step_avg:1819.87ms
step:1597/3325 train_time:2906.317s step_avg:1819.86ms
step:1598/3325 train_time:2908.113s step_avg:1819.85ms
step:1599/3325 train_time:2909.911s step_avg:1819.83ms
step:1600/3325 train_time:2911.995s step_avg:1820.00ms
step:1601/3325 train_time:2913.790s step_avg:1819.98ms
step:1602/3325 train_time:2915.589s step_avg:1819.97ms
step:1603/3325 train_time:2917.388s step_avg:1819.95ms
step:1604/3325 train_time:2919.186s step_avg:1819.94ms
step:1605/3325 train_time:2920.984s step_avg:1819.93ms
step:1606/3325 train_time:2922.784s step_avg:1819.92ms
step:1607/3325 train_time:2924.582s step_avg:1819.90ms
step:1608/3325 train_time:2926.381s step_avg:1819.89ms
step:1609/3325 train_time:2928.177s step_avg:1819.87ms
step:1610/3325 train_time:2929.977s step_avg:1819.86ms
step:1611/3325 train_time:2931.776s step_avg:1819.85ms
step:1612/3325 train_time:2933.573s step_avg:1819.83ms
step:1613/3325 train_time:2935.372s step_avg:1819.82ms
step:1614/3325 train_time:2937.171s step_avg:1819.81ms
step:1615/3325 train_time:2938.968s step_avg:1819.79ms
step:1616/3325 train_time:2940.766s step_avg:1819.78ms
step:1617/3325 train_time:2942.564s step_avg:1819.77ms
step:1618/3325 train_time:2944.362s step_avg:1819.75ms
step:1619/3325 train_time:2946.159s step_avg:1819.74ms
step:1620/3325 train_time:2947.973s step_avg:1819.74ms
step:1621/3325 train_time:2949.771s step_avg:1819.72ms
step:1622/3325 train_time:2951.568s step_avg:1819.71ms
step:1623/3325 train_time:2953.364s step_avg:1819.69ms
step:1624/3325 train_time:2955.162s step_avg:1819.68ms
step:1625/3325 train_time:2957.311s step_avg:1819.88ms
step:1625/3325 val_loss:3.54415 train_time:2957.311s step_avg:1808.65ms
step:1626/3325 train_time:2959.109s step_avg:1819.87ms
step:1627/3325 train_time:2960.907s step_avg:1819.86ms
step:1628/3325 train_time:2962.706s step_avg:1819.84ms
step:1629/3325 train_time:2964.506s step_avg:1819.83ms
step:1630/3325 train_time:2966.301s step_avg:1819.82ms
step:1631/3325 train_time:2968.100s step_avg:1819.80ms
step:1632/3325 train_time:2969.899s step_avg:1819.79ms
step:1633/3325 train_time:2971.698s step_avg:1819.78ms
step:1634/3325 train_time:2973.497s step_avg:1819.77ms
step:1635/3325 train_time:2975.296s step_avg:1819.75ms
step:1636/3325 train_time:2977.094s step_avg:1819.74ms
step:1637/3325 train_time:2978.893s step_avg:1819.73ms
step:1638/3325 train_time:2980.687s step_avg:1819.71ms
step:1639/3325 train_time:2982.487s step_avg:1819.70ms
step:1640/3325 train_time:2984.286s step_avg:1819.69ms
step:1641/3325 train_time:2986.085s step_avg:1819.67ms
step:1642/3325 train_time:2987.885s step_avg:1819.66ms
step:1643/3325 train_time:2989.684s step_avg:1819.65ms
step:1644/3325 train_time:2991.484s step_avg:1819.64ms
step:1645/3325 train_time:2993.283s step_avg:1819.62ms
step:1646/3325 train_time:2995.082s step_avg:1819.61ms
step:1647/3325 train_time:2996.877s step_avg:1819.60ms
step:1648/3325 train_time:2998.675s step_avg:1819.58ms
step:1649/3325 train_time:3000.473s step_avg:1819.57ms
step:1650/3325 train_time:3002.567s step_avg:1819.74ms
step:1651/3325 train_time:3004.361s step_avg:1819.72ms
step:1652/3325 train_time:3006.155s step_avg:1819.71ms
step:1653/3325 train_time:3007.949s step_avg:1819.69ms
step:1654/3325 train_time:3009.743s step_avg:1819.68ms
step:1655/3325 train_time:3011.538s step_avg:1819.66ms
step:1656/3325 train_time:3013.332s step_avg:1819.65ms
step:1657/3325 train_time:3015.126s step_avg:1819.63ms
step:1658/3325 train_time:3016.920s step_avg:1819.61ms
step:1659/3325 train_time:3018.716s step_avg:1819.60ms
step:1660/3325 train_time:3020.511s step_avg:1819.58ms
step:1661/3325 train_time:3022.304s step_avg:1819.57ms
step:1662/3325 train_time:3024.098s step_avg:1819.55ms
step:1663/3325 train_time:3025.891s step_avg:1819.54ms
step:1664/3325 train_time:3027.685s step_avg:1819.52ms
step:1665/3325 train_time:3029.479s step_avg:1819.51ms
step:1666/3325 train_time:3031.273s step_avg:1819.49ms
step:1667/3325 train_time:3033.067s step_avg:1819.48ms
step:1668/3325 train_time:3034.861s step_avg:1819.46ms
step:1669/3325 train_time:3036.656s step_avg:1819.45ms
step:1670/3325 train_time:3038.450s step_avg:1819.43ms
step:1671/3325 train_time:3040.244s step_avg:1819.42ms
step:1672/3325 train_time:3042.037s step_avg:1819.40ms
step:1673/3325 train_time:3043.830s step_avg:1819.38ms
step:1674/3325 train_time:3045.623s step_avg:1819.37ms
step:1675/3325 train_time:3047.692s step_avg:1819.52ms
step:1676/3325 train_time:3049.486s step_avg:1819.50ms
step:1677/3325 train_time:3051.280s step_avg:1819.49ms
step:1678/3325 train_time:3053.074s step_avg:1819.47ms
step:1679/3325 train_time:3054.869s step_avg:1819.46ms
step:1680/3325 train_time:3056.679s step_avg:1819.45ms
step:1681/3325 train_time:3058.473s step_avg:1819.44ms
step:1682/3325 train_time:3060.266s step_avg:1819.42ms
step:1683/3325 train_time:3062.060s step_avg:1819.41ms
step:1684/3325 train_time:3063.854s step_avg:1819.39ms
step:1685/3325 train_time:3065.647s step_avg:1819.37ms
step:1686/3325 train_time:3067.441s step_avg:1819.36ms
step:1687/3325 train_time:3069.235s step_avg:1819.34ms
step:1688/3325 train_time:3071.031s step_avg:1819.33ms
step:1689/3325 train_time:3072.826s step_avg:1819.32ms
step:1690/3325 train_time:3074.620s step_avg:1819.30ms
step:1691/3325 train_time:3076.414s step_avg:1819.29ms
step:1692/3325 train_time:3078.210s step_avg:1819.27ms
step:1693/3325 train_time:3080.004s step_avg:1819.26ms
step:1694/3325 train_time:3081.798s step_avg:1819.24ms
step:1695/3325 train_time:3083.592s step_avg:1819.23ms
step:1696/3325 train_time:3085.385s step_avg:1819.21ms
step:1697/3325 train_time:3087.179s step_avg:1819.20ms
step:1698/3325 train_time:3088.973s step_avg:1819.18ms
step:1699/3325 train_time:3090.766s step_avg:1819.17ms
step:1700/3325 train_time:3092.834s step_avg:1819.31ms
step:1701/3325 train_time:3094.627s step_avg:1819.30ms
step:1702/3325 train_time:3096.421s step_avg:1819.28ms
step:1703/3325 train_time:3098.215s step_avg:1819.27ms
step:1704/3325 train_time:3100.008s step_avg:1819.25ms
step:1705/3325 train_time:3101.802s step_avg:1819.24ms
step:1706/3325 train_time:3103.596s step_avg:1819.22ms
step:1707/3325 train_time:3105.390s step_avg:1819.21ms
step:1708/3325 train_time:3107.184s step_avg:1819.19ms
step:1709/3325 train_time:3108.978s step_avg:1819.18ms
step:1710/3325 train_time:3110.788s step_avg:1819.17ms
step:1711/3325 train_time:3112.616s step_avg:1819.18ms
step:1712/3325 train_time:3114.409s step_avg:1819.16ms
step:1713/3325 train_time:3116.203s step_avg:1819.15ms
step:1714/3325 train_time:3117.997s step_avg:1819.13ms
step:1715/3325 train_time:3119.792s step_avg:1819.12ms
step:1716/3325 train_time:3121.586s step_avg:1819.11ms
step:1717/3325 train_time:3123.381s step_avg:1819.09ms
step:1718/3325 train_time:3125.175s step_avg:1819.08ms
step:1719/3325 train_time:3126.970s step_avg:1819.06ms
step:1720/3325 train_time:3128.764s step_avg:1819.05ms
step:1721/3325 train_time:3130.558s step_avg:1819.03ms
step:1722/3325 train_time:3132.357s step_avg:1819.02ms
step:1723/3325 train_time:3134.156s step_avg:1819.01ms
step:1724/3325 train_time:3135.949s step_avg:1819.00ms
step:1725/3325 train_time:3138.020s step_avg:1819.14ms
step:1726/3325 train_time:3139.814s step_avg:1819.13ms
step:1727/3325 train_time:3141.609s step_avg:1819.11ms
step:1728/3325 train_time:3143.404s step_avg:1819.10ms
step:1729/3325 train_time:3145.199s step_avg:1819.09ms
step:1730/3325 train_time:3146.993s step_avg:1819.07ms
step:1731/3325 train_time:3148.792s step_avg:1819.06ms
step:1732/3325 train_time:3150.590s step_avg:1819.05ms
step:1733/3325 train_time:3152.388s step_avg:1819.04ms
step:1734/3325 train_time:3154.186s step_avg:1819.02ms
step:1735/3325 train_time:3155.985s step_avg:1819.01ms
step:1736/3325 train_time:3157.783s step_avg:1819.00ms
step:1737/3325 train_time:3159.582s step_avg:1818.99ms
step:1738/3325 train_time:3161.378s step_avg:1818.97ms
step:1739/3325 train_time:3163.176s step_avg:1818.96ms
step:1740/3325 train_time:3164.992s step_avg:1818.96ms
step:1741/3325 train_time:3166.788s step_avg:1818.95ms
step:1742/3325 train_time:3168.587s step_avg:1818.94ms
step:1743/3325 train_time:3170.386s step_avg:1818.92ms
step:1744/3325 train_time:3172.185s step_avg:1818.91ms
step:1745/3325 train_time:3173.983s step_avg:1818.90ms
step:1746/3325 train_time:3175.782s step_avg:1818.89ms
step:1747/3325 train_time:3177.581s step_avg:1818.88ms
step:1748/3325 train_time:3179.379s step_avg:1818.87ms
step:1749/3325 train_time:3181.175s step_avg:1818.85ms
step:1750/3325 train_time:3183.320s step_avg:1819.04ms
step:1750/3325 val_loss:3.51167 train_time:3183.320s step_avg:1808.07ms
step:1751/3325 train_time:3185.115s step_avg:1819.03ms
step:1752/3325 train_time:3186.910s step_avg:1819.01ms
step:1753/3325 train_time:3188.706s step_avg:1819.00ms
step:1754/3325 train_time:3190.501s step_avg:1818.99ms
step:1755/3325 train_time:3192.301s step_avg:1818.97ms
step:1756/3325 train_time:3194.101s step_avg:1818.96ms
step:1757/3325 train_time:3195.900s step_avg:1818.95ms
step:1758/3325 train_time:3197.698s step_avg:1818.94ms
step:1759/3325 train_time:3199.496s step_avg:1818.93ms
step:1760/3325 train_time:3201.294s step_avg:1818.92ms
step:1761/3325 train_time:3203.093s step_avg:1818.91ms
step:1762/3325 train_time:3204.887s step_avg:1818.89ms
step:1763/3325 train_time:3206.685s step_avg:1818.88ms
step:1764/3325 train_time:3208.483s step_avg:1818.87ms
step:1765/3325 train_time:3210.279s step_avg:1818.85ms
step:1766/3325 train_time:3212.078s step_avg:1818.84ms
step:1767/3325 train_time:3213.877s step_avg:1818.83ms
step:1768/3325 train_time:3215.676s step_avg:1818.82ms
step:1769/3325 train_time:3217.474s step_avg:1818.81ms
step:1770/3325 train_time:3219.289s step_avg:1818.81ms
step:1771/3325 train_time:3221.088s step_avg:1818.80ms
step:1772/3325 train_time:3222.887s step_avg:1818.78ms
step:1773/3325 train_time:3224.680s step_avg:1818.77ms
step:1774/3325 train_time:3226.480s step_avg:1818.76ms
step:1775/3325 train_time:3228.558s step_avg:1818.91ms
step:1776/3325 train_time:3230.357s step_avg:1818.89ms
step:1777/3325 train_time:3232.156s step_avg:1818.88ms
step:1778/3325 train_time:3233.955s step_avg:1818.87ms
step:1779/3325 train_time:3235.752s step_avg:1818.86ms
step:1780/3325 train_time:3237.546s step_avg:1818.85ms
step:1781/3325 train_time:3239.341s step_avg:1818.83ms
step:1782/3325 train_time:3241.135s step_avg:1818.82ms
step:1783/3325 train_time:3242.933s step_avg:1818.81ms
step:1784/3325 train_time:3244.728s step_avg:1818.79ms
step:1785/3325 train_time:3246.525s step_avg:1818.78ms
step:1786/3325 train_time:3248.323s step_avg:1818.77ms
step:1787/3325 train_time:3250.122s step_avg:1818.76ms
step:1788/3325 train_time:3251.920s step_avg:1818.75ms
step:1789/3325 train_time:3253.720s step_avg:1818.74ms
step:1790/3325 train_time:3255.515s step_avg:1818.72ms
step:1791/3325 train_time:3257.314s step_avg:1818.71ms
step:1792/3325 train_time:3259.112s step_avg:1818.70ms
step:1793/3325 train_time:3260.911s step_avg:1818.69ms
step:1794/3325 train_time:3262.709s step_avg:1818.68ms
step:1795/3325 train_time:3264.508s step_avg:1818.67ms
step:1796/3325 train_time:3266.305s step_avg:1818.66ms
step:1797/3325 train_time:3268.104s step_avg:1818.64ms
step:1798/3325 train_time:3269.901s step_avg:1818.63ms
step:1799/3325 train_time:3271.699s step_avg:1818.62ms
step:1800/3325 train_time:3273.796s step_avg:1818.78ms
step:1801/3325 train_time:3275.591s step_avg:1818.76ms
step:1802/3325 train_time:3277.388s step_avg:1818.75ms
step:1803/3325 train_time:3279.181s step_avg:1818.74ms
step:1804/3325 train_time:3280.974s step_avg:1818.72ms
step:1805/3325 train_time:3282.768s step_avg:1818.71ms
step:1806/3325 train_time:3284.562s step_avg:1818.69ms
step:1807/3325 train_time:3286.356s step_avg:1818.68ms
step:1808/3325 train_time:3288.151s step_avg:1818.67ms
step:1809/3325 train_time:3289.946s step_avg:1818.65ms
step:1810/3325 train_time:3291.740s step_avg:1818.64ms
step:1811/3325 train_time:3293.533s step_avg:1818.63ms
step:1812/3325 train_time:3295.326s step_avg:1818.61ms
step:1813/3325 train_time:3297.120s step_avg:1818.60ms
step:1814/3325 train_time:3298.913s step_avg:1818.58ms
step:1815/3325 train_time:3300.707s step_avg:1818.57ms
step:1816/3325 train_time:3302.501s step_avg:1818.56ms
step:1817/3325 train_time:3304.295s step_avg:1818.54ms
step:1818/3325 train_time:3306.090s step_avg:1818.53ms
step:1819/3325 train_time:3307.884s step_avg:1818.52ms
step:1820/3325 train_time:3309.678s step_avg:1818.50ms
step:1821/3325 train_time:3311.472s step_avg:1818.49ms
step:1822/3325 train_time:3313.266s step_avg:1818.48ms
step:1823/3325 train_time:3315.059s step_avg:1818.46ms
step:1824/3325 train_time:3316.852s step_avg:1818.45ms
step:1825/3325 train_time:3318.920s step_avg:1818.59ms
step:1826/3325 train_time:3320.713s step_avg:1818.57ms
step:1827/3325 train_time:3322.509s step_avg:1818.56ms
step:1828/3325 train_time:3324.302s step_avg:1818.55ms
step:1829/3325 train_time:3326.095s step_avg:1818.53ms
step:1830/3325 train_time:3327.905s step_avg:1818.53ms
step:1831/3325 train_time:3329.698s step_avg:1818.51ms
step:1832/3325 train_time:3331.492s step_avg:1818.50ms
step:1833/3325 train_time:3333.285s step_avg:1818.49ms
step:1834/3325 train_time:3335.078s step_avg:1818.47ms
step:1835/3325 train_time:3336.871s step_avg:1818.46ms
step:1836/3325 train_time:3338.664s step_avg:1818.44ms
step:1837/3325 train_time:3340.458s step_avg:1818.43ms
step:1838/3325 train_time:3342.252s step_avg:1818.42ms
step:1839/3325 train_time:3344.045s step_avg:1818.40ms
step:1840/3325 train_time:3345.839s step_avg:1818.39ms
step:1841/3325 train_time:3347.633s step_avg:1818.38ms
step:1842/3325 train_time:3349.426s step_avg:1818.36ms
step:1843/3325 train_time:3351.220s step_avg:1818.35ms
step:1844/3325 train_time:3353.013s step_avg:1818.34ms
step:1845/3325 train_time:3354.807s step_avg:1818.32ms
step:1846/3325 train_time:3356.600s step_avg:1818.31ms
step:1847/3325 train_time:3358.393s step_avg:1818.30ms
step:1848/3325 train_time:3360.187s step_avg:1818.28ms
step:1849/3325 train_time:3361.981s step_avg:1818.27ms
step:1850/3325 train_time:3364.048s step_avg:1818.40ms
step:1851/3325 train_time:3365.843s step_avg:1818.39ms
step:1852/3325 train_time:3367.637s step_avg:1818.38ms
step:1853/3325 train_time:3369.430s step_avg:1818.36ms
step:1854/3325 train_time:3371.224s step_avg:1818.35ms
step:1855/3325 train_time:3373.018s step_avg:1818.34ms
step:1856/3325 train_time:3374.813s step_avg:1818.33ms
step:1857/3325 train_time:3376.606s step_avg:1818.31ms
step:1858/3325 train_time:3378.401s step_avg:1818.30ms
step:1859/3325 train_time:3380.196s step_avg:1818.29ms
step:1860/3325 train_time:3382.007s step_avg:1818.28ms
step:1861/3325 train_time:3383.801s step_avg:1818.27ms
step:1862/3325 train_time:3385.595s step_avg:1818.26ms
step:1863/3325 train_time:3387.390s step_avg:1818.25ms
step:1864/3325 train_time:3389.186s step_avg:1818.23ms
step:1865/3325 train_time:3390.981s step_avg:1818.22ms
step:1866/3325 train_time:3392.774s step_avg:1818.21ms
step:1867/3325 train_time:3394.568s step_avg:1818.19ms
step:1868/3325 train_time:3396.361s step_avg:1818.18ms
step:1869/3325 train_time:3398.154s step_avg:1818.17ms
step:1870/3325 train_time:3399.948s step_avg:1818.15ms
step:1871/3325 train_time:3401.742s step_avg:1818.14ms
step:1872/3325 train_time:3403.536s step_avg:1818.13ms
step:1873/3325 train_time:3405.330s step_avg:1818.12ms
step:1874/3325 train_time:3407.125s step_avg:1818.10ms
step:1875/3325 train_time:3409.260s step_avg:1818.27ms
step:1875/3325 val_loss:3.48563 train_time:3409.260s step_avg:1807.52ms
step:1876/3325 train_time:3411.060s step_avg:1818.26ms
step:1877/3325 train_time:3412.855s step_avg:1818.25ms
step:1878/3325 train_time:3414.650s step_avg:1818.24ms
step:1879/3325 train_time:3416.445s step_avg:1818.23ms
step:1880/3325 train_time:3418.245s step_avg:1818.22ms
step:1881/3325 train_time:3420.043s step_avg:1818.20ms
step:1882/3325 train_time:3421.842s step_avg:1818.19ms
step:1883/3325 train_time:3423.637s step_avg:1818.18ms
step:1884/3325 train_time:3425.433s step_avg:1818.17ms
step:1885/3325 train_time:3427.236s step_avg:1818.16ms
step:1886/3325 train_time:3429.033s step_avg:1818.15ms
step:1887/3325 train_time:3430.830s step_avg:1818.14ms
step:1888/3325 train_time:3432.628s step_avg:1818.13ms
step:1889/3325 train_time:3434.426s step_avg:1818.12ms
step:1890/3325 train_time:3436.241s step_avg:1818.12ms
step:1891/3325 train_time:3438.038s step_avg:1818.11ms
step:1892/3325 train_time:3439.836s step_avg:1818.10ms
step:1893/3325 train_time:3441.630s step_avg:1818.08ms
step:1894/3325 train_time:3443.425s step_avg:1818.07ms
step:1895/3325 train_time:3445.219s step_avg:1818.06ms
step:1896/3325 train_time:3447.014s step_avg:1818.05ms
step:1897/3325 train_time:3448.809s step_avg:1818.03ms
step:1898/3325 train_time:3450.604s step_avg:1818.02ms
step:1899/3325 train_time:3452.399s step_avg:1818.01ms
step:1900/3325 train_time:3454.469s step_avg:1818.14ms
step:1901/3325 train_time:3456.301s step_avg:1818.15ms
step:1902/3325 train_time:3458.095s step_avg:1818.14ms
step:1903/3325 train_time:3459.888s step_avg:1818.12ms
step:1904/3325 train_time:3461.682s step_avg:1818.11ms
step:1905/3325 train_time:3463.475s step_avg:1818.10ms
step:1906/3325 train_time:3465.269s step_avg:1818.08ms
step:1907/3325 train_time:3467.063s step_avg:1818.07ms
step:1908/3325 train_time:3468.857s step_avg:1818.06ms
step:1909/3325 train_time:3470.651s step_avg:1818.05ms
step:1910/3325 train_time:3472.445s step_avg:1818.03ms
step:1911/3325 train_time:3474.241s step_avg:1818.02ms
step:1912/3325 train_time:3476.036s step_avg:1818.01ms
step:1913/3325 train_time:3477.830s step_avg:1818.00ms
step:1914/3325 train_time:3479.625s step_avg:1817.99ms
step:1915/3325 train_time:3481.418s step_avg:1817.97ms
step:1916/3325 train_time:3483.211s step_avg:1817.96ms
step:1917/3325 train_time:3485.005s step_avg:1817.95ms
step:1918/3325 train_time:3486.799s step_avg:1817.93ms
step:1919/3325 train_time:3488.592s step_avg:1817.92ms
step:1920/3325 train_time:3490.402s step_avg:1817.92ms
step:1921/3325 train_time:3492.196s step_avg:1817.91ms
step:1922/3325 train_time:3493.991s step_avg:1817.89ms
step:1923/3325 train_time:3495.785s step_avg:1817.88ms
step:1924/3325 train_time:3497.579s step_avg:1817.87ms
step:1925/3325 train_time:3499.648s step_avg:1818.00ms
step:1926/3325 train_time:3501.443s step_avg:1817.99ms
step:1927/3325 train_time:3503.236s step_avg:1817.97ms
step:1928/3325 train_time:3505.029s step_avg:1817.96ms
step:1929/3325 train_time:3506.823s step_avg:1817.95ms
step:1930/3325 train_time:3508.617s step_avg:1817.94ms
step:1931/3325 train_time:3510.410s step_avg:1817.92ms
step:1932/3325 train_time:3512.205s step_avg:1817.91ms
step:1933/3325 train_time:3513.999s step_avg:1817.90ms
step:1934/3325 train_time:3515.793s step_avg:1817.89ms
step:1935/3325 train_time:3517.587s step_avg:1817.87ms
step:1936/3325 train_time:3519.380s step_avg:1817.86ms
step:1937/3325 train_time:3521.174s step_avg:1817.85ms
step:1938/3325 train_time:3522.968s step_avg:1817.84ms
step:1939/3325 train_time:3524.762s step_avg:1817.82ms
step:1940/3325 train_time:3526.556s step_avg:1817.81ms
step:1941/3325 train_time:3528.350s step_avg:1817.80ms
step:1942/3325 train_time:3530.145s step_avg:1817.79ms
step:1943/3325 train_time:3531.939s step_avg:1817.78ms
step:1944/3325 train_time:3533.734s step_avg:1817.76ms
step:1945/3325 train_time:3535.529s step_avg:1817.75ms
step:1946/3325 train_time:3537.324s step_avg:1817.74ms
step:1947/3325 train_time:3539.118s step_avg:1817.73ms
step:1948/3325 train_time:3540.912s step_avg:1817.72ms
step:1949/3325 train_time:3542.705s step_avg:1817.70ms
step:1950/3325 train_time:3544.792s step_avg:1817.84ms
step:1951/3325 train_time:3546.586s step_avg:1817.83ms
step:1952/3325 train_time:3548.379s step_avg:1817.82ms
step:1953/3325 train_time:3550.174s step_avg:1817.81ms
step:1954/3325 train_time:3551.968s step_avg:1817.79ms
step:1955/3325 train_time:3553.762s step_avg:1817.78ms
step:1956/3325 train_time:3555.555s step_avg:1817.77ms
step:1957/3325 train_time:3557.350s step_avg:1817.76ms
step:1958/3325 train_time:3559.143s step_avg:1817.74ms
step:1959/3325 train_time:3560.937s step_avg:1817.73ms
step:1960/3325 train_time:3562.730s step_avg:1817.72ms
step:1961/3325 train_time:3564.524s step_avg:1817.71ms
step:1962/3325 train_time:3566.317s step_avg:1817.69ms
step:1963/3325 train_time:3568.110s step_avg:1817.68ms
step:1964/3325 train_time:3569.904s step_avg:1817.67ms
step:1965/3325 train_time:3571.697s step_avg:1817.66ms
step:1966/3325 train_time:3573.491s step_avg:1817.65ms
step:1967/3325 train_time:3575.284s step_avg:1817.63ms
step:1968/3325 train_time:3577.078s step_avg:1817.62ms
step:1969/3325 train_time:3578.872s step_avg:1817.61ms
step:1970/3325 train_time:3580.665s step_avg:1817.60ms
step:1971/3325 train_time:3582.458s step_avg:1817.58ms
step:1972/3325 train_time:3584.251s step_avg:1817.57ms
step:1973/3325 train_time:3586.045s step_avg:1817.56ms
step:1974/3325 train_time:3587.838s step_avg:1817.55ms
step:1975/3325 train_time:3589.906s step_avg:1817.67ms
step:1976/3325 train_time:3591.700s step_avg:1817.66ms
step:1977/3325 train_time:3593.495s step_avg:1817.65ms
step:1978/3325 train_time:3595.288s step_avg:1817.64ms
step:1979/3325 train_time:3597.082s step_avg:1817.63ms
step:1980/3325 train_time:3598.891s step_avg:1817.62ms
step:1981/3325 train_time:3600.686s step_avg:1817.61ms
step:1982/3325 train_time:3602.480s step_avg:1817.60ms
step:1983/3325 train_time:3604.274s step_avg:1817.59ms
step:1984/3325 train_time:3606.069s step_avg:1817.57ms
step:1985/3325 train_time:3607.865s step_avg:1817.56ms
step:1986/3325 train_time:3609.660s step_avg:1817.55ms
step:1987/3325 train_time:3611.455s step_avg:1817.54ms
step:1988/3325 train_time:3613.249s step_avg:1817.53ms
step:1989/3325 train_time:3615.043s step_avg:1817.52ms
step:1990/3325 train_time:3616.838s step_avg:1817.51ms
step:1991/3325 train_time:3618.633s step_avg:1817.50ms
step:1992/3325 train_time:3620.430s step_avg:1817.48ms
step:1993/3325 train_time:3622.224s step_avg:1817.47ms
step:1994/3325 train_time:3624.018s step_avg:1817.46ms
step:1995/3325 train_time:3625.814s step_avg:1817.45ms
step:1996/3325 train_time:3627.610s step_avg:1817.44ms
step:1997/3325 train_time:3629.404s step_avg:1817.43ms
step:1998/3325 train_time:3631.198s step_avg:1817.42ms
step:1999/3325 train_time:3632.993s step_avg:1817.41ms
[H178 RMS PROBE] step 2000: rms_disparity=1.578 rms_avg=5.418e+00
step:2000/3325 train_time:3635.137s step_avg:1817.57ms
step:2000/3325 val_loss:3.45988 train_time:3635.137s step_avg:1807.01ms
step:2001/3325 train_time:3636.934s step_avg:1817.56ms
step:2002/3325 train_time:3638.730s step_avg:1817.55ms
step:2003/3325 train_time:3640.525s step_avg:1817.54ms
step:2004/3325 train_time:3642.320s step_avg:1817.52ms
step:2005/3325 train_time:3644.116s step_avg:1817.51ms
step:2006/3325 train_time:3645.911s step_avg:1817.50ms
step:2007/3325 train_time:3647.705s step_avg:1817.49ms
step:2008/3325 train_time:3649.499s step_avg:1817.48ms
step:2009/3325 train_time:3651.293s step_avg:1817.47ms
step:2010/3325 train_time:3653.103s step_avg:1817.46ms
step:2011/3325 train_time:3654.896s step_avg:1817.45ms
step:2012/3325 train_time:3656.689s step_avg:1817.44ms
step:2013/3325 train_time:3658.482s step_avg:1817.43ms
step:2014/3325 train_time:3660.278s step_avg:1817.42ms
step:2015/3325 train_time:3662.072s step_avg:1817.41ms
step:2016/3325 train_time:3663.865s step_avg:1817.39ms
step:2017/3325 train_time:3665.658s step_avg:1817.38ms
step:2018/3325 train_time:3667.452s step_avg:1817.37ms
step:2019/3325 train_time:3669.247s step_avg:1817.36ms
step:2020/3325 train_time:3671.042s step_avg:1817.35ms
step:2021/3325 train_time:3672.837s step_avg:1817.34ms
step:2022/3325 train_time:3674.631s step_avg:1817.32ms
step:2023/3325 train_time:3676.424s step_avg:1817.31ms
step:2024/3325 train_time:3678.217s step_avg:1817.30ms
step:2025/3325 train_time:3680.285s step_avg:1817.42ms
step:2026/3325 train_time:3682.079s step_avg:1817.41ms
step:2027/3325 train_time:3683.873s step_avg:1817.40ms
step:2028/3325 train_time:3685.671s step_avg:1817.39ms
step:2029/3325 train_time:3687.465s step_avg:1817.38ms
step:2030/3325 train_time:3689.260s step_avg:1817.37ms
step:2031/3325 train_time:3691.054s step_avg:1817.36ms
step:2032/3325 train_time:3692.847s step_avg:1817.35ms
step:2033/3325 train_time:3694.640s step_avg:1817.33ms
step:2034/3325 train_time:3696.434s step_avg:1817.32ms
step:2035/3325 train_time:3698.228s step_avg:1817.31ms
step:2036/3325 train_time:3700.021s step_avg:1817.30ms
step:2037/3325 train_time:3701.815s step_avg:1817.29ms
step:2038/3325 train_time:3703.609s step_avg:1817.28ms
step:2039/3325 train_time:3705.403s step_avg:1817.26ms
step:2040/3325 train_time:3707.213s step_avg:1817.26ms
step:2041/3325 train_time:3709.007s step_avg:1817.25ms
step:2042/3325 train_time:3710.802s step_avg:1817.24ms
step:2043/3325 train_time:3712.596s step_avg:1817.23ms
step:2044/3325 train_time:3714.390s step_avg:1817.22ms
step:2045/3325 train_time:3716.182s step_avg:1817.20ms
step:2046/3325 train_time:3717.975s step_avg:1817.19ms
step:2047/3325 train_time:3719.768s step_avg:1817.18ms
step:2048/3325 train_time:3721.562s step_avg:1817.17ms
step:2049/3325 train_time:3723.356s step_avg:1817.16ms
step:2050/3325 train_time:3725.425s step_avg:1817.28ms
step:2051/3325 train_time:3727.219s step_avg:1817.27ms
step:2052/3325 train_time:3729.013s step_avg:1817.26ms
step:2053/3325 train_time:3730.807s step_avg:1817.25ms
step:2054/3325 train_time:3732.600s step_avg:1817.23ms
step:2055/3325 train_time:3734.393s step_avg:1817.22ms
step:2056/3325 train_time:3736.187s step_avg:1817.21ms
step:2057/3325 train_time:3737.980s step_avg:1817.20ms
step:2058/3325 train_time:3739.774s step_avg:1817.19ms
step:2059/3325 train_time:3741.568s step_avg:1817.18ms
step:2060/3325 train_time:3743.362s step_avg:1817.17ms
step:2061/3325 train_time:3745.156s step_avg:1817.15ms
step:2062/3325 train_time:3746.950s step_avg:1817.14ms
step:2063/3325 train_time:3748.744s step_avg:1817.13ms
step:2064/3325 train_time:3750.539s step_avg:1817.12ms
step:2065/3325 train_time:3752.333s step_avg:1817.11ms
step:2066/3325 train_time:3754.127s step_avg:1817.10ms
step:2067/3325 train_time:3755.920s step_avg:1817.09ms
step:2068/3325 train_time:3757.713s step_avg:1817.08ms
step:2069/3325 train_time:3759.507s step_avg:1817.06ms
step:2070/3325 train_time:3761.316s step_avg:1817.06ms
step:2071/3325 train_time:3763.110s step_avg:1817.05ms
step:2072/3325 train_time:3764.904s step_avg:1817.04ms
step:2073/3325 train_time:3766.698s step_avg:1817.03ms
step:2074/3325 train_time:3768.492s step_avg:1817.02ms
step:2075/3325 train_time:3770.560s step_avg:1817.14ms
step:2076/3325 train_time:3772.353s step_avg:1817.13ms
step:2077/3325 train_time:3774.146s step_avg:1817.11ms
step:2078/3325 train_time:3775.940s step_avg:1817.10ms
step:2079/3325 train_time:3777.733s step_avg:1817.09ms
step:2080/3325 train_time:3779.528s step_avg:1817.08ms
step:2081/3325 train_time:3781.323s step_avg:1817.07ms
step:2082/3325 train_time:3783.117s step_avg:1817.06ms
step:2083/3325 train_time:3784.910s step_avg:1817.05ms
step:2084/3325 train_time:3786.703s step_avg:1817.04ms
step:2085/3325 train_time:3788.496s step_avg:1817.02ms
step:2086/3325 train_time:3790.291s step_avg:1817.01ms
step:2087/3325 train_time:3792.084s step_avg:1817.00ms
step:2088/3325 train_time:3793.877s step_avg:1816.99ms
step:2089/3325 train_time:3795.670s step_avg:1816.98ms
step:2090/3325 train_time:3797.463s step_avg:1816.97ms
step:2091/3325 train_time:3799.292s step_avg:1816.97ms
step:2092/3325 train_time:3801.085s step_avg:1816.96ms
step:2093/3325 train_time:3802.878s step_avg:1816.95ms
step:2094/3325 train_time:3804.672s step_avg:1816.94ms
step:2095/3325 train_time:3806.465s step_avg:1816.93ms
step:2096/3325 train_time:3808.259s step_avg:1816.92ms
step:2097/3325 train_time:3810.053s step_avg:1816.91ms
step:2098/3325 train_time:3811.848s step_avg:1816.90ms
step:2099/3325 train_time:3813.642s step_avg:1816.89ms
step:2100/3325 train_time:3815.728s step_avg:1817.01ms
step:2101/3325 train_time:3817.521s step_avg:1817.00ms
step:2102/3325 train_time:3819.313s step_avg:1816.99ms
step:2103/3325 train_time:3821.106s step_avg:1816.98ms
step:2104/3325 train_time:3822.900s step_avg:1816.97ms
step:2105/3325 train_time:3824.693s step_avg:1816.96ms
step:2106/3325 train_time:3826.487s step_avg:1816.95ms
step:2107/3325 train_time:3828.281s step_avg:1816.93ms
step:2108/3325 train_time:3830.075s step_avg:1816.92ms
step:2109/3325 train_time:3831.869s step_avg:1816.91ms
step:2110/3325 train_time:3833.663s step_avg:1816.90ms
step:2111/3325 train_time:3835.458s step_avg:1816.89ms
step:2112/3325 train_time:3837.252s step_avg:1816.88ms
step:2113/3325 train_time:3839.045s step_avg:1816.87ms
step:2114/3325 train_time:3840.838s step_avg:1816.86ms
step:2115/3325 train_time:3842.631s step_avg:1816.85ms
step:2116/3325 train_time:3844.424s step_avg:1816.84ms
step:2117/3325 train_time:3846.216s step_avg:1816.82ms
step:2118/3325 train_time:3848.010s step_avg:1816.81ms
step:2119/3325 train_time:3849.803s step_avg:1816.80ms
step:2120/3325 train_time:3851.597s step_avg:1816.79ms
step:2121/3325 train_time:3853.390s step_avg:1816.78ms
step:2122/3325 train_time:3855.184s step_avg:1816.77ms
step:2123/3325 train_time:3856.977s step_avg:1816.76ms
step:2124/3325 train_time:3858.770s step_avg:1816.75ms
step:2125/3325 train_time:3860.904s step_avg:1816.90ms
step:2125/3325 val_loss:3.43760 train_time:3860.904s step_avg:1806.14ms
step:2126/3325 train_time:3862.697s step_avg:1816.88ms
step:2127/3325 train_time:3864.490s step_avg:1816.87ms
step:2128/3325 train_time:3866.283s step_avg:1816.86ms
step:2129/3325 train_time:3868.077s step_avg:1816.85ms
step:2130/3325 train_time:3869.887s step_avg:1816.85ms
step:2131/3325 train_time:3871.681s step_avg:1816.84ms
step:2132/3325 train_time:3873.475s step_avg:1816.83ms
step:2133/3325 train_time:3875.269s step_avg:1816.82ms
step:2134/3325 train_time:3877.063s step_avg:1816.81ms
step:2135/3325 train_time:3878.857s step_avg:1816.79ms
step:2136/3325 train_time:3880.651s step_avg:1816.78ms
step:2137/3325 train_time:3882.445s step_avg:1816.77ms
step:2138/3325 train_time:3884.238s step_avg:1816.76ms
step:2139/3325 train_time:3886.031s step_avg:1816.75ms
step:2140/3325 train_time:3887.825s step_avg:1816.74ms
step:2141/3325 train_time:3889.618s step_avg:1816.73ms
step:2142/3325 train_time:3891.411s step_avg:1816.72ms
step:2143/3325 train_time:3893.204s step_avg:1816.71ms
step:2144/3325 train_time:3894.998s step_avg:1816.70ms
step:2145/3325 train_time:3896.792s step_avg:1816.69ms
step:2146/3325 train_time:3898.586s step_avg:1816.68ms
step:2147/3325 train_time:3900.381s step_avg:1816.67ms
step:2148/3325 train_time:3902.175s step_avg:1816.66ms
step:2149/3325 train_time:3903.969s step_avg:1816.64ms
step:2150/3325 train_time:3906.040s step_avg:1816.76ms
step:2151/3325 train_time:3907.835s step_avg:1816.75ms
step:2152/3325 train_time:3909.630s step_avg:1816.74ms
step:2153/3325 train_time:3911.424s step_avg:1816.73ms
step:2154/3325 train_time:3913.220s step_avg:1816.72ms
step:2155/3325 train_time:3915.017s step_avg:1816.71ms
step:2156/3325 train_time:3916.811s step_avg:1816.70ms
step:2157/3325 train_time:3918.609s step_avg:1816.69ms
step:2158/3325 train_time:3920.403s step_avg:1816.68ms
step:2159/3325 train_time:3922.199s step_avg:1816.67ms
step:2160/3325 train_time:3924.009s step_avg:1816.67ms
step:2161/3325 train_time:3925.806s step_avg:1816.66ms
step:2162/3325 train_time:3927.600s step_avg:1816.65ms
step:2163/3325 train_time:3929.396s step_avg:1816.64ms
step:2164/3325 train_time:3931.192s step_avg:1816.63ms
step:2165/3325 train_time:3932.988s step_avg:1816.62ms
step:2166/3325 train_time:3934.786s step_avg:1816.61ms
step:2167/3325 train_time:3936.581s step_avg:1816.60ms
step:2168/3325 train_time:3938.376s step_avg:1816.59ms
step:2169/3325 train_time:3940.171s step_avg:1816.58ms
step:2170/3325 train_time:3941.966s step_avg:1816.57ms
step:2171/3325 train_time:3943.764s step_avg:1816.57ms
step:2172/3325 train_time:3945.558s step_avg:1816.56ms
step:2173/3325 train_time:3947.353s step_avg:1816.55ms
step:2174/3325 train_time:3949.149s step_avg:1816.54ms
step:2175/3325 train_time:3951.231s step_avg:1816.66ms
step:2176/3325 train_time:3953.024s step_avg:1816.65ms
step:2177/3325 train_time:3954.818s step_avg:1816.64ms
step:2178/3325 train_time:3956.614s step_avg:1816.63ms
step:2179/3325 train_time:3958.412s step_avg:1816.62ms
step:2180/3325 train_time:3960.208s step_avg:1816.61ms
step:2181/3325 train_time:3962.002s step_avg:1816.60ms
step:2182/3325 train_time:3963.797s step_avg:1816.59ms
step:2183/3325 train_time:3965.592s step_avg:1816.58ms
step:2184/3325 train_time:3967.387s step_avg:1816.57ms
step:2185/3325 train_time:3969.184s step_avg:1816.56ms
step:2186/3325 train_time:3970.980s step_avg:1816.55ms
step:2187/3325 train_time:3972.775s step_avg:1816.54ms
step:2188/3325 train_time:3974.571s step_avg:1816.53ms
step:2189/3325 train_time:3976.365s step_avg:1816.52ms
step:2190/3325 train_time:3978.175s step_avg:1816.52ms
step:2191/3325 train_time:3979.968s step_avg:1816.51ms
step:2192/3325 train_time:3981.762s step_avg:1816.50ms
step:2193/3325 train_time:3983.555s step_avg:1816.49ms
step:2194/3325 train_time:3985.350s step_avg:1816.48ms
step:2195/3325 train_time:3987.144s step_avg:1816.47ms
step:2196/3325 train_time:3988.940s step_avg:1816.46ms
step:2197/3325 train_time:3990.733s step_avg:1816.45ms
step:2198/3325 train_time:3992.528s step_avg:1816.44ms
step:2199/3325 train_time:3994.322s step_avg:1816.43ms
step:2200/3325 train_time:3996.393s step_avg:1816.54ms
step:2201/3325 train_time:3998.186s step_avg:1816.53ms
step:2202/3325 train_time:3999.980s step_avg:1816.52ms
step:2203/3325 train_time:4001.774s step_avg:1816.51ms
step:2204/3325 train_time:4003.567s step_avg:1816.50ms
step:2205/3325 train_time:4005.360s step_avg:1816.49ms
step:2206/3325 train_time:4007.153s step_avg:1816.48ms
step:2207/3325 train_time:4008.947s step_avg:1816.47ms
step:2208/3325 train_time:4010.740s step_avg:1816.46ms
step:2209/3325 train_time:4012.534s step_avg:1816.45ms
step:2210/3325 train_time:4014.329s step_avg:1816.44ms
step:2211/3325 train_time:4016.123s step_avg:1816.43ms
step:2212/3325 train_time:4017.917s step_avg:1816.42ms
step:2213/3325 train_time:4019.712s step_avg:1816.41ms
step:2214/3325 train_time:4021.505s step_avg:1816.40ms
step:2215/3325 train_time:4023.298s step_avg:1816.39ms
step:2216/3325 train_time:4025.092s step_avg:1816.38ms
step:2217/3325 train_time:4026.886s step_avg:1816.37ms
step:2218/3325 train_time:4028.681s step_avg:1816.36ms
step:2219/3325 train_time:4030.477s step_avg:1816.35ms
step:2220/3325 train_time:4032.288s step_avg:1816.35ms
step:2221/3325 train_time:4034.083s step_avg:1816.34ms
step:2222/3325 train_time:4035.878s step_avg:1816.33ms
step:2223/3325 train_time:4037.673s step_avg:1816.32ms
step:2224/3325 train_time:4039.469s step_avg:1816.31ms
step:2225/3325 train_time:4041.543s step_avg:1816.42ms
step:2226/3325 train_time:4043.337s step_avg:1816.41ms
step:2227/3325 train_time:4045.131s step_avg:1816.40ms
step:2228/3325 train_time:4046.925s step_avg:1816.39ms
step:2229/3325 train_time:4048.719s step_avg:1816.38ms
step:2230/3325 train_time:4050.514s step_avg:1816.37ms
step:2231/3325 train_time:4052.309s step_avg:1816.36ms
step:2232/3325 train_time:4054.105s step_avg:1816.36ms
step:2233/3325 train_time:4055.899s step_avg:1816.35ms
step:2234/3325 train_time:4057.694s step_avg:1816.34ms
step:2235/3325 train_time:4059.490s step_avg:1816.33ms
step:2236/3325 train_time:4061.283s step_avg:1816.32ms
step:2237/3325 train_time:4063.077s step_avg:1816.31ms
step:2238/3325 train_time:4064.872s step_avg:1816.30ms
step:2239/3325 train_time:4066.666s step_avg:1816.29ms
step:2240/3325 train_time:4068.461s step_avg:1816.28ms
step:2241/3325 train_time:4070.256s step_avg:1816.27ms
step:2242/3325 train_time:4072.050s step_avg:1816.26ms
step:2243/3325 train_time:4073.844s step_avg:1816.25ms
step:2244/3325 train_time:4075.641s step_avg:1816.24ms
step:2245/3325 train_time:4077.437s step_avg:1816.23ms
step:2246/3325 train_time:4079.234s step_avg:1816.22ms
step:2247/3325 train_time:4081.029s step_avg:1816.21ms
step:2248/3325 train_time:4082.825s step_avg:1816.20ms
step:2249/3325 train_time:4084.619s step_avg:1816.19ms
step:2250/3325 train_time:4086.777s step_avg:1816.35ms
step:2250/3325 val_loss:3.42724 train_time:4086.778s step_avg:1806.99ms
step:2251/3325 train_time:4088.573s step_avg:1816.34ms
step:2252/3325 train_time:4090.367s step_avg:1816.33ms
step:2253/3325 train_time:4092.161s step_avg:1816.32ms
step:2254/3325 train_time:4093.956s step_avg:1816.31ms
step:2255/3325 train_time:4095.750s step_avg:1816.30ms
step:2256/3325 train_time:4097.545s step_avg:1816.29ms
step:2257/3325 train_time:4099.339s step_avg:1816.28ms
step:2258/3325 train_time:4101.135s step_avg:1816.27ms
step:2259/3325 train_time:4102.929s step_avg:1816.26ms
step:2260/3325 train_time:4104.723s step_avg:1816.25ms
step:2261/3325 train_time:4106.517s step_avg:1816.24ms
step:2262/3325 train_time:4108.311s step_avg:1816.23ms
step:2263/3325 train_time:4110.105s step_avg:1816.22ms
step:2264/3325 train_time:4111.901s step_avg:1816.21ms
step:2265/3325 train_time:4113.695s step_avg:1816.20ms
step:2266/3325 train_time:4115.488s step_avg:1816.19ms
step:2267/3325 train_time:4117.282s step_avg:1816.18ms
step:2268/3325 train_time:4119.075s step_avg:1816.17ms
step:2269/3325 train_time:4120.868s step_avg:1816.16ms
step:2270/3325 train_time:4122.662s step_avg:1816.15ms
step:2271/3325 train_time:4124.456s step_avg:1816.14ms
step:2272/3325 train_time:4126.251s step_avg:1816.13ms
step:2273/3325 train_time:4128.047s step_avg:1816.12ms
step:2274/3325 train_time:4129.841s step_avg:1816.11ms
step:2275/3325 train_time:4131.914s step_avg:1816.23ms
step:2276/3325 train_time:4133.707s step_avg:1816.22ms
step:2277/3325 train_time:4135.500s step_avg:1816.21ms
step:2278/3325 train_time:4137.293s step_avg:1816.20ms
step:2279/3325 train_time:4139.086s step_avg:1816.19ms
step:2280/3325 train_time:4140.896s step_avg:1816.18ms
step:2281/3325 train_time:4142.722s step_avg:1816.19ms
step:2282/3325 train_time:4144.516s step_avg:1816.18ms
step:2283/3325 train_time:4146.309s step_avg:1816.17ms
step:2284/3325 train_time:4148.103s step_avg:1816.16ms
step:2285/3325 train_time:4149.899s step_avg:1816.15ms
step:2286/3325 train_time:4151.696s step_avg:1816.14ms
step:2287/3325 train_time:4153.490s step_avg:1816.13ms
step:2288/3325 train_time:4155.284s step_avg:1816.12ms
step:2289/3325 train_time:4157.078s step_avg:1816.11ms
step:2290/3325 train_time:4158.873s step_avg:1816.10ms
step:2291/3325 train_time:4160.667s step_avg:1816.09ms
step:2292/3325 train_time:4162.462s step_avg:1816.08ms
step:2293/3325 train_time:4164.256s step_avg:1816.07ms
step:2294/3325 train_time:4166.049s step_avg:1816.06ms
step:2295/3325 train_time:4167.844s step_avg:1816.05ms
step:2296/3325 train_time:4169.637s step_avg:1816.04ms
step:2297/3325 train_time:4171.431s step_avg:1816.03ms
step:2298/3325 train_time:4173.225s step_avg:1816.02ms
step:2299/3325 train_time:4175.019s step_avg:1816.02ms
step:2300/3325 train_time:4177.093s step_avg:1816.13ms
step:2301/3325 train_time:4178.893s step_avg:1816.12ms
step:2302/3325 train_time:4180.689s step_avg:1816.11ms
step:2303/3325 train_time:4182.482s step_avg:1816.10ms
step:2304/3325 train_time:4184.276s step_avg:1816.09ms
step:2305/3325 train_time:4186.069s step_avg:1816.08ms
step:2306/3325 train_time:4187.864s step_avg:1816.07ms
step:2307/3325 train_time:4189.658s step_avg:1816.06ms
step:2308/3325 train_time:4191.453s step_avg:1816.05ms
step:2309/3325 train_time:4193.246s step_avg:1816.04ms
step:2310/3325 train_time:4195.056s step_avg:1816.04ms
step:2311/3325 train_time:4196.852s step_avg:1816.03ms
step:2312/3325 train_time:4198.646s step_avg:1816.02ms
step:2313/3325 train_time:4200.440s step_avg:1816.01ms
step:2314/3325 train_time:4202.235s step_avg:1816.00ms
step:2315/3325 train_time:4204.030s step_avg:1816.00ms
step:2316/3325 train_time:4205.825s step_avg:1815.99ms
step:2317/3325 train_time:4207.618s step_avg:1815.98ms
step:2318/3325 train_time:4209.412s step_avg:1815.97ms
step:2319/3325 train_time:4211.205s step_avg:1815.96ms
step:2320/3325 train_time:4213.000s step_avg:1815.95ms
step:2321/3325 train_time:4214.794s step_avg:1815.94ms
step:2322/3325 train_time:4216.591s step_avg:1815.93ms
step:2323/3325 train_time:4218.385s step_avg:1815.92ms
step:2324/3325 train_time:4220.181s step_avg:1815.91ms
step:2325/3325 train_time:4222.255s step_avg:1816.02ms
step:2326/3325 train_time:4224.053s step_avg:1816.02ms
step:2327/3325 train_time:4225.849s step_avg:1816.01ms
step:2328/3325 train_time:4227.643s step_avg:1816.00ms
step:2329/3325 train_time:4229.436s step_avg:1815.99ms
step:2330/3325 train_time:4231.230s step_avg:1815.98ms
step:2331/3325 train_time:4233.025s step_avg:1815.97ms
step:2332/3325 train_time:4234.819s step_avg:1815.96ms
step:2333/3325 train_time:4236.613s step_avg:1815.95ms
step:2334/3325 train_time:4238.408s step_avg:1815.94ms
step:2335/3325 train_time:4240.203s step_avg:1815.93ms
step:2336/3325 train_time:4241.997s step_avg:1815.92ms
step:2337/3325 train_time:4243.796s step_avg:1815.92ms
step:2338/3325 train_time:4245.593s step_avg:1815.91ms
step:2339/3325 train_time:4247.390s step_avg:1815.90ms
step:2340/3325 train_time:4249.202s step_avg:1815.90ms
step:2341/3325 train_time:4250.998s step_avg:1815.89ms
step:2342/3325 train_time:4252.795s step_avg:1815.88ms
step:2343/3325 train_time:4254.591s step_avg:1815.87ms
step:2344/3325 train_time:4256.385s step_avg:1815.86ms
step:2345/3325 train_time:4258.179s step_avg:1815.85ms
step:2346/3325 train_time:4259.975s step_avg:1815.85ms
step:2347/3325 train_time:4261.770s step_avg:1815.84ms
step:2348/3325 train_time:4263.564s step_avg:1815.83ms
step:2349/3325 train_time:4265.359s step_avg:1815.82ms
step:2350/3325 train_time:4267.436s step_avg:1815.93ms
step:2351/3325 train_time:4269.231s step_avg:1815.92ms
step:2352/3325 train_time:4271.027s step_avg:1815.91ms
step:2353/3325 train_time:4272.822s step_avg:1815.90ms
step:2354/3325 train_time:4274.615s step_avg:1815.89ms
step:2355/3325 train_time:4276.409s step_avg:1815.88ms
step:2356/3325 train_time:4278.204s step_avg:1815.88ms
step:2357/3325 train_time:4279.998s step_avg:1815.87ms
step:2358/3325 train_time:4281.794s step_avg:1815.86ms
step:2359/3325 train_time:4283.591s step_avg:1815.85ms
step:2360/3325 train_time:4285.386s step_avg:1815.84ms
step:2361/3325 train_time:4287.181s step_avg:1815.83ms
step:2362/3325 train_time:4288.976s step_avg:1815.82ms
step:2363/3325 train_time:4290.771s step_avg:1815.82ms
step:2364/3325 train_time:4292.567s step_avg:1815.81ms
step:2365/3325 train_time:4294.362s step_avg:1815.80ms
step:2366/3325 train_time:4296.156s step_avg:1815.79ms
step:2367/3325 train_time:4297.949s step_avg:1815.78ms
step:2368/3325 train_time:4299.742s step_avg:1815.77ms
step:2369/3325 train_time:4301.536s step_avg:1815.76ms
step:2370/3325 train_time:4303.346s step_avg:1815.76ms
step:2371/3325 train_time:4305.140s step_avg:1815.75ms
step:2372/3325 train_time:4306.936s step_avg:1815.74ms
step:2373/3325 train_time:4308.732s step_avg:1815.73ms
step:2374/3325 train_time:4310.527s step_avg:1815.72ms
step:2375/3325 train_time:4312.666s step_avg:1815.86ms
step:2375/3325 val_loss:3.40041 train_time:4312.666s step_avg:1807.11ms
step:2376/3325 train_time:4314.461s step_avg:1815.85ms
step:2377/3325 train_time:4316.260s step_avg:1815.84ms
step:2378/3325 train_time:4318.055s step_avg:1815.83ms
step:2379/3325 train_time:4319.851s step_avg:1815.83ms
step:2380/3325 train_time:4321.644s step_avg:1815.82ms
step:2381/3325 train_time:4323.440s step_avg:1815.81ms
step:2382/3325 train_time:4325.235s step_avg:1815.80ms
step:2383/3325 train_time:4327.029s step_avg:1815.79ms
step:2384/3325 train_time:4328.823s step_avg:1815.78ms
step:2385/3325 train_time:4330.619s step_avg:1815.77ms
step:2386/3325 train_time:4332.414s step_avg:1815.76ms
step:2387/3325 train_time:4334.208s step_avg:1815.76ms
step:2388/3325 train_time:4336.003s step_avg:1815.75ms
step:2389/3325 train_time:4337.799s step_avg:1815.74ms
step:2390/3325 train_time:4339.593s step_avg:1815.73ms
step:2391/3325 train_time:4341.389s step_avg:1815.72ms
step:2392/3325 train_time:4343.183s step_avg:1815.71ms
step:2393/3325 train_time:4344.978s step_avg:1815.70ms
step:2394/3325 train_time:4346.773s step_avg:1815.69ms
step:2395/3325 train_time:4348.567s step_avg:1815.69ms
step:2396/3325 train_time:4350.362s step_avg:1815.68ms
step:2397/3325 train_time:4352.157s step_avg:1815.67ms
step:2398/3325 train_time:4353.952s step_avg:1815.66ms
step:2399/3325 train_time:4355.745s step_avg:1815.65ms
step:2400/3325 train_time:4357.838s step_avg:1815.77ms
step:2401/3325 train_time:4359.632s step_avg:1815.76ms
step:2402/3325 train_time:4361.428s step_avg:1815.75ms
step:2403/3325 train_time:4363.223s step_avg:1815.74ms
step:2404/3325 train_time:4365.017s step_avg:1815.73ms
step:2405/3325 train_time:4366.811s step_avg:1815.72ms
step:2406/3325 train_time:4368.606s step_avg:1815.71ms
step:2407/3325 train_time:4370.401s step_avg:1815.70ms
step:2408/3325 train_time:4372.197s step_avg:1815.70ms
step:2409/3325 train_time:4373.992s step_avg:1815.69ms
step:2410/3325 train_time:4375.787s step_avg:1815.68ms
step:2411/3325 train_time:4377.585s step_avg:1815.67ms
step:2412/3325 train_time:4379.380s step_avg:1815.66ms
step:2413/3325 train_time:4381.176s step_avg:1815.66ms
step:2414/3325 train_time:4382.972s step_avg:1815.65ms
step:2415/3325 train_time:4384.767s step_avg:1815.64ms
step:2416/3325 train_time:4386.562s step_avg:1815.63ms
step:2417/3325 train_time:4388.358s step_avg:1815.62ms
step:2418/3325 train_time:4390.153s step_avg:1815.61ms
step:2419/3325 train_time:4391.948s step_avg:1815.60ms
step:2420/3325 train_time:4393.745s step_avg:1815.60ms
step:2421/3325 train_time:4395.541s step_avg:1815.59ms
step:2422/3325 train_time:4397.337s step_avg:1815.58ms
step:2423/3325 train_time:4399.132s step_avg:1815.57ms
step:2424/3325 train_time:4400.928s step_avg:1815.56ms
step:2425/3325 train_time:4403.003s step_avg:1815.67ms
step:2426/3325 train_time:4404.797s step_avg:1815.66ms
step:2427/3325 train_time:4406.591s step_avg:1815.65ms
step:2428/3325 train_time:4408.386s step_avg:1815.65ms
step:2429/3325 train_time:4410.181s step_avg:1815.64ms
step:2430/3325 train_time:4411.996s step_avg:1815.64ms
step:2431/3325 train_time:4413.793s step_avg:1815.63ms
step:2432/3325 train_time:4415.588s step_avg:1815.62ms
step:2433/3325 train_time:4417.388s step_avg:1815.61ms
step:2434/3325 train_time:4419.183s step_avg:1815.61ms
step:2435/3325 train_time:4420.979s step_avg:1815.60ms
step:2436/3325 train_time:4422.774s step_avg:1815.59ms
step:2437/3325 train_time:4424.570s step_avg:1815.58ms
step:2438/3325 train_time:4426.366s step_avg:1815.57ms
step:2439/3325 train_time:4428.162s step_avg:1815.56ms
step:2440/3325 train_time:4429.959s step_avg:1815.56ms
step:2441/3325 train_time:4431.754s step_avg:1815.55ms
step:2442/3325 train_time:4433.550s step_avg:1815.54ms
step:2443/3325 train_time:4435.345s step_avg:1815.53ms
step:2444/3325 train_time:4437.141s step_avg:1815.52ms
step:2445/3325 train_time:4438.936s step_avg:1815.52ms
step:2446/3325 train_time:4440.731s step_avg:1815.51ms
step:2447/3325 train_time:4442.529s step_avg:1815.50ms
step:2448/3325 train_time:4444.326s step_avg:1815.49ms
step:2449/3325 train_time:4446.124s step_avg:1815.49ms
step:2450/3325 train_time:4448.201s step_avg:1815.59ms
step:2451/3325 train_time:4449.996s step_avg:1815.58ms
step:2452/3325 train_time:4451.790s step_avg:1815.58ms
step:2453/3325 train_time:4453.585s step_avg:1815.57ms
step:2454/3325 train_time:4455.382s step_avg:1815.56ms
step:2455/3325 train_time:4457.179s step_avg:1815.55ms
step:2456/3325 train_time:4458.973s step_avg:1815.54ms
step:2457/3325 train_time:4460.768s step_avg:1815.53ms
step:2458/3325 train_time:4462.563s step_avg:1815.53ms
step:2459/3325 train_time:4464.360s step_avg:1815.52ms
step:2460/3325 train_time:4466.172s step_avg:1815.52ms
step:2461/3325 train_time:4467.969s step_avg:1815.51ms
step:2462/3325 train_time:4469.767s step_avg:1815.50ms
step:2463/3325 train_time:4471.564s step_avg:1815.49ms
step:2464/3325 train_time:4473.359s step_avg:1815.49ms
step:2465/3325 train_time:4475.156s step_avg:1815.48ms
step:2466/3325 train_time:4476.951s step_avg:1815.47ms
step:2467/3325 train_time:4478.747s step_avg:1815.46ms
step:2468/3325 train_time:4480.543s step_avg:1815.46ms
step:2469/3325 train_time:4482.337s step_avg:1815.45ms
step:2470/3325 train_time:4484.132s step_avg:1815.44ms
step:2471/3325 train_time:4485.964s step_avg:1815.44ms
step:2472/3325 train_time:4487.761s step_avg:1815.44ms
step:2473/3325 train_time:4489.557s step_avg:1815.43ms
step:2474/3325 train_time:4491.352s step_avg:1815.42ms
step:2475/3325 train_time:4493.426s step_avg:1815.53ms
step:2476/3325 train_time:4495.221s step_avg:1815.52ms
step:2477/3325 train_time:4497.016s step_avg:1815.51ms
step:2478/3325 train_time:4498.812s step_avg:1815.50ms
step:2479/3325 train_time:4500.606s step_avg:1815.49ms
step:2480/3325 train_time:4502.401s step_avg:1815.48ms
step:2481/3325 train_time:4504.196s step_avg:1815.48ms
step:2482/3325 train_time:4505.990s step_avg:1815.47ms
step:2483/3325 train_time:4507.784s step_avg:1815.46ms
step:2484/3325 train_time:4509.578s step_avg:1815.45ms
step:2485/3325 train_time:4511.371s step_avg:1815.44ms
step:2486/3325 train_time:4513.165s step_avg:1815.43ms
step:2487/3325 train_time:4514.958s step_avg:1815.42ms
step:2488/3325 train_time:4516.751s step_avg:1815.41ms
step:2489/3325 train_time:4518.545s step_avg:1815.41ms
step:2490/3325 train_time:4520.355s step_avg:1815.40ms
step:2491/3325 train_time:4522.148s step_avg:1815.39ms
step:2492/3325 train_time:4523.941s step_avg:1815.39ms
step:2493/3325 train_time:4525.735s step_avg:1815.38ms
step:2494/3325 train_time:4527.530s step_avg:1815.37ms
step:2495/3325 train_time:4529.324s step_avg:1815.36ms
step:2496/3325 train_time:4531.118s step_avg:1815.35ms
step:2497/3325 train_time:4532.911s step_avg:1815.34ms
step:2498/3325 train_time:4534.705s step_avg:1815.33ms
step:2499/3325 train_time:4536.498s step_avg:1815.33ms
step:2500/3325 train_time:4538.634s step_avg:1815.45ms
step:2500/3325 val_loss:3.37694 train_time:4538.634s step_avg:1807.74ms
step:2501/3325 train_time:4540.427s step_avg:1815.44ms
step:2502/3325 train_time:4542.221s step_avg:1815.44ms
step:2503/3325 train_time:4544.015s step_avg:1815.43ms
step:2504/3325 train_time:4545.809s step_avg:1815.42ms
step:2505/3325 train_time:4547.603s step_avg:1815.41ms
step:2506/3325 train_time:4549.397s step_avg:1815.40ms
step:2507/3325 train_time:4551.192s step_avg:1815.39ms
step:2508/3325 train_time:4552.986s step_avg:1815.39ms
step:2509/3325 train_time:4554.782s step_avg:1815.38ms
step:2510/3325 train_time:4556.576s step_avg:1815.37ms
step:2511/3325 train_time:4558.370s step_avg:1815.36ms
step:2512/3325 train_time:4560.163s step_avg:1815.35ms
step:2513/3325 train_time:4561.956s step_avg:1815.34ms
step:2514/3325 train_time:4563.749s step_avg:1815.33ms
step:2515/3325 train_time:4565.542s step_avg:1815.32ms
step:2516/3325 train_time:4567.336s step_avg:1815.32ms
step:2517/3325 train_time:4569.130s step_avg:1815.31ms
step:2518/3325 train_time:4570.923s step_avg:1815.30ms
step:2519/3325 train_time:4572.719s step_avg:1815.29ms
step:2520/3325 train_time:4574.529s step_avg:1815.29ms
step:2521/3325 train_time:4576.324s step_avg:1815.28ms
step:2522/3325 train_time:4578.118s step_avg:1815.27ms
step:2523/3325 train_time:4579.912s step_avg:1815.26ms
step:2524/3325 train_time:4581.705s step_avg:1815.26ms
step:2525/3325 train_time:4583.772s step_avg:1815.36ms
step:2526/3325 train_time:4585.566s step_avg:1815.35ms
step:2527/3325 train_time:4587.359s step_avg:1815.34ms
step:2528/3325 train_time:4589.152s step_avg:1815.33ms
step:2529/3325 train_time:4590.946s step_avg:1815.32ms
step:2530/3325 train_time:4592.739s step_avg:1815.31ms
step:2531/3325 train_time:4594.534s step_avg:1815.30ms
step:2532/3325 train_time:4596.328s step_avg:1815.30ms
step:2533/3325 train_time:4598.120s step_avg:1815.29ms
step:2534/3325 train_time:4599.913s step_avg:1815.28ms
step:2535/3325 train_time:4601.707s step_avg:1815.27ms
step:2536/3325 train_time:4603.500s step_avg:1815.26ms
step:2537/3325 train_time:4605.294s step_avg:1815.25ms
step:2538/3325 train_time:4607.088s step_avg:1815.24ms
step:2539/3325 train_time:4608.881s step_avg:1815.23ms
step:2540/3325 train_time:4610.674s step_avg:1815.23ms
step:2541/3325 train_time:4612.468s step_avg:1815.22ms
step:2542/3325 train_time:4614.262s step_avg:1815.21ms
step:2543/3325 train_time:4616.057s step_avg:1815.20ms
step:2544/3325 train_time:4617.850s step_avg:1815.19ms
step:2545/3325 train_time:4619.643s step_avg:1815.18ms
step:2546/3325 train_time:4621.437s step_avg:1815.18ms
step:2547/3325 train_time:4623.230s step_avg:1815.17ms
step:2548/3325 train_time:4625.024s step_avg:1815.16ms
step:2549/3325 train_time:4626.818s step_avg:1815.15ms
step:2550/3325 train_time:4628.903s step_avg:1815.26ms
step:2551/3325 train_time:4630.697s step_avg:1815.25ms
step:2552/3325 train_time:4632.492s step_avg:1815.24ms
step:2553/3325 train_time:4634.286s step_avg:1815.23ms
step:2554/3325 train_time:4636.079s step_avg:1815.22ms
step:2555/3325 train_time:4637.872s step_avg:1815.21ms
step:2556/3325 train_time:4639.666s step_avg:1815.21ms
step:2557/3325 train_time:4641.458s step_avg:1815.20ms
step:2558/3325 train_time:4643.252s step_avg:1815.19ms
step:2559/3325 train_time:4645.046s step_avg:1815.18ms
step:2560/3325 train_time:4646.840s step_avg:1815.17ms
step:2561/3325 train_time:4648.634s step_avg:1815.16ms
step:2562/3325 train_time:4650.427s step_avg:1815.16ms
step:2563/3325 train_time:4652.222s step_avg:1815.15ms
step:2564/3325 train_time:4654.016s step_avg:1815.14ms
step:2565/3325 train_time:4655.811s step_avg:1815.13ms
step:2566/3325 train_time:4657.604s step_avg:1815.12ms
step:2567/3325 train_time:4659.398s step_avg:1815.11ms
step:2568/3325 train_time:4661.192s step_avg:1815.11ms
step:2569/3325 train_time:4662.986s step_avg:1815.10ms
step:2570/3325 train_time:4664.782s step_avg:1815.09ms
step:2571/3325 train_time:4666.577s step_avg:1815.08ms
step:2572/3325 train_time:4668.371s step_avg:1815.07ms
step:2573/3325 train_time:4670.165s step_avg:1815.07ms
step:2574/3325 train_time:4671.959s step_avg:1815.06ms
step:2575/3325 train_time:4674.029s step_avg:1815.16ms
step:2576/3325 train_time:4675.827s step_avg:1815.15ms
step:2577/3325 train_time:4677.621s step_avg:1815.14ms
step:2578/3325 train_time:4679.414s step_avg:1815.13ms
step:2579/3325 train_time:4681.209s step_avg:1815.13ms
step:2580/3325 train_time:4683.019s step_avg:1815.12ms
step:2581/3325 train_time:4684.812s step_avg:1815.12ms
step:2582/3325 train_time:4686.608s step_avg:1815.11ms
step:2583/3325 train_time:4688.404s step_avg:1815.10ms
step:2584/3325 train_time:4690.198s step_avg:1815.09ms
step:2585/3325 train_time:4691.992s step_avg:1815.08ms
step:2586/3325 train_time:4693.786s step_avg:1815.08ms
step:2587/3325 train_time:4695.581s step_avg:1815.07ms
step:2588/3325 train_time:4697.376s step_avg:1815.06ms
step:2589/3325 train_time:4699.170s step_avg:1815.05ms
step:2590/3325 train_time:4700.964s step_avg:1815.04ms
step:2591/3325 train_time:4702.758s step_avg:1815.04ms
step:2592/3325 train_time:4704.552s step_avg:1815.03ms
step:2593/3325 train_time:4706.346s step_avg:1815.02ms
step:2594/3325 train_time:4708.139s step_avg:1815.01ms
step:2595/3325 train_time:4709.933s step_avg:1815.00ms
step:2596/3325 train_time:4711.726s step_avg:1814.99ms
step:2597/3325 train_time:4713.519s step_avg:1814.99ms
step:2598/3325 train_time:4715.314s step_avg:1814.98ms
step:2599/3325 train_time:4717.108s step_avg:1814.97ms
step:2600/3325 train_time:4719.177s step_avg:1815.07ms
step:2601/3325 train_time:4720.970s step_avg:1815.06ms
step:2602/3325 train_time:4722.764s step_avg:1815.05ms
step:2603/3325 train_time:4724.559s step_avg:1815.04ms
step:2604/3325 train_time:4726.355s step_avg:1815.04ms
step:2605/3325 train_time:4728.149s step_avg:1815.03ms
step:2606/3325 train_time:4729.944s step_avg:1815.02ms
step:2607/3325 train_time:4731.738s step_avg:1815.01ms
step:2608/3325 train_time:4733.533s step_avg:1815.01ms
step:2609/3325 train_time:4735.327s step_avg:1815.00ms
step:2610/3325 train_time:4737.139s step_avg:1815.00ms
step:2611/3325 train_time:4738.933s step_avg:1814.99ms
step:2612/3325 train_time:4740.727s step_avg:1814.98ms
step:2613/3325 train_time:4742.520s step_avg:1814.97ms
step:2614/3325 train_time:4744.313s step_avg:1814.96ms
step:2615/3325 train_time:4746.107s step_avg:1814.95ms
step:2616/3325 train_time:4747.901s step_avg:1814.95ms
step:2617/3325 train_time:4749.695s step_avg:1814.94ms
step:2618/3325 train_time:4751.491s step_avg:1814.93ms
step:2619/3325 train_time:4753.286s step_avg:1814.92ms
step:2620/3325 train_time:4755.081s step_avg:1814.92ms
step:2621/3325 train_time:4756.877s step_avg:1814.91ms
step:2622/3325 train_time:4758.671s step_avg:1814.90ms
step:2623/3325 train_time:4760.467s step_avg:1814.89ms
step:2624/3325 train_time:4762.261s step_avg:1814.89ms
step:2625/3325 train_time:4764.398s step_avg:1815.01ms
step:2625/3325 val_loss:3.35441 train_time:4764.398s step_avg:1806.12ms
step:2626/3325 train_time:4766.195s step_avg:1815.00ms
step:2627/3325 train_time:4767.989s step_avg:1814.99ms
step:2628/3325 train_time:4769.783s step_avg:1814.99ms
step:2629/3325 train_time:4771.576s step_avg:1814.98ms
step:2630/3325 train_time:4773.370s step_avg:1814.97ms
step:2631/3325 train_time:4775.164s step_avg:1814.96ms
step:2632/3325 train_time:4776.958s step_avg:1814.95ms
step:2633/3325 train_time:4778.752s step_avg:1814.95ms
step:2634/3325 train_time:4780.546s step_avg:1814.94ms
step:2635/3325 train_time:4782.341s step_avg:1814.93ms
step:2636/3325 train_time:4784.138s step_avg:1814.92ms
step:2637/3325 train_time:4785.933s step_avg:1814.92ms
step:2638/3325 train_time:4787.728s step_avg:1814.91ms
step:2639/3325 train_time:4789.522s step_avg:1814.90ms
step:2640/3325 train_time:4791.331s step_avg:1814.90ms
step:2641/3325 train_time:4793.126s step_avg:1814.89ms
step:2642/3325 train_time:4794.919s step_avg:1814.88ms
step:2643/3325 train_time:4796.714s step_avg:1814.87ms
step:2644/3325 train_time:4798.508s step_avg:1814.87ms
step:2645/3325 train_time:4800.301s step_avg:1814.86ms
step:2646/3325 train_time:4802.095s step_avg:1814.85ms
step:2647/3325 train_time:4803.890s step_avg:1814.84ms
step:2648/3325 train_time:4805.684s step_avg:1814.84ms
step:2649/3325 train_time:4807.478s step_avg:1814.83ms
step:2650/3325 train_time:4809.547s step_avg:1814.92ms
step:2651/3325 train_time:4811.341s step_avg:1814.92ms
step:2652/3325 train_time:4813.134s step_avg:1814.91ms
step:2653/3325 train_time:4814.928s step_avg:1814.90ms
step:2654/3325 train_time:4816.722s step_avg:1814.89ms
step:2655/3325 train_time:4818.515s step_avg:1814.88ms
step:2656/3325 train_time:4820.311s step_avg:1814.88ms
step:2657/3325 train_time:4822.105s step_avg:1814.87ms
step:2658/3325 train_time:4823.899s step_avg:1814.86ms
step:2659/3325 train_time:4825.694s step_avg:1814.85ms
step:2660/3325 train_time:4827.488s step_avg:1814.84ms
step:2661/3325 train_time:4829.318s step_avg:1814.85ms
step:2662/3325 train_time:4831.112s step_avg:1814.84ms
step:2663/3325 train_time:4832.906s step_avg:1814.84ms
step:2664/3325 train_time:4834.701s step_avg:1814.83ms
step:2665/3325 train_time:4836.495s step_avg:1814.82ms
step:2666/3325 train_time:4838.288s step_avg:1814.81ms
step:2667/3325 train_time:4840.082s step_avg:1814.80ms
step:2668/3325 train_time:4841.876s step_avg:1814.80ms
step:2669/3325 train_time:4843.670s step_avg:1814.79ms
step:2670/3325 train_time:4845.481s step_avg:1814.79ms
step:2671/3325 train_time:4847.274s step_avg:1814.78ms
step:2672/3325 train_time:4849.070s step_avg:1814.77ms
step:2673/3325 train_time:4850.864s step_avg:1814.76ms
step:2674/3325 train_time:4852.658s step_avg:1814.76ms
step:2675/3325 train_time:4854.726s step_avg:1814.85ms
step:2676/3325 train_time:4856.520s step_avg:1814.84ms
step:2677/3325 train_time:4858.313s step_avg:1814.84ms
step:2678/3325 train_time:4860.107s step_avg:1814.83ms
step:2679/3325 train_time:4861.899s step_avg:1814.82ms
step:2680/3325 train_time:4863.693s step_avg:1814.81ms
step:2681/3325 train_time:4865.487s step_avg:1814.80ms
step:2682/3325 train_time:4867.282s step_avg:1814.80ms
step:2683/3325 train_time:4869.076s step_avg:1814.79ms
step:2684/3325 train_time:4870.870s step_avg:1814.78ms
step:2685/3325 train_time:4872.665s step_avg:1814.77ms
step:2686/3325 train_time:4874.459s step_avg:1814.77ms
step:2687/3325 train_time:4876.254s step_avg:1814.76ms
step:2688/3325 train_time:4878.048s step_avg:1814.75ms
step:2689/3325 train_time:4879.841s step_avg:1814.74ms
step:2690/3325 train_time:4881.635s step_avg:1814.73ms
step:2691/3325 train_time:4883.429s step_avg:1814.73ms
step:2692/3325 train_time:4885.223s step_avg:1814.72ms
step:2693/3325 train_time:4887.017s step_avg:1814.71ms
step:2694/3325 train_time:4888.811s step_avg:1814.70ms
step:2695/3325 train_time:4890.605s step_avg:1814.70ms
step:2696/3325 train_time:4892.399s step_avg:1814.69ms
step:2697/3325 train_time:4894.193s step_avg:1814.68ms
step:2698/3325 train_time:4895.988s step_avg:1814.67ms
step:2699/3325 train_time:4897.782s step_avg:1814.67ms
step:2700/3325 train_time:4899.867s step_avg:1814.77ms
step:2701/3325 train_time:4901.660s step_avg:1814.76ms
step:2702/3325 train_time:4903.454s step_avg:1814.75ms
step:2703/3325 train_time:4905.248s step_avg:1814.74ms
step:2704/3325 train_time:4907.043s step_avg:1814.73ms
step:2705/3325 train_time:4908.837s step_avg:1814.73ms
step:2706/3325 train_time:4910.631s step_avg:1814.72ms
step:2707/3325 train_time:4912.425s step_avg:1814.71ms
step:2708/3325 train_time:4914.220s step_avg:1814.70ms
step:2709/3325 train_time:4916.015s step_avg:1814.70ms
step:2710/3325 train_time:4917.809s step_avg:1814.69ms
step:2711/3325 train_time:4919.602s step_avg:1814.68ms
step:2712/3325 train_time:4921.395s step_avg:1814.67ms
step:2713/3325 train_time:4923.189s step_avg:1814.67ms
step:2714/3325 train_time:4924.983s step_avg:1814.66ms
step:2715/3325 train_time:4926.776s step_avg:1814.65ms
step:2716/3325 train_time:4928.571s step_avg:1814.64ms
step:2717/3325 train_time:4930.365s step_avg:1814.64ms
step:2718/3325 train_time:4932.159s step_avg:1814.63ms
step:2719/3325 train_time:4933.953s step_avg:1814.62ms
step:2720/3325 train_time:4935.748s step_avg:1814.61ms
step:2721/3325 train_time:4937.543s step_avg:1814.61ms
step:2722/3325 train_time:4939.337s step_avg:1814.60ms
step:2723/3325 train_time:4941.130s step_avg:1814.59ms
step:2724/3325 train_time:4942.925s step_avg:1814.58ms
step:2725/3325 train_time:4944.994s step_avg:1814.68ms
step:2726/3325 train_time:4946.787s step_avg:1814.67ms
step:2727/3325 train_time:4948.581s step_avg:1814.66ms
step:2728/3325 train_time:4950.375s step_avg:1814.65ms
step:2729/3325 train_time:4952.169s step_avg:1814.65ms
step:2730/3325 train_time:4953.979s step_avg:1814.64ms
step:2731/3325 train_time:4955.773s step_avg:1814.64ms
step:2732/3325 train_time:4957.567s step_avg:1814.63ms
step:2733/3325 train_time:4959.361s step_avg:1814.62ms
step:2734/3325 train_time:4961.155s step_avg:1814.61ms
step:2735/3325 train_time:4962.951s step_avg:1814.61ms
step:2736/3325 train_time:4964.745s step_avg:1814.60ms
step:2737/3325 train_time:4966.539s step_avg:1814.59ms
step:2738/3325 train_time:4968.332s step_avg:1814.58ms
step:2739/3325 train_time:4970.127s step_avg:1814.58ms
step:2740/3325 train_time:4971.921s step_avg:1814.57ms
step:2741/3325 train_time:4973.715s step_avg:1814.56ms
step:2742/3325 train_time:4975.509s step_avg:1814.55ms
step:2743/3325 train_time:4977.304s step_avg:1814.55ms
step:2744/3325 train_time:4979.098s step_avg:1814.54ms
step:2745/3325 train_time:4980.893s step_avg:1814.53ms
step:2746/3325 train_time:4982.686s step_avg:1814.53ms
step:2747/3325 train_time:4984.480s step_avg:1814.52ms
step:2748/3325 train_time:4986.273s step_avg:1814.51ms
step:2749/3325 train_time:4988.067s step_avg:1814.50ms
step:2750/3325 train_time:4990.201s step_avg:1814.62ms
step:2750/3325 val_loss:3.33336 train_time:4990.202s step_avg:1806.43ms
step:2751/3325 train_time:4991.997s step_avg:1814.61ms
step:2752/3325 train_time:4993.791s step_avg:1814.60ms
step:2753/3325 train_time:4995.585s step_avg:1814.60ms
step:2754/3325 train_time:4997.379s step_avg:1814.59ms
step:2755/3325 train_time:4999.173s step_avg:1814.58ms
step:2756/3325 train_time:5000.967s step_avg:1814.57ms
step:2757/3325 train_time:5002.761s step_avg:1814.57ms
step:2758/3325 train_time:5004.556s step_avg:1814.56ms
step:2759/3325 train_time:5006.352s step_avg:1814.55ms
step:2760/3325 train_time:5008.162s step_avg:1814.55ms
step:2761/3325 train_time:5009.957s step_avg:1814.54ms
step:2762/3325 train_time:5011.751s step_avg:1814.54ms
step:2763/3325 train_time:5013.545s step_avg:1814.53ms
step:2764/3325 train_time:5015.339s step_avg:1814.52ms
step:2765/3325 train_time:5017.133s step_avg:1814.51ms
step:2766/3325 train_time:5018.927s step_avg:1814.51ms
step:2767/3325 train_time:5020.721s step_avg:1814.50ms
step:2768/3325 train_time:5022.515s step_avg:1814.49ms
step:2769/3325 train_time:5024.310s step_avg:1814.49ms
step:2770/3325 train_time:5026.104s step_avg:1814.48ms
step:2771/3325 train_time:5027.898s step_avg:1814.47ms
step:2772/3325 train_time:5029.692s step_avg:1814.46ms
step:2773/3325 train_time:5031.488s step_avg:1814.46ms
step:2774/3325 train_time:5033.282s step_avg:1814.45ms
step:2775/3325 train_time:5035.350s step_avg:1814.54ms
step:2776/3325 train_time:5037.143s step_avg:1814.53ms
step:2777/3325 train_time:5038.937s step_avg:1814.53ms
step:2778/3325 train_time:5040.731s step_avg:1814.52ms
step:2779/3325 train_time:5042.526s step_avg:1814.51ms
step:2780/3325 train_time:5044.320s step_avg:1814.50ms
step:2781/3325 train_time:5046.114s step_avg:1814.50ms
step:2782/3325 train_time:5047.908s step_avg:1814.49ms
step:2783/3325 train_time:5049.701s step_avg:1814.48ms
step:2784/3325 train_time:5051.496s step_avg:1814.47ms
step:2785/3325 train_time:5053.290s step_avg:1814.47ms
step:2786/3325 train_time:5055.084s step_avg:1814.46ms
step:2787/3325 train_time:5056.878s step_avg:1814.45ms
step:2788/3325 train_time:5058.671s step_avg:1814.44ms
step:2789/3325 train_time:5060.466s step_avg:1814.44ms
step:2790/3325 train_time:5062.276s step_avg:1814.44ms
step:2791/3325 train_time:5064.071s step_avg:1814.43ms
step:2792/3325 train_time:5065.865s step_avg:1814.42ms
step:2793/3325 train_time:5067.659s step_avg:1814.41ms
step:2794/3325 train_time:5069.453s step_avg:1814.41ms
step:2795/3325 train_time:5071.250s step_avg:1814.40ms
step:2796/3325 train_time:5073.045s step_avg:1814.39ms
step:2797/3325 train_time:5074.839s step_avg:1814.39ms
step:2798/3325 train_time:5076.632s step_avg:1814.38ms
step:2799/3325 train_time:5078.425s step_avg:1814.37ms
step:2800/3325 train_time:5080.493s step_avg:1814.46ms
step:2801/3325 train_time:5082.287s step_avg:1814.45ms
step:2802/3325 train_time:5084.081s step_avg:1814.45ms
step:2803/3325 train_time:5085.876s step_avg:1814.44ms
step:2804/3325 train_time:5087.670s step_avg:1814.43ms
step:2805/3325 train_time:5089.463s step_avg:1814.43ms
step:2806/3325 train_time:5091.258s step_avg:1814.42ms
step:2807/3325 train_time:5093.052s step_avg:1814.41ms
step:2808/3325 train_time:5094.845s step_avg:1814.40ms
step:2809/3325 train_time:5096.639s step_avg:1814.40ms
step:2810/3325 train_time:5098.432s step_avg:1814.39ms
step:2811/3325 train_time:5100.225s step_avg:1814.38ms
step:2812/3325 train_time:5102.019s step_avg:1814.37ms
step:2813/3325 train_time:5103.815s step_avg:1814.37ms
step:2814/3325 train_time:5105.611s step_avg:1814.36ms
step:2815/3325 train_time:5107.405s step_avg:1814.35ms
step:2816/3325 train_time:5109.200s step_avg:1814.35ms
step:2817/3325 train_time:5110.993s step_avg:1814.34ms
step:2818/3325 train_time:5112.787s step_avg:1814.33ms
step:2819/3325 train_time:5114.580s step_avg:1814.32ms
step:2820/3325 train_time:5116.390s step_avg:1814.32ms
step:2821/3325 train_time:5118.184s step_avg:1814.32ms
step:2822/3325 train_time:5119.977s step_avg:1814.31ms
step:2823/3325 train_time:5121.771s step_avg:1814.30ms
step:2824/3325 train_time:5123.565s step_avg:1814.29ms
step:2825/3325 train_time:5125.634s step_avg:1814.38ms
step:2826/3325 train_time:5127.429s step_avg:1814.38ms
step:2827/3325 train_time:5129.223s step_avg:1814.37ms
step:2828/3325 train_time:5131.017s step_avg:1814.36ms
step:2829/3325 train_time:5132.811s step_avg:1814.36ms
step:2830/3325 train_time:5134.604s step_avg:1814.35ms
step:2831/3325 train_time:5136.398s step_avg:1814.34ms
step:2832/3325 train_time:5138.192s step_avg:1814.33ms
step:2833/3325 train_time:5139.986s step_avg:1814.33ms
step:2834/3325 train_time:5141.781s step_avg:1814.32ms
step:2835/3325 train_time:5143.575s step_avg:1814.31ms
step:2836/3325 train_time:5145.369s step_avg:1814.30ms
step:2837/3325 train_time:5147.163s step_avg:1814.30ms
step:2838/3325 train_time:5148.958s step_avg:1814.29ms
step:2839/3325 train_time:5150.751s step_avg:1814.28ms
step:2840/3325 train_time:5152.545s step_avg:1814.28ms
step:2841/3325 train_time:5154.339s step_avg:1814.27ms
step:2842/3325 train_time:5156.132s step_avg:1814.26ms
step:2843/3325 train_time:5157.927s step_avg:1814.25ms
step:2844/3325 train_time:5159.721s step_avg:1814.25ms
step:2845/3325 train_time:5161.515s step_avg:1814.24ms
step:2846/3325 train_time:5163.309s step_avg:1814.23ms
step:2847/3325 train_time:5165.103s step_avg:1814.23ms
step:2848/3325 train_time:5166.898s step_avg:1814.22ms
step:2849/3325 train_time:5168.692s step_avg:1814.21ms
step:2850/3325 train_time:5170.777s step_avg:1814.31ms
step:2851/3325 train_time:5172.605s step_avg:1814.31ms
step:2852/3325 train_time:5174.399s step_avg:1814.31ms
step:2853/3325 train_time:5176.194s step_avg:1814.30ms
step:2854/3325 train_time:5177.987s step_avg:1814.29ms
step:2855/3325 train_time:5179.780s step_avg:1814.28ms
step:2856/3325 train_time:5181.573s step_avg:1814.28ms
step:2857/3325 train_time:5183.366s step_avg:1814.27ms
step:2858/3325 train_time:5185.161s step_avg:1814.26ms
step:2859/3325 train_time:5186.956s step_avg:1814.26ms
step:2860/3325 train_time:5188.752s step_avg:1814.25ms
step:2861/3325 train_time:5190.546s step_avg:1814.24ms
step:2862/3325 train_time:5192.341s step_avg:1814.24ms
step:2863/3325 train_time:5194.136s step_avg:1814.23ms
step:2864/3325 train_time:5195.931s step_avg:1814.22ms
step:2865/3325 train_time:5197.726s step_avg:1814.21ms
step:2866/3325 train_time:5199.520s step_avg:1814.21ms
step:2867/3325 train_time:5201.317s step_avg:1814.20ms
step:2868/3325 train_time:5203.111s step_avg:1814.19ms
step:2869/3325 train_time:5204.909s step_avg:1814.19ms
step:2870/3325 train_time:5206.706s step_avg:1814.18ms
step:2871/3325 train_time:5208.504s step_avg:1814.18ms
step:2872/3325 train_time:5210.304s step_avg:1814.17ms
step:2873/3325 train_time:5212.103s step_avg:1814.17ms
step:2874/3325 train_time:5213.901s step_avg:1814.16ms
step:2875/3325 train_time:5216.044s step_avg:1814.28ms
step:2875/3325 val_loss:3.31464 train_time:5216.045s step_avg:1806.74ms
step:2876/3325 train_time:5217.843s step_avg:1814.27ms
step:2877/3325 train_time:5219.638s step_avg:1814.26ms
step:2878/3325 train_time:5221.438s step_avg:1814.26ms
step:2879/3325 train_time:5223.238s step_avg:1814.25ms
step:2880/3325 train_time:5225.052s step_avg:1814.25ms
step:2881/3325 train_time:5226.851s step_avg:1814.25ms
step:2882/3325 train_time:5228.650s step_avg:1814.24ms
step:2883/3325 train_time:5230.446s step_avg:1814.24ms
step:2884/3325 train_time:5232.245s step_avg:1814.23ms
step:2885/3325 train_time:5234.042s step_avg:1814.23ms
step:2886/3325 train_time:5235.840s step_avg:1814.22ms
step:2887/3325 train_time:5237.638s step_avg:1814.21ms
step:2888/3325 train_time:5239.438s step_avg:1814.21ms
step:2889/3325 train_time:5241.236s step_avg:1814.20ms
step:2890/3325 train_time:5243.035s step_avg:1814.20ms
step:2891/3325 train_time:5244.833s step_avg:1814.19ms
step:2892/3325 train_time:5246.633s step_avg:1814.19ms
step:2893/3325 train_time:5248.432s step_avg:1814.18ms
step:2894/3325 train_time:5250.227s step_avg:1814.18ms
step:2895/3325 train_time:5252.025s step_avg:1814.17ms
step:2896/3325 train_time:5253.822s step_avg:1814.17ms
step:2897/3325 train_time:5255.621s step_avg:1814.16ms
step:2898/3325 train_time:5257.419s step_avg:1814.15ms
step:2899/3325 train_time:5259.217s step_avg:1814.15ms
step:2900/3325 train_time:5261.302s step_avg:1814.24ms
step:2901/3325 train_time:5263.100s step_avg:1814.24ms
step:2902/3325 train_time:5264.899s step_avg:1814.23ms
step:2903/3325 train_time:5266.697s step_avg:1814.23ms
step:2904/3325 train_time:5268.497s step_avg:1814.22ms
step:2905/3325 train_time:5270.296s step_avg:1814.22ms
step:2906/3325 train_time:5272.094s step_avg:1814.21ms
step:2907/3325 train_time:5273.893s step_avg:1814.20ms
step:2908/3325 train_time:5275.692s step_avg:1814.20ms
step:2909/3325 train_time:5277.492s step_avg:1814.19ms
step:2910/3325 train_time:5279.309s step_avg:1814.20ms
step:2911/3325 train_time:5281.108s step_avg:1814.19ms
step:2912/3325 train_time:5282.906s step_avg:1814.18ms
step:2913/3325 train_time:5284.705s step_avg:1814.18ms
step:2914/3325 train_time:5286.504s step_avg:1814.17ms
step:2915/3325 train_time:5288.303s step_avg:1814.17ms
step:2916/3325 train_time:5290.101s step_avg:1814.16ms
step:2917/3325 train_time:5291.901s step_avg:1814.16ms
step:2918/3325 train_time:5293.694s step_avg:1814.15ms
step:2919/3325 train_time:5295.492s step_avg:1814.15ms
step:2920/3325 train_time:5297.290s step_avg:1814.14ms
step:2921/3325 train_time:5299.089s step_avg:1814.14ms
step:2922/3325 train_time:5300.883s step_avg:1814.13ms
step:2923/3325 train_time:5302.678s step_avg:1814.12ms
step:2924/3325 train_time:5304.473s step_avg:1814.12ms
step:2925/3325 train_time:5306.549s step_avg:1814.20ms
step:2926/3325 train_time:5308.343s step_avg:1814.20ms
step:2927/3325 train_time:5310.139s step_avg:1814.19ms
step:2928/3325 train_time:5311.934s step_avg:1814.19ms
step:2929/3325 train_time:5313.729s step_avg:1814.18ms
step:2930/3325 train_time:5315.522s step_avg:1814.17ms
step:2931/3325 train_time:5317.317s step_avg:1814.16ms
step:2932/3325 train_time:5319.111s step_avg:1814.16ms
step:2933/3325 train_time:5320.907s step_avg:1814.15ms
step:2934/3325 train_time:5322.700s step_avg:1814.14ms
step:2935/3325 train_time:5324.495s step_avg:1814.14ms
step:2936/3325 train_time:5326.290s step_avg:1814.13ms
step:2937/3325 train_time:5328.086s step_avg:1814.13ms
step:2938/3325 train_time:5329.880s step_avg:1814.12ms
step:2939/3325 train_time:5331.675s step_avg:1814.11ms
step:2940/3325 train_time:5333.487s step_avg:1814.11ms
step:2941/3325 train_time:5335.284s step_avg:1814.11ms
step:2942/3325 train_time:5337.079s step_avg:1814.10ms
step:2943/3325 train_time:5338.874s step_avg:1814.09ms
step:2944/3325 train_time:5340.671s step_avg:1814.09ms
step:2945/3325 train_time:5342.466s step_avg:1814.08ms
step:2946/3325 train_time:5344.260s step_avg:1814.07ms
step:2947/3325 train_time:5346.055s step_avg:1814.07ms
step:2948/3325 train_time:5347.852s step_avg:1814.06ms
step:2949/3325 train_time:5349.645s step_avg:1814.05ms
step:2950/3325 train_time:5351.717s step_avg:1814.14ms
step:2951/3325 train_time:5353.511s step_avg:1814.13ms
step:2952/3325 train_time:5355.305s step_avg:1814.13ms
step:2953/3325 train_time:5357.100s step_avg:1814.12ms
step:2954/3325 train_time:5358.893s step_avg:1814.11ms
step:2955/3325 train_time:5360.687s step_avg:1814.11ms
step:2956/3325 train_time:5362.480s step_avg:1814.10ms
step:2957/3325 train_time:5364.273s step_avg:1814.09ms
step:2958/3325 train_time:5366.067s step_avg:1814.09ms
step:2959/3325 train_time:5367.861s step_avg:1814.08ms
step:2960/3325 train_time:5369.655s step_avg:1814.07ms
step:2961/3325 train_time:5371.449s step_avg:1814.07ms
step:2962/3325 train_time:5373.243s step_avg:1814.06ms
step:2963/3325 train_time:5375.038s step_avg:1814.05ms
step:2964/3325 train_time:5376.832s step_avg:1814.05ms
step:2965/3325 train_time:5378.626s step_avg:1814.04ms
step:2966/3325 train_time:5380.420s step_avg:1814.03ms
step:2967/3325 train_time:5382.212s step_avg:1814.03ms
step:2968/3325 train_time:5384.006s step_avg:1814.02ms
step:2969/3325 train_time:5385.799s step_avg:1814.01ms
step:2970/3325 train_time:5387.609s step_avg:1814.01ms
step:2971/3325 train_time:5389.404s step_avg:1814.00ms
step:2972/3325 train_time:5391.198s step_avg:1814.00ms
step:2973/3325 train_time:5392.991s step_avg:1813.99ms
step:2974/3325 train_time:5394.785s step_avg:1813.98ms
step:2975/3325 train_time:5396.851s step_avg:1814.07ms
step:2976/3325 train_time:5398.644s step_avg:1814.06ms
step:2977/3325 train_time:5400.437s step_avg:1814.05ms
step:2978/3325 train_time:5402.230s step_avg:1814.05ms
step:2979/3325 train_time:5404.023s step_avg:1814.04ms
step:2980/3325 train_time:5405.818s step_avg:1814.03ms
step:2981/3325 train_time:5407.612s step_avg:1814.03ms
step:2982/3325 train_time:5409.406s step_avg:1814.02ms
step:2983/3325 train_time:5411.200s step_avg:1814.01ms
step:2984/3325 train_time:5412.994s step_avg:1814.01ms
step:2985/3325 train_time:5414.788s step_avg:1814.00ms
step:2986/3325 train_time:5416.582s step_avg:1813.99ms
step:2987/3325 train_time:5418.375s step_avg:1813.99ms
step:2988/3325 train_time:5420.170s step_avg:1813.98ms
step:2989/3325 train_time:5421.964s step_avg:1813.97ms
step:2990/3325 train_time:5423.757s step_avg:1813.97ms
step:2991/3325 train_time:5425.551s step_avg:1813.96ms
step:2992/3325 train_time:5427.345s step_avg:1813.95ms
step:2993/3325 train_time:5429.139s step_avg:1813.95ms
step:2994/3325 train_time:5430.933s step_avg:1813.94ms
step:2995/3325 train_time:5432.727s step_avg:1813.93ms
step:2996/3325 train_time:5434.521s step_avg:1813.93ms
step:2997/3325 train_time:5436.315s step_avg:1813.92ms
step:2998/3325 train_time:5438.111s step_avg:1813.91ms
step:2999/3325 train_time:5439.904s step_avg:1813.91ms
[H178 RMS PROBE] step 3000: rms_disparity=1.388 rms_avg=3.224e+00
step:3000/3325 train_time:5442.055s step_avg:1814.02ms
step:3000/3325 val_loss:3.30040 train_time:5442.056s step_avg:1808.09ms
step:3001/3325 train_time:5443.850s step_avg:1814.01ms
step:3002/3325 train_time:5445.645s step_avg:1814.01ms
step:3003/3325 train_time:5447.438s step_avg:1814.00ms
step:3004/3325 train_time:5449.232s step_avg:1813.99ms
step:3005/3325 train_time:5451.025s step_avg:1813.99ms
step:3006/3325 train_time:5452.819s step_avg:1813.98ms
step:3007/3325 train_time:5454.620s step_avg:1813.97ms
step:3008/3325 train_time:5456.420s step_avg:1813.97ms
step:3009/3325 train_time:5458.217s step_avg:1813.96ms
step:3010/3325 train_time:5460.017s step_avg:1813.96ms
step:3011/3325 train_time:5461.813s step_avg:1813.95ms
step:3012/3325 train_time:5463.613s step_avg:1813.95ms
step:3013/3325 train_time:5465.414s step_avg:1813.94ms
step:3014/3325 train_time:5467.213s step_avg:1813.94ms
step:3015/3325 train_time:5469.013s step_avg:1813.93ms
step:3016/3325 train_time:5470.817s step_avg:1813.93ms
step:3017/3325 train_time:5472.618s step_avg:1813.93ms
step:3018/3325 train_time:5474.418s step_avg:1813.92ms
step:3019/3325 train_time:5476.217s step_avg:1813.92ms
step:3020/3325 train_time:5478.014s step_avg:1813.91ms
step:3021/3325 train_time:5479.813s step_avg:1813.91ms
step:3022/3325 train_time:5481.611s step_avg:1813.90ms
step:3023/3325 train_time:5483.408s step_avg:1813.90ms
step:3024/3325 train_time:5485.205s step_avg:1813.89ms
step:3025/3325 train_time:5487.281s step_avg:1813.98ms
step:3025/3325 val_loss:3.29305 train_time:5487.281s step_avg:1809.03ms
step:3026/3325 train_time:5489.077s step_avg:1813.97ms
step:3027/3325 train_time:5490.874s step_avg:1813.97ms
step:3028/3325 train_time:5492.670s step_avg:1813.96ms
step:3029/3325 train_time:5494.467s step_avg:1813.95ms
step:3030/3325 train_time:5496.282s step_avg:1813.95ms
step:3031/3325 train_time:5498.078s step_avg:1813.95ms
step:3032/3325 train_time:5499.876s step_avg:1813.94ms
step:3033/3325 train_time:5501.673s step_avg:1813.94ms
step:3034/3325 train_time:5503.473s step_avg:1813.93ms
step:3035/3325 train_time:5505.270s step_avg:1813.93ms
step:3036/3325 train_time:5507.069s step_avg:1813.92ms
step:3037/3325 train_time:5508.866s step_avg:1813.92ms
step:3038/3325 train_time:5510.662s step_avg:1813.91ms
step:3039/3325 train_time:5512.459s step_avg:1813.91ms
step:3040/3325 train_time:5514.253s step_avg:1813.90ms
step:3041/3325 train_time:5516.087s step_avg:1813.91ms
step:3042/3325 train_time:5517.887s step_avg:1813.90ms
step:3043/3325 train_time:5519.684s step_avg:1813.90ms
step:3044/3325 train_time:5521.482s step_avg:1813.89ms
step:3045/3325 train_time:5523.280s step_avg:1813.88ms
step:3046/3325 train_time:5525.077s step_avg:1813.88ms
step:3047/3325 train_time:5526.873s step_avg:1813.87ms
step:3048/3325 train_time:5528.669s step_avg:1813.87ms
step:3049/3325 train_time:5530.466s step_avg:1813.86ms
step:3050/3325 train_time:5532.543s step_avg:1813.95ms
step:3050/3325 val_loss:3.29063 train_time:5532.543s step_avg:1810.48ms
step:3051/3325 train_time:5534.341s step_avg:1813.94ms
step:3052/3325 train_time:5536.138s step_avg:1813.94ms
step:3053/3325 train_time:5537.936s step_avg:1813.93ms
step:3054/3325 train_time:5539.733s step_avg:1813.93ms
step:3055/3325 train_time:5541.531s step_avg:1813.92ms
step:3056/3325 train_time:5543.326s step_avg:1813.92ms
step:3057/3325 train_time:5545.121s step_avg:1813.91ms
step:3058/3325 train_time:5546.916s step_avg:1813.90ms
step:3059/3325 train_time:5548.714s step_avg:1813.90ms
step:3060/3325 train_time:5550.526s step_avg:1813.90ms
step:3061/3325 train_time:5552.321s step_avg:1813.89ms
step:3062/3325 train_time:5554.118s step_avg:1813.89ms
step:3063/3325 train_time:5555.915s step_avg:1813.88ms
step:3064/3325 train_time:5557.711s step_avg:1813.87ms
step:3065/3325 train_time:5559.506s step_avg:1813.87ms
step:3066/3325 train_time:5561.304s step_avg:1813.86ms
step:3067/3325 train_time:5563.101s step_avg:1813.86ms
step:3068/3325 train_time:5564.897s step_avg:1813.85ms
step:3069/3325 train_time:5566.693s step_avg:1813.85ms
step:3070/3325 train_time:5568.491s step_avg:1813.84ms
step:3071/3325 train_time:5570.292s step_avg:1813.84ms
step:3072/3325 train_time:5572.088s step_avg:1813.83ms
step:3073/3325 train_time:5573.887s step_avg:1813.83ms
step:3074/3325 train_time:5575.683s step_avg:1813.82ms
step:3075/3325 train_time:5577.756s step_avg:1813.90ms
step:3075/3325 val_loss:3.28751 train_time:5577.756s step_avg:1808.52ms
step:3076/3325 train_time:5579.554s step_avg:1813.90ms
step:3077/3325 train_time:5581.353s step_avg:1813.89ms
step:3078/3325 train_time:5583.150s step_avg:1813.89ms
step:3079/3325 train_time:5584.948s step_avg:1813.88ms
step:3080/3325 train_time:5586.745s step_avg:1813.88ms
step:3081/3325 train_time:5588.541s step_avg:1813.87ms
step:3082/3325 train_time:5590.341s step_avg:1813.87ms
step:3083/3325 train_time:5592.137s step_avg:1813.86ms
step:3084/3325 train_time:5593.936s step_avg:1813.86ms
step:3085/3325 train_time:5595.733s step_avg:1813.85ms
step:3086/3325 train_time:5597.532s step_avg:1813.85ms
step:3087/3325 train_time:5599.329s step_avg:1813.84ms
step:3088/3325 train_time:5601.124s step_avg:1813.84ms
step:3089/3325 train_time:5602.926s step_avg:1813.83ms
step:3090/3325 train_time:5604.740s step_avg:1813.83ms
step:3091/3325 train_time:5606.536s step_avg:1813.83ms
step:3092/3325 train_time:5608.333s step_avg:1813.82ms
step:3093/3325 train_time:5610.129s step_avg:1813.81ms
step:3094/3325 train_time:5611.927s step_avg:1813.81ms
step:3095/3325 train_time:5613.724s step_avg:1813.80ms
step:3096/3325 train_time:5615.520s step_avg:1813.80ms
step:3097/3325 train_time:5617.319s step_avg:1813.79ms
step:3098/3325 train_time:5619.116s step_avg:1813.79ms
step:3099/3325 train_time:5620.916s step_avg:1813.78ms
step:3100/3325 train_time:5622.997s step_avg:1813.87ms
step:3100/3325 val_loss:3.28494 train_time:5622.998s step_avg:1809.65ms
step:3101/3325 train_time:5624.797s step_avg:1813.87ms
step:3102/3325 train_time:5626.594s step_avg:1813.86ms
step:3103/3325 train_time:5628.390s step_avg:1813.85ms
step:3104/3325 train_time:5630.187s step_avg:1813.85ms
step:3105/3325 train_time:5631.984s step_avg:1813.84ms
step:3106/3325 train_time:5633.781s step_avg:1813.84ms
step:3107/3325 train_time:5635.579s step_avg:1813.83ms
step:3108/3325 train_time:5637.374s step_avg:1813.83ms
step:3109/3325 train_time:5639.173s step_avg:1813.82ms
step:3110/3325 train_time:5640.971s step_avg:1813.82ms
step:3111/3325 train_time:5642.770s step_avg:1813.81ms
step:3112/3325 train_time:5644.570s step_avg:1813.81ms
step:3113/3325 train_time:5646.367s step_avg:1813.80ms
step:3114/3325 train_time:5648.164s step_avg:1813.80ms
step:3115/3325 train_time:5649.962s step_avg:1813.79ms
step:3116/3325 train_time:5651.763s step_avg:1813.79ms
step:3117/3325 train_time:5653.562s step_avg:1813.78ms
step:3118/3325 train_time:5655.359s step_avg:1813.78ms
step:3119/3325 train_time:5657.156s step_avg:1813.77ms
step:3120/3325 train_time:5658.971s step_avg:1813.77ms
step:3121/3325 train_time:5660.771s step_avg:1813.77ms
step:3122/3325 train_time:5662.571s step_avg:1813.76ms
step:3123/3325 train_time:5664.373s step_avg:1813.76ms
step:3124/3325 train_time:5666.174s step_avg:1813.76ms
step:3125/3325 train_time:5668.317s step_avg:1813.86ms
step:3125/3325 val_loss:3.28226 train_time:5668.317s step_avg:1812.78ms
step:3126/3325 train_time:5670.119s step_avg:1813.86ms
step:3127/3325 train_time:5671.921s step_avg:1813.85ms
step:3128/3325 train_time:5673.717s step_avg:1813.85ms
step:3129/3325 train_time:5675.520s step_avg:1813.84ms
step:3130/3325 train_time:5677.322s step_avg:1813.84ms
step:3131/3325 train_time:5679.123s step_avg:1813.84ms
step:3132/3325 train_time:5680.924s step_avg:1813.83ms
step:3133/3325 train_time:5682.725s step_avg:1813.83ms
step:3134/3325 train_time:5684.527s step_avg:1813.82ms
step:3135/3325 train_time:5686.329s step_avg:1813.82ms
step:3136/3325 train_time:5688.130s step_avg:1813.82ms
step:3137/3325 train_time:5689.928s step_avg:1813.81ms
step:3138/3325 train_time:5691.730s step_avg:1813.81ms
step:3139/3325 train_time:5693.531s step_avg:1813.80ms
step:3140/3325 train_time:5695.333s step_avg:1813.80ms
step:3141/3325 train_time:5697.133s step_avg:1813.80ms
step:3142/3325 train_time:5698.934s step_avg:1813.79ms
step:3143/3325 train_time:5700.736s step_avg:1813.79ms
step:3144/3325 train_time:5702.538s step_avg:1813.78ms
step:3145/3325 train_time:5704.339s step_avg:1813.78ms
step:3146/3325 train_time:5706.142s step_avg:1813.78ms
step:3147/3325 train_time:5707.943s step_avg:1813.77ms
step:3148/3325 train_time:5709.740s step_avg:1813.77ms
step:3149/3325 train_time:5711.543s step_avg:1813.76ms
step:3150/3325 train_time:5713.640s step_avg:1813.85ms
step:3150/3325 val_loss:3.27955 train_time:5713.640s step_avg:1812.91ms
step:3151/3325 train_time:5715.442s step_avg:1813.85ms
step:3152/3325 train_time:5717.244s step_avg:1813.85ms
step:3153/3325 train_time:5719.047s step_avg:1813.84ms
step:3154/3325 train_time:5720.851s step_avg:1813.84ms
step:3155/3325 train_time:5722.647s step_avg:1813.83ms
step:3156/3325 train_time:5724.448s step_avg:1813.83ms
step:3157/3325 train_time:5726.249s step_avg:1813.83ms
step:3158/3325 train_time:5728.047s step_avg:1813.82ms
step:3159/3325 train_time:5729.847s step_avg:1813.82ms
step:3160/3325 train_time:5731.648s step_avg:1813.81ms
step:3161/3325 train_time:5733.449s step_avg:1813.81ms
step:3162/3325 train_time:5735.249s step_avg:1813.80ms
step:3163/3325 train_time:5737.050s step_avg:1813.80ms
step:3164/3325 train_time:5738.852s step_avg:1813.80ms
step:3165/3325 train_time:5740.654s step_avg:1813.79ms
step:3166/3325 train_time:5742.457s step_avg:1813.79ms
step:3167/3325 train_time:5744.257s step_avg:1813.78ms
step:3168/3325 train_time:5746.058s step_avg:1813.78ms
step:3169/3325 train_time:5747.861s step_avg:1813.78ms
step:3170/3325 train_time:5749.663s step_avg:1813.77ms
step:3171/3325 train_time:5751.464s step_avg:1813.77ms
step:3172/3325 train_time:5753.265s step_avg:1813.77ms
step:3173/3325 train_time:5755.066s step_avg:1813.76ms
step:3174/3325 train_time:5756.868s step_avg:1813.76ms
step:3175/3325 train_time:5758.947s step_avg:1813.84ms
step:3175/3325 val_loss:3.27556 train_time:5758.947s step_avg:1812.30ms
step:3176/3325 train_time:5760.754s step_avg:1813.84ms
step:3177/3325 train_time:5762.558s step_avg:1813.84ms
step:3178/3325 train_time:5764.360s step_avg:1813.83ms
step:3179/3325 train_time:5766.163s step_avg:1813.83ms
step:3180/3325 train_time:5767.982s step_avg:1813.83ms
step:3181/3325 train_time:5769.784s step_avg:1813.83ms
step:3182/3325 train_time:5771.586s step_avg:1813.82ms
step:3183/3325 train_time:5773.387s step_avg:1813.82ms
step:3184/3325 train_time:5775.189s step_avg:1813.82ms
step:3185/3325 train_time:5776.987s step_avg:1813.81ms
step:3186/3325 train_time:5778.788s step_avg:1813.81ms
step:3187/3325 train_time:5780.590s step_avg:1813.80ms
step:3188/3325 train_time:5782.392s step_avg:1813.80ms
step:3189/3325 train_time:5784.193s step_avg:1813.80ms
step:3190/3325 train_time:5785.998s step_avg:1813.79ms
step:3191/3325 train_time:5787.799s step_avg:1813.79ms
step:3192/3325 train_time:5789.601s step_avg:1813.78ms
step:3193/3325 train_time:5791.402s step_avg:1813.78ms
step:3194/3325 train_time:5793.204s step_avg:1813.78ms
step:3195/3325 train_time:5795.004s step_avg:1813.77ms
step:3196/3325 train_time:5796.806s step_avg:1813.77ms
step:3197/3325 train_time:5798.606s step_avg:1813.76ms
step:3198/3325 train_time:5800.403s step_avg:1813.76ms
step:3199/3325 train_time:5802.203s step_avg:1813.76ms
step:3200/3325 train_time:5804.280s step_avg:1813.84ms
step:3200/3325 val_loss:3.27318 train_time:5804.280s step_avg:1813.30ms
step:3201/3325 train_time:5806.082s step_avg:1813.83ms
step:3202/3325 train_time:5807.883s step_avg:1813.83ms
step:3203/3325 train_time:5809.685s step_avg:1813.83ms
step:3204/3325 train_time:5811.484s step_avg:1813.82ms
step:3205/3325 train_time:5813.285s step_avg:1813.82ms
step:3206/3325 train_time:5815.085s step_avg:1813.81ms
step:3207/3325 train_time:5816.886s step_avg:1813.81ms
step:3208/3325 train_time:5818.683s step_avg:1813.80ms
step:3209/3325 train_time:5820.483s step_avg:1813.80ms
step:3210/3325 train_time:5822.302s step_avg:1813.80ms
step:3211/3325 train_time:5824.102s step_avg:1813.80ms
step:3212/3325 train_time:5825.903s step_avg:1813.79ms
step:3213/3325 train_time:5827.704s step_avg:1813.79ms
step:3214/3325 train_time:5829.505s step_avg:1813.79ms
step:3215/3325 train_time:5831.307s step_avg:1813.78ms
step:3216/3325 train_time:5833.108s step_avg:1813.78ms
step:3217/3325 train_time:5834.906s step_avg:1813.77ms
step:3218/3325 train_time:5836.706s step_avg:1813.77ms
step:3219/3325 train_time:5838.508s step_avg:1813.76ms
step:3220/3325 train_time:5840.310s step_avg:1813.76ms
step:3221/3325 train_time:5842.109s step_avg:1813.76ms
step:3222/3325 train_time:5843.910s step_avg:1813.75ms
step:3223/3325 train_time:5845.712s step_avg:1813.75ms
step:3224/3325 train_time:5847.513s step_avg:1813.74ms
step:3225/3325 train_time:5849.591s step_avg:1813.83ms
step:3225/3325 val_loss:3.27119 train_time:5849.591s step_avg:1812.45ms
step:3226/3325 train_time:5851.393s step_avg:1813.82ms
step:3227/3325 train_time:5853.191s step_avg:1813.82ms
step:3228/3325 train_time:5854.992s step_avg:1813.81ms
step:3229/3325 train_time:5856.792s step_avg:1813.81ms
step:3230/3325 train_time:5858.587s step_avg:1813.80ms
step:3231/3325 train_time:5860.416s step_avg:1813.81ms
step:3232/3325 train_time:5862.210s step_avg:1813.80ms
step:3233/3325 train_time:5864.004s step_avg:1813.80ms
step:3234/3325 train_time:5865.798s step_avg:1813.79ms
step:3235/3325 train_time:5867.593s step_avg:1813.78ms
step:3236/3325 train_time:5869.388s step_avg:1813.78ms
step:3237/3325 train_time:5871.183s step_avg:1813.77ms
step:3238/3325 train_time:5872.978s step_avg:1813.77ms
step:3239/3325 train_time:5874.773s step_avg:1813.76ms
step:3240/3325 train_time:5876.584s step_avg:1813.76ms
step:3241/3325 train_time:5878.378s step_avg:1813.75ms
step:3242/3325 train_time:5880.173s step_avg:1813.75ms
step:3243/3325 train_time:5881.967s step_avg:1813.74ms
step:3244/3325 train_time:5883.762s step_avg:1813.74ms
step:3245/3325 train_time:5885.558s step_avg:1813.73ms
step:3246/3325 train_time:5887.352s step_avg:1813.73ms
step:3247/3325 train_time:5889.146s step_avg:1813.72ms
step:3248/3325 train_time:5890.940s step_avg:1813.71ms
step:3249/3325 train_time:5892.735s step_avg:1813.71ms
step:3250/3325 train_time:5894.869s step_avg:1813.81ms
step:3250/3325 val_loss:3.26932 train_time:5894.870s step_avg:1811.14ms
step:3251/3325 train_time:5896.666s step_avg:1813.80ms
step:3252/3325 train_time:5898.460s step_avg:1813.79ms
step:3253/3325 train_time:5900.255s step_avg:1813.79ms
step:3254/3325 train_time:5902.050s step_avg:1813.78ms
step:3255/3325 train_time:5903.844s step_avg:1813.78ms
step:3256/3325 train_time:5905.640s step_avg:1813.77ms
step:3257/3325 train_time:5907.435s step_avg:1813.77ms
step:3258/3325 train_time:5909.230s step_avg:1813.76ms
step:3259/3325 train_time:5911.025s step_avg:1813.75ms
step:3260/3325 train_time:5912.820s step_avg:1813.75ms
step:3261/3325 train_time:5914.614s step_avg:1813.74ms
step:3262/3325 train_time:5916.408s step_avg:1813.74ms
step:3263/3325 train_time:5918.202s step_avg:1813.73ms
step:3264/3325 train_time:5919.996s step_avg:1813.72ms
step:3265/3325 train_time:5921.790s step_avg:1813.72ms
step:3266/3325 train_time:5923.584s step_avg:1813.71ms
step:3267/3325 train_time:5925.378s step_avg:1813.71ms
step:3268/3325 train_time:5927.173s step_avg:1813.70ms
step:3269/3325 train_time:5928.968s step_avg:1813.69ms
step:3270/3325 train_time:5930.780s step_avg:1813.69ms
step:3271/3325 train_time:5932.574s step_avg:1813.69ms
step:3272/3325 train_time:5934.369s step_avg:1813.68ms
step:3273/3325 train_time:5936.164s step_avg:1813.68ms
step:3274/3325 train_time:5937.960s step_avg:1813.67ms
step:3275/3325 train_time:5940.028s step_avg:1813.75ms
step:3275/3325 val_loss:3.26770 train_time:5940.029s step_avg:1806.36ms
step:3276/3325 train_time:5941.825s step_avg:1813.74ms
step:3277/3325 train_time:5943.620s step_avg:1813.74ms
step:3278/3325 train_time:5945.415s step_avg:1813.73ms
step:3279/3325 train_time:5947.211s step_avg:1813.73ms
step:3280/3325 train_time:5949.006s step_avg:1813.72ms
step:3281/3325 train_time:5950.802s step_avg:1813.72ms
step:3282/3325 train_time:5952.598s step_avg:1813.71ms
step:3283/3325 train_time:5954.392s step_avg:1813.70ms
step:3284/3325 train_time:5956.188s step_avg:1813.70ms
step:3285/3325 train_time:5957.984s step_avg:1813.69ms
step:3286/3325 train_time:5959.780s step_avg:1813.69ms
step:3287/3325 train_time:5961.575s step_avg:1813.68ms
step:3288/3325 train_time:5963.370s step_avg:1813.68ms
step:3289/3325 train_time:5965.165s step_avg:1813.67ms
step:3290/3325 train_time:5966.961s step_avg:1813.67ms
step:3291/3325 train_time:5968.756s step_avg:1813.66ms
step:3292/3325 train_time:5970.552s step_avg:1813.66ms
step:3293/3325 train_time:5972.348s step_avg:1813.65ms
step:3294/3325 train_time:5974.143s step_avg:1813.64ms
step:3295/3325 train_time:5975.941s step_avg:1813.64ms
step:3296/3325 train_time:5977.737s step_avg:1813.63ms
step:3297/3325 train_time:5979.534s step_avg:1813.63ms
step:3298/3325 train_time:5981.328s step_avg:1813.62ms
step:3299/3325 train_time:5983.123s step_avg:1813.62ms
step:3300/3325 train_time:5985.208s step_avg:1813.70ms
step:3300/3325 val_loss:3.26646 train_time:5985.209s step_avg:1807.19ms
step:3301/3325 train_time:5987.007s step_avg:1813.69ms
step:3302/3325 train_time:5988.804s step_avg:1813.69ms
step:3303/3325 train_time:5990.601s step_avg:1813.68ms
step:3304/3325 train_time:5992.397s step_avg:1813.68ms
step:3305/3325 train_time:5994.192s step_avg:1813.67ms
step:3306/3325 train_time:5995.990s step_avg:1813.67ms
step:3307/3325 train_time:5997.787s step_avg:1813.66ms
step:3308/3325 train_time:5999.582s step_avg:1813.66ms
step:3309/3325 train_time:6001.377s step_avg:1813.65ms
step:3310/3325 train_time:6003.173s step_avg:1813.65ms
step:3311/3325 train_time:6004.968s step_avg:1813.64ms
step:3312/3325 train_time:6006.763s step_avg:1813.64ms
step:3313/3325 train_time:6008.559s step_avg:1813.63ms
step:3314/3325 train_time:6010.354s step_avg:1813.63ms
step:3315/3325 train_time:6012.148s step_avg:1813.62ms
step:3316/3325 train_time:6013.943s step_avg:1813.61ms
step:3317/3325 train_time:6015.738s step_avg:1813.61ms
step:3318/3325 train_time:6017.534s step_avg:1813.60ms
step:3319/3325 train_time:6019.330s step_avg:1813.60ms
step:3320/3325 train_time:6021.127s step_avg:1813.59ms
step:3321/3325 train_time:6022.922s step_avg:1813.59ms
step:3322/3325 train_time:6024.718s step_avg:1813.58ms
step:3323/3325 train_time:6026.513s step_avg:1813.58ms
step:3324/3325 train_time:6028.308s step_avg:1813.57ms
step:3325/3325 train_time:6032.916s step_avg:1814.41ms
step:3325/3325 val_loss:3.26582 train_time:6032.917s step_avg:1908.33ms
trial:0 best_val_loss:3.26582 best_val_step:3325 first_step_to_target:3150
wandb: updating run metadata
wandb: uploading output.log; uploading wandb-summary.json; uploading config.yaml
wandb: 
wandb: Run history:
wandb:                           aux/beta2 ▁▁▁▁▁▁▁▁▁▁▁▁▁▁▁▁▁▁▁▁▁▁▁▁▁▁▁▁▁▁▁▁▁▁▁▁▁▁▁▁
wandb:        speedrun/final_best_val_loss ▁
wandb:        speedrun/final_best_val_step ▁
wandb: speedrun/final_first_step_to_target ▁
wandb:       speedrun/final_reached_target ▁
wandb:       speedrun/first_step_to_target ▁▁▁▁▁▁▁▁▁▁▁▁▁▁▁▁▁▁▁▁▁▁▁▁▁▁▁▁▁▁████████
wandb:             speedrun/reached_target ▁▁▁▁▁▁▁▁▁▁▁▁▁▁▁▁▁▁▁▁▁▁▁▁▁▁▁▁▁▁████████
wandb:            speedrun/target_val_loss ▁▁▁▁▁▁▁▁▁▁▁▁▁▁▁▁▁▁▁▁▁▁▁▁▁▁▁▁▁▁▁▁▁▁▁▁▁▁▁▁
wandb:                speedrun/train_steps ▁▁▁▁▁▁▁▁▁▁▁▁▁▁▁▁▁▁▁▁▁▁▁▁▁▁▁▁▁▁▁▁▁▁▁▁▁▁▁▁
wandb:                    time/step_avg_ms  █▃▁▂▁▁▁▃▁▁▁▁▁▁▁▁▁▁▁▁▁▁▁▁▁▁▁▁▁▁▁▂▁▁▁▁█
wandb:                              +4,585 ...
wandb: 
wandb: Run summary:
wandb:                           aux/beta2 0.99
wandb:        speedrun/final_best_val_loss 3.26582
wandb:        speedrun/final_best_val_step 3325
wandb: speedrun/final_first_step_to_target 3150
wandb:       speedrun/final_reached_target 1
wandb:       speedrun/first_step_to_target 3150
wandb:             speedrun/reached_target 1
wandb:            speedrun/target_val_loss 3.28
wandb:                speedrun/train_steps 3325
wandb:                    time/step_avg_ms 1908.32801
wandb:                              +4,585 ...
wandb: 
wandb: 🚀 View run g1r3-tanjiro/h179-arm_c-strong-ultra-early at: https://wandb.ai/wandb-applied-ai-team/modded-nanogpt-senpai/runs/szc1oyn0
wandb: ⭐️ View project at: https://wandb.ai/wandb-applied-ai-team/modded-nanogpt-senpai
wandb: Synced 7 W&B file(s), 0 media file(s), 0 artifact file(s) and 0 other file(s)
wandb: Find logs at: ./wandb/run-20260526_153419-szc1oyn0/logs
=== END   arm_c-strong-ultra-early rc=0 @ 2026-05-26T17:22:22Z ===
