=== START arm_a-ctrl @ 2026-05-26T11:57:59Z ===
logs/ac9c5ed6-960a-4f60-a913-7a3b0c11fafe.txt
MuLoCo outer optimizer ENABLED: outer_lr=0.7 outer_momentum=0.5 sync_interval=30
MuonH mode=scale_invariant lr=0.018 budget_mult=1.0 cooldown_shape=linear
AGC ENABLED on aux AdamW groups: clip_ratio=0.05 eps=0.001
AGC ENABLED on inner MuonH gradient: clip_ratio=0.05 eps=0.001
H162 per-block MuonH LR DISABLED (single global LR)
wandb: [wandb.login()] Loaded credentials for https://api.wandb.ai from WANDB_API_KEY.
wandb: W&B API key is configured. Use `wandb login --relogin` to force relogin
wandb: Tracking run with wandb version 0.26.1
wandb: Run data is saved locally in /workspace/senpai/target/wandb/run-20260526_115804-i3k5zbhs
wandb: Run `wandb offline` to turn off syncing.
wandb: Syncing run g1r3-tanjiro/h179-arm_a-ctrl
wandb: ⭐️ View project at https://wandb.ai/wandb-applied-ai-team/modded-nanogpt-senpai
wandb: 🚀 View run at https://wandb.ai/wandb-applied-ai-team/modded-nanogpt-senpai/runs/i3k5zbhs
[H148 body_init=orthogonal_fnorm_matched] sample F-norms: [{'name': 'blocks.0.attn.q.weight', 'shape': (768, 768), 'default_fnorm': 15.913057327270508, 'final_fnorm': 15.913058280944824}, {'name': 'blocks.0.mlp.fc.weight', 'shape': (3072, 768), 'default_fnorm': 47.6195182800293, 'final_fnorm': 47.61952209472656}, {'name': 'blocks.5.attn.q.weight', 'shape': (768, 768), 'default_fnorm': 15.894183158874512, 'final_fnorm': 15.894183158874512}, {'name': 'blocks.5.mlp.fc.weight', 'shape': (3072, 768), 'default_fnorm': 47.61994171142578, 'final_fnorm': 47.61994552612305}, {'name': 'blocks.11.attn.q.weight', 'shape': (768, 768), 'default_fnorm': 15.925324440002441, 'final_fnorm': 15.925324440002441}, {'name': 'blocks.11.mlp.fc.weight', 'shape': (3072, 768), 'default_fnorm': 47.56242752075195, 'final_fnorm': 47.56242752075195}]
[H162 INIT] SINGLE-GROUP MuonH path: built 1 param group (exponent=0.0, CTRL bit-identical to baseline)
step:0/3325 val_loss:10.82583 train_time:0.000s step_avg:nanms
[H148 body_init=orthogonal_fnorm_matched] hyperball radii: [{'name': 'blocks.0.attn.q.weight', 'radius': 15.913058280944824}, {'name': 'blocks.0.mlp.fc.weight', 'radius': 47.61952209472656}, {'name': 'blocks.5.attn.q.weight', 'radius': 15.894183158874512}, {'name': 'blocks.5.mlp.fc.weight', 'radius': 47.61994552612305}, {'name': 'blocks.11.attn.q.weight', 'radius': 15.925324440002441}, {'name': 'blocks.11.mlp.fc.weight', 'radius': 47.56242752075195}]
step:1/3325 train_time:9.423s step_avg:9422.97ms
step:2/3325 train_time:12.472s step_avg:6235.83ms
step:3/3325 train_time:14.706s step_avg:4902.10ms
step:4/3325 train_time:16.940s step_avg:4234.99ms
[rank0]:W0526 11:58:38.184000 445299 torch/_dynamo/convert_frame.py:1743] [1/8] torch._dynamo hit config.recompile_limit (8)
[rank0]:W0526 11:58:38.184000 445299 torch/_dynamo/convert_frame.py:1743] [1/8]    function: 'muon_update' (/workspace/senpai/target/records/track_3_optimization/train_gpt_simple.py:588)
[rank0]:W0526 11:58:38.184000 445299 torch/_dynamo/convert_frame.py:1743] [1/8]    last reason: 1/7: ___as_tensor(mu).item() == 0.9499548736462093  # (unknown source ___as_tensor(mu).item(), please file a bug)
[rank0]:W0526 11:58:38.184000 445299 torch/_dynamo/convert_frame.py:1743] [1/8] To log all recompilation reasons, use TORCH_LOGS="recompiles".
[rank0]:W0526 11:58:38.184000 445299 torch/_dynamo/convert_frame.py:1743] [1/8] To diagnose recompilation issues, see https://docs.pytorch.org/docs/main/user_guide/torch_compiler/compile/programming_model.recompilation.html
step:5/3325 train_time:18.736s step_avg:3747.21ms
step:6/3325 train_time:20.524s step_avg:3420.71ms
step:7/3325 train_time:22.313s step_avg:3187.58ms
step:8/3325 train_time:24.103s step_avg:3012.93ms
step:9/3325 train_time:25.894s step_avg:2877.07ms
step:10/3325 train_time:27.685s step_avg:2768.47ms
step:11/3325 train_time:29.477s step_avg:2679.73ms
step:12/3325 train_time:31.266s step_avg:2605.54ms
step:13/3325 train_time:33.056s step_avg:2542.76ms
step:14/3325 train_time:34.846s step_avg:2489.02ms
step:15/3325 train_time:36.637s step_avg:2442.46ms
step:16/3325 train_time:38.428s step_avg:2401.73ms
step:17/3325 train_time:40.219s step_avg:2365.79ms
step:18/3325 train_time:42.010s step_avg:2333.88ms
step:19/3325 train_time:43.802s step_avg:2305.37ms
step:20/3325 train_time:45.593s step_avg:2279.67ms
step:21/3325 train_time:47.384s step_avg:2256.39ms
step:22/3325 train_time:49.176s step_avg:2235.29ms
step:23/3325 train_time:50.969s step_avg:2216.06ms
step:24/3325 train_time:52.762s step_avg:2198.43ms
step:25/3325 train_time:54.829s step_avg:2193.18ms
step:26/3325 train_time:56.622s step_avg:2177.78ms
step:27/3325 train_time:58.415s step_avg:2163.51ms
step:28/3325 train_time:60.208s step_avg:2150.28ms
step:29/3325 train_time:62.001s step_avg:2137.95ms
step:30/3325 train_time:63.811s step_avg:2127.04ms
step:31/3325 train_time:65.605s step_avg:2116.30ms
step:32/3325 train_time:67.399s step_avg:2106.23ms
step:33/3325 train_time:69.193s step_avg:2096.76ms
step:34/3325 train_time:70.988s step_avg:2087.87ms
step:35/3325 train_time:72.782s step_avg:2079.50ms
step:36/3325 train_time:74.578s step_avg:2071.60ms
step:37/3325 train_time:76.373s step_avg:2064.12ms
step:38/3325 train_time:78.167s step_avg:2057.03ms
step:39/3325 train_time:79.963s step_avg:2050.33ms
step:40/3325 train_time:81.758s step_avg:2043.96ms
step:41/3325 train_time:83.555s step_avg:2037.93ms
step:42/3325 train_time:85.350s step_avg:2032.14ms
step:43/3325 train_time:87.144s step_avg:2026.61ms
step:44/3325 train_time:88.939s step_avg:2021.34ms
step:45/3325 train_time:90.733s step_avg:2016.29ms
step:46/3325 train_time:92.528s step_avg:2011.48ms
step:47/3325 train_time:94.324s step_avg:2006.89ms
step:48/3325 train_time:96.119s step_avg:2002.48ms
step:49/3325 train_time:97.914s step_avg:1998.25ms
step:50/3325 train_time:102.638s step_avg:2052.77ms
step:51/3325 train_time:104.433s step_avg:2047.71ms
step:52/3325 train_time:106.228s step_avg:2042.84ms
step:53/3325 train_time:108.022s step_avg:2038.16ms
step:54/3325 train_time:109.817s step_avg:2033.66ms
step:55/3325 train_time:111.612s step_avg:2029.30ms
step:56/3325 train_time:113.408s step_avg:2025.14ms
step:57/3325 train_time:115.204s step_avg:2021.12ms
step:58/3325 train_time:116.999s step_avg:2017.22ms
step:59/3325 train_time:118.793s step_avg:2013.44ms
step:60/3325 train_time:120.606s step_avg:2010.10ms
step:61/3325 train_time:122.401s step_avg:2006.57ms
step:62/3325 train_time:124.196s step_avg:2003.16ms
step:63/3325 train_time:125.992s step_avg:1999.87ms
step:64/3325 train_time:127.787s step_avg:1996.68ms
step:65/3325 train_time:129.584s step_avg:1993.59ms
step:66/3325 train_time:131.379s step_avg:1990.59ms
step:67/3325 train_time:133.175s step_avg:1987.68ms
step:68/3325 train_time:134.971s step_avg:1984.86ms
step:69/3325 train_time:136.766s step_avg:1982.12ms
step:70/3325 train_time:138.562s step_avg:1979.46ms
step:71/3325 train_time:140.358s step_avg:1976.88ms
step:72/3325 train_time:142.155s step_avg:1974.37ms
step:73/3325 train_time:143.951s step_avg:1971.93ms
step:74/3325 train_time:145.747s step_avg:1969.55ms
step:75/3325 train_time:147.819s step_avg:1970.92ms
step:76/3325 train_time:149.614s step_avg:1968.60ms
step:77/3325 train_time:151.409s step_avg:1966.35ms
step:78/3325 train_time:153.204s step_avg:1964.15ms
step:79/3325 train_time:155.000s step_avg:1962.03ms
step:80/3325 train_time:156.799s step_avg:1959.98ms
step:81/3325 train_time:158.594s step_avg:1957.96ms
step:82/3325 train_time:160.391s step_avg:1955.99ms
step:83/3325 train_time:162.187s step_avg:1954.06ms
step:84/3325 train_time:163.984s step_avg:1952.19ms
step:85/3325 train_time:165.780s step_avg:1950.35ms
step:86/3325 train_time:167.577s step_avg:1948.57ms
step:87/3325 train_time:169.375s step_avg:1946.84ms
step:88/3325 train_time:171.172s step_avg:1945.14ms
step:89/3325 train_time:172.968s step_avg:1943.46ms
step:90/3325 train_time:174.781s step_avg:1942.01ms
step:91/3325 train_time:176.578s step_avg:1940.42ms
step:92/3325 train_time:178.374s step_avg:1938.85ms
step:93/3325 train_time:180.169s step_avg:1937.30ms
step:94/3325 train_time:181.964s step_avg:1935.79ms
step:95/3325 train_time:183.762s step_avg:1934.34ms
step:96/3325 train_time:185.559s step_avg:1932.90ms
step:97/3325 train_time:187.355s step_avg:1931.50ms
step:98/3325 train_time:189.157s step_avg:1930.17ms
step:99/3325 train_time:190.953s step_avg:1928.82ms
step:100/3325 train_time:193.023s step_avg:1930.23ms
step:101/3325 train_time:194.820s step_avg:1928.91ms
step:102/3325 train_time:196.618s step_avg:1927.62ms
step:103/3325 train_time:198.413s step_avg:1926.34ms
step:104/3325 train_time:200.211s step_avg:1925.11ms
step:105/3325 train_time:202.007s step_avg:1923.88ms
step:106/3325 train_time:203.803s step_avg:1922.67ms
step:107/3325 train_time:205.598s step_avg:1921.48ms
step:108/3325 train_time:207.394s step_avg:1920.32ms
step:109/3325 train_time:209.190s step_avg:1919.18ms
step:110/3325 train_time:210.987s step_avg:1918.06ms
step:111/3325 train_time:212.783s step_avg:1916.96ms
step:112/3325 train_time:214.580s step_avg:1915.89ms
step:113/3325 train_time:216.376s step_avg:1914.83ms
step:114/3325 train_time:218.172s step_avg:1913.79ms
step:115/3325 train_time:219.969s step_avg:1912.77ms
step:116/3325 train_time:221.764s step_avg:1911.76ms
step:117/3325 train_time:223.562s step_avg:1910.79ms
step:118/3325 train_time:225.359s step_avg:1909.82ms
step:119/3325 train_time:227.155s step_avg:1908.87ms
step:120/3325 train_time:228.968s step_avg:1908.06ms
step:121/3325 train_time:230.763s step_avg:1907.14ms
step:122/3325 train_time:232.559s step_avg:1906.22ms
step:123/3325 train_time:234.356s step_avg:1905.34ms
step:124/3325 train_time:236.152s step_avg:1904.46ms
step:125/3325 train_time:238.289s step_avg:1906.31ms
step:125/3325 val_loss:4.92004 train_time:238.289s step_avg:1906.31ms
step:126/3325 train_time:240.087s step_avg:1905.45ms
step:127/3325 train_time:241.884s step_avg:1904.60ms
step:128/3325 train_time:243.681s step_avg:1903.76ms
step:129/3325 train_time:245.477s step_avg:1902.92ms
step:130/3325 train_time:247.273s step_avg:1902.10ms
step:131/3325 train_time:249.069s step_avg:1901.29ms
step:132/3325 train_time:250.865s step_avg:1900.49ms
step:133/3325 train_time:252.661s step_avg:1899.71ms
step:134/3325 train_time:254.457s step_avg:1898.93ms
step:135/3325 train_time:256.253s step_avg:1898.17ms
step:136/3325 train_time:258.049s step_avg:1897.42ms
step:137/3325 train_time:259.846s step_avg:1896.68ms
step:138/3325 train_time:261.641s step_avg:1895.95ms
step:139/3325 train_time:263.437s step_avg:1895.23ms
step:140/3325 train_time:265.233s step_avg:1894.52ms
step:141/3325 train_time:267.029s step_avg:1893.82ms
step:142/3325 train_time:268.824s step_avg:1893.13ms
step:143/3325 train_time:270.620s step_avg:1892.45ms
step:144/3325 train_time:272.416s step_avg:1891.78ms
step:145/3325 train_time:274.211s step_avg:1891.11ms
step:146/3325 train_time:276.007s step_avg:1890.46ms
step:147/3325 train_time:277.802s step_avg:1889.81ms
step:148/3325 train_time:279.598s step_avg:1889.18ms
step:149/3325 train_time:281.394s step_avg:1888.55ms
step:150/3325 train_time:283.481s step_avg:1889.87ms
step:151/3325 train_time:285.276s step_avg:1889.25ms
step:152/3325 train_time:287.072s step_avg:1888.63ms
step:153/3325 train_time:288.867s step_avg:1888.02ms
step:154/3325 train_time:290.662s step_avg:1887.42ms
step:155/3325 train_time:292.458s step_avg:1886.83ms
step:156/3325 train_time:294.256s step_avg:1886.25ms
step:157/3325 train_time:296.053s step_avg:1885.69ms
step:158/3325 train_time:297.849s step_avg:1885.12ms
step:159/3325 train_time:299.644s step_avg:1884.55ms
step:160/3325 train_time:301.439s step_avg:1883.99ms
step:161/3325 train_time:303.233s step_avg:1883.44ms
step:162/3325 train_time:305.029s step_avg:1882.90ms
step:163/3325 train_time:306.825s step_avg:1882.36ms
step:164/3325 train_time:308.620s step_avg:1881.83ms
step:165/3325 train_time:310.416s step_avg:1881.31ms
step:166/3325 train_time:312.211s step_avg:1880.79ms
step:167/3325 train_time:314.007s step_avg:1880.28ms
step:168/3325 train_time:315.802s step_avg:1879.77ms
step:169/3325 train_time:317.597s step_avg:1879.27ms
step:170/3325 train_time:319.393s step_avg:1878.78ms
step:171/3325 train_time:321.188s step_avg:1878.29ms
step:172/3325 train_time:322.984s step_avg:1877.82ms
step:173/3325 train_time:324.780s step_avg:1877.34ms
step:174/3325 train_time:326.574s step_avg:1876.86ms
step:175/3325 train_time:328.645s step_avg:1877.97ms
step:176/3325 train_time:330.440s step_avg:1877.50ms
step:177/3325 train_time:332.236s step_avg:1877.04ms
step:178/3325 train_time:334.032s step_avg:1876.58ms
step:179/3325 train_time:335.828s step_avg:1876.13ms
step:180/3325 train_time:337.640s step_avg:1875.78ms
step:181/3325 train_time:339.438s step_avg:1875.35ms
step:182/3325 train_time:341.233s step_avg:1874.91ms
step:183/3325 train_time:343.029s step_avg:1874.47ms
step:184/3325 train_time:344.825s step_avg:1874.05ms
step:185/3325 train_time:346.619s step_avg:1873.62ms
step:186/3325 train_time:348.413s step_avg:1873.19ms
step:187/3325 train_time:350.207s step_avg:1872.76ms
step:188/3325 train_time:352.001s step_avg:1872.35ms
step:189/3325 train_time:353.797s step_avg:1871.94ms
step:190/3325 train_time:355.592s step_avg:1871.54ms
step:191/3325 train_time:357.499s step_avg:1871.72ms
step:192/3325 train_time:359.294s step_avg:1871.32ms
step:193/3325 train_time:361.089s step_avg:1870.93ms
step:194/3325 train_time:362.885s step_avg:1870.54ms
step:195/3325 train_time:364.680s step_avg:1870.15ms
step:196/3325 train_time:366.475s step_avg:1869.77ms
step:197/3325 train_time:368.271s step_avg:1869.39ms
step:198/3325 train_time:370.066s step_avg:1869.02ms
step:199/3325 train_time:371.862s step_avg:1868.65ms
step:200/3325 train_time:373.931s step_avg:1869.66ms
step:201/3325 train_time:375.725s step_avg:1869.28ms
step:202/3325 train_time:377.519s step_avg:1868.90ms
step:203/3325 train_time:379.313s step_avg:1868.54ms
step:204/3325 train_time:381.108s step_avg:1868.18ms
step:205/3325 train_time:382.903s step_avg:1867.82ms
step:206/3325 train_time:384.698s step_avg:1867.47ms
step:207/3325 train_time:386.494s step_avg:1867.12ms
step:208/3325 train_time:388.291s step_avg:1866.78ms
step:209/3325 train_time:390.086s step_avg:1866.44ms
step:210/3325 train_time:391.898s step_avg:1866.18ms
step:211/3325 train_time:393.695s step_avg:1865.85ms
step:212/3325 train_time:395.491s step_avg:1865.52ms
step:213/3325 train_time:397.286s step_avg:1865.19ms
step:214/3325 train_time:399.083s step_avg:1864.87ms
step:215/3325 train_time:400.879s step_avg:1864.55ms
step:216/3325 train_time:402.675s step_avg:1864.24ms
step:217/3325 train_time:404.471s step_avg:1863.92ms
step:218/3325 train_time:406.267s step_avg:1863.61ms
step:219/3325 train_time:408.063s step_avg:1863.30ms
step:220/3325 train_time:409.859s step_avg:1862.99ms
step:221/3325 train_time:411.655s step_avg:1862.69ms
step:222/3325 train_time:413.452s step_avg:1862.39ms
step:223/3325 train_time:415.248s step_avg:1862.10ms
step:224/3325 train_time:417.045s step_avg:1861.81ms
step:225/3325 train_time:419.120s step_avg:1862.76ms
step:226/3325 train_time:420.917s step_avg:1862.46ms
step:227/3325 train_time:422.712s step_avg:1862.17ms
step:228/3325 train_time:424.509s step_avg:1861.88ms
step:229/3325 train_time:426.305s step_avg:1861.59ms
step:230/3325 train_time:428.100s step_avg:1861.30ms
step:231/3325 train_time:429.895s step_avg:1861.02ms
step:232/3325 train_time:431.691s step_avg:1860.74ms
step:233/3325 train_time:433.487s step_avg:1860.46ms
step:234/3325 train_time:435.283s step_avg:1860.18ms
step:235/3325 train_time:437.078s step_avg:1859.91ms
step:236/3325 train_time:438.874s step_avg:1859.64ms
step:237/3325 train_time:440.670s step_avg:1859.37ms
step:238/3325 train_time:442.466s step_avg:1859.10ms
step:239/3325 train_time:444.261s step_avg:1858.83ms
step:240/3325 train_time:446.072s step_avg:1858.63ms
step:241/3325 train_time:447.867s step_avg:1858.37ms
step:242/3325 train_time:449.663s step_avg:1858.11ms
step:243/3325 train_time:451.459s step_avg:1857.85ms
step:244/3325 train_time:453.253s step_avg:1857.59ms
step:245/3325 train_time:455.049s step_avg:1857.34ms
step:246/3325 train_time:456.845s step_avg:1857.09ms
step:247/3325 train_time:458.638s step_avg:1856.84ms
step:248/3325 train_time:460.433s step_avg:1856.59ms
step:249/3325 train_time:462.228s step_avg:1856.34ms
step:250/3325 train_time:466.826s step_avg:1867.30ms
step:250/3325 val_loss:4.21190 train_time:466.826s step_avg:1828.30ms
step:251/3325 train_time:468.623s step_avg:1867.02ms
step:252/3325 train_time:470.418s step_avg:1866.74ms
step:253/3325 train_time:472.213s step_avg:1866.45ms
step:254/3325 train_time:474.008s step_avg:1866.17ms
step:255/3325 train_time:475.802s step_avg:1865.89ms
step:256/3325 train_time:477.597s step_avg:1865.61ms
step:257/3325 train_time:479.392s step_avg:1865.34ms
step:258/3325 train_time:481.186s step_avg:1865.06ms
step:259/3325 train_time:482.981s step_avg:1864.79ms
step:260/3325 train_time:484.775s step_avg:1864.52ms
step:261/3325 train_time:486.570s step_avg:1864.25ms
step:262/3325 train_time:488.365s step_avg:1863.99ms
step:263/3325 train_time:490.160s step_avg:1863.72ms
step:264/3325 train_time:491.956s step_avg:1863.47ms
step:265/3325 train_time:493.751s step_avg:1863.21ms
step:266/3325 train_time:495.548s step_avg:1862.96ms
step:267/3325 train_time:497.341s step_avg:1862.70ms
step:268/3325 train_time:499.135s step_avg:1862.45ms
step:269/3325 train_time:500.931s step_avg:1862.20ms
step:270/3325 train_time:502.742s step_avg:1862.01ms
step:271/3325 train_time:504.537s step_avg:1861.76ms
step:272/3325 train_time:506.333s step_avg:1861.52ms
step:273/3325 train_time:508.126s step_avg:1861.27ms
step:274/3325 train_time:509.921s step_avg:1861.03ms
step:275/3325 train_time:511.990s step_avg:1861.78ms
step:276/3325 train_time:513.786s step_avg:1861.54ms
step:277/3325 train_time:515.581s step_avg:1861.30ms
step:278/3325 train_time:517.378s step_avg:1861.07ms
step:279/3325 train_time:519.172s step_avg:1860.83ms
step:280/3325 train_time:520.967s step_avg:1860.60ms
step:281/3325 train_time:522.762s step_avg:1860.36ms
step:282/3325 train_time:524.557s step_avg:1860.13ms
step:283/3325 train_time:526.351s step_avg:1859.90ms
step:284/3325 train_time:528.146s step_avg:1859.67ms
step:285/3325 train_time:529.940s step_avg:1859.44ms
step:286/3325 train_time:531.736s step_avg:1859.22ms
step:287/3325 train_time:533.531s step_avg:1858.99ms
step:288/3325 train_time:535.326s step_avg:1858.77ms
step:289/3325 train_time:537.120s step_avg:1858.55ms
step:290/3325 train_time:538.916s step_avg:1858.33ms
step:291/3325 train_time:540.713s step_avg:1858.12ms
step:292/3325 train_time:542.508s step_avg:1857.90ms
step:293/3325 train_time:544.301s step_avg:1857.68ms
step:294/3325 train_time:546.097s step_avg:1857.47ms
step:295/3325 train_time:547.891s step_avg:1857.26ms
step:296/3325 train_time:549.687s step_avg:1857.05ms
step:297/3325 train_time:551.481s step_avg:1856.84ms
step:298/3325 train_time:553.277s step_avg:1856.63ms
step:299/3325 train_time:555.071s step_avg:1856.43ms
step:300/3325 train_time:557.165s step_avg:1857.22ms
step:301/3325 train_time:558.961s step_avg:1857.01ms
step:302/3325 train_time:560.757s step_avg:1856.81ms
step:303/3325 train_time:562.552s step_avg:1856.61ms
step:304/3325 train_time:564.348s step_avg:1856.41ms
step:305/3325 train_time:566.144s step_avg:1856.21ms
step:306/3325 train_time:567.939s step_avg:1856.01ms
step:307/3325 train_time:569.733s step_avg:1855.81ms
step:308/3325 train_time:571.526s step_avg:1855.60ms
step:309/3325 train_time:573.321s step_avg:1855.41ms
step:310/3325 train_time:575.115s step_avg:1855.21ms
step:311/3325 train_time:576.909s step_avg:1855.01ms
step:312/3325 train_time:578.703s step_avg:1854.82ms
step:313/3325 train_time:580.498s step_avg:1854.63ms
step:314/3325 train_time:582.294s step_avg:1854.44ms
step:315/3325 train_time:584.090s step_avg:1854.25ms
step:316/3325 train_time:585.884s step_avg:1854.06ms
step:317/3325 train_time:587.679s step_avg:1853.88ms
step:318/3325 train_time:589.475s step_avg:1853.70ms
step:319/3325 train_time:591.271s step_avg:1853.51ms
step:320/3325 train_time:593.065s step_avg:1853.33ms
step:321/3325 train_time:594.860s step_avg:1853.15ms
step:322/3325 train_time:596.654s step_avg:1852.96ms
step:323/3325 train_time:598.449s step_avg:1852.78ms
step:324/3325 train_time:600.243s step_avg:1852.60ms
step:325/3325 train_time:602.313s step_avg:1853.27ms
step:326/3325 train_time:604.107s step_avg:1853.09ms
step:327/3325 train_time:605.903s step_avg:1852.92ms
step:328/3325 train_time:607.699s step_avg:1852.74ms
step:329/3325 train_time:609.495s step_avg:1852.57ms
step:330/3325 train_time:611.306s step_avg:1852.44ms
step:331/3325 train_time:613.103s step_avg:1852.27ms
step:332/3325 train_time:614.899s step_avg:1852.11ms
step:333/3325 train_time:616.693s step_avg:1851.93ms
step:334/3325 train_time:618.487s step_avg:1851.76ms
step:335/3325 train_time:620.282s step_avg:1851.59ms
step:336/3325 train_time:622.079s step_avg:1851.42ms
step:337/3325 train_time:623.873s step_avg:1851.26ms
step:338/3325 train_time:625.668s step_avg:1851.09ms
step:339/3325 train_time:627.462s step_avg:1850.92ms
step:340/3325 train_time:629.257s step_avg:1850.76ms
step:341/3325 train_time:631.053s step_avg:1850.59ms
step:342/3325 train_time:632.848s step_avg:1850.43ms
step:343/3325 train_time:634.643s step_avg:1850.27ms
step:344/3325 train_time:636.440s step_avg:1850.12ms
step:345/3325 train_time:638.235s step_avg:1849.96ms
step:346/3325 train_time:640.030s step_avg:1849.80ms
step:347/3325 train_time:641.825s step_avg:1849.64ms
step:348/3325 train_time:643.619s step_avg:1849.48ms
step:349/3325 train_time:645.414s step_avg:1849.32ms
step:350/3325 train_time:647.490s step_avg:1849.97ms
step:351/3325 train_time:649.284s step_avg:1849.81ms
step:352/3325 train_time:651.081s step_avg:1849.66ms
step:353/3325 train_time:652.877s step_avg:1849.51ms
step:354/3325 train_time:654.672s step_avg:1849.35ms
step:355/3325 train_time:656.467s step_avg:1849.20ms
step:356/3325 train_time:658.263s step_avg:1849.05ms
step:357/3325 train_time:660.057s step_avg:1848.90ms
step:358/3325 train_time:661.854s step_avg:1848.76ms
step:359/3325 train_time:663.650s step_avg:1848.61ms
step:360/3325 train_time:665.462s step_avg:1848.51ms
step:361/3325 train_time:667.256s step_avg:1848.36ms
step:362/3325 train_time:669.050s step_avg:1848.21ms
step:363/3325 train_time:670.845s step_avg:1848.06ms
step:364/3325 train_time:672.640s step_avg:1847.91ms
step:365/3325 train_time:674.436s step_avg:1847.77ms
step:366/3325 train_time:676.232s step_avg:1847.63ms
step:367/3325 train_time:678.032s step_avg:1847.50ms
step:368/3325 train_time:679.828s step_avg:1847.36ms
step:369/3325 train_time:681.623s step_avg:1847.22ms
step:370/3325 train_time:683.421s step_avg:1847.08ms
step:371/3325 train_time:685.218s step_avg:1846.95ms
step:372/3325 train_time:687.013s step_avg:1846.81ms
step:373/3325 train_time:688.808s step_avg:1846.67ms
step:374/3325 train_time:690.602s step_avg:1846.53ms
step:375/3325 train_time:692.746s step_avg:1847.32ms
step:375/3325 val_loss:3.98146 train_time:692.746s step_avg:1807.36ms
step:376/3325 train_time:694.548s step_avg:1847.20ms
step:377/3325 train_time:696.347s step_avg:1847.07ms
step:378/3325 train_time:698.143s step_avg:1846.94ms
step:379/3325 train_time:699.939s step_avg:1846.81ms
step:380/3325 train_time:701.735s step_avg:1846.67ms
step:381/3325 train_time:703.570s step_avg:1846.64ms
step:382/3325 train_time:705.368s step_avg:1846.51ms
step:383/3325 train_time:707.165s step_avg:1846.38ms
step:384/3325 train_time:708.962s step_avg:1846.25ms
step:385/3325 train_time:710.757s step_avg:1846.12ms
step:386/3325 train_time:712.550s step_avg:1845.98ms
step:387/3325 train_time:714.344s step_avg:1845.85ms
step:388/3325 train_time:716.140s step_avg:1845.72ms
step:389/3325 train_time:717.936s step_avg:1845.59ms
step:390/3325 train_time:719.751s step_avg:1845.51ms
step:391/3325 train_time:721.546s step_avg:1845.39ms
step:392/3325 train_time:723.342s step_avg:1845.26ms
step:393/3325 train_time:725.138s step_avg:1845.13ms
step:394/3325 train_time:726.933s step_avg:1845.01ms
step:395/3325 train_time:728.728s step_avg:1844.88ms
step:396/3325 train_time:730.523s step_avg:1844.76ms
step:397/3325 train_time:732.318s step_avg:1844.63ms
step:398/3325 train_time:734.114s step_avg:1844.51ms
step:399/3325 train_time:735.910s step_avg:1844.38ms
step:400/3325 train_time:737.985s step_avg:1844.96ms
step:401/3325 train_time:739.782s step_avg:1844.84ms
step:402/3325 train_time:741.577s step_avg:1844.72ms
step:403/3325 train_time:743.372s step_avg:1844.60ms
step:404/3325 train_time:745.166s step_avg:1844.47ms
step:405/3325 train_time:746.960s step_avg:1844.34ms
step:406/3325 train_time:748.754s step_avg:1844.22ms
step:407/3325 train_time:750.550s step_avg:1844.10ms
step:408/3325 train_time:752.346s step_avg:1843.99ms
step:409/3325 train_time:754.142s step_avg:1843.87ms
step:410/3325 train_time:755.939s step_avg:1843.75ms
step:411/3325 train_time:757.738s step_avg:1843.64ms
step:412/3325 train_time:759.534s step_avg:1843.53ms
step:413/3325 train_time:761.328s step_avg:1843.41ms
step:414/3325 train_time:763.124s step_avg:1843.29ms
step:415/3325 train_time:764.918s step_avg:1843.18ms
step:416/3325 train_time:766.712s step_avg:1843.06ms
step:417/3325 train_time:768.507s step_avg:1842.94ms
step:418/3325 train_time:770.302s step_avg:1842.83ms
step:419/3325 train_time:772.096s step_avg:1842.71ms
step:420/3325 train_time:773.907s step_avg:1842.64ms
step:421/3325 train_time:775.701s step_avg:1842.52ms
step:422/3325 train_time:777.495s step_avg:1842.41ms
step:423/3325 train_time:779.290s step_avg:1842.29ms
step:424/3325 train_time:781.085s step_avg:1842.18ms
step:425/3325 train_time:783.155s step_avg:1842.72ms
step:426/3325 train_time:784.948s step_avg:1842.60ms
step:427/3325 train_time:786.742s step_avg:1842.49ms
step:428/3325 train_time:788.536s step_avg:1842.37ms
step:429/3325 train_time:790.335s step_avg:1842.27ms
step:430/3325 train_time:792.132s step_avg:1842.17ms
step:431/3325 train_time:793.927s step_avg:1842.06ms
step:432/3325 train_time:795.726s step_avg:1841.96ms
step:433/3325 train_time:797.524s step_avg:1841.86ms
step:434/3325 train_time:799.320s step_avg:1841.75ms
step:435/3325 train_time:801.118s step_avg:1841.65ms
step:436/3325 train_time:802.913s step_avg:1841.54ms
step:437/3325 train_time:804.713s step_avg:1841.45ms
step:438/3325 train_time:806.512s step_avg:1841.35ms
step:439/3325 train_time:808.309s step_avg:1841.25ms
step:440/3325 train_time:810.106s step_avg:1841.15ms
step:441/3325 train_time:811.905s step_avg:1841.05ms
step:442/3325 train_time:813.699s step_avg:1840.95ms
step:443/3325 train_time:815.493s step_avg:1840.84ms
step:444/3325 train_time:817.287s step_avg:1840.74ms
step:445/3325 train_time:819.080s step_avg:1840.63ms
step:446/3325 train_time:820.874s step_avg:1840.52ms
step:447/3325 train_time:822.667s step_avg:1840.42ms
step:448/3325 train_time:824.460s step_avg:1840.31ms
step:449/3325 train_time:826.255s step_avg:1840.21ms
step:450/3325 train_time:828.344s step_avg:1840.77ms
step:451/3325 train_time:830.140s step_avg:1840.67ms
step:452/3325 train_time:831.938s step_avg:1840.57ms
step:453/3325 train_time:833.732s step_avg:1840.47ms
step:454/3325 train_time:835.526s step_avg:1840.37ms
step:455/3325 train_time:837.319s step_avg:1840.26ms
step:456/3325 train_time:839.113s step_avg:1840.16ms
step:457/3325 train_time:840.907s step_avg:1840.06ms
step:458/3325 train_time:842.702s step_avg:1839.96ms
step:459/3325 train_time:844.495s step_avg:1839.86ms
step:460/3325 train_time:846.290s step_avg:1839.76ms
step:461/3325 train_time:848.084s step_avg:1839.66ms
step:462/3325 train_time:849.879s step_avg:1839.56ms
step:463/3325 train_time:851.674s step_avg:1839.47ms
step:464/3325 train_time:853.468s step_avg:1839.37ms
step:465/3325 train_time:855.263s step_avg:1839.27ms
step:466/3325 train_time:857.058s step_avg:1839.18ms
step:467/3325 train_time:858.851s step_avg:1839.08ms
step:468/3325 train_time:860.645s step_avg:1838.99ms
step:469/3325 train_time:862.439s step_avg:1838.89ms
step:470/3325 train_time:864.235s step_avg:1838.80ms
step:471/3325 train_time:866.031s step_avg:1838.71ms
step:472/3325 train_time:867.826s step_avg:1838.61ms
step:473/3325 train_time:869.621s step_avg:1838.52ms
step:474/3325 train_time:871.419s step_avg:1838.44ms
step:475/3325 train_time:873.490s step_avg:1838.93ms
step:476/3325 train_time:875.286s step_avg:1838.84ms
step:477/3325 train_time:877.081s step_avg:1838.74ms
step:478/3325 train_time:878.875s step_avg:1838.65ms
step:479/3325 train_time:880.670s step_avg:1838.56ms
step:480/3325 train_time:882.482s step_avg:1838.51ms
step:481/3325 train_time:884.278s step_avg:1838.42ms
step:482/3325 train_time:886.072s step_avg:1838.32ms
step:483/3325 train_time:887.865s step_avg:1838.23ms
step:484/3325 train_time:889.659s step_avg:1838.14ms
step:485/3325 train_time:891.452s step_avg:1838.04ms
step:486/3325 train_time:893.246s step_avg:1837.96ms
step:487/3325 train_time:895.040s step_avg:1837.87ms
step:488/3325 train_time:896.835s step_avg:1837.78ms
step:489/3325 train_time:898.629s step_avg:1837.69ms
step:490/3325 train_time:900.423s step_avg:1837.60ms
step:491/3325 train_time:902.216s step_avg:1837.51ms
step:492/3325 train_time:904.009s step_avg:1837.42ms
step:493/3325 train_time:905.802s step_avg:1837.33ms
step:494/3325 train_time:907.596s step_avg:1837.24ms
step:495/3325 train_time:909.391s step_avg:1837.15ms
step:496/3325 train_time:911.186s step_avg:1837.07ms
step:497/3325 train_time:912.980s step_avg:1836.98ms
step:498/3325 train_time:914.774s step_avg:1836.90ms
step:499/3325 train_time:916.570s step_avg:1836.81ms
step:500/3325 train_time:921.167s step_avg:1842.33ms
step:500/3325 val_loss:3.87517 train_time:921.167s step_avg:1827.37ms
step:501/3325 train_time:922.961s step_avg:1842.24ms
step:502/3325 train_time:924.755s step_avg:1842.14ms
step:503/3325 train_time:926.548s step_avg:1842.04ms
step:504/3325 train_time:928.342s step_avg:1841.95ms
step:505/3325 train_time:930.136s step_avg:1841.85ms
step:506/3325 train_time:931.929s step_avg:1841.76ms
step:507/3325 train_time:933.723s step_avg:1841.66ms
step:508/3325 train_time:935.517s step_avg:1841.57ms
step:509/3325 train_time:937.312s step_avg:1841.48ms
step:510/3325 train_time:939.121s step_avg:1841.41ms
step:511/3325 train_time:940.914s step_avg:1841.32ms
step:512/3325 train_time:942.707s step_avg:1841.23ms
step:513/3325 train_time:944.500s step_avg:1841.13ms
step:514/3325 train_time:946.294s step_avg:1841.04ms
step:515/3325 train_time:948.088s step_avg:1840.95ms
step:516/3325 train_time:949.883s step_avg:1840.86ms
step:517/3325 train_time:951.679s step_avg:1840.77ms
step:518/3325 train_time:953.474s step_avg:1840.68ms
step:519/3325 train_time:955.268s step_avg:1840.59ms
step:520/3325 train_time:957.063s step_avg:1840.51ms
step:521/3325 train_time:958.859s step_avg:1840.42ms
step:522/3325 train_time:960.655s step_avg:1840.34ms
step:523/3325 train_time:962.451s step_avg:1840.25ms
step:524/3325 train_time:964.248s step_avg:1840.17ms
step:525/3325 train_time:966.322s step_avg:1840.61ms
step:526/3325 train_time:968.118s step_avg:1840.53ms
step:527/3325 train_time:969.913s step_avg:1840.44ms
step:528/3325 train_time:971.710s step_avg:1840.36ms
step:529/3325 train_time:973.505s step_avg:1840.27ms
step:530/3325 train_time:975.299s step_avg:1840.19ms
step:531/3325 train_time:977.093s step_avg:1840.10ms
step:532/3325 train_time:978.890s step_avg:1840.02ms
step:533/3325 train_time:980.686s step_avg:1839.94ms
step:534/3325 train_time:982.480s step_avg:1839.85ms
step:535/3325 train_time:984.276s step_avg:1839.77ms
step:536/3325 train_time:986.071s step_avg:1839.68ms
step:537/3325 train_time:987.865s step_avg:1839.60ms
step:538/3325 train_time:989.660s step_avg:1839.52ms
step:539/3325 train_time:991.455s step_avg:1839.43ms
step:540/3325 train_time:993.267s step_avg:1839.38ms
step:541/3325 train_time:995.061s step_avg:1839.30ms
step:542/3325 train_time:996.856s step_avg:1839.22ms
step:543/3325 train_time:998.656s step_avg:1839.14ms
step:544/3325 train_time:1000.453s step_avg:1839.07ms
step:545/3325 train_time:1002.252s step_avg:1838.99ms
step:546/3325 train_time:1004.051s step_avg:1838.92ms
step:547/3325 train_time:1005.850s step_avg:1838.85ms
step:548/3325 train_time:1007.645s step_avg:1838.77ms
step:549/3325 train_time:1009.444s step_avg:1838.70ms
step:550/3325 train_time:1011.519s step_avg:1839.12ms
step:551/3325 train_time:1013.317s step_avg:1839.05ms
step:552/3325 train_time:1015.117s step_avg:1838.98ms
step:553/3325 train_time:1016.911s step_avg:1838.90ms
step:554/3325 train_time:1018.709s step_avg:1838.82ms
step:555/3325 train_time:1020.506s step_avg:1838.75ms
step:556/3325 train_time:1022.304s step_avg:1838.68ms
step:557/3325 train_time:1024.102s step_avg:1838.60ms
step:558/3325 train_time:1025.901s step_avg:1838.53ms
step:559/3325 train_time:1027.697s step_avg:1838.46ms
step:560/3325 train_time:1029.495s step_avg:1838.38ms
step:561/3325 train_time:1031.289s step_avg:1838.30ms
step:562/3325 train_time:1033.086s step_avg:1838.23ms
step:563/3325 train_time:1034.884s step_avg:1838.16ms
step:564/3325 train_time:1036.681s step_avg:1838.09ms
step:565/3325 train_time:1038.477s step_avg:1838.01ms
step:566/3325 train_time:1040.274s step_avg:1837.94ms
step:567/3325 train_time:1042.072s step_avg:1837.87ms
step:568/3325 train_time:1043.870s step_avg:1837.80ms
step:569/3325 train_time:1045.666s step_avg:1837.73ms
step:570/3325 train_time:1047.482s step_avg:1837.69ms
step:571/3325 train_time:1049.317s step_avg:1837.68ms
step:572/3325 train_time:1051.115s step_avg:1837.61ms
step:573/3325 train_time:1052.913s step_avg:1837.55ms
step:574/3325 train_time:1054.712s step_avg:1837.48ms
step:575/3325 train_time:1056.795s step_avg:1837.90ms
step:576/3325 train_time:1058.594s step_avg:1837.84ms
step:577/3325 train_time:1060.392s step_avg:1837.77ms
step:578/3325 train_time:1062.190s step_avg:1837.70ms
step:579/3325 train_time:1063.987s step_avg:1837.63ms
step:580/3325 train_time:1065.785s step_avg:1837.56ms
step:581/3325 train_time:1067.583s step_avg:1837.49ms
step:582/3325 train_time:1069.380s step_avg:1837.42ms
step:583/3325 train_time:1071.175s step_avg:1837.35ms
step:584/3325 train_time:1072.972s step_avg:1837.28ms
step:585/3325 train_time:1074.767s step_avg:1837.21ms
step:586/3325 train_time:1076.564s step_avg:1837.14ms
step:587/3325 train_time:1078.362s step_avg:1837.07ms
step:588/3325 train_time:1080.159s step_avg:1837.01ms
step:589/3325 train_time:1081.957s step_avg:1836.94ms
step:590/3325 train_time:1083.755s step_avg:1836.87ms
step:591/3325 train_time:1085.550s step_avg:1836.80ms
step:592/3325 train_time:1087.347s step_avg:1836.73ms
step:593/3325 train_time:1089.145s step_avg:1836.67ms
step:594/3325 train_time:1090.938s step_avg:1836.60ms
step:595/3325 train_time:1092.736s step_avg:1836.53ms
step:596/3325 train_time:1094.535s step_avg:1836.47ms
step:597/3325 train_time:1096.333s step_avg:1836.40ms
step:598/3325 train_time:1098.129s step_avg:1836.34ms
step:599/3325 train_time:1099.922s step_avg:1836.26ms
step:600/3325 train_time:1102.006s step_avg:1836.68ms
step:601/3325 train_time:1103.799s step_avg:1836.60ms
step:602/3325 train_time:1105.592s step_avg:1836.53ms
step:603/3325 train_time:1107.385s step_avg:1836.46ms
step:604/3325 train_time:1109.179s step_avg:1836.39ms
step:605/3325 train_time:1110.973s step_avg:1836.32ms
step:606/3325 train_time:1112.766s step_avg:1836.25ms
step:607/3325 train_time:1114.558s step_avg:1836.18ms
step:608/3325 train_time:1116.351s step_avg:1836.10ms
step:609/3325 train_time:1118.144s step_avg:1836.03ms
step:610/3325 train_time:1119.936s step_avg:1835.96ms
step:611/3325 train_time:1121.728s step_avg:1835.89ms
step:612/3325 train_time:1123.521s step_avg:1835.82ms
step:613/3325 train_time:1125.314s step_avg:1835.75ms
step:614/3325 train_time:1127.107s step_avg:1835.68ms
step:615/3325 train_time:1128.900s step_avg:1835.61ms
step:616/3325 train_time:1130.693s step_avg:1835.54ms
step:617/3325 train_time:1132.486s step_avg:1835.47ms
step:618/3325 train_time:1134.279s step_avg:1835.40ms
step:619/3325 train_time:1136.071s step_avg:1835.33ms
step:620/3325 train_time:1137.863s step_avg:1835.26ms
step:621/3325 train_time:1139.656s step_avg:1835.19ms
step:622/3325 train_time:1141.450s step_avg:1835.13ms
step:623/3325 train_time:1143.243s step_avg:1835.06ms
step:624/3325 train_time:1145.036s step_avg:1834.99ms
step:625/3325 train_time:1147.171s step_avg:1835.47ms
step:625/3325 val_loss:3.79848 train_time:1147.171s step_avg:1808.03ms
step:626/3325 train_time:1148.965s step_avg:1835.41ms
step:627/3325 train_time:1150.759s step_avg:1835.34ms
step:628/3325 train_time:1152.553s step_avg:1835.28ms
step:629/3325 train_time:1154.346s step_avg:1835.21ms
step:630/3325 train_time:1156.157s step_avg:1835.17ms
step:631/3325 train_time:1157.950s step_avg:1835.10ms
step:632/3325 train_time:1159.744s step_avg:1835.04ms
step:633/3325 train_time:1161.537s step_avg:1834.97ms
step:634/3325 train_time:1163.330s step_avg:1834.91ms
step:635/3325 train_time:1165.124s step_avg:1834.84ms
step:636/3325 train_time:1166.918s step_avg:1834.78ms
step:637/3325 train_time:1168.712s step_avg:1834.71ms
step:638/3325 train_time:1170.506s step_avg:1834.65ms
step:639/3325 train_time:1172.300s step_avg:1834.58ms
step:640/3325 train_time:1174.094s step_avg:1834.52ms
step:641/3325 train_time:1175.888s step_avg:1834.46ms
step:642/3325 train_time:1177.683s step_avg:1834.40ms
step:643/3325 train_time:1179.477s step_avg:1834.33ms
step:644/3325 train_time:1181.271s step_avg:1834.27ms
step:645/3325 train_time:1183.064s step_avg:1834.21ms
step:646/3325 train_time:1184.858s step_avg:1834.14ms
step:647/3325 train_time:1186.651s step_avg:1834.08ms
step:648/3325 train_time:1188.445s step_avg:1834.02ms
step:649/3325 train_time:1190.238s step_avg:1833.96ms
step:650/3325 train_time:1192.306s step_avg:1834.32ms
step:651/3325 train_time:1194.099s step_avg:1834.25ms
step:652/3325 train_time:1195.893s step_avg:1834.19ms
step:653/3325 train_time:1197.686s step_avg:1834.13ms
step:654/3325 train_time:1199.479s step_avg:1834.07ms
step:655/3325 train_time:1201.272s step_avg:1834.00ms
step:656/3325 train_time:1203.066s step_avg:1833.94ms
step:657/3325 train_time:1204.860s step_avg:1833.88ms
step:658/3325 train_time:1206.654s step_avg:1833.82ms
step:659/3325 train_time:1208.448s step_avg:1833.76ms
step:660/3325 train_time:1210.258s step_avg:1833.72ms
step:661/3325 train_time:1212.052s step_avg:1833.66ms
step:662/3325 train_time:1213.846s step_avg:1833.60ms
step:663/3325 train_time:1215.640s step_avg:1833.54ms
step:664/3325 train_time:1217.435s step_avg:1833.49ms
step:665/3325 train_time:1219.229s step_avg:1833.43ms
step:666/3325 train_time:1221.023s step_avg:1833.37ms
step:667/3325 train_time:1222.819s step_avg:1833.31ms
step:668/3325 train_time:1224.612s step_avg:1833.25ms
step:669/3325 train_time:1226.404s step_avg:1833.19ms
step:670/3325 train_time:1228.197s step_avg:1833.13ms
step:671/3325 train_time:1229.991s step_avg:1833.07ms
step:672/3325 train_time:1231.786s step_avg:1833.01ms
step:673/3325 train_time:1233.579s step_avg:1832.95ms
step:674/3325 train_time:1235.372s step_avg:1832.90ms
step:675/3325 train_time:1237.440s step_avg:1833.24ms
step:676/3325 train_time:1239.232s step_avg:1833.18ms
step:677/3325 train_time:1241.025s step_avg:1833.12ms
step:678/3325 train_time:1242.818s step_avg:1833.06ms
step:679/3325 train_time:1244.611s step_avg:1833.01ms
step:680/3325 train_time:1246.406s step_avg:1832.95ms
step:681/3325 train_time:1248.199s step_avg:1832.89ms
step:682/3325 train_time:1249.992s step_avg:1832.83ms
step:683/3325 train_time:1251.786s step_avg:1832.78ms
step:684/3325 train_time:1253.579s step_avg:1832.72ms
step:685/3325 train_time:1255.388s step_avg:1832.68ms
step:686/3325 train_time:1257.183s step_avg:1832.63ms
step:687/3325 train_time:1258.977s step_avg:1832.57ms
step:688/3325 train_time:1260.770s step_avg:1832.51ms
step:689/3325 train_time:1262.563s step_avg:1832.46ms
step:690/3325 train_time:1264.372s step_avg:1832.42ms
step:691/3325 train_time:1266.166s step_avg:1832.37ms
step:692/3325 train_time:1267.960s step_avg:1832.31ms
step:693/3325 train_time:1269.753s step_avg:1832.26ms
step:694/3325 train_time:1271.546s step_avg:1832.20ms
step:695/3325 train_time:1273.340s step_avg:1832.14ms
step:696/3325 train_time:1275.136s step_avg:1832.09ms
step:697/3325 train_time:1276.929s step_avg:1832.04ms
step:698/3325 train_time:1278.722s step_avg:1831.98ms
step:699/3325 train_time:1280.515s step_avg:1831.92ms
step:700/3325 train_time:1282.585s step_avg:1832.26ms
step:701/3325 train_time:1284.378s step_avg:1832.21ms
step:702/3325 train_time:1286.173s step_avg:1832.16ms
step:703/3325 train_time:1287.971s step_avg:1832.11ms
step:704/3325 train_time:1289.764s step_avg:1832.05ms
step:705/3325 train_time:1291.557s step_avg:1832.00ms
step:706/3325 train_time:1293.351s step_avg:1831.94ms
step:707/3325 train_time:1295.147s step_avg:1831.89ms
step:708/3325 train_time:1296.940s step_avg:1831.84ms
step:709/3325 train_time:1298.735s step_avg:1831.78ms
step:710/3325 train_time:1300.528s step_avg:1831.73ms
step:711/3325 train_time:1302.319s step_avg:1831.67ms
step:712/3325 train_time:1304.111s step_avg:1831.62ms
step:713/3325 train_time:1305.905s step_avg:1831.56ms
step:714/3325 train_time:1307.698s step_avg:1831.51ms
step:715/3325 train_time:1309.491s step_avg:1831.46ms
step:716/3325 train_time:1311.284s step_avg:1831.40ms
step:717/3325 train_time:1313.078s step_avg:1831.35ms
step:718/3325 train_time:1314.871s step_avg:1831.30ms
step:719/3325 train_time:1316.665s step_avg:1831.25ms
step:720/3325 train_time:1318.475s step_avg:1831.22ms
step:721/3325 train_time:1320.269s step_avg:1831.16ms
step:722/3325 train_time:1322.063s step_avg:1831.11ms
step:723/3325 train_time:1323.856s step_avg:1831.06ms
step:724/3325 train_time:1325.649s step_avg:1831.01ms
step:725/3325 train_time:1327.717s step_avg:1831.33ms
step:726/3325 train_time:1329.510s step_avg:1831.28ms
step:727/3325 train_time:1331.303s step_avg:1831.23ms
step:728/3325 train_time:1333.096s step_avg:1831.18ms
step:729/3325 train_time:1334.889s step_avg:1831.12ms
step:730/3325 train_time:1336.683s step_avg:1831.07ms
step:731/3325 train_time:1338.476s step_avg:1831.02ms
step:732/3325 train_time:1340.269s step_avg:1830.97ms
step:733/3325 train_time:1342.061s step_avg:1830.92ms
step:734/3325 train_time:1343.854s step_avg:1830.86ms
step:735/3325 train_time:1345.649s step_avg:1830.81ms
step:736/3325 train_time:1347.443s step_avg:1830.77ms
step:737/3325 train_time:1349.236s step_avg:1830.71ms
step:738/3325 train_time:1351.032s step_avg:1830.67ms
step:739/3325 train_time:1352.826s step_avg:1830.62ms
step:740/3325 train_time:1354.622s step_avg:1830.57ms
step:741/3325 train_time:1356.416s step_avg:1830.52ms
step:742/3325 train_time:1358.211s step_avg:1830.47ms
step:743/3325 train_time:1360.003s step_avg:1830.42ms
step:744/3325 train_time:1361.797s step_avg:1830.37ms
step:745/3325 train_time:1363.589s step_avg:1830.32ms
step:746/3325 train_time:1365.383s step_avg:1830.27ms
step:747/3325 train_time:1367.181s step_avg:1830.23ms
step:748/3325 train_time:1368.980s step_avg:1830.19ms
step:749/3325 train_time:1370.778s step_avg:1830.14ms
step:750/3325 train_time:1372.939s step_avg:1830.59ms
step:750/3325 val_loss:3.77760 train_time:1372.939s step_avg:1806.15ms
step:751/3325 train_time:1374.735s step_avg:1830.54ms
step:752/3325 train_time:1376.530s step_avg:1830.49ms
step:753/3325 train_time:1378.323s step_avg:1830.44ms
step:754/3325 train_time:1380.117s step_avg:1830.39ms
step:755/3325 train_time:1381.910s step_avg:1830.34ms
step:756/3325 train_time:1383.705s step_avg:1830.30ms
step:757/3325 train_time:1385.498s step_avg:1830.25ms
step:758/3325 train_time:1387.292s step_avg:1830.20ms
step:759/3325 train_time:1389.085s step_avg:1830.15ms
step:760/3325 train_time:1390.879s step_avg:1830.10ms
step:761/3325 train_time:1392.707s step_avg:1830.10ms
step:762/3325 train_time:1394.501s step_avg:1830.05ms
step:763/3325 train_time:1396.295s step_avg:1830.01ms
step:764/3325 train_time:1398.090s step_avg:1829.96ms
step:765/3325 train_time:1399.883s step_avg:1829.91ms
step:766/3325 train_time:1401.676s step_avg:1829.86ms
step:767/3325 train_time:1403.469s step_avg:1829.82ms
step:768/3325 train_time:1405.262s step_avg:1829.77ms
step:769/3325 train_time:1407.056s step_avg:1829.72ms
step:770/3325 train_time:1408.852s step_avg:1829.68ms
step:771/3325 train_time:1410.646s step_avg:1829.63ms
step:772/3325 train_time:1412.439s step_avg:1829.58ms
step:773/3325 train_time:1414.234s step_avg:1829.54ms
step:774/3325 train_time:1416.028s step_avg:1829.49ms
step:775/3325 train_time:1418.095s step_avg:1829.80ms
step:776/3325 train_time:1419.888s step_avg:1829.75ms
step:777/3325 train_time:1421.681s step_avg:1829.71ms
step:778/3325 train_time:1423.475s step_avg:1829.66ms
step:779/3325 train_time:1425.268s step_avg:1829.61ms
step:780/3325 train_time:1427.077s step_avg:1829.59ms
step:781/3325 train_time:1428.870s step_avg:1829.54ms
step:782/3325 train_time:1430.664s step_avg:1829.49ms
step:783/3325 train_time:1432.458s step_avg:1829.45ms
step:784/3325 train_time:1434.252s step_avg:1829.40ms
step:785/3325 train_time:1436.047s step_avg:1829.36ms
step:786/3325 train_time:1437.841s step_avg:1829.31ms
step:787/3325 train_time:1439.633s step_avg:1829.27ms
step:788/3325 train_time:1441.427s step_avg:1829.22ms
step:789/3325 train_time:1443.221s step_avg:1829.18ms
step:790/3325 train_time:1445.014s step_avg:1829.13ms
step:791/3325 train_time:1446.809s step_avg:1829.09ms
step:792/3325 train_time:1448.602s step_avg:1829.04ms
step:793/3325 train_time:1450.397s step_avg:1829.00ms
step:794/3325 train_time:1452.191s step_avg:1828.96ms
step:795/3325 train_time:1453.986s step_avg:1828.91ms
step:796/3325 train_time:1455.779s step_avg:1828.87ms
step:797/3325 train_time:1457.573s step_avg:1828.82ms
step:798/3325 train_time:1459.366s step_avg:1828.78ms
step:799/3325 train_time:1461.159s step_avg:1828.73ms
step:800/3325 train_time:1463.226s step_avg:1829.03ms
step:801/3325 train_time:1465.020s step_avg:1828.99ms
step:802/3325 train_time:1466.813s step_avg:1828.94ms
step:803/3325 train_time:1468.606s step_avg:1828.90ms
step:804/3325 train_time:1470.401s step_avg:1828.86ms
step:805/3325 train_time:1472.195s step_avg:1828.81ms
step:806/3325 train_time:1473.988s step_avg:1828.77ms
step:807/3325 train_time:1475.781s step_avg:1828.72ms
step:808/3325 train_time:1477.573s step_avg:1828.68ms
step:809/3325 train_time:1479.367s step_avg:1828.64ms
step:810/3325 train_time:1481.177s step_avg:1828.61ms
step:811/3325 train_time:1482.970s step_avg:1828.57ms
step:812/3325 train_time:1484.764s step_avg:1828.53ms
step:813/3325 train_time:1486.558s step_avg:1828.48ms
step:814/3325 train_time:1488.352s step_avg:1828.44ms
step:815/3325 train_time:1490.146s step_avg:1828.40ms
step:816/3325 train_time:1491.940s step_avg:1828.36ms
step:817/3325 train_time:1493.734s step_avg:1828.32ms
step:818/3325 train_time:1495.529s step_avg:1828.27ms
step:819/3325 train_time:1497.322s step_avg:1828.23ms
step:820/3325 train_time:1499.115s step_avg:1828.19ms
step:821/3325 train_time:1500.908s step_avg:1828.15ms
step:822/3325 train_time:1502.701s step_avg:1828.10ms
step:823/3325 train_time:1504.495s step_avg:1828.06ms
step:824/3325 train_time:1506.289s step_avg:1828.02ms
step:825/3325 train_time:1508.356s step_avg:1828.31ms
step:826/3325 train_time:1510.150s step_avg:1828.27ms
step:827/3325 train_time:1511.943s step_avg:1828.23ms
step:828/3325 train_time:1513.736s step_avg:1828.18ms
step:829/3325 train_time:1515.529s step_avg:1828.14ms
step:830/3325 train_time:1517.322s step_avg:1828.10ms
step:831/3325 train_time:1519.115s step_avg:1828.06ms
step:832/3325 train_time:1520.908s step_avg:1828.01ms
step:833/3325 train_time:1522.701s step_avg:1827.97ms
step:834/3325 train_time:1524.495s step_avg:1827.93ms
step:835/3325 train_time:1526.288s step_avg:1827.89ms
step:836/3325 train_time:1528.082s step_avg:1827.85ms
step:837/3325 train_time:1529.876s step_avg:1827.81ms
step:838/3325 train_time:1531.669s step_avg:1827.77ms
step:839/3325 train_time:1533.465s step_avg:1827.73ms
step:840/3325 train_time:1535.274s step_avg:1827.71ms
step:841/3325 train_time:1537.067s step_avg:1827.67ms
step:842/3325 train_time:1538.860s step_avg:1827.62ms
step:843/3325 train_time:1540.654s step_avg:1827.58ms
step:844/3325 train_time:1542.447s step_avg:1827.54ms
step:845/3325 train_time:1544.241s step_avg:1827.50ms
step:846/3325 train_time:1546.034s step_avg:1827.46ms
step:847/3325 train_time:1547.828s step_avg:1827.42ms
step:848/3325 train_time:1549.621s step_avg:1827.38ms
step:849/3325 train_time:1551.416s step_avg:1827.34ms
step:850/3325 train_time:1553.487s step_avg:1827.63ms
step:851/3325 train_time:1555.280s step_avg:1827.59ms
step:852/3325 train_time:1557.073s step_avg:1827.55ms
step:853/3325 train_time:1558.866s step_avg:1827.51ms
step:854/3325 train_time:1560.659s step_avg:1827.47ms
step:855/3325 train_time:1562.452s step_avg:1827.43ms
step:856/3325 train_time:1564.247s step_avg:1827.39ms
step:857/3325 train_time:1566.042s step_avg:1827.35ms
step:858/3325 train_time:1567.835s step_avg:1827.31ms
step:859/3325 train_time:1569.629s step_avg:1827.28ms
step:860/3325 train_time:1571.422s step_avg:1827.24ms
step:861/3325 train_time:1573.216s step_avg:1827.20ms
step:862/3325 train_time:1575.009s step_avg:1827.16ms
step:863/3325 train_time:1576.802s step_avg:1827.12ms
step:864/3325 train_time:1578.596s step_avg:1827.08ms
step:865/3325 train_time:1580.390s step_avg:1827.04ms
step:866/3325 train_time:1582.183s step_avg:1827.00ms
step:867/3325 train_time:1583.977s step_avg:1826.96ms
step:868/3325 train_time:1585.771s step_avg:1826.93ms
step:869/3325 train_time:1587.567s step_avg:1826.89ms
step:870/3325 train_time:1589.378s step_avg:1826.87ms
step:871/3325 train_time:1591.174s step_avg:1826.84ms
step:872/3325 train_time:1592.973s step_avg:1826.80ms
step:873/3325 train_time:1594.773s step_avg:1826.77ms
step:874/3325 train_time:1596.573s step_avg:1826.74ms
step:875/3325 train_time:1598.712s step_avg:1827.10ms
step:875/3325 val_loss:3.72145 train_time:1598.713s step_avg:1806.19ms
step:876/3325 train_time:1600.513s step_avg:1827.07ms
step:877/3325 train_time:1602.311s step_avg:1827.04ms
step:878/3325 train_time:1604.112s step_avg:1827.01ms
step:879/3325 train_time:1605.910s step_avg:1826.97ms
step:880/3325 train_time:1607.709s step_avg:1826.94ms
step:881/3325 train_time:1609.507s step_avg:1826.91ms
step:882/3325 train_time:1611.306s step_avg:1826.88ms
step:883/3325 train_time:1613.105s step_avg:1826.85ms
step:884/3325 train_time:1614.904s step_avg:1826.81ms
step:885/3325 train_time:1616.702s step_avg:1826.78ms
step:886/3325 train_time:1618.501s step_avg:1826.75ms
step:887/3325 train_time:1620.300s step_avg:1826.72ms
step:888/3325 train_time:1622.095s step_avg:1826.68ms
step:889/3325 train_time:1623.893s step_avg:1826.65ms
step:890/3325 train_time:1625.687s step_avg:1826.62ms
step:891/3325 train_time:1627.487s step_avg:1826.58ms
step:892/3325 train_time:1629.286s step_avg:1826.55ms
step:893/3325 train_time:1631.083s step_avg:1826.52ms
step:894/3325 train_time:1632.884s step_avg:1826.49ms
step:895/3325 train_time:1634.682s step_avg:1826.46ms
step:896/3325 train_time:1636.478s step_avg:1826.43ms
step:897/3325 train_time:1638.273s step_avg:1826.39ms
step:898/3325 train_time:1640.072s step_avg:1826.36ms
step:899/3325 train_time:1641.867s step_avg:1826.33ms
step:900/3325 train_time:1643.961s step_avg:1826.62ms
step:901/3325 train_time:1645.759s step_avg:1826.59ms
step:902/3325 train_time:1647.557s step_avg:1826.56ms
step:903/3325 train_time:1649.354s step_avg:1826.53ms
step:904/3325 train_time:1651.152s step_avg:1826.50ms
step:905/3325 train_time:1652.950s step_avg:1826.46ms
step:906/3325 train_time:1654.748s step_avg:1826.43ms
step:907/3325 train_time:1656.547s step_avg:1826.40ms
step:908/3325 train_time:1658.343s step_avg:1826.37ms
step:909/3325 train_time:1660.139s step_avg:1826.34ms
step:910/3325 train_time:1661.934s step_avg:1826.30ms
step:911/3325 train_time:1663.733s step_avg:1826.27ms
step:912/3325 train_time:1665.532s step_avg:1826.24ms
step:913/3325 train_time:1667.330s step_avg:1826.21ms
step:914/3325 train_time:1669.124s step_avg:1826.18ms
step:915/3325 train_time:1670.919s step_avg:1826.14ms
step:916/3325 train_time:1672.714s step_avg:1826.11ms
step:917/3325 train_time:1674.509s step_avg:1826.07ms
step:918/3325 train_time:1676.305s step_avg:1826.04ms
step:919/3325 train_time:1678.098s step_avg:1826.00ms
step:920/3325 train_time:1679.893s step_avg:1825.97ms
step:921/3325 train_time:1681.688s step_avg:1825.94ms
step:922/3325 train_time:1683.482s step_avg:1825.90ms
step:923/3325 train_time:1685.276s step_avg:1825.87ms
step:924/3325 train_time:1687.070s step_avg:1825.83ms
step:925/3325 train_time:1689.143s step_avg:1826.10ms
step:926/3325 train_time:1690.938s step_avg:1826.07ms
step:927/3325 train_time:1692.734s step_avg:1826.03ms
step:928/3325 train_time:1694.529s step_avg:1826.00ms
step:929/3325 train_time:1696.323s step_avg:1825.97ms
step:930/3325 train_time:1698.132s step_avg:1825.95ms
step:931/3325 train_time:1699.929s step_avg:1825.92ms
step:932/3325 train_time:1701.727s step_avg:1825.89ms
step:933/3325 train_time:1703.520s step_avg:1825.85ms
step:934/3325 train_time:1705.315s step_avg:1825.82ms
step:935/3325 train_time:1707.109s step_avg:1825.79ms
step:936/3325 train_time:1708.905s step_avg:1825.75ms
step:937/3325 train_time:1710.701s step_avg:1825.72ms
step:938/3325 train_time:1712.496s step_avg:1825.69ms
step:939/3325 train_time:1714.291s step_avg:1825.66ms
step:940/3325 train_time:1716.085s step_avg:1825.62ms
step:941/3325 train_time:1717.881s step_avg:1825.59ms
step:942/3325 train_time:1719.676s step_avg:1825.56ms
step:943/3325 train_time:1721.471s step_avg:1825.53ms
step:944/3325 train_time:1723.267s step_avg:1825.49ms
step:945/3325 train_time:1725.060s step_avg:1825.46ms
step:946/3325 train_time:1726.854s step_avg:1825.43ms
step:947/3325 train_time:1728.649s step_avg:1825.40ms
step:948/3325 train_time:1730.444s step_avg:1825.36ms
step:949/3325 train_time:1732.240s step_avg:1825.33ms
step:950/3325 train_time:1734.313s step_avg:1825.59ms
step:951/3325 train_time:1736.143s step_avg:1825.60ms
step:952/3325 train_time:1737.937s step_avg:1825.56ms
step:953/3325 train_time:1739.732s step_avg:1825.53ms
step:954/3325 train_time:1741.528s step_avg:1825.50ms
step:955/3325 train_time:1743.322s step_avg:1825.47ms
step:956/3325 train_time:1745.117s step_avg:1825.44ms
step:957/3325 train_time:1746.912s step_avg:1825.40ms
step:958/3325 train_time:1748.707s step_avg:1825.37ms
step:959/3325 train_time:1750.503s step_avg:1825.34ms
step:960/3325 train_time:1752.315s step_avg:1825.33ms
step:961/3325 train_time:1754.109s step_avg:1825.30ms
step:962/3325 train_time:1755.903s step_avg:1825.26ms
step:963/3325 train_time:1757.698s step_avg:1825.23ms
step:964/3325 train_time:1759.492s step_avg:1825.20ms
step:965/3325 train_time:1761.287s step_avg:1825.17ms
step:966/3325 train_time:1763.082s step_avg:1825.14ms
step:967/3325 train_time:1764.876s step_avg:1825.10ms
step:968/3325 train_time:1766.673s step_avg:1825.07ms
step:969/3325 train_time:1768.466s step_avg:1825.04ms
step:970/3325 train_time:1770.261s step_avg:1825.01ms
step:971/3325 train_time:1772.056s step_avg:1824.98ms
step:972/3325 train_time:1773.851s step_avg:1824.95ms
step:973/3325 train_time:1775.645s step_avg:1824.92ms
step:974/3325 train_time:1777.439s step_avg:1824.89ms
step:975/3325 train_time:1779.510s step_avg:1825.14ms
step:976/3325 train_time:1781.304s step_avg:1825.11ms
step:977/3325 train_time:1783.099s step_avg:1825.08ms
step:978/3325 train_time:1784.895s step_avg:1825.05ms
step:979/3325 train_time:1786.690s step_avg:1825.02ms
step:980/3325 train_time:1788.485s step_avg:1824.98ms
step:981/3325 train_time:1790.279s step_avg:1824.95ms
step:982/3325 train_time:1792.074s step_avg:1824.92ms
step:983/3325 train_time:1793.868s step_avg:1824.89ms
step:984/3325 train_time:1795.662s step_avg:1824.86ms
step:985/3325 train_time:1797.456s step_avg:1824.83ms
step:986/3325 train_time:1799.250s step_avg:1824.80ms
step:987/3325 train_time:1801.044s step_avg:1824.77ms
step:988/3325 train_time:1802.838s step_avg:1824.73ms
step:989/3325 train_time:1804.632s step_avg:1824.70ms
step:990/3325 train_time:1806.442s step_avg:1824.69ms
step:991/3325 train_time:1808.235s step_avg:1824.66ms
step:992/3325 train_time:1810.031s step_avg:1824.63ms
step:993/3325 train_time:1811.827s step_avg:1824.60ms
step:994/3325 train_time:1813.622s step_avg:1824.57ms
step:995/3325 train_time:1815.417s step_avg:1824.54ms
step:996/3325 train_time:1817.212s step_avg:1824.51ms
step:997/3325 train_time:1819.007s step_avg:1824.48ms
step:998/3325 train_time:1820.800s step_avg:1824.45ms
step:999/3325 train_time:1822.594s step_avg:1824.42ms
step:1000/3325 train_time:1827.209s step_avg:1827.21ms
step:1000/3325 val_loss:3.67519 train_time:1827.209s step_avg:1827.97ms
step:1001/3325 train_time:1829.003s step_avg:1827.18ms
step:1002/3325 train_time:1830.796s step_avg:1827.14ms
step:1003/3325 train_time:1832.590s step_avg:1827.11ms
step:1004/3325 train_time:1834.384s step_avg:1827.08ms
step:1005/3325 train_time:1836.177s step_avg:1827.04ms
step:1006/3325 train_time:1837.971s step_avg:1827.01ms
step:1007/3325 train_time:1839.764s step_avg:1826.98ms
step:1008/3325 train_time:1841.557s step_avg:1826.94ms
step:1009/3325 train_time:1843.349s step_avg:1826.91ms
step:1010/3325 train_time:1845.142s step_avg:1826.87ms
step:1011/3325 train_time:1846.934s step_avg:1826.84ms
step:1012/3325 train_time:1848.728s step_avg:1826.81ms
step:1013/3325 train_time:1850.522s step_avg:1826.77ms
step:1014/3325 train_time:1852.315s step_avg:1826.74ms
step:1015/3325 train_time:1854.109s step_avg:1826.71ms
step:1016/3325 train_time:1855.903s step_avg:1826.68ms
step:1017/3325 train_time:1857.697s step_avg:1826.64ms
step:1018/3325 train_time:1859.490s step_avg:1826.61ms
step:1019/3325 train_time:1861.283s step_avg:1826.58ms
step:1020/3325 train_time:1863.094s step_avg:1826.56ms
step:1021/3325 train_time:1864.887s step_avg:1826.53ms
step:1022/3325 train_time:1866.680s step_avg:1826.50ms
step:1023/3325 train_time:1868.473s step_avg:1826.46ms
step:1024/3325 train_time:1870.266s step_avg:1826.43ms
step:1025/3325 train_time:1872.333s step_avg:1826.67ms
step:1026/3325 train_time:1874.126s step_avg:1826.63ms
step:1027/3325 train_time:1875.919s step_avg:1826.60ms
step:1028/3325 train_time:1877.714s step_avg:1826.57ms
step:1029/3325 train_time:1879.506s step_avg:1826.54ms
step:1030/3325 train_time:1881.299s step_avg:1826.50ms
step:1031/3325 train_time:1883.092s step_avg:1826.47ms
step:1032/3325 train_time:1884.885s step_avg:1826.44ms
step:1033/3325 train_time:1886.678s step_avg:1826.41ms
step:1034/3325 train_time:1888.471s step_avg:1826.37ms
step:1035/3325 train_time:1890.264s step_avg:1826.34ms
step:1036/3325 train_time:1892.058s step_avg:1826.31ms
step:1037/3325 train_time:1893.851s step_avg:1826.28ms
step:1038/3325 train_time:1895.645s step_avg:1826.25ms
step:1039/3325 train_time:1897.438s step_avg:1826.22ms
step:1040/3325 train_time:1899.231s step_avg:1826.18ms
step:1041/3325 train_time:1901.024s step_avg:1826.15ms
step:1042/3325 train_time:1902.816s step_avg:1826.12ms
step:1043/3325 train_time:1904.609s step_avg:1826.09ms
step:1044/3325 train_time:1906.402s step_avg:1826.06ms
step:1045/3325 train_time:1908.196s step_avg:1826.02ms
step:1046/3325 train_time:1909.990s step_avg:1825.99ms
step:1047/3325 train_time:1911.784s step_avg:1825.96ms
step:1048/3325 train_time:1913.578s step_avg:1825.93ms
step:1049/3325 train_time:1915.370s step_avg:1825.90ms
step:1050/3325 train_time:1917.453s step_avg:1826.15ms
step:1051/3325 train_time:1919.245s step_avg:1826.11ms
step:1052/3325 train_time:1921.038s step_avg:1826.08ms
step:1053/3325 train_time:1922.831s step_avg:1826.05ms
step:1054/3325 train_time:1924.624s step_avg:1826.02ms
step:1055/3325 train_time:1926.417s step_avg:1825.99ms
step:1056/3325 train_time:1928.210s step_avg:1825.96ms
step:1057/3325 train_time:1930.005s step_avg:1825.93ms
step:1058/3325 train_time:1931.799s step_avg:1825.90ms
step:1059/3325 train_time:1933.593s step_avg:1825.87ms
step:1060/3325 train_time:1935.386s step_avg:1825.84ms
step:1061/3325 train_time:1937.179s step_avg:1825.81ms
step:1062/3325 train_time:1938.972s step_avg:1825.77ms
step:1063/3325 train_time:1940.765s step_avg:1825.74ms
step:1064/3325 train_time:1942.559s step_avg:1825.71ms
step:1065/3325 train_time:1944.352s step_avg:1825.68ms
step:1066/3325 train_time:1946.145s step_avg:1825.65ms
step:1067/3325 train_time:1947.939s step_avg:1825.62ms
step:1068/3325 train_time:1949.732s step_avg:1825.59ms
step:1069/3325 train_time:1951.525s step_avg:1825.56ms
step:1070/3325 train_time:1953.320s step_avg:1825.53ms
step:1071/3325 train_time:1955.112s step_avg:1825.50ms
step:1072/3325 train_time:1956.905s step_avg:1825.47ms
step:1073/3325 train_time:1958.698s step_avg:1825.44ms
step:1074/3325 train_time:1960.491s step_avg:1825.41ms
step:1075/3325 train_time:1962.561s step_avg:1825.64ms
step:1076/3325 train_time:1964.355s step_avg:1825.61ms
step:1077/3325 train_time:1966.148s step_avg:1825.58ms
step:1078/3325 train_time:1967.941s step_avg:1825.55ms
step:1079/3325 train_time:1969.734s step_avg:1825.52ms
step:1080/3325 train_time:1971.542s step_avg:1825.50ms
step:1081/3325 train_time:1973.338s step_avg:1825.47ms
step:1082/3325 train_time:1975.133s step_avg:1825.45ms
step:1083/3325 train_time:1976.930s step_avg:1825.42ms
step:1084/3325 train_time:1978.723s step_avg:1825.39ms
step:1085/3325 train_time:1980.517s step_avg:1825.36ms
step:1086/3325 train_time:1982.310s step_avg:1825.33ms
step:1087/3325 train_time:1984.103s step_avg:1825.30ms
step:1088/3325 train_time:1985.897s step_avg:1825.27ms
step:1089/3325 train_time:1987.690s step_avg:1825.24ms
step:1090/3325 train_time:1989.483s step_avg:1825.21ms
step:1091/3325 train_time:1991.277s step_avg:1825.19ms
step:1092/3325 train_time:1993.074s step_avg:1825.16ms
step:1093/3325 train_time:1994.866s step_avg:1825.13ms
step:1094/3325 train_time:1996.659s step_avg:1825.10ms
step:1095/3325 train_time:1998.452s step_avg:1825.07ms
step:1096/3325 train_time:2000.245s step_avg:1825.04ms
step:1097/3325 train_time:2002.039s step_avg:1825.01ms
step:1098/3325 train_time:2003.832s step_avg:1824.98ms
step:1099/3325 train_time:2005.625s step_avg:1824.95ms
step:1100/3325 train_time:2007.692s step_avg:1825.17ms
step:1101/3325 train_time:2009.484s step_avg:1825.14ms
step:1102/3325 train_time:2011.278s step_avg:1825.12ms
step:1103/3325 train_time:2013.071s step_avg:1825.09ms
step:1104/3325 train_time:2014.864s step_avg:1825.06ms
step:1105/3325 train_time:2016.657s step_avg:1825.03ms
step:1106/3325 train_time:2018.450s step_avg:1825.00ms
step:1107/3325 train_time:2020.245s step_avg:1824.97ms
step:1108/3325 train_time:2022.038s step_avg:1824.94ms
step:1109/3325 train_time:2023.832s step_avg:1824.92ms
step:1110/3325 train_time:2025.642s step_avg:1824.90ms
step:1111/3325 train_time:2027.435s step_avg:1824.87ms
step:1112/3325 train_time:2029.230s step_avg:1824.85ms
step:1113/3325 train_time:2031.023s step_avg:1824.82ms
step:1114/3325 train_time:2032.816s step_avg:1824.79ms
step:1115/3325 train_time:2034.609s step_avg:1824.76ms
step:1116/3325 train_time:2036.402s step_avg:1824.73ms
step:1117/3325 train_time:2038.195s step_avg:1824.70ms
step:1118/3325 train_time:2039.989s step_avg:1824.68ms
step:1119/3325 train_time:2041.782s step_avg:1824.65ms
step:1120/3325 train_time:2043.576s step_avg:1824.62ms
step:1121/3325 train_time:2045.369s step_avg:1824.59ms
step:1122/3325 train_time:2047.163s step_avg:1824.57ms
step:1123/3325 train_time:2048.957s step_avg:1824.54ms
step:1124/3325 train_time:2050.750s step_avg:1824.51ms
step:1125/3325 train_time:2052.884s step_avg:1824.79ms
step:1125/3325 val_loss:3.64247 train_time:2052.885s step_avg:1805.40ms
step:1126/3325 train_time:2054.678s step_avg:1824.76ms
step:1127/3325 train_time:2056.472s step_avg:1824.73ms
step:1128/3325 train_time:2058.265s step_avg:1824.70ms
step:1129/3325 train_time:2060.058s step_avg:1824.68ms
step:1130/3325 train_time:2061.852s step_avg:1824.65ms
step:1131/3325 train_time:2063.645s step_avg:1824.62ms
step:1132/3325 train_time:2065.439s step_avg:1824.59ms
step:1133/3325 train_time:2067.232s step_avg:1824.57ms
step:1134/3325 train_time:2069.026s step_avg:1824.54ms
step:1135/3325 train_time:2070.820s step_avg:1824.51ms
step:1136/3325 train_time:2072.613s step_avg:1824.48ms
step:1137/3325 train_time:2074.406s step_avg:1824.46ms
step:1138/3325 train_time:2076.198s step_avg:1824.43ms
step:1139/3325 train_time:2077.991s step_avg:1824.40ms
step:1140/3325 train_time:2079.801s step_avg:1824.39ms
step:1141/3325 train_time:2081.631s step_avg:1824.39ms
step:1142/3325 train_time:2083.423s step_avg:1824.36ms
step:1143/3325 train_time:2085.216s step_avg:1824.34ms
step:1144/3325 train_time:2087.009s step_avg:1824.31ms
step:1145/3325 train_time:2088.802s step_avg:1824.28ms
step:1146/3325 train_time:2090.595s step_avg:1824.25ms
step:1147/3325 train_time:2092.388s step_avg:1824.23ms
step:1148/3325 train_time:2094.181s step_avg:1824.20ms
step:1149/3325 train_time:2095.974s step_avg:1824.17ms
step:1150/3325 train_time:2098.041s step_avg:1824.38ms
step:1151/3325 train_time:2099.834s step_avg:1824.36ms
step:1152/3325 train_time:2101.627s step_avg:1824.33ms
step:1153/3325 train_time:2103.420s step_avg:1824.30ms
step:1154/3325 train_time:2105.213s step_avg:1824.27ms
step:1155/3325 train_time:2107.008s step_avg:1824.25ms
step:1156/3325 train_time:2108.802s step_avg:1824.22ms
step:1157/3325 train_time:2110.596s step_avg:1824.20ms
step:1158/3325 train_time:2112.389s step_avg:1824.17ms
step:1159/3325 train_time:2114.182s step_avg:1824.14ms
step:1160/3325 train_time:2115.974s step_avg:1824.12ms
step:1161/3325 train_time:2117.766s step_avg:1824.09ms
step:1162/3325 train_time:2119.560s step_avg:1824.06ms
step:1163/3325 train_time:2121.353s step_avg:1824.04ms
step:1164/3325 train_time:2123.147s step_avg:1824.01ms
step:1165/3325 train_time:2124.942s step_avg:1823.98ms
step:1166/3325 train_time:2126.735s step_avg:1823.96ms
step:1167/3325 train_time:2128.528s step_avg:1823.93ms
step:1168/3325 train_time:2130.322s step_avg:1823.91ms
step:1169/3325 train_time:2132.115s step_avg:1823.88ms
step:1170/3325 train_time:2133.925s step_avg:1823.87ms
step:1171/3325 train_time:2135.718s step_avg:1823.84ms
step:1172/3325 train_time:2137.512s step_avg:1823.82ms
step:1173/3325 train_time:2139.305s step_avg:1823.79ms
step:1174/3325 train_time:2141.098s step_avg:1823.76ms
step:1175/3325 train_time:2143.165s step_avg:1823.97ms
step:1176/3325 train_time:2144.957s step_avg:1823.94ms
step:1177/3325 train_time:2146.750s step_avg:1823.92ms
step:1178/3325 train_time:2148.543s step_avg:1823.89ms
step:1179/3325 train_time:2150.336s step_avg:1823.86ms
step:1180/3325 train_time:2152.129s step_avg:1823.84ms
step:1181/3325 train_time:2153.920s step_avg:1823.81ms
step:1182/3325 train_time:2155.712s step_avg:1823.78ms
step:1183/3325 train_time:2157.505s step_avg:1823.76ms
step:1184/3325 train_time:2159.298s step_avg:1823.73ms
step:1185/3325 train_time:2161.092s step_avg:1823.71ms
step:1186/3325 train_time:2162.885s step_avg:1823.68ms
step:1187/3325 train_time:2164.679s step_avg:1823.66ms
step:1188/3325 train_time:2166.472s step_avg:1823.63ms
step:1189/3325 train_time:2168.265s step_avg:1823.60ms
step:1190/3325 train_time:2170.059s step_avg:1823.58ms
step:1191/3325 train_time:2171.851s step_avg:1823.55ms
step:1192/3325 train_time:2173.644s step_avg:1823.53ms
step:1193/3325 train_time:2175.436s step_avg:1823.50ms
step:1194/3325 train_time:2177.229s step_avg:1823.47ms
step:1195/3325 train_time:2179.022s step_avg:1823.45ms
step:1196/3325 train_time:2180.815s step_avg:1823.42ms
step:1197/3325 train_time:2182.608s step_avg:1823.40ms
step:1198/3325 train_time:2184.401s step_avg:1823.37ms
step:1199/3325 train_time:2186.194s step_avg:1823.35ms
step:1200/3325 train_time:2188.276s step_avg:1823.56ms
step:1201/3325 train_time:2190.068s step_avg:1823.54ms
step:1202/3325 train_time:2191.860s step_avg:1823.51ms
step:1203/3325 train_time:2193.653s step_avg:1823.49ms
step:1204/3325 train_time:2195.445s step_avg:1823.46ms
step:1205/3325 train_time:2197.238s step_avg:1823.43ms
step:1206/3325 train_time:2199.031s step_avg:1823.41ms
step:1207/3325 train_time:2200.825s step_avg:1823.38ms
step:1208/3325 train_time:2202.619s step_avg:1823.36ms
step:1209/3325 train_time:2204.411s step_avg:1823.33ms
step:1210/3325 train_time:2206.204s step_avg:1823.31ms
step:1211/3325 train_time:2207.997s step_avg:1823.28ms
step:1212/3325 train_time:2209.790s step_avg:1823.26ms
step:1213/3325 train_time:2211.582s step_avg:1823.23ms
step:1214/3325 train_time:2213.374s step_avg:1823.21ms
step:1215/3325 train_time:2215.167s step_avg:1823.18ms
step:1216/3325 train_time:2216.960s step_avg:1823.16ms
step:1217/3325 train_time:2218.753s step_avg:1823.13ms
step:1218/3325 train_time:2220.547s step_avg:1823.11ms
step:1219/3325 train_time:2222.340s step_avg:1823.08ms
step:1220/3325 train_time:2224.133s step_avg:1823.06ms
step:1221/3325 train_time:2225.927s step_avg:1823.04ms
step:1222/3325 train_time:2227.720s step_avg:1823.01ms
step:1223/3325 train_time:2229.512s step_avg:1822.99ms
step:1224/3325 train_time:2231.305s step_avg:1822.96ms
step:1225/3325 train_time:2233.373s step_avg:1823.16ms
step:1226/3325 train_time:2235.165s step_avg:1823.14ms
step:1227/3325 train_time:2236.958s step_avg:1823.11ms
step:1228/3325 train_time:2238.752s step_avg:1823.09ms
step:1229/3325 train_time:2240.545s step_avg:1823.06ms
step:1230/3325 train_time:2242.354s step_avg:1823.05ms
step:1231/3325 train_time:2244.146s step_avg:1823.03ms
step:1232/3325 train_time:2245.938s step_avg:1823.00ms
step:1233/3325 train_time:2247.730s step_avg:1822.98ms
step:1234/3325 train_time:2249.523s step_avg:1822.95ms
step:1235/3325 train_time:2251.316s step_avg:1822.93ms
step:1236/3325 train_time:2253.109s step_avg:1822.90ms
step:1237/3325 train_time:2254.902s step_avg:1822.88ms
step:1238/3325 train_time:2256.695s step_avg:1822.86ms
step:1239/3325 train_time:2258.489s step_avg:1822.83ms
step:1240/3325 train_time:2260.284s step_avg:1822.81ms
step:1241/3325 train_time:2262.076s step_avg:1822.78ms
step:1242/3325 train_time:2263.869s step_avg:1822.76ms
step:1243/3325 train_time:2265.662s step_avg:1822.74ms
step:1244/3325 train_time:2267.455s step_avg:1822.71ms
step:1245/3325 train_time:2269.247s step_avg:1822.69ms
step:1246/3325 train_time:2271.041s step_avg:1822.67ms
step:1247/3325 train_time:2272.834s step_avg:1822.64ms
step:1248/3325 train_time:2274.628s step_avg:1822.62ms
step:1249/3325 train_time:2276.421s step_avg:1822.60ms
step:1250/3325 train_time:2278.561s step_avg:1822.85ms
step:1250/3325 val_loss:3.60764 train_time:2278.561s step_avg:1805.41ms
step:1251/3325 train_time:2280.355s step_avg:1822.83ms
step:1252/3325 train_time:2282.149s step_avg:1822.80ms
step:1253/3325 train_time:2283.943s step_avg:1822.78ms
step:1254/3325 train_time:2285.735s step_avg:1822.76ms
step:1255/3325 train_time:2287.528s step_avg:1822.73ms
step:1256/3325 train_time:2289.322s step_avg:1822.71ms
step:1257/3325 train_time:2291.115s step_avg:1822.68ms
step:1258/3325 train_time:2292.908s step_avg:1822.66ms
step:1259/3325 train_time:2294.701s step_avg:1822.64ms
step:1260/3325 train_time:2296.510s step_avg:1822.63ms
step:1261/3325 train_time:2298.304s step_avg:1822.60ms
step:1262/3325 train_time:2300.097s step_avg:1822.58ms
step:1263/3325 train_time:2301.890s step_avg:1822.56ms
step:1264/3325 train_time:2303.683s step_avg:1822.53ms
step:1265/3325 train_time:2305.476s step_avg:1822.51ms
step:1266/3325 train_time:2307.270s step_avg:1822.49ms
step:1267/3325 train_time:2309.063s step_avg:1822.46ms
step:1268/3325 train_time:2310.857s step_avg:1822.44ms
step:1269/3325 train_time:2312.649s step_avg:1822.42ms
step:1270/3325 train_time:2314.442s step_avg:1822.40ms
step:1271/3325 train_time:2316.236s step_avg:1822.37ms
step:1272/3325 train_time:2318.029s step_avg:1822.35ms
step:1273/3325 train_time:2319.822s step_avg:1822.33ms
step:1274/3325 train_time:2321.616s step_avg:1822.30ms
step:1275/3325 train_time:2323.683s step_avg:1822.50ms
step:1276/3325 train_time:2325.477s step_avg:1822.47ms
step:1277/3325 train_time:2327.271s step_avg:1822.45ms
step:1278/3325 train_time:2329.066s step_avg:1822.43ms
step:1279/3325 train_time:2330.860s step_avg:1822.41ms
step:1280/3325 train_time:2332.655s step_avg:1822.39ms
step:1281/3325 train_time:2334.448s step_avg:1822.36ms
step:1282/3325 train_time:2336.241s step_avg:1822.34ms
step:1283/3325 train_time:2338.034s step_avg:1822.32ms
step:1284/3325 train_time:2339.828s step_avg:1822.30ms
step:1285/3325 train_time:2341.621s step_avg:1822.27ms
step:1286/3325 train_time:2343.415s step_avg:1822.25ms
step:1287/3325 train_time:2345.207s step_avg:1822.23ms
step:1288/3325 train_time:2347.000s step_avg:1822.21ms
step:1289/3325 train_time:2348.793s step_avg:1822.18ms
step:1290/3325 train_time:2350.603s step_avg:1822.17ms
step:1291/3325 train_time:2352.396s step_avg:1822.15ms
step:1292/3325 train_time:2354.189s step_avg:1822.13ms
step:1293/3325 train_time:2355.982s step_avg:1822.11ms
step:1294/3325 train_time:2357.775s step_avg:1822.08ms
step:1295/3325 train_time:2359.569s step_avg:1822.06ms
step:1296/3325 train_time:2361.363s step_avg:1822.04ms
step:1297/3325 train_time:2363.156s step_avg:1822.02ms
step:1298/3325 train_time:2364.950s step_avg:1822.00ms
step:1299/3325 train_time:2366.744s step_avg:1821.97ms
step:1300/3325 train_time:2368.812s step_avg:1822.16ms
step:1301/3325 train_time:2370.604s step_avg:1822.14ms
step:1302/3325 train_time:2372.397s step_avg:1822.12ms
step:1303/3325 train_time:2374.190s step_avg:1822.10ms
step:1304/3325 train_time:2375.983s step_avg:1822.07ms
step:1305/3325 train_time:2377.776s step_avg:1822.05ms
step:1306/3325 train_time:2379.570s step_avg:1822.03ms
step:1307/3325 train_time:2381.362s step_avg:1822.01ms
step:1308/3325 train_time:2383.154s step_avg:1821.98ms
step:1309/3325 train_time:2384.946s step_avg:1821.96ms
step:1310/3325 train_time:2386.740s step_avg:1821.94ms
step:1311/3325 train_time:2388.533s step_avg:1821.92ms
step:1312/3325 train_time:2390.326s step_avg:1821.89ms
step:1313/3325 train_time:2392.118s step_avg:1821.87ms
step:1314/3325 train_time:2393.911s step_avg:1821.85ms
step:1315/3325 train_time:2395.704s step_avg:1821.83ms
step:1316/3325 train_time:2397.498s step_avg:1821.81ms
step:1317/3325 train_time:2399.290s step_avg:1821.78ms
step:1318/3325 train_time:2401.083s step_avg:1821.76ms
step:1319/3325 train_time:2402.875s step_avg:1821.74ms
step:1320/3325 train_time:2404.685s step_avg:1821.73ms
step:1321/3325 train_time:2406.477s step_avg:1821.71ms
step:1322/3325 train_time:2408.271s step_avg:1821.69ms
step:1323/3325 train_time:2410.065s step_avg:1821.67ms
step:1324/3325 train_time:2411.858s step_avg:1821.64ms
step:1325/3325 train_time:2413.924s step_avg:1821.83ms
step:1326/3325 train_time:2415.716s step_avg:1821.81ms
step:1327/3325 train_time:2417.509s step_avg:1821.78ms
step:1328/3325 train_time:2419.302s step_avg:1821.76ms
step:1329/3325 train_time:2421.095s step_avg:1821.74ms
step:1330/3325 train_time:2422.887s step_avg:1821.72ms
step:1331/3325 train_time:2424.715s step_avg:1821.72ms
step:1332/3325 train_time:2426.507s step_avg:1821.70ms
step:1333/3325 train_time:2428.300s step_avg:1821.68ms
step:1334/3325 train_time:2430.093s step_avg:1821.66ms
step:1335/3325 train_time:2431.885s step_avg:1821.64ms
step:1336/3325 train_time:2433.677s step_avg:1821.61ms
step:1337/3325 train_time:2435.470s step_avg:1821.59ms
step:1338/3325 train_time:2437.264s step_avg:1821.57ms
step:1339/3325 train_time:2439.058s step_avg:1821.55ms
step:1340/3325 train_time:2440.850s step_avg:1821.53ms
step:1341/3325 train_time:2442.642s step_avg:1821.51ms
step:1342/3325 train_time:2444.434s step_avg:1821.49ms
step:1343/3325 train_time:2446.227s step_avg:1821.46ms
step:1344/3325 train_time:2448.021s step_avg:1821.44ms
step:1345/3325 train_time:2449.813s step_avg:1821.42ms
step:1346/3325 train_time:2451.606s step_avg:1821.40ms
step:1347/3325 train_time:2453.399s step_avg:1821.38ms
step:1348/3325 train_time:2455.192s step_avg:1821.36ms
step:1349/3325 train_time:2456.986s step_avg:1821.34ms
step:1350/3325 train_time:2459.069s step_avg:1821.53ms
step:1351/3325 train_time:2460.861s step_avg:1821.51ms
step:1352/3325 train_time:2462.653s step_avg:1821.49ms
step:1353/3325 train_time:2464.445s step_avg:1821.47ms
step:1354/3325 train_time:2466.237s step_avg:1821.45ms
step:1355/3325 train_time:2468.030s step_avg:1821.42ms
step:1356/3325 train_time:2469.824s step_avg:1821.40ms
step:1357/3325 train_time:2471.617s step_avg:1821.38ms
step:1358/3325 train_time:2473.410s step_avg:1821.36ms
step:1359/3325 train_time:2475.203s step_avg:1821.34ms
step:1360/3325 train_time:2476.995s step_avg:1821.32ms
step:1361/3325 train_time:2478.788s step_avg:1821.30ms
step:1362/3325 train_time:2480.580s step_avg:1821.28ms
step:1363/3325 train_time:2482.372s step_avg:1821.26ms
step:1364/3325 train_time:2484.165s step_avg:1821.24ms
step:1365/3325 train_time:2485.960s step_avg:1821.22ms
step:1366/3325 train_time:2487.753s step_avg:1821.20ms
step:1367/3325 train_time:2489.546s step_avg:1821.17ms
step:1368/3325 train_time:2491.339s step_avg:1821.15ms
step:1369/3325 train_time:2493.132s step_avg:1821.13ms
step:1370/3325 train_time:2494.924s step_avg:1821.11ms
step:1371/3325 train_time:2496.716s step_avg:1821.09ms
step:1372/3325 train_time:2498.512s step_avg:1821.07ms
step:1373/3325 train_time:2500.304s step_avg:1821.05ms
step:1374/3325 train_time:2502.096s step_avg:1821.03ms
step:1375/3325 train_time:2504.230s step_avg:1821.26ms
step:1375/3325 val_loss:3.57834 train_time:2504.230s step_avg:1805.35ms
step:1376/3325 train_time:2506.023s step_avg:1821.24ms
step:1377/3325 train_time:2507.816s step_avg:1821.22ms
step:1378/3325 train_time:2509.609s step_avg:1821.20ms
step:1379/3325 train_time:2511.402s step_avg:1821.18ms
step:1380/3325 train_time:2513.211s step_avg:1821.17ms
step:1381/3325 train_time:2515.005s step_avg:1821.15ms
step:1382/3325 train_time:2516.798s step_avg:1821.13ms
step:1383/3325 train_time:2518.592s step_avg:1821.11ms
step:1384/3325 train_time:2520.384s step_avg:1821.09ms
step:1385/3325 train_time:2522.176s step_avg:1821.07ms
step:1386/3325 train_time:2523.968s step_avg:1821.04ms
step:1387/3325 train_time:2525.761s step_avg:1821.02ms
step:1388/3325 train_time:2527.554s step_avg:1821.00ms
step:1389/3325 train_time:2529.346s step_avg:1820.98ms
step:1390/3325 train_time:2531.140s step_avg:1820.96ms
step:1391/3325 train_time:2532.933s step_avg:1820.94ms
step:1392/3325 train_time:2534.726s step_avg:1820.92ms
step:1393/3325 train_time:2536.519s step_avg:1820.90ms
step:1394/3325 train_time:2538.313s step_avg:1820.88ms
step:1395/3325 train_time:2540.105s step_avg:1820.86ms
step:1396/3325 train_time:2541.897s step_avg:1820.84ms
step:1397/3325 train_time:2543.690s step_avg:1820.82ms
step:1398/3325 train_time:2545.482s step_avg:1820.80ms
step:1399/3325 train_time:2547.275s step_avg:1820.78ms
step:1400/3325 train_time:2549.342s step_avg:1820.96ms
step:1401/3325 train_time:2551.133s step_avg:1820.94ms
step:1402/3325 train_time:2552.925s step_avg:1820.92ms
step:1403/3325 train_time:2554.717s step_avg:1820.90ms
step:1404/3325 train_time:2556.510s step_avg:1820.88ms
step:1405/3325 train_time:2558.302s step_avg:1820.86ms
step:1406/3325 train_time:2560.095s step_avg:1820.84ms
step:1407/3325 train_time:2561.887s step_avg:1820.82ms
step:1408/3325 train_time:2563.680s step_avg:1820.80ms
step:1409/3325 train_time:2565.473s step_avg:1820.78ms
step:1410/3325 train_time:2567.283s step_avg:1820.77ms
step:1411/3325 train_time:2569.076s step_avg:1820.75ms
step:1412/3325 train_time:2570.869s step_avg:1820.73ms
step:1413/3325 train_time:2572.661s step_avg:1820.71ms
step:1414/3325 train_time:2574.453s step_avg:1820.69ms
step:1415/3325 train_time:2576.248s step_avg:1820.67ms
step:1416/3325 train_time:2578.042s step_avg:1820.65ms
step:1417/3325 train_time:2579.835s step_avg:1820.63ms
step:1418/3325 train_time:2581.629s step_avg:1820.61ms
step:1419/3325 train_time:2583.423s step_avg:1820.59ms
step:1420/3325 train_time:2585.216s step_avg:1820.57ms
step:1421/3325 train_time:2587.010s step_avg:1820.56ms
step:1422/3325 train_time:2588.804s step_avg:1820.54ms
step:1423/3325 train_time:2590.597s step_avg:1820.52ms
step:1424/3325 train_time:2592.389s step_avg:1820.50ms
step:1425/3325 train_time:2594.458s step_avg:1820.67ms
step:1426/3325 train_time:2596.251s step_avg:1820.65ms
step:1427/3325 train_time:2598.044s step_avg:1820.63ms
step:1428/3325 train_time:2599.837s step_avg:1820.61ms
step:1429/3325 train_time:2601.631s step_avg:1820.60ms
step:1430/3325 train_time:2603.424s step_avg:1820.58ms
step:1431/3325 train_time:2605.217s step_avg:1820.56ms
step:1432/3325 train_time:2607.010s step_avg:1820.54ms
step:1433/3325 train_time:2608.802s step_avg:1820.52ms
step:1434/3325 train_time:2610.595s step_avg:1820.50ms
step:1435/3325 train_time:2612.387s step_avg:1820.48ms
step:1436/3325 train_time:2614.181s step_avg:1820.46ms
step:1437/3325 train_time:2615.974s step_avg:1820.44ms
step:1438/3325 train_time:2617.768s step_avg:1820.42ms
step:1439/3325 train_time:2619.561s step_avg:1820.40ms
step:1440/3325 train_time:2621.371s step_avg:1820.40ms
step:1441/3325 train_time:2623.164s step_avg:1820.38ms
step:1442/3325 train_time:2624.958s step_avg:1820.36ms
step:1443/3325 train_time:2626.751s step_avg:1820.34ms
step:1444/3325 train_time:2628.545s step_avg:1820.32ms
step:1445/3325 train_time:2630.339s step_avg:1820.30ms
step:1446/3325 train_time:2632.132s step_avg:1820.28ms
step:1447/3325 train_time:2633.924s step_avg:1820.27ms
step:1448/3325 train_time:2635.718s step_avg:1820.25ms
step:1449/3325 train_time:2637.511s step_avg:1820.23ms
step:1450/3325 train_time:2639.583s step_avg:1820.40ms
step:1451/3325 train_time:2641.377s step_avg:1820.38ms
step:1452/3325 train_time:2643.171s step_avg:1820.37ms
step:1453/3325 train_time:2644.964s step_avg:1820.35ms
step:1454/3325 train_time:2646.758s step_avg:1820.33ms
step:1455/3325 train_time:2648.553s step_avg:1820.31ms
step:1456/3325 train_time:2650.347s step_avg:1820.29ms
step:1457/3325 train_time:2652.140s step_avg:1820.27ms
step:1458/3325 train_time:2653.934s step_avg:1820.26ms
step:1459/3325 train_time:2655.728s step_avg:1820.24ms
step:1460/3325 train_time:2657.522s step_avg:1820.22ms
step:1461/3325 train_time:2659.315s step_avg:1820.20ms
step:1462/3325 train_time:2661.110s step_avg:1820.18ms
step:1463/3325 train_time:2662.904s step_avg:1820.17ms
step:1464/3325 train_time:2664.699s step_avg:1820.15ms
step:1465/3325 train_time:2666.493s step_avg:1820.13ms
step:1466/3325 train_time:2668.286s step_avg:1820.11ms
step:1467/3325 train_time:2670.079s step_avg:1820.09ms
step:1468/3325 train_time:2671.873s step_avg:1820.08ms
step:1469/3325 train_time:2673.665s step_avg:1820.06ms
step:1470/3325 train_time:2675.474s step_avg:1820.05ms
step:1471/3325 train_time:2677.267s step_avg:1820.03ms
step:1472/3325 train_time:2679.061s step_avg:1820.01ms
step:1473/3325 train_time:2680.855s step_avg:1820.00ms
step:1474/3325 train_time:2682.647s step_avg:1819.98ms
step:1475/3325 train_time:2684.713s step_avg:1820.14ms
step:1476/3325 train_time:2686.505s step_avg:1820.13ms
step:1477/3325 train_time:2688.298s step_avg:1820.11ms
step:1478/3325 train_time:2690.090s step_avg:1820.09ms
step:1479/3325 train_time:2691.882s step_avg:1820.07ms
step:1480/3325 train_time:2693.674s step_avg:1820.05ms
step:1481/3325 train_time:2695.467s step_avg:1820.03ms
step:1482/3325 train_time:2697.260s step_avg:1820.01ms
step:1483/3325 train_time:2699.053s step_avg:1820.00ms
step:1484/3325 train_time:2700.846s step_avg:1819.98ms
step:1485/3325 train_time:2702.638s step_avg:1819.96ms
step:1486/3325 train_time:2704.430s step_avg:1819.94ms
step:1487/3325 train_time:2706.222s step_avg:1819.92ms
step:1488/3325 train_time:2708.014s step_avg:1819.90ms
step:1489/3325 train_time:2709.807s step_avg:1819.88ms
step:1490/3325 train_time:2711.599s step_avg:1819.86ms
step:1491/3325 train_time:2713.391s step_avg:1819.85ms
step:1492/3325 train_time:2715.184s step_avg:1819.83ms
step:1493/3325 train_time:2716.977s step_avg:1819.81ms
step:1494/3325 train_time:2718.770s step_avg:1819.79ms
step:1495/3325 train_time:2720.562s step_avg:1819.77ms
step:1496/3325 train_time:2722.354s step_avg:1819.76ms
step:1497/3325 train_time:2724.146s step_avg:1819.74ms
step:1498/3325 train_time:2725.938s step_avg:1819.72ms
step:1499/3325 train_time:2727.730s step_avg:1819.70ms
step:1500/3325 train_time:2729.878s step_avg:1819.92ms
step:1500/3325 val_loss:3.56911 train_time:2729.879s step_avg:1805.19ms
step:1501/3325 train_time:2731.672s step_avg:1819.90ms
step:1502/3325 train_time:2733.466s step_avg:1819.88ms
step:1503/3325 train_time:2735.259s step_avg:1819.87ms
step:1504/3325 train_time:2737.052s step_avg:1819.85ms
step:1505/3325 train_time:2738.844s step_avg:1819.83ms
step:1506/3325 train_time:2740.637s step_avg:1819.81ms
step:1507/3325 train_time:2742.429s step_avg:1819.79ms
step:1508/3325 train_time:2744.221s step_avg:1819.78ms
step:1509/3325 train_time:2746.013s step_avg:1819.76ms
step:1510/3325 train_time:2747.806s step_avg:1819.74ms
step:1511/3325 train_time:2749.598s step_avg:1819.72ms
step:1512/3325 train_time:2751.390s step_avg:1819.70ms
step:1513/3325 train_time:2753.182s step_avg:1819.68ms
step:1514/3325 train_time:2754.975s step_avg:1819.67ms
step:1515/3325 train_time:2756.768s step_avg:1819.65ms
step:1516/3325 train_time:2758.561s step_avg:1819.63ms
step:1517/3325 train_time:2760.352s step_avg:1819.61ms
step:1518/3325 train_time:2762.144s step_avg:1819.59ms
step:1519/3325 train_time:2763.936s step_avg:1819.58ms
step:1520/3325 train_time:2765.728s step_avg:1819.56ms
step:1521/3325 train_time:2767.555s step_avg:1819.56ms
step:1522/3325 train_time:2769.347s step_avg:1819.54ms
step:1523/3325 train_time:2771.139s step_avg:1819.53ms
step:1524/3325 train_time:2772.931s step_avg:1819.51ms
step:1525/3325 train_time:2774.998s step_avg:1819.67ms
step:1526/3325 train_time:2776.790s step_avg:1819.65ms
step:1527/3325 train_time:2778.583s step_avg:1819.64ms
step:1528/3325 train_time:2780.375s step_avg:1819.62ms
step:1529/3325 train_time:2782.167s step_avg:1819.60ms
step:1530/3325 train_time:2783.976s step_avg:1819.59ms
step:1531/3325 train_time:2785.768s step_avg:1819.57ms
step:1532/3325 train_time:2787.560s step_avg:1819.56ms
step:1533/3325 train_time:2789.352s step_avg:1819.54ms
step:1534/3325 train_time:2791.144s step_avg:1819.52ms
step:1535/3325 train_time:2792.936s step_avg:1819.50ms
step:1536/3325 train_time:2794.729s step_avg:1819.49ms
step:1537/3325 train_time:2796.523s step_avg:1819.47ms
step:1538/3325 train_time:2798.316s step_avg:1819.45ms
step:1539/3325 train_time:2800.109s step_avg:1819.43ms
step:1540/3325 train_time:2801.901s step_avg:1819.42ms
step:1541/3325 train_time:2803.692s step_avg:1819.40ms
step:1542/3325 train_time:2805.485s step_avg:1819.38ms
step:1543/3325 train_time:2807.277s step_avg:1819.36ms
step:1544/3325 train_time:2809.070s step_avg:1819.35ms
step:1545/3325 train_time:2810.862s step_avg:1819.33ms
step:1546/3325 train_time:2812.655s step_avg:1819.31ms
step:1547/3325 train_time:2814.447s step_avg:1819.29ms
step:1548/3325 train_time:2816.241s step_avg:1819.28ms
step:1549/3325 train_time:2818.034s step_avg:1819.26ms
step:1550/3325 train_time:2820.101s step_avg:1819.42ms
step:1551/3325 train_time:2821.892s step_avg:1819.40ms
step:1552/3325 train_time:2823.685s step_avg:1819.38ms
step:1553/3325 train_time:2825.477s step_avg:1819.37ms
step:1554/3325 train_time:2827.270s step_avg:1819.35ms
step:1555/3325 train_time:2829.063s step_avg:1819.33ms
step:1556/3325 train_time:2830.856s step_avg:1819.32ms
step:1557/3325 train_time:2832.648s step_avg:1819.30ms
step:1558/3325 train_time:2834.440s step_avg:1819.28ms
step:1559/3325 train_time:2836.232s step_avg:1819.26ms
step:1560/3325 train_time:2838.041s step_avg:1819.26ms
step:1561/3325 train_time:2839.832s step_avg:1819.24ms
step:1562/3325 train_time:2841.624s step_avg:1819.22ms
step:1563/3325 train_time:2843.418s step_avg:1819.21ms
step:1564/3325 train_time:2845.211s step_avg:1819.19ms
step:1565/3325 train_time:2847.004s step_avg:1819.17ms
step:1566/3325 train_time:2848.797s step_avg:1819.15ms
step:1567/3325 train_time:2850.589s step_avg:1819.14ms
step:1568/3325 train_time:2852.382s step_avg:1819.12ms
step:1569/3325 train_time:2854.174s step_avg:1819.10ms
step:1570/3325 train_time:2855.966s step_avg:1819.09ms
step:1571/3325 train_time:2857.759s step_avg:1819.07ms
step:1572/3325 train_time:2859.551s step_avg:1819.05ms
step:1573/3325 train_time:2861.343s step_avg:1819.04ms
step:1574/3325 train_time:2863.135s step_avg:1819.02ms
step:1575/3325 train_time:2865.203s step_avg:1819.18ms
step:1576/3325 train_time:2866.995s step_avg:1819.16ms
step:1577/3325 train_time:2868.786s step_avg:1819.14ms
step:1578/3325 train_time:2870.578s step_avg:1819.12ms
step:1579/3325 train_time:2872.370s step_avg:1819.11ms
step:1580/3325 train_time:2874.162s step_avg:1819.09ms
step:1581/3325 train_time:2875.955s step_avg:1819.07ms
step:1582/3325 train_time:2877.748s step_avg:1819.06ms
step:1583/3325 train_time:2879.541s step_avg:1819.04ms
step:1584/3325 train_time:2881.334s step_avg:1819.02ms
step:1585/3325 train_time:2883.127s step_avg:1819.01ms
step:1586/3325 train_time:2884.920s step_avg:1818.99ms
step:1587/3325 train_time:2886.712s step_avg:1818.97ms
step:1588/3325 train_time:2888.505s step_avg:1818.96ms
step:1589/3325 train_time:2890.297s step_avg:1818.94ms
step:1590/3325 train_time:2892.105s step_avg:1818.93ms
step:1591/3325 train_time:2893.897s step_avg:1818.92ms
step:1592/3325 train_time:2895.689s step_avg:1818.90ms
step:1593/3325 train_time:2897.481s step_avg:1818.88ms
step:1594/3325 train_time:2899.274s step_avg:1818.87ms
step:1595/3325 train_time:2901.067s step_avg:1818.85ms
step:1596/3325 train_time:2902.859s step_avg:1818.83ms
step:1597/3325 train_time:2904.653s step_avg:1818.82ms
step:1598/3325 train_time:2906.445s step_avg:1818.80ms
step:1599/3325 train_time:2908.237s step_avg:1818.78ms
step:1600/3325 train_time:2910.304s step_avg:1818.94ms
step:1601/3325 train_time:2912.096s step_avg:1818.92ms
step:1602/3325 train_time:2913.888s step_avg:1818.91ms
step:1603/3325 train_time:2915.681s step_avg:1818.89ms
step:1604/3325 train_time:2917.474s step_avg:1818.87ms
step:1605/3325 train_time:2919.266s step_avg:1818.86ms
step:1606/3325 train_time:2921.058s step_avg:1818.84ms
step:1607/3325 train_time:2922.849s step_avg:1818.82ms
step:1608/3325 train_time:2924.643s step_avg:1818.81ms
step:1609/3325 train_time:2926.436s step_avg:1818.79ms
step:1610/3325 train_time:2928.229s step_avg:1818.78ms
step:1611/3325 train_time:2930.021s step_avg:1818.76ms
step:1612/3325 train_time:2931.814s step_avg:1818.74ms
step:1613/3325 train_time:2933.607s step_avg:1818.73ms
step:1614/3325 train_time:2935.400s step_avg:1818.71ms
step:1615/3325 train_time:2937.192s step_avg:1818.70ms
step:1616/3325 train_time:2938.985s step_avg:1818.68ms
step:1617/3325 train_time:2940.776s step_avg:1818.66ms
step:1618/3325 train_time:2942.568s step_avg:1818.65ms
step:1619/3325 train_time:2944.361s step_avg:1818.63ms
step:1620/3325 train_time:2946.170s step_avg:1818.62ms
step:1621/3325 train_time:2947.963s step_avg:1818.61ms
step:1622/3325 train_time:2949.756s step_avg:1818.59ms
step:1623/3325 train_time:2951.548s step_avg:1818.58ms
step:1624/3325 train_time:2953.342s step_avg:1818.56ms
step:1625/3325 train_time:2955.476s step_avg:1818.75ms
step:1625/3325 val_loss:3.54067 train_time:2955.476s step_avg:1804.78ms
step:1626/3325 train_time:2957.271s step_avg:1818.74ms
step:1627/3325 train_time:2959.065s step_avg:1818.72ms
step:1628/3325 train_time:2960.858s step_avg:1818.71ms
step:1629/3325 train_time:2962.651s step_avg:1818.69ms
step:1630/3325 train_time:2964.444s step_avg:1818.68ms
step:1631/3325 train_time:2966.237s step_avg:1818.66ms
step:1632/3325 train_time:2968.029s step_avg:1818.65ms
step:1633/3325 train_time:2969.822s step_avg:1818.63ms
step:1634/3325 train_time:2971.617s step_avg:1818.62ms
step:1635/3325 train_time:2973.412s step_avg:1818.60ms
step:1636/3325 train_time:2975.207s step_avg:1818.59ms
step:1637/3325 train_time:2977.000s step_avg:1818.57ms
step:1638/3325 train_time:2978.794s step_avg:1818.56ms
step:1639/3325 train_time:2980.588s step_avg:1818.54ms
step:1640/3325 train_time:2982.382s step_avg:1818.53ms
step:1641/3325 train_time:2984.175s step_avg:1818.51ms
step:1642/3325 train_time:2985.967s step_avg:1818.49ms
step:1643/3325 train_time:2987.760s step_avg:1818.48ms
step:1644/3325 train_time:2989.553s step_avg:1818.46ms
step:1645/3325 train_time:2991.346s step_avg:1818.45ms
step:1646/3325 train_time:2993.140s step_avg:1818.43ms
step:1647/3325 train_time:2994.934s step_avg:1818.42ms
step:1648/3325 train_time:2996.728s step_avg:1818.40ms
step:1649/3325 train_time:2998.522s step_avg:1818.39ms
step:1650/3325 train_time:3000.607s step_avg:1818.55ms
step:1651/3325 train_time:3002.399s step_avg:1818.53ms
step:1652/3325 train_time:3004.192s step_avg:1818.52ms
step:1653/3325 train_time:3005.984s step_avg:1818.50ms
step:1654/3325 train_time:3007.778s step_avg:1818.49ms
step:1655/3325 train_time:3009.571s step_avg:1818.47ms
step:1656/3325 train_time:3011.364s step_avg:1818.46ms
step:1657/3325 train_time:3013.158s step_avg:1818.44ms
step:1658/3325 train_time:3014.952s step_avg:1818.43ms
step:1659/3325 train_time:3016.745s step_avg:1818.41ms
step:1660/3325 train_time:3018.540s step_avg:1818.40ms
step:1661/3325 train_time:3020.332s step_avg:1818.38ms
step:1662/3325 train_time:3022.125s step_avg:1818.37ms
step:1663/3325 train_time:3023.917s step_avg:1818.35ms
step:1664/3325 train_time:3025.710s step_avg:1818.34ms
step:1665/3325 train_time:3027.503s step_avg:1818.32ms
step:1666/3325 train_time:3029.296s step_avg:1818.30ms
step:1667/3325 train_time:3031.088s step_avg:1818.29ms
step:1668/3325 train_time:3032.884s step_avg:1818.28ms
step:1669/3325 train_time:3034.677s step_avg:1818.26ms
step:1670/3325 train_time:3036.471s step_avg:1818.25ms
step:1671/3325 train_time:3038.264s step_avg:1818.23ms
step:1672/3325 train_time:3040.057s step_avg:1818.22ms
step:1673/3325 train_time:3041.849s step_avg:1818.20ms
step:1674/3325 train_time:3043.641s step_avg:1818.18ms
step:1675/3325 train_time:3045.709s step_avg:1818.33ms
step:1676/3325 train_time:3047.502s step_avg:1818.32ms
step:1677/3325 train_time:3049.296s step_avg:1818.30ms
step:1678/3325 train_time:3051.090s step_avg:1818.29ms
step:1679/3325 train_time:3052.883s step_avg:1818.27ms
step:1680/3325 train_time:3054.693s step_avg:1818.27ms
step:1681/3325 train_time:3056.485s step_avg:1818.25ms
step:1682/3325 train_time:3058.279s step_avg:1818.24ms
step:1683/3325 train_time:3060.072s step_avg:1818.22ms
step:1684/3325 train_time:3061.865s step_avg:1818.21ms
step:1685/3325 train_time:3063.659s step_avg:1818.20ms
step:1686/3325 train_time:3065.454s step_avg:1818.18ms
step:1687/3325 train_time:3067.248s step_avg:1818.17ms
step:1688/3325 train_time:3069.041s step_avg:1818.15ms
step:1689/3325 train_time:3070.835s step_avg:1818.14ms
step:1690/3325 train_time:3072.631s step_avg:1818.13ms
step:1691/3325 train_time:3074.425s step_avg:1818.11ms
step:1692/3325 train_time:3076.220s step_avg:1818.10ms
step:1693/3325 train_time:3078.015s step_avg:1818.08ms
step:1694/3325 train_time:3079.810s step_avg:1818.07ms
step:1695/3325 train_time:3081.604s step_avg:1818.06ms
step:1696/3325 train_time:3083.398s step_avg:1818.04ms
step:1697/3325 train_time:3085.193s step_avg:1818.03ms
step:1698/3325 train_time:3086.988s step_avg:1818.01ms
step:1699/3325 train_time:3088.782s step_avg:1818.00ms
step:1700/3325 train_time:3090.854s step_avg:1818.15ms
step:1701/3325 train_time:3092.648s step_avg:1818.13ms
step:1702/3325 train_time:3094.442s step_avg:1818.12ms
step:1703/3325 train_time:3096.236s step_avg:1818.11ms
step:1704/3325 train_time:3098.028s step_avg:1818.09ms
step:1705/3325 train_time:3099.821s step_avg:1818.08ms
step:1706/3325 train_time:3101.616s step_avg:1818.06ms
step:1707/3325 train_time:3103.412s step_avg:1818.05ms
step:1708/3325 train_time:3105.205s step_avg:1818.04ms
step:1709/3325 train_time:3107.001s step_avg:1818.02ms
step:1710/3325 train_time:3108.813s step_avg:1818.02ms
step:1711/3325 train_time:3110.641s step_avg:1818.03ms
step:1712/3325 train_time:3112.436s step_avg:1818.01ms
step:1713/3325 train_time:3114.229s step_avg:1818.00ms
step:1714/3325 train_time:3116.023s step_avg:1817.98ms
step:1715/3325 train_time:3117.819s step_avg:1817.97ms
step:1716/3325 train_time:3119.615s step_avg:1817.96ms
step:1717/3325 train_time:3121.409s step_avg:1817.94ms
step:1718/3325 train_time:3123.204s step_avg:1817.93ms
step:1719/3325 train_time:3124.998s step_avg:1817.92ms
step:1720/3325 train_time:3126.793s step_avg:1817.90ms
step:1721/3325 train_time:3128.588s step_avg:1817.89ms
step:1722/3325 train_time:3130.382s step_avg:1817.88ms
step:1723/3325 train_time:3132.176s step_avg:1817.86ms
step:1724/3325 train_time:3133.969s step_avg:1817.85ms
step:1725/3325 train_time:3136.038s step_avg:1817.99ms
step:1726/3325 train_time:3137.831s step_avg:1817.98ms
step:1727/3325 train_time:3139.625s step_avg:1817.96ms
step:1728/3325 train_time:3141.417s step_avg:1817.95ms
step:1729/3325 train_time:3143.211s step_avg:1817.94ms
step:1730/3325 train_time:3145.008s step_avg:1817.92ms
step:1731/3325 train_time:3146.801s step_avg:1817.91ms
step:1732/3325 train_time:3148.595s step_avg:1817.90ms
step:1733/3325 train_time:3150.387s step_avg:1817.88ms
step:1734/3325 train_time:3152.179s step_avg:1817.87ms
step:1735/3325 train_time:3153.974s step_avg:1817.85ms
step:1736/3325 train_time:3155.768s step_avg:1817.84ms
step:1737/3325 train_time:3157.561s step_avg:1817.82ms
step:1738/3325 train_time:3159.355s step_avg:1817.81ms
step:1739/3325 train_time:3161.149s step_avg:1817.80ms
step:1740/3325 train_time:3162.959s step_avg:1817.79ms
step:1741/3325 train_time:3164.753s step_avg:1817.78ms
step:1742/3325 train_time:3166.548s step_avg:1817.77ms
step:1743/3325 train_time:3168.340s step_avg:1817.75ms
step:1744/3325 train_time:3170.133s step_avg:1817.74ms
step:1745/3325 train_time:3171.926s step_avg:1817.72ms
step:1746/3325 train_time:3173.719s step_avg:1817.71ms
step:1747/3325 train_time:3175.512s step_avg:1817.69ms
step:1748/3325 train_time:3177.306s step_avg:1817.68ms
step:1749/3325 train_time:3179.099s step_avg:1817.67ms
step:1750/3325 train_time:3181.232s step_avg:1817.85ms
step:1750/3325 val_loss:3.50915 train_time:3181.232s step_avg:1806.05ms
step:1751/3325 train_time:3183.027s step_avg:1817.83ms
step:1752/3325 train_time:3184.821s step_avg:1817.82ms
step:1753/3325 train_time:3186.614s step_avg:1817.81ms
step:1754/3325 train_time:3188.407s step_avg:1817.79ms
step:1755/3325 train_time:3190.201s step_avg:1817.78ms
step:1756/3325 train_time:3191.994s step_avg:1817.76ms
step:1757/3325 train_time:3193.787s step_avg:1817.75ms
step:1758/3325 train_time:3195.580s step_avg:1817.74ms
step:1759/3325 train_time:3197.373s step_avg:1817.72ms
step:1760/3325 train_time:3199.166s step_avg:1817.71ms
step:1761/3325 train_time:3200.959s step_avg:1817.69ms
step:1762/3325 train_time:3202.755s step_avg:1817.68ms
step:1763/3325 train_time:3204.549s step_avg:1817.67ms
step:1764/3325 train_time:3206.342s step_avg:1817.65ms
step:1765/3325 train_time:3208.135s step_avg:1817.64ms
step:1766/3325 train_time:3209.928s step_avg:1817.63ms
step:1767/3325 train_time:3211.721s step_avg:1817.61ms
step:1768/3325 train_time:3213.513s step_avg:1817.60ms
step:1769/3325 train_time:3215.306s step_avg:1817.58ms
step:1770/3325 train_time:3217.114s step_avg:1817.58ms
step:1771/3325 train_time:3218.907s step_avg:1817.56ms
step:1772/3325 train_time:3220.700s step_avg:1817.55ms
step:1773/3325 train_time:3222.492s step_avg:1817.54ms
step:1774/3325 train_time:3224.286s step_avg:1817.52ms
step:1775/3325 train_time:3226.353s step_avg:1817.66ms
step:1776/3325 train_time:3228.145s step_avg:1817.65ms
step:1777/3325 train_time:3229.939s step_avg:1817.64ms
step:1778/3325 train_time:3231.732s step_avg:1817.62ms
step:1779/3325 train_time:3233.525s step_avg:1817.61ms
step:1780/3325 train_time:3235.319s step_avg:1817.59ms
step:1781/3325 train_time:3237.112s step_avg:1817.58ms
step:1782/3325 train_time:3238.905s step_avg:1817.57ms
step:1783/3325 train_time:3240.699s step_avg:1817.55ms
step:1784/3325 train_time:3242.492s step_avg:1817.54ms
step:1785/3325 train_time:3244.287s step_avg:1817.53ms
step:1786/3325 train_time:3246.081s step_avg:1817.51ms
step:1787/3325 train_time:3247.874s step_avg:1817.50ms
step:1788/3325 train_time:3249.666s step_avg:1817.49ms
step:1789/3325 train_time:3251.459s step_avg:1817.47ms
step:1790/3325 train_time:3253.255s step_avg:1817.46ms
step:1791/3325 train_time:3255.049s step_avg:1817.45ms
step:1792/3325 train_time:3256.843s step_avg:1817.43ms
step:1793/3325 train_time:3258.636s step_avg:1817.42ms
step:1794/3325 train_time:3260.429s step_avg:1817.41ms
step:1795/3325 train_time:3262.223s step_avg:1817.39ms
step:1796/3325 train_time:3264.017s step_avg:1817.38ms
step:1797/3325 train_time:3265.811s step_avg:1817.37ms
step:1798/3325 train_time:3267.603s step_avg:1817.35ms
step:1799/3325 train_time:3269.395s step_avg:1817.34ms
step:1800/3325 train_time:3271.479s step_avg:1817.49ms
step:1801/3325 train_time:3273.272s step_avg:1817.47ms
step:1802/3325 train_time:3275.065s step_avg:1817.46ms
step:1803/3325 train_time:3276.858s step_avg:1817.45ms
step:1804/3325 train_time:3278.651s step_avg:1817.43ms
step:1805/3325 train_time:3280.444s step_avg:1817.42ms
step:1806/3325 train_time:3282.238s step_avg:1817.41ms
step:1807/3325 train_time:3284.032s step_avg:1817.39ms
step:1808/3325 train_time:3285.825s step_avg:1817.38ms
step:1809/3325 train_time:3287.617s step_avg:1817.37ms
step:1810/3325 train_time:3289.410s step_avg:1817.35ms
step:1811/3325 train_time:3291.203s step_avg:1817.34ms
step:1812/3325 train_time:3292.996s step_avg:1817.33ms
step:1813/3325 train_time:3294.789s step_avg:1817.31ms
step:1814/3325 train_time:3296.582s step_avg:1817.30ms
step:1815/3325 train_time:3298.375s step_avg:1817.29ms
step:1816/3325 train_time:3300.169s step_avg:1817.27ms
step:1817/3325 train_time:3301.963s step_avg:1817.26ms
step:1818/3325 train_time:3303.756s step_avg:1817.25ms
step:1819/3325 train_time:3305.549s step_avg:1817.23ms
step:1820/3325 train_time:3307.341s step_avg:1817.22ms
step:1821/3325 train_time:3309.134s step_avg:1817.21ms
step:1822/3325 train_time:3310.927s step_avg:1817.19ms
step:1823/3325 train_time:3312.721s step_avg:1817.18ms
step:1824/3325 train_time:3314.514s step_avg:1817.17ms
step:1825/3325 train_time:3316.591s step_avg:1817.31ms
step:1826/3325 train_time:3318.388s step_avg:1817.30ms
step:1827/3325 train_time:3320.182s step_avg:1817.29ms
step:1828/3325 train_time:3321.976s step_avg:1817.27ms
step:1829/3325 train_time:3323.769s step_avg:1817.26ms
step:1830/3325 train_time:3325.577s step_avg:1817.26ms
step:1831/3325 train_time:3327.369s step_avg:1817.24ms
step:1832/3325 train_time:3329.162s step_avg:1817.23ms
step:1833/3325 train_time:3330.955s step_avg:1817.21ms
step:1834/3325 train_time:3332.747s step_avg:1817.20ms
step:1835/3325 train_time:3334.541s step_avg:1817.19ms
step:1836/3325 train_time:3336.333s step_avg:1817.17ms
step:1837/3325 train_time:3338.126s step_avg:1817.16ms
step:1838/3325 train_time:3339.920s step_avg:1817.15ms
step:1839/3325 train_time:3341.713s step_avg:1817.14ms
step:1840/3325 train_time:3343.505s step_avg:1817.12ms
step:1841/3325 train_time:3345.298s step_avg:1817.11ms
step:1842/3325 train_time:3347.090s step_avg:1817.10ms
step:1843/3325 train_time:3348.882s step_avg:1817.08ms
step:1844/3325 train_time:3350.676s step_avg:1817.07ms
step:1845/3325 train_time:3352.468s step_avg:1817.06ms
step:1846/3325 train_time:3354.261s step_avg:1817.04ms
step:1847/3325 train_time:3356.054s step_avg:1817.03ms
step:1848/3325 train_time:3357.846s step_avg:1817.02ms
step:1849/3325 train_time:3359.639s step_avg:1817.00ms
step:1850/3325 train_time:3361.706s step_avg:1817.14ms
step:1851/3325 train_time:3363.498s step_avg:1817.12ms
step:1852/3325 train_time:3365.291s step_avg:1817.11ms
step:1853/3325 train_time:3367.085s step_avg:1817.10ms
step:1854/3325 train_time:3368.878s step_avg:1817.09ms
step:1855/3325 train_time:3370.671s step_avg:1817.07ms
step:1856/3325 train_time:3372.464s step_avg:1817.06ms
step:1857/3325 train_time:3374.257s step_avg:1817.05ms
step:1858/3325 train_time:3376.050s step_avg:1817.03ms
step:1859/3325 train_time:3377.842s step_avg:1817.02ms
step:1860/3325 train_time:3379.650s step_avg:1817.02ms
step:1861/3325 train_time:3381.443s step_avg:1817.00ms
step:1862/3325 train_time:3383.236s step_avg:1816.99ms
step:1863/3325 train_time:3385.028s step_avg:1816.98ms
step:1864/3325 train_time:3386.821s step_avg:1816.96ms
step:1865/3325 train_time:3388.614s step_avg:1816.95ms
step:1866/3325 train_time:3390.408s step_avg:1816.94ms
step:1867/3325 train_time:3392.201s step_avg:1816.93ms
step:1868/3325 train_time:3393.994s step_avg:1816.91ms
step:1869/3325 train_time:3395.787s step_avg:1816.90ms
step:1870/3325 train_time:3397.580s step_avg:1816.89ms
step:1871/3325 train_time:3399.372s step_avg:1816.87ms
step:1872/3325 train_time:3401.164s step_avg:1816.86ms
step:1873/3325 train_time:3402.957s step_avg:1816.85ms
step:1874/3325 train_time:3404.750s step_avg:1816.84ms
step:1875/3325 train_time:3406.883s step_avg:1817.00ms
step:1875/3325 val_loss:3.48310 train_time:3406.883s step_avg:1805.21ms
step:1876/3325 train_time:3408.677s step_avg:1816.99ms
step:1877/3325 train_time:3410.470s step_avg:1816.98ms
step:1878/3325 train_time:3412.265s step_avg:1816.97ms
step:1879/3325 train_time:3414.058s step_avg:1816.95ms
step:1880/3325 train_time:3415.851s step_avg:1816.94ms
step:1881/3325 train_time:3417.644s step_avg:1816.93ms
step:1882/3325 train_time:3419.436s step_avg:1816.92ms
step:1883/3325 train_time:3421.229s step_avg:1816.90ms
step:1884/3325 train_time:3423.021s step_avg:1816.89ms
step:1885/3325 train_time:3424.814s step_avg:1816.88ms
step:1886/3325 train_time:3426.607s step_avg:1816.86ms
step:1887/3325 train_time:3428.400s step_avg:1816.85ms
step:1888/3325 train_time:3430.193s step_avg:1816.84ms
step:1889/3325 train_time:3431.987s step_avg:1816.83ms
step:1890/3325 train_time:3433.797s step_avg:1816.82ms
step:1891/3325 train_time:3435.590s step_avg:1816.81ms
step:1892/3325 train_time:3437.383s step_avg:1816.80ms
step:1893/3325 train_time:3439.177s step_avg:1816.79ms
step:1894/3325 train_time:3440.969s step_avg:1816.77ms
step:1895/3325 train_time:3442.762s step_avg:1816.76ms
step:1896/3325 train_time:3444.554s step_avg:1816.75ms
step:1897/3325 train_time:3446.347s step_avg:1816.74ms
step:1898/3325 train_time:3448.140s step_avg:1816.72ms
step:1899/3325 train_time:3449.934s step_avg:1816.71ms
step:1900/3325 train_time:3452.002s step_avg:1816.84ms
step:1901/3325 train_time:3453.830s step_avg:1816.85ms
step:1902/3325 train_time:3455.623s step_avg:1816.84ms
step:1903/3325 train_time:3457.418s step_avg:1816.82ms
step:1904/3325 train_time:3459.211s step_avg:1816.81ms
step:1905/3325 train_time:3461.006s step_avg:1816.80ms
step:1906/3325 train_time:3462.799s step_avg:1816.79ms
step:1907/3325 train_time:3464.592s step_avg:1816.78ms
step:1908/3325 train_time:3466.385s step_avg:1816.76ms
step:1909/3325 train_time:3468.179s step_avg:1816.75ms
step:1910/3325 train_time:3469.972s step_avg:1816.74ms
step:1911/3325 train_time:3471.766s step_avg:1816.73ms
step:1912/3325 train_time:3473.560s step_avg:1816.72ms
step:1913/3325 train_time:3475.353s step_avg:1816.70ms
step:1914/3325 train_time:3477.147s step_avg:1816.69ms
step:1915/3325 train_time:3478.941s step_avg:1816.68ms
step:1916/3325 train_time:3480.735s step_avg:1816.67ms
step:1917/3325 train_time:3482.529s step_avg:1816.66ms
step:1918/3325 train_time:3484.322s step_avg:1816.64ms
step:1919/3325 train_time:3486.115s step_avg:1816.63ms
step:1920/3325 train_time:3487.924s step_avg:1816.63ms
step:1921/3325 train_time:3489.718s step_avg:1816.62ms
step:1922/3325 train_time:3491.512s step_avg:1816.60ms
step:1923/3325 train_time:3493.305s step_avg:1816.59ms
step:1924/3325 train_time:3495.101s step_avg:1816.58ms
step:1925/3325 train_time:3497.174s step_avg:1816.71ms
step:1926/3325 train_time:3498.971s step_avg:1816.70ms
step:1927/3325 train_time:3500.769s step_avg:1816.69ms
step:1928/3325 train_time:3502.566s step_avg:1816.68ms
step:1929/3325 train_time:3504.361s step_avg:1816.67ms
step:1930/3325 train_time:3506.155s step_avg:1816.66ms
step:1931/3325 train_time:3507.948s step_avg:1816.65ms
step:1932/3325 train_time:3509.742s step_avg:1816.64ms
step:1933/3325 train_time:3511.538s step_avg:1816.63ms
step:1934/3325 train_time:3513.332s step_avg:1816.61ms
step:1935/3325 train_time:3515.126s step_avg:1816.60ms
step:1936/3325 train_time:3516.922s step_avg:1816.59ms
step:1937/3325 train_time:3518.716s step_avg:1816.58ms
step:1938/3325 train_time:3520.512s step_avg:1816.57ms
step:1939/3325 train_time:3522.307s step_avg:1816.56ms
step:1940/3325 train_time:3524.102s step_avg:1816.55ms
step:1941/3325 train_time:3525.904s step_avg:1816.54ms
step:1942/3325 train_time:3527.700s step_avg:1816.53ms
step:1943/3325 train_time:3529.493s step_avg:1816.52ms
step:1944/3325 train_time:3531.288s step_avg:1816.51ms
step:1945/3325 train_time:3533.081s step_avg:1816.49ms
step:1946/3325 train_time:3534.876s step_avg:1816.48ms
step:1947/3325 train_time:3536.672s step_avg:1816.47ms
step:1948/3325 train_time:3538.484s step_avg:1816.47ms
step:1949/3325 train_time:3540.279s step_avg:1816.46ms
step:1950/3325 train_time:3542.370s step_avg:1816.60ms
step:1951/3325 train_time:3544.165s step_avg:1816.59ms
step:1952/3325 train_time:3545.960s step_avg:1816.58ms
step:1953/3325 train_time:3547.755s step_avg:1816.57ms
step:1954/3325 train_time:3549.554s step_avg:1816.56ms
step:1955/3325 train_time:3551.350s step_avg:1816.55ms
step:1956/3325 train_time:3553.144s step_avg:1816.54ms
step:1957/3325 train_time:3554.941s step_avg:1816.53ms
step:1958/3325 train_time:3556.738s step_avg:1816.52ms
step:1959/3325 train_time:3558.531s step_avg:1816.50ms
step:1960/3325 train_time:3560.325s step_avg:1816.49ms
step:1961/3325 train_time:3562.122s step_avg:1816.48ms
step:1962/3325 train_time:3563.919s step_avg:1816.47ms
step:1963/3325 train_time:3565.714s step_avg:1816.46ms
step:1964/3325 train_time:3567.509s step_avg:1816.45ms
step:1965/3325 train_time:3569.304s step_avg:1816.44ms
step:1966/3325 train_time:3571.102s step_avg:1816.43ms
step:1967/3325 train_time:3572.899s step_avg:1816.42ms
step:1968/3325 train_time:3574.697s step_avg:1816.41ms
step:1969/3325 train_time:3576.493s step_avg:1816.40ms
step:1970/3325 train_time:3578.292s step_avg:1816.39ms
step:1971/3325 train_time:3580.088s step_avg:1816.38ms
step:1972/3325 train_time:3581.886s step_avg:1816.37ms
step:1973/3325 train_time:3583.682s step_avg:1816.36ms
step:1974/3325 train_time:3585.478s step_avg:1816.35ms
step:1975/3325 train_time:3587.550s step_avg:1816.48ms
step:1976/3325 train_time:3589.346s step_avg:1816.47ms
step:1977/3325 train_time:3591.142s step_avg:1816.46ms
step:1978/3325 train_time:3592.941s step_avg:1816.45ms
step:1979/3325 train_time:3594.736s step_avg:1816.44ms
step:1980/3325 train_time:3596.547s step_avg:1816.44ms
step:1981/3325 train_time:3598.350s step_avg:1816.43ms
step:1982/3325 train_time:3600.147s step_avg:1816.42ms
step:1983/3325 train_time:3601.942s step_avg:1816.41ms
step:1984/3325 train_time:3603.736s step_avg:1816.40ms
step:1985/3325 train_time:3605.531s step_avg:1816.39ms
step:1986/3325 train_time:3607.327s step_avg:1816.38ms
step:1987/3325 train_time:3609.122s step_avg:1816.37ms
step:1988/3325 train_time:3610.918s step_avg:1816.36ms
step:1989/3325 train_time:3612.712s step_avg:1816.35ms
step:1990/3325 train_time:3614.506s step_avg:1816.33ms
step:1991/3325 train_time:3616.300s step_avg:1816.32ms
step:1992/3325 train_time:3618.096s step_avg:1816.31ms
step:1993/3325 train_time:3619.891s step_avg:1816.30ms
step:1994/3325 train_time:3621.685s step_avg:1816.29ms
step:1995/3325 train_time:3623.480s step_avg:1816.28ms
step:1996/3325 train_time:3625.274s step_avg:1816.27ms
step:1997/3325 train_time:3627.069s step_avg:1816.26ms
step:1998/3325 train_time:3628.864s step_avg:1816.25ms
step:1999/3325 train_time:3630.658s step_avg:1816.24ms
step:2000/3325 train_time:3632.795s step_avg:1816.40ms
step:2000/3325 val_loss:3.46063 train_time:3632.795s step_avg:1807.30ms
step:2001/3325 train_time:3634.592s step_avg:1816.39ms
step:2002/3325 train_time:3636.387s step_avg:1816.38ms
step:2003/3325 train_time:3638.183s step_avg:1816.37ms
step:2004/3325 train_time:3639.976s step_avg:1816.36ms
step:2005/3325 train_time:3641.774s step_avg:1816.35ms
step:2006/3325 train_time:3643.571s step_avg:1816.34ms
step:2007/3325 train_time:3645.369s step_avg:1816.33ms
step:2008/3325 train_time:3647.164s step_avg:1816.32ms
step:2009/3325 train_time:3648.959s step_avg:1816.31ms
step:2010/3325 train_time:3650.771s step_avg:1816.30ms
step:2011/3325 train_time:3652.566s step_avg:1816.29ms
step:2012/3325 train_time:3654.360s step_avg:1816.28ms
step:2013/3325 train_time:3656.155s step_avg:1816.27ms
step:2014/3325 train_time:3657.951s step_avg:1816.26ms
step:2015/3325 train_time:3659.748s step_avg:1816.25ms
step:2016/3325 train_time:3661.544s step_avg:1816.24ms
step:2017/3325 train_time:3663.341s step_avg:1816.23ms
step:2018/3325 train_time:3665.138s step_avg:1816.22ms
step:2019/3325 train_time:3666.933s step_avg:1816.21ms
step:2020/3325 train_time:3668.730s step_avg:1816.20ms
step:2021/3325 train_time:3670.526s step_avg:1816.19ms
step:2022/3325 train_time:3672.321s step_avg:1816.18ms
step:2023/3325 train_time:3674.115s step_avg:1816.17ms
step:2024/3325 train_time:3675.909s step_avg:1816.16ms
step:2025/3325 train_time:3677.983s step_avg:1816.29ms
step:2026/3325 train_time:3679.778s step_avg:1816.28ms
step:2027/3325 train_time:3681.574s step_avg:1816.27ms
step:2028/3325 train_time:3683.370s step_avg:1816.26ms
step:2029/3325 train_time:3685.166s step_avg:1816.25ms
step:2030/3325 train_time:3686.961s step_avg:1816.24ms
step:2031/3325 train_time:3688.757s step_avg:1816.23ms
step:2032/3325 train_time:3690.552s step_avg:1816.22ms
step:2033/3325 train_time:3692.346s step_avg:1816.21ms
step:2034/3325 train_time:3694.140s step_avg:1816.19ms
step:2035/3325 train_time:3695.934s step_avg:1816.18ms
step:2036/3325 train_time:3697.729s step_avg:1816.17ms
step:2037/3325 train_time:3699.522s step_avg:1816.16ms
step:2038/3325 train_time:3701.315s step_avg:1816.15ms
step:2039/3325 train_time:3703.107s step_avg:1816.14ms
step:2040/3325 train_time:3704.916s step_avg:1816.14ms
step:2041/3325 train_time:3706.712s step_avg:1816.13ms
step:2042/3325 train_time:3708.508s step_avg:1816.12ms
step:2043/3325 train_time:3710.303s step_avg:1816.11ms
step:2044/3325 train_time:3712.099s step_avg:1816.10ms
step:2045/3325 train_time:3713.895s step_avg:1816.09ms
step:2046/3325 train_time:3715.691s step_avg:1816.08ms
step:2047/3325 train_time:3717.485s step_avg:1816.07ms
step:2048/3325 train_time:3719.280s step_avg:1816.05ms
step:2049/3325 train_time:3721.073s step_avg:1816.04ms
step:2050/3325 train_time:3723.146s step_avg:1816.17ms
step:2051/3325 train_time:3724.940s step_avg:1816.16ms
step:2052/3325 train_time:3726.738s step_avg:1816.15ms
step:2053/3325 train_time:3728.533s step_avg:1816.14ms
step:2054/3325 train_time:3730.330s step_avg:1816.13ms
step:2055/3325 train_time:3732.126s step_avg:1816.12ms
step:2056/3325 train_time:3733.921s step_avg:1816.11ms
step:2057/3325 train_time:3735.717s step_avg:1816.10ms
step:2058/3325 train_time:3737.512s step_avg:1816.09ms
step:2059/3325 train_time:3739.306s step_avg:1816.08ms
step:2060/3325 train_time:3741.100s step_avg:1816.07ms
step:2061/3325 train_time:3742.894s step_avg:1816.06ms
step:2062/3325 train_time:3744.688s step_avg:1816.05ms
step:2063/3325 train_time:3746.485s step_avg:1816.04ms
step:2064/3325 train_time:3748.280s step_avg:1816.03ms
step:2065/3325 train_time:3750.074s step_avg:1816.02ms
step:2066/3325 train_time:3751.868s step_avg:1816.01ms
step:2067/3325 train_time:3753.664s step_avg:1816.00ms
step:2068/3325 train_time:3755.459s step_avg:1815.99ms
step:2069/3325 train_time:3757.253s step_avg:1815.98ms
step:2070/3325 train_time:3759.065s step_avg:1815.97ms
step:2071/3325 train_time:3760.859s step_avg:1815.96ms
step:2072/3325 train_time:3762.654s step_avg:1815.95ms
step:2073/3325 train_time:3764.449s step_avg:1815.94ms
step:2074/3325 train_time:3766.244s step_avg:1815.93ms
step:2075/3325 train_time:3768.315s step_avg:1816.06ms
step:2076/3325 train_time:3770.112s step_avg:1816.05ms
step:2077/3325 train_time:3771.910s step_avg:1816.04ms
step:2078/3325 train_time:3773.706s step_avg:1816.03ms
step:2079/3325 train_time:3775.500s step_avg:1816.02ms
step:2080/3325 train_time:3777.296s step_avg:1816.01ms
step:2081/3325 train_time:3779.092s step_avg:1816.00ms
step:2082/3325 train_time:3780.888s step_avg:1815.99ms
step:2083/3325 train_time:3782.685s step_avg:1815.98ms
step:2084/3325 train_time:3784.481s step_avg:1815.97ms
step:2085/3325 train_time:3786.276s step_avg:1815.96ms
step:2086/3325 train_time:3788.071s step_avg:1815.95ms
step:2087/3325 train_time:3789.865s step_avg:1815.94ms
step:2088/3325 train_time:3791.659s step_avg:1815.93ms
step:2089/3325 train_time:3793.454s step_avg:1815.92ms
step:2090/3325 train_time:3795.249s step_avg:1815.91ms
step:2091/3325 train_time:3797.081s step_avg:1815.92ms
step:2092/3325 train_time:3798.875s step_avg:1815.91ms
step:2093/3325 train_time:3800.669s step_avg:1815.90ms
step:2094/3325 train_time:3802.463s step_avg:1815.88ms
step:2095/3325 train_time:3804.258s step_avg:1815.87ms
step:2096/3325 train_time:3806.053s step_avg:1815.87ms
step:2097/3325 train_time:3807.849s step_avg:1815.86ms
step:2098/3325 train_time:3809.644s step_avg:1815.85ms
step:2099/3325 train_time:3811.438s step_avg:1815.84ms
step:2100/3325 train_time:3813.526s step_avg:1815.96ms
step:2101/3325 train_time:3815.320s step_avg:1815.95ms
step:2102/3325 train_time:3817.114s step_avg:1815.94ms
step:2103/3325 train_time:3818.908s step_avg:1815.93ms
step:2104/3325 train_time:3820.702s step_avg:1815.92ms
step:2105/3325 train_time:3822.496s step_avg:1815.91ms
step:2106/3325 train_time:3824.290s step_avg:1815.90ms
step:2107/3325 train_time:3826.085s step_avg:1815.89ms
step:2108/3325 train_time:3827.880s step_avg:1815.88ms
step:2109/3325 train_time:3829.674s step_avg:1815.87ms
step:2110/3325 train_time:3831.469s step_avg:1815.86ms
step:2111/3325 train_time:3833.263s step_avg:1815.85ms
step:2112/3325 train_time:3835.058s step_avg:1815.84ms
step:2113/3325 train_time:3836.852s step_avg:1815.83ms
step:2114/3325 train_time:3838.648s step_avg:1815.82ms
step:2115/3325 train_time:3840.443s step_avg:1815.81ms
step:2116/3325 train_time:3842.238s step_avg:1815.80ms
step:2117/3325 train_time:3844.034s step_avg:1815.79ms
step:2118/3325 train_time:3845.829s step_avg:1815.78ms
step:2119/3325 train_time:3847.626s step_avg:1815.77ms
step:2120/3325 train_time:3849.421s step_avg:1815.76ms
step:2121/3325 train_time:3851.216s step_avg:1815.75ms
step:2122/3325 train_time:3853.012s step_avg:1815.75ms
step:2123/3325 train_time:3854.807s step_avg:1815.74ms
step:2124/3325 train_time:3856.602s step_avg:1815.73ms
step:2125/3325 train_time:3858.741s step_avg:1815.88ms
step:2125/3325 val_loss:3.43503 train_time:3858.741s step_avg:1807.57ms
step:2126/3325 train_time:3860.537s step_avg:1815.87ms
step:2127/3325 train_time:3862.332s step_avg:1815.86ms
step:2128/3325 train_time:3864.128s step_avg:1815.85ms
step:2129/3325 train_time:3865.928s step_avg:1815.84ms
step:2130/3325 train_time:3867.740s step_avg:1815.84ms
step:2131/3325 train_time:3869.538s step_avg:1815.83ms
step:2132/3325 train_time:3871.334s step_avg:1815.82ms
step:2133/3325 train_time:3873.129s step_avg:1815.81ms
step:2134/3325 train_time:3874.924s step_avg:1815.80ms
step:2135/3325 train_time:3876.719s step_avg:1815.79ms
step:2136/3325 train_time:3878.515s step_avg:1815.78ms
step:2137/3325 train_time:3880.310s step_avg:1815.77ms
step:2138/3325 train_time:3882.105s step_avg:1815.76ms
step:2139/3325 train_time:3883.899s step_avg:1815.75ms
step:2140/3325 train_time:3885.695s step_avg:1815.75ms
step:2141/3325 train_time:3887.491s step_avg:1815.74ms
step:2142/3325 train_time:3889.285s step_avg:1815.73ms
step:2143/3325 train_time:3891.079s step_avg:1815.72ms
step:2144/3325 train_time:3892.874s step_avg:1815.71ms
step:2145/3325 train_time:3894.670s step_avg:1815.70ms
step:2146/3325 train_time:3896.467s step_avg:1815.69ms
step:2147/3325 train_time:3898.261s step_avg:1815.68ms
step:2148/3325 train_time:3900.056s step_avg:1815.67ms
step:2149/3325 train_time:3901.851s step_avg:1815.66ms
step:2150/3325 train_time:3903.922s step_avg:1815.78ms
step:2151/3325 train_time:3905.717s step_avg:1815.77ms
step:2152/3325 train_time:3907.514s step_avg:1815.76ms
step:2153/3325 train_time:3909.308s step_avg:1815.75ms
step:2154/3325 train_time:3911.102s step_avg:1815.74ms
step:2155/3325 train_time:3912.896s step_avg:1815.73ms
step:2156/3325 train_time:3914.691s step_avg:1815.72ms
step:2157/3325 train_time:3916.485s step_avg:1815.71ms
step:2158/3325 train_time:3918.279s step_avg:1815.70ms
step:2159/3325 train_time:3920.073s step_avg:1815.69ms
step:2160/3325 train_time:3921.884s step_avg:1815.69ms
step:2161/3325 train_time:3923.677s step_avg:1815.68ms
step:2162/3325 train_time:3925.471s step_avg:1815.67ms
step:2163/3325 train_time:3927.265s step_avg:1815.66ms
step:2164/3325 train_time:3929.059s step_avg:1815.65ms
step:2165/3325 train_time:3930.854s step_avg:1815.64ms
step:2166/3325 train_time:3932.649s step_avg:1815.63ms
step:2167/3325 train_time:3934.444s step_avg:1815.62ms
step:2168/3325 train_time:3936.239s step_avg:1815.61ms
step:2169/3325 train_time:3938.035s step_avg:1815.60ms
step:2170/3325 train_time:3939.831s step_avg:1815.59ms
step:2171/3325 train_time:3941.626s step_avg:1815.58ms
step:2172/3325 train_time:3943.419s step_avg:1815.57ms
step:2173/3325 train_time:3945.213s step_avg:1815.56ms
step:2174/3325 train_time:3947.011s step_avg:1815.55ms
step:2175/3325 train_time:3949.085s step_avg:1815.67ms
step:2176/3325 train_time:3950.879s step_avg:1815.66ms
step:2177/3325 train_time:3952.674s step_avg:1815.65ms
step:2178/3325 train_time:3954.470s step_avg:1815.64ms
step:2179/3325 train_time:3956.265s step_avg:1815.63ms
step:2180/3325 train_time:3958.060s step_avg:1815.62ms
step:2181/3325 train_time:3959.856s step_avg:1815.61ms
step:2182/3325 train_time:3961.652s step_avg:1815.61ms
step:2183/3325 train_time:3963.446s step_avg:1815.60ms
step:2184/3325 train_time:3965.240s step_avg:1815.59ms
step:2185/3325 train_time:3967.037s step_avg:1815.58ms
step:2186/3325 train_time:3968.837s step_avg:1815.57ms
step:2187/3325 train_time:3970.634s step_avg:1815.56ms
step:2188/3325 train_time:3972.433s step_avg:1815.55ms
step:2189/3325 train_time:3974.231s step_avg:1815.55ms
step:2190/3325 train_time:3976.046s step_avg:1815.55ms
step:2191/3325 train_time:3977.845s step_avg:1815.54ms
step:2192/3325 train_time:3979.643s step_avg:1815.53ms
step:2193/3325 train_time:3981.441s step_avg:1815.52ms
step:2194/3325 train_time:3983.239s step_avg:1815.51ms
step:2195/3325 train_time:3985.035s step_avg:1815.51ms
step:2196/3325 train_time:3986.834s step_avg:1815.50ms
step:2197/3325 train_time:3988.634s step_avg:1815.49ms
step:2198/3325 train_time:3990.433s step_avg:1815.48ms
step:2199/3325 train_time:3992.232s step_avg:1815.48ms
step:2200/3325 train_time:3994.307s step_avg:1815.59ms
step:2201/3325 train_time:3996.109s step_avg:1815.59ms
step:2202/3325 train_time:3997.910s step_avg:1815.58ms
step:2203/3325 train_time:3999.708s step_avg:1815.57ms
step:2204/3325 train_time:4001.503s step_avg:1815.56ms
step:2205/3325 train_time:4003.300s step_avg:1815.56ms
step:2206/3325 train_time:4005.095s step_avg:1815.55ms
step:2207/3325 train_time:4006.894s step_avg:1815.54ms
step:2208/3325 train_time:4008.693s step_avg:1815.53ms
step:2209/3325 train_time:4010.491s step_avg:1815.52ms
step:2210/3325 train_time:4012.290s step_avg:1815.52ms
step:2211/3325 train_time:4014.088s step_avg:1815.51ms
step:2212/3325 train_time:4015.883s step_avg:1815.50ms
step:2213/3325 train_time:4017.682s step_avg:1815.49ms
step:2214/3325 train_time:4019.481s step_avg:1815.48ms
step:2215/3325 train_time:4021.280s step_avg:1815.48ms
step:2216/3325 train_time:4023.080s step_avg:1815.47ms
step:2217/3325 train_time:4024.883s step_avg:1815.46ms
step:2218/3325 train_time:4026.682s step_avg:1815.46ms
step:2219/3325 train_time:4028.482s step_avg:1815.45ms
step:2220/3325 train_time:4030.298s step_avg:1815.45ms
step:2221/3325 train_time:4032.097s step_avg:1815.44ms
step:2222/3325 train_time:4033.897s step_avg:1815.44ms
step:2223/3325 train_time:4035.694s step_avg:1815.43ms
step:2224/3325 train_time:4037.494s step_avg:1815.42ms
step:2225/3325 train_time:4039.569s step_avg:1815.54ms
step:2226/3325 train_time:4041.368s step_avg:1815.53ms
step:2227/3325 train_time:4043.166s step_avg:1815.52ms
step:2228/3325 train_time:4044.967s step_avg:1815.51ms
step:2229/3325 train_time:4046.765s step_avg:1815.51ms
step:2230/3325 train_time:4048.564s step_avg:1815.50ms
step:2231/3325 train_time:4050.364s step_avg:1815.49ms
step:2232/3325 train_time:4052.164s step_avg:1815.49ms
step:2233/3325 train_time:4053.963s step_avg:1815.48ms
step:2234/3325 train_time:4055.759s step_avg:1815.47ms
step:2235/3325 train_time:4057.559s step_avg:1815.46ms
step:2236/3325 train_time:4059.354s step_avg:1815.45ms
step:2237/3325 train_time:4061.149s step_avg:1815.44ms
step:2238/3325 train_time:4062.948s step_avg:1815.44ms
step:2239/3325 train_time:4064.747s step_avg:1815.43ms
step:2240/3325 train_time:4066.544s step_avg:1815.42ms
step:2241/3325 train_time:4068.343s step_avg:1815.41ms
step:2242/3325 train_time:4070.142s step_avg:1815.41ms
step:2243/3325 train_time:4071.941s step_avg:1815.40ms
step:2244/3325 train_time:4073.740s step_avg:1815.39ms
step:2245/3325 train_time:4075.536s step_avg:1815.38ms
step:2246/3325 train_time:4077.333s step_avg:1815.38ms
step:2247/3325 train_time:4079.131s step_avg:1815.37ms
step:2248/3325 train_time:4080.929s step_avg:1815.36ms
step:2249/3325 train_time:4082.725s step_avg:1815.35ms
step:2250/3325 train_time:4084.889s step_avg:1815.51ms
step:2250/3325 val_loss:3.42606 train_time:4084.890s step_avg:1809.19ms
step:2251/3325 train_time:4086.690s step_avg:1815.50ms
step:2252/3325 train_time:4088.490s step_avg:1815.49ms
step:2253/3325 train_time:4090.287s step_avg:1815.48ms
step:2254/3325 train_time:4092.086s step_avg:1815.48ms
step:2255/3325 train_time:4093.885s step_avg:1815.47ms
step:2256/3325 train_time:4095.684s step_avg:1815.46ms
step:2257/3325 train_time:4097.483s step_avg:1815.46ms
step:2258/3325 train_time:4099.284s step_avg:1815.45ms
step:2259/3325 train_time:4101.083s step_avg:1815.44ms
step:2260/3325 train_time:4102.882s step_avg:1815.43ms
step:2261/3325 train_time:4104.679s step_avg:1815.43ms
step:2262/3325 train_time:4106.477s step_avg:1815.42ms
step:2263/3325 train_time:4108.275s step_avg:1815.41ms
step:2264/3325 train_time:4110.074s step_avg:1815.40ms
step:2265/3325 train_time:4111.873s step_avg:1815.40ms
step:2266/3325 train_time:4113.667s step_avg:1815.39ms
step:2267/3325 train_time:4115.463s step_avg:1815.38ms
step:2268/3325 train_time:4117.258s step_avg:1815.37ms
step:2269/3325 train_time:4119.052s step_avg:1815.36ms
step:2270/3325 train_time:4120.848s step_avg:1815.35ms
step:2271/3325 train_time:4122.643s step_avg:1815.34ms
step:2272/3325 train_time:4124.437s step_avg:1815.33ms
step:2273/3325 train_time:4126.232s step_avg:1815.32ms
step:2274/3325 train_time:4128.027s step_avg:1815.32ms
step:2275/3325 train_time:4130.100s step_avg:1815.43ms
step:2276/3325 train_time:4131.896s step_avg:1815.42ms
step:2277/3325 train_time:4133.691s step_avg:1815.41ms
step:2278/3325 train_time:4135.485s step_avg:1815.40ms
step:2279/3325 train_time:4137.279s step_avg:1815.39ms
step:2280/3325 train_time:4139.091s step_avg:1815.39ms
step:2281/3325 train_time:4140.921s step_avg:1815.40ms
step:2282/3325 train_time:4142.716s step_avg:1815.39ms
step:2283/3325 train_time:4144.511s step_avg:1815.38ms
step:2284/3325 train_time:4146.305s step_avg:1815.37ms
step:2285/3325 train_time:4148.102s step_avg:1815.36ms
step:2286/3325 train_time:4149.898s step_avg:1815.35ms
step:2287/3325 train_time:4151.692s step_avg:1815.34ms
step:2288/3325 train_time:4153.487s step_avg:1815.34ms
step:2289/3325 train_time:4155.282s step_avg:1815.33ms
step:2290/3325 train_time:4157.078s step_avg:1815.32ms
step:2291/3325 train_time:4158.871s step_avg:1815.31ms
step:2292/3325 train_time:4160.665s step_avg:1815.30ms
step:2293/3325 train_time:4162.457s step_avg:1815.29ms
step:2294/3325 train_time:4164.250s step_avg:1815.28ms
step:2295/3325 train_time:4166.042s step_avg:1815.27ms
step:2296/3325 train_time:4167.835s step_avg:1815.26ms
step:2297/3325 train_time:4169.628s step_avg:1815.25ms
step:2298/3325 train_time:4171.422s step_avg:1815.24ms
step:2299/3325 train_time:4173.215s step_avg:1815.23ms
step:2300/3325 train_time:4175.281s step_avg:1815.34ms
step:2301/3325 train_time:4177.076s step_avg:1815.33ms
step:2302/3325 train_time:4178.870s step_avg:1815.32ms
step:2303/3325 train_time:4180.664s step_avg:1815.31ms
step:2304/3325 train_time:4182.457s step_avg:1815.30ms
step:2305/3325 train_time:4184.250s step_avg:1815.29ms
step:2306/3325 train_time:4186.044s step_avg:1815.28ms
step:2307/3325 train_time:4187.837s step_avg:1815.27ms
step:2308/3325 train_time:4189.629s step_avg:1815.26ms
step:2309/3325 train_time:4191.422s step_avg:1815.25ms
step:2310/3325 train_time:4193.232s step_avg:1815.25ms
step:2311/3325 train_time:4195.025s step_avg:1815.24ms
step:2312/3325 train_time:4196.818s step_avg:1815.23ms
step:2313/3325 train_time:4198.610s step_avg:1815.22ms
step:2314/3325 train_time:4200.403s step_avg:1815.21ms
step:2315/3325 train_time:4202.195s step_avg:1815.20ms
step:2316/3325 train_time:4203.988s step_avg:1815.19ms
step:2317/3325 train_time:4205.781s step_avg:1815.18ms
step:2318/3325 train_time:4207.574s step_avg:1815.17ms
step:2319/3325 train_time:4209.367s step_avg:1815.16ms
step:2320/3325 train_time:4211.160s step_avg:1815.16ms
step:2321/3325 train_time:4212.954s step_avg:1815.15ms
step:2322/3325 train_time:4214.748s step_avg:1815.14ms
step:2323/3325 train_time:4216.541s step_avg:1815.13ms
step:2324/3325 train_time:4218.335s step_avg:1815.12ms
step:2325/3325 train_time:4220.403s step_avg:1815.23ms
step:2326/3325 train_time:4222.196s step_avg:1815.22ms
step:2327/3325 train_time:4223.989s step_avg:1815.21ms
step:2328/3325 train_time:4225.783s step_avg:1815.20ms
step:2329/3325 train_time:4227.576s step_avg:1815.19ms
step:2330/3325 train_time:4229.371s step_avg:1815.18ms
step:2331/3325 train_time:4231.168s step_avg:1815.17ms
step:2332/3325 train_time:4232.962s step_avg:1815.16ms
step:2333/3325 train_time:4234.757s step_avg:1815.16ms
step:2334/3325 train_time:4236.550s step_avg:1815.15ms
step:2335/3325 train_time:4238.343s step_avg:1815.14ms
step:2336/3325 train_time:4240.135s step_avg:1815.13ms
step:2337/3325 train_time:4241.928s step_avg:1815.12ms
step:2338/3325 train_time:4243.721s step_avg:1815.11ms
step:2339/3325 train_time:4245.515s step_avg:1815.10ms
step:2340/3325 train_time:4247.325s step_avg:1815.10ms
step:2341/3325 train_time:4249.118s step_avg:1815.09ms
step:2342/3325 train_time:4250.911s step_avg:1815.08ms
step:2343/3325 train_time:4252.705s step_avg:1815.07ms
step:2344/3325 train_time:4254.498s step_avg:1815.06ms
step:2345/3325 train_time:4256.291s step_avg:1815.05ms
step:2346/3325 train_time:4258.084s step_avg:1815.04ms
step:2347/3325 train_time:4259.877s step_avg:1815.03ms
step:2348/3325 train_time:4261.670s step_avg:1815.02ms
step:2349/3325 train_time:4263.462s step_avg:1815.01ms
step:2350/3325 train_time:4265.532s step_avg:1815.12ms
step:2351/3325 train_time:4267.329s step_avg:1815.11ms
step:2352/3325 train_time:4269.122s step_avg:1815.10ms
step:2353/3325 train_time:4270.915s step_avg:1815.09ms
step:2354/3325 train_time:4272.708s step_avg:1815.08ms
step:2355/3325 train_time:4274.501s step_avg:1815.07ms
step:2356/3325 train_time:4276.293s step_avg:1815.07ms
step:2357/3325 train_time:4278.086s step_avg:1815.06ms
step:2358/3325 train_time:4279.880s step_avg:1815.05ms
step:2359/3325 train_time:4281.673s step_avg:1815.04ms
step:2360/3325 train_time:4283.467s step_avg:1815.03ms
step:2361/3325 train_time:4285.260s step_avg:1815.02ms
step:2362/3325 train_time:4287.053s step_avg:1815.01ms
step:2363/3325 train_time:4288.847s step_avg:1815.00ms
step:2364/3325 train_time:4290.640s step_avg:1814.99ms
step:2365/3325 train_time:4292.433s step_avg:1814.98ms
step:2366/3325 train_time:4294.225s step_avg:1814.97ms
step:2367/3325 train_time:4296.019s step_avg:1814.96ms
step:2368/3325 train_time:4297.812s step_avg:1814.95ms
step:2369/3325 train_time:4299.606s step_avg:1814.95ms
step:2370/3325 train_time:4301.416s step_avg:1814.94ms
step:2371/3325 train_time:4303.211s step_avg:1814.93ms
step:2372/3325 train_time:4305.005s step_avg:1814.93ms
step:2373/3325 train_time:4306.799s step_avg:1814.92ms
step:2374/3325 train_time:4308.592s step_avg:1814.91ms
step:2375/3325 train_time:4310.726s step_avg:1815.04ms
step:2375/3325 val_loss:3.39919 train_time:4310.726s step_avg:1806.69ms
step:2376/3325 train_time:4312.523s step_avg:1815.03ms
step:2377/3325 train_time:4314.317s step_avg:1815.03ms
step:2378/3325 train_time:4316.114s step_avg:1815.02ms
step:2379/3325 train_time:4317.908s step_avg:1815.01ms
step:2380/3325 train_time:4319.703s step_avg:1815.00ms
step:2381/3325 train_time:4321.497s step_avg:1814.99ms
step:2382/3325 train_time:4323.293s step_avg:1814.98ms
step:2383/3325 train_time:4325.087s step_avg:1814.98ms
step:2384/3325 train_time:4326.882s step_avg:1814.97ms
step:2385/3325 train_time:4328.677s step_avg:1814.96ms
step:2386/3325 train_time:4330.473s step_avg:1814.95ms
step:2387/3325 train_time:4332.269s step_avg:1814.94ms
step:2388/3325 train_time:4334.064s step_avg:1814.93ms
step:2389/3325 train_time:4335.859s step_avg:1814.93ms
step:2390/3325 train_time:4337.654s step_avg:1814.92ms
step:2391/3325 train_time:4339.448s step_avg:1814.91ms
step:2392/3325 train_time:4341.244s step_avg:1814.90ms
step:2393/3325 train_time:4343.038s step_avg:1814.89ms
step:2394/3325 train_time:4344.834s step_avg:1814.88ms
step:2395/3325 train_time:4346.628s step_avg:1814.88ms
step:2396/3325 train_time:4348.422s step_avg:1814.87ms
step:2397/3325 train_time:4350.216s step_avg:1814.86ms
step:2398/3325 train_time:4352.011s step_avg:1814.85ms
step:2399/3325 train_time:4353.805s step_avg:1814.84ms
step:2400/3325 train_time:4355.891s step_avg:1814.95ms
step:2401/3325 train_time:4357.686s step_avg:1814.95ms
step:2402/3325 train_time:4359.481s step_avg:1814.94ms
step:2403/3325 train_time:4361.276s step_avg:1814.93ms
step:2404/3325 train_time:4363.069s step_avg:1814.92ms
step:2405/3325 train_time:4364.863s step_avg:1814.91ms
step:2406/3325 train_time:4366.656s step_avg:1814.90ms
step:2407/3325 train_time:4368.451s step_avg:1814.89ms
step:2408/3325 train_time:4370.246s step_avg:1814.89ms
step:2409/3325 train_time:4372.040s step_avg:1814.88ms
step:2410/3325 train_time:4373.836s step_avg:1814.87ms
step:2411/3325 train_time:4375.634s step_avg:1814.86ms
step:2412/3325 train_time:4377.429s step_avg:1814.85ms
step:2413/3325 train_time:4379.225s step_avg:1814.85ms
step:2414/3325 train_time:4381.023s step_avg:1814.84ms
step:2415/3325 train_time:4382.819s step_avg:1814.83ms
step:2416/3325 train_time:4384.614s step_avg:1814.82ms
step:2417/3325 train_time:4386.410s step_avg:1814.82ms
step:2418/3325 train_time:4388.204s step_avg:1814.81ms
step:2419/3325 train_time:4390.000s step_avg:1814.80ms
step:2420/3325 train_time:4391.794s step_avg:1814.79ms
step:2421/3325 train_time:4393.589s step_avg:1814.78ms
step:2422/3325 train_time:4395.384s step_avg:1814.77ms
step:2423/3325 train_time:4397.179s step_avg:1814.77ms
step:2424/3325 train_time:4398.974s step_avg:1814.76ms
step:2425/3325 train_time:4401.046s step_avg:1814.86ms
step:2426/3325 train_time:4402.846s step_avg:1814.86ms
step:2427/3325 train_time:4404.643s step_avg:1814.85ms
step:2428/3325 train_time:4406.440s step_avg:1814.84ms
step:2429/3325 train_time:4408.235s step_avg:1814.84ms
step:2430/3325 train_time:4410.046s step_avg:1814.83ms
step:2431/3325 train_time:4411.840s step_avg:1814.83ms
step:2432/3325 train_time:4413.634s step_avg:1814.82ms
step:2433/3325 train_time:4415.428s step_avg:1814.81ms
step:2434/3325 train_time:4417.223s step_avg:1814.80ms
step:2435/3325 train_time:4419.017s step_avg:1814.79ms
step:2436/3325 train_time:4420.811s step_avg:1814.78ms
step:2437/3325 train_time:4422.606s step_avg:1814.77ms
step:2438/3325 train_time:4424.401s step_avg:1814.77ms
step:2439/3325 train_time:4426.196s step_avg:1814.76ms
step:2440/3325 train_time:4427.991s step_avg:1814.75ms
step:2441/3325 train_time:4429.786s step_avg:1814.74ms
step:2442/3325 train_time:4431.581s step_avg:1814.73ms
step:2443/3325 train_time:4433.376s step_avg:1814.73ms
step:2444/3325 train_time:4435.173s step_avg:1814.72ms
step:2445/3325 train_time:4436.968s step_avg:1814.71ms
step:2446/3325 train_time:4438.762s step_avg:1814.70ms
step:2447/3325 train_time:4440.560s step_avg:1814.70ms
step:2448/3325 train_time:4442.354s step_avg:1814.69ms
step:2449/3325 train_time:4444.150s step_avg:1814.68ms
step:2450/3325 train_time:4446.225s step_avg:1814.79ms
step:2451/3325 train_time:4448.021s step_avg:1814.78ms
step:2452/3325 train_time:4449.816s step_avg:1814.77ms
step:2453/3325 train_time:4451.611s step_avg:1814.76ms
step:2454/3325 train_time:4453.406s step_avg:1814.75ms
step:2455/3325 train_time:4455.202s step_avg:1814.75ms
step:2456/3325 train_time:4456.998s step_avg:1814.74ms
step:2457/3325 train_time:4458.793s step_avg:1814.73ms
step:2458/3325 train_time:4460.588s step_avg:1814.72ms
step:2459/3325 train_time:4462.382s step_avg:1814.71ms
step:2460/3325 train_time:4464.193s step_avg:1814.71ms
step:2461/3325 train_time:4465.988s step_avg:1814.70ms
step:2462/3325 train_time:4467.787s step_avg:1814.70ms
step:2463/3325 train_time:4469.584s step_avg:1814.69ms
step:2464/3325 train_time:4471.380s step_avg:1814.68ms
step:2465/3325 train_time:4473.176s step_avg:1814.68ms
step:2466/3325 train_time:4474.971s step_avg:1814.67ms
step:2467/3325 train_time:4476.766s step_avg:1814.66ms
step:2468/3325 train_time:4478.561s step_avg:1814.65ms
step:2469/3325 train_time:4480.356s step_avg:1814.64ms
step:2470/3325 train_time:4482.152s step_avg:1814.64ms
step:2471/3325 train_time:4483.982s step_avg:1814.64ms
step:2472/3325 train_time:4485.777s step_avg:1814.63ms
step:2473/3325 train_time:4487.571s step_avg:1814.63ms
step:2474/3325 train_time:4489.367s step_avg:1814.62ms
step:2475/3325 train_time:4491.440s step_avg:1814.72ms
step:2476/3325 train_time:4493.233s step_avg:1814.71ms
step:2477/3325 train_time:4495.028s step_avg:1814.71ms
step:2478/3325 train_time:4496.822s step_avg:1814.70ms
step:2479/3325 train_time:4498.616s step_avg:1814.69ms
step:2480/3325 train_time:4500.411s step_avg:1814.68ms
step:2481/3325 train_time:4502.206s step_avg:1814.67ms
step:2482/3325 train_time:4504.000s step_avg:1814.67ms
step:2483/3325 train_time:4505.795s step_avg:1814.66ms
step:2484/3325 train_time:4507.590s step_avg:1814.65ms
step:2485/3325 train_time:4509.383s step_avg:1814.64ms
step:2486/3325 train_time:4511.177s step_avg:1814.63ms
step:2487/3325 train_time:4512.972s step_avg:1814.62ms
step:2488/3325 train_time:4514.766s step_avg:1814.62ms
step:2489/3325 train_time:4516.559s step_avg:1814.61ms
step:2490/3325 train_time:4518.369s step_avg:1814.61ms
step:2491/3325 train_time:4520.164s step_avg:1814.60ms
step:2492/3325 train_time:4521.958s step_avg:1814.59ms
step:2493/3325 train_time:4523.752s step_avg:1814.58ms
step:2494/3325 train_time:4525.547s step_avg:1814.57ms
step:2495/3325 train_time:4527.340s step_avg:1814.57ms
step:2496/3325 train_time:4529.134s step_avg:1814.56ms
step:2497/3325 train_time:4530.930s step_avg:1814.55ms
step:2498/3325 train_time:4532.724s step_avg:1814.54ms
step:2499/3325 train_time:4534.520s step_avg:1814.53ms
step:2500/3325 train_time:4536.659s step_avg:1814.66ms
step:2500/3325 val_loss:3.37549 train_time:4536.660s step_avg:1807.47ms
step:2501/3325 train_time:4538.455s step_avg:1814.66ms
step:2502/3325 train_time:4540.251s step_avg:1814.65ms
step:2503/3325 train_time:4542.046s step_avg:1814.64ms
step:2504/3325 train_time:4543.841s step_avg:1814.63ms
step:2505/3325 train_time:4545.635s step_avg:1814.62ms
step:2506/3325 train_time:4547.429s step_avg:1814.62ms
step:2507/3325 train_time:4549.223s step_avg:1814.61ms
step:2508/3325 train_time:4551.018s step_avg:1814.60ms
step:2509/3325 train_time:4552.813s step_avg:1814.59ms
step:2510/3325 train_time:4554.608s step_avg:1814.58ms
step:2511/3325 train_time:4556.403s step_avg:1814.58ms
step:2512/3325 train_time:4558.198s step_avg:1814.57ms
step:2513/3325 train_time:4559.992s step_avg:1814.56ms
step:2514/3325 train_time:4561.787s step_avg:1814.55ms
step:2515/3325 train_time:4563.580s step_avg:1814.54ms
step:2516/3325 train_time:4565.373s step_avg:1814.54ms
step:2517/3325 train_time:4567.167s step_avg:1814.53ms
step:2518/3325 train_time:4568.961s step_avg:1814.52ms
step:2519/3325 train_time:4570.754s step_avg:1814.51ms
step:2520/3325 train_time:4572.566s step_avg:1814.51ms
step:2521/3325 train_time:4574.358s step_avg:1814.50ms
step:2522/3325 train_time:4576.152s step_avg:1814.49ms
step:2523/3325 train_time:4577.946s step_avg:1814.49ms
step:2524/3325 train_time:4579.739s step_avg:1814.48ms
step:2525/3325 train_time:4581.807s step_avg:1814.58ms
step:2526/3325 train_time:4583.600s step_avg:1814.57ms
step:2527/3325 train_time:4585.393s step_avg:1814.56ms
step:2528/3325 train_time:4587.186s step_avg:1814.55ms
step:2529/3325 train_time:4588.979s step_avg:1814.54ms
step:2530/3325 train_time:4590.772s step_avg:1814.53ms
step:2531/3325 train_time:4592.566s step_avg:1814.53ms
step:2532/3325 train_time:4594.360s step_avg:1814.52ms
step:2533/3325 train_time:4596.154s step_avg:1814.51ms
step:2534/3325 train_time:4597.947s step_avg:1814.50ms
step:2535/3325 train_time:4599.742s step_avg:1814.49ms
step:2536/3325 train_time:4601.537s step_avg:1814.49ms
step:2537/3325 train_time:4603.329s step_avg:1814.48ms
step:2538/3325 train_time:4605.122s step_avg:1814.47ms
step:2539/3325 train_time:4606.915s step_avg:1814.46ms
step:2540/3325 train_time:4608.708s step_avg:1814.45ms
step:2541/3325 train_time:4610.502s step_avg:1814.44ms
step:2542/3325 train_time:4612.296s step_avg:1814.44ms
step:2543/3325 train_time:4614.090s step_avg:1814.43ms
step:2544/3325 train_time:4615.883s step_avg:1814.42ms
step:2545/3325 train_time:4617.677s step_avg:1814.41ms
step:2546/3325 train_time:4619.471s step_avg:1814.40ms
step:2547/3325 train_time:4621.265s step_avg:1814.40ms
step:2548/3325 train_time:4623.058s step_avg:1814.39ms
step:2549/3325 train_time:4624.851s step_avg:1814.38ms
step:2550/3325 train_time:4626.934s step_avg:1814.48ms
step:2551/3325 train_time:4628.728s step_avg:1814.48ms
step:2552/3325 train_time:4630.522s step_avg:1814.47ms
step:2553/3325 train_time:4632.315s step_avg:1814.46ms
step:2554/3325 train_time:4634.109s step_avg:1814.45ms
step:2555/3325 train_time:4635.902s step_avg:1814.44ms
step:2556/3325 train_time:4637.696s step_avg:1814.44ms
step:2557/3325 train_time:4639.492s step_avg:1814.43ms
step:2558/3325 train_time:4641.286s step_avg:1814.42ms
step:2559/3325 train_time:4643.079s step_avg:1814.41ms
step:2560/3325 train_time:4644.873s step_avg:1814.40ms
step:2561/3325 train_time:4646.666s step_avg:1814.40ms
step:2562/3325 train_time:4648.460s step_avg:1814.39ms
step:2563/3325 train_time:4650.255s step_avg:1814.38ms
step:2564/3325 train_time:4652.048s step_avg:1814.37ms
step:2565/3325 train_time:4653.841s step_avg:1814.36ms
step:2566/3325 train_time:4655.635s step_avg:1814.35ms
step:2567/3325 train_time:4657.428s step_avg:1814.35ms
step:2568/3325 train_time:4659.223s step_avg:1814.34ms
step:2569/3325 train_time:4661.016s step_avg:1814.33ms
step:2570/3325 train_time:4662.808s step_avg:1814.32ms
step:2571/3325 train_time:4664.601s step_avg:1814.31ms
step:2572/3325 train_time:4666.394s step_avg:1814.31ms
step:2573/3325 train_time:4668.186s step_avg:1814.30ms
step:2574/3325 train_time:4669.981s step_avg:1814.29ms
step:2575/3325 train_time:4672.049s step_avg:1814.39ms
step:2576/3325 train_time:4673.843s step_avg:1814.38ms
step:2577/3325 train_time:4675.641s step_avg:1814.37ms
step:2578/3325 train_time:4677.434s step_avg:1814.37ms
step:2579/3325 train_time:4679.228s step_avg:1814.36ms
step:2580/3325 train_time:4681.038s step_avg:1814.36ms
step:2581/3325 train_time:4682.833s step_avg:1814.35ms
step:2582/3325 train_time:4684.625s step_avg:1814.34ms
step:2583/3325 train_time:4686.418s step_avg:1814.33ms
step:2584/3325 train_time:4688.211s step_avg:1814.32ms
step:2585/3325 train_time:4690.005s step_avg:1814.32ms
step:2586/3325 train_time:4691.799s step_avg:1814.31ms
step:2587/3325 train_time:4693.592s step_avg:1814.30ms
step:2588/3325 train_time:4695.386s step_avg:1814.29ms
step:2589/3325 train_time:4697.180s step_avg:1814.28ms
step:2590/3325 train_time:4698.972s step_avg:1814.27ms
step:2591/3325 train_time:4700.764s step_avg:1814.27ms
step:2592/3325 train_time:4702.557s step_avg:1814.26ms
step:2593/3325 train_time:4704.349s step_avg:1814.25ms
step:2594/3325 train_time:4706.142s step_avg:1814.24ms
step:2595/3325 train_time:4707.935s step_avg:1814.23ms
step:2596/3325 train_time:4709.728s step_avg:1814.22ms
step:2597/3325 train_time:4711.521s step_avg:1814.22ms
step:2598/3325 train_time:4713.315s step_avg:1814.21ms
step:2599/3325 train_time:4715.108s step_avg:1814.20ms
step:2600/3325 train_time:4717.175s step_avg:1814.30ms
step:2601/3325 train_time:4718.967s step_avg:1814.29ms
step:2602/3325 train_time:4720.761s step_avg:1814.28ms
step:2603/3325 train_time:4722.553s step_avg:1814.27ms
step:2604/3325 train_time:4724.347s step_avg:1814.27ms
step:2605/3325 train_time:4726.139s step_avg:1814.26ms
step:2606/3325 train_time:4727.933s step_avg:1814.25ms
step:2607/3325 train_time:4729.726s step_avg:1814.24ms
step:2608/3325 train_time:4731.519s step_avg:1814.23ms
step:2609/3325 train_time:4733.312s step_avg:1814.22ms
step:2610/3325 train_time:4735.120s step_avg:1814.22ms
step:2611/3325 train_time:4736.912s step_avg:1814.21ms
step:2612/3325 train_time:4738.706s step_avg:1814.21ms
step:2613/3325 train_time:4740.501s step_avg:1814.20ms
step:2614/3325 train_time:4742.295s step_avg:1814.19ms
step:2615/3325 train_time:4744.089s step_avg:1814.18ms
step:2616/3325 train_time:4745.883s step_avg:1814.18ms
step:2617/3325 train_time:4747.677s step_avg:1814.17ms
step:2618/3325 train_time:4749.471s step_avg:1814.16ms
step:2619/3325 train_time:4751.264s step_avg:1814.15ms
step:2620/3325 train_time:4753.058s step_avg:1814.14ms
step:2621/3325 train_time:4754.850s step_avg:1814.14ms
step:2622/3325 train_time:4756.642s step_avg:1814.13ms
step:2623/3325 train_time:4758.434s step_avg:1814.12ms
step:2624/3325 train_time:4760.227s step_avg:1814.11ms
step:2625/3325 train_time:4762.361s step_avg:1814.23ms
step:2625/3325 val_loss:3.35284 train_time:4762.361s step_avg:1805.61ms
step:2626/3325 train_time:4764.154s step_avg:1814.22ms
step:2627/3325 train_time:4765.948s step_avg:1814.22ms
step:2628/3325 train_time:4767.741s step_avg:1814.21ms
step:2629/3325 train_time:4769.534s step_avg:1814.20ms
step:2630/3325 train_time:4771.328s step_avg:1814.19ms
step:2631/3325 train_time:4773.121s step_avg:1814.19ms
step:2632/3325 train_time:4774.915s step_avg:1814.18ms
step:2633/3325 train_time:4776.707s step_avg:1814.17ms
step:2634/3325 train_time:4778.500s step_avg:1814.16ms
step:2635/3325 train_time:4780.293s step_avg:1814.15ms
step:2636/3325 train_time:4782.086s step_avg:1814.14ms
step:2637/3325 train_time:4783.878s step_avg:1814.14ms
step:2638/3325 train_time:4785.671s step_avg:1814.13ms
step:2639/3325 train_time:4787.464s step_avg:1814.12ms
step:2640/3325 train_time:4789.274s step_avg:1814.12ms
step:2641/3325 train_time:4791.068s step_avg:1814.11ms
step:2642/3325 train_time:4792.862s step_avg:1814.10ms
step:2643/3325 train_time:4794.656s step_avg:1814.10ms
step:2644/3325 train_time:4796.449s step_avg:1814.09ms
step:2645/3325 train_time:4798.245s step_avg:1814.08ms
step:2646/3325 train_time:4800.038s step_avg:1814.07ms
step:2647/3325 train_time:4801.831s step_avg:1814.07ms
step:2648/3325 train_time:4803.625s step_avg:1814.06ms
step:2649/3325 train_time:4805.417s step_avg:1814.05ms
step:2650/3325 train_time:4807.483s step_avg:1814.14ms
step:2651/3325 train_time:4809.276s step_avg:1814.14ms
step:2652/3325 train_time:4811.069s step_avg:1814.13ms
step:2653/3325 train_time:4812.864s step_avg:1814.12ms
step:2654/3325 train_time:4814.656s step_avg:1814.11ms
step:2655/3325 train_time:4816.448s step_avg:1814.10ms
step:2656/3325 train_time:4818.244s step_avg:1814.10ms
step:2657/3325 train_time:4820.036s step_avg:1814.09ms
step:2658/3325 train_time:4821.829s step_avg:1814.08ms
step:2659/3325 train_time:4823.622s step_avg:1814.07ms
step:2660/3325 train_time:4825.414s step_avg:1814.07ms
step:2661/3325 train_time:4827.241s step_avg:1814.07ms
step:2662/3325 train_time:4829.034s step_avg:1814.06ms
step:2663/3325 train_time:4830.827s step_avg:1814.05ms
step:2664/3325 train_time:4832.621s step_avg:1814.05ms
step:2665/3325 train_time:4834.414s step_avg:1814.04ms
step:2666/3325 train_time:4836.207s step_avg:1814.03ms
step:2667/3325 train_time:4838.000s step_avg:1814.02ms
step:2668/3325 train_time:4839.792s step_avg:1814.01ms
step:2669/3325 train_time:4841.584s step_avg:1814.01ms
step:2670/3325 train_time:4843.393s step_avg:1814.00ms
step:2671/3325 train_time:4845.186s step_avg:1814.00ms
step:2672/3325 train_time:4846.979s step_avg:1813.99ms
step:2673/3325 train_time:4848.773s step_avg:1813.98ms
step:2674/3325 train_time:4850.566s step_avg:1813.97ms
step:2675/3325 train_time:4852.634s step_avg:1814.07ms
step:2676/3325 train_time:4854.428s step_avg:1814.06ms
step:2677/3325 train_time:4856.223s step_avg:1814.05ms
step:2678/3325 train_time:4858.018s step_avg:1814.05ms
step:2679/3325 train_time:4859.811s step_avg:1814.04ms
step:2680/3325 train_time:4861.605s step_avg:1814.03ms
step:2681/3325 train_time:4863.398s step_avg:1814.02ms
step:2682/3325 train_time:4865.195s step_avg:1814.02ms
step:2683/3325 train_time:4866.988s step_avg:1814.01ms
step:2684/3325 train_time:4868.783s step_avg:1814.00ms
step:2685/3325 train_time:4870.579s step_avg:1814.00ms
step:2686/3325 train_time:4872.374s step_avg:1813.99ms
step:2687/3325 train_time:4874.169s step_avg:1813.98ms
step:2688/3325 train_time:4875.962s step_avg:1813.97ms
step:2689/3325 train_time:4877.755s step_avg:1813.97ms
step:2690/3325 train_time:4879.548s step_avg:1813.96ms
step:2691/3325 train_time:4881.341s step_avg:1813.95ms
step:2692/3325 train_time:4883.135s step_avg:1813.94ms
step:2693/3325 train_time:4884.929s step_avg:1813.94ms
step:2694/3325 train_time:4886.722s step_avg:1813.93ms
step:2695/3325 train_time:4888.516s step_avg:1813.92ms
step:2696/3325 train_time:4890.310s step_avg:1813.91ms
step:2697/3325 train_time:4892.104s step_avg:1813.91ms
step:2698/3325 train_time:4893.898s step_avg:1813.90ms
step:2699/3325 train_time:4895.691s step_avg:1813.89ms
step:2700/3325 train_time:4897.782s step_avg:1813.99ms
step:2701/3325 train_time:4899.575s step_avg:1813.99ms
step:2702/3325 train_time:4901.370s step_avg:1813.98ms
step:2703/3325 train_time:4903.164s step_avg:1813.97ms
step:2704/3325 train_time:4904.957s step_avg:1813.96ms
step:2705/3325 train_time:4906.750s step_avg:1813.96ms
step:2706/3325 train_time:4908.544s step_avg:1813.95ms
step:2707/3325 train_time:4910.339s step_avg:1813.94ms
step:2708/3325 train_time:4912.132s step_avg:1813.93ms
step:2709/3325 train_time:4913.927s step_avg:1813.93ms
step:2710/3325 train_time:4915.720s step_avg:1813.92ms
step:2711/3325 train_time:4917.514s step_avg:1813.91ms
step:2712/3325 train_time:4919.308s step_avg:1813.90ms
step:2713/3325 train_time:4921.103s step_avg:1813.90ms
step:2714/3325 train_time:4922.896s step_avg:1813.89ms
step:2715/3325 train_time:4924.690s step_avg:1813.88ms
step:2716/3325 train_time:4926.483s step_avg:1813.87ms
step:2717/3325 train_time:4928.276s step_avg:1813.87ms
step:2718/3325 train_time:4930.069s step_avg:1813.86ms
step:2719/3325 train_time:4931.863s step_avg:1813.85ms
step:2720/3325 train_time:4933.658s step_avg:1813.84ms
step:2721/3325 train_time:4935.452s step_avg:1813.84ms
step:2722/3325 train_time:4937.246s step_avg:1813.83ms
step:2723/3325 train_time:4939.041s step_avg:1813.82ms
step:2724/3325 train_time:4940.834s step_avg:1813.82ms
step:2725/3325 train_time:4942.902s step_avg:1813.91ms
step:2726/3325 train_time:4944.697s step_avg:1813.90ms
step:2727/3325 train_time:4946.490s step_avg:1813.89ms
step:2728/3325 train_time:4948.285s step_avg:1813.89ms
step:2729/3325 train_time:4950.079s step_avg:1813.88ms
step:2730/3325 train_time:4951.891s step_avg:1813.88ms
step:2731/3325 train_time:4953.684s step_avg:1813.87ms
step:2732/3325 train_time:4955.478s step_avg:1813.86ms
step:2733/3325 train_time:4957.272s step_avg:1813.86ms
step:2734/3325 train_time:4959.065s step_avg:1813.85ms
step:2735/3325 train_time:4960.859s step_avg:1813.84ms
step:2736/3325 train_time:4962.652s step_avg:1813.83ms
step:2737/3325 train_time:4964.445s step_avg:1813.83ms
step:2738/3325 train_time:4966.238s step_avg:1813.82ms
step:2739/3325 train_time:4968.032s step_avg:1813.81ms
step:2740/3325 train_time:4969.826s step_avg:1813.81ms
step:2741/3325 train_time:4971.621s step_avg:1813.80ms
step:2742/3325 train_time:4973.415s step_avg:1813.79ms
step:2743/3325 train_time:4975.209s step_avg:1813.78ms
step:2744/3325 train_time:4977.005s step_avg:1813.78ms
step:2745/3325 train_time:4978.801s step_avg:1813.77ms
step:2746/3325 train_time:4980.595s step_avg:1813.76ms
step:2747/3325 train_time:4982.388s step_avg:1813.76ms
step:2748/3325 train_time:4984.181s step_avg:1813.75ms
step:2749/3325 train_time:4985.974s step_avg:1813.74ms
step:2750/3325 train_time:4988.118s step_avg:1813.86ms
step:2750/3325 val_loss:3.33217 train_time:4988.118s step_avg:1806.06ms
step:2751/3325 train_time:4989.912s step_avg:1813.85ms
step:2752/3325 train_time:4991.705s step_avg:1813.85ms
step:2753/3325 train_time:4993.499s step_avg:1813.84ms
step:2754/3325 train_time:4995.292s step_avg:1813.83ms
step:2755/3325 train_time:4997.085s step_avg:1813.82ms
step:2756/3325 train_time:4998.878s step_avg:1813.82ms
step:2757/3325 train_time:5000.671s step_avg:1813.81ms
step:2758/3325 train_time:5002.464s step_avg:1813.80ms
step:2759/3325 train_time:5004.258s step_avg:1813.79ms
step:2760/3325 train_time:5006.066s step_avg:1813.79ms
step:2761/3325 train_time:5007.860s step_avg:1813.78ms
step:2762/3325 train_time:5009.653s step_avg:1813.78ms
step:2763/3325 train_time:5011.446s step_avg:1813.77ms
step:2764/3325 train_time:5013.238s step_avg:1813.76ms
step:2765/3325 train_time:5015.031s step_avg:1813.75ms
step:2766/3325 train_time:5016.823s step_avg:1813.75ms
step:2767/3325 train_time:5018.616s step_avg:1813.74ms
step:2768/3325 train_time:5020.410s step_avg:1813.73ms
step:2769/3325 train_time:5022.203s step_avg:1813.72ms
step:2770/3325 train_time:5023.996s step_avg:1813.72ms
step:2771/3325 train_time:5025.790s step_avg:1813.71ms
step:2772/3325 train_time:5027.582s step_avg:1813.70ms
step:2773/3325 train_time:5029.375s step_avg:1813.69ms
step:2774/3325 train_time:5031.168s step_avg:1813.69ms
step:2775/3325 train_time:5033.235s step_avg:1813.78ms
step:2776/3325 train_time:5035.028s step_avg:1813.77ms
step:2777/3325 train_time:5036.821s step_avg:1813.76ms
step:2778/3325 train_time:5038.614s step_avg:1813.76ms
step:2779/3325 train_time:5040.408s step_avg:1813.75ms
step:2780/3325 train_time:5042.200s step_avg:1813.74ms
step:2781/3325 train_time:5043.991s step_avg:1813.73ms
step:2782/3325 train_time:5045.783s step_avg:1813.73ms
step:2783/3325 train_time:5047.576s step_avg:1813.72ms
step:2784/3325 train_time:5049.369s step_avg:1813.71ms
step:2785/3325 train_time:5051.162s step_avg:1813.70ms
step:2786/3325 train_time:5052.955s step_avg:1813.70ms
step:2787/3325 train_time:5054.747s step_avg:1813.69ms
step:2788/3325 train_time:5056.540s step_avg:1813.68ms
step:2789/3325 train_time:5058.333s step_avg:1813.67ms
step:2790/3325 train_time:5060.141s step_avg:1813.67ms
step:2791/3325 train_time:5061.934s step_avg:1813.66ms
step:2792/3325 train_time:5063.726s step_avg:1813.66ms
step:2793/3325 train_time:5065.518s step_avg:1813.65ms
step:2794/3325 train_time:5067.310s step_avg:1813.64ms
step:2795/3325 train_time:5069.103s step_avg:1813.63ms
step:2796/3325 train_time:5070.896s step_avg:1813.63ms
step:2797/3325 train_time:5072.688s step_avg:1813.62ms
step:2798/3325 train_time:5074.481s step_avg:1813.61ms
step:2799/3325 train_time:5076.274s step_avg:1813.60ms
step:2800/3325 train_time:5078.340s step_avg:1813.69ms
step:2801/3325 train_time:5080.132s step_avg:1813.69ms
step:2802/3325 train_time:5081.924s step_avg:1813.68ms
step:2803/3325 train_time:5083.716s step_avg:1813.67ms
step:2804/3325 train_time:5085.510s step_avg:1813.66ms
step:2805/3325 train_time:5087.302s step_avg:1813.65ms
step:2806/3325 train_time:5089.096s step_avg:1813.65ms
step:2807/3325 train_time:5090.889s step_avg:1813.64ms
step:2808/3325 train_time:5092.683s step_avg:1813.63ms
step:2809/3325 train_time:5094.475s step_avg:1813.63ms
step:2810/3325 train_time:5096.267s step_avg:1813.62ms
step:2811/3325 train_time:5098.059s step_avg:1813.61ms
step:2812/3325 train_time:5099.852s step_avg:1813.60ms
step:2813/3325 train_time:5101.645s step_avg:1813.60ms
step:2814/3325 train_time:5103.437s step_avg:1813.59ms
step:2815/3325 train_time:5105.229s step_avg:1813.58ms
step:2816/3325 train_time:5107.022s step_avg:1813.57ms
step:2817/3325 train_time:5108.815s step_avg:1813.57ms
step:2818/3325 train_time:5110.608s step_avg:1813.56ms
step:2819/3325 train_time:5112.400s step_avg:1813.55ms
step:2820/3325 train_time:5114.209s step_avg:1813.55ms
step:2821/3325 train_time:5116.000s step_avg:1813.54ms
step:2822/3325 train_time:5117.793s step_avg:1813.53ms
step:2823/3325 train_time:5119.585s step_avg:1813.53ms
step:2824/3325 train_time:5121.377s step_avg:1813.52ms
step:2825/3325 train_time:5123.442s step_avg:1813.61ms
step:2826/3325 train_time:5125.235s step_avg:1813.60ms
step:2827/3325 train_time:5127.028s step_avg:1813.59ms
step:2828/3325 train_time:5128.820s step_avg:1813.59ms
step:2829/3325 train_time:5130.611s step_avg:1813.58ms
step:2830/3325 train_time:5132.403s step_avg:1813.57ms
step:2831/3325 train_time:5134.196s step_avg:1813.56ms
step:2832/3325 train_time:5135.988s step_avg:1813.56ms
step:2833/3325 train_time:5137.780s step_avg:1813.55ms
step:2834/3325 train_time:5139.574s step_avg:1813.54ms
step:2835/3325 train_time:5141.367s step_avg:1813.53ms
step:2836/3325 train_time:5143.163s step_avg:1813.53ms
step:2837/3325 train_time:5144.957s step_avg:1813.52ms
step:2838/3325 train_time:5146.751s step_avg:1813.51ms
step:2839/3325 train_time:5148.544s step_avg:1813.51ms
step:2840/3325 train_time:5150.336s step_avg:1813.50ms
step:2841/3325 train_time:5152.129s step_avg:1813.49ms
step:2842/3325 train_time:5153.922s step_avg:1813.48ms
step:2843/3325 train_time:5155.716s step_avg:1813.48ms
step:2844/3325 train_time:5157.509s step_avg:1813.47ms
step:2845/3325 train_time:5159.302s step_avg:1813.46ms
step:2846/3325 train_time:5161.096s step_avg:1813.46ms
step:2847/3325 train_time:5162.889s step_avg:1813.45ms
step:2848/3325 train_time:5164.683s step_avg:1813.44ms
step:2849/3325 train_time:5166.477s step_avg:1813.44ms
step:2850/3325 train_time:5168.565s step_avg:1813.53ms
step:2851/3325 train_time:5170.392s step_avg:1813.54ms
step:2852/3325 train_time:5172.186s step_avg:1813.53ms
step:2853/3325 train_time:5173.977s step_avg:1813.52ms
step:2854/3325 train_time:5175.770s step_avg:1813.51ms
step:2855/3325 train_time:5177.562s step_avg:1813.51ms
step:2856/3325 train_time:5179.355s step_avg:1813.50ms
step:2857/3325 train_time:5181.148s step_avg:1813.49ms
step:2858/3325 train_time:5182.941s step_avg:1813.49ms
step:2859/3325 train_time:5184.734s step_avg:1813.48ms
step:2860/3325 train_time:5186.529s step_avg:1813.47ms
step:2861/3325 train_time:5188.322s step_avg:1813.46ms
step:2862/3325 train_time:5190.115s step_avg:1813.46ms
step:2863/3325 train_time:5191.908s step_avg:1813.45ms
step:2864/3325 train_time:5193.700s step_avg:1813.44ms
step:2865/3325 train_time:5195.495s step_avg:1813.44ms
step:2866/3325 train_time:5197.289s step_avg:1813.43ms
step:2867/3325 train_time:5199.084s step_avg:1813.42ms
step:2868/3325 train_time:5200.878s step_avg:1813.42ms
step:2869/3325 train_time:5202.674s step_avg:1813.41ms
step:2870/3325 train_time:5204.469s step_avg:1813.40ms
step:2871/3325 train_time:5206.265s step_avg:1813.40ms
step:2872/3325 train_time:5208.060s step_avg:1813.39ms
step:2873/3325 train_time:5209.854s step_avg:1813.38ms
step:2874/3325 train_time:5211.648s step_avg:1813.38ms
step:2875/3325 train_time:5213.781s step_avg:1813.49ms
step:2875/3325 val_loss:3.31349 train_time:5213.781s step_avg:1805.30ms
step:2876/3325 train_time:5215.576s step_avg:1813.48ms
step:2877/3325 train_time:5217.370s step_avg:1813.48ms
step:2878/3325 train_time:5219.163s step_avg:1813.47ms
step:2879/3325 train_time:5220.957s step_avg:1813.46ms
step:2880/3325 train_time:5222.767s step_avg:1813.46ms
step:2881/3325 train_time:5224.561s step_avg:1813.45ms
step:2882/3325 train_time:5226.355s step_avg:1813.45ms
step:2883/3325 train_time:5228.150s step_avg:1813.44ms
step:2884/3325 train_time:5229.944s step_avg:1813.43ms
step:2885/3325 train_time:5231.739s step_avg:1813.43ms
step:2886/3325 train_time:5233.534s step_avg:1813.42ms
step:2887/3325 train_time:5235.328s step_avg:1813.41ms
step:2888/3325 train_time:5237.123s step_avg:1813.41ms
step:2889/3325 train_time:5238.919s step_avg:1813.40ms
step:2890/3325 train_time:5240.713s step_avg:1813.40ms
step:2891/3325 train_time:5242.506s step_avg:1813.39ms
step:2892/3325 train_time:5244.299s step_avg:1813.38ms
step:2893/3325 train_time:5246.093s step_avg:1813.37ms
step:2894/3325 train_time:5247.888s step_avg:1813.37ms
step:2895/3325 train_time:5249.681s step_avg:1813.36ms
step:2896/3325 train_time:5251.475s step_avg:1813.35ms
step:2897/3325 train_time:5253.269s step_avg:1813.35ms
step:2898/3325 train_time:5255.063s step_avg:1813.34ms
step:2899/3325 train_time:5256.859s step_avg:1813.34ms
step:2900/3325 train_time:5258.933s step_avg:1813.43ms
step:2901/3325 train_time:5260.725s step_avg:1813.42ms
step:2902/3325 train_time:5262.519s step_avg:1813.41ms
step:2903/3325 train_time:5264.312s step_avg:1813.40ms
step:2904/3325 train_time:5266.106s step_avg:1813.40ms
step:2905/3325 train_time:5267.899s step_avg:1813.39ms
step:2906/3325 train_time:5269.695s step_avg:1813.38ms
step:2907/3325 train_time:5271.489s step_avg:1813.38ms
step:2908/3325 train_time:5273.284s step_avg:1813.37ms
step:2909/3325 train_time:5275.077s step_avg:1813.36ms
step:2910/3325 train_time:5276.887s step_avg:1813.36ms
step:2911/3325 train_time:5278.681s step_avg:1813.36ms
step:2912/3325 train_time:5280.475s step_avg:1813.35ms
step:2913/3325 train_time:5282.269s step_avg:1813.34ms
step:2914/3325 train_time:5284.062s step_avg:1813.34ms
step:2915/3325 train_time:5285.855s step_avg:1813.33ms
step:2916/3325 train_time:5287.649s step_avg:1813.32ms
step:2917/3325 train_time:5289.443s step_avg:1813.32ms
step:2918/3325 train_time:5291.237s step_avg:1813.31ms
step:2919/3325 train_time:5293.032s step_avg:1813.30ms
step:2920/3325 train_time:5294.825s step_avg:1813.30ms
step:2921/3325 train_time:5296.620s step_avg:1813.29ms
step:2922/3325 train_time:5298.414s step_avg:1813.28ms
step:2923/3325 train_time:5300.211s step_avg:1813.28ms
step:2924/3325 train_time:5302.006s step_avg:1813.27ms
step:2925/3325 train_time:5304.078s step_avg:1813.36ms
step:2926/3325 train_time:5305.873s step_avg:1813.35ms
step:2927/3325 train_time:5307.667s step_avg:1813.35ms
step:2928/3325 train_time:5309.462s step_avg:1813.34ms
step:2929/3325 train_time:5311.256s step_avg:1813.33ms
step:2930/3325 train_time:5313.052s step_avg:1813.33ms
step:2931/3325 train_time:5314.848s step_avg:1813.32ms
step:2932/3325 train_time:5316.642s step_avg:1813.32ms
step:2933/3325 train_time:5318.438s step_avg:1813.31ms
step:2934/3325 train_time:5320.231s step_avg:1813.30ms
step:2935/3325 train_time:5322.024s step_avg:1813.30ms
step:2936/3325 train_time:5323.817s step_avg:1813.29ms
step:2937/3325 train_time:5325.610s step_avg:1813.28ms
step:2938/3325 train_time:5327.404s step_avg:1813.28ms
step:2939/3325 train_time:5329.198s step_avg:1813.27ms
step:2940/3325 train_time:5331.007s step_avg:1813.27ms
step:2941/3325 train_time:5332.800s step_avg:1813.26ms
step:2942/3325 train_time:5334.592s step_avg:1813.25ms
step:2943/3325 train_time:5336.385s step_avg:1813.25ms
step:2944/3325 train_time:5338.180s step_avg:1813.24ms
step:2945/3325 train_time:5339.974s step_avg:1813.23ms
step:2946/3325 train_time:5341.768s step_avg:1813.23ms
step:2947/3325 train_time:5343.560s step_avg:1813.22ms
step:2948/3325 train_time:5345.353s step_avg:1813.21ms
step:2949/3325 train_time:5347.146s step_avg:1813.21ms
step:2950/3325 train_time:5349.213s step_avg:1813.29ms
step:2951/3325 train_time:5351.006s step_avg:1813.29ms
step:2952/3325 train_time:5352.800s step_avg:1813.28ms
step:2953/3325 train_time:5354.595s step_avg:1813.27ms
step:2954/3325 train_time:5356.388s step_avg:1813.27ms
step:2955/3325 train_time:5358.181s step_avg:1813.26ms
step:2956/3325 train_time:5359.973s step_avg:1813.25ms
step:2957/3325 train_time:5361.766s step_avg:1813.25ms
step:2958/3325 train_time:5363.559s step_avg:1813.24ms
step:2959/3325 train_time:5365.352s step_avg:1813.23ms
step:2960/3325 train_time:5367.146s step_avg:1813.22ms
step:2961/3325 train_time:5368.939s step_avg:1813.22ms
step:2962/3325 train_time:5370.733s step_avg:1813.21ms
step:2963/3325 train_time:5372.526s step_avg:1813.20ms
step:2964/3325 train_time:5374.319s step_avg:1813.20ms
step:2965/3325 train_time:5376.114s step_avg:1813.19ms
step:2966/3325 train_time:5377.907s step_avg:1813.19ms
step:2967/3325 train_time:5379.699s step_avg:1813.18ms
step:2968/3325 train_time:5381.492s step_avg:1813.17ms
step:2969/3325 train_time:5383.284s step_avg:1813.16ms
step:2970/3325 train_time:5385.094s step_avg:1813.16ms
step:2971/3325 train_time:5386.886s step_avg:1813.16ms
step:2972/3325 train_time:5388.680s step_avg:1813.15ms
step:2973/3325 train_time:5390.474s step_avg:1813.14ms
step:2974/3325 train_time:5392.267s step_avg:1813.14ms
step:2975/3325 train_time:5394.334s step_avg:1813.22ms
step:2976/3325 train_time:5396.126s step_avg:1813.21ms
step:2977/3325 train_time:5397.918s step_avg:1813.21ms
step:2978/3325 train_time:5399.711s step_avg:1813.20ms
step:2979/3325 train_time:5401.504s step_avg:1813.19ms
step:2980/3325 train_time:5403.297s step_avg:1813.19ms
step:2981/3325 train_time:5405.090s step_avg:1813.18ms
step:2982/3325 train_time:5406.883s step_avg:1813.17ms
step:2983/3325 train_time:5408.675s step_avg:1813.17ms
step:2984/3325 train_time:5410.468s step_avg:1813.16ms
step:2985/3325 train_time:5412.260s step_avg:1813.15ms
step:2986/3325 train_time:5414.051s step_avg:1813.15ms
step:2987/3325 train_time:5415.843s step_avg:1813.14ms
step:2988/3325 train_time:5417.637s step_avg:1813.13ms
step:2989/3325 train_time:5419.429s step_avg:1813.12ms
step:2990/3325 train_time:5421.222s step_avg:1813.12ms
step:2991/3325 train_time:5423.015s step_avg:1813.11ms
step:2992/3325 train_time:5424.809s step_avg:1813.10ms
step:2993/3325 train_time:5426.602s step_avg:1813.10ms
step:2994/3325 train_time:5428.395s step_avg:1813.09ms
step:2995/3325 train_time:5430.187s step_avg:1813.08ms
step:2996/3325 train_time:5431.979s step_avg:1813.08ms
step:2997/3325 train_time:5433.771s step_avg:1813.07ms
step:2998/3325 train_time:5435.563s step_avg:1813.06ms
step:2999/3325 train_time:5437.359s step_avg:1813.06ms
step:3000/3325 train_time:5439.508s step_avg:1813.17ms
step:3000/3325 val_loss:3.29924 train_time:5439.509s step_avg:1805.82ms
step:3001/3325 train_time:5441.301s step_avg:1813.16ms
step:3002/3325 train_time:5443.094s step_avg:1813.16ms
step:3003/3325 train_time:5444.887s step_avg:1813.15ms
step:3004/3325 train_time:5446.680s step_avg:1813.14ms
step:3005/3325 train_time:5448.473s step_avg:1813.14ms
step:3006/3325 train_time:5450.266s step_avg:1813.13ms
step:3007/3325 train_time:5452.059s step_avg:1813.12ms
step:3008/3325 train_time:5453.853s step_avg:1813.12ms
step:3009/3325 train_time:5455.645s step_avg:1813.11ms
step:3010/3325 train_time:5457.438s step_avg:1813.10ms
step:3011/3325 train_time:5459.230s step_avg:1813.10ms
step:3012/3325 train_time:5461.022s step_avg:1813.09ms
step:3013/3325 train_time:5462.816s step_avg:1813.08ms
step:3014/3325 train_time:5464.611s step_avg:1813.08ms
step:3015/3325 train_time:5466.404s step_avg:1813.07ms
step:3016/3325 train_time:5468.200s step_avg:1813.06ms
step:3017/3325 train_time:5469.995s step_avg:1813.06ms
step:3018/3325 train_time:5471.789s step_avg:1813.05ms
step:3019/3325 train_time:5473.583s step_avg:1813.04ms
step:3020/3325 train_time:5475.377s step_avg:1813.04ms
step:3021/3325 train_time:5477.170s step_avg:1813.03ms
step:3022/3325 train_time:5478.963s step_avg:1813.03ms
step:3023/3325 train_time:5480.755s step_avg:1813.02ms
step:3024/3325 train_time:5482.549s step_avg:1813.01ms
step:3025/3325 train_time:5484.620s step_avg:1813.10ms
step:3025/3325 val_loss:3.29203 train_time:5484.620s step_avg:1804.46ms
step:3026/3325 train_time:5486.413s step_avg:1813.09ms
step:3027/3325 train_time:5488.208s step_avg:1813.08ms
step:3028/3325 train_time:5490.001s step_avg:1813.08ms
step:3029/3325 train_time:5491.794s step_avg:1813.07ms
step:3030/3325 train_time:5493.605s step_avg:1813.07ms
step:3031/3325 train_time:5495.397s step_avg:1813.06ms
step:3032/3325 train_time:5497.193s step_avg:1813.06ms
step:3033/3325 train_time:5498.987s step_avg:1813.05ms
step:3034/3325 train_time:5500.783s step_avg:1813.05ms
step:3035/3325 train_time:5502.576s step_avg:1813.04ms
step:3036/3325 train_time:5504.373s step_avg:1813.03ms
step:3037/3325 train_time:5506.167s step_avg:1813.03ms
step:3038/3325 train_time:5507.961s step_avg:1813.02ms
step:3039/3325 train_time:5509.754s step_avg:1813.02ms
step:3040/3325 train_time:5511.547s step_avg:1813.01ms
step:3041/3325 train_time:5513.376s step_avg:1813.01ms
step:3042/3325 train_time:5515.171s step_avg:1813.01ms
step:3043/3325 train_time:5516.963s step_avg:1813.00ms
step:3044/3325 train_time:5518.757s step_avg:1813.00ms
step:3045/3325 train_time:5520.550s step_avg:1812.99ms
step:3046/3325 train_time:5522.344s step_avg:1812.98ms
step:3047/3325 train_time:5524.137s step_avg:1812.98ms
step:3048/3325 train_time:5525.931s step_avg:1812.97ms
step:3049/3325 train_time:5527.723s step_avg:1812.96ms
step:3050/3325 train_time:5529.797s step_avg:1813.05ms
step:3050/3325 val_loss:3.28952 train_time:5529.798s step_avg:1807.10ms
step:3051/3325 train_time:5531.592s step_avg:1813.04ms
step:3052/3325 train_time:5533.385s step_avg:1813.04ms
step:3053/3325 train_time:5535.179s step_avg:1813.03ms
step:3054/3325 train_time:5536.975s step_avg:1813.02ms
step:3055/3325 train_time:5538.768s step_avg:1813.02ms
step:3056/3325 train_time:5540.562s step_avg:1813.01ms
step:3057/3325 train_time:5542.358s step_avg:1813.01ms
step:3058/3325 train_time:5544.151s step_avg:1813.00ms
step:3059/3325 train_time:5545.946s step_avg:1812.99ms
step:3060/3325 train_time:5547.759s step_avg:1812.99ms
step:3061/3325 train_time:5549.552s step_avg:1812.99ms
step:3062/3325 train_time:5551.348s step_avg:1812.98ms
step:3063/3325 train_time:5553.141s step_avg:1812.97ms
step:3064/3325 train_time:5554.935s step_avg:1812.97ms
step:3065/3325 train_time:5556.729s step_avg:1812.96ms
step:3066/3325 train_time:5558.523s step_avg:1812.96ms
step:3067/3325 train_time:5560.317s step_avg:1812.95ms
step:3068/3325 train_time:5562.110s step_avg:1812.94ms
step:3069/3325 train_time:5563.904s step_avg:1812.94ms
step:3070/3325 train_time:5565.698s step_avg:1812.93ms
step:3071/3325 train_time:5567.491s step_avg:1812.92ms
step:3072/3325 train_time:5569.284s step_avg:1812.92ms
step:3073/3325 train_time:5571.079s step_avg:1812.91ms
step:3074/3325 train_time:5572.873s step_avg:1812.91ms
step:3075/3325 train_time:5574.945s step_avg:1812.99ms
step:3075/3325 val_loss:3.28649 train_time:5574.946s step_avg:1805.92ms
step:3076/3325 train_time:5576.739s step_avg:1812.98ms
step:3077/3325 train_time:5578.533s step_avg:1812.98ms
step:3078/3325 train_time:5580.326s step_avg:1812.97ms
step:3079/3325 train_time:5582.119s step_avg:1812.96ms
step:3080/3325 train_time:5583.911s step_avg:1812.96ms
step:3081/3325 train_time:5585.703s step_avg:1812.95ms
step:3082/3325 train_time:5587.496s step_avg:1812.94ms
step:3083/3325 train_time:5589.288s step_avg:1812.94ms
step:3084/3325 train_time:5591.081s step_avg:1812.93ms
step:3085/3325 train_time:5592.873s step_avg:1812.92ms
step:3086/3325 train_time:5594.666s step_avg:1812.92ms
step:3087/3325 train_time:5596.459s step_avg:1812.91ms
step:3088/3325 train_time:5598.254s step_avg:1812.91ms
step:3089/3325 train_time:5600.047s step_avg:1812.90ms
step:3090/3325 train_time:5601.855s step_avg:1812.90ms
step:3091/3325 train_time:5603.648s step_avg:1812.89ms
step:3092/3325 train_time:5605.440s step_avg:1812.88ms
step:3093/3325 train_time:5607.232s step_avg:1812.88ms
step:3094/3325 train_time:5609.025s step_avg:1812.87ms
step:3095/3325 train_time:5610.817s step_avg:1812.86ms
step:3096/3325 train_time:5612.609s step_avg:1812.86ms
step:3097/3325 train_time:5614.402s step_avg:1812.85ms
step:3098/3325 train_time:5616.195s step_avg:1812.85ms
step:3099/3325 train_time:5617.987s step_avg:1812.84ms
step:3100/3325 train_time:5620.053s step_avg:1812.92ms
step:3100/3325 val_loss:3.28394 train_time:5620.053s step_avg:1804.31ms
step:3101/3325 train_time:5621.846s step_avg:1812.91ms
step:3102/3325 train_time:5623.639s step_avg:1812.91ms
step:3103/3325 train_time:5625.432s step_avg:1812.90ms
step:3104/3325 train_time:5627.225s step_avg:1812.89ms
step:3105/3325 train_time:5629.018s step_avg:1812.89ms
step:3106/3325 train_time:5630.811s step_avg:1812.88ms
step:3107/3325 train_time:5632.603s step_avg:1812.88ms
step:3108/3325 train_time:5634.395s step_avg:1812.87ms
step:3109/3325 train_time:5636.187s step_avg:1812.86ms
step:3110/3325 train_time:5637.979s step_avg:1812.86ms
step:3111/3325 train_time:5639.772s step_avg:1812.85ms
step:3112/3325 train_time:5641.565s step_avg:1812.84ms
step:3113/3325 train_time:5643.358s step_avg:1812.84ms
step:3114/3325 train_time:5645.151s step_avg:1812.83ms
step:3115/3325 train_time:5646.943s step_avg:1812.82ms
step:3116/3325 train_time:5648.736s step_avg:1812.82ms
step:3117/3325 train_time:5650.528s step_avg:1812.81ms
step:3118/3325 train_time:5652.320s step_avg:1812.80ms
step:3119/3325 train_time:5654.113s step_avg:1812.80ms
step:3120/3325 train_time:5655.921s step_avg:1812.80ms
step:3121/3325 train_time:5657.713s step_avg:1812.79ms
step:3122/3325 train_time:5659.506s step_avg:1812.78ms
step:3123/3325 train_time:5661.299s step_avg:1812.78ms
step:3124/3325 train_time:5663.092s step_avg:1812.77ms
step:3125/3325 train_time:5665.224s step_avg:1812.87ms
step:3125/3325 val_loss:3.28138 train_time:5665.224s step_avg:1806.83ms
step:3126/3325 train_time:5667.018s step_avg:1812.87ms
step:3127/3325 train_time:5668.811s step_avg:1812.86ms
step:3128/3325 train_time:5670.605s step_avg:1812.85ms
step:3129/3325 train_time:5672.398s step_avg:1812.85ms
step:3130/3325 train_time:5674.190s step_avg:1812.84ms
step:3131/3325 train_time:5675.982s step_avg:1812.83ms
step:3132/3325 train_time:5677.775s step_avg:1812.83ms
step:3133/3325 train_time:5679.567s step_avg:1812.82ms
step:3134/3325 train_time:5681.360s step_avg:1812.81ms
step:3135/3325 train_time:5683.153s step_avg:1812.81ms
step:3136/3325 train_time:5684.948s step_avg:1812.80ms
step:3137/3325 train_time:5686.741s step_avg:1812.80ms
step:3138/3325 train_time:5688.534s step_avg:1812.79ms
step:3139/3325 train_time:5690.327s step_avg:1812.78ms
step:3140/3325 train_time:5692.120s step_avg:1812.78ms
step:3141/3325 train_time:5693.913s step_avg:1812.77ms
step:3142/3325 train_time:5695.705s step_avg:1812.76ms
step:3143/3325 train_time:5697.498s step_avg:1812.76ms
step:3144/3325 train_time:5699.291s step_avg:1812.75ms
step:3145/3325 train_time:5701.083s step_avg:1812.75ms
step:3146/3325 train_time:5702.875s step_avg:1812.74ms
step:3147/3325 train_time:5704.668s step_avg:1812.73ms
step:3148/3325 train_time:5706.461s step_avg:1812.73ms
step:3149/3325 train_time:5708.254s step_avg:1812.72ms
step:3150/3325 train_time:5710.336s step_avg:1812.81ms
step:3150/3325 val_loss:3.27875 train_time:5710.336s step_avg:1804.49ms
step:3151/3325 train_time:5712.130s step_avg:1812.80ms
step:3152/3325 train_time:5713.923s step_avg:1812.79ms
step:3153/3325 train_time:5715.717s step_avg:1812.79ms
step:3154/3325 train_time:5717.510s step_avg:1812.78ms
step:3155/3325 train_time:5719.303s step_avg:1812.77ms
step:3156/3325 train_time:5721.096s step_avg:1812.77ms
step:3157/3325 train_time:5722.889s step_avg:1812.76ms
step:3158/3325 train_time:5724.682s step_avg:1812.76ms
step:3159/3325 train_time:5726.474s step_avg:1812.75ms
step:3160/3325 train_time:5728.267s step_avg:1812.74ms
step:3161/3325 train_time:5730.059s step_avg:1812.74ms
step:3162/3325 train_time:5731.852s step_avg:1812.73ms
step:3163/3325 train_time:5733.645s step_avg:1812.72ms
step:3164/3325 train_time:5735.438s step_avg:1812.72ms
step:3165/3325 train_time:5737.231s step_avg:1812.71ms
step:3166/3325 train_time:5739.024s step_avg:1812.71ms
step:3167/3325 train_time:5740.817s step_avg:1812.70ms
step:3168/3325 train_time:5742.609s step_avg:1812.69ms
step:3169/3325 train_time:5744.402s step_avg:1812.69ms
step:3170/3325 train_time:5746.194s step_avg:1812.68ms
step:3171/3325 train_time:5747.986s step_avg:1812.67ms
step:3172/3325 train_time:5749.779s step_avg:1812.67ms
step:3173/3325 train_time:5751.572s step_avg:1812.66ms
step:3174/3325 train_time:5753.365s step_avg:1812.65ms
step:3175/3325 train_time:5755.432s step_avg:1812.73ms
step:3175/3325 val_loss:3.27480 train_time:5755.432s step_avg:1803.82ms
step:3176/3325 train_time:5757.225s step_avg:1812.73ms
step:3177/3325 train_time:5759.018s step_avg:1812.72ms
step:3178/3325 train_time:5760.811s step_avg:1812.72ms
step:3179/3325 train_time:5762.603s step_avg:1812.71ms
step:3180/3325 train_time:5764.413s step_avg:1812.71ms
step:3181/3325 train_time:5766.206s step_avg:1812.70ms
step:3182/3325 train_time:5767.999s step_avg:1812.70ms
step:3183/3325 train_time:5769.792s step_avg:1812.69ms
step:3184/3325 train_time:5771.586s step_avg:1812.68ms
step:3185/3325 train_time:5773.378s step_avg:1812.68ms
step:3186/3325 train_time:5775.170s step_avg:1812.67ms
step:3187/3325 train_time:5776.963s step_avg:1812.66ms
step:3188/3325 train_time:5778.755s step_avg:1812.66ms
step:3189/3325 train_time:5780.547s step_avg:1812.65ms
step:3190/3325 train_time:5782.341s step_avg:1812.65ms
step:3191/3325 train_time:5784.133s step_avg:1812.64ms
step:3192/3325 train_time:5785.926s step_avg:1812.63ms
step:3193/3325 train_time:5787.719s step_avg:1812.63ms
step:3194/3325 train_time:5789.512s step_avg:1812.62ms
step:3195/3325 train_time:5791.304s step_avg:1812.61ms
step:3196/3325 train_time:5793.097s step_avg:1812.61ms
step:3197/3325 train_time:5794.888s step_avg:1812.60ms
step:3198/3325 train_time:5796.681s step_avg:1812.60ms
step:3199/3325 train_time:5798.473s step_avg:1812.59ms
step:3200/3325 train_time:5800.539s step_avg:1812.67ms
step:3200/3325 val_loss:3.27243 train_time:5800.539s step_avg:1804.30ms
step:3201/3325 train_time:5802.332s step_avg:1812.66ms
step:3202/3325 train_time:5804.125s step_avg:1812.66ms
step:3203/3325 train_time:5805.917s step_avg:1812.65ms
step:3204/3325 train_time:5807.710s step_avg:1812.64ms
step:3205/3325 train_time:5809.503s step_avg:1812.64ms
step:3206/3325 train_time:5811.297s step_avg:1812.63ms
step:3207/3325 train_time:5813.090s step_avg:1812.63ms
step:3208/3325 train_time:5814.883s step_avg:1812.62ms
step:3209/3325 train_time:5816.676s step_avg:1812.61ms
step:3210/3325 train_time:5818.484s step_avg:1812.61ms
step:3211/3325 train_time:5820.277s step_avg:1812.61ms
step:3212/3325 train_time:5822.069s step_avg:1812.60ms
step:3213/3325 train_time:5823.862s step_avg:1812.59ms
step:3214/3325 train_time:5825.654s step_avg:1812.59ms
step:3215/3325 train_time:5827.446s step_avg:1812.58ms
step:3216/3325 train_time:5829.239s step_avg:1812.57ms
step:3217/3325 train_time:5831.032s step_avg:1812.57ms
step:3218/3325 train_time:5832.824s step_avg:1812.56ms
step:3219/3325 train_time:5834.617s step_avg:1812.56ms
step:3220/3325 train_time:5836.411s step_avg:1812.55ms
step:3221/3325 train_time:5838.204s step_avg:1812.54ms
step:3222/3325 train_time:5839.996s step_avg:1812.54ms
step:3223/3325 train_time:5841.788s step_avg:1812.53ms
step:3224/3325 train_time:5843.580s step_avg:1812.52ms
step:3225/3325 train_time:5845.645s step_avg:1812.60ms
step:3225/3325 val_loss:3.27043 train_time:5845.646s step_avg:1804.24ms
step:3226/3325 train_time:5847.439s step_avg:1812.60ms
step:3227/3325 train_time:5849.231s step_avg:1812.59ms
step:3228/3325 train_time:5851.024s step_avg:1812.58ms
step:3229/3325 train_time:5852.817s step_avg:1812.58ms
step:3230/3325 train_time:5854.609s step_avg:1812.57ms
step:3231/3325 train_time:5856.436s step_avg:1812.58ms
step:3232/3325 train_time:5858.229s step_avg:1812.57ms
step:3233/3325 train_time:5860.022s step_avg:1812.56ms
step:3234/3325 train_time:5861.815s step_avg:1812.56ms
step:3235/3325 train_time:5863.609s step_avg:1812.55ms
step:3236/3325 train_time:5865.402s step_avg:1812.55ms
step:3237/3325 train_time:5867.195s step_avg:1812.54ms
step:3238/3325 train_time:5868.992s step_avg:1812.54ms
step:3239/3325 train_time:5870.787s step_avg:1812.53ms
step:3240/3325 train_time:5872.597s step_avg:1812.53ms
step:3241/3325 train_time:5874.394s step_avg:1812.53ms
step:3242/3325 train_time:5876.189s step_avg:1812.52ms
step:3243/3325 train_time:5877.984s step_avg:1812.51ms
step:3244/3325 train_time:5879.778s step_avg:1812.51ms
step:3245/3325 train_time:5881.573s step_avg:1812.50ms
step:3246/3325 train_time:5883.367s step_avg:1812.50ms
step:3247/3325 train_time:5885.161s step_avg:1812.49ms
step:3248/3325 train_time:5886.955s step_avg:1812.49ms
step:3249/3325 train_time:5888.748s step_avg:1812.48ms
step:3250/3325 train_time:5890.888s step_avg:1812.58ms
step:3250/3325 val_loss:3.26862 train_time:5890.889s step_avg:1809.73ms
step:3251/3325 train_time:5892.684s step_avg:1812.58ms
step:3252/3325 train_time:5894.479s step_avg:1812.57ms
step:3253/3325 train_time:5896.274s step_avg:1812.56ms
step:3254/3325 train_time:5898.069s step_avg:1812.56ms
step:3255/3325 train_time:5899.863s step_avg:1812.55ms
step:3256/3325 train_time:5901.659s step_avg:1812.55ms
step:3257/3325 train_time:5903.456s step_avg:1812.54ms
step:3258/3325 train_time:5905.251s step_avg:1812.54ms
step:3259/3325 train_time:5907.044s step_avg:1812.53ms
step:3260/3325 train_time:5908.838s step_avg:1812.53ms
step:3261/3325 train_time:5910.632s step_avg:1812.52ms
step:3262/3325 train_time:5912.427s step_avg:1812.52ms
step:3263/3325 train_time:5914.221s step_avg:1812.51ms
step:3264/3325 train_time:5916.016s step_avg:1812.50ms
step:3265/3325 train_time:5917.811s step_avg:1812.50ms
step:3266/3325 train_time:5919.607s step_avg:1812.49ms
step:3267/3325 train_time:5921.403s step_avg:1812.49ms
step:3268/3325 train_time:5923.198s step_avg:1812.48ms
step:3269/3325 train_time:5924.994s step_avg:1812.48ms
step:3270/3325 train_time:5926.804s step_avg:1812.48ms
step:3271/3325 train_time:5928.598s step_avg:1812.47ms
step:3272/3325 train_time:5930.392s step_avg:1812.47ms
step:3273/3325 train_time:5932.189s step_avg:1812.46ms
step:3274/3325 train_time:5933.983s step_avg:1812.46ms
step:3275/3325 train_time:5936.058s step_avg:1812.54ms
step:3275/3325 val_loss:3.26705 train_time:5936.058s step_avg:1806.78ms
step:3276/3325 train_time:5937.854s step_avg:1812.53ms
step:3277/3325 train_time:5939.649s step_avg:1812.53ms
step:3278/3325 train_time:5941.443s step_avg:1812.52ms
step:3279/3325 train_time:5943.238s step_avg:1812.52ms
step:3280/3325 train_time:5945.033s step_avg:1812.51ms
step:3281/3325 train_time:5946.828s step_avg:1812.50ms
step:3282/3325 train_time:5948.622s step_avg:1812.50ms
step:3283/3325 train_time:5950.416s step_avg:1812.49ms
step:3284/3325 train_time:5952.210s step_avg:1812.49ms
step:3285/3325 train_time:5954.004s step_avg:1812.48ms
step:3286/3325 train_time:5955.799s step_avg:1812.48ms
step:3287/3325 train_time:5957.595s step_avg:1812.47ms
step:3288/3325 train_time:5959.388s step_avg:1812.47ms
step:3289/3325 train_time:5961.183s step_avg:1812.46ms
step:3290/3325 train_time:5962.979s step_avg:1812.46ms
step:3291/3325 train_time:5964.774s step_avg:1812.45ms
step:3292/3325 train_time:5966.570s step_avg:1812.45ms
step:3293/3325 train_time:5968.365s step_avg:1812.44ms
step:3294/3325 train_time:5970.159s step_avg:1812.43ms
step:3295/3325 train_time:5971.954s step_avg:1812.43ms
step:3296/3325 train_time:5973.748s step_avg:1812.42ms
step:3297/3325 train_time:5975.541s step_avg:1812.42ms
step:3298/3325 train_time:5977.335s step_avg:1812.41ms
step:3299/3325 train_time:5979.129s step_avg:1812.41ms
step:3300/3325 train_time:5981.220s step_avg:1812.49ms
step:3300/3325 val_loss:3.26581 train_time:5981.220s step_avg:1806.47ms
step:3301/3325 train_time:5983.014s step_avg:1812.49ms
step:3302/3325 train_time:5984.809s step_avg:1812.48ms
step:3303/3325 train_time:5986.603s step_avg:1812.47ms
step:3304/3325 train_time:5988.399s step_avg:1812.47ms
step:3305/3325 train_time:5990.193s step_avg:1812.46ms
step:3306/3325 train_time:5991.987s step_avg:1812.46ms
step:3307/3325 train_time:5993.781s step_avg:1812.45ms
step:3308/3325 train_time:5995.576s step_avg:1812.45ms
step:3309/3325 train_time:5997.370s step_avg:1812.44ms
step:3310/3325 train_time:5999.165s step_avg:1812.44ms
step:3311/3325 train_time:6000.959s step_avg:1812.43ms
step:3312/3325 train_time:6002.753s step_avg:1812.43ms
step:3313/3325 train_time:6004.548s step_avg:1812.42ms
step:3314/3325 train_time:6006.341s step_avg:1812.41ms
step:3315/3325 train_time:6008.135s step_avg:1812.41ms
step:3316/3325 train_time:6009.929s step_avg:1812.40ms
step:3317/3325 train_time:6011.726s step_avg:1812.40ms
step:3318/3325 train_time:6013.520s step_avg:1812.39ms
step:3319/3325 train_time:6015.315s step_avg:1812.39ms
step:3320/3325 train_time:6017.113s step_avg:1812.38ms
step:3321/3325 train_time:6018.907s step_avg:1812.38ms
step:3322/3325 train_time:6020.701s step_avg:1812.37ms
step:3323/3325 train_time:6022.497s step_avg:1812.37ms
step:3324/3325 train_time:6024.292s step_avg:1812.36ms
step:3325/3325 train_time:6028.908s step_avg:1813.21ms
step:3325/3325 val_loss:3.26519 train_time:6028.909s step_avg:1907.55ms
trial:0 best_val_loss:3.26519 best_val_step:3325 first_step_to_target:3150
wandb: updating run metadata
wandb: uploading history steps 240-240, summary, console lines 3370-3371
wandb: 
wandb: Run history:
wandb:                           aux/beta2 ▁▁▁▁▁▁▁▁▁▁▁▁▁▁▁▁▁▁▁▁▁▁▁▁▁▁▁▁▁▁▁▁▁▁▁▁▁▁▁▁
wandb:        speedrun/final_best_val_loss ▁
wandb:        speedrun/final_best_val_step ▁
wandb: speedrun/final_first_step_to_target ▁
wandb:       speedrun/final_reached_target ▁
wandb:       speedrun/first_step_to_target ▁▁▁▁▁▁▁▁▁▁▁▁▁▁▁▁▁▁▁▁▁▁▁▁▁▁▁▁▁▁████████
wandb:             speedrun/reached_target ▁▁▁▁▁▁▁▁▁▁▁▁▁▁▁▁▁▁▁▁▁▁▁▁▁▁▁▁▁▁████████
wandb:            speedrun/target_val_loss ▁▁▁▁▁▁▁▁▁▁▁▁▁▁▁▁▁▁▁▁▁▁▁▁▁▁▁▁▁▁▁▁▁▁▁▁▁▁▁▁
wandb:                speedrun/train_steps ▁▁▁▁▁▁▁▁▁▁▁▁▁▁▁▁▁▁▁▁▁▁▁▁▁▁▁▁▁▁▁▁▁▁▁▁▁▁▁▁
wandb:                    time/step_avg_ms  █▃▁▃▁▁▁▃▁▁▁▁▁▁▁▁▁▁▁▁▁▁▁▁▁▁▁▁▁▁▁▁▁▁▁▁█
wandb:                              +4,530 ...
wandb: 
wandb: Run summary:
wandb:                           aux/beta2 0.99
wandb:        speedrun/final_best_val_loss 3.26519
wandb:        speedrun/final_best_val_step 3325
wandb: speedrun/final_first_step_to_target 3150
wandb:       speedrun/final_reached_target 1
wandb:       speedrun/first_step_to_target 3150
wandb:             speedrun/reached_target 1
wandb:            speedrun/target_val_loss 3.28
wandb:                speedrun/train_steps 3325
wandb:                    time/step_avg_ms 1907.54914
wandb:                              +4,530 ...
wandb: 
wandb: 🚀 View run g1r3-tanjiro/h179-arm_a-ctrl at: https://wandb.ai/wandb-applied-ai-team/modded-nanogpt-senpai/runs/i3k5zbhs
wandb: ⭐️ View project at: https://wandb.ai/wandb-applied-ai-team/modded-nanogpt-senpai
wandb: Synced 7 W&B file(s), 0 media file(s), 0 artifact file(s) and 0 other file(s)
wandb: Find logs at: ./wandb/run-20260526_115804-i3k5zbhs/logs
=== END   arm_a-ctrl rc=0 @ 2026-05-26T13:46:03Z ===
