=== START Cell D (eps=1e-10) at 2026-05-25T00:38:45+00:00 ===
logs/7eba8ce2-c9f9-4e89-9f28-ea3356d23459.txt
wandb: [wandb.login()] Loaded credentials for https://api.wandb.ai from WANDB_API_KEY.
wandb: W&B API key is configured. Use `wandb login --relogin` to force relogin
wandb: Tracking run with wandb version 0.26.1
wandb: Run data is saved locally in /workspace/senpai/target/wandb/run-20260525_003850-jgbsjfzt
wandb: Run `wandb offline` to turn off syncing.
wandb: Syncing run eps_D_1e-10_tight
wandb: ⭐️ View project at https://wandb.ai/wandb-applied-ai-team/modded-nanogpt-senpai
wandb: 🚀 View run at https://wandb.ai/wandb-applied-ai-team/modded-nanogpt-senpai/runs/jgbsjfzt
[init] mode=musoft  L=12  block_residual_attn.proj_std=0.005984
step:0/3250 val_loss:10.82583 train_time:0.000s step_avg:nanms
step:1/3250 train_time:5.813s step_avg:5813.07ms
step:2/3250 train_time:7.633s step_avg:3816.59ms
step:3/3250 train_time:9.451s step_avg:3150.20ms
step:4/3250 train_time:11.268s step_avg:2816.91ms
step:5/3250 train_time:13.085s step_avg:2617.01ms
step:6/3250 train_time:14.903s step_avg:2483.83ms
step:7/3250 train_time:16.720s step_avg:2388.63ms
step:8/3250 train_time:18.539s step_avg:2317.34ms
step:9/3250 train_time:20.357s step_avg:2261.88ms
step:10/3250 train_time:22.176s step_avg:2217.65ms
step:11/3250 train_time:23.997s step_avg:2181.57ms
step:12/3250 train_time:25.817s step_avg:2151.39ms
step:13/3250 train_time:27.636s step_avg:2125.84ms
step:14/3250 train_time:29.456s step_avg:2103.97ms
step:15/3250 train_time:31.276s step_avg:2085.10ms
step:16/3250 train_time:33.097s step_avg:2068.55ms
step:17/3250 train_time:35.789s step_avg:2105.22ms
step:18/3250 train_time:37.609s step_avg:2089.41ms
step:19/3250 train_time:39.431s step_avg:2075.29ms
step:20/3250 train_time:41.251s step_avg:2062.57ms
step:21/3250 train_time:43.073s step_avg:2051.12ms
step:22/3250 train_time:44.897s step_avg:2040.78ms
step:23/3250 train_time:46.720s step_avg:2031.32ms
step:24/3250 train_time:48.543s step_avg:2022.61ms
step:25/3250 train_time:50.639s step_avg:2025.55ms
step:26/3250 train_time:52.461s step_avg:2017.74ms
step:27/3250 train_time:54.284s step_avg:2010.53ms
step:28/3250 train_time:56.107s step_avg:2003.84ms
step:29/3250 train_time:57.931s step_avg:1997.62ms
step:30/3250 train_time:59.754s step_avg:1991.82ms
step:31/3250 train_time:61.578s step_avg:1986.39ms
step:32/3250 train_time:63.401s step_avg:1981.29ms
step:33/3250 train_time:66.060s step_avg:2001.81ms
step:34/3250 train_time:67.882s step_avg:1996.54ms
step:35/3250 train_time:69.705s step_avg:1991.57ms
step:36/3250 train_time:71.529s step_avg:1986.91ms
step:37/3250 train_time:73.352s step_avg:1982.49ms
step:38/3250 train_time:75.176s step_avg:1978.31ms
step:39/3250 train_time:76.999s step_avg:1974.33ms
step:40/3250 train_time:78.821s step_avg:1970.53ms
step:41/3250 train_time:80.646s step_avg:1966.97ms
step:42/3250 train_time:82.469s step_avg:1963.54ms
step:43/3250 train_time:84.294s step_avg:1960.33ms
step:44/3250 train_time:86.117s step_avg:1957.21ms
step:45/3250 train_time:87.940s step_avg:1954.22ms
step:46/3250 train_time:89.764s step_avg:1951.38ms
step:47/3250 train_time:91.588s step_avg:1948.68ms
step:48/3250 train_time:93.411s step_avg:1946.07ms
step:49/3250 train_time:96.070s step_avg:1960.62ms
step:50/3250 train_time:98.165s step_avg:1963.30ms
step:51/3250 train_time:99.988s step_avg:1960.54ms
step:52/3250 train_time:101.810s step_avg:1957.89ms
step:53/3250 train_time:103.633s step_avg:1955.34ms
step:54/3250 train_time:105.457s step_avg:1952.91ms
step:55/3250 train_time:107.281s step_avg:1950.56ms
step:56/3250 train_time:109.104s step_avg:1948.29ms
step:57/3250 train_time:110.927s step_avg:1946.09ms
step:58/3250 train_time:112.751s step_avg:1943.98ms
step:59/3250 train_time:114.574s step_avg:1941.93ms
step:60/3250 train_time:116.398s step_avg:1939.97ms
step:61/3250 train_time:118.222s step_avg:1938.07ms
step:62/3250 train_time:120.045s step_avg:1936.22ms
step:63/3250 train_time:121.869s step_avg:1934.42ms
step:64/3250 train_time:123.692s step_avg:1932.69ms
step:65/3250 train_time:126.352s step_avg:1943.88ms
step:66/3250 train_time:128.175s step_avg:1942.05ms
step:67/3250 train_time:129.998s step_avg:1940.27ms
step:68/3250 train_time:131.822s step_avg:1938.55ms
step:69/3250 train_time:133.646s step_avg:1936.89ms
step:70/3250 train_time:135.469s step_avg:1935.27ms
step:71/3250 train_time:137.292s step_avg:1933.70ms
step:72/3250 train_time:139.116s step_avg:1932.17ms
step:73/3250 train_time:140.940s step_avg:1930.68ms
step:74/3250 train_time:142.763s step_avg:1929.23ms
step:75/3250 train_time:144.859s step_avg:1931.46ms
step:76/3250 train_time:146.683s step_avg:1930.03ms
step:77/3250 train_time:148.506s step_avg:1928.64ms
step:78/3250 train_time:150.330s step_avg:1927.30ms
step:79/3250 train_time:152.154s step_avg:1926.00ms
step:80/3250 train_time:153.978s step_avg:1924.72ms
step:81/3250 train_time:156.637s step_avg:1933.79ms
step:82/3250 train_time:158.460s step_avg:1932.44ms
step:83/3250 train_time:160.283s step_avg:1931.13ms
step:84/3250 train_time:162.106s step_avg:1929.83ms
step:85/3250 train_time:163.929s step_avg:1928.58ms
step:86/3250 train_time:165.753s step_avg:1927.36ms
step:87/3250 train_time:167.578s step_avg:1926.18ms
step:88/3250 train_time:169.401s step_avg:1925.01ms
step:89/3250 train_time:171.225s step_avg:1923.87ms
step:90/3250 train_time:173.048s step_avg:1922.75ms
step:91/3250 train_time:174.874s step_avg:1921.69ms
step:92/3250 train_time:176.698s step_avg:1920.63ms
step:93/3250 train_time:178.521s step_avg:1919.58ms
step:94/3250 train_time:180.345s step_avg:1918.56ms
step:95/3250 train_time:182.169s step_avg:1917.57ms
step:96/3250 train_time:183.993s step_avg:1916.60ms
step:97/3250 train_time:186.653s step_avg:1924.25ms
step:98/3250 train_time:188.476s step_avg:1923.22ms
step:99/3250 train_time:190.299s step_avg:1922.21ms
step:100/3250 train_time:192.395s step_avg:1923.95ms
step:101/3250 train_time:194.218s step_avg:1922.95ms
step:102/3250 train_time:196.041s step_avg:1921.97ms
step:103/3250 train_time:197.864s step_avg:1921.01ms
step:104/3250 train_time:199.687s step_avg:1920.07ms
step:105/3250 train_time:201.511s step_avg:1919.15ms
step:106/3250 train_time:203.334s step_avg:1918.25ms
step:107/3250 train_time:205.158s step_avg:1917.36ms
step:108/3250 train_time:206.981s step_avg:1916.49ms
step:109/3250 train_time:208.806s step_avg:1915.65ms
step:110/3250 train_time:210.630s step_avg:1914.82ms
step:111/3250 train_time:212.453s step_avg:1913.99ms
step:112/3250 train_time:214.277s step_avg:1913.19ms
step:113/3250 train_time:216.936s step_avg:1919.79ms
step:114/3250 train_time:218.758s step_avg:1918.93ms
step:115/3250 train_time:220.580s step_avg:1918.09ms
step:116/3250 train_time:222.402s step_avg:1917.26ms
step:117/3250 train_time:224.226s step_avg:1916.46ms
step:118/3250 train_time:226.050s step_avg:1915.68ms
step:119/3250 train_time:227.873s step_avg:1914.90ms
step:120/3250 train_time:229.695s step_avg:1914.13ms
step:121/3250 train_time:231.518s step_avg:1913.37ms
step:122/3250 train_time:233.342s step_avg:1912.64ms
step:123/3250 train_time:235.166s step_avg:1911.92ms
step:124/3250 train_time:236.989s step_avg:1911.20ms
step:125/3250 train_time:239.153s step_avg:1913.22ms
step:125/3250 val_loss:4.52481 train_time:239.153s step_avg:1913.23ms
step:126/3250 train_time:240.977s step_avg:1912.52ms
step:127/3250 train_time:242.801s step_avg:1911.82ms
step:128/3250 train_time:244.624s step_avg:1911.13ms
step:129/3250 train_time:247.283s step_avg:1916.92ms
step:130/3250 train_time:249.105s step_avg:1916.19ms
step:131/3250 train_time:250.928s step_avg:1915.48ms
step:132/3250 train_time:252.752s step_avg:1914.79ms
step:133/3250 train_time:254.574s step_avg:1914.09ms
step:134/3250 train_time:256.396s step_avg:1913.40ms
step:135/3250 train_time:258.218s step_avg:1912.72ms
step:136/3250 train_time:260.041s step_avg:1912.06ms
step:137/3250 train_time:261.864s step_avg:1911.42ms
step:138/3250 train_time:263.687s step_avg:1910.78ms
step:139/3250 train_time:265.509s step_avg:1910.14ms
step:140/3250 train_time:267.332s step_avg:1909.51ms
step:141/3250 train_time:269.155s step_avg:1908.90ms
step:142/3250 train_time:270.978s step_avg:1908.30ms
step:143/3250 train_time:272.802s step_avg:1907.71ms
step:144/3250 train_time:274.625s step_avg:1907.11ms
step:145/3250 train_time:277.283s step_avg:1912.30ms
step:146/3250 train_time:279.105s step_avg:1911.68ms
step:147/3250 train_time:280.928s step_avg:1911.07ms
step:148/3250 train_time:282.750s step_avg:1910.47ms
step:149/3250 train_time:284.574s step_avg:1909.89ms
step:150/3250 train_time:286.668s step_avg:1911.12ms
step:151/3250 train_time:288.492s step_avg:1910.54ms
step:152/3250 train_time:290.314s step_avg:1909.96ms
step:153/3250 train_time:292.136s step_avg:1909.39ms
step:154/3250 train_time:293.960s step_avg:1908.83ms
step:155/3250 train_time:295.783s step_avg:1908.28ms
step:156/3250 train_time:297.606s step_avg:1907.73ms
step:157/3250 train_time:299.429s step_avg:1907.19ms
step:158/3250 train_time:301.252s step_avg:1906.66ms
step:159/3250 train_time:303.076s step_avg:1906.14ms
step:160/3250 train_time:304.899s step_avg:1905.62ms
step:161/3250 train_time:307.557s step_avg:1910.29ms
step:162/3250 train_time:309.378s step_avg:1909.74ms
step:163/3250 train_time:311.200s step_avg:1909.20ms
step:164/3250 train_time:313.023s step_avg:1908.68ms
step:165/3250 train_time:314.845s step_avg:1908.15ms
step:166/3250 train_time:316.666s step_avg:1907.63ms
step:167/3250 train_time:318.488s step_avg:1907.12ms
step:168/3250 train_time:320.311s step_avg:1906.61ms
step:169/3250 train_time:322.134s step_avg:1906.12ms
step:170/3250 train_time:323.957s step_avg:1905.63ms
step:171/3250 train_time:325.779s step_avg:1905.14ms
step:172/3250 train_time:327.601s step_avg:1904.65ms
step:173/3250 train_time:329.423s step_avg:1904.18ms
step:174/3250 train_time:331.247s step_avg:1903.72ms
step:175/3250 train_time:333.344s step_avg:1904.82ms
step:176/3250 train_time:335.166s step_avg:1904.35ms
step:177/3250 train_time:337.824s step_avg:1908.61ms
step:178/3250 train_time:339.648s step_avg:1908.14ms
step:179/3250 train_time:341.472s step_avg:1907.66ms
step:180/3250 train_time:343.295s step_avg:1907.19ms
step:181/3250 train_time:345.117s step_avg:1906.72ms
step:182/3250 train_time:346.940s step_avg:1906.26ms
step:183/3250 train_time:348.765s step_avg:1905.82ms
step:184/3250 train_time:350.587s step_avg:1905.37ms
step:185/3250 train_time:352.410s step_avg:1904.92ms
step:186/3250 train_time:354.234s step_avg:1904.49ms
step:187/3250 train_time:356.057s step_avg:1904.05ms
step:188/3250 train_time:357.879s step_avg:1903.61ms
step:189/3250 train_time:359.702s step_avg:1903.18ms
step:190/3250 train_time:361.526s step_avg:1902.77ms
step:191/3250 train_time:363.455s step_avg:1902.91ms
step:192/3250 train_time:365.279s step_avg:1902.50ms
step:193/3250 train_time:367.937s step_avg:1906.41ms
step:194/3250 train_time:369.758s step_avg:1905.97ms
step:195/3250 train_time:371.581s step_avg:1905.55ms
step:196/3250 train_time:373.405s step_avg:1905.13ms
step:197/3250 train_time:375.228s step_avg:1904.71ms
step:198/3250 train_time:377.050s step_avg:1904.29ms
step:199/3250 train_time:378.873s step_avg:1903.89ms
step:200/3250 train_time:380.970s step_avg:1904.85ms
step:201/3250 train_time:382.792s step_avg:1904.44ms
step:202/3250 train_time:384.615s step_avg:1904.03ms
step:203/3250 train_time:386.436s step_avg:1903.62ms
step:204/3250 train_time:388.257s step_avg:1903.22ms
step:205/3250 train_time:390.080s step_avg:1902.83ms
step:206/3250 train_time:391.902s step_avg:1902.44ms
step:207/3250 train_time:393.726s step_avg:1902.06ms
step:208/3250 train_time:395.548s step_avg:1901.67ms
step:209/3250 train_time:398.205s step_avg:1905.29ms
step:210/3250 train_time:400.028s step_avg:1904.89ms
step:211/3250 train_time:401.851s step_avg:1904.51ms
step:212/3250 train_time:403.674s step_avg:1904.12ms
step:213/3250 train_time:405.496s step_avg:1903.73ms
step:214/3250 train_time:407.319s step_avg:1903.36ms
step:215/3250 train_time:409.142s step_avg:1902.98ms
step:216/3250 train_time:410.964s step_avg:1902.61ms
step:217/3250 train_time:412.785s step_avg:1902.24ms
step:218/3250 train_time:414.607s step_avg:1901.86ms
step:219/3250 train_time:416.428s step_avg:1901.50ms
step:220/3250 train_time:418.251s step_avg:1901.14ms
step:221/3250 train_time:420.073s step_avg:1900.78ms
step:222/3250 train_time:421.895s step_avg:1900.43ms
step:223/3250 train_time:423.716s step_avg:1900.07ms
step:224/3250 train_time:425.537s step_avg:1899.72ms
step:225/3250 train_time:428.467s step_avg:1904.30ms
step:226/3250 train_time:430.289s step_avg:1903.93ms
step:227/3250 train_time:432.110s step_avg:1903.57ms
step:228/3250 train_time:433.932s step_avg:1903.21ms
step:229/3250 train_time:435.753s step_avg:1902.85ms
step:230/3250 train_time:437.575s step_avg:1902.50ms
step:231/3250 train_time:439.398s step_avg:1902.15ms
step:232/3250 train_time:441.219s step_avg:1901.81ms
step:233/3250 train_time:443.042s step_avg:1901.47ms
step:234/3250 train_time:444.863s step_avg:1901.12ms
step:235/3250 train_time:446.686s step_avg:1900.79ms
step:236/3250 train_time:448.508s step_avg:1900.46ms
step:237/3250 train_time:450.330s step_avg:1900.12ms
step:238/3250 train_time:452.151s step_avg:1899.79ms
step:239/3250 train_time:453.975s step_avg:1899.48ms
step:240/3250 train_time:455.798s step_avg:1899.16ms
step:241/3250 train_time:458.456s step_avg:1902.31ms
step:242/3250 train_time:460.277s step_avg:1901.97ms
step:243/3250 train_time:462.100s step_avg:1901.65ms
step:244/3250 train_time:463.925s step_avg:1901.33ms
step:245/3250 train_time:465.746s step_avg:1901.01ms
step:246/3250 train_time:467.570s step_avg:1900.69ms
step:247/3250 train_time:469.393s step_avg:1900.37ms
step:248/3250 train_time:471.215s step_avg:1900.06ms
step:249/3250 train_time:473.038s step_avg:1899.75ms
step:250/3250 train_time:475.206s step_avg:1900.82ms
step:250/3250 val_loss:4.05706 train_time:475.206s step_avg:1888.42ms
step:251/3250 train_time:477.030s step_avg:1900.52ms
step:252/3250 train_time:478.853s step_avg:1900.21ms
step:253/3250 train_time:480.680s step_avg:1899.92ms
step:254/3250 train_time:482.503s step_avg:1899.62ms
step:255/3250 train_time:484.325s step_avg:1899.31ms
step:256/3250 train_time:486.148s step_avg:1899.02ms
step:257/3250 train_time:488.806s step_avg:1901.97ms
step:258/3250 train_time:490.628s step_avg:1901.66ms
step:259/3250 train_time:492.449s step_avg:1901.35ms
step:260/3250 train_time:494.271s step_avg:1901.04ms
step:261/3250 train_time:496.092s step_avg:1900.74ms
step:262/3250 train_time:497.914s step_avg:1900.43ms
step:263/3250 train_time:499.735s step_avg:1900.13ms
step:264/3250 train_time:501.557s step_avg:1899.84ms
step:265/3250 train_time:503.378s step_avg:1899.54ms
step:266/3250 train_time:505.199s step_avg:1899.24ms
step:267/3250 train_time:507.021s step_avg:1898.95ms
step:268/3250 train_time:508.843s step_avg:1898.67ms
step:269/3250 train_time:510.664s step_avg:1898.38ms
step:270/3250 train_time:512.487s step_avg:1898.10ms
step:271/3250 train_time:514.309s step_avg:1897.82ms
step:272/3250 train_time:516.131s step_avg:1897.54ms
step:273/3250 train_time:518.788s step_avg:1900.32ms
step:274/3250 train_time:520.609s step_avg:1900.03ms
step:275/3250 train_time:522.710s step_avg:1900.76ms
step:276/3250 train_time:524.531s step_avg:1900.48ms
step:277/3250 train_time:526.352s step_avg:1900.19ms
step:278/3250 train_time:528.173s step_avg:1899.90ms
step:279/3250 train_time:529.994s step_avg:1899.62ms
step:280/3250 train_time:531.817s step_avg:1899.35ms
step:281/3250 train_time:533.638s step_avg:1899.07ms
step:282/3250 train_time:535.460s step_avg:1898.79ms
step:283/3250 train_time:537.282s step_avg:1898.52ms
step:284/3250 train_time:539.103s step_avg:1898.25ms
step:285/3250 train_time:540.924s step_avg:1897.98ms
step:286/3250 train_time:542.746s step_avg:1897.71ms
step:287/3250 train_time:544.568s step_avg:1897.45ms
step:288/3250 train_time:546.391s step_avg:1897.19ms
step:289/3250 train_time:549.048s step_avg:1899.82ms
step:290/3250 train_time:550.871s step_avg:1899.56ms
step:291/3250 train_time:552.693s step_avg:1899.29ms
step:292/3250 train_time:554.515s step_avg:1899.02ms
step:293/3250 train_time:556.336s step_avg:1898.76ms
step:294/3250 train_time:558.156s step_avg:1898.49ms
step:295/3250 train_time:559.977s step_avg:1898.23ms
step:296/3250 train_time:561.799s step_avg:1897.97ms
step:297/3250 train_time:563.621s step_avg:1897.71ms
step:298/3250 train_time:565.442s step_avg:1897.46ms
step:299/3250 train_time:567.262s step_avg:1897.20ms
step:300/3250 train_time:569.357s step_avg:1897.86ms
step:301/3250 train_time:571.179s step_avg:1897.60ms
step:302/3250 train_time:573.001s step_avg:1897.35ms
step:303/3250 train_time:574.822s step_avg:1897.10ms
step:304/3250 train_time:576.643s step_avg:1896.85ms
step:305/3250 train_time:579.299s step_avg:1899.34ms
step:306/3250 train_time:581.122s step_avg:1899.09ms
step:307/3250 train_time:582.944s step_avg:1898.84ms
step:308/3250 train_time:584.764s step_avg:1898.59ms
step:309/3250 train_time:586.585s step_avg:1898.33ms
step:310/3250 train_time:588.406s step_avg:1898.08ms
step:311/3250 train_time:590.228s step_avg:1897.84ms
step:312/3250 train_time:592.054s step_avg:1897.61ms
step:313/3250 train_time:593.876s step_avg:1897.37ms
step:314/3250 train_time:595.699s step_avg:1897.13ms
step:315/3250 train_time:597.522s step_avg:1896.89ms
step:316/3250 train_time:599.347s step_avg:1896.67ms
step:317/3250 train_time:601.169s step_avg:1896.43ms
step:318/3250 train_time:602.993s step_avg:1896.20ms
step:319/3250 train_time:604.814s step_avg:1895.97ms
step:320/3250 train_time:606.639s step_avg:1895.75ms
step:321/3250 train_time:609.295s step_avg:1898.11ms
step:322/3250 train_time:611.117s step_avg:1897.88ms
step:323/3250 train_time:612.939s step_avg:1897.64ms
step:324/3250 train_time:614.761s step_avg:1897.41ms
step:325/3250 train_time:616.858s step_avg:1898.03ms
step:326/3250 train_time:618.683s step_avg:1897.80ms
step:327/3250 train_time:620.505s step_avg:1897.57ms
step:328/3250 train_time:622.328s step_avg:1897.34ms
step:329/3250 train_time:624.150s step_avg:1897.11ms
step:330/3250 train_time:625.973s step_avg:1896.89ms
step:331/3250 train_time:627.796s step_avg:1896.66ms
step:332/3250 train_time:629.617s step_avg:1896.44ms
step:333/3250 train_time:631.439s step_avg:1896.21ms
step:334/3250 train_time:633.261s step_avg:1895.99ms
step:335/3250 train_time:635.083s step_avg:1895.77ms
step:336/3250 train_time:636.907s step_avg:1895.56ms
step:337/3250 train_time:639.563s step_avg:1897.81ms
step:338/3250 train_time:641.386s step_avg:1897.59ms
step:339/3250 train_time:643.209s step_avg:1897.37ms
step:340/3250 train_time:645.032s step_avg:1897.15ms
step:341/3250 train_time:646.854s step_avg:1896.93ms
step:342/3250 train_time:648.676s step_avg:1896.71ms
step:343/3250 train_time:650.498s step_avg:1896.50ms
step:344/3250 train_time:652.320s step_avg:1896.28ms
step:345/3250 train_time:654.143s step_avg:1896.07ms
step:346/3250 train_time:655.965s step_avg:1895.85ms
step:347/3250 train_time:657.787s step_avg:1895.64ms
step:348/3250 train_time:659.609s step_avg:1895.43ms
step:349/3250 train_time:661.432s step_avg:1895.22ms
step:350/3250 train_time:663.529s step_avg:1895.80ms
step:351/3250 train_time:665.351s step_avg:1895.59ms
step:352/3250 train_time:667.173s step_avg:1895.38ms
step:353/3250 train_time:669.830s step_avg:1897.53ms
step:354/3250 train_time:671.652s step_avg:1897.32ms
step:355/3250 train_time:673.474s step_avg:1897.11ms
step:356/3250 train_time:675.297s step_avg:1896.90ms
step:357/3250 train_time:677.119s step_avg:1896.69ms
step:358/3250 train_time:678.940s step_avg:1896.48ms
step:359/3250 train_time:680.764s step_avg:1896.28ms
step:360/3250 train_time:682.585s step_avg:1896.07ms
step:361/3250 train_time:684.407s step_avg:1895.87ms
step:362/3250 train_time:686.230s step_avg:1895.66ms
step:363/3250 train_time:688.051s step_avg:1895.46ms
step:364/3250 train_time:689.874s step_avg:1895.26ms
step:365/3250 train_time:691.697s step_avg:1895.06ms
step:366/3250 train_time:693.518s step_avg:1894.86ms
step:367/3250 train_time:695.339s step_avg:1894.66ms
step:368/3250 train_time:697.160s step_avg:1894.46ms
step:369/3250 train_time:699.817s step_avg:1896.52ms
step:370/3250 train_time:701.638s step_avg:1896.32ms
step:371/3250 train_time:703.459s step_avg:1896.12ms
step:372/3250 train_time:705.281s step_avg:1895.92ms
step:373/3250 train_time:707.103s step_avg:1895.72ms
step:374/3250 train_time:708.926s step_avg:1895.52ms
step:375/3250 train_time:711.088s step_avg:1896.24ms
step:375/3250 val_loss:3.90166 train_time:711.089s step_avg:1887.06ms
step:376/3250 train_time:712.911s step_avg:1896.04ms
step:377/3250 train_time:714.735s step_avg:1895.85ms
step:378/3250 train_time:716.557s step_avg:1895.65ms
step:379/3250 train_time:718.380s step_avg:1895.46ms
step:380/3250 train_time:720.203s step_avg:1895.27ms
step:381/3250 train_time:722.053s step_avg:1895.15ms
step:382/3250 train_time:723.873s step_avg:1894.96ms
step:383/3250 train_time:725.695s step_avg:1894.77ms
step:384/3250 train_time:727.519s step_avg:1894.58ms
step:385/3250 train_time:730.176s step_avg:1896.56ms
step:386/3250 train_time:731.999s step_avg:1896.37ms
step:387/3250 train_time:733.822s step_avg:1896.18ms
step:388/3250 train_time:735.645s step_avg:1895.99ms
step:389/3250 train_time:737.466s step_avg:1895.80ms
step:390/3250 train_time:739.288s step_avg:1895.61ms
step:391/3250 train_time:741.112s step_avg:1895.43ms
step:392/3250 train_time:742.935s step_avg:1895.24ms
step:393/3250 train_time:744.757s step_avg:1895.06ms
step:394/3250 train_time:746.580s step_avg:1894.87ms
step:395/3250 train_time:748.402s step_avg:1894.69ms
step:396/3250 train_time:750.226s step_avg:1894.51ms
step:397/3250 train_time:752.049s step_avg:1894.33ms
step:398/3250 train_time:753.871s step_avg:1894.15ms
step:399/3250 train_time:755.692s step_avg:1893.97ms
step:400/3250 train_time:757.793s step_avg:1894.48ms
step:401/3250 train_time:760.450s step_avg:1896.38ms
step:402/3250 train_time:762.273s step_avg:1896.20ms
step:403/3250 train_time:764.094s step_avg:1896.02ms
step:404/3250 train_time:765.915s step_avg:1895.83ms
step:405/3250 train_time:767.737s step_avg:1895.65ms
step:406/3250 train_time:769.560s step_avg:1895.47ms
step:407/3250 train_time:771.381s step_avg:1895.29ms
step:408/3250 train_time:773.203s step_avg:1895.10ms
step:409/3250 train_time:775.024s step_avg:1894.92ms
step:410/3250 train_time:776.845s step_avg:1894.74ms
step:411/3250 train_time:778.666s step_avg:1894.57ms
step:412/3250 train_time:780.489s step_avg:1894.39ms
step:413/3250 train_time:782.310s step_avg:1894.21ms
step:414/3250 train_time:784.131s step_avg:1894.04ms
step:415/3250 train_time:785.951s step_avg:1893.86ms
step:416/3250 train_time:787.773s step_avg:1893.68ms
step:417/3250 train_time:790.429s step_avg:1895.51ms
step:418/3250 train_time:792.250s step_avg:1895.33ms
step:419/3250 train_time:794.071s step_avg:1895.16ms
step:420/3250 train_time:795.893s step_avg:1894.98ms
step:421/3250 train_time:797.714s step_avg:1894.81ms
step:422/3250 train_time:799.536s step_avg:1894.64ms
step:423/3250 train_time:801.357s step_avg:1894.46ms
step:424/3250 train_time:803.178s step_avg:1894.29ms
step:425/3250 train_time:805.272s step_avg:1894.76ms
step:426/3250 train_time:807.094s step_avg:1894.59ms
step:427/3250 train_time:808.916s step_avg:1894.42ms
step:428/3250 train_time:810.737s step_avg:1894.25ms
step:429/3250 train_time:812.558s step_avg:1894.07ms
step:430/3250 train_time:814.378s step_avg:1893.90ms
step:431/3250 train_time:816.199s step_avg:1893.73ms
step:432/3250 train_time:818.021s step_avg:1893.57ms
step:433/3250 train_time:820.676s step_avg:1895.33ms
step:434/3250 train_time:822.497s step_avg:1895.15ms
step:435/3250 train_time:824.318s step_avg:1894.98ms
step:436/3250 train_time:826.140s step_avg:1894.82ms
step:437/3250 train_time:827.961s step_avg:1894.65ms
step:438/3250 train_time:829.783s step_avg:1894.48ms
step:439/3250 train_time:831.604s step_avg:1894.31ms
step:440/3250 train_time:833.426s step_avg:1894.15ms
step:441/3250 train_time:835.247s step_avg:1893.98ms
step:442/3250 train_time:837.068s step_avg:1893.82ms
step:443/3250 train_time:838.889s step_avg:1893.66ms
step:444/3250 train_time:840.711s step_avg:1893.49ms
step:445/3250 train_time:842.531s step_avg:1893.33ms
step:446/3250 train_time:844.353s step_avg:1893.17ms
step:447/3250 train_time:846.174s step_avg:1893.01ms
step:448/3250 train_time:847.995s step_avg:1892.85ms
step:449/3250 train_time:850.652s step_avg:1894.55ms
step:450/3250 train_time:852.752s step_avg:1895.00ms
step:451/3250 train_time:854.574s step_avg:1894.84ms
step:452/3250 train_time:856.396s step_avg:1894.68ms
step:453/3250 train_time:858.217s step_avg:1894.52ms
step:454/3250 train_time:860.039s step_avg:1894.36ms
step:455/3250 train_time:861.862s step_avg:1894.20ms
step:456/3250 train_time:863.685s step_avg:1894.05ms
step:457/3250 train_time:865.508s step_avg:1893.89ms
step:458/3250 train_time:867.330s step_avg:1893.73ms
step:459/3250 train_time:869.151s step_avg:1893.57ms
step:460/3250 train_time:870.975s step_avg:1893.42ms
step:461/3250 train_time:872.797s step_avg:1893.27ms
step:462/3250 train_time:874.620s step_avg:1893.12ms
step:463/3250 train_time:876.442s step_avg:1892.96ms
step:464/3250 train_time:878.264s step_avg:1892.81ms
step:465/3250 train_time:880.921s step_avg:1894.45ms
step:466/3250 train_time:882.744s step_avg:1894.30ms
step:467/3250 train_time:884.566s step_avg:1894.15ms
step:468/3250 train_time:886.388s step_avg:1893.99ms
step:469/3250 train_time:888.212s step_avg:1893.84ms
step:470/3250 train_time:890.036s step_avg:1893.69ms
step:471/3250 train_time:891.859s step_avg:1893.54ms
step:472/3250 train_time:893.681s step_avg:1893.39ms
step:473/3250 train_time:895.502s step_avg:1893.24ms
step:474/3250 train_time:897.324s step_avg:1893.09ms
step:475/3250 train_time:899.421s step_avg:1893.52ms
step:476/3250 train_time:901.246s step_avg:1893.37ms
step:477/3250 train_time:903.068s step_avg:1893.22ms
step:478/3250 train_time:904.890s step_avg:1893.08ms
step:479/3250 train_time:906.713s step_avg:1892.93ms
step:480/3250 train_time:908.536s step_avg:1892.78ms
step:481/3250 train_time:911.193s step_avg:1894.37ms
step:482/3250 train_time:913.014s step_avg:1894.22ms
step:483/3250 train_time:914.837s step_avg:1894.07ms
step:484/3250 train_time:916.659s step_avg:1893.92ms
step:485/3250 train_time:918.484s step_avg:1893.78ms
step:486/3250 train_time:920.306s step_avg:1893.63ms
step:487/3250 train_time:922.127s step_avg:1893.48ms
step:488/3250 train_time:923.948s step_avg:1893.34ms
step:489/3250 train_time:925.771s step_avg:1893.19ms
step:490/3250 train_time:927.593s step_avg:1893.05ms
step:491/3250 train_time:929.414s step_avg:1892.90ms
step:492/3250 train_time:931.235s step_avg:1892.75ms
step:493/3250 train_time:933.056s step_avg:1892.61ms
step:494/3250 train_time:934.878s step_avg:1892.47ms
step:495/3250 train_time:936.700s step_avg:1892.32ms
step:496/3250 train_time:938.522s step_avg:1892.18ms
step:497/3250 train_time:941.178s step_avg:1893.72ms
step:498/3250 train_time:943.000s step_avg:1893.57ms
step:499/3250 train_time:944.822s step_avg:1893.43ms
step:500/3250 train_time:946.981s step_avg:1893.96ms
step:500/3250 val_loss:3.80878 train_time:946.981s step_avg:1887.14ms
step:501/3250 train_time:948.803s step_avg:1893.82ms
step:502/3250 train_time:950.624s step_avg:1893.67ms
step:503/3250 train_time:952.445s step_avg:1893.53ms
step:504/3250 train_time:954.267s step_avg:1893.39ms
step:505/3250 train_time:956.088s step_avg:1893.24ms
step:506/3250 train_time:957.911s step_avg:1893.10ms
step:507/3250 train_time:959.732s step_avg:1892.96ms
step:508/3250 train_time:961.553s step_avg:1892.82ms
step:509/3250 train_time:963.375s step_avg:1892.68ms
step:510/3250 train_time:965.198s step_avg:1892.54ms
step:511/3250 train_time:967.020s step_avg:1892.41ms
step:512/3250 train_time:968.843s step_avg:1892.27ms
step:513/3250 train_time:971.500s step_avg:1893.76ms
step:514/3250 train_time:973.321s step_avg:1893.62ms
step:515/3250 train_time:975.142s step_avg:1893.48ms
step:516/3250 train_time:976.962s step_avg:1893.34ms
step:517/3250 train_time:978.784s step_avg:1893.20ms
step:518/3250 train_time:980.607s step_avg:1893.06ms
step:519/3250 train_time:982.428s step_avg:1892.93ms
step:520/3250 train_time:984.249s step_avg:1892.79ms
step:521/3250 train_time:986.070s step_avg:1892.65ms
step:522/3250 train_time:987.892s step_avg:1892.51ms
step:523/3250 train_time:989.714s step_avg:1892.38ms
step:524/3250 train_time:991.535s step_avg:1892.24ms
step:525/3250 train_time:993.630s step_avg:1892.63ms
step:526/3250 train_time:995.451s step_avg:1892.49ms
step:527/3250 train_time:997.273s step_avg:1892.36ms
step:528/3250 train_time:999.094s step_avg:1892.22ms
step:529/3250 train_time:1001.751s step_avg:1893.67ms
step:530/3250 train_time:1003.572s step_avg:1893.53ms
step:531/3250 train_time:1005.392s step_avg:1893.39ms
step:532/3250 train_time:1007.214s step_avg:1893.26ms
step:533/3250 train_time:1009.036s step_avg:1893.13ms
step:534/3250 train_time:1010.858s step_avg:1892.99ms
step:535/3250 train_time:1012.679s step_avg:1892.86ms
step:536/3250 train_time:1014.499s step_avg:1892.72ms
step:537/3250 train_time:1016.321s step_avg:1892.59ms
step:538/3250 train_time:1018.145s step_avg:1892.46ms
step:539/3250 train_time:1019.967s step_avg:1892.33ms
step:540/3250 train_time:1021.790s step_avg:1892.20ms
step:541/3250 train_time:1023.610s step_avg:1892.07ms
step:542/3250 train_time:1025.432s step_avg:1891.94ms
step:543/3250 train_time:1027.255s step_avg:1891.81ms
step:544/3250 train_time:1029.077s step_avg:1891.69ms
step:545/3250 train_time:1031.733s step_avg:1893.09ms
step:546/3250 train_time:1033.553s step_avg:1892.95ms
step:547/3250 train_time:1035.375s step_avg:1892.82ms
step:548/3250 train_time:1037.196s step_avg:1892.69ms
step:549/3250 train_time:1039.017s step_avg:1892.56ms
step:550/3250 train_time:1041.110s step_avg:1892.93ms
step:551/3250 train_time:1042.929s step_avg:1892.79ms
step:552/3250 train_time:1044.750s step_avg:1892.66ms
step:553/3250 train_time:1046.570s step_avg:1892.53ms
step:554/3250 train_time:1048.392s step_avg:1892.40ms
step:555/3250 train_time:1050.213s step_avg:1892.27ms
step:556/3250 train_time:1052.033s step_avg:1892.15ms
step:557/3250 train_time:1053.853s step_avg:1892.02ms
step:558/3250 train_time:1055.673s step_avg:1891.89ms
step:559/3250 train_time:1057.496s step_avg:1891.76ms
step:560/3250 train_time:1059.316s step_avg:1891.64ms
step:561/3250 train_time:1061.972s step_avg:1893.00ms
step:562/3250 train_time:1063.793s step_avg:1892.87ms
step:563/3250 train_time:1065.613s step_avg:1892.74ms
step:564/3250 train_time:1067.434s step_avg:1892.61ms
step:565/3250 train_time:1069.255s step_avg:1892.49ms
step:566/3250 train_time:1071.075s step_avg:1892.36ms
step:567/3250 train_time:1072.895s step_avg:1892.23ms
step:568/3250 train_time:1074.716s step_avg:1892.11ms
step:569/3250 train_time:1076.537s step_avg:1891.98ms
step:570/3250 train_time:1078.359s step_avg:1891.86ms
step:571/3250 train_time:1080.215s step_avg:1891.80ms
step:572/3250 train_time:1082.036s step_avg:1891.67ms
step:573/3250 train_time:1083.857s step_avg:1891.55ms
step:574/3250 train_time:1085.678s step_avg:1891.42ms
step:575/3250 train_time:1087.772s step_avg:1891.78ms
step:576/3250 train_time:1089.592s step_avg:1891.65ms
step:577/3250 train_time:1092.248s step_avg:1892.98ms
step:578/3250 train_time:1094.070s step_avg:1892.85ms
step:579/3250 train_time:1095.891s step_avg:1892.73ms
step:580/3250 train_time:1097.714s step_avg:1892.61ms
step:581/3250 train_time:1099.534s step_avg:1892.49ms
step:582/3250 train_time:1101.355s step_avg:1892.36ms
step:583/3250 train_time:1103.177s step_avg:1892.24ms
step:584/3250 train_time:1104.997s step_avg:1892.12ms
step:585/3250 train_time:1106.818s step_avg:1892.00ms
step:586/3250 train_time:1108.638s step_avg:1891.87ms
step:587/3250 train_time:1110.460s step_avg:1891.75ms
step:588/3250 train_time:1112.281s step_avg:1891.63ms
step:589/3250 train_time:1114.102s step_avg:1891.51ms
step:590/3250 train_time:1115.922s step_avg:1891.39ms
step:591/3250 train_time:1117.744s step_avg:1891.28ms
step:592/3250 train_time:1119.567s step_avg:1891.16ms
step:593/3250 train_time:1122.224s step_avg:1892.45ms
step:594/3250 train_time:1124.045s step_avg:1892.33ms
step:595/3250 train_time:1125.866s step_avg:1892.21ms
step:596/3250 train_time:1127.689s step_avg:1892.09ms
step:597/3250 train_time:1129.511s step_avg:1891.98ms
step:598/3250 train_time:1131.332s step_avg:1891.86ms
step:599/3250 train_time:1133.153s step_avg:1891.74ms
step:600/3250 train_time:1135.246s step_avg:1892.08ms
step:601/3250 train_time:1137.066s step_avg:1891.96ms
step:602/3250 train_time:1138.888s step_avg:1891.84ms
step:603/3250 train_time:1140.710s step_avg:1891.72ms
step:604/3250 train_time:1142.531s step_avg:1891.61ms
step:605/3250 train_time:1144.352s step_avg:1891.49ms
step:606/3250 train_time:1146.174s step_avg:1891.38ms
step:607/3250 train_time:1147.995s step_avg:1891.26ms
step:608/3250 train_time:1149.817s step_avg:1891.15ms
step:609/3250 train_time:1152.473s step_avg:1892.40ms
step:610/3250 train_time:1154.294s step_avg:1892.29ms
step:611/3250 train_time:1156.114s step_avg:1892.17ms
step:612/3250 train_time:1157.936s step_avg:1892.05ms
step:613/3250 train_time:1159.756s step_avg:1891.93ms
step:614/3250 train_time:1161.576s step_avg:1891.82ms
step:615/3250 train_time:1163.396s step_avg:1891.70ms
step:616/3250 train_time:1165.216s step_avg:1891.58ms
step:617/3250 train_time:1167.036s step_avg:1891.47ms
step:618/3250 train_time:1168.857s step_avg:1891.35ms
step:619/3250 train_time:1170.678s step_avg:1891.24ms
step:620/3250 train_time:1172.499s step_avg:1891.13ms
step:621/3250 train_time:1174.319s step_avg:1891.01ms
step:622/3250 train_time:1176.139s step_avg:1890.90ms
step:623/3250 train_time:1177.961s step_avg:1890.79ms
step:624/3250 train_time:1179.782s step_avg:1890.68ms
step:625/3250 train_time:1182.776s step_avg:1892.44ms
step:625/3250 val_loss:3.74783 train_time:1182.776s step_avg:1886.36ms
step:626/3250 train_time:1184.598s step_avg:1892.33ms
step:627/3250 train_time:1186.420s step_avg:1892.22ms
step:628/3250 train_time:1188.242s step_avg:1892.11ms
step:629/3250 train_time:1190.063s step_avg:1891.99ms
step:630/3250 train_time:1191.884s step_avg:1891.88ms
step:631/3250 train_time:1193.705s step_avg:1891.77ms
step:632/3250 train_time:1195.528s step_avg:1891.66ms
step:633/3250 train_time:1197.350s step_avg:1891.55ms
step:634/3250 train_time:1199.171s step_avg:1891.44ms
step:635/3250 train_time:1200.991s step_avg:1891.32ms
step:636/3250 train_time:1202.813s step_avg:1891.22ms
step:637/3250 train_time:1204.633s step_avg:1891.10ms
step:638/3250 train_time:1206.455s step_avg:1891.00ms
step:639/3250 train_time:1208.276s step_avg:1890.89ms
step:640/3250 train_time:1210.097s step_avg:1890.78ms
step:641/3250 train_time:1212.753s step_avg:1891.97ms
step:642/3250 train_time:1214.575s step_avg:1891.86ms
step:643/3250 train_time:1216.396s step_avg:1891.75ms
step:644/3250 train_time:1218.217s step_avg:1891.64ms
step:645/3250 train_time:1220.037s step_avg:1891.53ms
step:646/3250 train_time:1221.857s step_avg:1891.42ms
step:647/3250 train_time:1223.678s step_avg:1891.31ms
step:648/3250 train_time:1225.501s step_avg:1891.21ms
step:649/3250 train_time:1227.322s step_avg:1891.10ms
step:650/3250 train_time:1229.417s step_avg:1891.41ms
step:651/3250 train_time:1231.238s step_avg:1891.30ms
step:652/3250 train_time:1233.059s step_avg:1891.19ms
step:653/3250 train_time:1234.880s step_avg:1891.09ms
step:654/3250 train_time:1236.702s step_avg:1890.98ms
step:655/3250 train_time:1238.523s step_avg:1890.88ms
step:656/3250 train_time:1240.344s step_avg:1890.77ms
step:657/3250 train_time:1243.000s step_avg:1891.93ms
step:658/3250 train_time:1244.820s step_avg:1891.82ms
step:659/3250 train_time:1246.642s step_avg:1891.72ms
step:660/3250 train_time:1248.463s step_avg:1891.61ms
step:661/3250 train_time:1250.284s step_avg:1891.50ms
step:662/3250 train_time:1252.105s step_avg:1891.40ms
step:663/3250 train_time:1253.927s step_avg:1891.29ms
step:664/3250 train_time:1255.750s step_avg:1891.19ms
step:665/3250 train_time:1257.571s step_avg:1891.08ms
step:666/3250 train_time:1259.392s step_avg:1890.98ms
step:667/3250 train_time:1261.212s step_avg:1890.87ms
step:668/3250 train_time:1263.033s step_avg:1890.77ms
step:669/3250 train_time:1264.855s step_avg:1890.66ms
step:670/3250 train_time:1266.677s step_avg:1890.56ms
step:671/3250 train_time:1268.498s step_avg:1890.46ms
step:672/3250 train_time:1270.320s step_avg:1890.36ms
step:673/3250 train_time:1272.977s step_avg:1891.50ms
step:674/3250 train_time:1274.797s step_avg:1891.39ms
step:675/3250 train_time:1276.890s step_avg:1891.69ms
step:676/3250 train_time:1278.709s step_avg:1891.58ms
step:677/3250 train_time:1280.531s step_avg:1891.48ms
step:678/3250 train_time:1282.352s step_avg:1891.37ms
step:679/3250 train_time:1284.173s step_avg:1891.27ms
step:680/3250 train_time:1285.994s step_avg:1891.17ms
step:681/3250 train_time:1287.815s step_avg:1891.06ms
step:682/3250 train_time:1289.635s step_avg:1890.96ms
step:683/3250 train_time:1291.456s step_avg:1890.86ms
step:684/3250 train_time:1293.279s step_avg:1890.76ms
step:685/3250 train_time:1295.101s step_avg:1890.66ms
step:686/3250 train_time:1296.922s step_avg:1890.56ms
step:687/3250 train_time:1298.744s step_avg:1890.46ms
step:688/3250 train_time:1300.564s step_avg:1890.35ms
step:689/3250 train_time:1303.220s step_avg:1891.47ms
step:690/3250 train_time:1305.040s step_avg:1891.36ms
step:691/3250 train_time:1306.861s step_avg:1891.26ms
step:692/3250 train_time:1308.682s step_avg:1891.16ms
step:693/3250 train_time:1310.504s step_avg:1891.06ms
step:694/3250 train_time:1312.325s step_avg:1890.96ms
step:695/3250 train_time:1314.146s step_avg:1890.86ms
step:696/3250 train_time:1315.967s step_avg:1890.76ms
step:697/3250 train_time:1317.787s step_avg:1890.66ms
step:698/3250 train_time:1319.609s step_avg:1890.56ms
step:699/3250 train_time:1321.430s step_avg:1890.46ms
step:700/3250 train_time:1323.529s step_avg:1890.76ms
step:701/3250 train_time:1325.351s step_avg:1890.66ms
step:702/3250 train_time:1327.174s step_avg:1890.56ms
step:703/3250 train_time:1328.997s step_avg:1890.46ms
step:704/3250 train_time:1330.819s step_avg:1890.37ms
step:705/3250 train_time:1333.475s step_avg:1891.45ms
step:706/3250 train_time:1335.296s step_avg:1891.35ms
step:707/3250 train_time:1337.118s step_avg:1891.26ms
step:708/3250 train_time:1338.943s step_avg:1891.16ms
step:709/3250 train_time:1340.766s step_avg:1891.07ms
step:710/3250 train_time:1342.589s step_avg:1890.97ms
step:711/3250 train_time:1344.410s step_avg:1890.87ms
step:712/3250 train_time:1346.234s step_avg:1890.78ms
step:713/3250 train_time:1348.055s step_avg:1890.68ms
step:714/3250 train_time:1349.876s step_avg:1890.58ms
step:715/3250 train_time:1351.696s step_avg:1890.48ms
step:716/3250 train_time:1353.518s step_avg:1890.39ms
step:717/3250 train_time:1355.339s step_avg:1890.29ms
step:718/3250 train_time:1357.162s step_avg:1890.20ms
step:719/3250 train_time:1358.984s step_avg:1890.10ms
step:720/3250 train_time:1360.805s step_avg:1890.01ms
step:721/3250 train_time:1363.462s step_avg:1891.07ms
step:722/3250 train_time:1365.283s step_avg:1890.97ms
step:723/3250 train_time:1367.105s step_avg:1890.88ms
step:724/3250 train_time:1368.926s step_avg:1890.78ms
step:725/3250 train_time:1371.021s step_avg:1891.06ms
step:726/3250 train_time:1372.841s step_avg:1890.97ms
step:727/3250 train_time:1374.662s step_avg:1890.87ms
step:728/3250 train_time:1376.484s step_avg:1890.78ms
step:729/3250 train_time:1378.305s step_avg:1890.68ms
step:730/3250 train_time:1380.126s step_avg:1890.58ms
step:731/3250 train_time:1381.947s step_avg:1890.49ms
step:732/3250 train_time:1383.768s step_avg:1890.39ms
step:733/3250 train_time:1385.592s step_avg:1890.30ms
step:734/3250 train_time:1387.414s step_avg:1890.21ms
step:735/3250 train_time:1389.235s step_avg:1890.12ms
step:736/3250 train_time:1391.055s step_avg:1890.02ms
step:737/3250 train_time:1393.712s step_avg:1891.06ms
step:738/3250 train_time:1395.533s step_avg:1890.97ms
step:739/3250 train_time:1397.354s step_avg:1890.87ms
step:740/3250 train_time:1399.175s step_avg:1890.78ms
step:741/3250 train_time:1400.996s step_avg:1890.68ms
step:742/3250 train_time:1402.817s step_avg:1890.59ms
step:743/3250 train_time:1404.639s step_avg:1890.50ms
step:744/3250 train_time:1406.461s step_avg:1890.40ms
step:745/3250 train_time:1408.283s step_avg:1890.31ms
step:746/3250 train_time:1410.104s step_avg:1890.22ms
step:747/3250 train_time:1411.926s step_avg:1890.13ms
step:748/3250 train_time:1413.749s step_avg:1890.04ms
step:749/3250 train_time:1415.570s step_avg:1889.95ms
step:750/3250 train_time:1417.731s step_avg:1890.31ms
step:750/3250 val_loss:3.70936 train_time:1417.731s step_avg:1879.64ms
step:751/3250 train_time:1419.554s step_avg:1890.22ms
step:752/3250 train_time:1421.375s step_avg:1890.13ms
step:753/3250 train_time:1424.032s step_avg:1891.14ms
step:754/3250 train_time:1425.852s step_avg:1891.05ms
step:755/3250 train_time:1427.672s step_avg:1890.96ms
step:756/3250 train_time:1429.493s step_avg:1890.86ms
step:757/3250 train_time:1431.315s step_avg:1890.77ms
step:758/3250 train_time:1433.136s step_avg:1890.68ms
step:759/3250 train_time:1434.957s step_avg:1890.59ms
step:760/3250 train_time:1436.778s step_avg:1890.50ms
step:761/3250 train_time:1438.635s step_avg:1890.45ms
step:762/3250 train_time:1440.456s step_avg:1890.36ms
step:763/3250 train_time:1442.277s step_avg:1890.27ms
step:764/3250 train_time:1444.099s step_avg:1890.18ms
step:765/3250 train_time:1445.920s step_avg:1890.09ms
step:766/3250 train_time:1447.741s step_avg:1890.00ms
step:767/3250 train_time:1449.562s step_avg:1889.91ms
step:768/3250 train_time:1451.383s step_avg:1889.82ms
step:769/3250 train_time:1454.039s step_avg:1890.82ms
step:770/3250 train_time:1455.860s step_avg:1890.73ms
step:771/3250 train_time:1457.681s step_avg:1890.64ms
step:772/3250 train_time:1459.501s step_avg:1890.55ms
step:773/3250 train_time:1461.322s step_avg:1890.46ms
step:774/3250 train_time:1463.142s step_avg:1890.36ms
step:775/3250 train_time:1465.236s step_avg:1890.63ms
step:776/3250 train_time:1467.057s step_avg:1890.54ms
step:777/3250 train_time:1468.878s step_avg:1890.45ms
step:778/3250 train_time:1470.698s step_avg:1890.36ms
step:779/3250 train_time:1472.518s step_avg:1890.27ms
step:780/3250 train_time:1474.339s step_avg:1890.18ms
step:781/3250 train_time:1476.162s step_avg:1890.09ms
step:782/3250 train_time:1477.983s step_avg:1890.00ms
step:783/3250 train_time:1479.804s step_avg:1889.92ms
step:784/3250 train_time:1481.625s step_avg:1889.83ms
step:785/3250 train_time:1484.281s step_avg:1890.80ms
step:786/3250 train_time:1486.102s step_avg:1890.72ms
step:787/3250 train_time:1487.923s step_avg:1890.63ms
step:788/3250 train_time:1489.743s step_avg:1890.54ms
step:789/3250 train_time:1491.563s step_avg:1890.45ms
step:790/3250 train_time:1493.384s step_avg:1890.36ms
step:791/3250 train_time:1495.206s step_avg:1890.27ms
step:792/3250 train_time:1497.027s step_avg:1890.19ms
step:793/3250 train_time:1498.848s step_avg:1890.10ms
step:794/3250 train_time:1500.668s step_avg:1890.01ms
step:795/3250 train_time:1502.489s step_avg:1889.92ms
step:796/3250 train_time:1504.311s step_avg:1889.84ms
step:797/3250 train_time:1506.133s step_avg:1889.75ms
step:798/3250 train_time:1507.955s step_avg:1889.67ms
step:799/3250 train_time:1509.775s step_avg:1889.58ms
step:800/3250 train_time:1511.868s step_avg:1889.84ms
step:801/3250 train_time:1514.524s step_avg:1890.79ms
step:802/3250 train_time:1516.345s step_avg:1890.70ms
step:803/3250 train_time:1518.165s step_avg:1890.62ms
step:804/3250 train_time:1519.986s step_avg:1890.53ms
step:805/3250 train_time:1521.807s step_avg:1890.44ms
step:806/3250 train_time:1523.628s step_avg:1890.36ms
step:807/3250 train_time:1525.450s step_avg:1890.27ms
step:808/3250 train_time:1527.271s step_avg:1890.19ms
step:809/3250 train_time:1529.091s step_avg:1890.10ms
step:810/3250 train_time:1530.912s step_avg:1890.01ms
step:811/3250 train_time:1532.733s step_avg:1889.93ms
step:812/3250 train_time:1534.556s step_avg:1889.85ms
step:813/3250 train_time:1536.377s step_avg:1889.76ms
step:814/3250 train_time:1538.200s step_avg:1889.68ms
step:815/3250 train_time:1540.021s step_avg:1889.60ms
step:816/3250 train_time:1541.842s step_avg:1889.51ms
step:817/3250 train_time:1544.498s step_avg:1890.45ms
step:818/3250 train_time:1546.318s step_avg:1890.36ms
step:819/3250 train_time:1548.139s step_avg:1890.28ms
step:820/3250 train_time:1549.964s step_avg:1890.20ms
step:821/3250 train_time:1551.788s step_avg:1890.12ms
step:822/3250 train_time:1553.610s step_avg:1890.04ms
step:823/3250 train_time:1555.432s step_avg:1889.95ms
step:824/3250 train_time:1557.255s step_avg:1889.87ms
step:825/3250 train_time:1559.354s step_avg:1890.13ms
step:826/3250 train_time:1561.176s step_avg:1890.04ms
step:827/3250 train_time:1562.998s step_avg:1889.96ms
step:828/3250 train_time:1564.820s step_avg:1889.88ms
step:829/3250 train_time:1566.642s step_avg:1889.80ms
step:830/3250 train_time:1568.464s step_avg:1889.72ms
step:831/3250 train_time:1570.286s step_avg:1889.63ms
step:832/3250 train_time:1572.109s step_avg:1889.55ms
step:833/3250 train_time:1574.765s step_avg:1890.47ms
step:834/3250 train_time:1576.587s step_avg:1890.39ms
step:835/3250 train_time:1578.409s step_avg:1890.31ms
step:836/3250 train_time:1580.231s step_avg:1890.23ms
step:837/3250 train_time:1582.053s step_avg:1890.15ms
step:838/3250 train_time:1583.877s step_avg:1890.07ms
step:839/3250 train_time:1585.700s step_avg:1889.99ms
step:840/3250 train_time:1587.522s step_avg:1889.91ms
step:841/3250 train_time:1589.345s step_avg:1889.83ms
step:842/3250 train_time:1591.166s step_avg:1889.75ms
step:843/3250 train_time:1592.987s step_avg:1889.66ms
step:844/3250 train_time:1594.809s step_avg:1889.58ms
step:845/3250 train_time:1596.632s step_avg:1889.51ms
step:846/3250 train_time:1598.456s step_avg:1889.43ms
step:847/3250 train_time:1600.277s step_avg:1889.35ms
step:848/3250 train_time:1602.098s step_avg:1889.27ms
step:849/3250 train_time:1604.755s step_avg:1890.17ms
step:850/3250 train_time:1606.849s step_avg:1890.41ms
step:851/3250 train_time:1608.669s step_avg:1890.33ms
step:852/3250 train_time:1610.490s step_avg:1890.25ms
step:853/3250 train_time:1612.312s step_avg:1890.17ms
step:854/3250 train_time:1614.133s step_avg:1890.09ms
step:855/3250 train_time:1615.954s step_avg:1890.01ms
step:856/3250 train_time:1617.777s step_avg:1889.93ms
step:857/3250 train_time:1619.599s step_avg:1889.85ms
step:858/3250 train_time:1621.420s step_avg:1889.77ms
step:859/3250 train_time:1623.242s step_avg:1889.69ms
step:860/3250 train_time:1625.064s step_avg:1889.61ms
step:861/3250 train_time:1626.886s step_avg:1889.53ms
step:862/3250 train_time:1628.707s step_avg:1889.45ms
step:863/3250 train_time:1630.529s step_avg:1889.37ms
step:864/3250 train_time:1632.351s step_avg:1889.29ms
step:865/3250 train_time:1635.007s step_avg:1890.18ms
step:866/3250 train_time:1636.828s step_avg:1890.10ms
step:867/3250 train_time:1638.650s step_avg:1890.02ms
step:868/3250 train_time:1640.471s step_avg:1889.94ms
step:869/3250 train_time:1642.294s step_avg:1889.87ms
step:870/3250 train_time:1644.116s step_avg:1889.79ms
step:871/3250 train_time:1645.938s step_avg:1889.71ms
step:872/3250 train_time:1647.760s step_avg:1889.63ms
step:873/3250 train_time:1649.582s step_avg:1889.56ms
step:874/3250 train_time:1651.404s step_avg:1889.48ms
step:875/3250 train_time:1653.563s step_avg:1889.79ms
step:875/3250 val_loss:3.67334 train_time:1653.564s step_avg:1886.66ms
step:876/3250 train_time:1655.387s step_avg:1889.71ms
step:877/3250 train_time:1657.209s step_avg:1889.63ms
step:878/3250 train_time:1659.032s step_avg:1889.56ms
step:879/3250 train_time:1660.855s step_avg:1889.48ms
step:880/3250 train_time:1662.679s step_avg:1889.41ms
step:881/3250 train_time:1665.336s step_avg:1890.28ms
step:882/3250 train_time:1667.157s step_avg:1890.20ms
step:883/3250 train_time:1668.977s step_avg:1890.12ms
step:884/3250 train_time:1670.801s step_avg:1890.05ms
step:885/3250 train_time:1672.624s step_avg:1889.97ms
step:886/3250 train_time:1674.445s step_avg:1889.89ms
step:887/3250 train_time:1676.266s step_avg:1889.82ms
step:888/3250 train_time:1678.087s step_avg:1889.74ms
step:889/3250 train_time:1679.909s step_avg:1889.66ms
step:890/3250 train_time:1681.731s step_avg:1889.59ms
step:891/3250 train_time:1683.553s step_avg:1889.51ms
step:892/3250 train_time:1685.374s step_avg:1889.43ms
step:893/3250 train_time:1687.196s step_avg:1889.36ms
step:894/3250 train_time:1689.017s step_avg:1889.28ms
step:895/3250 train_time:1690.840s step_avg:1889.21ms
step:896/3250 train_time:1692.663s step_avg:1889.13ms
step:897/3250 train_time:1695.320s step_avg:1889.99ms
step:898/3250 train_time:1697.141s step_avg:1889.91ms
step:899/3250 train_time:1698.963s step_avg:1889.84ms
step:900/3250 train_time:1701.057s step_avg:1890.06ms
step:901/3250 train_time:1702.879s step_avg:1889.99ms
step:902/3250 train_time:1704.700s step_avg:1889.91ms
step:903/3250 train_time:1706.520s step_avg:1889.83ms
step:904/3250 train_time:1708.342s step_avg:1889.76ms
step:905/3250 train_time:1710.164s step_avg:1889.68ms
step:906/3250 train_time:1711.985s step_avg:1889.61ms
step:907/3250 train_time:1713.807s step_avg:1889.53ms
step:908/3250 train_time:1715.628s step_avg:1889.46ms
step:909/3250 train_time:1717.450s step_avg:1889.38ms
step:910/3250 train_time:1719.271s step_avg:1889.31ms
step:911/3250 train_time:1721.093s step_avg:1889.24ms
step:912/3250 train_time:1722.916s step_avg:1889.16ms
step:913/3250 train_time:1725.572s step_avg:1890.00ms
step:914/3250 train_time:1727.394s step_avg:1889.93ms
step:915/3250 train_time:1729.216s step_avg:1889.85ms
step:916/3250 train_time:1731.037s step_avg:1889.78ms
step:917/3250 train_time:1732.860s step_avg:1889.71ms
step:918/3250 train_time:1734.683s step_avg:1889.63ms
step:919/3250 train_time:1736.505s step_avg:1889.56ms
step:920/3250 train_time:1738.327s step_avg:1889.49ms
step:921/3250 train_time:1740.149s step_avg:1889.41ms
step:922/3250 train_time:1741.973s step_avg:1889.34ms
step:923/3250 train_time:1743.795s step_avg:1889.27ms
step:924/3250 train_time:1745.618s step_avg:1889.20ms
step:925/3250 train_time:1747.722s step_avg:1889.43ms
step:926/3250 train_time:1749.544s step_avg:1889.36ms
step:927/3250 train_time:1751.367s step_avg:1889.28ms
step:928/3250 train_time:1753.191s step_avg:1889.21ms
step:929/3250 train_time:1755.848s step_avg:1890.04ms
step:930/3250 train_time:1757.668s step_avg:1889.97ms
step:931/3250 train_time:1759.490s step_avg:1889.89ms
step:932/3250 train_time:1761.312s step_avg:1889.82ms
step:933/3250 train_time:1763.137s step_avg:1889.75ms
step:934/3250 train_time:1764.959s step_avg:1889.68ms
step:935/3250 train_time:1766.781s step_avg:1889.61ms
step:936/3250 train_time:1768.603s step_avg:1889.53ms
step:937/3250 train_time:1770.426s step_avg:1889.46ms
step:938/3250 train_time:1772.249s step_avg:1889.39ms
step:939/3250 train_time:1774.071s step_avg:1889.32ms
step:940/3250 train_time:1775.893s step_avg:1889.25ms
step:941/3250 train_time:1777.714s step_avg:1889.18ms
step:942/3250 train_time:1779.538s step_avg:1889.11ms
step:943/3250 train_time:1781.361s step_avg:1889.04ms
step:944/3250 train_time:1783.184s step_avg:1888.97ms
step:945/3250 train_time:1785.841s step_avg:1889.78ms
step:946/3250 train_time:1787.663s step_avg:1889.71ms
step:947/3250 train_time:1789.486s step_avg:1889.64ms
step:948/3250 train_time:1791.308s step_avg:1889.57ms
step:949/3250 train_time:1793.130s step_avg:1889.49ms
step:950/3250 train_time:1795.234s step_avg:1889.72ms
step:951/3250 train_time:1797.093s step_avg:1889.69ms
step:952/3250 train_time:1798.914s step_avg:1889.62ms
step:953/3250 train_time:1800.736s step_avg:1889.54ms
step:954/3250 train_time:1802.558s step_avg:1889.47ms
step:955/3250 train_time:1804.378s step_avg:1889.40ms
step:956/3250 train_time:1806.200s step_avg:1889.33ms
step:957/3250 train_time:1808.020s step_avg:1889.26ms
step:958/3250 train_time:1809.841s step_avg:1889.19ms
step:959/3250 train_time:1811.661s step_avg:1889.12ms
step:960/3250 train_time:1813.483s step_avg:1889.05ms
step:961/3250 train_time:1816.140s step_avg:1889.84ms
step:962/3250 train_time:1817.960s step_avg:1889.77ms
step:963/3250 train_time:1819.780s step_avg:1889.70ms
step:964/3250 train_time:1821.601s step_avg:1889.63ms
step:965/3250 train_time:1823.423s step_avg:1889.56ms
step:966/3250 train_time:1825.243s step_avg:1889.49ms
step:967/3250 train_time:1827.063s step_avg:1889.41ms
step:968/3250 train_time:1828.884s step_avg:1889.34ms
step:969/3250 train_time:1830.706s step_avg:1889.27ms
step:970/3250 train_time:1832.529s step_avg:1889.20ms
step:971/3250 train_time:1834.349s step_avg:1889.13ms
step:972/3250 train_time:1836.171s step_avg:1889.06ms
step:973/3250 train_time:1837.992s step_avg:1888.99ms
step:974/3250 train_time:1839.814s step_avg:1888.93ms
step:975/3250 train_time:1841.914s step_avg:1889.14ms
step:976/3250 train_time:1843.736s step_avg:1889.07ms
step:977/3250 train_time:1846.392s step_avg:1889.86ms
step:978/3250 train_time:1848.213s step_avg:1889.79ms
step:979/3250 train_time:1850.034s step_avg:1889.72ms
step:980/3250 train_time:1851.855s step_avg:1889.65ms
step:981/3250 train_time:1853.676s step_avg:1889.58ms
step:982/3250 train_time:1855.497s step_avg:1889.51ms
step:983/3250 train_time:1857.317s step_avg:1889.44ms
step:984/3250 train_time:1859.138s step_avg:1889.37ms
step:985/3250 train_time:1860.958s step_avg:1889.30ms
step:986/3250 train_time:1862.781s step_avg:1889.23ms
step:987/3250 train_time:1864.601s step_avg:1889.16ms
step:988/3250 train_time:1866.421s step_avg:1889.09ms
step:989/3250 train_time:1868.241s step_avg:1889.02ms
step:990/3250 train_time:1870.064s step_avg:1888.95ms
step:991/3250 train_time:1871.885s step_avg:1888.89ms
step:992/3250 train_time:1873.708s step_avg:1888.82ms
step:993/3250 train_time:1876.364s step_avg:1889.59ms
step:994/3250 train_time:1878.186s step_avg:1889.52ms
step:995/3250 train_time:1880.007s step_avg:1889.45ms
step:996/3250 train_time:1881.826s step_avg:1889.38ms
step:997/3250 train_time:1883.649s step_avg:1889.32ms
step:998/3250 train_time:1885.470s step_avg:1889.25ms
step:999/3250 train_time:1887.291s step_avg:1889.18ms
step:1000/3250 train_time:1889.458s step_avg:1889.46ms
step:1000/3250 val_loss:3.64119 train_time:1889.459s step_avg:1887.16ms
step:1001/3250 train_time:1891.282s step_avg:1889.39ms
step:1002/3250 train_time:1893.103s step_avg:1889.32ms
step:1003/3250 train_time:1894.923s step_avg:1889.26ms
step:1004/3250 train_time:1896.744s step_avg:1889.19ms
step:1005/3250 train_time:1898.565s step_avg:1889.12ms
step:1006/3250 train_time:1900.386s step_avg:1889.05ms
step:1007/3250 train_time:1902.208s step_avg:1888.98ms
step:1008/3250 train_time:1904.029s step_avg:1888.92ms
step:1009/3250 train_time:1906.685s step_avg:1889.68ms
step:1010/3250 train_time:1908.506s step_avg:1889.61ms
step:1011/3250 train_time:1910.328s step_avg:1889.54ms
step:1012/3250 train_time:1912.148s step_avg:1889.47ms
step:1013/3250 train_time:1913.970s step_avg:1889.41ms
step:1014/3250 train_time:1915.791s step_avg:1889.34ms
step:1015/3250 train_time:1917.612s step_avg:1889.27ms
step:1016/3250 train_time:1919.433s step_avg:1889.21ms
step:1017/3250 train_time:1921.255s step_avg:1889.14ms
step:1018/3250 train_time:1923.076s step_avg:1889.07ms
step:1019/3250 train_time:1924.897s step_avg:1889.01ms
step:1020/3250 train_time:1926.718s step_avg:1888.94ms
step:1021/3250 train_time:1928.540s step_avg:1888.87ms
step:1022/3250 train_time:1930.363s step_avg:1888.81ms
step:1023/3250 train_time:1932.184s step_avg:1888.74ms
step:1024/3250 train_time:1934.005s step_avg:1888.68ms
step:1025/3250 train_time:1936.934s step_avg:1889.69ms
step:1026/3250 train_time:1938.754s step_avg:1889.62ms
step:1027/3250 train_time:1940.575s step_avg:1889.56ms
step:1028/3250 train_time:1942.396s step_avg:1889.49ms
step:1029/3250 train_time:1944.217s step_avg:1889.42ms
step:1030/3250 train_time:1946.038s step_avg:1889.36ms
step:1031/3250 train_time:1947.859s step_avg:1889.29ms
step:1032/3250 train_time:1949.681s step_avg:1889.23ms
step:1033/3250 train_time:1951.503s step_avg:1889.16ms
step:1034/3250 train_time:1953.325s step_avg:1889.10ms
step:1035/3250 train_time:1955.147s step_avg:1889.03ms
step:1036/3250 train_time:1956.968s step_avg:1888.97ms
step:1037/3250 train_time:1958.790s step_avg:1888.90ms
step:1038/3250 train_time:1960.611s step_avg:1888.84ms
step:1039/3250 train_time:1962.432s step_avg:1888.77ms
step:1040/3250 train_time:1964.253s step_avg:1888.70ms
step:1041/3250 train_time:1966.911s step_avg:1889.44ms
step:1042/3250 train_time:1968.731s step_avg:1889.38ms
step:1043/3250 train_time:1970.554s step_avg:1889.31ms
step:1044/3250 train_time:1972.376s step_avg:1889.25ms
step:1045/3250 train_time:1974.198s step_avg:1889.18ms
step:1046/3250 train_time:1976.019s step_avg:1889.12ms
step:1047/3250 train_time:1977.840s step_avg:1889.05ms
step:1048/3250 train_time:1979.665s step_avg:1888.99ms
step:1049/3250 train_time:1981.487s step_avg:1888.93ms
step:1050/3250 train_time:1983.580s step_avg:1889.12ms
step:1051/3250 train_time:1985.401s step_avg:1889.06ms
step:1052/3250 train_time:1987.222s step_avg:1888.99ms
step:1053/3250 train_time:1989.043s step_avg:1888.93ms
step:1054/3250 train_time:1990.865s step_avg:1888.87ms
step:1055/3250 train_time:1992.690s step_avg:1888.81ms
step:1056/3250 train_time:1994.513s step_avg:1888.74ms
step:1057/3250 train_time:1997.170s step_avg:1889.47ms
step:1058/3250 train_time:1998.993s step_avg:1889.41ms
step:1059/3250 train_time:2000.815s step_avg:1889.34ms
step:1060/3250 train_time:2002.636s step_avg:1889.28ms
step:1061/3250 train_time:2004.458s step_avg:1889.22ms
step:1062/3250 train_time:2006.279s step_avg:1889.15ms
step:1063/3250 train_time:2008.102s step_avg:1889.09ms
step:1064/3250 train_time:2009.925s step_avg:1889.03ms
step:1065/3250 train_time:2011.749s step_avg:1888.97ms
step:1066/3250 train_time:2013.570s step_avg:1888.90ms
step:1067/3250 train_time:2015.392s step_avg:1888.84ms
step:1068/3250 train_time:2017.214s step_avg:1888.78ms
step:1069/3250 train_time:2019.036s step_avg:1888.72ms
step:1070/3250 train_time:2020.860s step_avg:1888.65ms
step:1071/3250 train_time:2022.683s step_avg:1888.59ms
step:1072/3250 train_time:2024.505s step_avg:1888.53ms
step:1073/3250 train_time:2027.162s step_avg:1889.25ms
step:1074/3250 train_time:2028.984s step_avg:1889.18ms
step:1075/3250 train_time:2031.086s step_avg:1889.38ms
step:1076/3250 train_time:2032.908s step_avg:1889.32ms
step:1077/3250 train_time:2034.729s step_avg:1889.26ms
step:1078/3250 train_time:2036.552s step_avg:1889.19ms
step:1079/3250 train_time:2038.375s step_avg:1889.13ms
step:1080/3250 train_time:2040.199s step_avg:1889.07ms
step:1081/3250 train_time:2042.022s step_avg:1889.01ms
step:1082/3250 train_time:2043.845s step_avg:1888.95ms
step:1083/3250 train_time:2045.667s step_avg:1888.89ms
step:1084/3250 train_time:2047.489s step_avg:1888.83ms
step:1085/3250 train_time:2049.312s step_avg:1888.77ms
step:1086/3250 train_time:2051.136s step_avg:1888.71ms
step:1087/3250 train_time:2052.959s step_avg:1888.65ms
step:1088/3250 train_time:2054.782s step_avg:1888.59ms
step:1089/3250 train_time:2057.439s step_avg:1889.29ms
step:1090/3250 train_time:2059.263s step_avg:1889.23ms
step:1091/3250 train_time:2061.086s step_avg:1889.17ms
step:1092/3250 train_time:2062.909s step_avg:1889.11ms
step:1093/3250 train_time:2064.731s step_avg:1889.05ms
step:1094/3250 train_time:2066.553s step_avg:1888.99ms
step:1095/3250 train_time:2068.376s step_avg:1888.93ms
step:1096/3250 train_time:2070.198s step_avg:1888.87ms
step:1097/3250 train_time:2072.021s step_avg:1888.81ms
step:1098/3250 train_time:2073.843s step_avg:1888.75ms
step:1099/3250 train_time:2075.664s step_avg:1888.68ms
step:1100/3250 train_time:2077.758s step_avg:1888.87ms
step:1101/3250 train_time:2079.579s step_avg:1888.81ms
step:1102/3250 train_time:2081.402s step_avg:1888.75ms
step:1103/3250 train_time:2083.224s step_avg:1888.69ms
step:1104/3250 train_time:2085.045s step_avg:1888.63ms
step:1105/3250 train_time:2087.702s step_avg:1889.32ms
step:1106/3250 train_time:2089.524s step_avg:1889.26ms
step:1107/3250 train_time:2091.347s step_avg:1889.20ms
step:1108/3250 train_time:2093.169s step_avg:1889.14ms
step:1109/3250 train_time:2094.990s step_avg:1889.08ms
step:1110/3250 train_time:2096.811s step_avg:1889.02ms
step:1111/3250 train_time:2098.634s step_avg:1888.96ms
step:1112/3250 train_time:2100.457s step_avg:1888.90ms
step:1113/3250 train_time:2102.278s step_avg:1888.84ms
step:1114/3250 train_time:2104.100s step_avg:1888.78ms
step:1115/3250 train_time:2105.921s step_avg:1888.72ms
step:1116/3250 train_time:2107.743s step_avg:1888.66ms
step:1117/3250 train_time:2109.566s step_avg:1888.60ms
step:1118/3250 train_time:2111.388s step_avg:1888.54ms
step:1119/3250 train_time:2113.209s step_avg:1888.48ms
step:1120/3250 train_time:2115.030s step_avg:1888.42ms
step:1121/3250 train_time:2117.688s step_avg:1889.11ms
step:1122/3250 train_time:2119.510s step_avg:1889.05ms
step:1123/3250 train_time:2121.333s step_avg:1888.99ms
step:1124/3250 train_time:2123.156s step_avg:1888.93ms
step:1125/3250 train_time:2125.315s step_avg:1889.17ms
step:1125/3250 val_loss:3.61341 train_time:2125.316s step_avg:1886.86ms
step:1126/3250 train_time:2127.140s step_avg:1889.11ms
step:1127/3250 train_time:2128.963s step_avg:1889.05ms
step:1128/3250 train_time:2130.784s step_avg:1888.99ms
step:1129/3250 train_time:2132.607s step_avg:1888.93ms
step:1130/3250 train_time:2134.429s step_avg:1888.88ms
step:1131/3250 train_time:2136.252s step_avg:1888.82ms
step:1132/3250 train_time:2138.075s step_avg:1888.76ms
step:1133/3250 train_time:2139.898s step_avg:1888.70ms
step:1134/3250 train_time:2141.719s step_avg:1888.64ms
step:1135/3250 train_time:2143.543s step_avg:1888.58ms
step:1136/3250 train_time:2145.366s step_avg:1888.53ms
step:1137/3250 train_time:2148.024s step_avg:1889.20ms
step:1138/3250 train_time:2149.847s step_avg:1889.15ms
step:1139/3250 train_time:2151.669s step_avg:1889.09ms
step:1140/3250 train_time:2153.491s step_avg:1889.03ms
step:1141/3250 train_time:2155.349s step_avg:1889.00ms
step:1142/3250 train_time:2157.171s step_avg:1888.94ms
step:1143/3250 train_time:2158.994s step_avg:1888.88ms
step:1144/3250 train_time:2160.816s step_avg:1888.82ms
step:1145/3250 train_time:2162.637s step_avg:1888.77ms
step:1146/3250 train_time:2164.459s step_avg:1888.71ms
step:1147/3250 train_time:2166.280s step_avg:1888.65ms
step:1148/3250 train_time:2168.103s step_avg:1888.59ms
step:1149/3250 train_time:2169.924s step_avg:1888.53ms
step:1150/3250 train_time:2172.017s step_avg:1888.71ms
step:1151/3250 train_time:2173.838s step_avg:1888.65ms
step:1152/3250 train_time:2175.660s step_avg:1888.59ms
step:1153/3250 train_time:2178.317s step_avg:1889.26ms
step:1154/3250 train_time:2180.138s step_avg:1889.20ms
step:1155/3250 train_time:2181.960s step_avg:1889.14ms
step:1156/3250 train_time:2183.780s step_avg:1889.08ms
step:1157/3250 train_time:2185.601s step_avg:1889.02ms
step:1158/3250 train_time:2187.423s step_avg:1888.97ms
step:1159/3250 train_time:2189.245s step_avg:1888.91ms
step:1160/3250 train_time:2191.066s step_avg:1888.85ms
step:1161/3250 train_time:2192.887s step_avg:1888.79ms
step:1162/3250 train_time:2194.708s step_avg:1888.73ms
step:1163/3250 train_time:2196.530s step_avg:1888.68ms
step:1164/3250 train_time:2198.352s step_avg:1888.62ms
step:1165/3250 train_time:2200.174s step_avg:1888.56ms
step:1166/3250 train_time:2201.996s step_avg:1888.50ms
step:1167/3250 train_time:2203.819s step_avg:1888.45ms
step:1168/3250 train_time:2205.641s step_avg:1888.39ms
step:1169/3250 train_time:2208.298s step_avg:1889.05ms
step:1170/3250 train_time:2210.120s step_avg:1888.99ms
step:1171/3250 train_time:2211.942s step_avg:1888.93ms
step:1172/3250 train_time:2213.763s step_avg:1888.88ms
step:1173/3250 train_time:2215.585s step_avg:1888.82ms
step:1174/3250 train_time:2217.406s step_avg:1888.76ms
step:1175/3250 train_time:2219.500s step_avg:1888.94ms
step:1176/3250 train_time:2221.321s step_avg:1888.88ms
step:1177/3250 train_time:2223.142s step_avg:1888.82ms
step:1178/3250 train_time:2224.964s step_avg:1888.76ms
step:1179/3250 train_time:2226.786s step_avg:1888.71ms
step:1180/3250 train_time:2228.609s step_avg:1888.65ms
step:1181/3250 train_time:2230.433s step_avg:1888.60ms
step:1182/3250 train_time:2232.255s step_avg:1888.54ms
step:1183/3250 train_time:2234.077s step_avg:1888.48ms
step:1184/3250 train_time:2235.899s step_avg:1888.43ms
step:1185/3250 train_time:2238.556s step_avg:1889.08ms
step:1186/3250 train_time:2240.379s step_avg:1889.02ms
step:1187/3250 train_time:2242.201s step_avg:1888.96ms
step:1188/3250 train_time:2244.022s step_avg:1888.91ms
step:1189/3250 train_time:2245.843s step_avg:1888.85ms
step:1190/3250 train_time:2247.664s step_avg:1888.79ms
step:1191/3250 train_time:2249.486s step_avg:1888.74ms
step:1192/3250 train_time:2251.308s step_avg:1888.68ms
step:1193/3250 train_time:2253.129s step_avg:1888.62ms
step:1194/3250 train_time:2254.951s step_avg:1888.57ms
step:1195/3250 train_time:2256.772s step_avg:1888.51ms
step:1196/3250 train_time:2258.595s step_avg:1888.46ms
step:1197/3250 train_time:2260.417s step_avg:1888.40ms
step:1198/3250 train_time:2262.238s step_avg:1888.35ms
step:1199/3250 train_time:2264.060s step_avg:1888.29ms
step:1200/3250 train_time:2266.154s step_avg:1888.46ms
step:1201/3250 train_time:2268.811s step_avg:1889.10ms
step:1202/3250 train_time:2270.632s step_avg:1889.05ms
step:1203/3250 train_time:2272.454s step_avg:1888.99ms
step:1204/3250 train_time:2274.275s step_avg:1888.93ms
step:1205/3250 train_time:2276.097s step_avg:1888.88ms
step:1206/3250 train_time:2277.919s step_avg:1888.82ms
step:1207/3250 train_time:2279.742s step_avg:1888.77ms
step:1208/3250 train_time:2281.564s step_avg:1888.71ms
step:1209/3250 train_time:2283.385s step_avg:1888.66ms
step:1210/3250 train_time:2285.207s step_avg:1888.60ms
step:1211/3250 train_time:2287.030s step_avg:1888.55ms
step:1212/3250 train_time:2288.853s step_avg:1888.49ms
step:1213/3250 train_time:2290.675s step_avg:1888.44ms
step:1214/3250 train_time:2292.497s step_avg:1888.38ms
step:1215/3250 train_time:2294.318s step_avg:1888.33ms
step:1216/3250 train_time:2296.141s step_avg:1888.27ms
step:1217/3250 train_time:2298.798s step_avg:1888.91ms
step:1218/3250 train_time:2300.620s step_avg:1888.85ms
step:1219/3250 train_time:2302.441s step_avg:1888.80ms
step:1220/3250 train_time:2304.263s step_avg:1888.74ms
step:1221/3250 train_time:2306.085s step_avg:1888.69ms
step:1222/3250 train_time:2307.907s step_avg:1888.63ms
step:1223/3250 train_time:2309.729s step_avg:1888.58ms
step:1224/3250 train_time:2311.551s step_avg:1888.52ms
step:1225/3250 train_time:2313.645s step_avg:1888.69ms
step:1226/3250 train_time:2315.466s step_avg:1888.63ms
step:1227/3250 train_time:2317.289s step_avg:1888.58ms
step:1228/3250 train_time:2319.112s step_avg:1888.53ms
step:1229/3250 train_time:2320.933s step_avg:1888.47ms
step:1230/3250 train_time:2322.756s step_avg:1888.42ms
step:1231/3250 train_time:2324.577s step_avg:1888.37ms
step:1232/3250 train_time:2326.400s step_avg:1888.31ms
step:1233/3250 train_time:2329.057s step_avg:1888.94ms
step:1234/3250 train_time:2330.879s step_avg:1888.88ms
step:1235/3250 train_time:2332.700s step_avg:1888.83ms
step:1236/3250 train_time:2334.521s step_avg:1888.77ms
step:1237/3250 train_time:2336.342s step_avg:1888.72ms
step:1238/3250 train_time:2338.164s step_avg:1888.66ms
step:1239/3250 train_time:2339.987s step_avg:1888.61ms
step:1240/3250 train_time:2341.809s step_avg:1888.56ms
step:1241/3250 train_time:2343.631s step_avg:1888.50ms
step:1242/3250 train_time:2345.452s step_avg:1888.45ms
step:1243/3250 train_time:2347.274s step_avg:1888.39ms
step:1244/3250 train_time:2349.096s step_avg:1888.34ms
step:1245/3250 train_time:2350.919s step_avg:1888.29ms
step:1246/3250 train_time:2352.741s step_avg:1888.23ms
step:1247/3250 train_time:2354.562s step_avg:1888.18ms
step:1248/3250 train_time:2356.384s step_avg:1888.13ms
step:1249/3250 train_time:2359.041s step_avg:1888.74ms
step:1250/3250 train_time:2361.201s step_avg:1888.96ms
step:1250/3250 val_loss:3.58458 train_time:2361.202s step_avg:1887.09ms
step:1251/3250 train_time:2363.024s step_avg:1888.91ms
step:1252/3250 train_time:2364.846s step_avg:1888.85ms
step:1253/3250 train_time:2366.668s step_avg:1888.80ms
step:1254/3250 train_time:2368.492s step_avg:1888.75ms
step:1255/3250 train_time:2370.314s step_avg:1888.70ms
step:1256/3250 train_time:2372.137s step_avg:1888.64ms
step:1257/3250 train_time:2373.959s step_avg:1888.59ms
step:1258/3250 train_time:2375.782s step_avg:1888.54ms
step:1259/3250 train_time:2377.605s step_avg:1888.49ms
step:1260/3250 train_time:2379.429s step_avg:1888.44ms
step:1261/3250 train_time:2381.250s step_avg:1888.38ms
step:1262/3250 train_time:2383.072s step_avg:1888.33ms
step:1263/3250 train_time:2384.894s step_avg:1888.28ms
step:1264/3250 train_time:2386.717s step_avg:1888.23ms
step:1265/3250 train_time:2389.375s step_avg:1888.83ms
step:1266/3250 train_time:2391.196s step_avg:1888.78ms
step:1267/3250 train_time:2393.017s step_avg:1888.73ms
step:1268/3250 train_time:2394.840s step_avg:1888.68ms
step:1269/3250 train_time:2396.662s step_avg:1888.62ms
step:1270/3250 train_time:2398.485s step_avg:1888.57ms
step:1271/3250 train_time:2400.306s step_avg:1888.52ms
step:1272/3250 train_time:2402.128s step_avg:1888.47ms
step:1273/3250 train_time:2403.952s step_avg:1888.41ms
step:1274/3250 train_time:2405.773s step_avg:1888.36ms
step:1275/3250 train_time:2407.867s step_avg:1888.52ms
step:1276/3250 train_time:2409.688s step_avg:1888.47ms
step:1277/3250 train_time:2411.510s step_avg:1888.42ms
step:1278/3250 train_time:2413.331s step_avg:1888.37ms
step:1279/3250 train_time:2415.153s step_avg:1888.31ms
step:1280/3250 train_time:2416.975s step_avg:1888.26ms
step:1281/3250 train_time:2419.632s step_avg:1888.86ms
step:1282/3250 train_time:2421.454s step_avg:1888.81ms
step:1283/3250 train_time:2423.275s step_avg:1888.76ms
step:1284/3250 train_time:2425.096s step_avg:1888.70ms
step:1285/3250 train_time:2426.918s step_avg:1888.65ms
step:1286/3250 train_time:2428.739s step_avg:1888.60ms
step:1287/3250 train_time:2430.561s step_avg:1888.55ms
step:1288/3250 train_time:2432.382s step_avg:1888.50ms
step:1289/3250 train_time:2434.206s step_avg:1888.45ms
step:1290/3250 train_time:2436.027s step_avg:1888.39ms
step:1291/3250 train_time:2437.848s step_avg:1888.34ms
step:1292/3250 train_time:2439.669s step_avg:1888.29ms
step:1293/3250 train_time:2441.491s step_avg:1888.24ms
step:1294/3250 train_time:2443.312s step_avg:1888.19ms
step:1295/3250 train_time:2445.134s step_avg:1888.13ms
step:1296/3250 train_time:2446.957s step_avg:1888.08ms
step:1297/3250 train_time:2449.614s step_avg:1888.68ms
step:1298/3250 train_time:2451.435s step_avg:1888.62ms
step:1299/3250 train_time:2453.255s step_avg:1888.57ms
step:1300/3250 train_time:2455.349s step_avg:1888.73ms
step:1301/3250 train_time:2457.171s step_avg:1888.68ms
step:1302/3250 train_time:2458.991s step_avg:1888.63ms
step:1303/3250 train_time:2460.813s step_avg:1888.57ms
step:1304/3250 train_time:2462.634s step_avg:1888.52ms
step:1305/3250 train_time:2464.454s step_avg:1888.47ms
step:1306/3250 train_time:2466.275s step_avg:1888.42ms
step:1307/3250 train_time:2468.097s step_avg:1888.37ms
step:1308/3250 train_time:2469.919s step_avg:1888.32ms
step:1309/3250 train_time:2471.741s step_avg:1888.27ms
step:1310/3250 train_time:2473.562s step_avg:1888.22ms
step:1311/3250 train_time:2475.384s step_avg:1888.16ms
step:1312/3250 train_time:2477.206s step_avg:1888.11ms
step:1313/3250 train_time:2479.863s step_avg:1888.70ms
step:1314/3250 train_time:2481.685s step_avg:1888.65ms
step:1315/3250 train_time:2483.506s step_avg:1888.60ms
step:1316/3250 train_time:2485.328s step_avg:1888.55ms
step:1317/3250 train_time:2487.152s step_avg:1888.50ms
step:1318/3250 train_time:2488.973s step_avg:1888.45ms
step:1319/3250 train_time:2490.795s step_avg:1888.40ms
step:1320/3250 train_time:2492.616s step_avg:1888.35ms
step:1321/3250 train_time:2494.437s step_avg:1888.29ms
step:1322/3250 train_time:2496.259s step_avg:1888.24ms
step:1323/3250 train_time:2498.082s step_avg:1888.20ms
step:1324/3250 train_time:2499.904s step_avg:1888.14ms
step:1325/3250 train_time:2501.997s step_avg:1888.30ms
step:1326/3250 train_time:2503.819s step_avg:1888.25ms
step:1327/3250 train_time:2505.641s step_avg:1888.20ms
step:1328/3250 train_time:2507.464s step_avg:1888.15ms
step:1329/3250 train_time:2510.121s step_avg:1888.73ms
step:1330/3250 train_time:2511.943s step_avg:1888.68ms
step:1331/3250 train_time:2513.801s step_avg:1888.66ms
step:1332/3250 train_time:2515.623s step_avg:1888.61ms
step:1333/3250 train_time:2517.444s step_avg:1888.56ms
step:1334/3250 train_time:2519.267s step_avg:1888.51ms
step:1335/3250 train_time:2521.090s step_avg:1888.46ms
step:1336/3250 train_time:2522.912s step_avg:1888.41ms
step:1337/3250 train_time:2524.734s step_avg:1888.36ms
step:1338/3250 train_time:2526.555s step_avg:1888.31ms
step:1339/3250 train_time:2528.377s step_avg:1888.26ms
step:1340/3250 train_time:2530.200s step_avg:1888.21ms
step:1341/3250 train_time:2532.022s step_avg:1888.16ms
step:1342/3250 train_time:2533.844s step_avg:1888.11ms
step:1343/3250 train_time:2535.667s step_avg:1888.06ms
step:1344/3250 train_time:2537.489s step_avg:1888.01ms
step:1345/3250 train_time:2540.146s step_avg:1888.58ms
step:1346/3250 train_time:2541.967s step_avg:1888.53ms
step:1347/3250 train_time:2543.788s step_avg:1888.48ms
step:1348/3250 train_time:2545.610s step_avg:1888.43ms
step:1349/3250 train_time:2547.433s step_avg:1888.39ms
step:1350/3250 train_time:2549.527s step_avg:1888.54ms
step:1351/3250 train_time:2551.348s step_avg:1888.49ms
step:1352/3250 train_time:2553.170s step_avg:1888.44ms
step:1353/3250 train_time:2554.991s step_avg:1888.39ms
step:1354/3250 train_time:2556.813s step_avg:1888.34ms
step:1355/3250 train_time:2558.636s step_avg:1888.29ms
step:1356/3250 train_time:2560.458s step_avg:1888.24ms
step:1357/3250 train_time:2562.279s step_avg:1888.19ms
step:1358/3250 train_time:2564.101s step_avg:1888.15ms
step:1359/3250 train_time:2565.923s step_avg:1888.10ms
step:1360/3250 train_time:2567.745s step_avg:1888.05ms
step:1361/3250 train_time:2570.402s step_avg:1888.61ms
step:1362/3250 train_time:2572.223s step_avg:1888.56ms
step:1363/3250 train_time:2574.044s step_avg:1888.51ms
step:1364/3250 train_time:2575.866s step_avg:1888.47ms
step:1365/3250 train_time:2577.689s step_avg:1888.42ms
step:1366/3250 train_time:2579.511s step_avg:1888.37ms
step:1367/3250 train_time:2581.333s step_avg:1888.32ms
step:1368/3250 train_time:2583.154s step_avg:1888.27ms
step:1369/3250 train_time:2584.976s step_avg:1888.22ms
step:1370/3250 train_time:2586.800s step_avg:1888.17ms
step:1371/3250 train_time:2588.622s step_avg:1888.13ms
step:1372/3250 train_time:2590.445s step_avg:1888.08ms
step:1373/3250 train_time:2592.267s step_avg:1888.03ms
step:1374/3250 train_time:2594.089s step_avg:1887.98ms
step:1375/3250 train_time:2596.249s step_avg:1888.18ms
step:1375/3250 val_loss:3.55195 train_time:2596.249s step_avg:1880.38ms
step:1376/3250 train_time:2598.073s step_avg:1888.13ms
step:1377/3250 train_time:2600.731s step_avg:1888.69ms
step:1378/3250 train_time:2602.554s step_avg:1888.65ms
step:1379/3250 train_time:2604.375s step_avg:1888.60ms
step:1380/3250 train_time:2606.199s step_avg:1888.55ms
step:1381/3250 train_time:2608.020s step_avg:1888.50ms
step:1382/3250 train_time:2609.842s step_avg:1888.45ms
step:1383/3250 train_time:2611.667s step_avg:1888.41ms
step:1384/3250 train_time:2613.490s step_avg:1888.36ms
step:1385/3250 train_time:2615.313s step_avg:1888.31ms
step:1386/3250 train_time:2617.135s step_avg:1888.26ms
step:1387/3250 train_time:2618.958s step_avg:1888.22ms
step:1388/3250 train_time:2620.780s step_avg:1888.17ms
step:1389/3250 train_time:2622.603s step_avg:1888.12ms
step:1390/3250 train_time:2624.426s step_avg:1888.08ms
step:1391/3250 train_time:2626.248s step_avg:1888.03ms
step:1392/3250 train_time:2628.071s step_avg:1887.98ms
step:1393/3250 train_time:2630.728s step_avg:1888.53ms
step:1394/3250 train_time:2632.550s step_avg:1888.49ms
step:1395/3250 train_time:2634.372s step_avg:1888.44ms
step:1396/3250 train_time:2636.195s step_avg:1888.39ms
step:1397/3250 train_time:2638.017s step_avg:1888.34ms
step:1398/3250 train_time:2639.839s step_avg:1888.30ms
step:1399/3250 train_time:2641.661s step_avg:1888.25ms
step:1400/3250 train_time:2643.758s step_avg:1888.40ms
step:1401/3250 train_time:2645.582s step_avg:1888.35ms
step:1402/3250 train_time:2647.404s step_avg:1888.31ms
step:1403/3250 train_time:2649.227s step_avg:1888.26ms
step:1404/3250 train_time:2651.049s step_avg:1888.21ms
step:1405/3250 train_time:2652.871s step_avg:1888.16ms
step:1406/3250 train_time:2654.694s step_avg:1888.12ms
step:1407/3250 train_time:2656.516s step_avg:1888.07ms
step:1408/3250 train_time:2658.339s step_avg:1888.02ms
step:1409/3250 train_time:2660.996s step_avg:1888.57ms
step:1410/3250 train_time:2662.817s step_avg:1888.52ms
step:1411/3250 train_time:2664.638s step_avg:1888.48ms
step:1412/3250 train_time:2666.461s step_avg:1888.43ms
step:1413/3250 train_time:2668.282s step_avg:1888.38ms
step:1414/3250 train_time:2670.105s step_avg:1888.33ms
step:1415/3250 train_time:2671.927s step_avg:1888.29ms
step:1416/3250 train_time:2673.749s step_avg:1888.24ms
step:1417/3250 train_time:2675.572s step_avg:1888.19ms
step:1418/3250 train_time:2677.394s step_avg:1888.15ms
step:1419/3250 train_time:2679.216s step_avg:1888.10ms
step:1420/3250 train_time:2681.037s step_avg:1888.05ms
step:1421/3250 train_time:2682.857s step_avg:1888.01ms
step:1422/3250 train_time:2684.679s step_avg:1887.96ms
step:1423/3250 train_time:2686.502s step_avg:1887.91ms
step:1424/3250 train_time:2688.323s step_avg:1887.87ms
step:1425/3250 train_time:2691.253s step_avg:1888.60ms
step:1426/3250 train_time:2693.075s step_avg:1888.55ms
step:1427/3250 train_time:2694.897s step_avg:1888.51ms
step:1428/3250 train_time:2696.719s step_avg:1888.46ms
step:1429/3250 train_time:2698.541s step_avg:1888.41ms
step:1430/3250 train_time:2700.363s step_avg:1888.37ms
step:1431/3250 train_time:2702.184s step_avg:1888.32ms
step:1432/3250 train_time:2704.005s step_avg:1888.27ms
step:1433/3250 train_time:2705.826s step_avg:1888.23ms
step:1434/3250 train_time:2707.648s step_avg:1888.18ms
step:1435/3250 train_time:2709.469s step_avg:1888.13ms
step:1436/3250 train_time:2711.290s step_avg:1888.08ms
step:1437/3250 train_time:2713.113s step_avg:1888.04ms
step:1438/3250 train_time:2714.935s step_avg:1887.99ms
step:1439/3250 train_time:2716.756s step_avg:1887.95ms
step:1440/3250 train_time:2718.578s step_avg:1887.90ms
step:1441/3250 train_time:2721.234s step_avg:1888.43ms
step:1442/3250 train_time:2723.055s step_avg:1888.39ms
step:1443/3250 train_time:2724.875s step_avg:1888.34ms
step:1444/3250 train_time:2726.697s step_avg:1888.29ms
step:1445/3250 train_time:2728.518s step_avg:1888.25ms
step:1446/3250 train_time:2730.340s step_avg:1888.20ms
step:1447/3250 train_time:2732.161s step_avg:1888.16ms
step:1448/3250 train_time:2733.982s step_avg:1888.11ms
step:1449/3250 train_time:2735.804s step_avg:1888.06ms
step:1450/3250 train_time:2737.897s step_avg:1888.21ms
step:1451/3250 train_time:2739.718s step_avg:1888.16ms
step:1452/3250 train_time:2741.540s step_avg:1888.11ms
step:1453/3250 train_time:2743.362s step_avg:1888.07ms
step:1454/3250 train_time:2745.185s step_avg:1888.02ms
step:1455/3250 train_time:2747.006s step_avg:1887.98ms
step:1456/3250 train_time:2748.826s step_avg:1887.93ms
step:1457/3250 train_time:2751.483s step_avg:1888.46ms
step:1458/3250 train_time:2753.303s step_avg:1888.41ms
step:1459/3250 train_time:2755.124s step_avg:1888.36ms
step:1460/3250 train_time:2756.946s step_avg:1888.32ms
step:1461/3250 train_time:2758.767s step_avg:1888.27ms
step:1462/3250 train_time:2760.588s step_avg:1888.23ms
step:1463/3250 train_time:2762.410s step_avg:1888.18ms
step:1464/3250 train_time:2764.231s step_avg:1888.14ms
step:1465/3250 train_time:2766.052s step_avg:1888.09ms
step:1466/3250 train_time:2767.875s step_avg:1888.05ms
step:1467/3250 train_time:2769.697s step_avg:1888.00ms
step:1468/3250 train_time:2771.519s step_avg:1887.96ms
step:1469/3250 train_time:2773.341s step_avg:1887.91ms
step:1470/3250 train_time:2775.164s step_avg:1887.87ms
step:1471/3250 train_time:2776.987s step_avg:1887.82ms
step:1472/3250 train_time:2778.809s step_avg:1887.78ms
step:1473/3250 train_time:2781.466s step_avg:1888.30ms
step:1474/3250 train_time:2783.286s step_avg:1888.25ms
step:1475/3250 train_time:2785.383s step_avg:1888.40ms
step:1476/3250 train_time:2787.205s step_avg:1888.35ms
step:1477/3250 train_time:2789.026s step_avg:1888.30ms
step:1478/3250 train_time:2790.847s step_avg:1888.26ms
step:1479/3250 train_time:2792.668s step_avg:1888.21ms
step:1480/3250 train_time:2794.489s step_avg:1888.17ms
step:1481/3250 train_time:2796.312s step_avg:1888.12ms
step:1482/3250 train_time:2798.135s step_avg:1888.08ms
step:1483/3250 train_time:2799.956s step_avg:1888.04ms
step:1484/3250 train_time:2801.777s step_avg:1887.99ms
step:1485/3250 train_time:2803.598s step_avg:1887.95ms
step:1486/3250 train_time:2805.421s step_avg:1887.90ms
step:1487/3250 train_time:2807.243s step_avg:1887.86ms
step:1488/3250 train_time:2809.065s step_avg:1887.81ms
step:1489/3250 train_time:2811.722s step_avg:1888.33ms
step:1490/3250 train_time:2813.545s step_avg:1888.29ms
step:1491/3250 train_time:2815.367s step_avg:1888.24ms
step:1492/3250 train_time:2817.188s step_avg:1888.20ms
step:1493/3250 train_time:2819.009s step_avg:1888.15ms
step:1494/3250 train_time:2820.831s step_avg:1888.11ms
step:1495/3250 train_time:2822.652s step_avg:1888.06ms
step:1496/3250 train_time:2824.475s step_avg:1888.02ms
step:1497/3250 train_time:2826.296s step_avg:1887.97ms
step:1498/3250 train_time:2828.118s step_avg:1887.93ms
step:1499/3250 train_time:2829.940s step_avg:1887.89ms
step:1500/3250 train_time:2832.099s step_avg:1888.07ms
step:1500/3250 val_loss:3.52236 train_time:2832.100s step_avg:1886.80ms
step:1501/3250 train_time:2833.924s step_avg:1888.02ms
step:1502/3250 train_time:2835.748s step_avg:1887.98ms
step:1503/3250 train_time:2837.570s step_avg:1887.94ms
step:1504/3250 train_time:2839.392s step_avg:1887.89ms
step:1505/3250 train_time:2842.049s step_avg:1888.40ms
step:1506/3250 train_time:2843.871s step_avg:1888.36ms
step:1507/3250 train_time:2845.694s step_avg:1888.32ms
step:1508/3250 train_time:2847.515s step_avg:1888.27ms
step:1509/3250 train_time:2849.337s step_avg:1888.23ms
step:1510/3250 train_time:2851.159s step_avg:1888.19ms
step:1511/3250 train_time:2852.981s step_avg:1888.14ms
step:1512/3250 train_time:2854.804s step_avg:1888.10ms
step:1513/3250 train_time:2856.626s step_avg:1888.05ms
step:1514/3250 train_time:2858.448s step_avg:1888.01ms
step:1515/3250 train_time:2860.271s step_avg:1887.97ms
step:1516/3250 train_time:2862.093s step_avg:1887.92ms
step:1517/3250 train_time:2863.915s step_avg:1887.88ms
step:1518/3250 train_time:2865.737s step_avg:1887.84ms
step:1519/3250 train_time:2867.559s step_avg:1887.79ms
step:1520/3250 train_time:2869.381s step_avg:1887.75ms
step:1521/3250 train_time:2872.073s step_avg:1888.28ms
step:1522/3250 train_time:2873.894s step_avg:1888.24ms
step:1523/3250 train_time:2875.716s step_avg:1888.19ms
step:1524/3250 train_time:2877.537s step_avg:1888.15ms
step:1525/3250 train_time:2879.630s step_avg:1888.28ms
step:1526/3250 train_time:2881.451s step_avg:1888.24ms
step:1527/3250 train_time:2883.273s step_avg:1888.19ms
step:1528/3250 train_time:2885.095s step_avg:1888.15ms
step:1529/3250 train_time:2886.917s step_avg:1888.11ms
step:1530/3250 train_time:2888.738s step_avg:1888.06ms
step:1531/3250 train_time:2890.559s step_avg:1888.02ms
step:1532/3250 train_time:2892.380s step_avg:1887.98ms
step:1533/3250 train_time:2894.203s step_avg:1887.93ms
step:1534/3250 train_time:2896.026s step_avg:1887.89ms
step:1535/3250 train_time:2897.847s step_avg:1887.85ms
step:1536/3250 train_time:2899.668s step_avg:1887.80ms
step:1537/3250 train_time:2902.326s step_avg:1888.31ms
step:1538/3250 train_time:2904.148s step_avg:1888.26ms
step:1539/3250 train_time:2905.969s step_avg:1888.22ms
step:1540/3250 train_time:2907.790s step_avg:1888.18ms
step:1541/3250 train_time:2909.612s step_avg:1888.13ms
step:1542/3250 train_time:2911.435s step_avg:1888.09ms
step:1543/3250 train_time:2913.259s step_avg:1888.05ms
step:1544/3250 train_time:2915.080s step_avg:1888.01ms
step:1545/3250 train_time:2916.901s step_avg:1887.96ms
step:1546/3250 train_time:2918.723s step_avg:1887.92ms
step:1547/3250 train_time:2920.544s step_avg:1887.88ms
step:1548/3250 train_time:2922.366s step_avg:1887.83ms
step:1549/3250 train_time:2924.187s step_avg:1887.79ms
step:1550/3250 train_time:2926.282s step_avg:1887.92ms
step:1551/3250 train_time:2928.103s step_avg:1887.88ms
step:1552/3250 train_time:2929.924s step_avg:1887.84ms
step:1553/3250 train_time:2932.581s step_avg:1888.33ms
step:1554/3250 train_time:2934.402s step_avg:1888.29ms
step:1555/3250 train_time:2936.224s step_avg:1888.25ms
step:1556/3250 train_time:2938.047s step_avg:1888.21ms
step:1557/3250 train_time:2939.869s step_avg:1888.16ms
step:1558/3250 train_time:2941.692s step_avg:1888.12ms
step:1559/3250 train_time:2943.515s step_avg:1888.08ms
step:1560/3250 train_time:2945.336s step_avg:1888.04ms
step:1561/3250 train_time:2947.159s step_avg:1887.99ms
step:1562/3250 train_time:2948.982s step_avg:1887.95ms
step:1563/3250 train_time:2950.804s step_avg:1887.91ms
step:1564/3250 train_time:2952.625s step_avg:1887.87ms
step:1565/3250 train_time:2954.448s step_avg:1887.83ms
step:1566/3250 train_time:2956.271s step_avg:1887.78ms
step:1567/3250 train_time:2958.093s step_avg:1887.74ms
step:1568/3250 train_time:2959.916s step_avg:1887.70ms
step:1569/3250 train_time:2962.572s step_avg:1888.19ms
step:1570/3250 train_time:2964.395s step_avg:1888.15ms
step:1571/3250 train_time:2966.217s step_avg:1888.11ms
step:1572/3250 train_time:2968.039s step_avg:1888.07ms
step:1573/3250 train_time:2969.861s step_avg:1888.02ms
step:1574/3250 train_time:2971.683s step_avg:1887.98ms
step:1575/3250 train_time:2973.777s step_avg:1888.11ms
step:1576/3250 train_time:2975.599s step_avg:1888.07ms
step:1577/3250 train_time:2977.420s step_avg:1888.03ms
step:1578/3250 train_time:2979.242s step_avg:1887.99ms
step:1579/3250 train_time:2981.062s step_avg:1887.94ms
step:1580/3250 train_time:2982.884s step_avg:1887.90ms
step:1581/3250 train_time:2984.707s step_avg:1887.86ms
step:1582/3250 train_time:2986.529s step_avg:1887.82ms
step:1583/3250 train_time:2988.351s step_avg:1887.78ms
step:1584/3250 train_time:2990.173s step_avg:1887.74ms
step:1585/3250 train_time:2992.831s step_avg:1888.22ms
step:1586/3250 train_time:2994.652s step_avg:1888.18ms
step:1587/3250 train_time:2996.473s step_avg:1888.14ms
step:1588/3250 train_time:2998.294s step_avg:1888.09ms
step:1589/3250 train_time:3000.115s step_avg:1888.05ms
step:1590/3250 train_time:3001.937s step_avg:1888.01ms
step:1591/3250 train_time:3003.759s step_avg:1887.97ms
step:1592/3250 train_time:3005.580s step_avg:1887.93ms
step:1593/3250 train_time:3007.401s step_avg:1887.88ms
step:1594/3250 train_time:3009.221s step_avg:1887.84ms
step:1595/3250 train_time:3011.043s step_avg:1887.80ms
step:1596/3250 train_time:3012.864s step_avg:1887.76ms
step:1597/3250 train_time:3014.686s step_avg:1887.72ms
step:1598/3250 train_time:3016.509s step_avg:1887.68ms
step:1599/3250 train_time:3018.329s step_avg:1887.64ms
step:1600/3250 train_time:3020.427s step_avg:1887.77ms
step:1601/3250 train_time:3023.084s step_avg:1888.25ms
step:1602/3250 train_time:3024.906s step_avg:1888.21ms
step:1603/3250 train_time:3026.729s step_avg:1888.17ms
step:1604/3250 train_time:3028.549s step_avg:1888.12ms
step:1605/3250 train_time:3030.371s step_avg:1888.08ms
step:1606/3250 train_time:3032.192s step_avg:1888.04ms
step:1607/3250 train_time:3034.014s step_avg:1888.00ms
step:1608/3250 train_time:3035.835s step_avg:1887.96ms
step:1609/3250 train_time:3037.656s step_avg:1887.92ms
step:1610/3250 train_time:3039.476s step_avg:1887.87ms
step:1611/3250 train_time:3041.299s step_avg:1887.83ms
step:1612/3250 train_time:3043.120s step_avg:1887.79ms
step:1613/3250 train_time:3044.943s step_avg:1887.75ms
step:1614/3250 train_time:3046.766s step_avg:1887.71ms
step:1615/3250 train_time:3048.587s step_avg:1887.67ms
step:1616/3250 train_time:3050.409s step_avg:1887.63ms
step:1617/3250 train_time:3053.065s step_avg:1888.10ms
step:1618/3250 train_time:3054.886s step_avg:1888.06ms
step:1619/3250 train_time:3056.708s step_avg:1888.02ms
step:1620/3250 train_time:3058.529s step_avg:1887.98ms
step:1621/3250 train_time:3060.350s step_avg:1887.94ms
step:1622/3250 train_time:3062.170s step_avg:1887.90ms
step:1623/3250 train_time:3063.991s step_avg:1887.86ms
step:1624/3250 train_time:3065.812s step_avg:1887.82ms
step:1625/3250 train_time:3067.977s step_avg:1887.99ms
step:1625/3250 val_loss:3.50135 train_time:3067.978s step_avg:1887.02ms
step:1626/3250 train_time:3069.801s step_avg:1887.95ms
step:1627/3250 train_time:3071.625s step_avg:1887.91ms
step:1628/3250 train_time:3073.447s step_avg:1887.87ms
step:1629/3250 train_time:3075.269s step_avg:1887.83ms
step:1630/3250 train_time:3077.090s step_avg:1887.79ms
step:1631/3250 train_time:3078.911s step_avg:1887.74ms
step:1632/3250 train_time:3080.734s step_avg:1887.70ms
step:1633/3250 train_time:3083.390s step_avg:1888.18ms
step:1634/3250 train_time:3085.212s step_avg:1888.13ms
step:1635/3250 train_time:3087.033s step_avg:1888.09ms
step:1636/3250 train_time:3088.854s step_avg:1888.05ms
step:1637/3250 train_time:3090.674s step_avg:1888.01ms
step:1638/3250 train_time:3092.496s step_avg:1887.97ms
step:1639/3250 train_time:3094.317s step_avg:1887.93ms
step:1640/3250 train_time:3096.139s step_avg:1887.89ms
step:1641/3250 train_time:3097.962s step_avg:1887.85ms
step:1642/3250 train_time:3099.783s step_avg:1887.81ms
step:1643/3250 train_time:3101.605s step_avg:1887.77ms
step:1644/3250 train_time:3103.426s step_avg:1887.73ms
step:1645/3250 train_time:3105.249s step_avg:1887.69ms
step:1646/3250 train_time:3107.071s step_avg:1887.65ms
step:1647/3250 train_time:3108.893s step_avg:1887.61ms
step:1648/3250 train_time:3110.716s step_avg:1887.57ms
step:1649/3250 train_time:3113.372s step_avg:1888.04ms
step:1650/3250 train_time:3115.468s step_avg:1888.16ms
step:1651/3250 train_time:3117.290s step_avg:1888.12ms
step:1652/3250 train_time:3119.111s step_avg:1888.08ms
step:1653/3250 train_time:3120.933s step_avg:1888.04ms
step:1654/3250 train_time:3122.755s step_avg:1888.00ms
step:1655/3250 train_time:3124.577s step_avg:1887.96ms
step:1656/3250 train_time:3126.399s step_avg:1887.92ms
step:1657/3250 train_time:3128.219s step_avg:1887.88ms
step:1658/3250 train_time:3130.042s step_avg:1887.84ms
step:1659/3250 train_time:3131.864s step_avg:1887.80ms
step:1660/3250 train_time:3133.687s step_avg:1887.76ms
step:1661/3250 train_time:3135.509s step_avg:1887.72ms
step:1662/3250 train_time:3137.330s step_avg:1887.68ms
step:1663/3250 train_time:3139.152s step_avg:1887.64ms
step:1664/3250 train_time:3140.974s step_avg:1887.60ms
step:1665/3250 train_time:3143.631s step_avg:1888.07ms
step:1666/3250 train_time:3145.452s step_avg:1888.03ms
step:1667/3250 train_time:3147.273s step_avg:1887.99ms
step:1668/3250 train_time:3149.096s step_avg:1887.95ms
step:1669/3250 train_time:3150.919s step_avg:1887.91ms
step:1670/3250 train_time:3152.742s step_avg:1887.87ms
step:1671/3250 train_time:3154.564s step_avg:1887.83ms
step:1672/3250 train_time:3156.388s step_avg:1887.79ms
step:1673/3250 train_time:3158.210s step_avg:1887.75ms
step:1674/3250 train_time:3160.032s step_avg:1887.71ms
step:1675/3250 train_time:3162.130s step_avg:1887.84ms
step:1676/3250 train_time:3163.952s step_avg:1887.80ms
step:1677/3250 train_time:3165.773s step_avg:1887.76ms
step:1678/3250 train_time:3167.594s step_avg:1887.72ms
step:1679/3250 train_time:3169.416s step_avg:1887.68ms
step:1680/3250 train_time:3171.238s step_avg:1887.64ms
step:1681/3250 train_time:3173.894s step_avg:1888.10ms
step:1682/3250 train_time:3175.715s step_avg:1888.06ms
step:1683/3250 train_time:3177.536s step_avg:1888.02ms
step:1684/3250 train_time:3179.357s step_avg:1887.98ms
step:1685/3250 train_time:3181.179s step_avg:1887.94ms
step:1686/3250 train_time:3183.001s step_avg:1887.90ms
step:1687/3250 train_time:3184.823s step_avg:1887.86ms
step:1688/3250 train_time:3186.644s step_avg:1887.82ms
step:1689/3250 train_time:3188.467s step_avg:1887.78ms
step:1690/3250 train_time:3190.289s step_avg:1887.74ms
step:1691/3250 train_time:3192.112s step_avg:1887.71ms
step:1692/3250 train_time:3193.935s step_avg:1887.67ms
step:1693/3250 train_time:3195.756s step_avg:1887.63ms
step:1694/3250 train_time:3197.577s step_avg:1887.59ms
step:1695/3250 train_time:3199.398s step_avg:1887.55ms
step:1696/3250 train_time:3201.221s step_avg:1887.51ms
step:1697/3250 train_time:3203.878s step_avg:1887.97ms
step:1698/3250 train_time:3205.698s step_avg:1887.93ms
step:1699/3250 train_time:3207.519s step_avg:1887.89ms
step:1700/3250 train_time:3209.621s step_avg:1888.01ms
step:1701/3250 train_time:3211.442s step_avg:1887.97ms
step:1702/3250 train_time:3213.263s step_avg:1887.93ms
step:1703/3250 train_time:3215.083s step_avg:1887.89ms
step:1704/3250 train_time:3216.905s step_avg:1887.85ms
step:1705/3250 train_time:3218.726s step_avg:1887.82ms
step:1706/3250 train_time:3220.548s step_avg:1887.78ms
step:1707/3250 train_time:3222.369s step_avg:1887.74ms
step:1708/3250 train_time:3224.190s step_avg:1887.70ms
step:1709/3250 train_time:3226.010s step_avg:1887.66ms
step:1710/3250 train_time:3227.832s step_avg:1887.62ms
step:1711/3250 train_time:3229.683s step_avg:1887.60ms
step:1712/3250 train_time:3231.505s step_avg:1887.56ms
step:1713/3250 train_time:3234.162s step_avg:1888.01ms
step:1714/3250 train_time:3235.984s step_avg:1887.97ms
step:1715/3250 train_time:3237.805s step_avg:1887.93ms
step:1716/3250 train_time:3239.627s step_avg:1887.89ms
step:1717/3250 train_time:3241.451s step_avg:1887.86ms
step:1718/3250 train_time:3243.273s step_avg:1887.82ms
step:1719/3250 train_time:3245.095s step_avg:1887.78ms
step:1720/3250 train_time:3246.917s step_avg:1887.74ms
step:1721/3250 train_time:3248.738s step_avg:1887.70ms
step:1722/3250 train_time:3250.560s step_avg:1887.67ms
step:1723/3250 train_time:3252.383s step_avg:1887.63ms
step:1724/3250 train_time:3254.204s step_avg:1887.59ms
step:1725/3250 train_time:3256.302s step_avg:1887.71ms
step:1726/3250 train_time:3258.123s step_avg:1887.67ms
step:1727/3250 train_time:3259.944s step_avg:1887.63ms
step:1728/3250 train_time:3261.766s step_avg:1887.60ms
step:1729/3250 train_time:3264.423s step_avg:1888.04ms
step:1730/3250 train_time:3266.244s step_avg:1888.00ms
step:1731/3250 train_time:3268.064s step_avg:1887.96ms
step:1732/3250 train_time:3269.886s step_avg:1887.92ms
step:1733/3250 train_time:3271.709s step_avg:1887.89ms
step:1734/3250 train_time:3273.530s step_avg:1887.85ms
step:1735/3250 train_time:3275.352s step_avg:1887.81ms
step:1736/3250 train_time:3277.173s step_avg:1887.77ms
step:1737/3250 train_time:3278.995s step_avg:1887.73ms
step:1738/3250 train_time:3280.816s step_avg:1887.70ms
step:1739/3250 train_time:3282.638s step_avg:1887.66ms
step:1740/3250 train_time:3284.460s step_avg:1887.62ms
step:1741/3250 train_time:3286.281s step_avg:1887.58ms
step:1742/3250 train_time:3288.102s step_avg:1887.54ms
step:1743/3250 train_time:3289.925s step_avg:1887.51ms
step:1744/3250 train_time:3291.748s step_avg:1887.47ms
step:1745/3250 train_time:3294.404s step_avg:1887.91ms
step:1746/3250 train_time:3296.226s step_avg:1887.87ms
step:1747/3250 train_time:3298.048s step_avg:1887.83ms
step:1748/3250 train_time:3299.870s step_avg:1887.80ms
step:1749/3250 train_time:3301.691s step_avg:1887.76ms
step:1750/3250 train_time:3303.854s step_avg:1887.92ms
step:1750/3250 val_loss:3.47783 train_time:3303.854s step_avg:1887.01ms
step:1751/3250 train_time:3305.676s step_avg:1887.88ms
step:1752/3250 train_time:3307.498s step_avg:1887.84ms
step:1753/3250 train_time:3309.322s step_avg:1887.80ms
step:1754/3250 train_time:3311.144s step_avg:1887.77ms
step:1755/3250 train_time:3312.966s step_avg:1887.73ms
step:1756/3250 train_time:3314.787s step_avg:1887.69ms
step:1757/3250 train_time:3316.610s step_avg:1887.66ms
step:1758/3250 train_time:3318.433s step_avg:1887.62ms
step:1759/3250 train_time:3320.255s step_avg:1887.58ms
step:1760/3250 train_time:3322.076s step_avg:1887.54ms
step:1761/3250 train_time:3324.733s step_avg:1887.98ms
step:1762/3250 train_time:3326.555s step_avg:1887.94ms
step:1763/3250 train_time:3328.376s step_avg:1887.90ms
step:1764/3250 train_time:3330.198s step_avg:1887.87ms
step:1765/3250 train_time:3332.020s step_avg:1887.83ms
step:1766/3250 train_time:3333.843s step_avg:1887.79ms
step:1767/3250 train_time:3335.667s step_avg:1887.76ms
step:1768/3250 train_time:3337.489s step_avg:1887.72ms
step:1769/3250 train_time:3339.311s step_avg:1887.68ms
step:1770/3250 train_time:3341.134s step_avg:1887.65ms
step:1771/3250 train_time:3342.957s step_avg:1887.61ms
step:1772/3250 train_time:3344.780s step_avg:1887.57ms
step:1773/3250 train_time:3346.602s step_avg:1887.54ms
step:1774/3250 train_time:3348.424s step_avg:1887.50ms
step:1775/3250 train_time:3350.520s step_avg:1887.62ms
step:1776/3250 train_time:3352.344s step_avg:1887.58ms
step:1777/3250 train_time:3355.001s step_avg:1888.01ms
step:1778/3250 train_time:3356.822s step_avg:1887.98ms
step:1779/3250 train_time:3358.643s step_avg:1887.94ms
step:1780/3250 train_time:3360.467s step_avg:1887.90ms
step:1781/3250 train_time:3362.290s step_avg:1887.87ms
step:1782/3250 train_time:3364.111s step_avg:1887.83ms
step:1783/3250 train_time:3365.932s step_avg:1887.79ms
step:1784/3250 train_time:3367.753s step_avg:1887.75ms
step:1785/3250 train_time:3369.575s step_avg:1887.72ms
step:1786/3250 train_time:3371.398s step_avg:1887.68ms
step:1787/3250 train_time:3373.220s step_avg:1887.64ms
step:1788/3250 train_time:3375.042s step_avg:1887.61ms
step:1789/3250 train_time:3376.864s step_avg:1887.57ms
step:1790/3250 train_time:3378.686s step_avg:1887.53ms
step:1791/3250 train_time:3380.507s step_avg:1887.50ms
step:1792/3250 train_time:3382.328s step_avg:1887.46ms
step:1793/3250 train_time:3384.985s step_avg:1887.89ms
step:1794/3250 train_time:3386.807s step_avg:1887.85ms
step:1795/3250 train_time:3388.628s step_avg:1887.81ms
step:1796/3250 train_time:3390.450s step_avg:1887.78ms
step:1797/3250 train_time:3392.272s step_avg:1887.74ms
step:1798/3250 train_time:3394.094s step_avg:1887.71ms
step:1799/3250 train_time:3395.917s step_avg:1887.67ms
step:1800/3250 train_time:3398.017s step_avg:1887.79ms
step:1801/3250 train_time:3399.840s step_avg:1887.75ms
step:1802/3250 train_time:3401.662s step_avg:1887.71ms
step:1803/3250 train_time:3403.483s step_avg:1887.68ms
step:1804/3250 train_time:3405.306s step_avg:1887.64ms
step:1805/3250 train_time:3407.127s step_avg:1887.61ms
step:1806/3250 train_time:3408.950s step_avg:1887.57ms
step:1807/3250 train_time:3410.774s step_avg:1887.53ms
step:1808/3250 train_time:3412.596s step_avg:1887.50ms
step:1809/3250 train_time:3415.253s step_avg:1887.92ms
step:1810/3250 train_time:3417.074s step_avg:1887.89ms
step:1811/3250 train_time:3418.894s step_avg:1887.85ms
step:1812/3250 train_time:3420.717s step_avg:1887.81ms
step:1813/3250 train_time:3422.539s step_avg:1887.78ms
step:1814/3250 train_time:3424.362s step_avg:1887.74ms
step:1815/3250 train_time:3426.184s step_avg:1887.70ms
step:1816/3250 train_time:3428.006s step_avg:1887.67ms
step:1817/3250 train_time:3429.828s step_avg:1887.63ms
step:1818/3250 train_time:3431.650s step_avg:1887.60ms
step:1819/3250 train_time:3433.472s step_avg:1887.56ms
step:1820/3250 train_time:3435.293s step_avg:1887.52ms
step:1821/3250 train_time:3437.114s step_avg:1887.49ms
step:1822/3250 train_time:3438.936s step_avg:1887.45ms
step:1823/3250 train_time:3440.758s step_avg:1887.42ms
step:1824/3250 train_time:3442.581s step_avg:1887.38ms
step:1825/3250 train_time:3445.511s step_avg:1887.95ms
step:1826/3250 train_time:3447.331s step_avg:1887.91ms
step:1827/3250 train_time:3449.151s step_avg:1887.88ms
step:1828/3250 train_time:3450.973s step_avg:1887.84ms
step:1829/3250 train_time:3452.793s step_avg:1887.80ms
step:1830/3250 train_time:3454.614s step_avg:1887.77ms
step:1831/3250 train_time:3456.435s step_avg:1887.73ms
step:1832/3250 train_time:3458.257s step_avg:1887.69ms
step:1833/3250 train_time:3460.079s step_avg:1887.66ms
step:1834/3250 train_time:3461.901s step_avg:1887.62ms
step:1835/3250 train_time:3463.722s step_avg:1887.59ms
step:1836/3250 train_time:3465.543s step_avg:1887.55ms
step:1837/3250 train_time:3467.364s step_avg:1887.51ms
step:1838/3250 train_time:3469.186s step_avg:1887.48ms
step:1839/3250 train_time:3471.008s step_avg:1887.44ms
step:1840/3250 train_time:3472.832s step_avg:1887.41ms
step:1841/3250 train_time:3475.488s step_avg:1887.83ms
step:1842/3250 train_time:3477.309s step_avg:1887.79ms
step:1843/3250 train_time:3479.131s step_avg:1887.75ms
step:1844/3250 train_time:3480.954s step_avg:1887.72ms
step:1845/3250 train_time:3482.775s step_avg:1887.68ms
step:1846/3250 train_time:3484.595s step_avg:1887.65ms
step:1847/3250 train_time:3486.417s step_avg:1887.61ms
step:1848/3250 train_time:3488.240s step_avg:1887.58ms
step:1849/3250 train_time:3490.062s step_avg:1887.54ms
step:1850/3250 train_time:3492.157s step_avg:1887.65ms
step:1851/3250 train_time:3493.979s step_avg:1887.62ms
step:1852/3250 train_time:3495.801s step_avg:1887.58ms
step:1853/3250 train_time:3497.622s step_avg:1887.55ms
step:1854/3250 train_time:3499.445s step_avg:1887.51ms
step:1855/3250 train_time:3501.267s step_avg:1887.48ms
step:1856/3250 train_time:3503.091s step_avg:1887.44ms
step:1857/3250 train_time:3505.747s step_avg:1887.86ms
step:1858/3250 train_time:3507.568s step_avg:1887.82ms
step:1859/3250 train_time:3509.390s step_avg:1887.78ms
step:1860/3250 train_time:3511.212s step_avg:1887.75ms
step:1861/3250 train_time:3513.034s step_avg:1887.71ms
step:1862/3250 train_time:3514.855s step_avg:1887.68ms
step:1863/3250 train_time:3516.677s step_avg:1887.64ms
step:1864/3250 train_time:3518.501s step_avg:1887.61ms
step:1865/3250 train_time:3520.323s step_avg:1887.57ms
step:1866/3250 train_time:3522.144s step_avg:1887.54ms
step:1867/3250 train_time:3523.966s step_avg:1887.50ms
step:1868/3250 train_time:3525.788s step_avg:1887.47ms
step:1869/3250 train_time:3527.610s step_avg:1887.43ms
step:1870/3250 train_time:3529.433s step_avg:1887.40ms
step:1871/3250 train_time:3531.256s step_avg:1887.36ms
step:1872/3250 train_time:3533.082s step_avg:1887.33ms
step:1873/3250 train_time:3535.740s step_avg:1887.74ms
step:1874/3250 train_time:3537.561s step_avg:1887.71ms
step:1875/3250 train_time:3539.720s step_avg:1887.85ms
step:1875/3250 val_loss:3.45557 train_time:3539.721s step_avg:1886.93ms
step:1876/3250 train_time:3541.544s step_avg:1887.82ms
step:1877/3250 train_time:3543.366s step_avg:1887.78ms
step:1878/3250 train_time:3545.188s step_avg:1887.75ms
step:1879/3250 train_time:3547.010s step_avg:1887.71ms
step:1880/3250 train_time:3548.831s step_avg:1887.68ms
step:1881/3250 train_time:3550.653s step_avg:1887.64ms
step:1882/3250 train_time:3552.476s step_avg:1887.61ms
step:1883/3250 train_time:3554.298s step_avg:1887.57ms
step:1884/3250 train_time:3556.119s step_avg:1887.54ms
step:1885/3250 train_time:3557.941s step_avg:1887.50ms
step:1886/3250 train_time:3559.763s step_avg:1887.47ms
step:1887/3250 train_time:3561.585s step_avg:1887.43ms
step:1888/3250 train_time:3563.407s step_avg:1887.40ms
step:1889/3250 train_time:3566.063s step_avg:1887.80ms
step:1890/3250 train_time:3567.885s step_avg:1887.77ms
step:1891/3250 train_time:3569.707s step_avg:1887.73ms
step:1892/3250 train_time:3571.528s step_avg:1887.70ms
step:1893/3250 train_time:3573.349s step_avg:1887.66ms
step:1894/3250 train_time:3575.170s step_avg:1887.63ms
step:1895/3250 train_time:3576.992s step_avg:1887.59ms
step:1896/3250 train_time:3578.814s step_avg:1887.56ms
step:1897/3250 train_time:3580.635s step_avg:1887.53ms
step:1898/3250 train_time:3582.458s step_avg:1887.49ms
step:1899/3250 train_time:3584.279s step_avg:1887.46ms
step:1900/3250 train_time:3586.373s step_avg:1887.56ms
step:1901/3250 train_time:3588.227s step_avg:1887.55ms
step:1902/3250 train_time:3590.049s step_avg:1887.51ms
step:1903/3250 train_time:3591.872s step_avg:1887.48ms
step:1904/3250 train_time:3593.692s step_avg:1887.44ms
step:1905/3250 train_time:3596.349s step_avg:1887.85ms
step:1906/3250 train_time:3598.170s step_avg:1887.81ms
step:1907/3250 train_time:3599.991s step_avg:1887.78ms
step:1908/3250 train_time:3601.811s step_avg:1887.74ms
step:1909/3250 train_time:3603.631s step_avg:1887.71ms
step:1910/3250 train_time:3605.452s step_avg:1887.67ms
step:1911/3250 train_time:3607.273s step_avg:1887.64ms
step:1912/3250 train_time:3609.094s step_avg:1887.60ms
step:1913/3250 train_time:3610.915s step_avg:1887.57ms
step:1914/3250 train_time:3612.736s step_avg:1887.53ms
step:1915/3250 train_time:3614.557s step_avg:1887.50ms
step:1916/3250 train_time:3616.378s step_avg:1887.46ms
step:1917/3250 train_time:3618.200s step_avg:1887.43ms
step:1918/3250 train_time:3620.021s step_avg:1887.39ms
step:1919/3250 train_time:3621.841s step_avg:1887.36ms
step:1920/3250 train_time:3623.661s step_avg:1887.32ms
step:1921/3250 train_time:3626.316s step_avg:1887.72ms
step:1922/3250 train_time:3628.161s step_avg:1887.70ms
step:1923/3250 train_time:3629.983s step_avg:1887.67ms
step:1924/3250 train_time:3631.805s step_avg:1887.63ms
step:1925/3250 train_time:3633.898s step_avg:1887.74ms
step:1926/3250 train_time:3635.720s step_avg:1887.70ms
step:1927/3250 train_time:3637.541s step_avg:1887.67ms
step:1928/3250 train_time:3639.362s step_avg:1887.64ms
step:1929/3250 train_time:3641.183s step_avg:1887.60ms
step:1930/3250 train_time:3643.004s step_avg:1887.57ms
step:1931/3250 train_time:3644.825s step_avg:1887.53ms
step:1932/3250 train_time:3646.646s step_avg:1887.50ms
step:1933/3250 train_time:3648.468s step_avg:1887.46ms
step:1934/3250 train_time:3650.289s step_avg:1887.43ms
step:1935/3250 train_time:3652.110s step_avg:1887.40ms
step:1936/3250 train_time:3653.932s step_avg:1887.36ms
step:1937/3250 train_time:3656.588s step_avg:1887.76ms
step:1938/3250 train_time:3658.408s step_avg:1887.72ms
step:1939/3250 train_time:3660.229s step_avg:1887.69ms
step:1940/3250 train_time:3662.051s step_avg:1887.65ms
step:1941/3250 train_time:3663.872s step_avg:1887.62ms
step:1942/3250 train_time:3665.693s step_avg:1887.59ms
step:1943/3250 train_time:3667.513s step_avg:1887.55ms
step:1944/3250 train_time:3669.334s step_avg:1887.52ms
step:1945/3250 train_time:3671.156s step_avg:1887.48ms
step:1946/3250 train_time:3672.977s step_avg:1887.45ms
step:1947/3250 train_time:3674.798s step_avg:1887.42ms
step:1948/3250 train_time:3676.618s step_avg:1887.38ms
step:1949/3250 train_time:3678.439s step_avg:1887.35ms
step:1950/3250 train_time:3680.535s step_avg:1887.45ms
step:1951/3250 train_time:3682.357s step_avg:1887.42ms
step:1952/3250 train_time:3684.178s step_avg:1887.39ms
step:1953/3250 train_time:3686.834s step_avg:1887.78ms
step:1954/3250 train_time:3688.655s step_avg:1887.75ms
step:1955/3250 train_time:3690.475s step_avg:1887.71ms
step:1956/3250 train_time:3692.296s step_avg:1887.68ms
step:1957/3250 train_time:3694.116s step_avg:1887.64ms
step:1958/3250 train_time:3695.935s step_avg:1887.61ms
step:1959/3250 train_time:3697.756s step_avg:1887.57ms
step:1960/3250 train_time:3699.577s step_avg:1887.54ms
step:1961/3250 train_time:3701.397s step_avg:1887.51ms
step:1962/3250 train_time:3703.219s step_avg:1887.47ms
step:1963/3250 train_time:3705.039s step_avg:1887.44ms
step:1964/3250 train_time:3706.859s step_avg:1887.40ms
step:1965/3250 train_time:3708.681s step_avg:1887.37ms
step:1966/3250 train_time:3710.502s step_avg:1887.34ms
step:1967/3250 train_time:3712.323s step_avg:1887.30ms
step:1968/3250 train_time:3714.144s step_avg:1887.27ms
step:1969/3250 train_time:3716.799s step_avg:1887.66ms
step:1970/3250 train_time:3718.620s step_avg:1887.62ms
step:1971/3250 train_time:3720.442s step_avg:1887.59ms
step:1972/3250 train_time:3722.262s step_avg:1887.56ms
step:1973/3250 train_time:3724.082s step_avg:1887.52ms
step:1974/3250 train_time:3725.902s step_avg:1887.49ms
step:1975/3250 train_time:3728.002s step_avg:1887.60ms
step:1976/3250 train_time:3729.824s step_avg:1887.56ms
step:1977/3250 train_time:3731.645s step_avg:1887.53ms
step:1978/3250 train_time:3733.466s step_avg:1887.50ms
step:1979/3250 train_time:3735.286s step_avg:1887.46ms
step:1980/3250 train_time:3737.107s step_avg:1887.43ms
step:1981/3250 train_time:3738.929s step_avg:1887.39ms
step:1982/3250 train_time:3740.749s step_avg:1887.36ms
step:1983/3250 train_time:3742.569s step_avg:1887.33ms
step:1984/3250 train_time:3744.389s step_avg:1887.29ms
step:1985/3250 train_time:3747.044s step_avg:1887.68ms
step:1986/3250 train_time:3748.866s step_avg:1887.65ms
step:1987/3250 train_time:3750.686s step_avg:1887.61ms
step:1988/3250 train_time:3752.506s step_avg:1887.58ms
step:1989/3250 train_time:3754.326s step_avg:1887.54ms
step:1990/3250 train_time:3756.146s step_avg:1887.51ms
step:1991/3250 train_time:3757.967s step_avg:1887.48ms
step:1992/3250 train_time:3759.788s step_avg:1887.44ms
step:1993/3250 train_time:3761.608s step_avg:1887.41ms
step:1994/3250 train_time:3763.429s step_avg:1887.38ms
step:1995/3250 train_time:3765.249s step_avg:1887.34ms
step:1996/3250 train_time:3767.069s step_avg:1887.31ms
step:1997/3250 train_time:3768.892s step_avg:1887.28ms
step:1998/3250 train_time:3770.713s step_avg:1887.24ms
step:1999/3250 train_time:3772.534s step_avg:1887.21ms
step:2000/3250 train_time:3774.693s step_avg:1887.35ms
step:2000/3250 val_loss:3.43202 train_time:3774.694s step_avg:1879.78ms
step:2001/3250 train_time:3777.350s step_avg:1887.73ms
step:2002/3250 train_time:3779.171s step_avg:1887.70ms
step:2003/3250 train_time:3780.993s step_avg:1887.66ms
step:2004/3250 train_time:3782.813s step_avg:1887.63ms
step:2005/3250 train_time:3784.634s step_avg:1887.60ms
step:2006/3250 train_time:3786.455s step_avg:1887.56ms
step:2007/3250 train_time:3788.276s step_avg:1887.53ms
step:2008/3250 train_time:3790.099s step_avg:1887.50ms
step:2009/3250 train_time:3791.919s step_avg:1887.47ms
step:2010/3250 train_time:3793.741s step_avg:1887.43ms
step:2011/3250 train_time:3795.561s step_avg:1887.40ms
step:2012/3250 train_time:3797.382s step_avg:1887.37ms
step:2013/3250 train_time:3799.204s step_avg:1887.33ms
step:2014/3250 train_time:3801.025s step_avg:1887.30ms
step:2015/3250 train_time:3802.845s step_avg:1887.27ms
step:2016/3250 train_time:3804.666s step_avg:1887.24ms
step:2017/3250 train_time:3807.322s step_avg:1887.62ms
step:2018/3250 train_time:3809.143s step_avg:1887.58ms
step:2019/3250 train_time:3810.965s step_avg:1887.55ms
step:2020/3250 train_time:3812.785s step_avg:1887.52ms
step:2021/3250 train_time:3814.607s step_avg:1887.48ms
step:2022/3250 train_time:3816.431s step_avg:1887.45ms
step:2023/3250 train_time:3818.251s step_avg:1887.42ms
step:2024/3250 train_time:3820.072s step_avg:1887.39ms
step:2025/3250 train_time:3822.172s step_avg:1887.49ms
step:2026/3250 train_time:3823.992s step_avg:1887.46ms
step:2027/3250 train_time:3825.813s step_avg:1887.43ms
step:2028/3250 train_time:3827.635s step_avg:1887.39ms
step:2029/3250 train_time:3829.457s step_avg:1887.36ms
step:2030/3250 train_time:3831.279s step_avg:1887.33ms
step:2031/3250 train_time:3833.100s step_avg:1887.30ms
step:2032/3250 train_time:3834.922s step_avg:1887.26ms
step:2033/3250 train_time:3837.578s step_avg:1887.64ms
step:2034/3250 train_time:3839.400s step_avg:1887.61ms
step:2035/3250 train_time:3841.221s step_avg:1887.58ms
step:2036/3250 train_time:3843.042s step_avg:1887.55ms
step:2037/3250 train_time:3844.864s step_avg:1887.51ms
step:2038/3250 train_time:3846.686s step_avg:1887.48ms
step:2039/3250 train_time:3848.508s step_avg:1887.45ms
step:2040/3250 train_time:3850.329s step_avg:1887.42ms
step:2041/3250 train_time:3852.151s step_avg:1887.38ms
step:2042/3250 train_time:3853.974s step_avg:1887.35ms
step:2043/3250 train_time:3855.796s step_avg:1887.32ms
step:2044/3250 train_time:3857.617s step_avg:1887.29ms
step:2045/3250 train_time:3859.439s step_avg:1887.26ms
step:2046/3250 train_time:3861.261s step_avg:1887.22ms
step:2047/3250 train_time:3863.083s step_avg:1887.19ms
step:2048/3250 train_time:3864.904s step_avg:1887.16ms
step:2049/3250 train_time:3867.560s step_avg:1887.54ms
step:2050/3250 train_time:3869.659s step_avg:1887.64ms
step:2051/3250 train_time:3871.479s step_avg:1887.61ms
step:2052/3250 train_time:3873.300s step_avg:1887.57ms
step:2053/3250 train_time:3875.120s step_avg:1887.54ms
step:2054/3250 train_time:3876.941s step_avg:1887.51ms
step:2055/3250 train_time:3878.761s step_avg:1887.47ms
step:2056/3250 train_time:3880.581s step_avg:1887.44ms
step:2057/3250 train_time:3882.401s step_avg:1887.41ms
step:2058/3250 train_time:3884.223s step_avg:1887.38ms
step:2059/3250 train_time:3886.044s step_avg:1887.35ms
step:2060/3250 train_time:3887.864s step_avg:1887.31ms
step:2061/3250 train_time:3889.685s step_avg:1887.28ms
step:2062/3250 train_time:3891.505s step_avg:1887.25ms
step:2063/3250 train_time:3893.325s step_avg:1887.22ms
step:2064/3250 train_time:3895.145s step_avg:1887.18ms
step:2065/3250 train_time:3897.800s step_avg:1887.55ms
step:2066/3250 train_time:3899.621s step_avg:1887.52ms
step:2067/3250 train_time:3901.441s step_avg:1887.49ms
step:2068/3250 train_time:3903.261s step_avg:1887.46ms
step:2069/3250 train_time:3905.080s step_avg:1887.42ms
step:2070/3250 train_time:3906.901s step_avg:1887.39ms
step:2071/3250 train_time:3908.721s step_avg:1887.36ms
step:2072/3250 train_time:3910.541s step_avg:1887.33ms
step:2073/3250 train_time:3912.362s step_avg:1887.29ms
step:2074/3250 train_time:3914.181s step_avg:1887.26ms
step:2075/3250 train_time:3916.273s step_avg:1887.36ms
step:2076/3250 train_time:3918.093s step_avg:1887.33ms
step:2077/3250 train_time:3919.913s step_avg:1887.30ms
step:2078/3250 train_time:3921.732s step_avg:1887.26ms
step:2079/3250 train_time:3923.552s step_avg:1887.23ms
step:2080/3250 train_time:3925.373s step_avg:1887.20ms
step:2081/3250 train_time:3928.028s step_avg:1887.57ms
step:2082/3250 train_time:3929.847s step_avg:1887.53ms
step:2083/3250 train_time:3931.668s step_avg:1887.50ms
step:2084/3250 train_time:3933.489s step_avg:1887.47ms
step:2085/3250 train_time:3935.309s step_avg:1887.44ms
step:2086/3250 train_time:3937.130s step_avg:1887.41ms
step:2087/3250 train_time:3938.950s step_avg:1887.37ms
step:2088/3250 train_time:3940.770s step_avg:1887.34ms
step:2089/3250 train_time:3942.591s step_avg:1887.31ms
step:2090/3250 train_time:3944.411s step_avg:1887.28ms
step:2091/3250 train_time:3946.267s step_avg:1887.26ms
step:2092/3250 train_time:3948.088s step_avg:1887.23ms
step:2093/3250 train_time:3949.909s step_avg:1887.20ms
step:2094/3250 train_time:3951.729s step_avg:1887.17ms
step:2095/3250 train_time:3953.549s step_avg:1887.14ms
step:2096/3250 train_time:3955.369s step_avg:1887.10ms
step:2097/3250 train_time:3958.026s step_avg:1887.47ms
step:2098/3250 train_time:3959.845s step_avg:1887.44ms
step:2099/3250 train_time:3961.664s step_avg:1887.41ms
step:2100/3250 train_time:3963.756s step_avg:1887.50ms
step:2101/3250 train_time:3965.575s step_avg:1887.47ms
step:2102/3250 train_time:3967.395s step_avg:1887.44ms
step:2103/3250 train_time:3969.216s step_avg:1887.41ms
step:2104/3250 train_time:3971.036s step_avg:1887.37ms
step:2105/3250 train_time:3972.855s step_avg:1887.34ms
step:2106/3250 train_time:3974.674s step_avg:1887.31ms
step:2107/3250 train_time:3976.494s step_avg:1887.28ms
step:2108/3250 train_time:3978.315s step_avg:1887.25ms
step:2109/3250 train_time:3980.135s step_avg:1887.21ms
step:2110/3250 train_time:3981.955s step_avg:1887.18ms
step:2111/3250 train_time:3983.774s step_avg:1887.15ms
step:2112/3250 train_time:3985.593s step_avg:1887.12ms
step:2113/3250 train_time:3988.249s step_avg:1887.48ms
step:2114/3250 train_time:3990.069s step_avg:1887.45ms
step:2115/3250 train_time:3991.889s step_avg:1887.42ms
step:2116/3250 train_time:3993.708s step_avg:1887.39ms
step:2117/3250 train_time:3995.527s step_avg:1887.35ms
step:2118/3250 train_time:3997.349s step_avg:1887.32ms
step:2119/3250 train_time:3999.169s step_avg:1887.29ms
step:2120/3250 train_time:4000.989s step_avg:1887.26ms
step:2121/3250 train_time:4002.809s step_avg:1887.23ms
step:2122/3250 train_time:4004.628s step_avg:1887.20ms
step:2123/3250 train_time:4006.449s step_avg:1887.16ms
step:2124/3250 train_time:4008.269s step_avg:1887.13ms
step:2125/3250 train_time:4010.426s step_avg:1887.26ms
step:2125/3250 val_loss:3.41182 train_time:4010.427s step_avg:1885.86ms
step:2126/3250 train_time:4012.248s step_avg:1887.23ms
step:2127/3250 train_time:4014.070s step_avg:1887.20ms
step:2128/3250 train_time:4015.890s step_avg:1887.17ms
step:2129/3250 train_time:4018.546s step_avg:1887.53ms
step:2130/3250 train_time:4020.365s step_avg:1887.50ms
step:2131/3250 train_time:4022.185s step_avg:1887.46ms
step:2132/3250 train_time:4024.004s step_avg:1887.43ms
step:2133/3250 train_time:4025.824s step_avg:1887.40ms
step:2134/3250 train_time:4027.644s step_avg:1887.37ms
step:2135/3250 train_time:4029.464s step_avg:1887.34ms
step:2136/3250 train_time:4031.284s step_avg:1887.31ms
step:2137/3250 train_time:4033.105s step_avg:1887.27ms
step:2138/3250 train_time:4034.925s step_avg:1887.24ms
step:2139/3250 train_time:4036.745s step_avg:1887.21ms
step:2140/3250 train_time:4038.566s step_avg:1887.18ms
step:2141/3250 train_time:4040.388s step_avg:1887.15ms
step:2142/3250 train_time:4042.207s step_avg:1887.12ms
step:2143/3250 train_time:4044.027s step_avg:1887.09ms
step:2144/3250 train_time:4045.849s step_avg:1887.06ms
step:2145/3250 train_time:4048.504s step_avg:1887.41ms
step:2146/3250 train_time:4050.323s step_avg:1887.38ms
step:2147/3250 train_time:4052.144s step_avg:1887.35ms
step:2148/3250 train_time:4053.964s step_avg:1887.32ms
step:2149/3250 train_time:4055.785s step_avg:1887.29ms
step:2150/3250 train_time:4057.878s step_avg:1887.39ms
step:2151/3250 train_time:4059.698s step_avg:1887.35ms
step:2152/3250 train_time:4061.519s step_avg:1887.32ms
step:2153/3250 train_time:4063.338s step_avg:1887.29ms
step:2154/3250 train_time:4065.159s step_avg:1887.26ms
step:2155/3250 train_time:4066.979s step_avg:1887.23ms
step:2156/3250 train_time:4068.800s step_avg:1887.20ms
step:2157/3250 train_time:4070.620s step_avg:1887.17ms
step:2158/3250 train_time:4072.441s step_avg:1887.14ms
step:2159/3250 train_time:4074.261s step_avg:1887.11ms
step:2160/3250 train_time:4076.082s step_avg:1887.08ms
step:2161/3250 train_time:4078.737s step_avg:1887.43ms
step:2162/3250 train_time:4080.557s step_avg:1887.40ms
step:2163/3250 train_time:4082.377s step_avg:1887.37ms
step:2164/3250 train_time:4084.197s step_avg:1887.34ms
step:2165/3250 train_time:4086.017s step_avg:1887.31ms
step:2166/3250 train_time:4087.837s step_avg:1887.27ms
step:2167/3250 train_time:4089.658s step_avg:1887.24ms
step:2168/3250 train_time:4091.478s step_avg:1887.21ms
step:2169/3250 train_time:4093.298s step_avg:1887.18ms
step:2170/3250 train_time:4095.120s step_avg:1887.15ms
step:2171/3250 train_time:4096.943s step_avg:1887.12ms
step:2172/3250 train_time:4098.765s step_avg:1887.09ms
step:2173/3250 train_time:4100.588s step_avg:1887.06ms
step:2174/3250 train_time:4102.410s step_avg:1887.03ms
step:2175/3250 train_time:4104.508s step_avg:1887.13ms
step:2176/3250 train_time:4106.330s step_avg:1887.10ms
step:2177/3250 train_time:4108.986s step_avg:1887.45ms
step:2178/3250 train_time:4110.807s step_avg:1887.42ms
step:2179/3250 train_time:4112.629s step_avg:1887.39ms
step:2180/3250 train_time:4114.451s step_avg:1887.36ms
step:2181/3250 train_time:4116.273s step_avg:1887.33ms
step:2182/3250 train_time:4118.095s step_avg:1887.30ms
step:2183/3250 train_time:4119.916s step_avg:1887.27ms
step:2184/3250 train_time:4121.737s step_avg:1887.24ms
step:2185/3250 train_time:4123.558s step_avg:1887.21ms
step:2186/3250 train_time:4125.381s step_avg:1887.18ms
step:2187/3250 train_time:4127.206s step_avg:1887.15ms
step:2188/3250 train_time:4129.029s step_avg:1887.12ms
step:2189/3250 train_time:4130.851s step_avg:1887.09ms
step:2190/3250 train_time:4132.672s step_avg:1887.06ms
step:2191/3250 train_time:4134.493s step_avg:1887.03ms
step:2192/3250 train_time:4136.315s step_avg:1887.00ms
step:2193/3250 train_time:4138.970s step_avg:1887.36ms
step:2194/3250 train_time:4140.790s step_avg:1887.32ms
step:2195/3250 train_time:4142.612s step_avg:1887.29ms
step:2196/3250 train_time:4144.434s step_avg:1887.27ms
step:2197/3250 train_time:4146.257s step_avg:1887.24ms
step:2198/3250 train_time:4148.078s step_avg:1887.21ms
step:2199/3250 train_time:4149.899s step_avg:1887.18ms
step:2200/3250 train_time:4151.996s step_avg:1887.27ms
step:2201/3250 train_time:4153.818s step_avg:1887.24ms
step:2202/3250 train_time:4155.639s step_avg:1887.21ms
step:2203/3250 train_time:4157.461s step_avg:1887.18ms
step:2204/3250 train_time:4159.282s step_avg:1887.15ms
step:2205/3250 train_time:4161.104s step_avg:1887.12ms
step:2206/3250 train_time:4162.924s step_avg:1887.09ms
step:2207/3250 train_time:4164.747s step_avg:1887.06ms
step:2208/3250 train_time:4166.569s step_avg:1887.03ms
step:2209/3250 train_time:4169.224s step_avg:1887.38ms
step:2210/3250 train_time:4171.044s step_avg:1887.35ms
step:2211/3250 train_time:4172.865s step_avg:1887.32ms
step:2212/3250 train_time:4174.686s step_avg:1887.29ms
step:2213/3250 train_time:4176.508s step_avg:1887.26ms
step:2214/3250 train_time:4178.329s step_avg:1887.23ms
step:2215/3250 train_time:4180.150s step_avg:1887.20ms
step:2216/3250 train_time:4181.972s step_avg:1887.17ms
step:2217/3250 train_time:4183.793s step_avg:1887.14ms
step:2218/3250 train_time:4185.616s step_avg:1887.11ms
step:2219/3250 train_time:4187.436s step_avg:1887.08ms
step:2220/3250 train_time:4189.257s step_avg:1887.05ms
step:2221/3250 train_time:4191.079s step_avg:1887.02ms
step:2222/3250 train_time:4192.899s step_avg:1886.99ms
step:2223/3250 train_time:4194.718s step_avg:1886.96ms
step:2224/3250 train_time:4196.539s step_avg:1886.93ms
step:2225/3250 train_time:4199.472s step_avg:1887.40ms
step:2226/3250 train_time:4201.293s step_avg:1887.37ms
step:2227/3250 train_time:4203.113s step_avg:1887.34ms
step:2228/3250 train_time:4204.934s step_avg:1887.31ms
step:2229/3250 train_time:4206.756s step_avg:1887.28ms
step:2230/3250 train_time:4208.577s step_avg:1887.25ms
step:2231/3250 train_time:4210.398s step_avg:1887.22ms
step:2232/3250 train_time:4212.220s step_avg:1887.20ms
step:2233/3250 train_time:4214.040s step_avg:1887.17ms
step:2234/3250 train_time:4215.863s step_avg:1887.14ms
step:2235/3250 train_time:4217.685s step_avg:1887.11ms
step:2236/3250 train_time:4219.509s step_avg:1887.08ms
step:2237/3250 train_time:4221.331s step_avg:1887.05ms
step:2238/3250 train_time:4223.152s step_avg:1887.02ms
step:2239/3250 train_time:4224.974s step_avg:1886.99ms
step:2240/3250 train_time:4226.795s step_avg:1886.96ms
step:2241/3250 train_time:4229.451s step_avg:1887.31ms
step:2242/3250 train_time:4231.273s step_avg:1887.28ms
step:2243/3250 train_time:4233.093s step_avg:1887.25ms
step:2244/3250 train_time:4234.914s step_avg:1887.22ms
step:2245/3250 train_time:4236.736s step_avg:1887.19ms
step:2246/3250 train_time:4238.558s step_avg:1887.16ms
step:2247/3250 train_time:4240.378s step_avg:1887.13ms
step:2248/3250 train_time:4242.200s step_avg:1887.10ms
step:2249/3250 train_time:4244.021s step_avg:1887.07ms
step:2250/3250 train_time:4246.182s step_avg:1887.19ms
step:2250/3250 val_loss:3.39167 train_time:4246.183s step_avg:1886.05ms
step:2251/3250 train_time:4248.004s step_avg:1887.16ms
step:2252/3250 train_time:4249.826s step_avg:1887.13ms
step:2253/3250 train_time:4251.648s step_avg:1887.11ms
step:2254/3250 train_time:4253.470s step_avg:1887.08ms
step:2255/3250 train_time:4255.292s step_avg:1887.05ms
step:2256/3250 train_time:4257.114s step_avg:1887.02ms
step:2257/3250 train_time:4259.769s step_avg:1887.36ms
step:2258/3250 train_time:4261.589s step_avg:1887.33ms
step:2259/3250 train_time:4263.411s step_avg:1887.30ms
step:2260/3250 train_time:4265.232s step_avg:1887.27ms
step:2261/3250 train_time:4267.053s step_avg:1887.24ms
step:2262/3250 train_time:4268.875s step_avg:1887.21ms
step:2263/3250 train_time:4270.695s step_avg:1887.18ms
step:2264/3250 train_time:4272.517s step_avg:1887.15ms
step:2265/3250 train_time:4274.339s step_avg:1887.13ms
step:2266/3250 train_time:4276.162s step_avg:1887.10ms
step:2267/3250 train_time:4277.986s step_avg:1887.07ms
step:2268/3250 train_time:4279.807s step_avg:1887.04ms
step:2269/3250 train_time:4281.628s step_avg:1887.01ms
step:2270/3250 train_time:4283.450s step_avg:1886.98ms
step:2271/3250 train_time:4285.272s step_avg:1886.95ms
step:2272/3250 train_time:4287.093s step_avg:1886.92ms
step:2273/3250 train_time:4289.748s step_avg:1887.26ms
step:2274/3250 train_time:4291.570s step_avg:1887.23ms
step:2275/3250 train_time:4293.666s step_avg:1887.33ms
step:2276/3250 train_time:4295.488s step_avg:1887.30ms
step:2277/3250 train_time:4297.309s step_avg:1887.27ms
step:2278/3250 train_time:4299.132s step_avg:1887.24ms
step:2279/3250 train_time:4300.953s step_avg:1887.21ms
step:2280/3250 train_time:4302.773s step_avg:1887.18ms
step:2281/3250 train_time:4304.628s step_avg:1887.17ms
step:2282/3250 train_time:4306.448s step_avg:1887.14ms
step:2283/3250 train_time:4308.268s step_avg:1887.11ms
step:2284/3250 train_time:4310.088s step_avg:1887.08ms
step:2285/3250 train_time:4311.910s step_avg:1887.05ms
step:2286/3250 train_time:4313.732s step_avg:1887.02ms
step:2287/3250 train_time:4315.553s step_avg:1886.99ms
step:2288/3250 train_time:4317.373s step_avg:1886.96ms
step:2289/3250 train_time:4320.028s step_avg:1887.30ms
step:2290/3250 train_time:4321.848s step_avg:1887.27ms
step:2291/3250 train_time:4323.669s step_avg:1887.24ms
step:2292/3250 train_time:4325.488s step_avg:1887.21ms
step:2293/3250 train_time:4327.308s step_avg:1887.18ms
step:2294/3250 train_time:4329.128s step_avg:1887.15ms
step:2295/3250 train_time:4330.948s step_avg:1887.12ms
step:2296/3250 train_time:4332.768s step_avg:1887.09ms
step:2297/3250 train_time:4334.589s step_avg:1887.07ms
step:2298/3250 train_time:4336.410s step_avg:1887.04ms
step:2299/3250 train_time:4338.231s step_avg:1887.01ms
step:2300/3250 train_time:4340.323s step_avg:1887.10ms
step:2301/3250 train_time:4342.144s step_avg:1887.07ms
step:2302/3250 train_time:4343.965s step_avg:1887.04ms
step:2303/3250 train_time:4345.785s step_avg:1887.01ms
step:2304/3250 train_time:4347.604s step_avg:1886.98ms
step:2305/3250 train_time:4350.260s step_avg:1887.31ms
step:2306/3250 train_time:4352.080s step_avg:1887.29ms
step:2307/3250 train_time:4353.900s step_avg:1887.26ms
step:2308/3250 train_time:4355.719s step_avg:1887.23ms
step:2309/3250 train_time:4357.539s step_avg:1887.20ms
step:2310/3250 train_time:4359.360s step_avg:1887.17ms
step:2311/3250 train_time:4361.181s step_avg:1887.14ms
step:2312/3250 train_time:4363.003s step_avg:1887.11ms
step:2313/3250 train_time:4364.823s step_avg:1887.08ms
step:2314/3250 train_time:4366.643s step_avg:1887.05ms
step:2315/3250 train_time:4368.463s step_avg:1887.02ms
step:2316/3250 train_time:4370.283s step_avg:1887.00ms
step:2317/3250 train_time:4372.105s step_avg:1886.97ms
step:2318/3250 train_time:4373.926s step_avg:1886.94ms
step:2319/3250 train_time:4375.747s step_avg:1886.91ms
step:2320/3250 train_time:4377.567s step_avg:1886.88ms
step:2321/3250 train_time:4380.223s step_avg:1887.21ms
step:2322/3250 train_time:4382.042s step_avg:1887.18ms
step:2323/3250 train_time:4383.863s step_avg:1887.16ms
step:2324/3250 train_time:4385.683s step_avg:1887.13ms
step:2325/3250 train_time:4387.776s step_avg:1887.22ms
step:2326/3250 train_time:4389.598s step_avg:1887.19ms
step:2327/3250 train_time:4391.418s step_avg:1887.16ms
step:2328/3250 train_time:4393.239s step_avg:1887.13ms
step:2329/3250 train_time:4395.060s step_avg:1887.10ms
step:2330/3250 train_time:4396.880s step_avg:1887.07ms
step:2331/3250 train_time:4398.701s step_avg:1887.04ms
step:2332/3250 train_time:4400.522s step_avg:1887.02ms
step:2333/3250 train_time:4402.343s step_avg:1886.99ms
step:2334/3250 train_time:4404.163s step_avg:1886.96ms
step:2335/3250 train_time:4405.984s step_avg:1886.93ms
step:2336/3250 train_time:4407.804s step_avg:1886.90ms
step:2337/3250 train_time:4410.460s step_avg:1887.23ms
step:2338/3250 train_time:4412.280s step_avg:1887.20ms
step:2339/3250 train_time:4414.101s step_avg:1887.17ms
step:2340/3250 train_time:4415.921s step_avg:1887.15ms
step:2341/3250 train_time:4417.742s step_avg:1887.12ms
step:2342/3250 train_time:4419.564s step_avg:1887.09ms
step:2343/3250 train_time:4421.384s step_avg:1887.06ms
step:2344/3250 train_time:4423.205s step_avg:1887.03ms
step:2345/3250 train_time:4425.025s step_avg:1887.00ms
step:2346/3250 train_time:4426.847s step_avg:1886.98ms
step:2347/3250 train_time:4428.668s step_avg:1886.95ms
step:2348/3250 train_time:4430.489s step_avg:1886.92ms
step:2349/3250 train_time:4432.310s step_avg:1886.89ms
step:2350/3250 train_time:4434.405s step_avg:1886.98ms
step:2351/3250 train_time:4436.224s step_avg:1886.95ms
step:2352/3250 train_time:4438.045s step_avg:1886.92ms
step:2353/3250 train_time:4440.701s step_avg:1887.25ms
step:2354/3250 train_time:4442.520s step_avg:1887.22ms
step:2355/3250 train_time:4444.341s step_avg:1887.19ms
step:2356/3250 train_time:4446.161s step_avg:1887.17ms
step:2357/3250 train_time:4447.981s step_avg:1887.14ms
step:2358/3250 train_time:4449.801s step_avg:1887.11ms
step:2359/3250 train_time:4451.621s step_avg:1887.08ms
step:2360/3250 train_time:4453.442s step_avg:1887.05ms
step:2361/3250 train_time:4455.263s step_avg:1887.02ms
step:2362/3250 train_time:4457.083s step_avg:1887.00ms
step:2363/3250 train_time:4458.903s step_avg:1886.97ms
step:2364/3250 train_time:4460.724s step_avg:1886.94ms
step:2365/3250 train_time:4462.544s step_avg:1886.91ms
step:2366/3250 train_time:4464.366s step_avg:1886.88ms
step:2367/3250 train_time:4466.186s step_avg:1886.85ms
step:2368/3250 train_time:4468.006s step_avg:1886.83ms
step:2369/3250 train_time:4470.662s step_avg:1887.15ms
step:2370/3250 train_time:4472.481s step_avg:1887.12ms
step:2371/3250 train_time:4474.302s step_avg:1887.09ms
step:2372/3250 train_time:4476.122s step_avg:1887.07ms
step:2373/3250 train_time:4477.943s step_avg:1887.04ms
step:2374/3250 train_time:4479.763s step_avg:1887.01ms
step:2375/3250 train_time:4481.921s step_avg:1887.12ms
step:2375/3250 val_loss:3.37260 train_time:4481.922s step_avg:1885.91ms
step:2376/3250 train_time:4483.744s step_avg:1887.10ms
step:2377/3250 train_time:4485.566s step_avg:1887.07ms
step:2378/3250 train_time:4487.387s step_avg:1887.04ms
step:2379/3250 train_time:4489.208s step_avg:1887.01ms
step:2380/3250 train_time:4491.030s step_avg:1886.99ms
step:2381/3250 train_time:4492.851s step_avg:1886.96ms
step:2382/3250 train_time:4494.672s step_avg:1886.93ms
step:2383/3250 train_time:4496.494s step_avg:1886.90ms
step:2384/3250 train_time:4498.317s step_avg:1886.88ms
step:2385/3250 train_time:4500.973s step_avg:1887.20ms
step:2386/3250 train_time:4502.794s step_avg:1887.17ms
step:2387/3250 train_time:4504.615s step_avg:1887.14ms
step:2388/3250 train_time:4506.437s step_avg:1887.12ms
step:2389/3250 train_time:4508.258s step_avg:1887.09ms
step:2390/3250 train_time:4510.079s step_avg:1887.06ms
step:2391/3250 train_time:4511.900s step_avg:1887.03ms
step:2392/3250 train_time:4513.721s step_avg:1887.01ms
step:2393/3250 train_time:4515.543s step_avg:1886.98ms
step:2394/3250 train_time:4517.365s step_avg:1886.95ms
step:2395/3250 train_time:4519.185s step_avg:1886.92ms
step:2396/3250 train_time:4521.007s step_avg:1886.90ms
step:2397/3250 train_time:4522.829s step_avg:1886.87ms
step:2398/3250 train_time:4524.653s step_avg:1886.84ms
step:2399/3250 train_time:4526.474s step_avg:1886.82ms
step:2400/3250 train_time:4528.576s step_avg:1886.91ms
step:2401/3250 train_time:4531.232s step_avg:1887.23ms
step:2402/3250 train_time:4533.053s step_avg:1887.20ms
step:2403/3250 train_time:4534.875s step_avg:1887.17ms
step:2404/3250 train_time:4536.697s step_avg:1887.15ms
step:2405/3250 train_time:4538.518s step_avg:1887.12ms
step:2406/3250 train_time:4540.340s step_avg:1887.09ms
step:2407/3250 train_time:4542.161s step_avg:1887.06ms
step:2408/3250 train_time:4543.983s step_avg:1887.04ms
step:2409/3250 train_time:4545.805s step_avg:1887.01ms
step:2410/3250 train_time:4547.627s step_avg:1886.98ms
step:2411/3250 train_time:4549.448s step_avg:1886.95ms
step:2412/3250 train_time:4551.270s step_avg:1886.93ms
step:2413/3250 train_time:4553.093s step_avg:1886.90ms
step:2414/3250 train_time:4554.915s step_avg:1886.87ms
step:2415/3250 train_time:4556.737s step_avg:1886.85ms
step:2416/3250 train_time:4558.559s step_avg:1886.82ms
step:2417/3250 train_time:4561.215s step_avg:1887.14ms
step:2418/3250 train_time:4563.037s step_avg:1887.11ms
step:2419/3250 train_time:4564.859s step_avg:1887.09ms
step:2420/3250 train_time:4566.681s step_avg:1887.06ms
step:2421/3250 train_time:4568.502s step_avg:1887.03ms
step:2422/3250 train_time:4570.324s step_avg:1887.00ms
step:2423/3250 train_time:4572.148s step_avg:1886.98ms
step:2424/3250 train_time:4573.971s step_avg:1886.95ms
step:2425/3250 train_time:4576.068s step_avg:1887.04ms
step:2426/3250 train_time:4577.890s step_avg:1887.01ms
step:2427/3250 train_time:4579.712s step_avg:1886.98ms
step:2428/3250 train_time:4581.533s step_avg:1886.96ms
step:2429/3250 train_time:4583.355s step_avg:1886.93ms
step:2430/3250 train_time:4585.176s step_avg:1886.90ms
step:2431/3250 train_time:4586.998s step_avg:1886.88ms
step:2432/3250 train_time:4588.820s step_avg:1886.85ms
step:2433/3250 train_time:4591.476s step_avg:1887.17ms
step:2434/3250 train_time:4593.297s step_avg:1887.14ms
step:2435/3250 train_time:4595.118s step_avg:1887.11ms
step:2436/3250 train_time:4596.939s step_avg:1887.08ms
step:2437/3250 train_time:4598.760s step_avg:1887.06ms
step:2438/3250 train_time:4600.582s step_avg:1887.03ms
step:2439/3250 train_time:4602.405s step_avg:1887.00ms
step:2440/3250 train_time:4604.227s step_avg:1886.98ms
step:2441/3250 train_time:4606.047s step_avg:1886.95ms
step:2442/3250 train_time:4607.869s step_avg:1886.92ms
step:2443/3250 train_time:4609.692s step_avg:1886.90ms
step:2444/3250 train_time:4611.513s step_avg:1886.87ms
step:2445/3250 train_time:4613.334s step_avg:1886.84ms
step:2446/3250 train_time:4615.156s step_avg:1886.82ms
step:2447/3250 train_time:4616.977s step_avg:1886.79ms
step:2448/3250 train_time:4618.799s step_avg:1886.76ms
step:2449/3250 train_time:4621.455s step_avg:1887.08ms
step:2450/3250 train_time:4623.551s step_avg:1887.16ms
step:2451/3250 train_time:4625.372s step_avg:1887.14ms
step:2452/3250 train_time:4627.194s step_avg:1887.11ms
step:2453/3250 train_time:4629.016s step_avg:1887.08ms
step:2454/3250 train_time:4630.836s step_avg:1887.06ms
step:2455/3250 train_time:4632.656s step_avg:1887.03ms
step:2456/3250 train_time:4634.477s step_avg:1887.00ms
step:2457/3250 train_time:4636.298s step_avg:1886.98ms
step:2458/3250 train_time:4638.119s step_avg:1886.95ms
step:2459/3250 train_time:4639.940s step_avg:1886.92ms
step:2460/3250 train_time:4641.761s step_avg:1886.89ms
step:2461/3250 train_time:4643.582s step_avg:1886.87ms
step:2462/3250 train_time:4645.402s step_avg:1886.84ms
step:2463/3250 train_time:4647.224s step_avg:1886.81ms
step:2464/3250 train_time:4649.045s step_avg:1886.79ms
step:2465/3250 train_time:4651.700s step_avg:1887.10ms
step:2466/3250 train_time:4653.521s step_avg:1887.07ms
step:2467/3250 train_time:4655.342s step_avg:1887.05ms
step:2468/3250 train_time:4657.164s step_avg:1887.02ms
step:2469/3250 train_time:4658.984s step_avg:1886.99ms
step:2470/3250 train_time:4660.806s step_avg:1886.97ms
step:2471/3250 train_time:4662.665s step_avg:1886.95ms
step:2472/3250 train_time:4664.486s step_avg:1886.93ms
step:2473/3250 train_time:4666.307s step_avg:1886.90ms
step:2474/3250 train_time:4668.127s step_avg:1886.87ms
step:2475/3250 train_time:4670.224s step_avg:1886.96ms
step:2476/3250 train_time:4672.047s step_avg:1886.93ms
step:2477/3250 train_time:4673.869s step_avg:1886.91ms
step:2478/3250 train_time:4675.691s step_avg:1886.88ms
step:2479/3250 train_time:4677.514s step_avg:1886.85ms
step:2480/3250 train_time:4679.334s step_avg:1886.83ms
step:2481/3250 train_time:4681.990s step_avg:1887.14ms
step:2482/3250 train_time:4683.810s step_avg:1887.11ms
step:2483/3250 train_time:4685.631s step_avg:1887.08ms
step:2484/3250 train_time:4687.451s step_avg:1887.06ms
step:2485/3250 train_time:4689.274s step_avg:1887.03ms
step:2486/3250 train_time:4691.096s step_avg:1887.01ms
step:2487/3250 train_time:4692.917s step_avg:1886.98ms
step:2488/3250 train_time:4694.737s step_avg:1886.95ms
step:2489/3250 train_time:4696.558s step_avg:1886.93ms
step:2490/3250 train_time:4698.380s step_avg:1886.90ms
step:2491/3250 train_time:4700.201s step_avg:1886.87ms
step:2492/3250 train_time:4702.025s step_avg:1886.85ms
step:2493/3250 train_time:4703.846s step_avg:1886.82ms
step:2494/3250 train_time:4705.667s step_avg:1886.79ms
step:2495/3250 train_time:4707.487s step_avg:1886.77ms
step:2496/3250 train_time:4709.308s step_avg:1886.74ms
step:2497/3250 train_time:4711.965s step_avg:1887.05ms
step:2498/3250 train_time:4713.785s step_avg:1887.02ms
step:2499/3250 train_time:4715.606s step_avg:1887.00ms
step:2500/3250 train_time:4717.766s step_avg:1887.11ms
step:2500/3250 val_loss:3.35347 train_time:4717.766s step_avg:1886.75ms
step:2501/3250 train_time:4719.589s step_avg:1887.08ms
step:2502/3250 train_time:4721.411s step_avg:1887.05ms
step:2503/3250 train_time:4723.233s step_avg:1887.03ms
step:2504/3250 train_time:4725.054s step_avg:1887.00ms
step:2505/3250 train_time:4726.874s step_avg:1886.98ms
step:2506/3250 train_time:4728.696s step_avg:1886.95ms
step:2507/3250 train_time:4730.518s step_avg:1886.92ms
step:2508/3250 train_time:4732.339s step_avg:1886.90ms
step:2509/3250 train_time:4734.160s step_avg:1886.87ms
step:2510/3250 train_time:4735.981s step_avg:1886.84ms
step:2511/3250 train_time:4737.802s step_avg:1886.82ms
step:2512/3250 train_time:4739.625s step_avg:1886.79ms
step:2513/3250 train_time:4742.282s step_avg:1887.10ms
step:2514/3250 train_time:4744.102s step_avg:1887.07ms
step:2515/3250 train_time:4745.924s step_avg:1887.05ms
step:2516/3250 train_time:4747.745s step_avg:1887.02ms
step:2517/3250 train_time:4749.567s step_avg:1887.00ms
step:2518/3250 train_time:4751.388s step_avg:1886.97ms
step:2519/3250 train_time:4753.208s step_avg:1886.94ms
step:2520/3250 train_time:4755.029s step_avg:1886.92ms
step:2521/3250 train_time:4756.850s step_avg:1886.89ms
step:2522/3250 train_time:4758.670s step_avg:1886.86ms
step:2523/3250 train_time:4760.491s step_avg:1886.84ms
step:2524/3250 train_time:4762.312s step_avg:1886.81ms
step:2525/3250 train_time:4764.408s step_avg:1886.89ms
step:2526/3250 train_time:4766.229s step_avg:1886.87ms
step:2527/3250 train_time:4768.050s step_avg:1886.84ms
step:2528/3250 train_time:4769.872s step_avg:1886.82ms
step:2529/3250 train_time:4772.528s step_avg:1887.12ms
step:2530/3250 train_time:4774.348s step_avg:1887.09ms
step:2531/3250 train_time:4776.171s step_avg:1887.07ms
step:2532/3250 train_time:4777.992s step_avg:1887.04ms
step:2533/3250 train_time:4779.814s step_avg:1887.02ms
step:2534/3250 train_time:4781.636s step_avg:1886.99ms
step:2535/3250 train_time:4783.458s step_avg:1886.97ms
step:2536/3250 train_time:4785.279s step_avg:1886.94ms
step:2537/3250 train_time:4787.101s step_avg:1886.91ms
step:2538/3250 train_time:4788.922s step_avg:1886.89ms
step:2539/3250 train_time:4790.743s step_avg:1886.86ms
step:2540/3250 train_time:4792.564s step_avg:1886.84ms
step:2541/3250 train_time:4794.386s step_avg:1886.81ms
step:2542/3250 train_time:4796.207s step_avg:1886.78ms
step:2543/3250 train_time:4798.028s step_avg:1886.76ms
step:2544/3250 train_time:4799.850s step_avg:1886.73ms
step:2545/3250 train_time:4802.507s step_avg:1887.04ms
step:2546/3250 train_time:4804.327s step_avg:1887.01ms
step:2547/3250 train_time:4806.147s step_avg:1886.98ms
step:2548/3250 train_time:4807.967s step_avg:1886.96ms
step:2549/3250 train_time:4809.789s step_avg:1886.93ms
step:2550/3250 train_time:4811.885s step_avg:1887.01ms
step:2551/3250 train_time:4813.706s step_avg:1886.99ms
step:2552/3250 train_time:4815.529s step_avg:1886.96ms
step:2553/3250 train_time:4817.349s step_avg:1886.94ms
step:2554/3250 train_time:4819.170s step_avg:1886.91ms
step:2555/3250 train_time:4820.991s step_avg:1886.88ms
step:2556/3250 train_time:4822.813s step_avg:1886.86ms
step:2557/3250 train_time:4824.634s step_avg:1886.83ms
step:2558/3250 train_time:4826.456s step_avg:1886.81ms
step:2559/3250 train_time:4828.277s step_avg:1886.78ms
step:2560/3250 train_time:4830.099s step_avg:1886.76ms
step:2561/3250 train_time:4832.754s step_avg:1887.06ms
step:2562/3250 train_time:4834.575s step_avg:1887.03ms
step:2563/3250 train_time:4836.395s step_avg:1887.01ms
step:2564/3250 train_time:4838.217s step_avg:1886.98ms
step:2565/3250 train_time:4840.039s step_avg:1886.95ms
step:2566/3250 train_time:4841.861s step_avg:1886.93ms
step:2567/3250 train_time:4843.682s step_avg:1886.90ms
step:2568/3250 train_time:4845.502s step_avg:1886.88ms
step:2569/3250 train_time:4847.323s step_avg:1886.85ms
step:2570/3250 train_time:4849.145s step_avg:1886.83ms
step:2571/3250 train_time:4850.968s step_avg:1886.80ms
step:2572/3250 train_time:4852.790s step_avg:1886.78ms
step:2573/3250 train_time:4854.611s step_avg:1886.75ms
step:2574/3250 train_time:4856.433s step_avg:1886.73ms
step:2575/3250 train_time:4858.529s step_avg:1886.81ms
step:2576/3250 train_time:4860.351s step_avg:1886.78ms
step:2577/3250 train_time:4863.007s step_avg:1887.08ms
step:2578/3250 train_time:4864.827s step_avg:1887.05ms
step:2579/3250 train_time:4866.650s step_avg:1887.03ms
step:2580/3250 train_time:4868.471s step_avg:1887.00ms
step:2581/3250 train_time:4870.295s step_avg:1886.98ms
step:2582/3250 train_time:4872.115s step_avg:1886.95ms
step:2583/3250 train_time:4873.935s step_avg:1886.93ms
step:2584/3250 train_time:4875.755s step_avg:1886.90ms
step:2585/3250 train_time:4877.576s step_avg:1886.88ms
step:2586/3250 train_time:4879.399s step_avg:1886.85ms
step:2587/3250 train_time:4881.220s step_avg:1886.83ms
step:2588/3250 train_time:4883.041s step_avg:1886.80ms
step:2589/3250 train_time:4884.862s step_avg:1886.78ms
step:2590/3250 train_time:4886.683s step_avg:1886.75ms
step:2591/3250 train_time:4888.505s step_avg:1886.73ms
step:2592/3250 train_time:4890.328s step_avg:1886.70ms
step:2593/3250 train_time:4892.984s step_avg:1887.00ms
step:2594/3250 train_time:4894.804s step_avg:1886.97ms
step:2595/3250 train_time:4896.624s step_avg:1886.95ms
step:2596/3250 train_time:4898.445s step_avg:1886.92ms
step:2597/3250 train_time:4900.267s step_avg:1886.90ms
step:2598/3250 train_time:4902.089s step_avg:1886.87ms
step:2599/3250 train_time:4903.909s step_avg:1886.84ms
step:2600/3250 train_time:4906.008s step_avg:1886.93ms
step:2601/3250 train_time:4907.829s step_avg:1886.90ms
step:2602/3250 train_time:4909.653s step_avg:1886.88ms
step:2603/3250 train_time:4911.473s step_avg:1886.85ms
step:2604/3250 train_time:4913.294s step_avg:1886.83ms
step:2605/3250 train_time:4915.115s step_avg:1886.80ms
step:2606/3250 train_time:4916.936s step_avg:1886.78ms
step:2607/3250 train_time:4918.759s step_avg:1886.75ms
step:2608/3250 train_time:4920.581s step_avg:1886.73ms
step:2609/3250 train_time:4923.237s step_avg:1887.02ms
step:2610/3250 train_time:4925.058s step_avg:1887.00ms
step:2611/3250 train_time:4926.879s step_avg:1886.97ms
step:2612/3250 train_time:4928.699s step_avg:1886.94ms
step:2613/3250 train_time:4930.521s step_avg:1886.92ms
step:2614/3250 train_time:4932.341s step_avg:1886.89ms
step:2615/3250 train_time:4934.162s step_avg:1886.87ms
step:2616/3250 train_time:4935.983s step_avg:1886.84ms
step:2617/3250 train_time:4937.804s step_avg:1886.82ms
step:2618/3250 train_time:4939.626s step_avg:1886.79ms
step:2619/3250 train_time:4941.447s step_avg:1886.77ms
step:2620/3250 train_time:4943.267s step_avg:1886.74ms
step:2621/3250 train_time:4945.089s step_avg:1886.72ms
step:2622/3250 train_time:4946.911s step_avg:1886.69ms
step:2623/3250 train_time:4948.733s step_avg:1886.67ms
step:2624/3250 train_time:4950.554s step_avg:1886.64ms
step:2625/3250 train_time:4953.552s step_avg:1887.07ms
step:2625/3250 val_loss:3.33385 train_time:4953.553s step_avg:1886.29ms
step:2626/3250 train_time:4955.377s step_avg:1887.04ms
step:2627/3250 train_time:4957.198s step_avg:1887.02ms
step:2628/3250 train_time:4959.020s step_avg:1886.99ms
step:2629/3250 train_time:4960.841s step_avg:1886.97ms
step:2630/3250 train_time:4962.663s step_avg:1886.94ms
step:2631/3250 train_time:4964.485s step_avg:1886.92ms
step:2632/3250 train_time:4966.308s step_avg:1886.90ms
step:2633/3250 train_time:4968.130s step_avg:1886.87ms
step:2634/3250 train_time:4969.951s step_avg:1886.85ms
step:2635/3250 train_time:4971.773s step_avg:1886.82ms
step:2636/3250 train_time:4973.596s step_avg:1886.80ms
step:2637/3250 train_time:4975.417s step_avg:1886.77ms
step:2638/3250 train_time:4977.239s step_avg:1886.75ms
step:2639/3250 train_time:4979.061s step_avg:1886.72ms
step:2640/3250 train_time:4980.882s step_avg:1886.70ms
step:2641/3250 train_time:4983.539s step_avg:1886.99ms
step:2642/3250 train_time:4985.361s step_avg:1886.96ms
step:2643/3250 train_time:4987.181s step_avg:1886.94ms
step:2644/3250 train_time:4989.003s step_avg:1886.91ms
step:2645/3250 train_time:4990.824s step_avg:1886.89ms
step:2646/3250 train_time:4992.645s step_avg:1886.87ms
step:2647/3250 train_time:4994.466s step_avg:1886.84ms
step:2648/3250 train_time:4996.287s step_avg:1886.82ms
step:2649/3250 train_time:4998.109s step_avg:1886.79ms
step:2650/3250 train_time:5000.202s step_avg:1886.87ms
step:2651/3250 train_time:5002.023s step_avg:1886.84ms
step:2652/3250 train_time:5003.845s step_avg:1886.82ms
step:2653/3250 train_time:5005.665s step_avg:1886.79ms
step:2654/3250 train_time:5007.487s step_avg:1886.77ms
step:2655/3250 train_time:5009.308s step_avg:1886.74ms
step:2656/3250 train_time:5011.129s step_avg:1886.72ms
step:2657/3250 train_time:5013.785s step_avg:1887.01ms
step:2658/3250 train_time:5015.605s step_avg:1886.98ms
step:2659/3250 train_time:5017.425s step_avg:1886.96ms
step:2660/3250 train_time:5019.248s step_avg:1886.94ms
step:2661/3250 train_time:5021.103s step_avg:1886.92ms
step:2662/3250 train_time:5022.924s step_avg:1886.90ms
step:2663/3250 train_time:5024.744s step_avg:1886.87ms
step:2664/3250 train_time:5026.566s step_avg:1886.85ms
step:2665/3250 train_time:5028.387s step_avg:1886.82ms
step:2666/3250 train_time:5030.207s step_avg:1886.80ms
step:2667/3250 train_time:5032.028s step_avg:1886.77ms
step:2668/3250 train_time:5033.848s step_avg:1886.75ms
step:2669/3250 train_time:5035.669s step_avg:1886.73ms
step:2670/3250 train_time:5037.492s step_avg:1886.70ms
step:2671/3250 train_time:5039.313s step_avg:1886.68ms
step:2672/3250 train_time:5041.134s step_avg:1886.65ms
step:2673/3250 train_time:5043.789s step_avg:1886.94ms
step:2674/3250 train_time:5045.610s step_avg:1886.91ms
step:2675/3250 train_time:5047.707s step_avg:1886.99ms
step:2676/3250 train_time:5049.528s step_avg:1886.97ms
step:2677/3250 train_time:5051.348s step_avg:1886.94ms
step:2678/3250 train_time:5053.169s step_avg:1886.92ms
step:2679/3250 train_time:5054.991s step_avg:1886.89ms
step:2680/3250 train_time:5056.813s step_avg:1886.87ms
step:2681/3250 train_time:5058.634s step_avg:1886.85ms
step:2682/3250 train_time:5060.456s step_avg:1886.82ms
step:2683/3250 train_time:5062.277s step_avg:1886.80ms
step:2684/3250 train_time:5064.099s step_avg:1886.77ms
step:2685/3250 train_time:5065.920s step_avg:1886.75ms
step:2686/3250 train_time:5067.743s step_avg:1886.72ms
step:2687/3250 train_time:5069.564s step_avg:1886.70ms
step:2688/3250 train_time:5071.385s step_avg:1886.68ms
step:2689/3250 train_time:5074.040s step_avg:1886.96ms
step:2690/3250 train_time:5075.860s step_avg:1886.94ms
step:2691/3250 train_time:5077.682s step_avg:1886.91ms
step:2692/3250 train_time:5079.503s step_avg:1886.89ms
step:2693/3250 train_time:5081.324s step_avg:1886.86ms
step:2694/3250 train_time:5083.145s step_avg:1886.84ms
step:2695/3250 train_time:5084.965s step_avg:1886.81ms
step:2696/3250 train_time:5086.787s step_avg:1886.79ms
step:2697/3250 train_time:5088.609s step_avg:1886.77ms
step:2698/3250 train_time:5090.431s step_avg:1886.74ms
step:2699/3250 train_time:5092.252s step_avg:1886.72ms
step:2700/3250 train_time:5094.346s step_avg:1886.79ms
step:2701/3250 train_time:5096.168s step_avg:1886.77ms
step:2702/3250 train_time:5097.989s step_avg:1886.75ms
step:2703/3250 train_time:5099.809s step_avg:1886.72ms
step:2704/3250 train_time:5101.630s step_avg:1886.70ms
step:2705/3250 train_time:5104.286s step_avg:1886.98ms
step:2706/3250 train_time:5106.107s step_avg:1886.96ms
step:2707/3250 train_time:5107.927s step_avg:1886.93ms
step:2708/3250 train_time:5109.748s step_avg:1886.91ms
step:2709/3250 train_time:5111.568s step_avg:1886.88ms
step:2710/3250 train_time:5113.389s step_avg:1886.86ms
step:2711/3250 train_time:5115.212s step_avg:1886.84ms
step:2712/3250 train_time:5117.034s step_avg:1886.81ms
step:2713/3250 train_time:5118.855s step_avg:1886.79ms
step:2714/3250 train_time:5120.676s step_avg:1886.76ms
step:2715/3250 train_time:5122.498s step_avg:1886.74ms
step:2716/3250 train_time:5124.319s step_avg:1886.72ms
step:2717/3250 train_time:5126.139s step_avg:1886.69ms
step:2718/3250 train_time:5127.960s step_avg:1886.67ms
step:2719/3250 train_time:5129.782s step_avg:1886.64ms
step:2720/3250 train_time:5131.603s step_avg:1886.62ms
step:2721/3250 train_time:5134.259s step_avg:1886.90ms
step:2722/3250 train_time:5136.079s step_avg:1886.88ms
step:2723/3250 train_time:5137.901s step_avg:1886.85ms
step:2724/3250 train_time:5139.722s step_avg:1886.83ms
step:2725/3250 train_time:5141.816s step_avg:1886.90ms
step:2726/3250 train_time:5143.637s step_avg:1886.88ms
step:2727/3250 train_time:5145.457s step_avg:1886.86ms
step:2728/3250 train_time:5147.278s step_avg:1886.83ms
step:2729/3250 train_time:5149.098s step_avg:1886.81ms
step:2730/3250 train_time:5150.919s step_avg:1886.78ms
step:2731/3250 train_time:5152.741s step_avg:1886.76ms
step:2732/3250 train_time:5154.562s step_avg:1886.74ms
step:2733/3250 train_time:5156.382s step_avg:1886.71ms
step:2734/3250 train_time:5158.204s step_avg:1886.69ms
step:2735/3250 train_time:5160.026s step_avg:1886.66ms
step:2736/3250 train_time:5161.847s step_avg:1886.64ms
step:2737/3250 train_time:5164.504s step_avg:1886.92ms
step:2738/3250 train_time:5166.326s step_avg:1886.90ms
step:2739/3250 train_time:5168.147s step_avg:1886.87ms
step:2740/3250 train_time:5169.967s step_avg:1886.85ms
step:2741/3250 train_time:5171.787s step_avg:1886.82ms
step:2742/3250 train_time:5173.607s step_avg:1886.80ms
step:2743/3250 train_time:5175.430s step_avg:1886.78ms
step:2744/3250 train_time:5177.252s step_avg:1886.75ms
step:2745/3250 train_time:5179.073s step_avg:1886.73ms
step:2746/3250 train_time:5180.894s step_avg:1886.71ms
step:2747/3250 train_time:5182.716s step_avg:1886.68ms
step:2748/3250 train_time:5184.536s step_avg:1886.66ms
step:2749/3250 train_time:5186.357s step_avg:1886.63ms
step:2750/3250 train_time:5188.516s step_avg:1886.73ms
step:2750/3250 val_loss:3.31600 train_time:5188.516s step_avg:1879.71ms
step:2751/3250 train_time:5190.339s step_avg:1886.71ms
step:2752/3250 train_time:5192.160s step_avg:1886.69ms
step:2753/3250 train_time:5194.817s step_avg:1886.97ms
step:2754/3250 train_time:5196.638s step_avg:1886.94ms
step:2755/3250 train_time:5198.459s step_avg:1886.92ms
step:2756/3250 train_time:5200.280s step_avg:1886.89ms
step:2757/3250 train_time:5202.101s step_avg:1886.87ms
step:2758/3250 train_time:5203.923s step_avg:1886.85ms
step:2759/3250 train_time:5205.744s step_avg:1886.82ms
step:2760/3250 train_time:5207.567s step_avg:1886.80ms
step:2761/3250 train_time:5209.388s step_avg:1886.78ms
step:2762/3250 train_time:5211.209s step_avg:1886.75ms
step:2763/3250 train_time:5213.031s step_avg:1886.73ms
step:2764/3250 train_time:5214.854s step_avg:1886.71ms
step:2765/3250 train_time:5216.676s step_avg:1886.68ms
step:2766/3250 train_time:5218.498s step_avg:1886.66ms
step:2767/3250 train_time:5220.319s step_avg:1886.64ms
step:2768/3250 train_time:5222.140s step_avg:1886.61ms
step:2769/3250 train_time:5224.797s step_avg:1886.89ms
step:2770/3250 train_time:5226.618s step_avg:1886.87ms
step:2771/3250 train_time:5228.439s step_avg:1886.84ms
step:2772/3250 train_time:5230.259s step_avg:1886.82ms
step:2773/3250 train_time:5232.080s step_avg:1886.79ms
step:2774/3250 train_time:5233.901s step_avg:1886.77ms
step:2775/3250 train_time:5235.995s step_avg:1886.85ms
step:2776/3250 train_time:5237.817s step_avg:1886.82ms
step:2777/3250 train_time:5239.638s step_avg:1886.80ms
step:2778/3250 train_time:5241.458s step_avg:1886.77ms
step:2779/3250 train_time:5243.280s step_avg:1886.75ms
step:2780/3250 train_time:5245.101s step_avg:1886.73ms
step:2781/3250 train_time:5246.923s step_avg:1886.70ms
step:2782/3250 train_time:5248.744s step_avg:1886.68ms
step:2783/3250 train_time:5250.565s step_avg:1886.66ms
step:2784/3250 train_time:5252.386s step_avg:1886.63ms
step:2785/3250 train_time:5255.042s step_avg:1886.91ms
step:2786/3250 train_time:5256.863s step_avg:1886.89ms
step:2787/3250 train_time:5258.684s step_avg:1886.86ms
step:2788/3250 train_time:5260.505s step_avg:1886.84ms
step:2789/3250 train_time:5262.326s step_avg:1886.81ms
step:2790/3250 train_time:5264.147s step_avg:1886.79ms
step:2791/3250 train_time:5265.969s step_avg:1886.77ms
step:2792/3250 train_time:5267.790s step_avg:1886.74ms
step:2793/3250 train_time:5269.611s step_avg:1886.72ms
step:2794/3250 train_time:5271.433s step_avg:1886.70ms
step:2795/3250 train_time:5273.255s step_avg:1886.67ms
step:2796/3250 train_time:5275.076s step_avg:1886.65ms
step:2797/3250 train_time:5276.898s step_avg:1886.63ms
step:2798/3250 train_time:5278.720s step_avg:1886.60ms
step:2799/3250 train_time:5280.542s step_avg:1886.58ms
step:2800/3250 train_time:5282.636s step_avg:1886.66ms
step:2801/3250 train_time:5285.293s step_avg:1886.93ms
step:2802/3250 train_time:5287.115s step_avg:1886.91ms
step:2803/3250 train_time:5288.935s step_avg:1886.88ms
step:2804/3250 train_time:5290.757s step_avg:1886.86ms
step:2805/3250 train_time:5292.577s step_avg:1886.84ms
step:2806/3250 train_time:5294.398s step_avg:1886.81ms
step:2807/3250 train_time:5296.219s step_avg:1886.79ms
step:2808/3250 train_time:5298.040s step_avg:1886.77ms
step:2809/3250 train_time:5299.860s step_avg:1886.74ms
step:2810/3250 train_time:5301.680s step_avg:1886.72ms
step:2811/3250 train_time:5303.502s step_avg:1886.70ms
step:2812/3250 train_time:5305.322s step_avg:1886.67ms
step:2813/3250 train_time:5307.146s step_avg:1886.65ms
step:2814/3250 train_time:5308.967s step_avg:1886.63ms
step:2815/3250 train_time:5310.789s step_avg:1886.60ms
step:2816/3250 train_time:5312.610s step_avg:1886.58ms
step:2817/3250 train_time:5315.267s step_avg:1886.85ms
step:2818/3250 train_time:5317.092s step_avg:1886.83ms
step:2819/3250 train_time:5318.914s step_avg:1886.81ms
step:2820/3250 train_time:5320.735s step_avg:1886.79ms
step:2821/3250 train_time:5322.557s step_avg:1886.76ms
step:2822/3250 train_time:5324.379s step_avg:1886.74ms
step:2823/3250 train_time:5326.202s step_avg:1886.72ms
step:2824/3250 train_time:5328.025s step_avg:1886.69ms
step:2825/3250 train_time:5330.120s step_avg:1886.77ms
step:2826/3250 train_time:5331.941s step_avg:1886.74ms
step:2827/3250 train_time:5333.762s step_avg:1886.72ms
step:2828/3250 train_time:5335.583s step_avg:1886.70ms
step:2829/3250 train_time:5337.405s step_avg:1886.68ms
step:2830/3250 train_time:5339.227s step_avg:1886.65ms
step:2831/3250 train_time:5341.049s step_avg:1886.63ms
step:2832/3250 train_time:5342.870s step_avg:1886.61ms
step:2833/3250 train_time:5345.528s step_avg:1886.88ms
step:2834/3250 train_time:5347.350s step_avg:1886.86ms
step:2835/3250 train_time:5349.171s step_avg:1886.83ms
step:2836/3250 train_time:5350.992s step_avg:1886.81ms
step:2837/3250 train_time:5352.813s step_avg:1886.79ms
step:2838/3250 train_time:5354.635s step_avg:1886.76ms
step:2839/3250 train_time:5356.458s step_avg:1886.74ms
step:2840/3250 train_time:5358.281s step_avg:1886.72ms
step:2841/3250 train_time:5360.102s step_avg:1886.70ms
step:2842/3250 train_time:5361.923s step_avg:1886.67ms
step:2843/3250 train_time:5363.744s step_avg:1886.65ms
step:2844/3250 train_time:5365.565s step_avg:1886.63ms
step:2845/3250 train_time:5367.388s step_avg:1886.60ms
step:2846/3250 train_time:5369.209s step_avg:1886.58ms
step:2847/3250 train_time:5371.030s step_avg:1886.56ms
step:2848/3250 train_time:5372.851s step_avg:1886.53ms
step:2849/3250 train_time:5375.508s step_avg:1886.81ms
step:2850/3250 train_time:5377.603s step_avg:1886.88ms
step:2851/3250 train_time:5379.461s step_avg:1886.87ms
step:2852/3250 train_time:5381.282s step_avg:1886.85ms
step:2853/3250 train_time:5383.105s step_avg:1886.82ms
step:2854/3250 train_time:5384.926s step_avg:1886.80ms
step:2855/3250 train_time:5386.748s step_avg:1886.78ms
step:2856/3250 train_time:5388.569s step_avg:1886.75ms
step:2857/3250 train_time:5390.390s step_avg:1886.73ms
step:2858/3250 train_time:5392.212s step_avg:1886.71ms
step:2859/3250 train_time:5394.033s step_avg:1886.69ms
step:2860/3250 train_time:5395.855s step_avg:1886.66ms
step:2861/3250 train_time:5397.676s step_avg:1886.64ms
step:2862/3250 train_time:5399.498s step_avg:1886.62ms
step:2863/3250 train_time:5401.319s step_avg:1886.59ms
step:2864/3250 train_time:5403.141s step_avg:1886.57ms
step:2865/3250 train_time:5405.798s step_avg:1886.84ms
step:2866/3250 train_time:5407.620s step_avg:1886.82ms
step:2867/3250 train_time:5409.442s step_avg:1886.80ms
step:2868/3250 train_time:5411.263s step_avg:1886.77ms
step:2869/3250 train_time:5413.085s step_avg:1886.75ms
step:2870/3250 train_time:5414.906s step_avg:1886.73ms
step:2871/3250 train_time:5416.729s step_avg:1886.70ms
step:2872/3250 train_time:5418.552s step_avg:1886.68ms
step:2873/3250 train_time:5420.373s step_avg:1886.66ms
step:2874/3250 train_time:5422.195s step_avg:1886.64ms
step:2875/3250 train_time:5424.354s step_avg:1886.73ms
step:2875/3250 val_loss:3.29859 train_time:5424.355s step_avg:1886.70ms
step:2876/3250 train_time:5426.177s step_avg:1886.71ms
step:2877/3250 train_time:5428.000s step_avg:1886.69ms
step:2878/3250 train_time:5429.822s step_avg:1886.67ms
step:2879/3250 train_time:5431.645s step_avg:1886.64ms
step:2880/3250 train_time:5433.467s step_avg:1886.62ms
step:2881/3250 train_time:5436.124s step_avg:1886.89ms
step:2882/3250 train_time:5437.946s step_avg:1886.87ms
step:2883/3250 train_time:5439.768s step_avg:1886.84ms
step:2884/3250 train_time:5441.590s step_avg:1886.82ms
step:2885/3250 train_time:5443.412s step_avg:1886.80ms
step:2886/3250 train_time:5445.235s step_avg:1886.78ms
step:2887/3250 train_time:5447.057s step_avg:1886.75ms
step:2888/3250 train_time:5448.879s step_avg:1886.73ms
step:2889/3250 train_time:5450.701s step_avg:1886.71ms
step:2890/3250 train_time:5452.523s step_avg:1886.69ms
step:2891/3250 train_time:5454.348s step_avg:1886.66ms
step:2892/3250 train_time:5456.172s step_avg:1886.64ms
step:2893/3250 train_time:5457.995s step_avg:1886.62ms
step:2894/3250 train_time:5459.817s step_avg:1886.60ms
step:2895/3250 train_time:5461.641s step_avg:1886.58ms
step:2896/3250 train_time:5463.465s step_avg:1886.56ms
step:2897/3250 train_time:5466.123s step_avg:1886.82ms
step:2898/3250 train_time:5467.948s step_avg:1886.80ms
step:2899/3250 train_time:5469.771s step_avg:1886.78ms
step:2900/3250 train_time:5471.867s step_avg:1886.85ms
step:2901/3250 train_time:5473.690s step_avg:1886.83ms
step:2902/3250 train_time:5475.512s step_avg:1886.81ms
step:2903/3250 train_time:5477.336s step_avg:1886.78ms
step:2904/3250 train_time:5479.158s step_avg:1886.76ms
step:2905/3250 train_time:5480.982s step_avg:1886.74ms
step:2906/3250 train_time:5482.805s step_avg:1886.72ms
step:2907/3250 train_time:5484.628s step_avg:1886.70ms
step:2908/3250 train_time:5486.449s step_avg:1886.67ms
step:2909/3250 train_time:5488.274s step_avg:1886.65ms
step:2910/3250 train_time:5490.098s step_avg:1886.63ms
step:2911/3250 train_time:5491.921s step_avg:1886.61ms
step:2912/3250 train_time:5493.743s step_avg:1886.59ms
step:2913/3250 train_time:5496.400s step_avg:1886.85ms
step:2914/3250 train_time:5498.223s step_avg:1886.83ms
step:2915/3250 train_time:5500.045s step_avg:1886.81ms
step:2916/3250 train_time:5501.867s step_avg:1886.79ms
step:2917/3250 train_time:5503.689s step_avg:1886.76ms
step:2918/3250 train_time:5505.513s step_avg:1886.74ms
step:2919/3250 train_time:5507.336s step_avg:1886.72ms
step:2920/3250 train_time:5509.159s step_avg:1886.70ms
step:2921/3250 train_time:5510.982s step_avg:1886.68ms
step:2922/3250 train_time:5512.804s step_avg:1886.65ms
step:2923/3250 train_time:5514.628s step_avg:1886.63ms
step:2924/3250 train_time:5516.453s step_avg:1886.61ms
step:2925/3250 train_time:5518.549s step_avg:1886.68ms
step:2925/3250 val_loss:3.29162 train_time:5518.549s step_avg:1883.89ms
step:2926/3250 train_time:5520.373s step_avg:1886.66ms
step:2927/3250 train_time:5522.197s step_avg:1886.64ms
step:2928/3250 train_time:5524.022s step_avg:1886.62ms
step:2929/3250 train_time:5526.680s step_avg:1886.88ms
step:2930/3250 train_time:5528.502s step_avg:1886.86ms
step:2931/3250 train_time:5530.325s step_avg:1886.84ms
step:2932/3250 train_time:5532.149s step_avg:1886.82ms
step:2933/3250 train_time:5533.973s step_avg:1886.80ms
step:2934/3250 train_time:5535.796s step_avg:1886.77ms
step:2935/3250 train_time:5537.619s step_avg:1886.75ms
step:2936/3250 train_time:5539.442s step_avg:1886.73ms
step:2937/3250 train_time:5541.265s step_avg:1886.71ms
step:2938/3250 train_time:5543.089s step_avg:1886.69ms
step:2939/3250 train_time:5544.915s step_avg:1886.67ms
step:2940/3250 train_time:5546.738s step_avg:1886.65ms
step:2941/3250 train_time:5548.562s step_avg:1886.62ms
step:2942/3250 train_time:5550.385s step_avg:1886.60ms
step:2943/3250 train_time:5552.209s step_avg:1886.58ms
step:2944/3250 train_time:5554.034s step_avg:1886.56ms
step:2945/3250 train_time:5556.691s step_avg:1886.82ms
step:2946/3250 train_time:5558.513s step_avg:1886.80ms
step:2947/3250 train_time:5560.337s step_avg:1886.78ms
step:2948/3250 train_time:5562.161s step_avg:1886.76ms
step:2949/3250 train_time:5563.984s step_avg:1886.74ms
step:2950/3250 train_time:5566.082s step_avg:1886.81ms
step:2950/3250 val_loss:3.28876 train_time:5566.082s step_avg:1901.31ms
step:2951/3250 train_time:5567.907s step_avg:1886.79ms
step:2952/3250 train_time:5569.731s step_avg:1886.77ms
step:2953/3250 train_time:5571.554s step_avg:1886.74ms
step:2954/3250 train_time:5573.378s step_avg:1886.72ms
step:2955/3250 train_time:5575.201s step_avg:1886.70ms
step:2956/3250 train_time:5577.025s step_avg:1886.68ms
step:2957/3250 train_time:5578.848s step_avg:1886.66ms
step:2958/3250 train_time:5580.672s step_avg:1886.64ms
step:2959/3250 train_time:5582.495s step_avg:1886.62ms
step:2960/3250 train_time:5584.317s step_avg:1886.59ms
step:2961/3250 train_time:5586.976s step_avg:1886.85ms
step:2962/3250 train_time:5588.798s step_avg:1886.83ms
step:2963/3250 train_time:5590.619s step_avg:1886.81ms
step:2964/3250 train_time:5592.442s step_avg:1886.79ms
step:2965/3250 train_time:5594.265s step_avg:1886.77ms
step:2966/3250 train_time:5596.087s step_avg:1886.75ms
step:2967/3250 train_time:5597.909s step_avg:1886.72ms
step:2968/3250 train_time:5599.732s step_avg:1886.70ms
step:2969/3250 train_time:5601.555s step_avg:1886.68ms
step:2970/3250 train_time:5603.377s step_avg:1886.66ms
step:2971/3250 train_time:5605.199s step_avg:1886.64ms
step:2972/3250 train_time:5607.023s step_avg:1886.62ms
step:2973/3250 train_time:5608.845s step_avg:1886.59ms
step:2974/3250 train_time:5610.669s step_avg:1886.57ms
step:2975/3250 train_time:5612.765s step_avg:1886.64ms
step:2975/3250 val_loss:3.28564 train_time:5612.765s step_avg:1867.34ms
step:2976/3250 train_time:5614.588s step_avg:1886.62ms
step:2977/3250 train_time:5617.246s step_avg:1886.88ms
step:2978/3250 train_time:5619.071s step_avg:1886.86ms
step:2979/3250 train_time:5620.894s step_avg:1886.84ms
step:2980/3250 train_time:5622.716s step_avg:1886.82ms
step:2981/3250 train_time:5624.539s step_avg:1886.80ms
step:2982/3250 train_time:5626.361s step_avg:1886.77ms
step:2983/3250 train_time:5628.184s step_avg:1886.75ms
step:2984/3250 train_time:5630.007s step_avg:1886.73ms
step:2985/3250 train_time:5631.828s step_avg:1886.71ms
step:2986/3250 train_time:5633.651s step_avg:1886.69ms
step:2987/3250 train_time:5635.474s step_avg:1886.67ms
step:2988/3250 train_time:5637.297s step_avg:1886.65ms
step:2989/3250 train_time:5639.120s step_avg:1886.62ms
step:2990/3250 train_time:5640.942s step_avg:1886.60ms
step:2991/3250 train_time:5642.766s step_avg:1886.58ms
step:2992/3250 train_time:5644.588s step_avg:1886.56ms
step:2993/3250 train_time:5647.246s step_avg:1886.82ms
step:2994/3250 train_time:5649.070s step_avg:1886.80ms
step:2995/3250 train_time:5650.893s step_avg:1886.78ms
step:2996/3250 train_time:5652.715s step_avg:1886.75ms
step:2997/3250 train_time:5654.537s step_avg:1886.73ms
step:2998/3250 train_time:5656.359s step_avg:1886.71ms
step:2999/3250 train_time:5658.182s step_avg:1886.69ms
step:3000/3250 train_time:5660.343s step_avg:1886.78ms
step:3000/3250 val_loss:3.28272 train_time:5660.344s step_avg:1903.13ms
step:3001/3250 train_time:5662.167s step_avg:1886.76ms
step:3002/3250 train_time:5663.989s step_avg:1886.74ms
step:3003/3250 train_time:5665.811s step_avg:1886.72ms
step:3004/3250 train_time:5667.634s step_avg:1886.70ms
step:3005/3250 train_time:5669.458s step_avg:1886.67ms
step:3006/3250 train_time:5671.280s step_avg:1886.65ms
step:3007/3250 train_time:5673.102s step_avg:1886.63ms
step:3008/3250 train_time:5674.924s step_avg:1886.61ms
step:3009/3250 train_time:5677.582s step_avg:1886.87ms
step:3010/3250 train_time:5679.404s step_avg:1886.85ms
step:3011/3250 train_time:5681.227s step_avg:1886.82ms
step:3012/3250 train_time:5683.049s step_avg:1886.80ms
step:3013/3250 train_time:5684.871s step_avg:1886.78ms
step:3014/3250 train_time:5686.694s step_avg:1886.76ms
step:3015/3250 train_time:5688.519s step_avg:1886.74ms
step:3016/3250 train_time:5690.341s step_avg:1886.72ms
step:3017/3250 train_time:5692.163s step_avg:1886.70ms
step:3018/3250 train_time:5693.986s step_avg:1886.68ms
step:3019/3250 train_time:5695.808s step_avg:1886.65ms
step:3020/3250 train_time:5697.632s step_avg:1886.63ms
step:3021/3250 train_time:5699.454s step_avg:1886.61ms
step:3022/3250 train_time:5701.276s step_avg:1886.59ms
step:3023/3250 train_time:5703.099s step_avg:1886.57ms
step:3024/3250 train_time:5704.921s step_avg:1886.55ms
step:3025/3250 train_time:5707.853s step_avg:1886.89ms
step:3025/3250 val_loss:3.27910 train_time:5707.853s step_avg:1900.38ms
step:3026/3250 train_time:5709.677s step_avg:1886.87ms
step:3027/3250 train_time:5711.500s step_avg:1886.85ms
step:3028/3250 train_time:5713.322s step_avg:1886.83ms
step:3029/3250 train_time:5715.144s step_avg:1886.81ms
step:3030/3250 train_time:5716.967s step_avg:1886.79ms
step:3031/3250 train_time:5718.790s step_avg:1886.77ms
step:3032/3250 train_time:5720.612s step_avg:1886.75ms
step:3033/3250 train_time:5722.434s step_avg:1886.72ms
step:3034/3250 train_time:5724.257s step_avg:1886.70ms
step:3035/3250 train_time:5726.079s step_avg:1886.68ms
step:3036/3250 train_time:5727.902s step_avg:1886.66ms
step:3037/3250 train_time:5729.724s step_avg:1886.64ms
step:3038/3250 train_time:5731.546s step_avg:1886.62ms
step:3039/3250 train_time:5733.368s step_avg:1886.60ms
step:3040/3250 train_time:5735.191s step_avg:1886.58ms
step:3041/3250 train_time:5737.883s step_avg:1886.84ms
step:3042/3250 train_time:5739.706s step_avg:1886.82ms
step:3043/3250 train_time:5741.528s step_avg:1886.80ms
step:3044/3250 train_time:5743.351s step_avg:1886.78ms
step:3045/3250 train_time:5745.173s step_avg:1886.76ms
step:3046/3250 train_time:5746.996s step_avg:1886.74ms
step:3047/3250 train_time:5748.819s step_avg:1886.71ms
step:3048/3250 train_time:5750.641s step_avg:1886.69ms
step:3049/3250 train_time:5752.464s step_avg:1886.67ms
step:3050/3250 train_time:5754.559s step_avg:1886.74ms
step:3050/3250 val_loss:3.27633 train_time:5754.559s step_avg:1868.23ms
step:3051/3250 train_time:5756.383s step_avg:1886.72ms
step:3052/3250 train_time:5758.207s step_avg:1886.70ms
step:3053/3250 train_time:5760.030s step_avg:1886.68ms
step:3054/3250 train_time:5761.853s step_avg:1886.66ms
step:3055/3250 train_time:5763.678s step_avg:1886.64ms
step:3056/3250 train_time:5765.503s step_avg:1886.62ms
step:3057/3250 train_time:5768.160s step_avg:1886.87ms
step:3058/3250 train_time:5769.982s step_avg:1886.85ms
step:3059/3250 train_time:5771.804s step_avg:1886.83ms
step:3060/3250 train_time:5773.627s step_avg:1886.81ms
step:3061/3250 train_time:5775.449s step_avg:1886.78ms
step:3062/3250 train_time:5777.270s step_avg:1886.76ms
step:3063/3250 train_time:5779.092s step_avg:1886.74ms
step:3064/3250 train_time:5780.913s step_avg:1886.72ms
step:3065/3250 train_time:5782.735s step_avg:1886.70ms
step:3066/3250 train_time:5784.558s step_avg:1886.68ms
step:3067/3250 train_time:5786.379s step_avg:1886.66ms
step:3068/3250 train_time:5788.202s step_avg:1886.64ms
step:3069/3250 train_time:5790.023s step_avg:1886.62ms
step:3070/3250 train_time:5791.846s step_avg:1886.59ms
step:3071/3250 train_time:5793.668s step_avg:1886.57ms
step:3072/3250 train_time:5795.490s step_avg:1886.55ms
step:3073/3250 train_time:5798.147s step_avg:1886.80ms
step:3074/3250 train_time:5799.969s step_avg:1886.78ms
step:3075/3250 train_time:5802.065s step_avg:1886.85ms
step:3075/3250 val_loss:3.27358 train_time:5802.065s step_avg:1900.25ms
step:3076/3250 train_time:5803.889s step_avg:1886.83ms
step:3077/3250 train_time:5805.712s step_avg:1886.81ms
step:3078/3250 train_time:5807.535s step_avg:1886.79ms
step:3079/3250 train_time:5809.357s step_avg:1886.77ms
step:3080/3250 train_time:5811.181s step_avg:1886.75ms
step:3081/3250 train_time:5813.004s step_avg:1886.73ms
step:3082/3250 train_time:5814.827s step_avg:1886.71ms
step:3083/3250 train_time:5816.649s step_avg:1886.68ms
step:3084/3250 train_time:5818.471s step_avg:1886.66ms
step:3085/3250 train_time:5820.293s step_avg:1886.64ms
step:3086/3250 train_time:5822.115s step_avg:1886.62ms
step:3087/3250 train_time:5823.938s step_avg:1886.60ms
step:3088/3250 train_time:5825.760s step_avg:1886.58ms
step:3089/3250 train_time:5828.417s step_avg:1886.83ms
step:3090/3250 train_time:5830.240s step_avg:1886.81ms
step:3091/3250 train_time:5832.063s step_avg:1886.79ms
step:3092/3250 train_time:5833.885s step_avg:1886.77ms
step:3093/3250 train_time:5835.707s step_avg:1886.75ms
step:3094/3250 train_time:5837.529s step_avg:1886.73ms
step:3095/3250 train_time:5839.352s step_avg:1886.71ms
step:3096/3250 train_time:5841.177s step_avg:1886.69ms
step:3097/3250 train_time:5843.000s step_avg:1886.66ms
step:3098/3250 train_time:5844.822s step_avg:1886.64ms
step:3099/3250 train_time:5846.644s step_avg:1886.62ms
step:3100/3250 train_time:5848.742s step_avg:1886.69ms
step:3100/3250 val_loss:3.27110 train_time:5848.742s step_avg:1867.09ms
step:3101/3250 train_time:5850.566s step_avg:1886.67ms
step:3102/3250 train_time:5852.390s step_avg:1886.65ms
step:3103/3250 train_time:5854.213s step_avg:1886.63ms
step:3104/3250 train_time:5856.036s step_avg:1886.61ms
step:3105/3250 train_time:5858.693s step_avg:1886.86ms
step:3106/3250 train_time:5860.516s step_avg:1886.84ms
step:3107/3250 train_time:5862.338s step_avg:1886.82ms
step:3108/3250 train_time:5864.161s step_avg:1886.80ms
step:3109/3250 train_time:5865.983s step_avg:1886.77ms
step:3110/3250 train_time:5867.805s step_avg:1886.75ms
step:3111/3250 train_time:5869.628s step_avg:1886.73ms
step:3112/3250 train_time:5871.451s step_avg:1886.71ms
step:3113/3250 train_time:5873.273s step_avg:1886.69ms
step:3114/3250 train_time:5875.095s step_avg:1886.67ms
step:3115/3250 train_time:5876.918s step_avg:1886.65ms
step:3116/3250 train_time:5878.739s step_avg:1886.63ms
step:3117/3250 train_time:5880.563s step_avg:1886.61ms
step:3118/3250 train_time:5882.385s step_avg:1886.59ms
step:3119/3250 train_time:5884.208s step_avg:1886.57ms
step:3120/3250 train_time:5886.029s step_avg:1886.55ms
step:3121/3250 train_time:5888.686s step_avg:1886.79ms
step:3122/3250 train_time:5890.510s step_avg:1886.77ms
step:3123/3250 train_time:5892.334s step_avg:1886.75ms
step:3124/3250 train_time:5894.156s step_avg:1886.73ms
step:3125/3250 train_time:5896.316s step_avg:1886.82ms
step:3125/3250 val_loss:3.26875 train_time:5896.316s step_avg:1902.96ms
step:3126/3250 train_time:5898.139s step_avg:1886.80ms
step:3127/3250 train_time:5899.962s step_avg:1886.78ms
step:3128/3250 train_time:5901.785s step_avg:1886.76ms
step:3129/3250 train_time:5903.608s step_avg:1886.74ms
step:3130/3250 train_time:5905.431s step_avg:1886.72ms
step:3131/3250 train_time:5907.253s step_avg:1886.70ms
step:3132/3250 train_time:5909.077s step_avg:1886.68ms
step:3133/3250 train_time:5910.900s step_avg:1886.66ms
step:3134/3250 train_time:5912.722s step_avg:1886.64ms
step:3135/3250 train_time:5914.545s step_avg:1886.62ms
step:3136/3250 train_time:5916.367s step_avg:1886.60ms
step:3137/3250 train_time:5919.025s step_avg:1886.84ms
step:3138/3250 train_time:5920.847s step_avg:1886.82ms
step:3139/3250 train_time:5922.669s step_avg:1886.80ms
step:3140/3250 train_time:5924.492s step_avg:1886.78ms
step:3141/3250 train_time:5926.314s step_avg:1886.76ms
step:3142/3250 train_time:5928.135s step_avg:1886.74ms
step:3143/3250 train_time:5929.957s step_avg:1886.72ms
step:3144/3250 train_time:5931.779s step_avg:1886.70ms
step:3145/3250 train_time:5933.601s step_avg:1886.68ms
step:3146/3250 train_time:5935.423s step_avg:1886.66ms
step:3147/3250 train_time:5937.245s step_avg:1886.64ms
step:3148/3250 train_time:5939.067s step_avg:1886.62ms
step:3149/3250 train_time:5940.889s step_avg:1886.60ms
step:3150/3250 train_time:5942.990s step_avg:1886.66ms
step:3150/3250 val_loss:3.26630 train_time:5942.990s step_avg:1866.94ms
step:3151/3250 train_time:5944.813s step_avg:1886.64ms
step:3152/3250 train_time:5946.636s step_avg:1886.62ms
step:3153/3250 train_time:5949.294s step_avg:1886.87ms
step:3154/3250 train_time:5951.117s step_avg:1886.85ms
step:3155/3250 train_time:5952.939s step_avg:1886.83ms
step:3156/3250 train_time:5954.761s step_avg:1886.81ms
step:3157/3250 train_time:5956.586s step_avg:1886.79ms
step:3158/3250 train_time:5958.409s step_avg:1886.77ms
step:3159/3250 train_time:5960.231s step_avg:1886.75ms
step:3160/3250 train_time:5962.053s step_avg:1886.73ms
step:3161/3250 train_time:5963.875s step_avg:1886.71ms
step:3162/3250 train_time:5965.699s step_avg:1886.69ms
step:3163/3250 train_time:5967.523s step_avg:1886.67ms
step:3164/3250 train_time:5969.345s step_avg:1886.64ms
step:3165/3250 train_time:5971.167s step_avg:1886.62ms
step:3166/3250 train_time:5972.988s step_avg:1886.60ms
step:3167/3250 train_time:5974.811s step_avg:1886.58ms
step:3168/3250 train_time:5976.635s step_avg:1886.56ms
step:3169/3250 train_time:5979.293s step_avg:1886.81ms
step:3170/3250 train_time:5981.115s step_avg:1886.79ms
step:3171/3250 train_time:5982.939s step_avg:1886.77ms
step:3172/3250 train_time:5984.762s step_avg:1886.75ms
step:3173/3250 train_time:5986.587s step_avg:1886.73ms
step:3174/3250 train_time:5988.410s step_avg:1886.71ms
step:3175/3250 train_time:5990.512s step_avg:1886.78ms
step:3175/3250 val_loss:3.26438 train_time:5990.513s step_avg:1900.90ms
step:3176/3250 train_time:5992.337s step_avg:1886.76ms
step:3177/3250 train_time:5994.159s step_avg:1886.74ms
step:3178/3250 train_time:5995.981s step_avg:1886.72ms
step:3179/3250 train_time:5997.805s step_avg:1886.70ms
step:3180/3250 train_time:5999.628s step_avg:1886.68ms
step:3181/3250 train_time:6001.451s step_avg:1886.66ms
step:3182/3250 train_time:6003.274s step_avg:1886.64ms
step:3183/3250 train_time:6005.097s step_avg:1886.62ms
step:3184/3250 train_time:6006.920s step_avg:1886.60ms
step:3185/3250 train_time:6009.578s step_avg:1886.84ms
step:3186/3250 train_time:6011.399s step_avg:1886.82ms
step:3187/3250 train_time:6013.222s step_avg:1886.80ms
step:3188/3250 train_time:6015.045s step_avg:1886.78ms
step:3189/3250 train_time:6016.867s step_avg:1886.76ms
step:3190/3250 train_time:6018.689s step_avg:1886.74ms
step:3191/3250 train_time:6020.511s step_avg:1886.72ms
step:3192/3250 train_time:6022.334s step_avg:1886.70ms
step:3193/3250 train_time:6024.156s step_avg:1886.68ms
step:3194/3250 train_time:6025.979s step_avg:1886.66ms
step:3195/3250 train_time:6027.800s step_avg:1886.64ms
step:3196/3250 train_time:6029.623s step_avg:1886.62ms
step:3197/3250 train_time:6031.445s step_avg:1886.60ms
step:3198/3250 train_time:6033.267s step_avg:1886.58ms
step:3199/3250 train_time:6035.090s step_avg:1886.56ms
step:3200/3250 train_time:6037.187s step_avg:1886.62ms
step:3200/3250 val_loss:3.26273 train_time:6037.188s step_avg:1867.01ms
step:3201/3250 train_time:6039.845s step_avg:1886.86ms
step:3202/3250 train_time:6041.667s step_avg:1886.84ms
step:3203/3250 train_time:6043.490s step_avg:1886.82ms
step:3204/3250 train_time:6045.312s step_avg:1886.80ms
step:3205/3250 train_time:6047.135s step_avg:1886.78ms
step:3206/3250 train_time:6048.957s step_avg:1886.76ms
step:3207/3250 train_time:6050.778s step_avg:1886.74ms
step:3208/3250 train_time:6052.600s step_avg:1886.72ms
step:3209/3250 train_time:6054.423s step_avg:1886.70ms
step:3210/3250 train_time:6056.246s step_avg:1886.68ms
step:3211/3250 train_time:6058.069s step_avg:1886.66ms
step:3212/3250 train_time:6059.891s step_avg:1886.64ms
step:3213/3250 train_time:6061.713s step_avg:1886.62ms
step:3214/3250 train_time:6063.537s step_avg:1886.60ms
step:3215/3250 train_time:6065.360s step_avg:1886.58ms
step:3216/3250 train_time:6067.183s step_avg:1886.56ms
step:3217/3250 train_time:6069.840s step_avg:1886.80ms
step:3218/3250 train_time:6071.664s step_avg:1886.78ms
step:3219/3250 train_time:6073.486s step_avg:1886.76ms
step:3220/3250 train_time:6075.310s step_avg:1886.74ms
step:3221/3250 train_time:6077.133s step_avg:1886.72ms
step:3222/3250 train_time:6078.957s step_avg:1886.70ms
step:3223/3250 train_time:6080.781s step_avg:1886.68ms
step:3224/3250 train_time:6082.606s step_avg:1886.66ms
step:3225/3250 train_time:6084.707s step_avg:1886.73ms
step:3225/3250 val_loss:3.26154 train_time:6084.708s step_avg:1900.81ms
step:3226/3250 train_time:6086.533s step_avg:1886.71ms
step:3227/3250 train_time:6088.358s step_avg:1886.69ms
step:3228/3250 train_time:6090.182s step_avg:1886.67ms
step:3229/3250 train_time:6092.005s step_avg:1886.65ms
step:3230/3250 train_time:6093.828s step_avg:1886.63ms
step:3231/3250 train_time:6095.688s step_avg:1886.63ms
step:3232/3250 train_time:6097.512s step_avg:1886.61ms
step:3233/3250 train_time:6100.170s step_avg:1886.84ms
step:3234/3250 train_time:6101.993s step_avg:1886.83ms
step:3235/3250 train_time:6103.815s step_avg:1886.81ms
step:3236/3250 train_time:6105.639s step_avg:1886.79ms
step:3237/3250 train_time:6107.462s step_avg:1886.77ms
step:3238/3250 train_time:6109.286s step_avg:1886.75ms
step:3239/3250 train_time:6111.110s step_avg:1886.73ms
step:3240/3250 train_time:6112.933s step_avg:1886.71ms
step:3241/3250 train_time:6114.757s step_avg:1886.69ms
step:3242/3250 train_time:6116.580s step_avg:1886.67ms
step:3243/3250 train_time:6118.404s step_avg:1886.65ms
step:3244/3250 train_time:6120.227s step_avg:1886.63ms
step:3245/3250 train_time:6122.051s step_avg:1886.61ms
step:3246/3250 train_time:6123.874s step_avg:1886.59ms
step:3247/3250 train_time:6125.698s step_avg:1886.57ms
step:3248/3250 train_time:6127.522s step_avg:1886.55ms
step:3249/3250 train_time:6130.179s step_avg:1886.79ms
step:3250/3250 train_time:6132.346s step_avg:1886.88ms
step:3250/3250 val_loss:3.26103 train_time:6132.346s step_avg:1905.53ms
trial:0 best_val_loss:3.26103 best_val_step:3250 first_step_to_target:3025
wandb: updating run metadata
wandb: 
wandb: Run history:
wandb:        speedrun/final_best_val_loss ▁
wandb:        speedrun/final_best_val_step ▁
wandb: speedrun/final_first_step_to_target ▁
wandb:       speedrun/final_reached_target ▁
wandb:       speedrun/first_step_to_target ▁▁▁▁▁▁▁▁▁▁▁▁▁▁▁▁▁▁▁▁▁▁▁▁▁▁▁▁██████████
wandb:             speedrun/reached_target ▁▁▁▁▁▁▁▁▁▁▁▁▁▁▁▁▁▁▁▁▁▁▁▁▁▁▁▁██████████
wandb:            speedrun/target_val_loss ▁▁▁▁▁▁▁▁▁▁▁▁▁▁▁▁▁▁▁▁▁▁▁▁▁▁▁▁▁▁▁▁▁▁▁▁▁▁▁▁
wandb:                speedrun/train_steps ▁▁▁▁▁▁▁▁▁▁▁▁▁▁▁▁▁▁▁▁▁▁▁▁▁▁▁▁▁▁▁▁▁▁▁▁▁▁▁▁
wandb:                    time/step_avg_ms  █▄▄▄▄▃▄▄▄▄▃▄▄▄▄▃▄▄▄▄▄▃▄▄▆▁▆▆▁▆▁▆▁▆▁▆▇
wandb:                  time/train_seconds ▁▁▂▂▂▂▃▃▃▃▄▄▄▅▅▅▅▆▆▆▆▇▇▇▇▇▇▇██████████
wandb:                              +4,448 ...
wandb: 
wandb: Run summary:
wandb:        speedrun/final_best_val_loss 3.26103
wandb:        speedrun/final_best_val_step 3250
wandb: speedrun/final_first_step_to_target 3025
wandb:       speedrun/final_reached_target 1
wandb:       speedrun/first_step_to_target 3025
wandb:             speedrun/reached_target 1
wandb:            speedrun/target_val_loss 3.28
wandb:                speedrun/train_steps 3250
wandb:                    time/step_avg_ms 1905.52689
wandb:                  time/train_seconds 6132.34606
wandb:                              +4,448 ...
wandb: 
wandb: 🚀 View run eps_D_1e-10_tight at: https://wandb.ai/wandb-applied-ai-team/modded-nanogpt-senpai/runs/jgbsjfzt
wandb: ⭐️ View project at: https://wandb.ai/wandb-applied-ai-team/modded-nanogpt-senpai
wandb: Synced 7 W&B file(s), 0 media file(s), 0 artifact file(s) and 0 other file(s)
wandb: Find logs at: ./wandb/run-20260525_003850-jgbsjfzt/logs
=== END Cell D (eps=1e-10) rc=0 at 2026-05-25T02:28:34+00:00 ===
