logs/1760312f-94c6-4bf9-9dc6-7880205414a4.txt
wandb: [wandb.login()] Loaded credentials for https://api.wandb.ai from WANDB_API_KEY.
wandb: W&B API key is configured. Use `wandb login --relogin` to force relogin
wandb: Tracking run with wandb version 0.26.1
wandb: Run data is saved locally in /workspace/senpai/target/wandb/run-20260525_065627-zc67954n
wandb: Run `wandb offline` to turn off syncing.
wandb: Syncing run g1r5-alphonse/adabelief_B_belief_eps1e-10_primary
wandb: ⭐️ View project at https://wandb.ai/wandb-applied-ai-team/modded-nanogpt-senpai
wandb: 🚀 View run at https://wandb.ai/wandb-applied-ai-team/modded-nanogpt-senpai/runs/zc67954n
[init] mode=musoft  L=12  block_residual_attn.proj_std=0.005984
step:0/3250 val_loss:10.82583 train_time:0.000s step_avg:nanms
step:1/3250 train_time:5.837s step_avg:5836.70ms
step:2/3250 train_time:7.664s step_avg:3831.99ms
step:3/3250 train_time:9.487s step_avg:3162.48ms
step:4/3250 train_time:11.310s step_avg:2827.57ms
step:5/3250 train_time:13.133s step_avg:2626.66ms
step:6/3250 train_time:14.959s step_avg:2493.11ms
step:7/3250 train_time:16.784s step_avg:2397.71ms
step:8/3250 train_time:18.608s step_avg:2325.99ms
step:9/3250 train_time:20.431s step_avg:2270.15ms
step:10/3250 train_time:22.255s step_avg:2225.51ms
step:11/3250 train_time:24.080s step_avg:2189.08ms
step:12/3250 train_time:25.905s step_avg:2158.71ms
step:13/3250 train_time:27.728s step_avg:2132.95ms
step:14/3250 train_time:29.553s step_avg:2110.91ms
step:15/3250 train_time:31.378s step_avg:2091.85ms
step:16/3250 train_time:33.203s step_avg:2075.21ms
step:17/3250 train_time:35.901s step_avg:2111.82ms
step:18/3250 train_time:37.726s step_avg:2095.89ms
step:19/3250 train_time:39.551s step_avg:2081.64ms
step:20/3250 train_time:41.376s step_avg:2068.82ms
step:21/3250 train_time:43.202s step_avg:2057.25ms
step:22/3250 train_time:45.028s step_avg:2046.73ms
step:23/3250 train_time:46.854s step_avg:2037.14ms
step:24/3250 train_time:48.681s step_avg:2028.36ms
step:25/3250 train_time:50.781s step_avg:2031.23ms
step:26/3250 train_time:52.607s step_avg:2023.35ms
step:27/3250 train_time:54.434s step_avg:2016.08ms
step:28/3250 train_time:56.261s step_avg:2009.34ms
step:29/3250 train_time:58.089s step_avg:2003.07ms
step:30/3250 train_time:59.917s step_avg:1997.24ms
step:31/3250 train_time:61.745s step_avg:1991.78ms
step:32/3250 train_time:63.573s step_avg:1986.65ms
step:33/3250 train_time:66.234s step_avg:2007.10ms
step:34/3250 train_time:68.062s step_avg:2001.83ms
step:35/3250 train_time:69.889s step_avg:1996.83ms
step:36/3250 train_time:71.715s step_avg:1992.09ms
step:37/3250 train_time:73.542s step_avg:1987.62ms
step:38/3250 train_time:75.369s step_avg:1983.39ms
step:39/3250 train_time:77.195s step_avg:1979.37ms
step:40/3250 train_time:79.023s step_avg:1975.56ms
step:41/3250 train_time:80.851s step_avg:1971.98ms
step:42/3250 train_time:82.678s step_avg:1968.53ms
step:43/3250 train_time:84.505s step_avg:1965.23ms
step:44/3250 train_time:86.332s step_avg:1962.08ms
step:45/3250 train_time:88.160s step_avg:1959.11ms
step:46/3250 train_time:89.988s step_avg:1956.26ms
step:47/3250 train_time:91.815s step_avg:1953.51ms
step:48/3250 train_time:93.642s step_avg:1950.87ms
step:49/3250 train_time:96.303s step_avg:1965.36ms
step:50/3250 train_time:98.402s step_avg:1968.05ms
step:51/3250 train_time:100.228s step_avg:1965.26ms
step:52/3250 train_time:102.055s step_avg:1962.59ms
step:53/3250 train_time:103.883s step_avg:1960.05ms
step:54/3250 train_time:105.711s step_avg:1957.61ms
step:55/3250 train_time:107.539s step_avg:1955.26ms
step:56/3250 train_time:109.367s step_avg:1952.98ms
step:57/3250 train_time:111.195s step_avg:1950.78ms
step:58/3250 train_time:113.022s step_avg:1948.66ms
step:59/3250 train_time:114.849s step_avg:1946.60ms
step:60/3250 train_time:116.676s step_avg:1944.61ms
step:61/3250 train_time:118.505s step_avg:1942.71ms
step:62/3250 train_time:120.333s step_avg:1940.85ms
step:63/3250 train_time:122.160s step_avg:1939.05ms
step:64/3250 train_time:123.987s step_avg:1937.30ms
step:65/3250 train_time:126.650s step_avg:1948.46ms
step:66/3250 train_time:128.477s step_avg:1946.62ms
step:67/3250 train_time:130.305s step_avg:1944.84ms
step:68/3250 train_time:132.132s step_avg:1943.11ms
step:69/3250 train_time:133.959s step_avg:1941.43ms
step:70/3250 train_time:135.786s step_avg:1939.80ms
step:71/3250 train_time:137.614s step_avg:1938.22ms
step:72/3250 train_time:139.442s step_avg:1936.70ms
step:73/3250 train_time:141.269s step_avg:1935.20ms
step:74/3250 train_time:143.098s step_avg:1933.75ms
step:75/3250 train_time:145.199s step_avg:1935.99ms
step:76/3250 train_time:147.026s step_avg:1934.56ms
step:77/3250 train_time:148.856s step_avg:1933.19ms
step:78/3250 train_time:150.683s step_avg:1931.83ms
step:79/3250 train_time:152.510s step_avg:1930.51ms
step:80/3250 train_time:154.339s step_avg:1929.24ms
step:81/3250 train_time:157.001s step_avg:1938.29ms
step:82/3250 train_time:158.828s step_avg:1936.93ms
step:83/3250 train_time:160.656s step_avg:1935.62ms
step:84/3250 train_time:162.484s step_avg:1934.33ms
step:85/3250 train_time:164.312s step_avg:1933.09ms
step:86/3250 train_time:166.141s step_avg:1931.87ms
step:87/3250 train_time:167.970s step_avg:1930.69ms
step:88/3250 train_time:169.799s step_avg:1929.53ms
step:89/3250 train_time:171.627s step_avg:1928.40ms
step:90/3250 train_time:173.455s step_avg:1927.28ms
step:91/3250 train_time:175.284s step_avg:1926.20ms
step:92/3250 train_time:177.113s step_avg:1925.14ms
step:93/3250 train_time:178.941s step_avg:1924.10ms
step:94/3250 train_time:180.769s step_avg:1923.08ms
step:95/3250 train_time:182.598s step_avg:1922.09ms
step:96/3250 train_time:184.426s step_avg:1921.10ms
step:97/3250 train_time:187.088s step_avg:1928.74ms
step:98/3250 train_time:188.916s step_avg:1927.72ms
step:99/3250 train_time:190.744s step_avg:1926.70ms
step:100/3250 train_time:192.845s step_avg:1928.45ms
step:101/3250 train_time:194.672s step_avg:1927.44ms
step:102/3250 train_time:196.501s step_avg:1926.48ms
step:103/3250 train_time:198.329s step_avg:1925.53ms
step:104/3250 train_time:200.157s step_avg:1924.58ms
step:105/3250 train_time:201.984s step_avg:1923.66ms
step:106/3250 train_time:203.811s step_avg:1922.74ms
step:107/3250 train_time:205.638s step_avg:1921.85ms
step:108/3250 train_time:207.465s step_avg:1920.97ms
step:109/3250 train_time:209.292s step_avg:1920.11ms
step:110/3250 train_time:211.120s step_avg:1919.27ms
step:111/3250 train_time:212.948s step_avg:1918.45ms
step:112/3250 train_time:214.775s step_avg:1917.63ms
step:113/3250 train_time:217.436s step_avg:1924.22ms
step:114/3250 train_time:219.264s step_avg:1923.36ms
step:115/3250 train_time:221.090s step_avg:1922.53ms
step:116/3250 train_time:222.917s step_avg:1921.70ms
step:117/3250 train_time:224.745s step_avg:1920.89ms
step:118/3250 train_time:226.571s step_avg:1920.09ms
step:119/3250 train_time:228.399s step_avg:1919.32ms
step:120/3250 train_time:230.225s step_avg:1918.55ms
step:121/3250 train_time:232.052s step_avg:1917.79ms
step:122/3250 train_time:233.880s step_avg:1917.05ms
step:123/3250 train_time:235.707s step_avg:1916.32ms
step:124/3250 train_time:237.535s step_avg:1915.61ms
step:125/3250 train_time:239.701s step_avg:1917.61ms
step:125/3250 val_loss:4.47820 train_time:239.701s step_avg:1917.61ms
step:126/3250 train_time:241.530s step_avg:1916.90ms
step:127/3250 train_time:243.358s step_avg:1916.20ms
step:128/3250 train_time:245.186s step_avg:1915.51ms
step:129/3250 train_time:247.848s step_avg:1921.30ms
step:130/3250 train_time:249.674s step_avg:1920.57ms
step:131/3250 train_time:251.501s step_avg:1919.85ms
step:132/3250 train_time:253.327s step_avg:1919.15ms
step:133/3250 train_time:255.155s step_avg:1918.46ms
step:134/3250 train_time:256.983s step_avg:1917.78ms
step:135/3250 train_time:258.809s step_avg:1917.11ms
step:136/3250 train_time:260.636s step_avg:1916.44ms
step:137/3250 train_time:262.463s step_avg:1915.79ms
step:138/3250 train_time:264.292s step_avg:1915.16ms
step:139/3250 train_time:266.119s step_avg:1914.52ms
step:140/3250 train_time:267.946s step_avg:1913.90ms
step:141/3250 train_time:269.775s step_avg:1913.30ms
step:142/3250 train_time:271.604s step_avg:1912.70ms
step:143/3250 train_time:273.433s step_avg:1912.12ms
step:144/3250 train_time:275.263s step_avg:1911.55ms
step:145/3250 train_time:277.925s step_avg:1916.72ms
step:146/3250 train_time:279.752s step_avg:1916.11ms
step:147/3250 train_time:281.582s step_avg:1915.53ms
step:148/3250 train_time:283.411s step_avg:1914.94ms
step:149/3250 train_time:285.239s step_avg:1914.36ms
step:150/3250 train_time:287.346s step_avg:1915.64ms
step:151/3250 train_time:289.175s step_avg:1915.06ms
step:152/3250 train_time:291.003s step_avg:1914.50ms
step:153/3250 train_time:292.833s step_avg:1913.94ms
step:154/3250 train_time:294.662s step_avg:1913.39ms
step:155/3250 train_time:296.490s step_avg:1912.84ms
step:156/3250 train_time:298.318s step_avg:1912.30ms
step:157/3250 train_time:300.145s step_avg:1911.75ms
step:158/3250 train_time:301.972s step_avg:1911.21ms
step:159/3250 train_time:303.799s step_avg:1910.68ms
step:160/3250 train_time:305.628s step_avg:1910.17ms
step:161/3250 train_time:308.289s step_avg:1914.84ms
step:162/3250 train_time:310.117s step_avg:1914.30ms
step:163/3250 train_time:311.944s step_avg:1913.77ms
step:164/3250 train_time:313.771s step_avg:1913.24ms
step:165/3250 train_time:315.598s step_avg:1912.71ms
step:166/3250 train_time:317.428s step_avg:1912.21ms
step:167/3250 train_time:319.255s step_avg:1911.71ms
step:168/3250 train_time:321.082s step_avg:1911.20ms
step:169/3250 train_time:322.909s step_avg:1910.70ms
step:170/3250 train_time:324.736s step_avg:1910.21ms
step:171/3250 train_time:326.564s step_avg:1909.73ms
step:172/3250 train_time:328.391s step_avg:1909.25ms
step:173/3250 train_time:330.219s step_avg:1908.78ms
step:174/3250 train_time:332.045s step_avg:1908.31ms
step:175/3250 train_time:334.145s step_avg:1909.40ms
step:176/3250 train_time:335.975s step_avg:1908.95ms
step:177/3250 train_time:338.637s step_avg:1913.20ms
step:178/3250 train_time:340.464s step_avg:1912.72ms
step:179/3250 train_time:342.291s step_avg:1912.24ms
step:180/3250 train_time:344.118s step_avg:1911.77ms
step:181/3250 train_time:345.945s step_avg:1911.30ms
step:182/3250 train_time:347.773s step_avg:1910.84ms
step:183/3250 train_time:349.602s step_avg:1910.39ms
step:184/3250 train_time:351.430s step_avg:1909.94ms
step:185/3250 train_time:353.257s step_avg:1909.50ms
step:186/3250 train_time:355.084s step_avg:1909.06ms
step:187/3250 train_time:356.913s step_avg:1908.63ms
step:188/3250 train_time:358.739s step_avg:1908.19ms
step:189/3250 train_time:360.567s step_avg:1907.76ms
step:190/3250 train_time:362.395s step_avg:1907.34ms
step:191/3250 train_time:364.329s step_avg:1907.48ms
step:192/3250 train_time:366.156s step_avg:1907.06ms
step:193/3250 train_time:368.818s step_avg:1910.97ms
step:194/3250 train_time:370.645s step_avg:1910.54ms
step:195/3250 train_time:372.471s step_avg:1910.11ms
step:196/3250 train_time:374.299s step_avg:1909.69ms
step:197/3250 train_time:376.127s step_avg:1909.27ms
step:198/3250 train_time:377.954s step_avg:1908.86ms
step:199/3250 train_time:379.780s step_avg:1908.44ms
step:200/3250 train_time:381.881s step_avg:1909.40ms
step:201/3250 train_time:383.706s step_avg:1908.99ms
step:202/3250 train_time:385.534s step_avg:1908.58ms
step:203/3250 train_time:387.361s step_avg:1908.18ms
step:204/3250 train_time:389.188s step_avg:1907.78ms
step:205/3250 train_time:391.014s step_avg:1907.39ms
step:206/3250 train_time:392.841s step_avg:1907.00ms
step:207/3250 train_time:394.670s step_avg:1906.62ms
step:208/3250 train_time:396.497s step_avg:1906.24ms
step:209/3250 train_time:399.158s step_avg:1909.85ms
step:210/3250 train_time:400.984s step_avg:1909.45ms
step:211/3250 train_time:402.811s step_avg:1909.06ms
step:212/3250 train_time:404.638s step_avg:1908.67ms
step:213/3250 train_time:406.465s step_avg:1908.29ms
step:214/3250 train_time:408.293s step_avg:1907.91ms
step:215/3250 train_time:410.120s step_avg:1907.53ms
step:216/3250 train_time:411.947s step_avg:1907.16ms
step:217/3250 train_time:413.775s step_avg:1906.80ms
step:218/3250 train_time:415.603s step_avg:1906.44ms
step:219/3250 train_time:417.431s step_avg:1906.08ms
step:220/3250 train_time:419.257s step_avg:1905.71ms
step:221/3250 train_time:421.086s step_avg:1905.37ms
step:222/3250 train_time:422.914s step_avg:1905.02ms
step:223/3250 train_time:424.742s step_avg:1904.67ms
step:224/3250 train_time:426.568s step_avg:1904.32ms
step:225/3250 train_time:429.503s step_avg:1908.90ms
step:226/3250 train_time:431.329s step_avg:1908.53ms
step:227/3250 train_time:433.155s step_avg:1908.17ms
step:228/3250 train_time:434.981s step_avg:1907.81ms
step:229/3250 train_time:436.807s step_avg:1907.45ms
step:230/3250 train_time:438.634s step_avg:1907.10ms
step:231/3250 train_time:440.460s step_avg:1906.75ms
step:232/3250 train_time:442.286s step_avg:1906.41ms
step:233/3250 train_time:444.115s step_avg:1906.07ms
step:234/3250 train_time:445.944s step_avg:1905.74ms
step:235/3250 train_time:447.772s step_avg:1905.41ms
step:236/3250 train_time:449.599s step_avg:1905.08ms
step:237/3250 train_time:451.427s step_avg:1904.75ms
step:238/3250 train_time:453.254s step_avg:1904.43ms
step:239/3250 train_time:455.083s step_avg:1904.11ms
step:240/3250 train_time:456.910s step_avg:1903.79ms
step:241/3250 train_time:459.571s step_avg:1906.93ms
step:242/3250 train_time:461.398s step_avg:1906.60ms
step:243/3250 train_time:463.227s step_avg:1906.28ms
step:244/3250 train_time:465.055s step_avg:1905.96ms
step:245/3250 train_time:466.885s step_avg:1905.65ms
step:246/3250 train_time:468.713s step_avg:1905.34ms
step:247/3250 train_time:470.541s step_avg:1905.03ms
step:248/3250 train_time:472.406s step_avg:1904.86ms
step:249/3250 train_time:474.235s step_avg:1904.56ms
step:250/3250 train_time:476.405s step_avg:1905.62ms
step:250/3250 val_loss:4.05599 train_time:476.406s step_avg:1893.64ms
step:251/3250 train_time:478.235s step_avg:1905.32ms
step:252/3250 train_time:480.062s step_avg:1905.01ms
step:253/3250 train_time:481.890s step_avg:1904.70ms
step:254/3250 train_time:483.717s step_avg:1904.40ms
step:255/3250 train_time:485.545s step_avg:1904.10ms
step:256/3250 train_time:487.373s step_avg:1903.80ms
step:257/3250 train_time:490.035s step_avg:1906.75ms
step:258/3250 train_time:491.862s step_avg:1906.44ms
step:259/3250 train_time:493.688s step_avg:1906.13ms
step:260/3250 train_time:495.515s step_avg:1905.83ms
step:261/3250 train_time:497.342s step_avg:1905.53ms
step:262/3250 train_time:499.169s step_avg:1905.23ms
step:263/3250 train_time:500.996s step_avg:1904.93ms
step:264/3250 train_time:502.824s step_avg:1904.63ms
step:265/3250 train_time:504.651s step_avg:1904.34ms
step:266/3250 train_time:506.478s step_avg:1904.05ms
step:267/3250 train_time:508.306s step_avg:1903.77ms
step:268/3250 train_time:510.134s step_avg:1903.49ms
step:269/3250 train_time:511.963s step_avg:1903.21ms
step:270/3250 train_time:513.790s step_avg:1902.93ms
step:271/3250 train_time:515.618s step_avg:1902.65ms
step:272/3250 train_time:517.445s step_avg:1902.37ms
step:273/3250 train_time:520.106s step_avg:1905.15ms
step:274/3250 train_time:521.932s step_avg:1904.86ms
step:275/3250 train_time:524.036s step_avg:1905.59ms
step:276/3250 train_time:525.863s step_avg:1905.30ms
step:277/3250 train_time:527.693s step_avg:1905.03ms
step:278/3250 train_time:529.521s step_avg:1904.75ms
step:279/3250 train_time:531.347s step_avg:1904.47ms
step:280/3250 train_time:533.175s step_avg:1904.20ms
step:281/3250 train_time:535.003s step_avg:1903.92ms
step:282/3250 train_time:536.831s step_avg:1903.65ms
step:283/3250 train_time:538.658s step_avg:1903.38ms
step:284/3250 train_time:540.484s step_avg:1903.11ms
step:285/3250 train_time:542.312s step_avg:1902.85ms
step:286/3250 train_time:544.141s step_avg:1902.59ms
step:287/3250 train_time:545.968s step_avg:1902.33ms
step:288/3250 train_time:547.794s step_avg:1902.06ms
step:289/3250 train_time:550.455s step_avg:1904.69ms
step:290/3250 train_time:552.282s step_avg:1904.42ms
step:291/3250 train_time:554.111s step_avg:1904.16ms
step:292/3250 train_time:555.939s step_avg:1903.90ms
step:293/3250 train_time:557.765s step_avg:1903.64ms
step:294/3250 train_time:559.593s step_avg:1903.38ms
step:295/3250 train_time:561.419s step_avg:1903.12ms
step:296/3250 train_time:563.248s step_avg:1902.87ms
step:297/3250 train_time:565.076s step_avg:1902.61ms
step:298/3250 train_time:566.903s step_avg:1902.36ms
step:299/3250 train_time:568.730s step_avg:1902.11ms
step:300/3250 train_time:570.835s step_avg:1902.78ms
step:301/3250 train_time:572.662s step_avg:1902.53ms
step:302/3250 train_time:574.489s step_avg:1902.28ms
step:303/3250 train_time:576.317s step_avg:1902.04ms
step:304/3250 train_time:578.146s step_avg:1901.79ms
step:305/3250 train_time:580.806s step_avg:1904.28ms
step:306/3250 train_time:582.634s step_avg:1904.03ms
step:307/3250 train_time:584.462s step_avg:1903.78ms
step:308/3250 train_time:586.292s step_avg:1903.55ms
step:309/3250 train_time:588.120s step_avg:1903.30ms
step:310/3250 train_time:589.947s step_avg:1903.06ms
step:311/3250 train_time:591.775s step_avg:1902.81ms
step:312/3250 train_time:593.604s step_avg:1902.58ms
step:313/3250 train_time:595.432s step_avg:1902.34ms
step:314/3250 train_time:597.259s step_avg:1902.10ms
step:315/3250 train_time:599.086s step_avg:1901.86ms
step:316/3250 train_time:600.915s step_avg:1901.63ms
step:317/3250 train_time:602.742s step_avg:1901.39ms
step:318/3250 train_time:604.569s step_avg:1901.16ms
step:319/3250 train_time:606.397s step_avg:1900.93ms
step:320/3250 train_time:608.225s step_avg:1900.70ms
step:321/3250 train_time:610.885s step_avg:1903.07ms
step:322/3250 train_time:612.715s step_avg:1902.84ms
step:323/3250 train_time:614.542s step_avg:1902.61ms
step:324/3250 train_time:616.368s step_avg:1902.37ms
step:325/3250 train_time:618.469s step_avg:1902.98ms
step:326/3250 train_time:620.295s step_avg:1902.74ms
step:327/3250 train_time:622.121s step_avg:1902.51ms
step:328/3250 train_time:623.948s step_avg:1902.28ms
step:329/3250 train_time:625.774s step_avg:1902.05ms
step:330/3250 train_time:627.601s step_avg:1901.82ms
step:331/3250 train_time:629.427s step_avg:1901.59ms
step:332/3250 train_time:631.254s step_avg:1901.37ms
step:333/3250 train_time:633.080s step_avg:1901.14ms
step:334/3250 train_time:634.907s step_avg:1900.92ms
step:335/3250 train_time:636.734s step_avg:1900.70ms
step:336/3250 train_time:638.561s step_avg:1900.48ms
step:337/3250 train_time:641.223s step_avg:1902.74ms
step:338/3250 train_time:643.048s step_avg:1902.51ms
step:339/3250 train_time:644.876s step_avg:1902.29ms
step:340/3250 train_time:646.704s step_avg:1902.07ms
step:341/3250 train_time:648.530s step_avg:1901.85ms
step:342/3250 train_time:650.357s step_avg:1901.63ms
step:343/3250 train_time:652.182s step_avg:1901.41ms
step:344/3250 train_time:654.009s step_avg:1901.19ms
step:345/3250 train_time:655.836s step_avg:1900.97ms
step:346/3250 train_time:657.662s step_avg:1900.76ms
step:347/3250 train_time:659.489s step_avg:1900.55ms
step:348/3250 train_time:661.315s step_avg:1900.33ms
step:349/3250 train_time:663.141s step_avg:1900.12ms
step:350/3250 train_time:665.241s step_avg:1900.69ms
step:351/3250 train_time:667.066s step_avg:1900.47ms
step:352/3250 train_time:668.893s step_avg:1900.26ms
step:353/3250 train_time:671.554s step_avg:1902.42ms
step:354/3250 train_time:673.381s step_avg:1902.20ms
step:355/3250 train_time:675.207s step_avg:1901.99ms
step:356/3250 train_time:677.033s step_avg:1901.78ms
step:357/3250 train_time:678.858s step_avg:1901.56ms
step:358/3250 train_time:680.684s step_avg:1901.35ms
step:359/3250 train_time:682.511s step_avg:1901.15ms
step:360/3250 train_time:684.340s step_avg:1900.94ms
step:361/3250 train_time:686.166s step_avg:1900.74ms
step:362/3250 train_time:687.993s step_avg:1900.53ms
step:363/3250 train_time:689.820s step_avg:1900.33ms
step:364/3250 train_time:691.646s step_avg:1900.13ms
step:365/3250 train_time:693.471s step_avg:1899.92ms
step:366/3250 train_time:695.298s step_avg:1899.72ms
step:367/3250 train_time:697.125s step_avg:1899.52ms
step:368/3250 train_time:698.953s step_avg:1899.33ms
step:369/3250 train_time:701.613s step_avg:1901.39ms
step:370/3250 train_time:703.440s step_avg:1901.19ms
step:371/3250 train_time:705.267s step_avg:1900.99ms
step:372/3250 train_time:707.092s step_avg:1900.79ms
step:373/3250 train_time:708.919s step_avg:1900.59ms
step:374/3250 train_time:710.744s step_avg:1900.39ms
step:375/3250 train_time:712.909s step_avg:1901.09ms
step:375/3250 val_loss:3.89594 train_time:712.909s step_avg:1892.03ms
step:376/3250 train_time:714.737s step_avg:1900.90ms
step:377/3250 train_time:716.563s step_avg:1900.70ms
step:378/3250 train_time:718.389s step_avg:1900.50ms
step:379/3250 train_time:720.216s step_avg:1900.30ms
step:380/3250 train_time:722.042s step_avg:1900.11ms
step:381/3250 train_time:723.897s step_avg:1899.99ms
step:382/3250 train_time:725.724s step_avg:1899.80ms
step:383/3250 train_time:727.551s step_avg:1899.61ms
step:384/3250 train_time:729.377s step_avg:1899.42ms
step:385/3250 train_time:732.038s step_avg:1901.40ms
step:386/3250 train_time:733.865s step_avg:1901.20ms
step:387/3250 train_time:735.691s step_avg:1901.01ms
step:388/3250 train_time:737.518s step_avg:1900.82ms
step:389/3250 train_time:739.345s step_avg:1900.63ms
step:390/3250 train_time:741.171s step_avg:1900.44ms
step:391/3250 train_time:742.998s step_avg:1900.25ms
step:392/3250 train_time:744.824s step_avg:1900.06ms
step:393/3250 train_time:746.651s step_avg:1899.88ms
step:394/3250 train_time:748.478s step_avg:1899.69ms
step:395/3250 train_time:750.304s step_avg:1899.50ms
step:396/3250 train_time:752.130s step_avg:1899.32ms
step:397/3250 train_time:753.958s step_avg:1899.14ms
step:398/3250 train_time:755.785s step_avg:1898.96ms
step:399/3250 train_time:757.611s step_avg:1898.78ms
step:400/3250 train_time:759.712s step_avg:1899.28ms
step:401/3250 train_time:762.373s step_avg:1901.18ms
step:402/3250 train_time:764.201s step_avg:1901.00ms
step:403/3250 train_time:766.027s step_avg:1900.81ms
step:404/3250 train_time:767.852s step_avg:1900.62ms
step:405/3250 train_time:769.678s step_avg:1900.44ms
step:406/3250 train_time:771.504s step_avg:1900.26ms
step:407/3250 train_time:773.331s step_avg:1900.08ms
step:408/3250 train_time:775.156s step_avg:1899.89ms
step:409/3250 train_time:776.983s step_avg:1899.71ms
step:410/3250 train_time:778.810s step_avg:1899.54ms
step:411/3250 train_time:780.636s step_avg:1899.36ms
step:412/3250 train_time:782.463s step_avg:1899.18ms
step:413/3250 train_time:784.291s step_avg:1899.01ms
step:414/3250 train_time:786.117s step_avg:1898.83ms
step:415/3250 train_time:787.943s step_avg:1898.66ms
step:416/3250 train_time:789.769s step_avg:1898.48ms
step:417/3250 train_time:792.430s step_avg:1900.31ms
step:418/3250 train_time:794.256s step_avg:1900.13ms
step:419/3250 train_time:796.082s step_avg:1899.96ms
step:420/3250 train_time:797.908s step_avg:1899.78ms
step:421/3250 train_time:799.735s step_avg:1899.61ms
step:422/3250 train_time:801.562s step_avg:1899.43ms
step:423/3250 train_time:803.388s step_avg:1899.26ms
step:424/3250 train_time:805.216s step_avg:1899.09ms
step:425/3250 train_time:807.318s step_avg:1899.57ms
step:426/3250 train_time:809.146s step_avg:1899.40ms
step:427/3250 train_time:810.971s step_avg:1899.23ms
step:428/3250 train_time:812.798s step_avg:1899.06ms
step:429/3250 train_time:814.625s step_avg:1898.89ms
step:430/3250 train_time:816.451s step_avg:1898.72ms
step:431/3250 train_time:818.277s step_avg:1898.55ms
step:432/3250 train_time:820.104s step_avg:1898.39ms
step:433/3250 train_time:822.763s step_avg:1900.15ms
step:434/3250 train_time:824.589s step_avg:1899.97ms
step:435/3250 train_time:826.414s step_avg:1899.80ms
step:436/3250 train_time:828.241s step_avg:1899.63ms
step:437/3250 train_time:830.067s step_avg:1899.47ms
step:438/3250 train_time:831.893s step_avg:1899.30ms
step:439/3250 train_time:833.720s step_avg:1899.13ms
step:440/3250 train_time:835.546s step_avg:1898.97ms
step:441/3250 train_time:837.372s step_avg:1898.80ms
step:442/3250 train_time:839.200s step_avg:1898.64ms
step:443/3250 train_time:841.026s step_avg:1898.48ms
step:444/3250 train_time:842.853s step_avg:1898.32ms
step:445/3250 train_time:844.680s step_avg:1898.16ms
step:446/3250 train_time:846.508s step_avg:1898.00ms
step:447/3250 train_time:848.335s step_avg:1897.84ms
step:448/3250 train_time:850.162s step_avg:1897.68ms
step:449/3250 train_time:852.823s step_avg:1899.38ms
step:450/3250 train_time:854.925s step_avg:1899.83ms
step:451/3250 train_time:856.752s step_avg:1899.67ms
step:452/3250 train_time:858.577s step_avg:1899.51ms
step:453/3250 train_time:860.404s step_avg:1899.35ms
step:454/3250 train_time:862.231s step_avg:1899.19ms
step:455/3250 train_time:864.058s step_avg:1899.03ms
step:456/3250 train_time:865.883s step_avg:1898.87ms
step:457/3250 train_time:867.710s step_avg:1898.71ms
step:458/3250 train_time:869.537s step_avg:1898.55ms
step:459/3250 train_time:871.363s step_avg:1898.39ms
step:460/3250 train_time:873.191s step_avg:1898.24ms
step:461/3250 train_time:875.018s step_avg:1898.09ms
step:462/3250 train_time:876.845s step_avg:1897.93ms
step:463/3250 train_time:878.671s step_avg:1897.78ms
step:464/3250 train_time:880.499s step_avg:1897.63ms
step:465/3250 train_time:883.160s step_avg:1899.27ms
step:466/3250 train_time:884.987s step_avg:1899.11ms
step:467/3250 train_time:886.813s step_avg:1898.96ms
step:468/3250 train_time:888.641s step_avg:1898.81ms
step:469/3250 train_time:890.468s step_avg:1898.65ms
step:470/3250 train_time:892.295s step_avg:1898.50ms
step:471/3250 train_time:894.122s step_avg:1898.35ms
step:472/3250 train_time:895.950s step_avg:1898.20ms
step:473/3250 train_time:897.777s step_avg:1898.05ms
step:474/3250 train_time:899.604s step_avg:1897.90ms
step:475/3250 train_time:901.713s step_avg:1898.34ms
step:476/3250 train_time:903.540s step_avg:1898.19ms
step:477/3250 train_time:905.368s step_avg:1898.05ms
step:478/3250 train_time:907.196s step_avg:1897.90ms
step:479/3250 train_time:909.023s step_avg:1897.75ms
step:480/3250 train_time:910.848s step_avg:1897.60ms
step:481/3250 train_time:913.509s step_avg:1899.19ms
step:482/3250 train_time:915.336s step_avg:1899.04ms
step:483/3250 train_time:917.164s step_avg:1898.89ms
step:484/3250 train_time:918.991s step_avg:1898.74ms
step:485/3250 train_time:920.816s step_avg:1898.59ms
step:486/3250 train_time:922.642s step_avg:1898.44ms
step:487/3250 train_time:924.470s step_avg:1898.30ms
step:488/3250 train_time:926.299s step_avg:1898.15ms
step:489/3250 train_time:928.126s step_avg:1898.01ms
step:490/3250 train_time:929.953s step_avg:1897.86ms
step:491/3250 train_time:931.779s step_avg:1897.72ms
step:492/3250 train_time:933.609s step_avg:1897.58ms
step:493/3250 train_time:935.436s step_avg:1897.44ms
step:494/3250 train_time:937.264s step_avg:1897.29ms
step:495/3250 train_time:939.092s step_avg:1897.15ms
step:496/3250 train_time:940.919s step_avg:1897.01ms
step:497/3250 train_time:943.580s step_avg:1898.55ms
step:498/3250 train_time:945.407s step_avg:1898.41ms
step:499/3250 train_time:947.235s step_avg:1898.27ms
step:500/3250 train_time:949.410s step_avg:1898.82ms
step:500/3250 val_loss:3.81421 train_time:949.411s step_avg:1892.01ms
step:501/3250 train_time:951.238s step_avg:1898.68ms
step:502/3250 train_time:953.066s step_avg:1898.54ms
step:503/3250 train_time:954.895s step_avg:1898.40ms
step:504/3250 train_time:956.723s step_avg:1898.26ms
step:505/3250 train_time:958.552s step_avg:1898.12ms
step:506/3250 train_time:960.380s step_avg:1897.98ms
step:507/3250 train_time:962.209s step_avg:1897.85ms
step:508/3250 train_time:964.037s step_avg:1897.71ms
step:509/3250 train_time:965.865s step_avg:1897.57ms
step:510/3250 train_time:967.693s step_avg:1897.44ms
step:511/3250 train_time:969.521s step_avg:1897.30ms
step:512/3250 train_time:971.348s step_avg:1897.16ms
step:513/3250 train_time:974.009s step_avg:1898.65ms
step:514/3250 train_time:975.838s step_avg:1898.52ms
step:515/3250 train_time:977.666s step_avg:1898.38ms
step:516/3250 train_time:979.494s step_avg:1898.24ms
step:517/3250 train_time:981.324s step_avg:1898.11ms
step:518/3250 train_time:983.152s step_avg:1897.98ms
step:519/3250 train_time:984.980s step_avg:1897.84ms
step:520/3250 train_time:986.807s step_avg:1897.71ms
step:521/3250 train_time:988.637s step_avg:1897.58ms
step:522/3250 train_time:990.466s step_avg:1897.44ms
step:523/3250 train_time:992.293s step_avg:1897.31ms
step:524/3250 train_time:994.120s step_avg:1897.17ms
step:525/3250 train_time:996.223s step_avg:1897.57ms
step:526/3250 train_time:998.049s step_avg:1897.43ms
step:527/3250 train_time:999.876s step_avg:1897.30ms
step:528/3250 train_time:1001.703s step_avg:1897.16ms
step:529/3250 train_time:1004.364s step_avg:1898.61ms
step:530/3250 train_time:1006.190s step_avg:1898.47ms
step:531/3250 train_time:1008.016s step_avg:1898.34ms
step:532/3250 train_time:1009.842s step_avg:1898.20ms
step:533/3250 train_time:1011.669s step_avg:1898.07ms
step:534/3250 train_time:1013.497s step_avg:1897.93ms
step:535/3250 train_time:1015.323s step_avg:1897.80ms
step:536/3250 train_time:1017.149s step_avg:1897.67ms
step:537/3250 train_time:1018.977s step_avg:1897.54ms
step:538/3250 train_time:1020.804s step_avg:1897.40ms
step:539/3250 train_time:1022.630s step_avg:1897.27ms
step:540/3250 train_time:1024.458s step_avg:1897.14ms
step:541/3250 train_time:1026.285s step_avg:1897.02ms
step:542/3250 train_time:1028.112s step_avg:1896.89ms
step:543/3250 train_time:1029.940s step_avg:1896.76ms
step:544/3250 train_time:1031.767s step_avg:1896.63ms
step:545/3250 train_time:1034.428s step_avg:1898.03ms
step:546/3250 train_time:1036.255s step_avg:1897.90ms
step:547/3250 train_time:1038.082s step_avg:1897.77ms
step:548/3250 train_time:1039.910s step_avg:1897.65ms
step:549/3250 train_time:1041.738s step_avg:1897.52ms
step:550/3250 train_time:1043.844s step_avg:1897.90ms
step:551/3250 train_time:1045.670s step_avg:1897.77ms
step:552/3250 train_time:1047.496s step_avg:1897.64ms
step:553/3250 train_time:1049.324s step_avg:1897.51ms
step:554/3250 train_time:1051.151s step_avg:1897.38ms
step:555/3250 train_time:1052.978s step_avg:1897.26ms
step:556/3250 train_time:1054.804s step_avg:1897.13ms
step:557/3250 train_time:1056.631s step_avg:1897.00ms
step:558/3250 train_time:1058.457s step_avg:1896.88ms
step:559/3250 train_time:1060.284s step_avg:1896.75ms
step:560/3250 train_time:1062.111s step_avg:1896.63ms
step:561/3250 train_time:1064.772s step_avg:1897.99ms
step:562/3250 train_time:1066.598s step_avg:1897.86ms
step:563/3250 train_time:1068.424s step_avg:1897.73ms
step:564/3250 train_time:1070.251s step_avg:1897.61ms
step:565/3250 train_time:1072.078s step_avg:1897.48ms
step:566/3250 train_time:1073.904s step_avg:1897.36ms
step:567/3250 train_time:1075.730s step_avg:1897.23ms
step:568/3250 train_time:1077.558s step_avg:1897.11ms
step:569/3250 train_time:1079.385s step_avg:1896.99ms
step:570/3250 train_time:1081.213s step_avg:1896.86ms
step:571/3250 train_time:1083.074s step_avg:1896.80ms
step:572/3250 train_time:1084.901s step_avg:1896.68ms
step:573/3250 train_time:1086.727s step_avg:1896.56ms
step:574/3250 train_time:1088.554s step_avg:1896.44ms
step:575/3250 train_time:1090.654s step_avg:1896.79ms
step:576/3250 train_time:1092.481s step_avg:1896.67ms
step:577/3250 train_time:1095.141s step_avg:1897.99ms
step:578/3250 train_time:1096.968s step_avg:1897.87ms
step:579/3250 train_time:1098.795s step_avg:1897.75ms
step:580/3250 train_time:1100.622s step_avg:1897.62ms
step:581/3250 train_time:1102.450s step_avg:1897.50ms
step:582/3250 train_time:1104.277s step_avg:1897.38ms
step:583/3250 train_time:1106.104s step_avg:1897.26ms
step:584/3250 train_time:1107.930s step_avg:1897.14ms
step:585/3250 train_time:1109.758s step_avg:1897.02ms
step:586/3250 train_time:1111.586s step_avg:1896.90ms
step:587/3250 train_time:1113.413s step_avg:1896.78ms
step:588/3250 train_time:1115.240s step_avg:1896.67ms
step:589/3250 train_time:1117.066s step_avg:1896.55ms
step:590/3250 train_time:1118.893s step_avg:1896.43ms
step:591/3250 train_time:1120.721s step_avg:1896.31ms
step:592/3250 train_time:1122.547s step_avg:1896.19ms
step:593/3250 train_time:1125.208s step_avg:1897.48ms
step:594/3250 train_time:1127.035s step_avg:1897.37ms
step:595/3250 train_time:1128.863s step_avg:1897.25ms
step:596/3250 train_time:1130.690s step_avg:1897.13ms
step:597/3250 train_time:1132.519s step_avg:1897.02ms
step:598/3250 train_time:1134.347s step_avg:1896.90ms
step:599/3250 train_time:1136.174s step_avg:1896.78ms
step:600/3250 train_time:1138.279s step_avg:1897.13ms
step:601/3250 train_time:1140.106s step_avg:1897.01ms
step:602/3250 train_time:1141.934s step_avg:1896.90ms
step:603/3250 train_time:1143.762s step_avg:1896.79ms
step:604/3250 train_time:1145.590s step_avg:1896.67ms
step:605/3250 train_time:1147.417s step_avg:1896.56ms
step:606/3250 train_time:1149.245s step_avg:1896.44ms
step:607/3250 train_time:1151.073s step_avg:1896.33ms
step:608/3250 train_time:1152.900s step_avg:1896.22ms
step:609/3250 train_time:1155.562s step_avg:1897.47ms
step:610/3250 train_time:1157.389s step_avg:1897.36ms
step:611/3250 train_time:1159.215s step_avg:1897.24ms
step:612/3250 train_time:1161.042s step_avg:1897.13ms
step:613/3250 train_time:1162.870s step_avg:1897.01ms
step:614/3250 train_time:1164.697s step_avg:1896.90ms
step:615/3250 train_time:1166.524s step_avg:1896.79ms
step:616/3250 train_time:1168.351s step_avg:1896.67ms
step:617/3250 train_time:1170.179s step_avg:1896.56ms
step:618/3250 train_time:1172.007s step_avg:1896.45ms
step:619/3250 train_time:1173.835s step_avg:1896.34ms
step:620/3250 train_time:1175.661s step_avg:1896.23ms
step:621/3250 train_time:1177.489s step_avg:1896.12ms
step:622/3250 train_time:1179.317s step_avg:1896.01ms
step:623/3250 train_time:1181.144s step_avg:1895.90ms
step:624/3250 train_time:1182.971s step_avg:1895.79ms
step:625/3250 train_time:1185.973s step_avg:1897.56ms
step:625/3250 val_loss:3.75527 train_time:1185.974s step_avg:1892.50ms
step:626/3250 train_time:1187.803s step_avg:1897.45ms
step:627/3250 train_time:1189.631s step_avg:1897.34ms
step:628/3250 train_time:1191.459s step_avg:1897.23ms
step:629/3250 train_time:1193.287s step_avg:1897.12ms
step:630/3250 train_time:1195.114s step_avg:1897.01ms
step:631/3250 train_time:1196.941s step_avg:1896.90ms
step:632/3250 train_time:1198.768s step_avg:1896.79ms
step:633/3250 train_time:1200.597s step_avg:1896.68ms
step:634/3250 train_time:1202.424s step_avg:1896.57ms
step:635/3250 train_time:1204.251s step_avg:1896.46ms
step:636/3250 train_time:1206.078s step_avg:1896.35ms
step:637/3250 train_time:1207.905s step_avg:1896.24ms
step:638/3250 train_time:1209.733s step_avg:1896.13ms
step:639/3250 train_time:1211.560s step_avg:1896.02ms
step:640/3250 train_time:1213.387s step_avg:1895.92ms
step:641/3250 train_time:1216.048s step_avg:1897.11ms
step:642/3250 train_time:1217.874s step_avg:1897.00ms
step:643/3250 train_time:1219.702s step_avg:1896.89ms
step:644/3250 train_time:1221.528s step_avg:1896.78ms
step:645/3250 train_time:1223.355s step_avg:1896.67ms
step:646/3250 train_time:1225.181s step_avg:1896.56ms
step:647/3250 train_time:1227.008s step_avg:1896.46ms
step:648/3250 train_time:1228.835s step_avg:1896.35ms
step:649/3250 train_time:1230.663s step_avg:1896.25ms
step:650/3250 train_time:1232.765s step_avg:1896.56ms
step:651/3250 train_time:1234.591s step_avg:1896.45ms
step:652/3250 train_time:1236.418s step_avg:1896.35ms
step:653/3250 train_time:1238.245s step_avg:1896.24ms
step:654/3250 train_time:1240.073s step_avg:1896.14ms
step:655/3250 train_time:1241.900s step_avg:1896.03ms
step:656/3250 train_time:1243.727s step_avg:1895.92ms
step:657/3250 train_time:1246.387s step_avg:1897.09ms
step:658/3250 train_time:1248.214s step_avg:1896.98ms
step:659/3250 train_time:1250.042s step_avg:1896.88ms
step:660/3250 train_time:1251.871s step_avg:1896.77ms
step:661/3250 train_time:1253.699s step_avg:1896.67ms
step:662/3250 train_time:1255.526s step_avg:1896.57ms
step:663/3250 train_time:1257.353s step_avg:1896.46ms
step:664/3250 train_time:1259.182s step_avg:1896.36ms
step:665/3250 train_time:1261.010s step_avg:1896.26ms
step:666/3250 train_time:1262.838s step_avg:1896.15ms
step:667/3250 train_time:1264.666s step_avg:1896.05ms
step:668/3250 train_time:1266.495s step_avg:1895.95ms
step:669/3250 train_time:1268.323s step_avg:1895.85ms
step:670/3250 train_time:1270.152s step_avg:1895.75ms
step:671/3250 train_time:1271.981s step_avg:1895.65ms
step:672/3250 train_time:1273.809s step_avg:1895.55ms
step:673/3250 train_time:1276.471s step_avg:1896.69ms
step:674/3250 train_time:1278.298s step_avg:1896.59ms
step:675/3250 train_time:1280.401s step_avg:1896.89ms
step:676/3250 train_time:1282.228s step_avg:1896.79ms
step:677/3250 train_time:1284.054s step_avg:1896.68ms
step:678/3250 train_time:1285.883s step_avg:1896.58ms
step:679/3250 train_time:1287.710s step_avg:1896.48ms
step:680/3250 train_time:1289.537s step_avg:1896.38ms
step:681/3250 train_time:1291.364s step_avg:1896.28ms
step:682/3250 train_time:1293.193s step_avg:1896.18ms
step:683/3250 train_time:1295.021s step_avg:1896.08ms
step:684/3250 train_time:1296.849s step_avg:1895.98ms
step:685/3250 train_time:1298.676s step_avg:1895.88ms
step:686/3250 train_time:1300.504s step_avg:1895.78ms
step:687/3250 train_time:1302.332s step_avg:1895.68ms
step:688/3250 train_time:1304.160s step_avg:1895.58ms
step:689/3250 train_time:1306.821s step_avg:1896.69ms
step:690/3250 train_time:1308.648s step_avg:1896.59ms
step:691/3250 train_time:1310.475s step_avg:1896.49ms
step:692/3250 train_time:1312.303s step_avg:1896.39ms
step:693/3250 train_time:1314.130s step_avg:1896.29ms
step:694/3250 train_time:1315.957s step_avg:1896.19ms
step:695/3250 train_time:1317.784s step_avg:1896.09ms
step:696/3250 train_time:1319.612s step_avg:1895.99ms
step:697/3250 train_time:1321.440s step_avg:1895.90ms
step:698/3250 train_time:1323.268s step_avg:1895.80ms
step:699/3250 train_time:1325.095s step_avg:1895.70ms
step:700/3250 train_time:1327.197s step_avg:1896.00ms
step:701/3250 train_time:1329.027s step_avg:1895.90ms
step:702/3250 train_time:1330.859s step_avg:1895.81ms
step:703/3250 train_time:1332.686s step_avg:1895.71ms
step:704/3250 train_time:1334.512s step_avg:1895.61ms
step:705/3250 train_time:1337.174s step_avg:1896.70ms
step:706/3250 train_time:1339.003s step_avg:1896.61ms
step:707/3250 train_time:1340.831s step_avg:1896.51ms
step:708/3250 train_time:1342.659s step_avg:1896.41ms
step:709/3250 train_time:1344.487s step_avg:1896.31ms
step:710/3250 train_time:1346.314s step_avg:1896.22ms
step:711/3250 train_time:1348.142s step_avg:1896.12ms
step:712/3250 train_time:1349.970s step_avg:1896.03ms
step:713/3250 train_time:1351.798s step_avg:1895.93ms
step:714/3250 train_time:1353.627s step_avg:1895.84ms
step:715/3250 train_time:1355.454s step_avg:1895.74ms
step:716/3250 train_time:1357.282s step_avg:1895.65ms
step:717/3250 train_time:1359.111s step_avg:1895.55ms
step:718/3250 train_time:1360.938s step_avg:1895.46ms
step:719/3250 train_time:1362.766s step_avg:1895.36ms
step:720/3250 train_time:1364.594s step_avg:1895.27ms
step:721/3250 train_time:1367.256s step_avg:1896.33ms
step:722/3250 train_time:1369.083s step_avg:1896.24ms
step:723/3250 train_time:1370.912s step_avg:1896.14ms
step:724/3250 train_time:1372.739s step_avg:1896.05ms
step:725/3250 train_time:1374.842s step_avg:1896.33ms
step:726/3250 train_time:1376.669s step_avg:1896.24ms
step:727/3250 train_time:1378.497s step_avg:1896.14ms
step:728/3250 train_time:1380.325s step_avg:1896.05ms
step:729/3250 train_time:1382.153s step_avg:1895.96ms
step:730/3250 train_time:1383.981s step_avg:1895.86ms
step:731/3250 train_time:1385.809s step_avg:1895.77ms
step:732/3250 train_time:1387.637s step_avg:1895.68ms
step:733/3250 train_time:1389.466s step_avg:1895.59ms
step:734/3250 train_time:1391.293s step_avg:1895.49ms
step:735/3250 train_time:1393.121s step_avg:1895.40ms
step:736/3250 train_time:1394.948s step_avg:1895.31ms
step:737/3250 train_time:1397.610s step_avg:1896.35ms
step:738/3250 train_time:1399.438s step_avg:1896.26ms
step:739/3250 train_time:1401.265s step_avg:1896.16ms
step:740/3250 train_time:1403.091s step_avg:1896.07ms
step:741/3250 train_time:1404.917s step_avg:1895.97ms
step:742/3250 train_time:1406.745s step_avg:1895.88ms
step:743/3250 train_time:1408.572s step_avg:1895.79ms
step:744/3250 train_time:1410.399s step_avg:1895.70ms
step:745/3250 train_time:1412.227s step_avg:1895.61ms
step:746/3250 train_time:1414.055s step_avg:1895.52ms
step:747/3250 train_time:1415.884s step_avg:1895.43ms
step:748/3250 train_time:1417.712s step_avg:1895.34ms
step:749/3250 train_time:1419.540s step_avg:1895.25ms
step:750/3250 train_time:1421.709s step_avg:1895.61ms
step:750/3250 val_loss:3.70880 train_time:1421.709s step_avg:1885.89ms
step:751/3250 train_time:1423.539s step_avg:1895.52ms
step:752/3250 train_time:1425.367s step_avg:1895.44ms
step:753/3250 train_time:1428.029s step_avg:1896.45ms
step:754/3250 train_time:1429.857s step_avg:1896.36ms
step:755/3250 train_time:1431.685s step_avg:1896.27ms
step:756/3250 train_time:1433.512s step_avg:1896.18ms
step:757/3250 train_time:1435.340s step_avg:1896.09ms
step:758/3250 train_time:1437.170s step_avg:1896.00ms
step:759/3250 train_time:1438.998s step_avg:1895.91ms
step:760/3250 train_time:1440.825s step_avg:1895.82ms
step:761/3250 train_time:1442.691s step_avg:1895.78ms
step:762/3250 train_time:1444.519s step_avg:1895.69ms
step:763/3250 train_time:1446.347s step_avg:1895.61ms
step:764/3250 train_time:1448.176s step_avg:1895.52ms
step:765/3250 train_time:1450.005s step_avg:1895.43ms
step:766/3250 train_time:1451.833s step_avg:1895.34ms
step:767/3250 train_time:1453.661s step_avg:1895.26ms
step:768/3250 train_time:1455.490s step_avg:1895.17ms
step:769/3250 train_time:1458.151s step_avg:1896.17ms
step:770/3250 train_time:1459.979s step_avg:1896.08ms
step:771/3250 train_time:1461.808s step_avg:1895.99ms
step:772/3250 train_time:1463.636s step_avg:1895.90ms
step:773/3250 train_time:1465.463s step_avg:1895.81ms
step:774/3250 train_time:1467.293s step_avg:1895.73ms
step:775/3250 train_time:1469.404s step_avg:1896.00ms
step:776/3250 train_time:1471.231s step_avg:1895.92ms
step:777/3250 train_time:1473.059s step_avg:1895.83ms
step:778/3250 train_time:1474.887s step_avg:1895.74ms
step:779/3250 train_time:1476.715s step_avg:1895.66ms
step:780/3250 train_time:1478.544s step_avg:1895.57ms
step:781/3250 train_time:1480.373s step_avg:1895.48ms
step:782/3250 train_time:1482.201s step_avg:1895.40ms
step:783/3250 train_time:1484.029s step_avg:1895.31ms
step:784/3250 train_time:1485.856s step_avg:1895.22ms
step:785/3250 train_time:1488.517s step_avg:1896.20ms
step:786/3250 train_time:1490.344s step_avg:1896.11ms
step:787/3250 train_time:1492.171s step_avg:1896.02ms
step:788/3250 train_time:1493.999s step_avg:1895.94ms
step:789/3250 train_time:1495.827s step_avg:1895.85ms
step:790/3250 train_time:1497.656s step_avg:1895.77ms
step:791/3250 train_time:1499.483s step_avg:1895.68ms
step:792/3250 train_time:1501.310s step_avg:1895.59ms
step:793/3250 train_time:1503.138s step_avg:1895.51ms
step:794/3250 train_time:1504.965s step_avg:1895.42ms
step:795/3250 train_time:1506.792s step_avg:1895.34ms
step:796/3250 train_time:1508.620s step_avg:1895.25ms
step:797/3250 train_time:1510.447s step_avg:1895.17ms
step:798/3250 train_time:1512.273s step_avg:1895.08ms
step:799/3250 train_time:1514.100s step_avg:1894.99ms
step:800/3250 train_time:1516.199s step_avg:1895.25ms
step:801/3250 train_time:1518.860s step_avg:1896.20ms
step:802/3250 train_time:1520.686s step_avg:1896.12ms
step:803/3250 train_time:1522.511s step_avg:1896.03ms
step:804/3250 train_time:1524.337s step_avg:1895.94ms
step:805/3250 train_time:1526.163s step_avg:1895.85ms
step:806/3250 train_time:1527.990s step_avg:1895.77ms
step:807/3250 train_time:1529.816s step_avg:1895.68ms
step:808/3250 train_time:1531.642s step_avg:1895.60ms
step:809/3250 train_time:1533.468s step_avg:1895.51ms
step:810/3250 train_time:1535.295s step_avg:1895.43ms
step:811/3250 train_time:1537.122s step_avg:1895.34ms
step:812/3250 train_time:1538.949s step_avg:1895.26ms
step:813/3250 train_time:1540.775s step_avg:1895.17ms
step:814/3250 train_time:1542.601s step_avg:1895.09ms
step:815/3250 train_time:1544.428s step_avg:1895.00ms
step:816/3250 train_time:1546.254s step_avg:1894.92ms
step:817/3250 train_time:1548.914s step_avg:1895.86ms
step:818/3250 train_time:1550.740s step_avg:1895.77ms
step:819/3250 train_time:1552.565s step_avg:1895.68ms
step:820/3250 train_time:1554.391s step_avg:1895.60ms
step:821/3250 train_time:1556.218s step_avg:1895.52ms
step:822/3250 train_time:1558.045s step_avg:1895.43ms
step:823/3250 train_time:1559.871s step_avg:1895.35ms
step:824/3250 train_time:1561.697s step_avg:1895.26ms
step:825/3250 train_time:1563.795s step_avg:1895.51ms
step:826/3250 train_time:1565.622s step_avg:1895.43ms
step:827/3250 train_time:1567.450s step_avg:1895.34ms
step:828/3250 train_time:1569.276s step_avg:1895.26ms
step:829/3250 train_time:1571.102s step_avg:1895.18ms
step:830/3250 train_time:1572.928s step_avg:1895.09ms
step:831/3250 train_time:1574.755s step_avg:1895.01ms
step:832/3250 train_time:1576.581s step_avg:1894.93ms
step:833/3250 train_time:1579.240s step_avg:1895.85ms
step:834/3250 train_time:1581.068s step_avg:1895.76ms
step:835/3250 train_time:1582.893s step_avg:1895.68ms
step:836/3250 train_time:1584.719s step_avg:1895.60ms
step:837/3250 train_time:1586.545s step_avg:1895.51ms
step:838/3250 train_time:1588.372s step_avg:1895.43ms
step:839/3250 train_time:1590.198s step_avg:1895.35ms
step:840/3250 train_time:1592.023s step_avg:1895.27ms
step:841/3250 train_time:1593.849s step_avg:1895.18ms
step:842/3250 train_time:1595.675s step_avg:1895.10ms
step:843/3250 train_time:1597.501s step_avg:1895.02ms
step:844/3250 train_time:1599.328s step_avg:1894.94ms
step:845/3250 train_time:1601.154s step_avg:1894.86ms
step:846/3250 train_time:1602.982s step_avg:1894.78ms
step:847/3250 train_time:1604.808s step_avg:1894.70ms
step:848/3250 train_time:1606.635s step_avg:1894.62ms
step:849/3250 train_time:1609.296s step_avg:1895.52ms
step:850/3250 train_time:1611.396s step_avg:1895.76ms
step:851/3250 train_time:1613.222s step_avg:1895.68ms
step:852/3250 train_time:1615.048s step_avg:1895.60ms
step:853/3250 train_time:1616.874s step_avg:1895.51ms
step:854/3250 train_time:1618.701s step_avg:1895.43ms
step:855/3250 train_time:1620.528s step_avg:1895.35ms
step:856/3250 train_time:1622.354s step_avg:1895.27ms
step:857/3250 train_time:1624.179s step_avg:1895.19ms
step:858/3250 train_time:1626.006s step_avg:1895.11ms
step:859/3250 train_time:1627.833s step_avg:1895.03ms
step:860/3250 train_time:1629.659s step_avg:1894.95ms
step:861/3250 train_time:1631.485s step_avg:1894.87ms
step:862/3250 train_time:1633.311s step_avg:1894.79ms
step:863/3250 train_time:1635.138s step_avg:1894.71ms
step:864/3250 train_time:1636.964s step_avg:1894.63ms
step:865/3250 train_time:1639.625s step_avg:1895.52ms
step:866/3250 train_time:1641.451s step_avg:1895.44ms
step:867/3250 train_time:1643.278s step_avg:1895.36ms
step:868/3250 train_time:1645.104s step_avg:1895.28ms
step:869/3250 train_time:1646.930s step_avg:1895.20ms
step:870/3250 train_time:1648.759s step_avg:1895.12ms
step:871/3250 train_time:1650.587s step_avg:1895.05ms
step:872/3250 train_time:1652.414s step_avg:1894.97ms
step:873/3250 train_time:1654.243s step_avg:1894.89ms
step:874/3250 train_time:1656.072s step_avg:1894.82ms
step:875/3250 train_time:1658.239s step_avg:1895.13ms
step:875/3250 val_loss:3.67635 train_time:1658.240s step_avg:1892.24ms
step:876/3250 train_time:1660.067s step_avg:1895.05ms
step:877/3250 train_time:1661.894s step_avg:1894.98ms
step:878/3250 train_time:1663.721s step_avg:1894.90ms
step:879/3250 train_time:1665.551s step_avg:1894.82ms
step:880/3250 train_time:1667.378s step_avg:1894.75ms
step:881/3250 train_time:1670.039s step_avg:1895.62ms
step:882/3250 train_time:1671.864s step_avg:1895.54ms
step:883/3250 train_time:1673.690s step_avg:1895.46ms
step:884/3250 train_time:1675.516s step_avg:1895.38ms
step:885/3250 train_time:1677.342s step_avg:1895.30ms
step:886/3250 train_time:1679.168s step_avg:1895.22ms
step:887/3250 train_time:1680.993s step_avg:1895.14ms
step:888/3250 train_time:1682.819s step_avg:1895.07ms
step:889/3250 train_time:1684.645s step_avg:1894.99ms
step:890/3250 train_time:1686.472s step_avg:1894.91ms
step:891/3250 train_time:1688.298s step_avg:1894.84ms
step:892/3250 train_time:1690.124s step_avg:1894.76ms
step:893/3250 train_time:1691.950s step_avg:1894.68ms
step:894/3250 train_time:1693.778s step_avg:1894.61ms
step:895/3250 train_time:1695.604s step_avg:1894.53ms
step:896/3250 train_time:1697.430s step_avg:1894.45ms
step:897/3250 train_time:1700.090s step_avg:1895.31ms
step:898/3250 train_time:1701.916s step_avg:1895.23ms
step:899/3250 train_time:1703.741s step_avg:1895.15ms
step:900/3250 train_time:1705.843s step_avg:1895.38ms
step:901/3250 train_time:1707.669s step_avg:1895.30ms
step:902/3250 train_time:1709.495s step_avg:1895.23ms
step:903/3250 train_time:1711.321s step_avg:1895.15ms
step:904/3250 train_time:1713.146s step_avg:1895.07ms
step:905/3250 train_time:1714.975s step_avg:1895.00ms
step:906/3250 train_time:1716.802s step_avg:1894.92ms
step:907/3250 train_time:1718.627s step_avg:1894.85ms
step:908/3250 train_time:1720.453s step_avg:1894.77ms
step:909/3250 train_time:1722.279s step_avg:1894.70ms
step:910/3250 train_time:1724.106s step_avg:1894.62ms
step:911/3250 train_time:1725.932s step_avg:1894.55ms
step:912/3250 train_time:1727.758s step_avg:1894.47ms
step:913/3250 train_time:1730.419s step_avg:1895.31ms
step:914/3250 train_time:1732.244s step_avg:1895.23ms
step:915/3250 train_time:1734.069s step_avg:1895.16ms
step:916/3250 train_time:1735.896s step_avg:1895.08ms
step:917/3250 train_time:1737.722s step_avg:1895.01ms
step:918/3250 train_time:1739.548s step_avg:1894.93ms
step:919/3250 train_time:1741.374s step_avg:1894.86ms
step:920/3250 train_time:1743.200s step_avg:1894.78ms
step:921/3250 train_time:1745.026s step_avg:1894.71ms
step:922/3250 train_time:1746.854s step_avg:1894.64ms
step:923/3250 train_time:1748.680s step_avg:1894.56ms
step:924/3250 train_time:1750.506s step_avg:1894.49ms
step:925/3250 train_time:1752.606s step_avg:1894.71ms
step:926/3250 train_time:1754.432s step_avg:1894.64ms
step:927/3250 train_time:1756.260s step_avg:1894.56ms
step:928/3250 train_time:1758.086s step_avg:1894.49ms
step:929/3250 train_time:1760.747s step_avg:1895.31ms
step:930/3250 train_time:1762.573s step_avg:1895.24ms
step:931/3250 train_time:1764.399s step_avg:1895.17ms
step:932/3250 train_time:1766.225s step_avg:1895.09ms
step:933/3250 train_time:1768.052s step_avg:1895.02ms
step:934/3250 train_time:1769.879s step_avg:1894.95ms
step:935/3250 train_time:1771.705s step_avg:1894.87ms
step:936/3250 train_time:1773.531s step_avg:1894.80ms
step:937/3250 train_time:1775.358s step_avg:1894.73ms
step:938/3250 train_time:1777.186s step_avg:1894.65ms
step:939/3250 train_time:1779.013s step_avg:1894.58ms
step:940/3250 train_time:1780.839s step_avg:1894.51ms
step:941/3250 train_time:1782.666s step_avg:1894.44ms
step:942/3250 train_time:1784.493s step_avg:1894.37ms
step:943/3250 train_time:1786.321s step_avg:1894.30ms
step:944/3250 train_time:1788.147s step_avg:1894.22ms
step:945/3250 train_time:1790.807s step_avg:1895.03ms
step:946/3250 train_time:1792.633s step_avg:1894.96ms
step:947/3250 train_time:1794.458s step_avg:1894.89ms
step:948/3250 train_time:1796.285s step_avg:1894.82ms
step:949/3250 train_time:1798.112s step_avg:1894.74ms
step:950/3250 train_time:1800.212s step_avg:1894.96ms
step:951/3250 train_time:1802.073s step_avg:1894.92ms
step:952/3250 train_time:1803.899s step_avg:1894.85ms
step:953/3250 train_time:1805.725s step_avg:1894.78ms
step:954/3250 train_time:1807.551s step_avg:1894.71ms
step:955/3250 train_time:1809.377s step_avg:1894.64ms
step:956/3250 train_time:1811.204s step_avg:1894.56ms
step:957/3250 train_time:1813.031s step_avg:1894.49ms
step:958/3250 train_time:1814.857s step_avg:1894.42ms
step:959/3250 train_time:1816.684s step_avg:1894.35ms
step:960/3250 train_time:1818.510s step_avg:1894.28ms
step:961/3250 train_time:1821.171s step_avg:1895.08ms
step:962/3250 train_time:1822.997s step_avg:1895.01ms
step:963/3250 train_time:1824.825s step_avg:1894.94ms
step:964/3250 train_time:1826.652s step_avg:1894.87ms
step:965/3250 train_time:1828.478s step_avg:1894.80ms
step:966/3250 train_time:1830.304s step_avg:1894.72ms
step:967/3250 train_time:1832.130s step_avg:1894.65ms
step:968/3250 train_time:1833.957s step_avg:1894.58ms
step:969/3250 train_time:1835.783s step_avg:1894.51ms
step:970/3250 train_time:1837.609s step_avg:1894.44ms
step:971/3250 train_time:1839.435s step_avg:1894.37ms
step:972/3250 train_time:1841.261s step_avg:1894.30ms
step:973/3250 train_time:1843.087s step_avg:1894.23ms
step:974/3250 train_time:1844.913s step_avg:1894.16ms
step:975/3250 train_time:1847.015s step_avg:1894.37ms
step:976/3250 train_time:1848.841s step_avg:1894.30ms
step:977/3250 train_time:1851.502s step_avg:1895.09ms
step:978/3250 train_time:1853.328s step_avg:1895.02ms
step:979/3250 train_time:1855.154s step_avg:1894.95ms
step:980/3250 train_time:1856.982s step_avg:1894.88ms
step:981/3250 train_time:1858.808s step_avg:1894.81ms
step:982/3250 train_time:1860.634s step_avg:1894.74ms
step:983/3250 train_time:1862.460s step_avg:1894.67ms
step:984/3250 train_time:1864.287s step_avg:1894.60ms
step:985/3250 train_time:1866.115s step_avg:1894.53ms
step:986/3250 train_time:1867.941s step_avg:1894.46ms
step:987/3250 train_time:1869.767s step_avg:1894.39ms
step:988/3250 train_time:1871.594s step_avg:1894.33ms
step:989/3250 train_time:1873.421s step_avg:1894.26ms
step:990/3250 train_time:1875.247s step_avg:1894.19ms
step:991/3250 train_time:1877.074s step_avg:1894.12ms
step:992/3250 train_time:1878.903s step_avg:1894.06ms
step:993/3250 train_time:1881.564s step_avg:1894.83ms
step:994/3250 train_time:1883.391s step_avg:1894.76ms
step:995/3250 train_time:1885.219s step_avg:1894.69ms
step:996/3250 train_time:1887.046s step_avg:1894.62ms
step:997/3250 train_time:1888.873s step_avg:1894.56ms
step:998/3250 train_time:1890.701s step_avg:1894.49ms
step:999/3250 train_time:1892.529s step_avg:1894.42ms
step:1000/3250 train_time:1894.704s step_avg:1894.70ms
step:1000/3250 val_loss:3.64062 train_time:1894.704s step_avg:1891.72ms
step:1001/3250 train_time:1896.534s step_avg:1894.64ms
step:1002/3250 train_time:1898.361s step_avg:1894.57ms
step:1003/3250 train_time:1900.189s step_avg:1894.51ms
step:1004/3250 train_time:1902.018s step_avg:1894.44ms
step:1005/3250 train_time:1903.845s step_avg:1894.37ms
step:1006/3250 train_time:1905.673s step_avg:1894.31ms
step:1007/3250 train_time:1907.502s step_avg:1894.24ms
step:1008/3250 train_time:1909.330s step_avg:1894.18ms
step:1009/3250 train_time:1911.991s step_avg:1894.94ms
step:1010/3250 train_time:1913.818s step_avg:1894.87ms
step:1011/3250 train_time:1915.645s step_avg:1894.80ms
step:1012/3250 train_time:1917.474s step_avg:1894.74ms
step:1013/3250 train_time:1919.300s step_avg:1894.67ms
step:1014/3250 train_time:1921.127s step_avg:1894.60ms
step:1015/3250 train_time:1922.954s step_avg:1894.54ms
step:1016/3250 train_time:1924.780s step_avg:1894.47ms
step:1017/3250 train_time:1926.607s step_avg:1894.40ms
step:1018/3250 train_time:1928.434s step_avg:1894.34ms
step:1019/3250 train_time:1930.261s step_avg:1894.27ms
step:1020/3250 train_time:1932.087s step_avg:1894.20ms
step:1021/3250 train_time:1933.915s step_avg:1894.14ms
step:1022/3250 train_time:1935.742s step_avg:1894.07ms
step:1023/3250 train_time:1937.570s step_avg:1894.01ms
step:1024/3250 train_time:1939.396s step_avg:1893.94ms
step:1025/3250 train_time:1942.331s step_avg:1894.96ms
step:1026/3250 train_time:1944.157s step_avg:1894.89ms
step:1027/3250 train_time:1945.983s step_avg:1894.82ms
step:1028/3250 train_time:1947.810s step_avg:1894.76ms
step:1029/3250 train_time:1949.636s step_avg:1894.69ms
step:1030/3250 train_time:1951.462s step_avg:1894.62ms
step:1031/3250 train_time:1953.289s step_avg:1894.56ms
step:1032/3250 train_time:1955.116s step_avg:1894.49ms
step:1033/3250 train_time:1956.942s step_avg:1894.43ms
step:1034/3250 train_time:1958.770s step_avg:1894.36ms
step:1035/3250 train_time:1960.597s step_avg:1894.30ms
step:1036/3250 train_time:1962.424s step_avg:1894.23ms
step:1037/3250 train_time:1964.252s step_avg:1894.17ms
step:1038/3250 train_time:1966.080s step_avg:1894.10ms
step:1039/3250 train_time:1967.906s step_avg:1894.04ms
step:1040/3250 train_time:1969.732s step_avg:1893.97ms
step:1041/3250 train_time:1972.393s step_avg:1894.71ms
step:1042/3250 train_time:1974.220s step_avg:1894.64ms
step:1043/3250 train_time:1976.045s step_avg:1894.58ms
step:1044/3250 train_time:1977.871s step_avg:1894.51ms
step:1045/3250 train_time:1979.698s step_avg:1894.45ms
step:1046/3250 train_time:1981.524s step_avg:1894.38ms
step:1047/3250 train_time:1983.350s step_avg:1894.32ms
step:1048/3250 train_time:1985.178s step_avg:1894.25ms
step:1049/3250 train_time:1987.004s step_avg:1894.19ms
step:1050/3250 train_time:1989.104s step_avg:1894.39ms
step:1051/3250 train_time:1990.930s step_avg:1894.32ms
step:1052/3250 train_time:1992.757s step_avg:1894.26ms
step:1053/3250 train_time:1994.584s step_avg:1894.19ms
step:1054/3250 train_time:1996.410s step_avg:1894.13ms
step:1055/3250 train_time:1998.237s step_avg:1894.06ms
step:1056/3250 train_time:2000.064s step_avg:1894.00ms
step:1057/3250 train_time:2002.724s step_avg:1894.72ms
step:1058/3250 train_time:2004.551s step_avg:1894.66ms
step:1059/3250 train_time:2006.377s step_avg:1894.60ms
step:1060/3250 train_time:2008.202s step_avg:1894.53ms
step:1061/3250 train_time:2010.029s step_avg:1894.47ms
step:1062/3250 train_time:2011.854s step_avg:1894.40ms
step:1063/3250 train_time:2013.680s step_avg:1894.34ms
step:1064/3250 train_time:2015.507s step_avg:1894.27ms
step:1065/3250 train_time:2017.333s step_avg:1894.21ms
step:1066/3250 train_time:2019.159s step_avg:1894.15ms
step:1067/3250 train_time:2020.985s step_avg:1894.08ms
step:1068/3250 train_time:2022.811s step_avg:1894.02ms
step:1069/3250 train_time:2024.638s step_avg:1893.95ms
step:1070/3250 train_time:2026.464s step_avg:1893.89ms
step:1071/3250 train_time:2028.290s step_avg:1893.83ms
step:1072/3250 train_time:2030.116s step_avg:1893.77ms
step:1073/3250 train_time:2032.776s step_avg:1894.48ms
step:1074/3250 train_time:2034.602s step_avg:1894.42ms
step:1075/3250 train_time:2036.701s step_avg:1894.61ms
step:1076/3250 train_time:2038.526s step_avg:1894.54ms
step:1077/3250 train_time:2040.352s step_avg:1894.48ms
step:1078/3250 train_time:2042.177s step_avg:1894.41ms
step:1079/3250 train_time:2044.003s step_avg:1894.35ms
step:1080/3250 train_time:2045.829s step_avg:1894.29ms
step:1081/3250 train_time:2047.654s step_avg:1894.22ms
step:1082/3250 train_time:2049.481s step_avg:1894.16ms
step:1083/3250 train_time:2051.306s step_avg:1894.10ms
step:1084/3250 train_time:2053.133s step_avg:1894.03ms
step:1085/3250 train_time:2054.959s step_avg:1893.97ms
step:1086/3250 train_time:2056.785s step_avg:1893.91ms
step:1087/3250 train_time:2058.610s step_avg:1893.85ms
step:1088/3250 train_time:2060.436s step_avg:1893.78ms
step:1089/3250 train_time:2063.096s step_avg:1894.49ms
step:1090/3250 train_time:2064.922s step_avg:1894.42ms
step:1091/3250 train_time:2066.747s step_avg:1894.36ms
step:1092/3250 train_time:2068.573s step_avg:1894.30ms
step:1093/3250 train_time:2070.398s step_avg:1894.23ms
step:1094/3250 train_time:2072.224s step_avg:1894.17ms
step:1095/3250 train_time:2074.050s step_avg:1894.11ms
step:1096/3250 train_time:2075.876s step_avg:1894.05ms
step:1097/3250 train_time:2077.701s step_avg:1893.98ms
step:1098/3250 train_time:2079.528s step_avg:1893.92ms
step:1099/3250 train_time:2081.354s step_avg:1893.86ms
step:1100/3250 train_time:2083.455s step_avg:1894.05ms
step:1101/3250 train_time:2085.283s step_avg:1893.99ms
step:1102/3250 train_time:2087.110s step_avg:1893.93ms
step:1103/3250 train_time:2088.937s step_avg:1893.87ms
step:1104/3250 train_time:2090.765s step_avg:1893.81ms
step:1105/3250 train_time:2093.425s step_avg:1894.50ms
step:1106/3250 train_time:2095.253s step_avg:1894.44ms
step:1107/3250 train_time:2097.080s step_avg:1894.38ms
step:1108/3250 train_time:2098.907s step_avg:1894.32ms
step:1109/3250 train_time:2100.734s step_avg:1894.26ms
step:1110/3250 train_time:2102.561s step_avg:1894.20ms
step:1111/3250 train_time:2104.388s step_avg:1894.14ms
step:1112/3250 train_time:2106.215s step_avg:1894.08ms
step:1113/3250 train_time:2108.041s step_avg:1894.02ms
step:1114/3250 train_time:2109.868s step_avg:1893.96ms
step:1115/3250 train_time:2111.694s step_avg:1893.90ms
step:1116/3250 train_time:2113.521s step_avg:1893.84ms
step:1117/3250 train_time:2115.349s step_avg:1893.78ms
step:1118/3250 train_time:2117.176s step_avg:1893.72ms
step:1119/3250 train_time:2119.005s step_avg:1893.66ms
step:1120/3250 train_time:2120.831s step_avg:1893.60ms
step:1121/3250 train_time:2123.492s step_avg:1894.28ms
step:1122/3250 train_time:2125.319s step_avg:1894.22ms
step:1123/3250 train_time:2127.146s step_avg:1894.16ms
step:1124/3250 train_time:2128.973s step_avg:1894.10ms
step:1125/3250 train_time:2131.148s step_avg:1894.35ms
step:1125/3250 val_loss:3.61671 train_time:2131.148s step_avg:1891.55ms
step:1126/3250 train_time:2132.977s step_avg:1894.30ms
step:1127/3250 train_time:2134.805s step_avg:1894.24ms
step:1128/3250 train_time:2136.632s step_avg:1894.18ms
step:1129/3250 train_time:2138.460s step_avg:1894.12ms
step:1130/3250 train_time:2140.289s step_avg:1894.06ms
step:1131/3250 train_time:2142.117s step_avg:1894.00ms
step:1132/3250 train_time:2143.944s step_avg:1893.94ms
step:1133/3250 train_time:2145.773s step_avg:1893.89ms
step:1134/3250 train_time:2147.602s step_avg:1893.83ms
step:1135/3250 train_time:2149.429s step_avg:1893.77ms
step:1136/3250 train_time:2151.257s step_avg:1893.71ms
step:1137/3250 train_time:2153.918s step_avg:1894.39ms
step:1138/3250 train_time:2155.744s step_avg:1894.33ms
step:1139/3250 train_time:2157.570s step_avg:1894.27ms
step:1140/3250 train_time:2159.397s step_avg:1894.21ms
step:1141/3250 train_time:2161.260s step_avg:1894.18ms
step:1142/3250 train_time:2163.086s step_avg:1894.12ms
step:1143/3250 train_time:2164.913s step_avg:1894.06ms
step:1144/3250 train_time:2166.739s step_avg:1894.00ms
step:1145/3250 train_time:2168.566s step_avg:1893.94ms
step:1146/3250 train_time:2170.392s step_avg:1893.89ms
step:1147/3250 train_time:2172.219s step_avg:1893.83ms
step:1148/3250 train_time:2174.045s step_avg:1893.77ms
step:1149/3250 train_time:2175.872s step_avg:1893.71ms
step:1150/3250 train_time:2177.972s step_avg:1893.89ms
step:1151/3250 train_time:2179.797s step_avg:1893.83ms
step:1152/3250 train_time:2181.624s step_avg:1893.77ms
step:1153/3250 train_time:2184.284s step_avg:1894.44ms
step:1154/3250 train_time:2186.109s step_avg:1894.38ms
step:1155/3250 train_time:2187.936s step_avg:1894.32ms
step:1156/3250 train_time:2189.763s step_avg:1894.26ms
step:1157/3250 train_time:2191.590s step_avg:1894.20ms
step:1158/3250 train_time:2193.416s step_avg:1894.14ms
step:1159/3250 train_time:2195.243s step_avg:1894.08ms
step:1160/3250 train_time:2197.070s step_avg:1894.03ms
step:1161/3250 train_time:2198.895s step_avg:1893.97ms
step:1162/3250 train_time:2200.720s step_avg:1893.91ms
step:1163/3250 train_time:2202.547s step_avg:1893.85ms
step:1164/3250 train_time:2204.373s step_avg:1893.79ms
step:1165/3250 train_time:2206.200s step_avg:1893.73ms
step:1166/3250 train_time:2208.025s step_avg:1893.68ms
step:1167/3250 train_time:2209.851s step_avg:1893.62ms
step:1168/3250 train_time:2211.678s step_avg:1893.56ms
step:1169/3250 train_time:2214.338s step_avg:1894.22ms
step:1170/3250 train_time:2216.164s step_avg:1894.16ms
step:1171/3250 train_time:2217.991s step_avg:1894.10ms
step:1172/3250 train_time:2219.816s step_avg:1894.04ms
step:1173/3250 train_time:2221.643s step_avg:1893.98ms
step:1174/3250 train_time:2223.469s step_avg:1893.93ms
step:1175/3250 train_time:2225.574s step_avg:1894.11ms
step:1176/3250 train_time:2227.401s step_avg:1894.05ms
step:1177/3250 train_time:2229.227s step_avg:1893.99ms
step:1178/3250 train_time:2231.053s step_avg:1893.93ms
step:1179/3250 train_time:2232.879s step_avg:1893.88ms
step:1180/3250 train_time:2234.705s step_avg:1893.82ms
step:1181/3250 train_time:2236.532s step_avg:1893.76ms
step:1182/3250 train_time:2238.358s step_avg:1893.70ms
step:1183/3250 train_time:2240.184s step_avg:1893.65ms
step:1184/3250 train_time:2242.013s step_avg:1893.59ms
step:1185/3250 train_time:2244.674s step_avg:1894.24ms
step:1186/3250 train_time:2246.499s step_avg:1894.18ms
step:1187/3250 train_time:2248.324s step_avg:1894.12ms
step:1188/3250 train_time:2250.150s step_avg:1894.07ms
step:1189/3250 train_time:2251.977s step_avg:1894.01ms
step:1190/3250 train_time:2253.803s step_avg:1893.95ms
step:1191/3250 train_time:2255.630s step_avg:1893.90ms
step:1192/3250 train_time:2257.457s step_avg:1893.84ms
step:1193/3250 train_time:2259.285s step_avg:1893.78ms
step:1194/3250 train_time:2261.111s step_avg:1893.73ms
step:1195/3250 train_time:2262.938s step_avg:1893.67ms
step:1196/3250 train_time:2264.764s step_avg:1893.62ms
step:1197/3250 train_time:2266.591s step_avg:1893.56ms
step:1198/3250 train_time:2268.418s step_avg:1893.50ms
step:1199/3250 train_time:2270.245s step_avg:1893.45ms
step:1200/3250 train_time:2272.348s step_avg:1893.62ms
step:1201/3250 train_time:2275.008s step_avg:1894.26ms
step:1202/3250 train_time:2276.834s step_avg:1894.20ms
step:1203/3250 train_time:2278.661s step_avg:1894.15ms
step:1204/3250 train_time:2280.489s step_avg:1894.09ms
step:1205/3250 train_time:2282.316s step_avg:1894.04ms
step:1206/3250 train_time:2284.143s step_avg:1893.98ms
step:1207/3250 train_time:2285.971s step_avg:1893.93ms
step:1208/3250 train_time:2287.799s step_avg:1893.87ms
step:1209/3250 train_time:2289.625s step_avg:1893.82ms
step:1210/3250 train_time:2291.452s step_avg:1893.76ms
step:1211/3250 train_time:2293.282s step_avg:1893.71ms
step:1212/3250 train_time:2295.110s step_avg:1893.66ms
step:1213/3250 train_time:2296.938s step_avg:1893.60ms
step:1214/3250 train_time:2298.766s step_avg:1893.55ms
step:1215/3250 train_time:2300.594s step_avg:1893.49ms
step:1216/3250 train_time:2302.422s step_avg:1893.44ms
step:1217/3250 train_time:2305.083s step_avg:1894.07ms
step:1218/3250 train_time:2306.910s step_avg:1894.01ms
step:1219/3250 train_time:2308.737s step_avg:1893.96ms
step:1220/3250 train_time:2310.564s step_avg:1893.90ms
step:1221/3250 train_time:2312.392s step_avg:1893.85ms
step:1222/3250 train_time:2314.220s step_avg:1893.80ms
step:1223/3250 train_time:2316.048s step_avg:1893.74ms
step:1224/3250 train_time:2317.874s step_avg:1893.69ms
step:1225/3250 train_time:2319.976s step_avg:1893.86ms
step:1226/3250 train_time:2321.803s step_avg:1893.80ms
step:1227/3250 train_time:2323.631s step_avg:1893.75ms
step:1228/3250 train_time:2325.460s step_avg:1893.70ms
step:1229/3250 train_time:2327.288s step_avg:1893.64ms
step:1230/3250 train_time:2329.115s step_avg:1893.59ms
step:1231/3250 train_time:2330.944s step_avg:1893.54ms
step:1232/3250 train_time:2332.772s step_avg:1893.48ms
step:1233/3250 train_time:2335.436s step_avg:1894.11ms
step:1234/3250 train_time:2337.263s step_avg:1894.05ms
step:1235/3250 train_time:2339.090s step_avg:1894.00ms
step:1236/3250 train_time:2340.918s step_avg:1893.95ms
step:1237/3250 train_time:2342.744s step_avg:1893.89ms
step:1238/3250 train_time:2344.572s step_avg:1893.84ms
step:1239/3250 train_time:2346.398s step_avg:1893.78ms
step:1240/3250 train_time:2348.225s step_avg:1893.73ms
step:1241/3250 train_time:2350.051s step_avg:1893.68ms
step:1242/3250 train_time:2351.879s step_avg:1893.62ms
step:1243/3250 train_time:2353.706s step_avg:1893.57ms
step:1244/3250 train_time:2355.533s step_avg:1893.52ms
step:1245/3250 train_time:2357.360s step_avg:1893.46ms
step:1246/3250 train_time:2359.188s step_avg:1893.41ms
step:1247/3250 train_time:2361.014s step_avg:1893.36ms
step:1248/3250 train_time:2362.841s step_avg:1893.30ms
step:1249/3250 train_time:2365.501s step_avg:1893.92ms
step:1250/3250 train_time:2367.676s step_avg:1894.14ms
step:1250/3250 val_loss:3.58845 train_time:2367.677s step_avg:1892.23ms
step:1251/3250 train_time:2369.505s step_avg:1894.09ms
step:1252/3250 train_time:2371.332s step_avg:1894.04ms
step:1253/3250 train_time:2373.159s step_avg:1893.98ms
step:1254/3250 train_time:2374.986s step_avg:1893.93ms
step:1255/3250 train_time:2376.813s step_avg:1893.88ms
step:1256/3250 train_time:2378.640s step_avg:1893.82ms
step:1257/3250 train_time:2380.468s step_avg:1893.77ms
step:1258/3250 train_time:2382.296s step_avg:1893.72ms
step:1259/3250 train_time:2384.123s step_avg:1893.66ms
step:1260/3250 train_time:2385.951s step_avg:1893.61ms
step:1261/3250 train_time:2387.779s step_avg:1893.56ms
step:1262/3250 train_time:2389.607s step_avg:1893.51ms
step:1263/3250 train_time:2391.436s step_avg:1893.46ms
step:1264/3250 train_time:2393.264s step_avg:1893.40ms
step:1265/3250 train_time:2395.925s step_avg:1894.01ms
step:1266/3250 train_time:2397.750s step_avg:1893.96ms
step:1267/3250 train_time:2399.576s step_avg:1893.90ms
step:1268/3250 train_time:2401.402s step_avg:1893.85ms
step:1269/3250 train_time:2403.228s step_avg:1893.80ms
step:1270/3250 train_time:2405.054s step_avg:1893.74ms
step:1271/3250 train_time:2406.880s step_avg:1893.69ms
step:1272/3250 train_time:2408.706s step_avg:1893.64ms
step:1273/3250 train_time:2410.534s step_avg:1893.58ms
step:1274/3250 train_time:2412.360s step_avg:1893.53ms
step:1275/3250 train_time:2414.459s step_avg:1893.69ms
step:1276/3250 train_time:2416.285s step_avg:1893.64ms
step:1277/3250 train_time:2418.111s step_avg:1893.59ms
step:1278/3250 train_time:2419.939s step_avg:1893.54ms
step:1279/3250 train_time:2421.766s step_avg:1893.48ms
step:1280/3250 train_time:2423.593s step_avg:1893.43ms
step:1281/3250 train_time:2426.254s step_avg:1894.03ms
step:1282/3250 train_time:2428.080s step_avg:1893.98ms
step:1283/3250 train_time:2429.907s step_avg:1893.93ms
step:1284/3250 train_time:2431.736s step_avg:1893.88ms
step:1285/3250 train_time:2433.563s step_avg:1893.82ms
step:1286/3250 train_time:2435.389s step_avg:1893.77ms
step:1287/3250 train_time:2437.215s step_avg:1893.72ms
step:1288/3250 train_time:2439.043s step_avg:1893.67ms
step:1289/3250 train_time:2440.871s step_avg:1893.62ms
step:1290/3250 train_time:2442.698s step_avg:1893.56ms
step:1291/3250 train_time:2444.525s step_avg:1893.51ms
step:1292/3250 train_time:2446.352s step_avg:1893.46ms
step:1293/3250 train_time:2448.180s step_avg:1893.41ms
step:1294/3250 train_time:2450.007s step_avg:1893.36ms
step:1295/3250 train_time:2451.835s step_avg:1893.31ms
step:1296/3250 train_time:2453.664s step_avg:1893.26ms
step:1297/3250 train_time:2456.324s step_avg:1893.85ms
step:1298/3250 train_time:2458.149s step_avg:1893.80ms
step:1299/3250 train_time:2459.975s step_avg:1893.75ms
step:1300/3250 train_time:2462.075s step_avg:1893.90ms
step:1301/3250 train_time:2463.901s step_avg:1893.85ms
step:1302/3250 train_time:2465.726s step_avg:1893.80ms
step:1303/3250 train_time:2467.551s step_avg:1893.75ms
step:1304/3250 train_time:2469.377s step_avg:1893.69ms
step:1305/3250 train_time:2471.203s step_avg:1893.64ms
step:1306/3250 train_time:2473.029s step_avg:1893.59ms
step:1307/3250 train_time:2474.854s step_avg:1893.54ms
step:1308/3250 train_time:2476.679s step_avg:1893.49ms
step:1309/3250 train_time:2478.507s step_avg:1893.44ms
step:1310/3250 train_time:2480.334s step_avg:1893.38ms
step:1311/3250 train_time:2482.159s step_avg:1893.33ms
step:1312/3250 train_time:2483.984s step_avg:1893.28ms
step:1313/3250 train_time:2486.644s step_avg:1893.86ms
step:1314/3250 train_time:2488.470s step_avg:1893.81ms
step:1315/3250 train_time:2490.295s step_avg:1893.76ms
step:1316/3250 train_time:2492.123s step_avg:1893.71ms
step:1317/3250 train_time:2493.948s step_avg:1893.66ms
step:1318/3250 train_time:2495.774s step_avg:1893.61ms
step:1319/3250 train_time:2497.599s step_avg:1893.55ms
step:1320/3250 train_time:2499.424s step_avg:1893.50ms
step:1321/3250 train_time:2501.251s step_avg:1893.45ms
step:1322/3250 train_time:2503.076s step_avg:1893.40ms
step:1323/3250 train_time:2504.901s step_avg:1893.35ms
step:1324/3250 train_time:2506.727s step_avg:1893.30ms
step:1325/3250 train_time:2508.826s step_avg:1893.45ms
step:1326/3250 train_time:2510.654s step_avg:1893.40ms
step:1327/3250 train_time:2512.479s step_avg:1893.35ms
step:1328/3250 train_time:2514.305s step_avg:1893.30ms
step:1329/3250 train_time:2516.965s step_avg:1893.88ms
step:1330/3250 train_time:2518.790s step_avg:1893.83ms
step:1331/3250 train_time:2520.650s step_avg:1893.80ms
step:1332/3250 train_time:2522.476s step_avg:1893.75ms
step:1333/3250 train_time:2524.302s step_avg:1893.70ms
step:1334/3250 train_time:2526.127s step_avg:1893.65ms
step:1335/3250 train_time:2527.953s step_avg:1893.60ms
step:1336/3250 train_time:2529.779s step_avg:1893.55ms
step:1337/3250 train_time:2531.605s step_avg:1893.50ms
step:1338/3250 train_time:2533.430s step_avg:1893.45ms
step:1339/3250 train_time:2535.255s step_avg:1893.39ms
step:1340/3250 train_time:2537.081s step_avg:1893.34ms
step:1341/3250 train_time:2538.908s step_avg:1893.29ms
step:1342/3250 train_time:2540.734s step_avg:1893.24ms
step:1343/3250 train_time:2542.560s step_avg:1893.19ms
step:1344/3250 train_time:2544.387s step_avg:1893.14ms
step:1345/3250 train_time:2547.046s step_avg:1893.71ms
step:1346/3250 train_time:2548.871s step_avg:1893.66ms
step:1347/3250 train_time:2550.698s step_avg:1893.61ms
step:1348/3250 train_time:2552.523s step_avg:1893.56ms
step:1349/3250 train_time:2554.348s step_avg:1893.51ms
step:1350/3250 train_time:2556.446s step_avg:1893.66ms
step:1351/3250 train_time:2558.271s step_avg:1893.61ms
step:1352/3250 train_time:2560.096s step_avg:1893.56ms
step:1353/3250 train_time:2561.922s step_avg:1893.51ms
step:1354/3250 train_time:2563.747s step_avg:1893.46ms
step:1355/3250 train_time:2565.571s step_avg:1893.41ms
step:1356/3250 train_time:2567.396s step_avg:1893.36ms
step:1357/3250 train_time:2569.222s step_avg:1893.31ms
step:1358/3250 train_time:2571.049s step_avg:1893.26ms
step:1359/3250 train_time:2572.874s step_avg:1893.21ms
step:1360/3250 train_time:2574.699s step_avg:1893.16ms
step:1361/3250 train_time:2577.359s step_avg:1893.72ms
step:1362/3250 train_time:2579.184s step_avg:1893.67ms
step:1363/3250 train_time:2581.009s step_avg:1893.62ms
step:1364/3250 train_time:2582.836s step_avg:1893.57ms
step:1365/3250 train_time:2584.661s step_avg:1893.52ms
step:1366/3250 train_time:2586.487s step_avg:1893.48ms
step:1367/3250 train_time:2588.313s step_avg:1893.43ms
step:1368/3250 train_time:2590.139s step_avg:1893.38ms
step:1369/3250 train_time:2591.966s step_avg:1893.33ms
step:1370/3250 train_time:2593.791s step_avg:1893.28ms
step:1371/3250 train_time:2595.616s step_avg:1893.23ms
step:1372/3250 train_time:2597.442s step_avg:1893.18ms
step:1373/3250 train_time:2599.269s step_avg:1893.13ms
step:1374/3250 train_time:2601.094s step_avg:1893.08ms
step:1375/3250 train_time:2603.258s step_avg:1893.28ms
step:1375/3250 val_loss:3.55564 train_time:2603.259s step_avg:1884.66ms
step:1376/3250 train_time:2605.085s step_avg:1893.23ms
step:1377/3250 train_time:2607.745s step_avg:1893.79ms
step:1378/3250 train_time:2609.570s step_avg:1893.74ms
step:1379/3250 train_time:2611.394s step_avg:1893.69ms
step:1380/3250 train_time:2613.220s step_avg:1893.64ms
step:1381/3250 train_time:2615.046s step_avg:1893.59ms
step:1382/3250 train_time:2616.872s step_avg:1893.54ms
step:1383/3250 train_time:2618.698s step_avg:1893.49ms
step:1384/3250 train_time:2620.525s step_avg:1893.44ms
step:1385/3250 train_time:2622.352s step_avg:1893.39ms
step:1386/3250 train_time:2624.179s step_avg:1893.35ms
step:1387/3250 train_time:2626.004s step_avg:1893.30ms
step:1388/3250 train_time:2627.830s step_avg:1893.25ms
step:1389/3250 train_time:2629.657s step_avg:1893.20ms
step:1390/3250 train_time:2631.484s step_avg:1893.15ms
step:1391/3250 train_time:2633.311s step_avg:1893.11ms
step:1392/3250 train_time:2635.136s step_avg:1893.06ms
step:1393/3250 train_time:2637.796s step_avg:1893.61ms
step:1394/3250 train_time:2639.622s step_avg:1893.56ms
step:1395/3250 train_time:2641.447s step_avg:1893.51ms
step:1396/3250 train_time:2643.274s step_avg:1893.46ms
step:1397/3250 train_time:2645.101s step_avg:1893.42ms
step:1398/3250 train_time:2646.927s step_avg:1893.37ms
step:1399/3250 train_time:2648.752s step_avg:1893.32ms
step:1400/3250 train_time:2650.851s step_avg:1893.47ms
step:1401/3250 train_time:2652.676s step_avg:1893.42ms
step:1402/3250 train_time:2654.501s step_avg:1893.37ms
step:1403/3250 train_time:2656.328s step_avg:1893.32ms
step:1404/3250 train_time:2658.153s step_avg:1893.27ms
step:1405/3250 train_time:2659.978s step_avg:1893.22ms
step:1406/3250 train_time:2661.803s step_avg:1893.17ms
step:1407/3250 train_time:2663.629s step_avg:1893.13ms
step:1408/3250 train_time:2665.454s step_avg:1893.08ms
step:1409/3250 train_time:2668.113s step_avg:1893.62ms
step:1410/3250 train_time:2669.939s step_avg:1893.57ms
step:1411/3250 train_time:2671.764s step_avg:1893.52ms
step:1412/3250 train_time:2673.588s step_avg:1893.48ms
step:1413/3250 train_time:2675.413s step_avg:1893.43ms
step:1414/3250 train_time:2677.241s step_avg:1893.38ms
step:1415/3250 train_time:2679.066s step_avg:1893.33ms
step:1416/3250 train_time:2680.891s step_avg:1893.28ms
step:1417/3250 train_time:2682.716s step_avg:1893.24ms
step:1418/3250 train_time:2684.542s step_avg:1893.19ms
step:1419/3250 train_time:2686.368s step_avg:1893.14ms
step:1420/3250 train_time:2688.193s step_avg:1893.09ms
step:1421/3250 train_time:2690.019s step_avg:1893.05ms
step:1422/3250 train_time:2691.845s step_avg:1893.00ms
step:1423/3250 train_time:2693.670s step_avg:1892.95ms
step:1424/3250 train_time:2695.495s step_avg:1892.90ms
step:1425/3250 train_time:2698.459s step_avg:1893.66ms
step:1426/3250 train_time:2700.285s step_avg:1893.61ms
step:1427/3250 train_time:2702.110s step_avg:1893.56ms
step:1428/3250 train_time:2703.934s step_avg:1893.51ms
step:1429/3250 train_time:2705.760s step_avg:1893.46ms
step:1430/3250 train_time:2707.585s step_avg:1893.42ms
step:1431/3250 train_time:2709.411s step_avg:1893.37ms
step:1432/3250 train_time:2711.236s step_avg:1893.32ms
step:1433/3250 train_time:2713.060s step_avg:1893.27ms
step:1434/3250 train_time:2714.886s step_avg:1893.23ms
step:1435/3250 train_time:2716.710s step_avg:1893.18ms
step:1436/3250 train_time:2718.535s step_avg:1893.13ms
step:1437/3250 train_time:2720.361s step_avg:1893.08ms
step:1438/3250 train_time:2722.186s step_avg:1893.04ms
step:1439/3250 train_time:2724.011s step_avg:1892.99ms
step:1440/3250 train_time:2725.836s step_avg:1892.94ms
step:1441/3250 train_time:2728.495s step_avg:1893.47ms
step:1442/3250 train_time:2730.320s step_avg:1893.43ms
step:1443/3250 train_time:2732.144s step_avg:1893.38ms
step:1444/3250 train_time:2733.969s step_avg:1893.33ms
step:1445/3250 train_time:2735.795s step_avg:1893.28ms
step:1446/3250 train_time:2737.622s step_avg:1893.24ms
step:1447/3250 train_time:2739.447s step_avg:1893.19ms
step:1448/3250 train_time:2741.272s step_avg:1893.14ms
step:1449/3250 train_time:2743.097s step_avg:1893.10ms
step:1450/3250 train_time:2745.195s step_avg:1893.24ms
step:1451/3250 train_time:2747.020s step_avg:1893.19ms
step:1452/3250 train_time:2748.845s step_avg:1893.14ms
step:1453/3250 train_time:2750.670s step_avg:1893.10ms
step:1454/3250 train_time:2752.494s step_avg:1893.05ms
step:1455/3250 train_time:2754.320s step_avg:1893.00ms
step:1456/3250 train_time:2756.145s step_avg:1892.96ms
step:1457/3250 train_time:2758.804s step_avg:1893.48ms
step:1458/3250 train_time:2760.629s step_avg:1893.44ms
step:1459/3250 train_time:2762.455s step_avg:1893.39ms
step:1460/3250 train_time:2764.280s step_avg:1893.34ms
step:1461/3250 train_time:2766.105s step_avg:1893.30ms
step:1462/3250 train_time:2767.931s step_avg:1893.25ms
step:1463/3250 train_time:2769.755s step_avg:1893.20ms
step:1464/3250 train_time:2771.581s step_avg:1893.16ms
step:1465/3250 train_time:2773.406s step_avg:1893.11ms
step:1466/3250 train_time:2775.230s step_avg:1893.06ms
step:1467/3250 train_time:2777.056s step_avg:1893.02ms
step:1468/3250 train_time:2778.883s step_avg:1892.97ms
step:1469/3250 train_time:2780.708s step_avg:1892.93ms
step:1470/3250 train_time:2782.533s step_avg:1892.88ms
step:1471/3250 train_time:2784.358s step_avg:1892.83ms
step:1472/3250 train_time:2786.183s step_avg:1892.79ms
step:1473/3250 train_time:2788.842s step_avg:1893.31ms
step:1474/3250 train_time:2790.667s step_avg:1893.26ms
step:1475/3250 train_time:2792.766s step_avg:1893.40ms
step:1476/3250 train_time:2794.590s step_avg:1893.35ms
step:1477/3250 train_time:2796.415s step_avg:1893.31ms
step:1478/3250 train_time:2798.241s step_avg:1893.26ms
step:1479/3250 train_time:2800.066s step_avg:1893.22ms
step:1480/3250 train_time:2801.891s step_avg:1893.17ms
step:1481/3250 train_time:2803.716s step_avg:1893.12ms
step:1482/3250 train_time:2805.542s step_avg:1893.08ms
step:1483/3250 train_time:2807.367s step_avg:1893.03ms
step:1484/3250 train_time:2809.194s step_avg:1892.99ms
step:1485/3250 train_time:2811.020s step_avg:1892.94ms
step:1486/3250 train_time:2812.845s step_avg:1892.90ms
step:1487/3250 train_time:2814.671s step_avg:1892.85ms
step:1488/3250 train_time:2816.496s step_avg:1892.81ms
step:1489/3250 train_time:2819.156s step_avg:1893.32ms
step:1490/3250 train_time:2820.981s step_avg:1893.28ms
step:1491/3250 train_time:2822.806s step_avg:1893.23ms
step:1492/3250 train_time:2824.632s step_avg:1893.19ms
step:1493/3250 train_time:2826.457s step_avg:1893.14ms
step:1494/3250 train_time:2828.282s step_avg:1893.09ms
step:1495/3250 train_time:2830.107s step_avg:1893.05ms
step:1496/3250 train_time:2831.932s step_avg:1893.00ms
step:1497/3250 train_time:2833.757s step_avg:1892.96ms
step:1498/3250 train_time:2835.582s step_avg:1892.91ms
step:1499/3250 train_time:2837.408s step_avg:1892.87ms
step:1500/3250 train_time:2839.573s step_avg:1893.05ms
step:1500/3250 val_loss:3.52448 train_time:2839.574s step_avg:1890.52ms
step:1501/3250 train_time:2841.400s step_avg:1893.00ms
step:1502/3250 train_time:2843.226s step_avg:1892.96ms
step:1503/3250 train_time:2845.051s step_avg:1892.92ms
step:1504/3250 train_time:2846.877s step_avg:1892.87ms
step:1505/3250 train_time:2849.537s step_avg:1893.38ms
step:1506/3250 train_time:2851.362s step_avg:1893.33ms
step:1507/3250 train_time:2853.187s step_avg:1893.29ms
step:1508/3250 train_time:2855.012s step_avg:1893.24ms
step:1509/3250 train_time:2856.838s step_avg:1893.20ms
step:1510/3250 train_time:2858.663s step_avg:1893.15ms
step:1511/3250 train_time:2860.489s step_avg:1893.11ms
step:1512/3250 train_time:2862.314s step_avg:1893.06ms
step:1513/3250 train_time:2864.140s step_avg:1893.02ms
step:1514/3250 train_time:2865.964s step_avg:1892.98ms
step:1515/3250 train_time:2867.791s step_avg:1892.93ms
step:1516/3250 train_time:2869.616s step_avg:1892.89ms
step:1517/3250 train_time:2871.442s step_avg:1892.84ms
step:1518/3250 train_time:2873.268s step_avg:1892.80ms
step:1519/3250 train_time:2875.094s step_avg:1892.75ms
step:1520/3250 train_time:2876.920s step_avg:1892.71ms
step:1521/3250 train_time:2879.614s step_avg:1893.24ms
step:1522/3250 train_time:2881.439s step_avg:1893.19ms
step:1523/3250 train_time:2883.265s step_avg:1893.15ms
step:1524/3250 train_time:2885.090s step_avg:1893.10ms
step:1525/3250 train_time:2887.191s step_avg:1893.24ms
step:1526/3250 train_time:2889.016s step_avg:1893.20ms
step:1527/3250 train_time:2890.841s step_avg:1893.15ms
step:1528/3250 train_time:2892.666s step_avg:1893.11ms
step:1529/3250 train_time:2894.491s step_avg:1893.06ms
step:1530/3250 train_time:2896.316s step_avg:1893.02ms
step:1531/3250 train_time:2898.142s step_avg:1892.97ms
step:1532/3250 train_time:2899.967s step_avg:1892.93ms
step:1533/3250 train_time:2901.792s step_avg:1892.88ms
step:1534/3250 train_time:2903.619s step_avg:1892.84ms
step:1535/3250 train_time:2905.444s step_avg:1892.80ms
step:1536/3250 train_time:2907.270s step_avg:1892.75ms
step:1537/3250 train_time:2909.929s step_avg:1893.25ms
step:1538/3250 train_time:2911.754s step_avg:1893.21ms
step:1539/3250 train_time:2913.578s step_avg:1893.16ms
step:1540/3250 train_time:2915.403s step_avg:1893.12ms
step:1541/3250 train_time:2917.228s step_avg:1893.07ms
step:1542/3250 train_time:2919.053s step_avg:1893.03ms
step:1543/3250 train_time:2920.877s step_avg:1892.99ms
step:1544/3250 train_time:2922.702s step_avg:1892.94ms
step:1545/3250 train_time:2924.527s step_avg:1892.90ms
step:1546/3250 train_time:2926.352s step_avg:1892.85ms
step:1547/3250 train_time:2928.178s step_avg:1892.81ms
step:1548/3250 train_time:2930.003s step_avg:1892.77ms
step:1549/3250 train_time:2931.828s step_avg:1892.72ms
step:1550/3250 train_time:2933.926s step_avg:1892.86ms
step:1551/3250 train_time:2935.752s step_avg:1892.81ms
step:1552/3250 train_time:2937.578s step_avg:1892.77ms
step:1553/3250 train_time:2940.238s step_avg:1893.26ms
step:1554/3250 train_time:2942.063s step_avg:1893.22ms
step:1555/3250 train_time:2943.888s step_avg:1893.18ms
step:1556/3250 train_time:2945.713s step_avg:1893.13ms
step:1557/3250 train_time:2947.540s step_avg:1893.09ms
step:1558/3250 train_time:2949.366s step_avg:1893.05ms
step:1559/3250 train_time:2951.191s step_avg:1893.00ms
step:1560/3250 train_time:2953.016s step_avg:1892.96ms
step:1561/3250 train_time:2954.841s step_avg:1892.92ms
step:1562/3250 train_time:2956.667s step_avg:1892.87ms
step:1563/3250 train_time:2958.493s step_avg:1892.83ms
step:1564/3250 train_time:2960.318s step_avg:1892.79ms
step:1565/3250 train_time:2962.143s step_avg:1892.74ms
step:1566/3250 train_time:2963.968s step_avg:1892.70ms
step:1567/3250 train_time:2965.795s step_avg:1892.66ms
step:1568/3250 train_time:2967.620s step_avg:1892.61ms
step:1569/3250 train_time:2970.279s step_avg:1893.10ms
step:1570/3250 train_time:2972.105s step_avg:1893.06ms
step:1571/3250 train_time:2973.930s step_avg:1893.02ms
step:1572/3250 train_time:2975.755s step_avg:1892.97ms
step:1573/3250 train_time:2977.582s step_avg:1892.93ms
step:1574/3250 train_time:2979.408s step_avg:1892.89ms
step:1575/3250 train_time:2981.507s step_avg:1893.02ms
step:1576/3250 train_time:2983.332s step_avg:1892.98ms
step:1577/3250 train_time:2985.156s step_avg:1892.93ms
step:1578/3250 train_time:2986.983s step_avg:1892.89ms
step:1579/3250 train_time:2988.808s step_avg:1892.85ms
step:1580/3250 train_time:2990.634s step_avg:1892.81ms
step:1581/3250 train_time:2992.458s step_avg:1892.76ms
step:1582/3250 train_time:2994.283s step_avg:1892.72ms
step:1583/3250 train_time:2996.109s step_avg:1892.68ms
step:1584/3250 train_time:2997.935s step_avg:1892.64ms
step:1585/3250 train_time:3000.595s step_avg:1893.12ms
step:1586/3250 train_time:3002.421s step_avg:1893.08ms
step:1587/3250 train_time:3004.247s step_avg:1893.04ms
step:1588/3250 train_time:3006.072s step_avg:1892.99ms
step:1589/3250 train_time:3007.897s step_avg:1892.95ms
step:1590/3250 train_time:3009.723s step_avg:1892.91ms
step:1591/3250 train_time:3011.549s step_avg:1892.87ms
step:1592/3250 train_time:3013.374s step_avg:1892.82ms
step:1593/3250 train_time:3015.199s step_avg:1892.78ms
step:1594/3250 train_time:3017.024s step_avg:1892.74ms
step:1595/3250 train_time:3018.850s step_avg:1892.70ms
step:1596/3250 train_time:3020.675s step_avg:1892.65ms
step:1597/3250 train_time:3022.499s step_avg:1892.61ms
step:1598/3250 train_time:3024.324s step_avg:1892.57ms
step:1599/3250 train_time:3026.151s step_avg:1892.53ms
step:1600/3250 train_time:3028.250s step_avg:1892.66ms
step:1601/3250 train_time:3030.910s step_avg:1893.14ms
step:1602/3250 train_time:3032.734s step_avg:1893.09ms
step:1603/3250 train_time:3034.559s step_avg:1893.05ms
step:1604/3250 train_time:3036.384s step_avg:1893.01ms
step:1605/3250 train_time:3038.209s step_avg:1892.96ms
step:1606/3250 train_time:3040.033s step_avg:1892.92ms
step:1607/3250 train_time:3041.858s step_avg:1892.88ms
step:1608/3250 train_time:3043.683s step_avg:1892.84ms
step:1609/3250 train_time:3045.507s step_avg:1892.79ms
step:1610/3250 train_time:3047.332s step_avg:1892.75ms
step:1611/3250 train_time:3049.157s step_avg:1892.71ms
step:1612/3250 train_time:3050.982s step_avg:1892.67ms
step:1613/3250 train_time:3052.807s step_avg:1892.63ms
step:1614/3250 train_time:3054.632s step_avg:1892.59ms
step:1615/3250 train_time:3056.457s step_avg:1892.54ms
step:1616/3250 train_time:3058.283s step_avg:1892.50ms
step:1617/3250 train_time:3060.942s step_avg:1892.98ms
step:1618/3250 train_time:3062.766s step_avg:1892.93ms
step:1619/3250 train_time:3064.592s step_avg:1892.89ms
step:1620/3250 train_time:3066.416s step_avg:1892.85ms
step:1621/3250 train_time:3068.241s step_avg:1892.81ms
step:1622/3250 train_time:3070.066s step_avg:1892.77ms
step:1623/3250 train_time:3071.890s step_avg:1892.72ms
step:1624/3250 train_time:3073.716s step_avg:1892.68ms
step:1625/3250 train_time:3075.883s step_avg:1892.85ms
step:1625/3250 val_loss:3.50312 train_time:3075.884s step_avg:1890.48ms
step:1626/3250 train_time:3077.711s step_avg:1892.81ms
step:1627/3250 train_time:3079.536s step_avg:1892.77ms
step:1628/3250 train_time:3081.362s step_avg:1892.73ms
step:1629/3250 train_time:3083.188s step_avg:1892.69ms
step:1630/3250 train_time:3085.014s step_avg:1892.65ms
step:1631/3250 train_time:3086.839s step_avg:1892.61ms
step:1632/3250 train_time:3088.664s step_avg:1892.56ms
step:1633/3250 train_time:3091.323s step_avg:1893.03ms
step:1634/3250 train_time:3093.147s step_avg:1892.99ms
step:1635/3250 train_time:3094.972s step_avg:1892.95ms
step:1636/3250 train_time:3096.798s step_avg:1892.91ms
step:1637/3250 train_time:3098.624s step_avg:1892.87ms
step:1638/3250 train_time:3100.449s step_avg:1892.83ms
step:1639/3250 train_time:3102.274s step_avg:1892.78ms
step:1640/3250 train_time:3104.100s step_avg:1892.74ms
step:1641/3250 train_time:3105.927s step_avg:1892.70ms
step:1642/3250 train_time:3107.752s step_avg:1892.66ms
step:1643/3250 train_time:3109.577s step_avg:1892.62ms
step:1644/3250 train_time:3111.402s step_avg:1892.58ms
step:1645/3250 train_time:3113.227s step_avg:1892.54ms
step:1646/3250 train_time:3115.055s step_avg:1892.50ms
step:1647/3250 train_time:3116.880s step_avg:1892.46ms
step:1648/3250 train_time:3118.706s step_avg:1892.42ms
step:1649/3250 train_time:3121.365s step_avg:1892.88ms
step:1650/3250 train_time:3123.464s step_avg:1893.01ms
step:1651/3250 train_time:3125.288s step_avg:1892.97ms
step:1652/3250 train_time:3127.113s step_avg:1892.93ms
step:1653/3250 train_time:3128.937s step_avg:1892.88ms
step:1654/3250 train_time:3130.763s step_avg:1892.84ms
step:1655/3250 train_time:3132.587s step_avg:1892.80ms
step:1656/3250 train_time:3134.413s step_avg:1892.76ms
step:1657/3250 train_time:3136.238s step_avg:1892.72ms
step:1658/3250 train_time:3138.065s step_avg:1892.68ms
step:1659/3250 train_time:3139.891s step_avg:1892.64ms
step:1660/3250 train_time:3141.717s step_avg:1892.60ms
step:1661/3250 train_time:3143.542s step_avg:1892.56ms
step:1662/3250 train_time:3145.370s step_avg:1892.52ms
step:1663/3250 train_time:3147.196s step_avg:1892.48ms
step:1664/3250 train_time:3149.021s step_avg:1892.44ms
step:1665/3250 train_time:3151.680s step_avg:1892.90ms
step:1666/3250 train_time:3153.505s step_avg:1892.86ms
step:1667/3250 train_time:3155.332s step_avg:1892.82ms
step:1668/3250 train_time:3157.157s step_avg:1892.78ms
step:1669/3250 train_time:3158.982s step_avg:1892.74ms
step:1670/3250 train_time:3160.807s step_avg:1892.70ms
step:1671/3250 train_time:3162.632s step_avg:1892.66ms
step:1672/3250 train_time:3164.458s step_avg:1892.62ms
step:1673/3250 train_time:3166.283s step_avg:1892.58ms
step:1674/3250 train_time:3168.110s step_avg:1892.54ms
step:1675/3250 train_time:3170.209s step_avg:1892.66ms
step:1676/3250 train_time:3172.035s step_avg:1892.62ms
step:1677/3250 train_time:3173.860s step_avg:1892.58ms
step:1678/3250 train_time:3175.686s step_avg:1892.54ms
step:1679/3250 train_time:3177.511s step_avg:1892.50ms
step:1680/3250 train_time:3179.336s step_avg:1892.46ms
step:1681/3250 train_time:3181.994s step_avg:1892.92ms
step:1682/3250 train_time:3183.820s step_avg:1892.88ms
step:1683/3250 train_time:3185.646s step_avg:1892.84ms
step:1684/3250 train_time:3187.471s step_avg:1892.80ms
step:1685/3250 train_time:3189.296s step_avg:1892.76ms
step:1686/3250 train_time:3191.122s step_avg:1892.72ms
step:1687/3250 train_time:3192.948s step_avg:1892.68ms
step:1688/3250 train_time:3194.773s step_avg:1892.64ms
step:1689/3250 train_time:3196.599s step_avg:1892.60ms
step:1690/3250 train_time:3198.426s step_avg:1892.56ms
step:1691/3250 train_time:3200.251s step_avg:1892.52ms
step:1692/3250 train_time:3202.077s step_avg:1892.48ms
step:1693/3250 train_time:3203.902s step_avg:1892.44ms
step:1694/3250 train_time:3205.729s step_avg:1892.40ms
step:1695/3250 train_time:3207.556s step_avg:1892.36ms
step:1696/3250 train_time:3209.382s step_avg:1892.32ms
step:1697/3250 train_time:3212.041s step_avg:1892.78ms
step:1698/3250 train_time:3213.866s step_avg:1892.74ms
step:1699/3250 train_time:3215.692s step_avg:1892.70ms
step:1700/3250 train_time:3217.792s step_avg:1892.82ms
step:1701/3250 train_time:3219.617s step_avg:1892.78ms
step:1702/3250 train_time:3221.442s step_avg:1892.74ms
step:1703/3250 train_time:3223.267s step_avg:1892.70ms
step:1704/3250 train_time:3225.093s step_avg:1892.66ms
step:1705/3250 train_time:3226.919s step_avg:1892.62ms
step:1706/3250 train_time:3228.744s step_avg:1892.58ms
step:1707/3250 train_time:3230.569s step_avg:1892.54ms
step:1708/3250 train_time:3232.395s step_avg:1892.50ms
step:1709/3250 train_time:3234.220s step_avg:1892.46ms
step:1710/3250 train_time:3236.046s step_avg:1892.42ms
step:1711/3250 train_time:3237.902s step_avg:1892.40ms
step:1712/3250 train_time:3239.728s step_avg:1892.36ms
step:1713/3250 train_time:3242.387s step_avg:1892.81ms
step:1714/3250 train_time:3244.213s step_avg:1892.77ms
step:1715/3250 train_time:3246.039s step_avg:1892.73ms
step:1716/3250 train_time:3247.865s step_avg:1892.69ms
step:1717/3250 train_time:3249.691s step_avg:1892.66ms
step:1718/3250 train_time:3251.517s step_avg:1892.62ms
step:1719/3250 train_time:3253.343s step_avg:1892.58ms
step:1720/3250 train_time:3255.170s step_avg:1892.54ms
step:1721/3250 train_time:3256.995s step_avg:1892.50ms
step:1722/3250 train_time:3258.821s step_avg:1892.46ms
step:1723/3250 train_time:3260.647s step_avg:1892.42ms
step:1724/3250 train_time:3262.472s step_avg:1892.39ms
step:1725/3250 train_time:3264.571s step_avg:1892.50ms
step:1726/3250 train_time:3266.397s step_avg:1892.47ms
step:1727/3250 train_time:3268.223s step_avg:1892.43ms
step:1728/3250 train_time:3270.050s step_avg:1892.39ms
step:1729/3250 train_time:3272.710s step_avg:1892.83ms
step:1730/3250 train_time:3274.536s step_avg:1892.80ms
step:1731/3250 train_time:3276.363s step_avg:1892.76ms
step:1732/3250 train_time:3278.189s step_avg:1892.72ms
step:1733/3250 train_time:3280.015s step_avg:1892.68ms
step:1734/3250 train_time:3281.842s step_avg:1892.64ms
step:1735/3250 train_time:3283.668s step_avg:1892.60ms
step:1736/3250 train_time:3285.494s step_avg:1892.57ms
step:1737/3250 train_time:3287.321s step_avg:1892.53ms
step:1738/3250 train_time:3289.147s step_avg:1892.49ms
step:1739/3250 train_time:3290.972s step_avg:1892.45ms
step:1740/3250 train_time:3292.799s step_avg:1892.41ms
step:1741/3250 train_time:3294.625s step_avg:1892.37ms
step:1742/3250 train_time:3296.452s step_avg:1892.34ms
step:1743/3250 train_time:3298.278s step_avg:1892.30ms
step:1744/3250 train_time:3300.105s step_avg:1892.26ms
step:1745/3250 train_time:3302.764s step_avg:1892.70ms
step:1746/3250 train_time:3304.591s step_avg:1892.66ms
step:1747/3250 train_time:3306.418s step_avg:1892.63ms
step:1748/3250 train_time:3308.244s step_avg:1892.59ms
step:1749/3250 train_time:3310.070s step_avg:1892.55ms
step:1750/3250 train_time:3312.239s step_avg:1892.71ms
step:1750/3250 val_loss:3.47833 train_time:3312.239s step_avg:1890.84ms
step:1751/3250 train_time:3314.067s step_avg:1892.67ms
step:1752/3250 train_time:3315.894s step_avg:1892.63ms
step:1753/3250 train_time:3317.719s step_avg:1892.60ms
step:1754/3250 train_time:3319.545s step_avg:1892.56ms
step:1755/3250 train_time:3321.372s step_avg:1892.52ms
step:1756/3250 train_time:3323.200s step_avg:1892.48ms
step:1757/3250 train_time:3325.028s step_avg:1892.45ms
step:1758/3250 train_time:3326.854s step_avg:1892.41ms
step:1759/3250 train_time:3328.681s step_avg:1892.37ms
step:1760/3250 train_time:3330.508s step_avg:1892.33ms
step:1761/3250 train_time:3333.167s step_avg:1892.77ms
step:1762/3250 train_time:3334.995s step_avg:1892.73ms
step:1763/3250 train_time:3336.821s step_avg:1892.69ms
step:1764/3250 train_time:3338.647s step_avg:1892.66ms
step:1765/3250 train_time:3340.472s step_avg:1892.62ms
step:1766/3250 train_time:3342.299s step_avg:1892.58ms
step:1767/3250 train_time:3344.126s step_avg:1892.54ms
step:1768/3250 train_time:3345.952s step_avg:1892.51ms
step:1769/3250 train_time:3347.779s step_avg:1892.47ms
step:1770/3250 train_time:3349.605s step_avg:1892.43ms
step:1771/3250 train_time:3351.431s step_avg:1892.39ms
step:1772/3250 train_time:3353.259s step_avg:1892.36ms
step:1773/3250 train_time:3355.086s step_avg:1892.32ms
step:1774/3250 train_time:3356.913s step_avg:1892.28ms
step:1775/3250 train_time:3359.015s step_avg:1892.40ms
step:1776/3250 train_time:3360.842s step_avg:1892.37ms
step:1777/3250 train_time:3363.502s step_avg:1892.80ms
step:1778/3250 train_time:3365.328s step_avg:1892.76ms
step:1779/3250 train_time:3367.155s step_avg:1892.72ms
step:1780/3250 train_time:3368.981s step_avg:1892.69ms
step:1781/3250 train_time:3370.808s step_avg:1892.65ms
step:1782/3250 train_time:3372.635s step_avg:1892.61ms
step:1783/3250 train_time:3374.462s step_avg:1892.58ms
step:1784/3250 train_time:3376.287s step_avg:1892.54ms
step:1785/3250 train_time:3378.112s step_avg:1892.50ms
step:1786/3250 train_time:3379.936s step_avg:1892.46ms
step:1787/3250 train_time:3381.762s step_avg:1892.42ms
step:1788/3250 train_time:3383.589s step_avg:1892.39ms
step:1789/3250 train_time:3385.414s step_avg:1892.35ms
step:1790/3250 train_time:3387.240s step_avg:1892.31ms
step:1791/3250 train_time:3389.065s step_avg:1892.28ms
step:1792/3250 train_time:3390.891s step_avg:1892.24ms
step:1793/3250 train_time:3393.551s step_avg:1892.67ms
step:1794/3250 train_time:3395.376s step_avg:1892.63ms
step:1795/3250 train_time:3397.202s step_avg:1892.59ms
step:1796/3250 train_time:3399.027s step_avg:1892.55ms
step:1797/3250 train_time:3400.852s step_avg:1892.52ms
step:1798/3250 train_time:3402.677s step_avg:1892.48ms
step:1799/3250 train_time:3404.503s step_avg:1892.44ms
step:1800/3250 train_time:3406.603s step_avg:1892.56ms
step:1801/3250 train_time:3408.427s step_avg:1892.52ms
step:1802/3250 train_time:3410.251s step_avg:1892.48ms
step:1803/3250 train_time:3412.077s step_avg:1892.44ms
step:1804/3250 train_time:3413.904s step_avg:1892.41ms
step:1805/3250 train_time:3415.730s step_avg:1892.37ms
step:1806/3250 train_time:3417.555s step_avg:1892.33ms
step:1807/3250 train_time:3419.380s step_avg:1892.30ms
step:1808/3250 train_time:3421.206s step_avg:1892.26ms
step:1809/3250 train_time:3423.866s step_avg:1892.68ms
step:1810/3250 train_time:3425.690s step_avg:1892.65ms
step:1811/3250 train_time:3427.516s step_avg:1892.61ms
step:1812/3250 train_time:3429.342s step_avg:1892.57ms
step:1813/3250 train_time:3431.167s step_avg:1892.54ms
step:1814/3250 train_time:3432.992s step_avg:1892.50ms
step:1815/3250 train_time:3434.819s step_avg:1892.46ms
step:1816/3250 train_time:3436.645s step_avg:1892.43ms
step:1817/3250 train_time:3438.472s step_avg:1892.39ms
step:1818/3250 train_time:3440.297s step_avg:1892.35ms
step:1819/3250 train_time:3442.122s step_avg:1892.32ms
step:1820/3250 train_time:3443.949s step_avg:1892.28ms
step:1821/3250 train_time:3445.775s step_avg:1892.24ms
step:1822/3250 train_time:3447.601s step_avg:1892.21ms
step:1823/3250 train_time:3449.427s step_avg:1892.17ms
step:1824/3250 train_time:3451.253s step_avg:1892.13ms
step:1825/3250 train_time:3454.186s step_avg:1892.70ms
step:1826/3250 train_time:3456.011s step_avg:1892.67ms
step:1827/3250 train_time:3457.837s step_avg:1892.63ms
step:1828/3250 train_time:3459.663s step_avg:1892.59ms
step:1829/3250 train_time:3461.489s step_avg:1892.56ms
step:1830/3250 train_time:3463.315s step_avg:1892.52ms
step:1831/3250 train_time:3465.141s step_avg:1892.49ms
step:1832/3250 train_time:3466.967s step_avg:1892.45ms
step:1833/3250 train_time:3468.794s step_avg:1892.41ms
step:1834/3250 train_time:3470.620s step_avg:1892.38ms
step:1835/3250 train_time:3472.446s step_avg:1892.34ms
step:1836/3250 train_time:3474.272s step_avg:1892.30ms
step:1837/3250 train_time:3476.098s step_avg:1892.27ms
step:1838/3250 train_time:3477.924s step_avg:1892.23ms
step:1839/3250 train_time:3479.751s step_avg:1892.20ms
step:1840/3250 train_time:3481.578s step_avg:1892.16ms
step:1841/3250 train_time:3484.237s step_avg:1892.58ms
step:1842/3250 train_time:3486.062s step_avg:1892.54ms
step:1843/3250 train_time:3487.888s step_avg:1892.51ms
step:1844/3250 train_time:3489.714s step_avg:1892.47ms
step:1845/3250 train_time:3491.540s step_avg:1892.43ms
step:1846/3250 train_time:3493.366s step_avg:1892.40ms
step:1847/3250 train_time:3495.191s step_avg:1892.36ms
step:1848/3250 train_time:3497.017s step_avg:1892.33ms
step:1849/3250 train_time:3498.843s step_avg:1892.29ms
step:1850/3250 train_time:3500.944s step_avg:1892.40ms
step:1851/3250 train_time:3502.770s step_avg:1892.37ms
step:1852/3250 train_time:3504.595s step_avg:1892.33ms
step:1853/3250 train_time:3506.421s step_avg:1892.29ms
step:1854/3250 train_time:3508.246s step_avg:1892.26ms
step:1855/3250 train_time:3510.071s step_avg:1892.22ms
step:1856/3250 train_time:3511.896s step_avg:1892.19ms
step:1857/3250 train_time:3514.556s step_avg:1892.60ms
step:1858/3250 train_time:3516.381s step_avg:1892.56ms
step:1859/3250 train_time:3518.206s step_avg:1892.53ms
step:1860/3250 train_time:3520.032s step_avg:1892.49ms
step:1861/3250 train_time:3521.857s step_avg:1892.45ms
step:1862/3250 train_time:3523.682s step_avg:1892.42ms
step:1863/3250 train_time:3525.507s step_avg:1892.38ms
step:1864/3250 train_time:3527.332s step_avg:1892.35ms
step:1865/3250 train_time:3529.158s step_avg:1892.31ms
step:1866/3250 train_time:3530.984s step_avg:1892.27ms
step:1867/3250 train_time:3532.809s step_avg:1892.24ms
step:1868/3250 train_time:3534.636s step_avg:1892.20ms
step:1869/3250 train_time:3536.463s step_avg:1892.17ms
step:1870/3250 train_time:3538.289s step_avg:1892.13ms
step:1871/3250 train_time:3540.115s step_avg:1892.10ms
step:1872/3250 train_time:3541.942s step_avg:1892.06ms
step:1873/3250 train_time:3544.602s step_avg:1892.47ms
step:1874/3250 train_time:3546.427s step_avg:1892.44ms
step:1875/3250 train_time:3548.590s step_avg:1892.58ms
step:1875/3250 val_loss:3.45541 train_time:3548.591s step_avg:1890.81ms
step:1876/3250 train_time:3550.416s step_avg:1892.55ms
step:1877/3250 train_time:3552.242s step_avg:1892.51ms
step:1878/3250 train_time:3554.068s step_avg:1892.47ms
step:1879/3250 train_time:3555.894s step_avg:1892.44ms
step:1880/3250 train_time:3557.720s step_avg:1892.40ms
step:1881/3250 train_time:3559.546s step_avg:1892.37ms
step:1882/3250 train_time:3561.372s step_avg:1892.33ms
step:1883/3250 train_time:3563.198s step_avg:1892.30ms
step:1884/3250 train_time:3565.025s step_avg:1892.26ms
step:1885/3250 train_time:3566.850s step_avg:1892.23ms
step:1886/3250 train_time:3568.676s step_avg:1892.19ms
step:1887/3250 train_time:3570.501s step_avg:1892.16ms
step:1888/3250 train_time:3572.327s step_avg:1892.12ms
step:1889/3250 train_time:3574.986s step_avg:1892.53ms
step:1890/3250 train_time:3576.813s step_avg:1892.49ms
step:1891/3250 train_time:3578.638s step_avg:1892.46ms
step:1892/3250 train_time:3580.464s step_avg:1892.42ms
step:1893/3250 train_time:3582.290s step_avg:1892.39ms
step:1894/3250 train_time:3584.116s step_avg:1892.35ms
step:1895/3250 train_time:3585.941s step_avg:1892.32ms
step:1896/3250 train_time:3587.766s step_avg:1892.28ms
step:1897/3250 train_time:3589.592s step_avg:1892.25ms
step:1898/3250 train_time:3591.420s step_avg:1892.21ms
step:1899/3250 train_time:3593.247s step_avg:1892.18ms
step:1900/3250 train_time:3595.347s step_avg:1892.29ms
step:1901/3250 train_time:3597.204s step_avg:1892.27ms
step:1902/3250 train_time:3599.030s step_avg:1892.23ms
step:1903/3250 train_time:3600.856s step_avg:1892.20ms
step:1904/3250 train_time:3602.682s step_avg:1892.16ms
step:1905/3250 train_time:3605.342s step_avg:1892.57ms
step:1906/3250 train_time:3607.166s step_avg:1892.53ms
step:1907/3250 train_time:3608.991s step_avg:1892.50ms
step:1908/3250 train_time:3610.816s step_avg:1892.46ms
step:1909/3250 train_time:3612.643s step_avg:1892.43ms
step:1910/3250 train_time:3614.468s step_avg:1892.39ms
step:1911/3250 train_time:3616.293s step_avg:1892.36ms
step:1912/3250 train_time:3618.118s step_avg:1892.32ms
step:1913/3250 train_time:3619.945s step_avg:1892.29ms
step:1914/3250 train_time:3621.771s step_avg:1892.25ms
step:1915/3250 train_time:3623.597s step_avg:1892.22ms
step:1916/3250 train_time:3625.425s step_avg:1892.18ms
step:1917/3250 train_time:3627.253s step_avg:1892.15ms
step:1918/3250 train_time:3629.080s step_avg:1892.12ms
step:1919/3250 train_time:3630.908s step_avg:1892.08ms
step:1920/3250 train_time:3632.735s step_avg:1892.05ms
step:1921/3250 train_time:3635.394s step_avg:1892.45ms
step:1922/3250 train_time:3637.220s step_avg:1892.41ms
step:1923/3250 train_time:3639.047s step_avg:1892.38ms
step:1924/3250 train_time:3640.874s step_avg:1892.35ms
step:1925/3250 train_time:3642.982s step_avg:1892.46ms
step:1926/3250 train_time:3644.809s step_avg:1892.42ms
step:1927/3250 train_time:3646.636s step_avg:1892.39ms
step:1928/3250 train_time:3648.463s step_avg:1892.36ms
step:1929/3250 train_time:3650.290s step_avg:1892.32ms
step:1930/3250 train_time:3652.119s step_avg:1892.29ms
step:1931/3250 train_time:3653.946s step_avg:1892.26ms
step:1932/3250 train_time:3655.774s step_avg:1892.22ms
step:1933/3250 train_time:3657.602s step_avg:1892.19ms
step:1934/3250 train_time:3659.429s step_avg:1892.16ms
step:1935/3250 train_time:3661.256s step_avg:1892.12ms
step:1936/3250 train_time:3663.084s step_avg:1892.09ms
step:1937/3250 train_time:3665.744s step_avg:1892.49ms
step:1938/3250 train_time:3667.569s step_avg:1892.45ms
step:1939/3250 train_time:3669.394s step_avg:1892.42ms
step:1940/3250 train_time:3671.219s step_avg:1892.38ms
step:1941/3250 train_time:3673.048s step_avg:1892.35ms
step:1942/3250 train_time:3674.875s step_avg:1892.31ms
step:1943/3250 train_time:3676.702s step_avg:1892.28ms
step:1944/3250 train_time:3678.529s step_avg:1892.25ms
step:1945/3250 train_time:3680.356s step_avg:1892.21ms
step:1946/3250 train_time:3682.182s step_avg:1892.18ms
step:1947/3250 train_time:3684.007s step_avg:1892.15ms
step:1948/3250 train_time:3685.833s step_avg:1892.11ms
step:1949/3250 train_time:3687.659s step_avg:1892.08ms
step:1950/3250 train_time:3689.758s step_avg:1892.18ms
step:1951/3250 train_time:3691.585s step_avg:1892.15ms
step:1952/3250 train_time:3693.413s step_avg:1892.12ms
step:1953/3250 train_time:3696.072s step_avg:1892.51ms
step:1954/3250 train_time:3697.899s step_avg:1892.48ms
step:1955/3250 train_time:3699.724s step_avg:1892.44ms
step:1956/3250 train_time:3701.550s step_avg:1892.41ms
step:1957/3250 train_time:3703.375s step_avg:1892.37ms
step:1958/3250 train_time:3705.201s step_avg:1892.34ms
step:1959/3250 train_time:3707.026s step_avg:1892.31ms
step:1960/3250 train_time:3708.851s step_avg:1892.27ms
step:1961/3250 train_time:3710.678s step_avg:1892.24ms
step:1962/3250 train_time:3712.503s step_avg:1892.20ms
step:1963/3250 train_time:3714.328s step_avg:1892.17ms
step:1964/3250 train_time:3716.153s step_avg:1892.14ms
step:1965/3250 train_time:3717.978s step_avg:1892.10ms
step:1966/3250 train_time:3719.804s step_avg:1892.07ms
step:1967/3250 train_time:3721.631s step_avg:1892.03ms
step:1968/3250 train_time:3723.456s step_avg:1892.00ms
step:1969/3250 train_time:3726.115s step_avg:1892.39ms
step:1970/3250 train_time:3727.940s step_avg:1892.36ms
step:1971/3250 train_time:3729.765s step_avg:1892.32ms
step:1972/3250 train_time:3731.591s step_avg:1892.29ms
step:1973/3250 train_time:3733.418s step_avg:1892.25ms
step:1974/3250 train_time:3735.243s step_avg:1892.22ms
step:1975/3250 train_time:3737.342s step_avg:1892.33ms
step:1976/3250 train_time:3739.167s step_avg:1892.29ms
step:1977/3250 train_time:3740.992s step_avg:1892.26ms
step:1978/3250 train_time:3742.818s step_avg:1892.22ms
step:1979/3250 train_time:3744.644s step_avg:1892.19ms
step:1980/3250 train_time:3746.469s step_avg:1892.16ms
step:1981/3250 train_time:3748.293s step_avg:1892.12ms
step:1982/3250 train_time:3750.118s step_avg:1892.09ms
step:1983/3250 train_time:3751.944s step_avg:1892.05ms
step:1984/3250 train_time:3753.770s step_avg:1892.02ms
step:1985/3250 train_time:3756.429s step_avg:1892.41ms
step:1986/3250 train_time:3758.255s step_avg:1892.37ms
step:1987/3250 train_time:3760.080s step_avg:1892.34ms
step:1988/3250 train_time:3761.906s step_avg:1892.31ms
step:1989/3250 train_time:3763.730s step_avg:1892.27ms
step:1990/3250 train_time:3765.557s step_avg:1892.24ms
step:1991/3250 train_time:3767.383s step_avg:1892.21ms
step:1992/3250 train_time:3769.208s step_avg:1892.17ms
step:1993/3250 train_time:3771.033s step_avg:1892.14ms
step:1994/3250 train_time:3772.860s step_avg:1892.11ms
step:1995/3250 train_time:3774.686s step_avg:1892.07ms
step:1996/3250 train_time:3776.511s step_avg:1892.04ms
step:1997/3250 train_time:3778.336s step_avg:1892.01ms
step:1998/3250 train_time:3780.162s step_avg:1891.97ms
step:1999/3250 train_time:3781.987s step_avg:1891.94ms
step:2000/3250 train_time:3784.152s step_avg:1892.08ms
step:2000/3250 val_loss:3.43279 train_time:3784.153s step_avg:1884.50ms
step:2001/3250 train_time:3786.812s step_avg:1892.46ms
step:2002/3250 train_time:3788.639s step_avg:1892.43ms
step:2003/3250 train_time:3790.466s step_avg:1892.39ms
step:2004/3250 train_time:3792.292s step_avg:1892.36ms
step:2005/3250 train_time:3794.117s step_avg:1892.33ms
step:2006/3250 train_time:3795.942s step_avg:1892.29ms
step:2007/3250 train_time:3797.768s step_avg:1892.26ms
step:2008/3250 train_time:3799.594s step_avg:1892.23ms
step:2009/3250 train_time:3801.420s step_avg:1892.20ms
step:2010/3250 train_time:3803.245s step_avg:1892.16ms
step:2011/3250 train_time:3805.072s step_avg:1892.13ms
step:2012/3250 train_time:3806.898s step_avg:1892.10ms
step:2013/3250 train_time:3808.723s step_avg:1892.06ms
step:2014/3250 train_time:3810.548s step_avg:1892.03ms
step:2015/3250 train_time:3812.373s step_avg:1892.00ms
step:2016/3250 train_time:3814.200s step_avg:1891.96ms
step:2017/3250 train_time:3816.859s step_avg:1892.34ms
step:2018/3250 train_time:3818.685s step_avg:1892.31ms
step:2019/3250 train_time:3820.510s step_avg:1892.28ms
step:2020/3250 train_time:3822.335s step_avg:1892.25ms
step:2021/3250 train_time:3824.160s step_avg:1892.21ms
step:2022/3250 train_time:3825.985s step_avg:1892.18ms
step:2023/3250 train_time:3827.810s step_avg:1892.15ms
step:2024/3250 train_time:3829.636s step_avg:1892.11ms
step:2025/3250 train_time:3831.735s step_avg:1892.21ms
step:2026/3250 train_time:3833.560s step_avg:1892.18ms
step:2027/3250 train_time:3835.385s step_avg:1892.15ms
step:2028/3250 train_time:3837.211s step_avg:1892.12ms
step:2029/3250 train_time:3839.037s step_avg:1892.08ms
step:2030/3250 train_time:3840.863s step_avg:1892.05ms
step:2031/3250 train_time:3842.688s step_avg:1892.02ms
step:2032/3250 train_time:3844.514s step_avg:1891.99ms
step:2033/3250 train_time:3847.173s step_avg:1892.36ms
step:2034/3250 train_time:3848.999s step_avg:1892.33ms
step:2035/3250 train_time:3850.827s step_avg:1892.30ms
step:2036/3250 train_time:3852.652s step_avg:1892.27ms
step:2037/3250 train_time:3854.479s step_avg:1892.23ms
step:2038/3250 train_time:3856.305s step_avg:1892.20ms
step:2039/3250 train_time:3858.131s step_avg:1892.17ms
step:2040/3250 train_time:3859.958s step_avg:1892.14ms
step:2041/3250 train_time:3861.784s step_avg:1892.10ms
step:2042/3250 train_time:3863.610s step_avg:1892.07ms
step:2043/3250 train_time:3865.436s step_avg:1892.04ms
step:2044/3250 train_time:3867.263s step_avg:1892.01ms
step:2045/3250 train_time:3869.089s step_avg:1891.97ms
step:2046/3250 train_time:3870.915s step_avg:1891.94ms
step:2047/3250 train_time:3872.742s step_avg:1891.91ms
step:2048/3250 train_time:3874.568s step_avg:1891.88ms
step:2049/3250 train_time:3877.228s step_avg:1892.25ms
step:2050/3250 train_time:3879.328s step_avg:1892.35ms
step:2051/3250 train_time:3881.153s step_avg:1892.32ms
step:2052/3250 train_time:3882.978s step_avg:1892.29ms
step:2053/3250 train_time:3884.803s step_avg:1892.26ms
step:2054/3250 train_time:3886.628s step_avg:1892.22ms
step:2055/3250 train_time:3888.452s step_avg:1892.19ms
step:2056/3250 train_time:3890.278s step_avg:1892.16ms
step:2057/3250 train_time:3892.103s step_avg:1892.13ms
step:2058/3250 train_time:3893.928s step_avg:1892.09ms
step:2059/3250 train_time:3895.753s step_avg:1892.06ms
step:2060/3250 train_time:3897.578s step_avg:1892.03ms
step:2061/3250 train_time:3899.403s step_avg:1892.00ms
step:2062/3250 train_time:3901.230s step_avg:1891.96ms
step:2063/3250 train_time:3903.055s step_avg:1891.93ms
step:2064/3250 train_time:3904.880s step_avg:1891.90ms
step:2065/3250 train_time:3907.540s step_avg:1892.27ms
step:2066/3250 train_time:3909.365s step_avg:1892.24ms
step:2067/3250 train_time:3911.189s step_avg:1892.21ms
step:2068/3250 train_time:3913.014s step_avg:1892.17ms
step:2069/3250 train_time:3914.840s step_avg:1892.14ms
step:2070/3250 train_time:3916.665s step_avg:1892.11ms
step:2071/3250 train_time:3918.490s step_avg:1892.08ms
step:2072/3250 train_time:3920.315s step_avg:1892.04ms
step:2073/3250 train_time:3922.141s step_avg:1892.01ms
step:2074/3250 train_time:3923.967s step_avg:1891.98ms
step:2075/3250 train_time:3926.065s step_avg:1892.08ms
step:2076/3250 train_time:3927.889s step_avg:1892.05ms
step:2077/3250 train_time:3929.714s step_avg:1892.01ms
step:2078/3250 train_time:3931.540s step_avg:1891.98ms
step:2079/3250 train_time:3933.365s step_avg:1891.95ms
step:2080/3250 train_time:3935.190s step_avg:1891.92ms
step:2081/3250 train_time:3937.849s step_avg:1892.29ms
step:2082/3250 train_time:3939.675s step_avg:1892.26ms
step:2083/3250 train_time:3941.501s step_avg:1892.22ms
step:2084/3250 train_time:3943.327s step_avg:1892.19ms
step:2085/3250 train_time:3945.153s step_avg:1892.16ms
step:2086/3250 train_time:3946.978s step_avg:1892.13ms
step:2087/3250 train_time:3948.804s step_avg:1892.10ms
step:2088/3250 train_time:3950.630s step_avg:1892.06ms
step:2089/3250 train_time:3952.456s step_avg:1892.03ms
step:2090/3250 train_time:3954.282s step_avg:1892.00ms
step:2091/3250 train_time:3956.143s step_avg:1891.99ms
step:2092/3250 train_time:3957.969s step_avg:1891.95ms
step:2093/3250 train_time:3959.796s step_avg:1891.92ms
step:2094/3250 train_time:3961.624s step_avg:1891.89ms
step:2095/3250 train_time:3963.451s step_avg:1891.86ms
step:2096/3250 train_time:3965.277s step_avg:1891.83ms
step:2097/3250 train_time:3967.938s step_avg:1892.20ms
step:2098/3250 train_time:3969.766s step_avg:1892.17ms
step:2099/3250 train_time:3971.592s step_avg:1892.14ms
step:2100/3250 train_time:3973.694s step_avg:1892.24ms
step:2101/3250 train_time:3975.520s step_avg:1892.20ms
step:2102/3250 train_time:3977.345s step_avg:1892.17ms
step:2103/3250 train_time:3979.170s step_avg:1892.14ms
step:2104/3250 train_time:3980.997s step_avg:1892.11ms
step:2105/3250 train_time:3982.824s step_avg:1892.08ms
step:2106/3250 train_time:3984.650s step_avg:1892.05ms
step:2107/3250 train_time:3986.475s step_avg:1892.01ms
step:2108/3250 train_time:3988.301s step_avg:1891.98ms
step:2109/3250 train_time:3990.127s step_avg:1891.95ms
step:2110/3250 train_time:3991.953s step_avg:1891.92ms
step:2111/3250 train_time:3993.779s step_avg:1891.89ms
step:2112/3250 train_time:3995.606s step_avg:1891.86ms
step:2113/3250 train_time:3998.266s step_avg:1892.22ms
step:2114/3250 train_time:4000.092s step_avg:1892.19ms
step:2115/3250 train_time:4001.917s step_avg:1892.16ms
step:2116/3250 train_time:4003.744s step_avg:1892.13ms
step:2117/3250 train_time:4005.570s step_avg:1892.10ms
step:2118/3250 train_time:4007.397s step_avg:1892.07ms
step:2119/3250 train_time:4009.222s step_avg:1892.03ms
step:2120/3250 train_time:4011.051s step_avg:1892.01ms
step:2121/3250 train_time:4012.877s step_avg:1891.97ms
step:2122/3250 train_time:4014.703s step_avg:1891.94ms
step:2123/3250 train_time:4016.529s step_avg:1891.91ms
step:2124/3250 train_time:4018.356s step_avg:1891.88ms
step:2125/3250 train_time:4020.529s step_avg:1892.01ms
step:2125/3250 val_loss:3.41352 train_time:4020.530s step_avg:1891.01ms
step:2126/3250 train_time:4022.358s step_avg:1891.98ms
step:2127/3250 train_time:4024.185s step_avg:1891.95ms
step:2128/3250 train_time:4026.012s step_avg:1891.92ms
step:2129/3250 train_time:4028.672s step_avg:1892.28ms
step:2130/3250 train_time:4030.499s step_avg:1892.25ms
step:2131/3250 train_time:4032.326s step_avg:1892.22ms
step:2132/3250 train_time:4034.153s step_avg:1892.19ms
step:2133/3250 train_time:4035.980s step_avg:1892.16ms
step:2134/3250 train_time:4037.807s step_avg:1892.13ms
step:2135/3250 train_time:4039.635s step_avg:1892.10ms
step:2136/3250 train_time:4041.462s step_avg:1892.07ms
step:2137/3250 train_time:4043.289s step_avg:1892.04ms
step:2138/3250 train_time:4045.116s step_avg:1892.01ms
step:2139/3250 train_time:4046.944s step_avg:1891.98ms
step:2140/3250 train_time:4048.772s step_avg:1891.95ms
step:2141/3250 train_time:4050.600s step_avg:1891.92ms
step:2142/3250 train_time:4052.428s step_avg:1891.89ms
step:2143/3250 train_time:4054.256s step_avg:1891.86ms
step:2144/3250 train_time:4056.084s step_avg:1891.83ms
step:2145/3250 train_time:4058.744s step_avg:1892.19ms
step:2146/3250 train_time:4060.572s step_avg:1892.16ms
step:2147/3250 train_time:4062.400s step_avg:1892.13ms
step:2148/3250 train_time:4064.227s step_avg:1892.10ms
step:2149/3250 train_time:4066.054s step_avg:1892.07ms
step:2150/3250 train_time:4068.163s step_avg:1892.17ms
step:2151/3250 train_time:4069.992s step_avg:1892.14ms
step:2152/3250 train_time:4071.818s step_avg:1892.11ms
step:2153/3250 train_time:4073.645s step_avg:1892.08ms
step:2154/3250 train_time:4075.472s step_avg:1892.05ms
step:2155/3250 train_time:4077.301s step_avg:1892.02ms
step:2156/3250 train_time:4079.129s step_avg:1891.99ms
step:2157/3250 train_time:4080.956s step_avg:1891.96ms
step:2158/3250 train_time:4082.782s step_avg:1891.93ms
step:2159/3250 train_time:4084.609s step_avg:1891.90ms
step:2160/3250 train_time:4086.437s step_avg:1891.87ms
step:2161/3250 train_time:4089.097s step_avg:1892.22ms
step:2162/3250 train_time:4090.924s step_avg:1892.19ms
step:2163/3250 train_time:4092.751s step_avg:1892.16ms
step:2164/3250 train_time:4094.577s step_avg:1892.13ms
step:2165/3250 train_time:4096.403s step_avg:1892.10ms
step:2166/3250 train_time:4098.229s step_avg:1892.07ms
step:2167/3250 train_time:4100.056s step_avg:1892.04ms
step:2168/3250 train_time:4101.886s step_avg:1892.01ms
step:2169/3250 train_time:4103.712s step_avg:1891.98ms
step:2170/3250 train_time:4105.539s step_avg:1891.95ms
step:2171/3250 train_time:4107.366s step_avg:1891.92ms
step:2172/3250 train_time:4109.193s step_avg:1891.89ms
step:2173/3250 train_time:4111.018s step_avg:1891.86ms
step:2174/3250 train_time:4112.845s step_avg:1891.83ms
step:2175/3250 train_time:4114.944s step_avg:1891.93ms
step:2176/3250 train_time:4116.770s step_avg:1891.90ms
step:2177/3250 train_time:4119.430s step_avg:1892.25ms
step:2178/3250 train_time:4121.255s step_avg:1892.22ms
step:2179/3250 train_time:4123.081s step_avg:1892.19ms
step:2180/3250 train_time:4124.906s step_avg:1892.16ms
step:2181/3250 train_time:4126.731s step_avg:1892.13ms
step:2182/3250 train_time:4128.558s step_avg:1892.10ms
step:2183/3250 train_time:4130.383s step_avg:1892.07ms
step:2184/3250 train_time:4132.209s step_avg:1892.04ms
step:2185/3250 train_time:4134.035s step_avg:1892.01ms
step:2186/3250 train_time:4135.860s step_avg:1891.98ms
step:2187/3250 train_time:4137.686s step_avg:1891.95ms
step:2188/3250 train_time:4139.512s step_avg:1891.92ms
step:2189/3250 train_time:4141.338s step_avg:1891.89ms
step:2190/3250 train_time:4143.164s step_avg:1891.86ms
step:2191/3250 train_time:4144.989s step_avg:1891.83ms
step:2192/3250 train_time:4146.815s step_avg:1891.80ms
step:2193/3250 train_time:4149.475s step_avg:1892.15ms
step:2194/3250 train_time:4151.301s step_avg:1892.12ms
step:2195/3250 train_time:4153.127s step_avg:1892.09ms
step:2196/3250 train_time:4154.953s step_avg:1892.05ms
step:2197/3250 train_time:4156.780s step_avg:1892.03ms
step:2198/3250 train_time:4158.608s step_avg:1892.00ms
step:2199/3250 train_time:4160.435s step_avg:1891.97ms
step:2200/3250 train_time:4162.542s step_avg:1892.06ms
step:2201/3250 train_time:4164.368s step_avg:1892.03ms
step:2202/3250 train_time:4166.195s step_avg:1892.00ms
step:2203/3250 train_time:4168.022s step_avg:1891.98ms
step:2204/3250 train_time:4169.850s step_avg:1891.95ms
step:2205/3250 train_time:4171.676s step_avg:1891.92ms
step:2206/3250 train_time:4173.503s step_avg:1891.89ms
step:2207/3250 train_time:4175.331s step_avg:1891.86ms
step:2208/3250 train_time:4177.158s step_avg:1891.83ms
step:2209/3250 train_time:4179.818s step_avg:1892.18ms
step:2210/3250 train_time:4181.645s step_avg:1892.15ms
step:2211/3250 train_time:4183.472s step_avg:1892.12ms
step:2212/3250 train_time:4185.299s step_avg:1892.09ms
step:2213/3250 train_time:4187.126s step_avg:1892.06ms
step:2214/3250 train_time:4188.953s step_avg:1892.03ms
step:2215/3250 train_time:4190.780s step_avg:1892.00ms
step:2216/3250 train_time:4192.605s step_avg:1891.97ms
step:2217/3250 train_time:4194.430s step_avg:1891.94ms
step:2218/3250 train_time:4196.258s step_avg:1891.91ms
step:2219/3250 train_time:4198.085s step_avg:1891.88ms
step:2220/3250 train_time:4199.911s step_avg:1891.85ms
step:2221/3250 train_time:4201.738s step_avg:1891.82ms
step:2222/3250 train_time:4203.564s step_avg:1891.79ms
step:2223/3250 train_time:4205.392s step_avg:1891.76ms
step:2224/3250 train_time:4207.217s step_avg:1891.73ms
step:2225/3250 train_time:4210.152s step_avg:1892.20ms
step:2226/3250 train_time:4211.979s step_avg:1892.17ms
step:2227/3250 train_time:4213.805s step_avg:1892.14ms
step:2228/3250 train_time:4215.630s step_avg:1892.11ms
step:2229/3250 train_time:4217.455s step_avg:1892.08ms
step:2230/3250 train_time:4219.283s step_avg:1892.06ms
step:2231/3250 train_time:4221.109s step_avg:1892.03ms
step:2232/3250 train_time:4222.935s step_avg:1892.00ms
step:2233/3250 train_time:4224.760s step_avg:1891.97ms
step:2234/3250 train_time:4226.586s step_avg:1891.94ms
step:2235/3250 train_time:4228.412s step_avg:1891.91ms
step:2236/3250 train_time:4230.239s step_avg:1891.88ms
step:2237/3250 train_time:4232.065s step_avg:1891.85ms
step:2238/3250 train_time:4233.891s step_avg:1891.82ms
step:2239/3250 train_time:4235.718s step_avg:1891.79ms
step:2240/3250 train_time:4237.544s step_avg:1891.76ms
step:2241/3250 train_time:4240.204s step_avg:1892.10ms
step:2242/3250 train_time:4242.030s step_avg:1892.07ms
step:2243/3250 train_time:4243.857s step_avg:1892.04ms
step:2244/3250 train_time:4245.683s step_avg:1892.02ms
step:2245/3250 train_time:4247.509s step_avg:1891.99ms
step:2246/3250 train_time:4249.337s step_avg:1891.96ms
step:2247/3250 train_time:4251.164s step_avg:1891.93ms
step:2248/3250 train_time:4252.990s step_avg:1891.90ms
step:2249/3250 train_time:4254.815s step_avg:1891.87ms
step:2250/3250 train_time:4256.982s step_avg:1891.99ms
step:2250/3250 val_loss:3.39223 train_time:4256.982s step_avg:1891.62ms
step:2251/3250 train_time:4258.812s step_avg:1891.96ms
step:2252/3250 train_time:4260.639s step_avg:1891.94ms
step:2253/3250 train_time:4262.466s step_avg:1891.91ms
step:2254/3250 train_time:4264.292s step_avg:1891.88ms
step:2255/3250 train_time:4266.119s step_avg:1891.85ms
step:2256/3250 train_time:4267.947s step_avg:1891.82ms
step:2257/3250 train_time:4270.606s step_avg:1892.16ms
step:2258/3250 train_time:4272.432s step_avg:1892.13ms
step:2259/3250 train_time:4274.258s step_avg:1892.10ms
step:2260/3250 train_time:4276.085s step_avg:1892.07ms
step:2261/3250 train_time:4277.911s step_avg:1892.04ms
step:2262/3250 train_time:4279.738s step_avg:1892.01ms
step:2263/3250 train_time:4281.566s step_avg:1891.99ms
step:2264/3250 train_time:4283.393s step_avg:1891.96ms
step:2265/3250 train_time:4285.219s step_avg:1891.93ms
step:2266/3250 train_time:4287.046s step_avg:1891.90ms
step:2267/3250 train_time:4288.872s step_avg:1891.87ms
step:2268/3250 train_time:4290.698s step_avg:1891.84ms
step:2269/3250 train_time:4292.524s step_avg:1891.81ms
step:2270/3250 train_time:4294.351s step_avg:1891.78ms
step:2271/3250 train_time:4296.177s step_avg:1891.76ms
step:2272/3250 train_time:4298.004s step_avg:1891.73ms
step:2273/3250 train_time:4300.664s step_avg:1892.07ms
step:2274/3250 train_time:4302.490s step_avg:1892.04ms
step:2275/3250 train_time:4304.590s step_avg:1892.13ms
step:2276/3250 train_time:4306.417s step_avg:1892.10ms
step:2277/3250 train_time:4308.243s step_avg:1892.07ms
step:2278/3250 train_time:4310.069s step_avg:1892.04ms
step:2279/3250 train_time:4311.895s step_avg:1892.01ms
step:2280/3250 train_time:4313.720s step_avg:1891.98ms
step:2281/3250 train_time:4315.583s step_avg:1891.97ms
step:2282/3250 train_time:4317.409s step_avg:1891.94ms
step:2283/3250 train_time:4319.235s step_avg:1891.91ms
step:2284/3250 train_time:4321.061s step_avg:1891.88ms
step:2285/3250 train_time:4322.887s step_avg:1891.85ms
step:2286/3250 train_time:4324.713s step_avg:1891.83ms
step:2287/3250 train_time:4326.539s step_avg:1891.80ms
step:2288/3250 train_time:4328.365s step_avg:1891.77ms
step:2289/3250 train_time:4331.024s step_avg:1892.10ms
step:2290/3250 train_time:4332.849s step_avg:1892.07ms
step:2291/3250 train_time:4334.675s step_avg:1892.04ms
step:2292/3250 train_time:4336.502s step_avg:1892.02ms
step:2293/3250 train_time:4338.329s step_avg:1891.99ms
step:2294/3250 train_time:4340.155s step_avg:1891.96ms
step:2295/3250 train_time:4341.982s step_avg:1891.93ms
step:2296/3250 train_time:4343.808s step_avg:1891.90ms
step:2297/3250 train_time:4345.635s step_avg:1891.87ms
step:2298/3250 train_time:4347.461s step_avg:1891.85ms
step:2299/3250 train_time:4349.287s step_avg:1891.82ms
step:2300/3250 train_time:4351.386s step_avg:1891.91ms
step:2301/3250 train_time:4353.212s step_avg:1891.88ms
step:2302/3250 train_time:4355.038s step_avg:1891.85ms
step:2303/3250 train_time:4356.865s step_avg:1891.82ms
step:2304/3250 train_time:4358.691s step_avg:1891.79ms
step:2305/3250 train_time:4361.352s step_avg:1892.13ms
step:2306/3250 train_time:4363.178s step_avg:1892.10ms
step:2307/3250 train_time:4365.004s step_avg:1892.07ms
step:2308/3250 train_time:4366.831s step_avg:1892.04ms
step:2309/3250 train_time:4368.659s step_avg:1892.01ms
step:2310/3250 train_time:4370.486s step_avg:1891.99ms
step:2311/3250 train_time:4372.315s step_avg:1891.96ms
step:2312/3250 train_time:4374.141s step_avg:1891.93ms
step:2313/3250 train_time:4375.968s step_avg:1891.90ms
step:2314/3250 train_time:4377.796s step_avg:1891.87ms
step:2315/3250 train_time:4379.623s step_avg:1891.85ms
step:2316/3250 train_time:4381.450s step_avg:1891.82ms
step:2317/3250 train_time:4383.278s step_avg:1891.79ms
step:2318/3250 train_time:4385.105s step_avg:1891.76ms
step:2319/3250 train_time:4386.933s step_avg:1891.73ms
step:2320/3250 train_time:4388.759s step_avg:1891.71ms
step:2321/3250 train_time:4391.420s step_avg:1892.04ms
step:2322/3250 train_time:4393.245s step_avg:1892.01ms
step:2323/3250 train_time:4395.072s step_avg:1891.98ms
step:2324/3250 train_time:4396.899s step_avg:1891.95ms
step:2325/3250 train_time:4399.000s step_avg:1892.04ms
step:2326/3250 train_time:4400.826s step_avg:1892.01ms
step:2327/3250 train_time:4402.653s step_avg:1891.99ms
step:2328/3250 train_time:4404.480s step_avg:1891.96ms
step:2329/3250 train_time:4406.306s step_avg:1891.93ms
step:2330/3250 train_time:4408.133s step_avg:1891.90ms
step:2331/3250 train_time:4409.960s step_avg:1891.87ms
step:2332/3250 train_time:4411.786s step_avg:1891.85ms
step:2333/3250 train_time:4413.614s step_avg:1891.82ms
step:2334/3250 train_time:4415.441s step_avg:1891.79ms
step:2335/3250 train_time:4417.269s step_avg:1891.76ms
step:2336/3250 train_time:4419.096s step_avg:1891.74ms
step:2337/3250 train_time:4421.757s step_avg:1892.07ms
step:2338/3250 train_time:4423.583s step_avg:1892.04ms
step:2339/3250 train_time:4425.411s step_avg:1892.01ms
step:2340/3250 train_time:4427.239s step_avg:1891.98ms
step:2341/3250 train_time:4429.066s step_avg:1891.95ms
step:2342/3250 train_time:4430.892s step_avg:1891.93ms
step:2343/3250 train_time:4432.719s step_avg:1891.90ms
step:2344/3250 train_time:4434.546s step_avg:1891.87ms
step:2345/3250 train_time:4436.373s step_avg:1891.84ms
step:2346/3250 train_time:4438.199s step_avg:1891.82ms
step:2347/3250 train_time:4440.026s step_avg:1891.79ms
step:2348/3250 train_time:4441.854s step_avg:1891.76ms
step:2349/3250 train_time:4443.681s step_avg:1891.73ms
step:2350/3250 train_time:4445.782s step_avg:1891.82ms
step:2351/3250 train_time:4447.609s step_avg:1891.79ms
step:2352/3250 train_time:4449.436s step_avg:1891.77ms
step:2353/3250 train_time:4452.096s step_avg:1892.09ms
step:2354/3250 train_time:4453.923s step_avg:1892.07ms
step:2355/3250 train_time:4455.750s step_avg:1892.04ms
step:2356/3250 train_time:4457.578s step_avg:1892.01ms
step:2357/3250 train_time:4459.405s step_avg:1891.98ms
step:2358/3250 train_time:4461.232s step_avg:1891.96ms
step:2359/3250 train_time:4463.059s step_avg:1891.93ms
step:2360/3250 train_time:4464.886s step_avg:1891.90ms
step:2361/3250 train_time:4466.714s step_avg:1891.87ms
step:2362/3250 train_time:4468.541s step_avg:1891.85ms
step:2363/3250 train_time:4470.368s step_avg:1891.82ms
step:2364/3250 train_time:4472.195s step_avg:1891.79ms
step:2365/3250 train_time:4474.022s step_avg:1891.76ms
step:2366/3250 train_time:4475.848s step_avg:1891.74ms
step:2367/3250 train_time:4477.675s step_avg:1891.71ms
step:2368/3250 train_time:4479.502s step_avg:1891.68ms
step:2369/3250 train_time:4482.163s step_avg:1892.01ms
step:2370/3250 train_time:4483.988s step_avg:1891.98ms
step:2371/3250 train_time:4485.817s step_avg:1891.95ms
step:2372/3250 train_time:4487.644s step_avg:1891.92ms
step:2373/3250 train_time:4489.471s step_avg:1891.90ms
step:2374/3250 train_time:4491.297s step_avg:1891.87ms
step:2375/3250 train_time:4493.463s step_avg:1891.98ms
step:2375/3250 val_loss:3.37346 train_time:4493.463s step_avg:1891.84ms
step:2376/3250 train_time:4495.291s step_avg:1891.96ms
step:2377/3250 train_time:4497.119s step_avg:1891.93ms
step:2378/3250 train_time:4498.947s step_avg:1891.90ms
step:2379/3250 train_time:4500.775s step_avg:1891.88ms
step:2380/3250 train_time:4502.602s step_avg:1891.85ms
step:2381/3250 train_time:4504.429s step_avg:1891.82ms
step:2382/3250 train_time:4506.257s step_avg:1891.80ms
step:2383/3250 train_time:4508.084s step_avg:1891.77ms
step:2384/3250 train_time:4509.915s step_avg:1891.74ms
step:2385/3250 train_time:4512.577s step_avg:1892.07ms
step:2386/3250 train_time:4514.405s step_avg:1892.04ms
step:2387/3250 train_time:4516.235s step_avg:1892.01ms
step:2388/3250 train_time:4518.064s step_avg:1891.99ms
step:2389/3250 train_time:4519.891s step_avg:1891.96ms
step:2390/3250 train_time:4521.720s step_avg:1891.93ms
step:2391/3250 train_time:4523.548s step_avg:1891.91ms
step:2392/3250 train_time:4525.375s step_avg:1891.88ms
step:2393/3250 train_time:4527.202s step_avg:1891.85ms
step:2394/3250 train_time:4529.029s step_avg:1891.82ms
step:2395/3250 train_time:4530.856s step_avg:1891.80ms
step:2396/3250 train_time:4532.683s step_avg:1891.77ms
step:2397/3250 train_time:4534.510s step_avg:1891.74ms
step:2398/3250 train_time:4536.338s step_avg:1891.72ms
step:2399/3250 train_time:4538.165s step_avg:1891.69ms
step:2400/3250 train_time:4540.266s step_avg:1891.78ms
step:2401/3250 train_time:4542.927s step_avg:1892.10ms
step:2402/3250 train_time:4544.756s step_avg:1892.07ms
step:2403/3250 train_time:4546.584s step_avg:1892.04ms
step:2404/3250 train_time:4548.411s step_avg:1892.02ms
step:2405/3250 train_time:4550.238s step_avg:1891.99ms
step:2406/3250 train_time:4552.066s step_avg:1891.96ms
step:2407/3250 train_time:4553.895s step_avg:1891.94ms
step:2408/3250 train_time:4555.723s step_avg:1891.91ms
step:2409/3250 train_time:4557.550s step_avg:1891.88ms
step:2410/3250 train_time:4559.377s step_avg:1891.86ms
step:2411/3250 train_time:4561.205s step_avg:1891.83ms
step:2412/3250 train_time:4563.032s step_avg:1891.80ms
step:2413/3250 train_time:4564.860s step_avg:1891.78ms
step:2414/3250 train_time:4566.689s step_avg:1891.75ms
step:2415/3250 train_time:4568.518s step_avg:1891.73ms
step:2416/3250 train_time:4570.346s step_avg:1891.70ms
step:2417/3250 train_time:4573.008s step_avg:1892.02ms
step:2418/3250 train_time:4574.836s step_avg:1891.99ms
step:2419/3250 train_time:4576.663s step_avg:1891.96ms
step:2420/3250 train_time:4578.490s step_avg:1891.94ms
step:2421/3250 train_time:4580.317s step_avg:1891.91ms
step:2422/3250 train_time:4582.144s step_avg:1891.88ms
step:2423/3250 train_time:4583.971s step_avg:1891.86ms
step:2424/3250 train_time:4585.799s step_avg:1891.83ms
step:2425/3250 train_time:4587.899s step_avg:1891.92ms
step:2426/3250 train_time:4589.725s step_avg:1891.89ms
step:2427/3250 train_time:4591.552s step_avg:1891.86ms
step:2428/3250 train_time:4593.379s step_avg:1891.84ms
step:2429/3250 train_time:4595.206s step_avg:1891.81ms
step:2430/3250 train_time:4597.034s step_avg:1891.78ms
step:2431/3250 train_time:4598.861s step_avg:1891.76ms
step:2432/3250 train_time:4600.688s step_avg:1891.73ms
step:2433/3250 train_time:4603.350s step_avg:1892.05ms
step:2434/3250 train_time:4605.177s step_avg:1892.02ms
step:2435/3250 train_time:4607.003s step_avg:1891.99ms
step:2436/3250 train_time:4608.830s step_avg:1891.97ms
step:2437/3250 train_time:4610.660s step_avg:1891.94ms
step:2438/3250 train_time:4612.487s step_avg:1891.91ms
step:2439/3250 train_time:4614.314s step_avg:1891.89ms
step:2440/3250 train_time:4616.141s step_avg:1891.86ms
step:2441/3250 train_time:4617.967s step_avg:1891.83ms
step:2442/3250 train_time:4619.794s step_avg:1891.81ms
step:2443/3250 train_time:4621.620s step_avg:1891.78ms
step:2444/3250 train_time:4623.448s step_avg:1891.75ms
step:2445/3250 train_time:4625.276s step_avg:1891.73ms
step:2446/3250 train_time:4627.103s step_avg:1891.70ms
step:2447/3250 train_time:4628.929s step_avg:1891.68ms
step:2448/3250 train_time:4630.757s step_avg:1891.65ms
step:2449/3250 train_time:4633.418s step_avg:1891.96ms
step:2450/3250 train_time:4635.519s step_avg:1892.05ms
step:2451/3250 train_time:4637.344s step_avg:1892.02ms
step:2452/3250 train_time:4639.172s step_avg:1891.99ms
step:2453/3250 train_time:4640.997s step_avg:1891.97ms
step:2454/3250 train_time:4642.823s step_avg:1891.94ms
step:2455/3250 train_time:4644.651s step_avg:1891.91ms
step:2456/3250 train_time:4646.478s step_avg:1891.89ms
step:2457/3250 train_time:4648.305s step_avg:1891.86ms
step:2458/3250 train_time:4650.132s step_avg:1891.84ms
step:2459/3250 train_time:4651.959s step_avg:1891.81ms
step:2460/3250 train_time:4653.786s step_avg:1891.78ms
step:2461/3250 train_time:4655.613s step_avg:1891.76ms
step:2462/3250 train_time:4657.440s step_avg:1891.73ms
step:2463/3250 train_time:4659.267s step_avg:1891.70ms
step:2464/3250 train_time:4661.095s step_avg:1891.68ms
step:2465/3250 train_time:4663.755s step_avg:1891.99ms
step:2466/3250 train_time:4665.582s step_avg:1891.96ms
step:2467/3250 train_time:4667.408s step_avg:1891.94ms
step:2468/3250 train_time:4669.235s step_avg:1891.91ms
step:2469/3250 train_time:4671.061s step_avg:1891.88ms
step:2470/3250 train_time:4672.888s step_avg:1891.86ms
step:2471/3250 train_time:4674.754s step_avg:1891.85ms
step:2472/3250 train_time:4676.580s step_avg:1891.82ms
step:2473/3250 train_time:4678.406s step_avg:1891.79ms
step:2474/3250 train_time:4680.233s step_avg:1891.77ms
step:2475/3250 train_time:4682.334s step_avg:1891.85ms
step:2476/3250 train_time:4684.162s step_avg:1891.83ms
step:2477/3250 train_time:4685.989s step_avg:1891.80ms
step:2478/3250 train_time:4687.816s step_avg:1891.77ms
step:2479/3250 train_time:4689.644s step_avg:1891.75ms
step:2480/3250 train_time:4691.473s step_avg:1891.72ms
step:2481/3250 train_time:4694.134s step_avg:1892.03ms
step:2482/3250 train_time:4695.961s step_avg:1892.01ms
step:2483/3250 train_time:4697.788s step_avg:1891.98ms
step:2484/3250 train_time:4699.615s step_avg:1891.95ms
step:2485/3250 train_time:4701.442s step_avg:1891.93ms
step:2486/3250 train_time:4703.269s step_avg:1891.90ms
step:2487/3250 train_time:4705.097s step_avg:1891.88ms
step:2488/3250 train_time:4706.924s step_avg:1891.85ms
step:2489/3250 train_time:4708.751s step_avg:1891.82ms
step:2490/3250 train_time:4710.578s step_avg:1891.80ms
step:2491/3250 train_time:4712.406s step_avg:1891.77ms
step:2492/3250 train_time:4714.234s step_avg:1891.75ms
step:2493/3250 train_time:4716.060s step_avg:1891.72ms
step:2494/3250 train_time:4717.888s step_avg:1891.70ms
step:2495/3250 train_time:4719.716s step_avg:1891.67ms
step:2496/3250 train_time:4721.543s step_avg:1891.64ms
step:2497/3250 train_time:4724.204s step_avg:1891.95ms
step:2498/3250 train_time:4726.032s step_avg:1891.93ms
step:2499/3250 train_time:4727.859s step_avg:1891.90ms
step:2500/3250 train_time:4730.027s step_avg:1892.01ms
step:2500/3250 val_loss:3.35424 train_time:4730.028s step_avg:1892.52ms
step:2501/3250 train_time:4731.858s step_avg:1891.99ms
step:2502/3250 train_time:4733.687s step_avg:1891.96ms
step:2503/3250 train_time:4735.514s step_avg:1891.94ms
step:2504/3250 train_time:4737.342s step_avg:1891.91ms
step:2505/3250 train_time:4739.171s step_avg:1891.88ms
step:2506/3250 train_time:4740.999s step_avg:1891.86ms
step:2507/3250 train_time:4742.827s step_avg:1891.83ms
step:2508/3250 train_time:4744.655s step_avg:1891.81ms
step:2509/3250 train_time:4746.483s step_avg:1891.78ms
step:2510/3250 train_time:4748.311s step_avg:1891.76ms
step:2511/3250 train_time:4750.138s step_avg:1891.73ms
step:2512/3250 train_time:4751.966s step_avg:1891.71ms
step:2513/3250 train_time:4754.629s step_avg:1892.01ms
step:2514/3250 train_time:4756.455s step_avg:1891.99ms
step:2515/3250 train_time:4758.281s step_avg:1891.96ms
step:2516/3250 train_time:4760.108s step_avg:1891.93ms
step:2517/3250 train_time:4761.936s step_avg:1891.91ms
step:2518/3250 train_time:4763.763s step_avg:1891.88ms
step:2519/3250 train_time:4765.589s step_avg:1891.86ms
step:2520/3250 train_time:4767.417s step_avg:1891.83ms
step:2521/3250 train_time:4769.244s step_avg:1891.81ms
step:2522/3250 train_time:4771.071s step_avg:1891.78ms
step:2523/3250 train_time:4772.899s step_avg:1891.76ms
step:2524/3250 train_time:4774.727s step_avg:1891.73ms
step:2525/3250 train_time:4776.827s step_avg:1891.81ms
step:2526/3250 train_time:4778.653s step_avg:1891.79ms
step:2527/3250 train_time:4780.479s step_avg:1891.76ms
step:2528/3250 train_time:4782.305s step_avg:1891.73ms
step:2529/3250 train_time:4784.966s step_avg:1892.04ms
step:2530/3250 train_time:4786.792s step_avg:1892.01ms
step:2531/3250 train_time:4788.619s step_avg:1891.99ms
step:2532/3250 train_time:4790.446s step_avg:1891.96ms
step:2533/3250 train_time:4792.274s step_avg:1891.94ms
step:2534/3250 train_time:4794.102s step_avg:1891.91ms
step:2535/3250 train_time:4795.929s step_avg:1891.89ms
step:2536/3250 train_time:4797.756s step_avg:1891.86ms
step:2537/3250 train_time:4799.585s step_avg:1891.83ms
step:2538/3250 train_time:4801.412s step_avg:1891.81ms
step:2539/3250 train_time:4803.239s step_avg:1891.78ms
step:2540/3250 train_time:4805.067s step_avg:1891.76ms
step:2541/3250 train_time:4806.896s step_avg:1891.73ms
step:2542/3250 train_time:4808.723s step_avg:1891.71ms
step:2543/3250 train_time:4810.551s step_avg:1891.68ms
step:2544/3250 train_time:4812.378s step_avg:1891.66ms
step:2545/3250 train_time:4815.040s step_avg:1891.96ms
step:2546/3250 train_time:4816.867s step_avg:1891.94ms
step:2547/3250 train_time:4818.693s step_avg:1891.91ms
step:2548/3250 train_time:4820.519s step_avg:1891.88ms
step:2549/3250 train_time:4822.345s step_avg:1891.86ms
step:2550/3250 train_time:4824.447s step_avg:1891.94ms
step:2551/3250 train_time:4826.274s step_avg:1891.91ms
step:2552/3250 train_time:4828.101s step_avg:1891.89ms
step:2553/3250 train_time:4829.928s step_avg:1891.86ms
step:2554/3250 train_time:4831.754s step_avg:1891.84ms
step:2555/3250 train_time:4833.582s step_avg:1891.81ms
step:2556/3250 train_time:4835.409s step_avg:1891.79ms
step:2557/3250 train_time:4837.235s step_avg:1891.76ms
step:2558/3250 train_time:4839.061s step_avg:1891.74ms
step:2559/3250 train_time:4840.888s step_avg:1891.71ms
step:2560/3250 train_time:4842.716s step_avg:1891.69ms
step:2561/3250 train_time:4845.377s step_avg:1891.99ms
step:2562/3250 train_time:4847.204s step_avg:1891.96ms
step:2563/3250 train_time:4849.031s step_avg:1891.94ms
step:2564/3250 train_time:4850.857s step_avg:1891.91ms
step:2565/3250 train_time:4852.683s step_avg:1891.88ms
step:2566/3250 train_time:4854.511s step_avg:1891.86ms
step:2567/3250 train_time:4856.338s step_avg:1891.83ms
step:2568/3250 train_time:4858.164s step_avg:1891.81ms
step:2569/3250 train_time:4859.991s step_avg:1891.78ms
step:2570/3250 train_time:4861.817s step_avg:1891.76ms
step:2571/3250 train_time:4863.645s step_avg:1891.73ms
step:2572/3250 train_time:4865.471s step_avg:1891.71ms
step:2573/3250 train_time:4867.298s step_avg:1891.68ms
step:2574/3250 train_time:4869.124s step_avg:1891.66ms
step:2575/3250 train_time:4871.225s step_avg:1891.74ms
step:2576/3250 train_time:4873.053s step_avg:1891.71ms
step:2577/3250 train_time:4875.714s step_avg:1892.01ms
step:2578/3250 train_time:4877.540s step_avg:1891.99ms
step:2579/3250 train_time:4879.368s step_avg:1891.96ms
step:2580/3250 train_time:4881.195s step_avg:1891.94ms
step:2581/3250 train_time:4883.022s step_avg:1891.91ms
step:2582/3250 train_time:4884.849s step_avg:1891.89ms
step:2583/3250 train_time:4886.676s step_avg:1891.86ms
step:2584/3250 train_time:4888.502s step_avg:1891.84ms
step:2585/3250 train_time:4890.330s step_avg:1891.81ms
step:2586/3250 train_time:4892.157s step_avg:1891.79ms
step:2587/3250 train_time:4893.985s step_avg:1891.76ms
step:2588/3250 train_time:4895.812s step_avg:1891.74ms
step:2589/3250 train_time:4897.638s step_avg:1891.71ms
step:2590/3250 train_time:4899.465s step_avg:1891.69ms
step:2591/3250 train_time:4901.292s step_avg:1891.66ms
step:2592/3250 train_time:4903.119s step_avg:1891.64ms
step:2593/3250 train_time:4905.780s step_avg:1891.93ms
step:2594/3250 train_time:4907.607s step_avg:1891.91ms
step:2595/3250 train_time:4909.434s step_avg:1891.88ms
step:2596/3250 train_time:4911.260s step_avg:1891.86ms
step:2597/3250 train_time:4913.088s step_avg:1891.83ms
step:2598/3250 train_time:4914.915s step_avg:1891.81ms
step:2599/3250 train_time:4916.742s step_avg:1891.78ms
step:2600/3250 train_time:4918.844s step_avg:1891.86ms
step:2601/3250 train_time:4920.671s step_avg:1891.84ms
step:2602/3250 train_time:4922.497s step_avg:1891.81ms
step:2603/3250 train_time:4924.325s step_avg:1891.79ms
step:2604/3250 train_time:4926.152s step_avg:1891.76ms
step:2605/3250 train_time:4927.979s step_avg:1891.74ms
step:2606/3250 train_time:4929.806s step_avg:1891.71ms
step:2607/3250 train_time:4931.633s step_avg:1891.69ms
step:2608/3250 train_time:4933.460s step_avg:1891.66ms
step:2609/3250 train_time:4936.121s step_avg:1891.96ms
step:2610/3250 train_time:4937.948s step_avg:1891.93ms
step:2611/3250 train_time:4939.775s step_avg:1891.91ms
step:2612/3250 train_time:4941.601s step_avg:1891.88ms
step:2613/3250 train_time:4943.430s step_avg:1891.86ms
step:2614/3250 train_time:4945.257s step_avg:1891.84ms
step:2615/3250 train_time:4947.083s step_avg:1891.81ms
step:2616/3250 train_time:4948.909s step_avg:1891.78ms
step:2617/3250 train_time:4950.737s step_avg:1891.76ms
step:2618/3250 train_time:4952.563s step_avg:1891.74ms
step:2619/3250 train_time:4954.390s step_avg:1891.71ms
step:2620/3250 train_time:4956.216s step_avg:1891.69ms
step:2621/3250 train_time:4958.042s step_avg:1891.66ms
step:2622/3250 train_time:4959.869s step_avg:1891.64ms
step:2623/3250 train_time:4961.696s step_avg:1891.61ms
step:2624/3250 train_time:4963.522s step_avg:1891.59ms
step:2625/3250 train_time:4966.522s step_avg:1892.01ms
step:2625/3250 val_loss:3.33453 train_time:4966.522s step_avg:1891.95ms
step:2626/3250 train_time:4968.350s step_avg:1891.98ms
step:2627/3250 train_time:4970.177s step_avg:1891.96ms
step:2628/3250 train_time:4972.005s step_avg:1891.93ms
step:2629/3250 train_time:4973.833s step_avg:1891.91ms
step:2630/3250 train_time:4975.659s step_avg:1891.89ms
step:2631/3250 train_time:4977.487s step_avg:1891.86ms
step:2632/3250 train_time:4979.314s step_avg:1891.84ms
step:2633/3250 train_time:4981.142s step_avg:1891.81ms
step:2634/3250 train_time:4982.970s step_avg:1891.79ms
step:2635/3250 train_time:4984.797s step_avg:1891.76ms
step:2636/3250 train_time:4986.623s step_avg:1891.74ms
step:2637/3250 train_time:4988.451s step_avg:1891.71ms
step:2638/3250 train_time:4990.279s step_avg:1891.69ms
step:2639/3250 train_time:4992.106s step_avg:1891.67ms
step:2640/3250 train_time:4993.933s step_avg:1891.64ms
step:2641/3250 train_time:4996.594s step_avg:1891.93ms
step:2642/3250 train_time:4998.421s step_avg:1891.91ms
step:2643/3250 train_time:5000.248s step_avg:1891.88ms
step:2644/3250 train_time:5002.075s step_avg:1891.86ms
step:2645/3250 train_time:5003.902s step_avg:1891.83ms
step:2646/3250 train_time:5005.728s step_avg:1891.81ms
step:2647/3250 train_time:5007.554s step_avg:1891.78ms
step:2648/3250 train_time:5009.382s step_avg:1891.76ms
step:2649/3250 train_time:5011.209s step_avg:1891.74ms
step:2650/3250 train_time:5013.309s step_avg:1891.81ms
step:2651/3250 train_time:5015.135s step_avg:1891.79ms
step:2652/3250 train_time:5016.961s step_avg:1891.77ms
step:2653/3250 train_time:5018.788s step_avg:1891.74ms
step:2654/3250 train_time:5020.616s step_avg:1891.72ms
step:2655/3250 train_time:5022.442s step_avg:1891.69ms
step:2656/3250 train_time:5024.269s step_avg:1891.67ms
step:2657/3250 train_time:5026.930s step_avg:1891.96ms
step:2658/3250 train_time:5028.757s step_avg:1891.93ms
step:2659/3250 train_time:5030.583s step_avg:1891.91ms
step:2660/3250 train_time:5032.411s step_avg:1891.88ms
step:2661/3250 train_time:5034.273s step_avg:1891.87ms
step:2662/3250 train_time:5036.099s step_avg:1891.85ms
step:2663/3250 train_time:5037.926s step_avg:1891.82ms
step:2664/3250 train_time:5039.754s step_avg:1891.80ms
step:2665/3250 train_time:5041.581s step_avg:1891.78ms
step:2666/3250 train_time:5043.407s step_avg:1891.75ms
step:2667/3250 train_time:5045.234s step_avg:1891.73ms
step:2668/3250 train_time:5047.061s step_avg:1891.70ms
step:2669/3250 train_time:5048.887s step_avg:1891.68ms
step:2670/3250 train_time:5050.715s step_avg:1891.65ms
step:2671/3250 train_time:5052.543s step_avg:1891.63ms
step:2672/3250 train_time:5054.370s step_avg:1891.61ms
step:2673/3250 train_time:5057.030s step_avg:1891.89ms
step:2674/3250 train_time:5058.859s step_avg:1891.87ms
step:2675/3250 train_time:5060.963s step_avg:1891.95ms
step:2676/3250 train_time:5062.790s step_avg:1891.92ms
step:2677/3250 train_time:5064.616s step_avg:1891.90ms
step:2678/3250 train_time:5066.443s step_avg:1891.88ms
step:2679/3250 train_time:5068.270s step_avg:1891.85ms
step:2680/3250 train_time:5070.097s step_avg:1891.83ms
step:2681/3250 train_time:5071.924s step_avg:1891.80ms
step:2682/3250 train_time:5073.751s step_avg:1891.78ms
step:2683/3250 train_time:5075.578s step_avg:1891.75ms
step:2684/3250 train_time:5077.406s step_avg:1891.73ms
step:2685/3250 train_time:5079.232s step_avg:1891.71ms
step:2686/3250 train_time:5081.061s step_avg:1891.68ms
step:2687/3250 train_time:5082.890s step_avg:1891.66ms
step:2688/3250 train_time:5084.718s step_avg:1891.64ms
step:2689/3250 train_time:5087.378s step_avg:1891.92ms
step:2690/3250 train_time:5089.206s step_avg:1891.90ms
step:2691/3250 train_time:5091.033s step_avg:1891.87ms
step:2692/3250 train_time:5092.861s step_avg:1891.85ms
step:2693/3250 train_time:5094.688s step_avg:1891.83ms
step:2694/3250 train_time:5096.515s step_avg:1891.80ms
step:2695/3250 train_time:5098.342s step_avg:1891.78ms
step:2696/3250 train_time:5100.168s step_avg:1891.75ms
step:2697/3250 train_time:5101.996s step_avg:1891.73ms
step:2698/3250 train_time:5103.824s step_avg:1891.71ms
step:2699/3250 train_time:5105.651s step_avg:1891.68ms
step:2700/3250 train_time:5107.751s step_avg:1891.76ms
step:2701/3250 train_time:5109.578s step_avg:1891.74ms
step:2702/3250 train_time:5111.406s step_avg:1891.71ms
step:2703/3250 train_time:5113.233s step_avg:1891.69ms
step:2704/3250 train_time:5115.061s step_avg:1891.66ms
step:2705/3250 train_time:5117.723s step_avg:1891.95ms
step:2706/3250 train_time:5119.551s step_avg:1891.93ms
step:2707/3250 train_time:5121.379s step_avg:1891.90ms
step:2708/3250 train_time:5123.206s step_avg:1891.88ms
step:2709/3250 train_time:5125.032s step_avg:1891.85ms
step:2710/3250 train_time:5126.860s step_avg:1891.83ms
step:2711/3250 train_time:5128.687s step_avg:1891.81ms
step:2712/3250 train_time:5130.515s step_avg:1891.78ms
step:2713/3250 train_time:5132.342s step_avg:1891.76ms
step:2714/3250 train_time:5134.170s step_avg:1891.74ms
step:2715/3250 train_time:5135.997s step_avg:1891.71ms
step:2716/3250 train_time:5137.823s step_avg:1891.69ms
step:2717/3250 train_time:5139.650s step_avg:1891.66ms
step:2718/3250 train_time:5141.477s step_avg:1891.64ms
step:2719/3250 train_time:5143.305s step_avg:1891.62ms
step:2720/3250 train_time:5145.132s step_avg:1891.59ms
step:2721/3250 train_time:5147.792s step_avg:1891.88ms
step:2722/3250 train_time:5149.619s step_avg:1891.85ms
step:2723/3250 train_time:5151.446s step_avg:1891.83ms
step:2724/3250 train_time:5153.273s step_avg:1891.80ms
step:2725/3250 train_time:5155.376s step_avg:1891.88ms
step:2726/3250 train_time:5157.202s step_avg:1891.86ms
step:2727/3250 train_time:5159.029s step_avg:1891.83ms
step:2728/3250 train_time:5160.855s step_avg:1891.81ms
step:2729/3250 train_time:5162.682s step_avg:1891.79ms
step:2730/3250 train_time:5164.510s step_avg:1891.76ms
step:2731/3250 train_time:5166.337s step_avg:1891.74ms
step:2732/3250 train_time:5168.163s step_avg:1891.71ms
step:2733/3250 train_time:5169.991s step_avg:1891.69ms
step:2734/3250 train_time:5171.820s step_avg:1891.67ms
step:2735/3250 train_time:5173.648s step_avg:1891.64ms
step:2736/3250 train_time:5175.474s step_avg:1891.62ms
step:2737/3250 train_time:5178.136s step_avg:1891.90ms
step:2738/3250 train_time:5179.962s step_avg:1891.88ms
step:2739/3250 train_time:5181.789s step_avg:1891.85ms
step:2740/3250 train_time:5183.615s step_avg:1891.83ms
step:2741/3250 train_time:5185.443s step_avg:1891.81ms
step:2742/3250 train_time:5187.269s step_avg:1891.78ms
step:2743/3250 train_time:5189.095s step_avg:1891.76ms
step:2744/3250 train_time:5190.921s step_avg:1891.74ms
step:2745/3250 train_time:5192.748s step_avg:1891.71ms
step:2746/3250 train_time:5194.575s step_avg:1891.69ms
step:2747/3250 train_time:5196.401s step_avg:1891.66ms
step:2748/3250 train_time:5198.228s step_avg:1891.64ms
step:2749/3250 train_time:5200.056s step_avg:1891.62ms
step:2750/3250 train_time:5202.222s step_avg:1891.72ms
step:2750/3250 val_loss:3.31647 train_time:5202.223s step_avg:1885.61ms
step:2751/3250 train_time:5204.050s step_avg:1891.69ms
step:2752/3250 train_time:5205.877s step_avg:1891.67ms
step:2753/3250 train_time:5208.538s step_avg:1891.95ms
step:2754/3250 train_time:5210.365s step_avg:1891.93ms
step:2755/3250 train_time:5212.192s step_avg:1891.90ms
step:2756/3250 train_time:5214.019s step_avg:1891.88ms
step:2757/3250 train_time:5215.846s step_avg:1891.86ms
step:2758/3250 train_time:5217.672s step_avg:1891.83ms
step:2759/3250 train_time:5219.499s step_avg:1891.81ms
step:2760/3250 train_time:5221.326s step_avg:1891.78ms
step:2761/3250 train_time:5223.153s step_avg:1891.76ms
step:2762/3250 train_time:5224.981s step_avg:1891.74ms
step:2763/3250 train_time:5226.808s step_avg:1891.71ms
step:2764/3250 train_time:5228.635s step_avg:1891.69ms
step:2765/3250 train_time:5230.462s step_avg:1891.67ms
step:2766/3250 train_time:5232.290s step_avg:1891.64ms
step:2767/3250 train_time:5234.117s step_avg:1891.62ms
step:2768/3250 train_time:5235.944s step_avg:1891.60ms
step:2769/3250 train_time:5238.605s step_avg:1891.88ms
step:2770/3250 train_time:5240.431s step_avg:1891.85ms
step:2771/3250 train_time:5242.258s step_avg:1891.83ms
step:2772/3250 train_time:5244.085s step_avg:1891.81ms
step:2773/3250 train_time:5245.911s step_avg:1891.78ms
step:2774/3250 train_time:5247.737s step_avg:1891.76ms
step:2775/3250 train_time:5249.838s step_avg:1891.83ms
step:2776/3250 train_time:5251.664s step_avg:1891.81ms
step:2777/3250 train_time:5253.491s step_avg:1891.79ms
step:2778/3250 train_time:5255.318s step_avg:1891.76ms
step:2779/3250 train_time:5257.144s step_avg:1891.74ms
step:2780/3250 train_time:5258.971s step_avg:1891.72ms
step:2781/3250 train_time:5260.798s step_avg:1891.69ms
step:2782/3250 train_time:5262.625s step_avg:1891.67ms
step:2783/3250 train_time:5264.452s step_avg:1891.65ms
step:2784/3250 train_time:5266.280s step_avg:1891.62ms
step:2785/3250 train_time:5268.940s step_avg:1891.90ms
step:2786/3250 train_time:5270.769s step_avg:1891.88ms
step:2787/3250 train_time:5272.596s step_avg:1891.85ms
step:2788/3250 train_time:5274.423s step_avg:1891.83ms
step:2789/3250 train_time:5276.251s step_avg:1891.81ms
step:2790/3250 train_time:5278.079s step_avg:1891.78ms
step:2791/3250 train_time:5279.907s step_avg:1891.76ms
step:2792/3250 train_time:5281.734s step_avg:1891.74ms
step:2793/3250 train_time:5283.562s step_avg:1891.72ms
step:2794/3250 train_time:5285.389s step_avg:1891.69ms
step:2795/3250 train_time:5287.217s step_avg:1891.67ms
step:2796/3250 train_time:5289.044s step_avg:1891.65ms
step:2797/3250 train_time:5290.873s step_avg:1891.62ms
step:2798/3250 train_time:5292.700s step_avg:1891.60ms
step:2799/3250 train_time:5294.527s step_avg:1891.58ms
step:2800/3250 train_time:5296.629s step_avg:1891.65ms
step:2801/3250 train_time:5299.290s step_avg:1891.93ms
step:2802/3250 train_time:5301.116s step_avg:1891.90ms
step:2803/3250 train_time:5302.942s step_avg:1891.88ms
step:2804/3250 train_time:5304.769s step_avg:1891.86ms
step:2805/3250 train_time:5306.595s step_avg:1891.83ms
step:2806/3250 train_time:5308.423s step_avg:1891.81ms
step:2807/3250 train_time:5310.250s step_avg:1891.79ms
step:2808/3250 train_time:5312.077s step_avg:1891.77ms
step:2809/3250 train_time:5313.905s step_avg:1891.74ms
step:2810/3250 train_time:5315.732s step_avg:1891.72ms
step:2811/3250 train_time:5317.559s step_avg:1891.70ms
step:2812/3250 train_time:5319.387s step_avg:1891.67ms
step:2813/3250 train_time:5321.214s step_avg:1891.65ms
step:2814/3250 train_time:5323.043s step_avg:1891.63ms
step:2815/3250 train_time:5324.869s step_avg:1891.61ms
step:2816/3250 train_time:5326.697s step_avg:1891.58ms
step:2817/3250 train_time:5329.359s step_avg:1891.86ms
step:2818/3250 train_time:5331.187s step_avg:1891.83ms
step:2819/3250 train_time:5333.016s step_avg:1891.81ms
step:2820/3250 train_time:5334.843s step_avg:1891.79ms
step:2821/3250 train_time:5336.671s step_avg:1891.77ms
step:2822/3250 train_time:5338.500s step_avg:1891.74ms
step:2823/3250 train_time:5340.328s step_avg:1891.72ms
step:2824/3250 train_time:5342.155s step_avg:1891.70ms
step:2825/3250 train_time:5344.257s step_avg:1891.77ms
step:2826/3250 train_time:5346.085s step_avg:1891.75ms
step:2827/3250 train_time:5347.913s step_avg:1891.73ms
step:2828/3250 train_time:5349.742s step_avg:1891.71ms
step:2829/3250 train_time:5351.570s step_avg:1891.68ms
step:2830/3250 train_time:5353.397s step_avg:1891.66ms
step:2831/3250 train_time:5355.224s step_avg:1891.64ms
step:2832/3250 train_time:5357.054s step_avg:1891.62ms
step:2833/3250 train_time:5359.716s step_avg:1891.89ms
step:2834/3250 train_time:5361.543s step_avg:1891.86ms
step:2835/3250 train_time:5363.371s step_avg:1891.84ms
step:2836/3250 train_time:5365.198s step_avg:1891.82ms
step:2837/3250 train_time:5367.026s step_avg:1891.80ms
step:2838/3250 train_time:5368.854s step_avg:1891.77ms
step:2839/3250 train_time:5370.683s step_avg:1891.75ms
step:2840/3250 train_time:5372.511s step_avg:1891.73ms
step:2841/3250 train_time:5374.340s step_avg:1891.71ms
step:2842/3250 train_time:5376.168s step_avg:1891.68ms
step:2843/3250 train_time:5377.996s step_avg:1891.66ms
step:2844/3250 train_time:5379.825s step_avg:1891.64ms
step:2845/3250 train_time:5381.653s step_avg:1891.62ms
step:2846/3250 train_time:5383.483s step_avg:1891.60ms
step:2847/3250 train_time:5385.311s step_avg:1891.57ms
step:2848/3250 train_time:5387.140s step_avg:1891.55ms
step:2849/3250 train_time:5389.801s step_avg:1891.82ms
step:2850/3250 train_time:5391.902s step_avg:1891.90ms
step:2851/3250 train_time:5393.766s step_avg:1891.89ms
step:2852/3250 train_time:5395.594s step_avg:1891.86ms
step:2853/3250 train_time:5397.421s step_avg:1891.84ms
step:2854/3250 train_time:5399.249s step_avg:1891.82ms
step:2855/3250 train_time:5401.076s step_avg:1891.80ms
step:2856/3250 train_time:5402.905s step_avg:1891.77ms
step:2857/3250 train_time:5404.731s step_avg:1891.75ms
step:2858/3250 train_time:5406.558s step_avg:1891.73ms
step:2859/3250 train_time:5408.385s step_avg:1891.71ms
step:2860/3250 train_time:5410.213s step_avg:1891.68ms
step:2861/3250 train_time:5412.041s step_avg:1891.66ms
step:2862/3250 train_time:5413.867s step_avg:1891.64ms
step:2863/3250 train_time:5415.694s step_avg:1891.61ms
step:2864/3250 train_time:5417.522s step_avg:1891.59ms
step:2865/3250 train_time:5420.183s step_avg:1891.86ms
step:2866/3250 train_time:5422.010s step_avg:1891.84ms
step:2867/3250 train_time:5423.838s step_avg:1891.82ms
step:2868/3250 train_time:5425.665s step_avg:1891.79ms
step:2869/3250 train_time:5427.491s step_avg:1891.77ms
step:2870/3250 train_time:5429.319s step_avg:1891.75ms
step:2871/3250 train_time:5431.147s step_avg:1891.73ms
step:2872/3250 train_time:5432.976s step_avg:1891.70ms
step:2873/3250 train_time:5434.803s step_avg:1891.68ms
step:2874/3250 train_time:5436.629s step_avg:1891.66ms
step:2875/3250 train_time:5438.796s step_avg:1891.76ms
step:2875/3250 val_loss:3.29912 train_time:5438.796s step_avg:1892.59ms
step:2876/3250 train_time:5440.626s step_avg:1891.73ms
step:2877/3250 train_time:5442.454s step_avg:1891.71ms
step:2878/3250 train_time:5444.282s step_avg:1891.69ms
step:2879/3250 train_time:5446.110s step_avg:1891.67ms
step:2880/3250 train_time:5447.939s step_avg:1891.65ms
step:2881/3250 train_time:5450.600s step_avg:1891.91ms
step:2882/3250 train_time:5452.426s step_avg:1891.89ms
step:2883/3250 train_time:5454.254s step_avg:1891.87ms
step:2884/3250 train_time:5456.081s step_avg:1891.85ms
step:2885/3250 train_time:5457.908s step_avg:1891.82ms
step:2886/3250 train_time:5459.736s step_avg:1891.80ms
step:2887/3250 train_time:5461.563s step_avg:1891.78ms
step:2888/3250 train_time:5463.389s step_avg:1891.76ms
step:2889/3250 train_time:5465.215s step_avg:1891.73ms
step:2890/3250 train_time:5467.042s step_avg:1891.71ms
step:2891/3250 train_time:5468.870s step_avg:1891.69ms
step:2892/3250 train_time:5470.697s step_avg:1891.67ms
step:2893/3250 train_time:5472.524s step_avg:1891.64ms
step:2894/3250 train_time:5474.352s step_avg:1891.62ms
step:2895/3250 train_time:5476.181s step_avg:1891.60ms
step:2896/3250 train_time:5478.009s step_avg:1891.58ms
step:2897/3250 train_time:5480.670s step_avg:1891.84ms
step:2898/3250 train_time:5482.497s step_avg:1891.82ms
step:2899/3250 train_time:5484.324s step_avg:1891.80ms
step:2900/3250 train_time:5486.430s step_avg:1891.87ms
step:2901/3250 train_time:5488.258s step_avg:1891.85ms
step:2902/3250 train_time:5490.085s step_avg:1891.83ms
step:2903/3250 train_time:5491.912s step_avg:1891.81ms
step:2904/3250 train_time:5493.739s step_avg:1891.78ms
step:2905/3250 train_time:5495.565s step_avg:1891.76ms
step:2906/3250 train_time:5497.393s step_avg:1891.74ms
step:2907/3250 train_time:5499.221s step_avg:1891.72ms
step:2908/3250 train_time:5501.048s step_avg:1891.69ms
step:2909/3250 train_time:5502.875s step_avg:1891.67ms
step:2910/3250 train_time:5504.703s step_avg:1891.65ms
step:2911/3250 train_time:5506.531s step_avg:1891.63ms
step:2912/3250 train_time:5508.359s step_avg:1891.61ms
step:2913/3250 train_time:5511.018s step_avg:1891.87ms
step:2914/3250 train_time:5512.845s step_avg:1891.85ms
step:2915/3250 train_time:5514.673s step_avg:1891.83ms
step:2916/3250 train_time:5516.500s step_avg:1891.80ms
step:2917/3250 train_time:5518.328s step_avg:1891.78ms
step:2918/3250 train_time:5520.155s step_avg:1891.76ms
step:2919/3250 train_time:5521.981s step_avg:1891.74ms
step:2920/3250 train_time:5523.807s step_avg:1891.71ms
step:2921/3250 train_time:5525.633s step_avg:1891.69ms
step:2922/3250 train_time:5527.462s step_avg:1891.67ms
step:2923/3250 train_time:5529.289s step_avg:1891.65ms
step:2924/3250 train_time:5531.118s step_avg:1891.63ms
step:2925/3250 train_time:5533.223s step_avg:1891.70ms
step:2925/3250 val_loss:3.29230 train_time:5533.224s step_avg:1888.55ms
step:2926/3250 train_time:5535.054s step_avg:1891.68ms
step:2927/3250 train_time:5536.882s step_avg:1891.66ms
step:2928/3250 train_time:5538.709s step_avg:1891.64ms
step:2929/3250 train_time:5541.370s step_avg:1891.90ms
step:2930/3250 train_time:5543.197s step_avg:1891.88ms
step:2931/3250 train_time:5545.026s step_avg:1891.85ms
step:2932/3250 train_time:5546.855s step_avg:1891.83ms
step:2933/3250 train_time:5548.682s step_avg:1891.81ms
step:2934/3250 train_time:5550.509s step_avg:1891.79ms
step:2935/3250 train_time:5552.336s step_avg:1891.77ms
step:2936/3250 train_time:5554.163s step_avg:1891.74ms
step:2937/3250 train_time:5555.991s step_avg:1891.72ms
step:2938/3250 train_time:5557.818s step_avg:1891.70ms
step:2939/3250 train_time:5559.646s step_avg:1891.68ms
step:2940/3250 train_time:5561.474s step_avg:1891.66ms
step:2941/3250 train_time:5563.301s step_avg:1891.64ms
step:2942/3250 train_time:5565.128s step_avg:1891.61ms
step:2943/3250 train_time:5566.957s step_avg:1891.59ms
step:2944/3250 train_time:5568.785s step_avg:1891.57ms
step:2945/3250 train_time:5571.446s step_avg:1891.83ms
step:2946/3250 train_time:5573.274s step_avg:1891.81ms
step:2947/3250 train_time:5575.101s step_avg:1891.79ms
step:2948/3250 train_time:5576.928s step_avg:1891.77ms
step:2949/3250 train_time:5578.755s step_avg:1891.74ms
step:2950/3250 train_time:5580.859s step_avg:1891.82ms
step:2950/3250 val_loss:3.28924 train_time:5580.860s step_avg:1905.44ms
step:2951/3250 train_time:5582.687s step_avg:1891.79ms
step:2952/3250 train_time:5584.514s step_avg:1891.77ms
step:2953/3250 train_time:5586.343s step_avg:1891.75ms
step:2954/3250 train_time:5588.172s step_avg:1891.73ms
step:2955/3250 train_time:5589.998s step_avg:1891.71ms
step:2956/3250 train_time:5591.825s step_avg:1891.69ms
step:2957/3250 train_time:5593.652s step_avg:1891.66ms
step:2958/3250 train_time:5595.481s step_avg:1891.64ms
step:2959/3250 train_time:5597.308s step_avg:1891.62ms
step:2960/3250 train_time:5599.134s step_avg:1891.60ms
step:2961/3250 train_time:5601.794s step_avg:1891.86ms
step:2962/3250 train_time:5603.621s step_avg:1891.84ms
step:2963/3250 train_time:5605.448s step_avg:1891.81ms
step:2964/3250 train_time:5607.275s step_avg:1891.79ms
step:2965/3250 train_time:5609.102s step_avg:1891.77ms
step:2966/3250 train_time:5610.928s step_avg:1891.75ms
step:2967/3250 train_time:5612.754s step_avg:1891.73ms
step:2968/3250 train_time:5614.580s step_avg:1891.71ms
step:2969/3250 train_time:5616.407s step_avg:1891.68ms
step:2970/3250 train_time:5618.234s step_avg:1891.66ms
step:2971/3250 train_time:5620.060s step_avg:1891.64ms
step:2972/3250 train_time:5621.886s step_avg:1891.62ms
step:2973/3250 train_time:5623.713s step_avg:1891.60ms
step:2974/3250 train_time:5625.540s step_avg:1891.57ms
step:2975/3250 train_time:5627.640s step_avg:1891.64ms
step:2975/3250 val_loss:3.28613 train_time:5627.640s step_avg:1871.21ms
step:2976/3250 train_time:5629.468s step_avg:1891.62ms
step:2977/3250 train_time:5632.128s step_avg:1891.88ms
step:2978/3250 train_time:5633.955s step_avg:1891.86ms
step:2979/3250 train_time:5635.782s step_avg:1891.84ms
step:2980/3250 train_time:5637.609s step_avg:1891.82ms
step:2981/3250 train_time:5639.435s step_avg:1891.79ms
step:2982/3250 train_time:5641.262s step_avg:1891.77ms
step:2983/3250 train_time:5643.091s step_avg:1891.75ms
step:2984/3250 train_time:5644.919s step_avg:1891.73ms
step:2985/3250 train_time:5646.745s step_avg:1891.71ms
step:2986/3250 train_time:5648.572s step_avg:1891.69ms
step:2987/3250 train_time:5650.400s step_avg:1891.66ms
step:2988/3250 train_time:5652.228s step_avg:1891.64ms
step:2989/3250 train_time:5654.055s step_avg:1891.62ms
step:2990/3250 train_time:5655.881s step_avg:1891.60ms
step:2991/3250 train_time:5657.707s step_avg:1891.58ms
step:2992/3250 train_time:5659.535s step_avg:1891.56ms
step:2993/3250 train_time:5662.196s step_avg:1891.81ms
step:2994/3250 train_time:5664.023s step_avg:1891.79ms
step:2995/3250 train_time:5665.850s step_avg:1891.77ms
step:2996/3250 train_time:5667.676s step_avg:1891.75ms
step:2997/3250 train_time:5669.503s step_avg:1891.73ms
step:2998/3250 train_time:5671.331s step_avg:1891.70ms
step:2999/3250 train_time:5673.159s step_avg:1891.68ms
step:3000/3250 train_time:5675.329s step_avg:1891.78ms
step:3000/3250 val_loss:3.28327 train_time:5675.330s step_avg:1907.59ms
step:3001/3250 train_time:5677.158s step_avg:1891.76ms
step:3002/3250 train_time:5678.984s step_avg:1891.73ms
step:3003/3250 train_time:5680.812s step_avg:1891.71ms
step:3004/3250 train_time:5682.640s step_avg:1891.69ms
step:3005/3250 train_time:5684.467s step_avg:1891.67ms
step:3006/3250 train_time:5686.293s step_avg:1891.65ms
step:3007/3250 train_time:5688.122s step_avg:1891.63ms
step:3008/3250 train_time:5689.950s step_avg:1891.61ms
step:3009/3250 train_time:5692.611s step_avg:1891.86ms
step:3010/3250 train_time:5694.439s step_avg:1891.84ms
step:3011/3250 train_time:5696.266s step_avg:1891.82ms
step:3012/3250 train_time:5698.094s step_avg:1891.80ms
step:3013/3250 train_time:5699.924s step_avg:1891.78ms
step:3014/3250 train_time:5701.753s step_avg:1891.76ms
step:3015/3250 train_time:5703.580s step_avg:1891.73ms
step:3016/3250 train_time:5705.407s step_avg:1891.71ms
step:3017/3250 train_time:5707.236s step_avg:1891.69ms
step:3018/3250 train_time:5709.062s step_avg:1891.67ms
step:3019/3250 train_time:5710.890s step_avg:1891.65ms
step:3020/3250 train_time:5712.717s step_avg:1891.63ms
step:3021/3250 train_time:5714.545s step_avg:1891.61ms
step:3022/3250 train_time:5716.373s step_avg:1891.59ms
step:3023/3250 train_time:5718.200s step_avg:1891.56ms
step:3024/3250 train_time:5720.027s step_avg:1891.54ms
step:3025/3250 train_time:5722.968s step_avg:1891.89ms
step:3025/3250 val_loss:3.27954 train_time:5722.968s step_avg:1905.53ms
step:3026/3250 train_time:5724.796s step_avg:1891.87ms
step:3027/3250 train_time:5726.623s step_avg:1891.85ms
step:3028/3250 train_time:5728.451s step_avg:1891.83ms
step:3029/3250 train_time:5730.279s step_avg:1891.81ms
step:3030/3250 train_time:5732.106s step_avg:1891.78ms
step:3031/3250 train_time:5733.935s step_avg:1891.76ms
step:3032/3250 train_time:5735.765s step_avg:1891.74ms
step:3033/3250 train_time:5737.591s step_avg:1891.72ms
step:3034/3250 train_time:5739.419s step_avg:1891.70ms
step:3035/3250 train_time:5741.247s step_avg:1891.68ms
step:3036/3250 train_time:5743.075s step_avg:1891.66ms
step:3037/3250 train_time:5744.902s step_avg:1891.64ms
step:3038/3250 train_time:5746.729s step_avg:1891.62ms
step:3039/3250 train_time:5748.558s step_avg:1891.60ms
step:3040/3250 train_time:5750.387s step_avg:1891.57ms
step:3041/3250 train_time:5753.082s step_avg:1891.84ms
step:3042/3250 train_time:5754.910s step_avg:1891.82ms
step:3043/3250 train_time:5756.736s step_avg:1891.80ms
step:3044/3250 train_time:5758.563s step_avg:1891.78ms
step:3045/3250 train_time:5760.392s step_avg:1891.75ms
step:3046/3250 train_time:5762.218s step_avg:1891.73ms
step:3047/3250 train_time:5764.044s step_avg:1891.71ms
step:3048/3250 train_time:5765.870s step_avg:1891.69ms
step:3049/3250 train_time:5767.696s step_avg:1891.67ms
step:3050/3250 train_time:5769.797s step_avg:1891.74ms
step:3050/3250 val_loss:3.27681 train_time:5769.797s step_avg:1873.18ms
step:3051/3250 train_time:5771.625s step_avg:1891.72ms
step:3052/3250 train_time:5773.452s step_avg:1891.69ms
step:3053/3250 train_time:5775.278s step_avg:1891.67ms
step:3054/3250 train_time:5777.105s step_avg:1891.65ms
step:3055/3250 train_time:5778.932s step_avg:1891.63ms
step:3056/3250 train_time:5780.759s step_avg:1891.61ms
step:3057/3250 train_time:5783.420s step_avg:1891.86ms
step:3058/3250 train_time:5785.245s step_avg:1891.84ms
step:3059/3250 train_time:5787.072s step_avg:1891.82ms
step:3060/3250 train_time:5788.899s step_avg:1891.80ms
step:3061/3250 train_time:5790.726s step_avg:1891.78ms
step:3062/3250 train_time:5792.551s step_avg:1891.75ms
step:3063/3250 train_time:5794.377s step_avg:1891.73ms
step:3064/3250 train_time:5796.205s step_avg:1891.71ms
step:3065/3250 train_time:5798.031s step_avg:1891.69ms
step:3066/3250 train_time:5799.857s step_avg:1891.67ms
step:3067/3250 train_time:5801.683s step_avg:1891.65ms
step:3068/3250 train_time:5803.510s step_avg:1891.63ms
step:3069/3250 train_time:5805.335s step_avg:1891.60ms
step:3070/3250 train_time:5807.165s step_avg:1891.58ms
step:3071/3250 train_time:5808.992s step_avg:1891.56ms
step:3072/3250 train_time:5810.820s step_avg:1891.54ms
step:3073/3250 train_time:5813.481s step_avg:1891.79ms
step:3074/3250 train_time:5815.308s step_avg:1891.77ms
step:3075/3250 train_time:5817.411s step_avg:1891.84ms
step:3075/3250 val_loss:3.27402 train_time:5817.412s step_avg:1904.57ms
step:3076/3250 train_time:5819.239s step_avg:1891.82ms
step:3077/3250 train_time:5821.066s step_avg:1891.80ms
step:3078/3250 train_time:5822.893s step_avg:1891.78ms
step:3079/3250 train_time:5824.721s step_avg:1891.76ms
step:3080/3250 train_time:5826.550s step_avg:1891.74ms
step:3081/3250 train_time:5828.376s step_avg:1891.72ms
step:3082/3250 train_time:5830.203s step_avg:1891.69ms
step:3083/3250 train_time:5832.030s step_avg:1891.67ms
step:3084/3250 train_time:5833.857s step_avg:1891.65ms
step:3085/3250 train_time:5835.684s step_avg:1891.63ms
step:3086/3250 train_time:5837.512s step_avg:1891.61ms
step:3087/3250 train_time:5839.339s step_avg:1891.59ms
step:3088/3250 train_time:5841.165s step_avg:1891.57ms
step:3089/3250 train_time:5843.826s step_avg:1891.82ms
step:3090/3250 train_time:5845.652s step_avg:1891.80ms
step:3091/3250 train_time:5847.478s step_avg:1891.78ms
step:3092/3250 train_time:5849.304s step_avg:1891.75ms
step:3093/3250 train_time:5851.131s step_avg:1891.73ms
step:3094/3250 train_time:5852.959s step_avg:1891.71ms
step:3095/3250 train_time:5854.785s step_avg:1891.69ms
step:3096/3250 train_time:5856.611s step_avg:1891.67ms
step:3097/3250 train_time:5858.437s step_avg:1891.65ms
step:3098/3250 train_time:5860.264s step_avg:1891.63ms
step:3099/3250 train_time:5862.091s step_avg:1891.61ms
step:3100/3250 train_time:5864.190s step_avg:1891.67ms
step:3100/3250 val_loss:3.27143 train_time:5864.190s step_avg:1871.15ms
step:3101/3250 train_time:5866.018s step_avg:1891.65ms
step:3102/3250 train_time:5867.844s step_avg:1891.63ms
step:3103/3250 train_time:5869.671s step_avg:1891.61ms
step:3104/3250 train_time:5871.497s step_avg:1891.59ms
step:3105/3250 train_time:5874.157s step_avg:1891.84ms
step:3106/3250 train_time:5875.982s step_avg:1891.82ms
step:3107/3250 train_time:5877.808s step_avg:1891.80ms
step:3108/3250 train_time:5879.633s step_avg:1891.77ms
step:3109/3250 train_time:5881.459s step_avg:1891.75ms
step:3110/3250 train_time:5883.284s step_avg:1891.73ms
step:3111/3250 train_time:5885.111s step_avg:1891.71ms
step:3112/3250 train_time:5886.937s step_avg:1891.69ms
step:3113/3250 train_time:5888.762s step_avg:1891.67ms
step:3114/3250 train_time:5890.587s step_avg:1891.65ms
step:3115/3250 train_time:5892.413s step_avg:1891.63ms
step:3116/3250 train_time:5894.239s step_avg:1891.60ms
step:3117/3250 train_time:5896.065s step_avg:1891.58ms
step:3118/3250 train_time:5897.890s step_avg:1891.56ms
step:3119/3250 train_time:5899.715s step_avg:1891.54ms
step:3120/3250 train_time:5901.540s step_avg:1891.52ms
step:3121/3250 train_time:5904.200s step_avg:1891.77ms
step:3122/3250 train_time:5906.026s step_avg:1891.74ms
step:3123/3250 train_time:5907.852s step_avg:1891.72ms
step:3124/3250 train_time:5909.679s step_avg:1891.70ms
step:3125/3250 train_time:5911.842s step_avg:1891.79ms
step:3125/3250 val_loss:3.26908 train_time:5911.843s step_avg:1906.09ms
step:3126/3250 train_time:5913.669s step_avg:1891.77ms
step:3127/3250 train_time:5915.496s step_avg:1891.75ms
step:3128/3250 train_time:5917.321s step_avg:1891.73ms
step:3129/3250 train_time:5919.148s step_avg:1891.71ms
step:3130/3250 train_time:5920.973s step_avg:1891.68ms
step:3131/3250 train_time:5922.800s step_avg:1891.66ms
step:3132/3250 train_time:5924.625s step_avg:1891.64ms
step:3133/3250 train_time:5926.452s step_avg:1891.62ms
step:3134/3250 train_time:5928.277s step_avg:1891.60ms
step:3135/3250 train_time:5930.103s step_avg:1891.58ms
step:3136/3250 train_time:5931.933s step_avg:1891.56ms
step:3137/3250 train_time:5934.593s step_avg:1891.81ms
step:3138/3250 train_time:5936.419s step_avg:1891.78ms
step:3139/3250 train_time:5938.244s step_avg:1891.76ms
step:3140/3250 train_time:5940.070s step_avg:1891.74ms
step:3141/3250 train_time:5941.896s step_avg:1891.72ms
step:3142/3250 train_time:5943.722s step_avg:1891.70ms
step:3143/3250 train_time:5945.548s step_avg:1891.68ms
step:3144/3250 train_time:5947.374s step_avg:1891.66ms
step:3145/3250 train_time:5949.200s step_avg:1891.64ms
step:3146/3250 train_time:5951.025s step_avg:1891.62ms
step:3147/3250 train_time:5952.851s step_avg:1891.60ms
step:3148/3250 train_time:5954.677s step_avg:1891.57ms
step:3149/3250 train_time:5956.503s step_avg:1891.55ms
step:3150/3250 train_time:5958.606s step_avg:1891.62ms
step:3150/3250 val_loss:3.26668 train_time:5958.606s step_avg:1870.53ms
step:3151/3250 train_time:5960.432s step_avg:1891.60ms
step:3152/3250 train_time:5962.259s step_avg:1891.58ms
step:3153/3250 train_time:5964.918s step_avg:1891.82ms
step:3154/3250 train_time:5966.744s step_avg:1891.80ms
step:3155/3250 train_time:5968.570s step_avg:1891.78ms
step:3156/3250 train_time:5970.397s step_avg:1891.76ms
step:3157/3250 train_time:5972.223s step_avg:1891.74ms
step:3158/3250 train_time:5974.049s step_avg:1891.72ms
step:3159/3250 train_time:5975.876s step_avg:1891.70ms
step:3160/3250 train_time:5977.702s step_avg:1891.68ms
step:3161/3250 train_time:5979.528s step_avg:1891.66ms
step:3162/3250 train_time:5981.354s step_avg:1891.64ms
step:3163/3250 train_time:5983.181s step_avg:1891.62ms
step:3164/3250 train_time:5985.007s step_avg:1891.60ms
step:3165/3250 train_time:5986.833s step_avg:1891.57ms
step:3166/3250 train_time:5988.659s step_avg:1891.55ms
step:3167/3250 train_time:5990.486s step_avg:1891.53ms
step:3168/3250 train_time:5992.312s step_avg:1891.51ms
step:3169/3250 train_time:5994.972s step_avg:1891.76ms
step:3170/3250 train_time:5996.799s step_avg:1891.73ms
step:3171/3250 train_time:5998.625s step_avg:1891.71ms
step:3172/3250 train_time:6000.452s step_avg:1891.69ms
step:3173/3250 train_time:6002.278s step_avg:1891.67ms
step:3174/3250 train_time:6004.104s step_avg:1891.65ms
step:3175/3250 train_time:6006.212s step_avg:1891.72ms
step:3175/3250 val_loss:3.26478 train_time:6006.213s step_avg:1904.27ms
step:3176/3250 train_time:6008.040s step_avg:1891.70ms
step:3177/3250 train_time:6009.868s step_avg:1891.68ms
step:3178/3250 train_time:6011.695s step_avg:1891.66ms
step:3179/3250 train_time:6013.523s step_avg:1891.64ms
step:3180/3250 train_time:6015.350s step_avg:1891.62ms
step:3181/3250 train_time:6017.176s step_avg:1891.60ms
step:3182/3250 train_time:6019.004s step_avg:1891.58ms
step:3183/3250 train_time:6020.831s step_avg:1891.56ms
step:3184/3250 train_time:6022.656s step_avg:1891.54ms
step:3185/3250 train_time:6025.316s step_avg:1891.78ms
step:3186/3250 train_time:6027.143s step_avg:1891.76ms
step:3187/3250 train_time:6028.969s step_avg:1891.74ms
step:3188/3250 train_time:6030.795s step_avg:1891.72ms
step:3189/3250 train_time:6032.622s step_avg:1891.70ms
step:3190/3250 train_time:6034.448s step_avg:1891.68ms
step:3191/3250 train_time:6036.275s step_avg:1891.66ms
step:3192/3250 train_time:6038.103s step_avg:1891.64ms
step:3193/3250 train_time:6039.930s step_avg:1891.62ms
step:3194/3250 train_time:6041.757s step_avg:1891.60ms
step:3195/3250 train_time:6043.583s step_avg:1891.58ms
step:3196/3250 train_time:6045.409s step_avg:1891.55ms
step:3197/3250 train_time:6047.236s step_avg:1891.53ms
step:3198/3250 train_time:6049.063s step_avg:1891.51ms
step:3199/3250 train_time:6050.890s step_avg:1891.49ms
step:3200/3250 train_time:6052.994s step_avg:1891.56ms
step:3200/3250 val_loss:3.26311 train_time:6052.994s step_avg:1871.26ms
step:3201/3250 train_time:6055.655s step_avg:1891.80ms
step:3202/3250 train_time:6057.481s step_avg:1891.78ms
step:3203/3250 train_time:6059.308s step_avg:1891.76ms
step:3204/3250 train_time:6061.135s step_avg:1891.74ms
step:3205/3250 train_time:6062.961s step_avg:1891.72ms
step:3206/3250 train_time:6064.787s step_avg:1891.70ms
step:3207/3250 train_time:6066.613s step_avg:1891.68ms
step:3208/3250 train_time:6068.440s step_avg:1891.66ms
step:3209/3250 train_time:6070.267s step_avg:1891.64ms
step:3210/3250 train_time:6072.092s step_avg:1891.62ms
step:3211/3250 train_time:6073.918s step_avg:1891.60ms
step:3212/3250 train_time:6075.744s step_avg:1891.58ms
step:3213/3250 train_time:6077.572s step_avg:1891.56ms
step:3214/3250 train_time:6079.398s step_avg:1891.54ms
step:3215/3250 train_time:6081.224s step_avg:1891.52ms
step:3216/3250 train_time:6083.049s step_avg:1891.50ms
step:3217/3250 train_time:6085.709s step_avg:1891.73ms
step:3218/3250 train_time:6087.536s step_avg:1891.71ms
step:3219/3250 train_time:6089.361s step_avg:1891.69ms
step:3220/3250 train_time:6091.187s step_avg:1891.67ms
step:3221/3250 train_time:6093.012s step_avg:1891.65ms
step:3222/3250 train_time:6094.838s step_avg:1891.63ms
step:3223/3250 train_time:6096.665s step_avg:1891.61ms
step:3224/3250 train_time:6098.492s step_avg:1891.59ms
step:3225/3250 train_time:6100.593s step_avg:1891.66ms
step:3225/3250 val_loss:3.26188 train_time:6100.594s step_avg:1903.97ms
step:3226/3250 train_time:6102.419s step_avg:1891.64ms
step:3227/3250 train_time:6104.247s step_avg:1891.62ms
step:3228/3250 train_time:6106.074s step_avg:1891.60ms
step:3229/3250 train_time:6107.899s step_avg:1891.58ms
step:3230/3250 train_time:6109.724s step_avg:1891.56ms
step:3231/3250 train_time:6111.587s step_avg:1891.55ms
step:3232/3250 train_time:6113.412s step_avg:1891.53ms
step:3233/3250 train_time:6116.072s step_avg:1891.76ms
step:3234/3250 train_time:6117.898s step_avg:1891.74ms
step:3235/3250 train_time:6119.723s step_avg:1891.72ms
step:3236/3250 train_time:6121.548s step_avg:1891.70ms
step:3237/3250 train_time:6123.373s step_avg:1891.68ms
step:3238/3250 train_time:6125.200s step_avg:1891.66ms
step:3239/3250 train_time:6127.025s step_avg:1891.64ms
step:3240/3250 train_time:6128.850s step_avg:1891.62ms
step:3241/3250 train_time:6130.675s step_avg:1891.60ms
step:3242/3250 train_time:6132.500s step_avg:1891.58ms
step:3243/3250 train_time:6134.326s step_avg:1891.56ms
step:3244/3250 train_time:6136.151s step_avg:1891.54ms
step:3245/3250 train_time:6137.976s step_avg:1891.52ms
step:3246/3250 train_time:6139.802s step_avg:1891.50ms
step:3247/3250 train_time:6141.627s step_avg:1891.48ms
step:3248/3250 train_time:6143.452s step_avg:1891.46ms
step:3249/3250 train_time:6146.111s step_avg:1891.69ms
step:3250/3250 train_time:6148.275s step_avg:1891.78ms
step:3250/3250 val_loss:3.26137 train_time:6148.276s step_avg:1907.28ms
trial:0 best_val_loss:3.26137 best_val_step:3250 first_step_to_target:3025
wandb: updating run metadata
wandb: 
wandb: Run history:
wandb:        speedrun/final_best_val_loss ▁
wandb:        speedrun/final_best_val_step ▁
wandb: speedrun/final_first_step_to_target ▁
wandb:       speedrun/final_reached_target ▁
wandb:       speedrun/first_step_to_target ▁▁▁▁▁▁▁▁▁▁▁▁▁▁▁▁▁▁▁▁▁▁▁▁▁▁▁▁██████████
wandb:             speedrun/reached_target ▁▁▁▁▁▁▁▁▁▁▁▁▁▁▁▁▁▁▁▁▁▁▁▁▁▁▁▁██████████
wandb:            speedrun/target_val_loss ▁▁▁▁▁▁▁▁▁▁▁▁▁▁▁▁▁▁▁▁▁▁▁▁▁▁▁▁▁▁▁▁▁▁▁▁▁▁▁▁
wandb:                speedrun/train_steps ▁▁▁▁▁▁▁▁▁▁▁▁▁▁▁▁▁▁▁▁▁▁▁▁▁▁▁▁▁▁▁▁▁▁▁▁▁▁▁▁
wandb:                    time/step_avg_ms  █▄▄▄▄▃▄▄▄▄▃▄▄▄▄▃▄▄▄▄▄▃▄▄▆▁▇▆▁▆▁▆▁▆▁▆▆
wandb:                  time/train_seconds ▁▁▂▂▂▂▃▃▃▃▄▄▄▅▅▅▅▆▆▆▆▇▇▇▇▇▇▇██████████
wandb:                              +4,448 ...
wandb: 
wandb: Run summary:
wandb:        speedrun/final_best_val_loss 3.26137
wandb:        speedrun/final_best_val_step 3250
wandb: speedrun/final_first_step_to_target 3025
wandb:       speedrun/final_reached_target 1
wandb:       speedrun/first_step_to_target 3025
wandb:             speedrun/reached_target 1
wandb:            speedrun/target_val_loss 3.28
wandb:                speedrun/train_steps 3250
wandb:                    time/step_avg_ms 1907.28254
wandb:                  time/train_seconds 6148.27559
wandb:                              +4,448 ...
wandb: 
wandb: 🚀 View run g1r5-alphonse/adabelief_B_belief_eps1e-10_primary at: https://wandb.ai/wandb-applied-ai-team/modded-nanogpt-senpai/runs/zc67954n
wandb: ⭐️ View project at: https://wandb.ai/wandb-applied-ai-team/modded-nanogpt-senpai
wandb: Synced 6 W&B file(s), 0 media file(s), 0 artifact file(s) and 0 other file(s)
wandb: Find logs at: ./wandb/run-20260525_065627-zc67954n/logs
