logs/218c4dd9-a976-4ef7-b492-322aced0a4f0.txt
wandb: [wandb.login()] Loaded credentials for https://api.wandb.ai from WANDB_API_KEY.
wandb: W&B API key is configured. Use `wandb login --relogin` to force relogin
wandb: Tracking run with wandb version 0.26.1
wandb: Run data is saved locally in /workspace/senpai/target/wandb/run-20260525_122641-wtsmc7jx
wandb: Run `wandb offline` to turn off syncing.
wandb: Syncing run g1r5-alphonse/adabelief_E_adamw_eps1e-16_falsifier
wandb: ⭐️ View project at https://wandb.ai/wandb-applied-ai-team/modded-nanogpt-senpai
wandb: 🚀 View run at https://wandb.ai/wandb-applied-ai-team/modded-nanogpt-senpai/runs/wtsmc7jx
[init] mode=musoft  L=12  block_residual_attn.proj_std=0.005984
step:0/3250 val_loss:10.82583 train_time:0.000s step_avg:nanms
step:1/3250 train_time:5.766s step_avg:5766.17ms
step:2/3250 train_time:7.584s step_avg:3792.02ms
step:3/3250 train_time:9.402s step_avg:3134.10ms
step:4/3250 train_time:11.222s step_avg:2805.46ms
step:5/3250 train_time:13.043s step_avg:2608.53ms
step:6/3250 train_time:14.865s step_avg:2477.53ms
step:7/3250 train_time:16.687s step_avg:2383.81ms
step:8/3250 train_time:18.509s step_avg:2313.62ms
step:9/3250 train_time:20.331s step_avg:2259.00ms
step:10/3250 train_time:22.155s step_avg:2215.51ms
step:11/3250 train_time:23.979s step_avg:2179.90ms
step:12/3250 train_time:25.802s step_avg:2150.15ms
step:13/3250 train_time:27.625s step_avg:2125.01ms
step:14/3250 train_time:29.448s step_avg:2103.42ms
step:15/3250 train_time:31.272s step_avg:2084.78ms
step:16/3250 train_time:33.096s step_avg:2068.49ms
step:17/3250 train_time:35.790s step_avg:2105.28ms
step:18/3250 train_time:37.613s step_avg:2089.61ms
step:19/3250 train_time:39.437s step_avg:2075.62ms
step:20/3250 train_time:41.261s step_avg:2063.04ms
step:21/3250 train_time:43.085s step_avg:2051.69ms
step:22/3250 train_time:44.911s step_avg:2041.40ms
step:23/3250 train_time:46.735s step_avg:2031.97ms
step:24/3250 train_time:48.560s step_avg:2023.32ms
step:25/3250 train_time:50.657s step_avg:2026.28ms
step:26/3250 train_time:52.482s step_avg:2018.56ms
step:27/3250 train_time:54.309s step_avg:2011.43ms
step:28/3250 train_time:56.134s step_avg:2004.77ms
step:29/3250 train_time:57.958s step_avg:1998.56ms
step:30/3250 train_time:59.783s step_avg:1992.77ms
step:31/3250 train_time:61.609s step_avg:1987.38ms
step:32/3250 train_time:63.435s step_avg:1982.35ms
step:33/3250 train_time:66.096s step_avg:2002.90ms
step:34/3250 train_time:67.920s step_avg:1997.66ms
step:35/3250 train_time:69.746s step_avg:1992.73ms
step:36/3250 train_time:71.570s step_avg:1988.05ms
step:37/3250 train_time:73.395s step_avg:1983.65ms
step:38/3250 train_time:75.220s step_avg:1979.49ms
step:39/3250 train_time:77.045s step_avg:1975.51ms
step:40/3250 train_time:78.869s step_avg:1971.73ms
step:41/3250 train_time:80.694s step_avg:1968.15ms
step:42/3250 train_time:82.519s step_avg:1964.75ms
step:43/3250 train_time:84.346s step_avg:1961.53ms
step:44/3250 train_time:86.170s step_avg:1958.42ms
step:45/3250 train_time:87.996s step_avg:1955.46ms
step:46/3250 train_time:89.821s step_avg:1952.64ms
step:47/3250 train_time:91.647s step_avg:1949.93ms
step:48/3250 train_time:93.473s step_avg:1947.35ms
step:49/3250 train_time:96.134s step_avg:1961.92ms
step:50/3250 train_time:98.236s step_avg:1964.72ms
step:51/3250 train_time:100.061s step_avg:1961.98ms
step:52/3250 train_time:101.885s step_avg:1959.33ms
step:53/3250 train_time:103.710s step_avg:1956.79ms
step:54/3250 train_time:105.534s step_avg:1954.33ms
step:55/3250 train_time:107.360s step_avg:1952.01ms
step:56/3250 train_time:109.185s step_avg:1949.73ms
step:57/3250 train_time:111.009s step_avg:1947.52ms
step:58/3250 train_time:112.834s step_avg:1945.41ms
step:59/3250 train_time:114.661s step_avg:1943.40ms
step:60/3250 train_time:116.486s step_avg:1941.44ms
step:61/3250 train_time:118.311s step_avg:1939.53ms
step:62/3250 train_time:120.137s step_avg:1937.69ms
step:63/3250 train_time:121.961s step_avg:1935.89ms
step:64/3250 train_time:123.787s step_avg:1934.17ms
step:65/3250 train_time:126.447s step_avg:1945.34ms
step:66/3250 train_time:128.271s step_avg:1943.50ms
step:67/3250 train_time:130.098s step_avg:1941.75ms
step:68/3250 train_time:131.924s step_avg:1940.05ms
step:69/3250 train_time:133.749s step_avg:1938.39ms
step:70/3250 train_time:135.575s step_avg:1936.78ms
step:71/3250 train_time:137.400s step_avg:1935.21ms
step:72/3250 train_time:139.225s step_avg:1933.68ms
step:73/3250 train_time:141.050s step_avg:1932.20ms
step:74/3250 train_time:142.876s step_avg:1930.75ms
step:75/3250 train_time:144.980s step_avg:1933.06ms
step:76/3250 train_time:146.805s step_avg:1931.64ms
step:77/3250 train_time:148.631s step_avg:1930.28ms
step:78/3250 train_time:150.457s step_avg:1928.93ms
step:79/3250 train_time:152.283s step_avg:1927.63ms
step:80/3250 train_time:154.108s step_avg:1926.36ms
step:81/3250 train_time:156.769s step_avg:1935.42ms
step:82/3250 train_time:158.595s step_avg:1934.08ms
step:83/3250 train_time:160.420s step_avg:1932.77ms
step:84/3250 train_time:162.246s step_avg:1931.50ms
step:85/3250 train_time:164.072s step_avg:1930.26ms
step:86/3250 train_time:165.899s step_avg:1929.06ms
step:87/3250 train_time:167.725s step_avg:1927.88ms
step:88/3250 train_time:169.552s step_avg:1926.73ms
step:89/3250 train_time:171.379s step_avg:1925.61ms
step:90/3250 train_time:173.205s step_avg:1924.51ms
step:91/3250 train_time:175.031s step_avg:1923.42ms
step:92/3250 train_time:176.857s step_avg:1922.35ms
step:93/3250 train_time:178.683s step_avg:1921.32ms
step:94/3250 train_time:180.508s step_avg:1920.30ms
step:95/3250 train_time:182.333s step_avg:1919.30ms
step:96/3250 train_time:184.160s step_avg:1918.34ms
step:97/3250 train_time:186.821s step_avg:1925.99ms
step:98/3250 train_time:188.645s step_avg:1924.95ms
step:99/3250 train_time:190.471s step_avg:1923.95ms
step:100/3250 train_time:192.569s step_avg:1925.69ms
step:101/3250 train_time:194.395s step_avg:1924.70ms
step:102/3250 train_time:196.221s step_avg:1923.73ms
step:103/3250 train_time:198.046s step_avg:1922.77ms
step:104/3250 train_time:199.870s step_avg:1921.83ms
step:105/3250 train_time:201.696s step_avg:1920.92ms
step:106/3250 train_time:203.522s step_avg:1920.02ms
step:107/3250 train_time:205.347s step_avg:1919.13ms
step:108/3250 train_time:207.172s step_avg:1918.26ms
step:109/3250 train_time:208.997s step_avg:1917.41ms
step:110/3250 train_time:210.824s step_avg:1916.58ms
step:111/3250 train_time:212.650s step_avg:1915.76ms
step:112/3250 train_time:214.475s step_avg:1914.96ms
step:113/3250 train_time:217.136s step_avg:1921.56ms
step:114/3250 train_time:218.960s step_avg:1920.70ms
step:115/3250 train_time:220.784s step_avg:1919.86ms
step:116/3250 train_time:222.610s step_avg:1919.05ms
step:117/3250 train_time:224.436s step_avg:1918.26ms
step:118/3250 train_time:226.262s step_avg:1917.47ms
step:119/3250 train_time:228.086s step_avg:1916.69ms
step:120/3250 train_time:229.911s step_avg:1915.93ms
step:121/3250 train_time:231.738s step_avg:1915.19ms
step:122/3250 train_time:233.566s step_avg:1914.48ms
step:123/3250 train_time:235.393s step_avg:1913.77ms
step:124/3250 train_time:237.220s step_avg:1913.07ms
step:125/3250 train_time:239.391s step_avg:1915.13ms
step:125/3250 val_loss:4.52235 train_time:239.392s step_avg:1915.13ms
step:126/3250 train_time:241.220s step_avg:1914.45ms
step:127/3250 train_time:243.048s step_avg:1913.76ms
step:128/3250 train_time:244.876s step_avg:1913.10ms
step:129/3250 train_time:247.537s step_avg:1918.89ms
step:130/3250 train_time:249.364s step_avg:1918.18ms
step:131/3250 train_time:251.190s step_avg:1917.48ms
step:132/3250 train_time:253.015s step_avg:1916.78ms
step:133/3250 train_time:254.842s step_avg:1916.11ms
step:134/3250 train_time:256.667s step_avg:1915.42ms
step:135/3250 train_time:258.492s step_avg:1914.76ms
step:136/3250 train_time:260.318s step_avg:1914.10ms
step:137/3250 train_time:262.144s step_avg:1913.46ms
step:138/3250 train_time:263.970s step_avg:1912.83ms
step:139/3250 train_time:265.795s step_avg:1912.20ms
step:140/3250 train_time:267.620s step_avg:1911.57ms
step:141/3250 train_time:269.445s step_avg:1910.95ms
step:142/3250 train_time:271.269s step_avg:1910.34ms
step:143/3250 train_time:273.094s step_avg:1909.75ms
step:144/3250 train_time:274.919s step_avg:1909.16ms
step:145/3250 train_time:277.578s step_avg:1914.33ms
step:146/3250 train_time:279.403s step_avg:1913.72ms
step:147/3250 train_time:281.229s step_avg:1913.12ms
step:148/3250 train_time:283.054s step_avg:1912.53ms
step:149/3250 train_time:284.880s step_avg:1911.95ms
step:150/3250 train_time:286.978s step_avg:1913.19ms
step:151/3250 train_time:288.803s step_avg:1912.60ms
step:152/3250 train_time:290.628s step_avg:1912.03ms
step:153/3250 train_time:292.454s step_avg:1911.46ms
step:154/3250 train_time:294.278s step_avg:1910.90ms
step:155/3250 train_time:296.102s step_avg:1910.34ms
step:156/3250 train_time:297.927s step_avg:1909.79ms
step:157/3250 train_time:299.751s step_avg:1909.24ms
step:158/3250 train_time:301.575s step_avg:1908.70ms
step:159/3250 train_time:303.401s step_avg:1908.18ms
step:160/3250 train_time:305.226s step_avg:1907.66ms
step:161/3250 train_time:307.885s step_avg:1912.33ms
step:162/3250 train_time:309.710s step_avg:1911.79ms
step:163/3250 train_time:311.533s step_avg:1911.24ms
step:164/3250 train_time:313.356s step_avg:1910.71ms
step:165/3250 train_time:315.181s step_avg:1910.19ms
step:166/3250 train_time:317.006s step_avg:1909.67ms
step:167/3250 train_time:318.830s step_avg:1909.16ms
step:168/3250 train_time:320.654s step_avg:1908.65ms
step:169/3250 train_time:322.477s step_avg:1908.15ms
step:170/3250 train_time:324.302s step_avg:1907.66ms
step:171/3250 train_time:326.127s step_avg:1907.17ms
step:172/3250 train_time:327.951s step_avg:1906.69ms
step:173/3250 train_time:329.775s step_avg:1906.21ms
step:174/3250 train_time:331.601s step_avg:1905.75ms
step:175/3250 train_time:333.698s step_avg:1906.85ms
step:176/3250 train_time:335.522s step_avg:1906.38ms
step:177/3250 train_time:338.182s step_avg:1910.64ms
step:178/3250 train_time:340.007s step_avg:1910.15ms
step:179/3250 train_time:341.835s step_avg:1909.69ms
step:180/3250 train_time:343.660s step_avg:1909.22ms
step:181/3250 train_time:345.484s step_avg:1908.75ms
step:182/3250 train_time:347.308s step_avg:1908.28ms
step:183/3250 train_time:349.133s step_avg:1907.83ms
step:184/3250 train_time:350.958s step_avg:1907.38ms
step:185/3250 train_time:352.783s step_avg:1906.94ms
step:186/3250 train_time:354.608s step_avg:1906.50ms
step:187/3250 train_time:356.434s step_avg:1906.06ms
step:188/3250 train_time:358.258s step_avg:1905.63ms
step:189/3250 train_time:360.083s step_avg:1905.20ms
step:190/3250 train_time:361.907s step_avg:1904.77ms
step:191/3250 train_time:363.837s step_avg:1904.91ms
step:192/3250 train_time:365.662s step_avg:1904.49ms
step:193/3250 train_time:368.321s step_avg:1908.40ms
step:194/3250 train_time:370.144s step_avg:1907.96ms
step:195/3250 train_time:371.969s step_avg:1907.53ms
step:196/3250 train_time:373.793s step_avg:1907.11ms
step:197/3250 train_time:375.617s step_avg:1906.68ms
step:198/3250 train_time:377.440s step_avg:1906.26ms
step:199/3250 train_time:379.263s step_avg:1905.85ms
step:200/3250 train_time:381.360s step_avg:1906.80ms
step:201/3250 train_time:383.184s step_avg:1906.39ms
step:202/3250 train_time:385.008s step_avg:1905.98ms
step:203/3250 train_time:386.832s step_avg:1905.58ms
step:204/3250 train_time:388.655s step_avg:1905.17ms
step:205/3250 train_time:390.478s step_avg:1904.77ms
step:206/3250 train_time:392.303s step_avg:1904.38ms
step:207/3250 train_time:394.128s step_avg:1904.00ms
step:208/3250 train_time:395.952s step_avg:1903.62ms
step:209/3250 train_time:398.610s step_avg:1907.23ms
step:210/3250 train_time:400.434s step_avg:1906.83ms
step:211/3250 train_time:402.257s step_avg:1906.43ms
step:212/3250 train_time:404.081s step_avg:1906.04ms
step:213/3250 train_time:405.905s step_avg:1905.66ms
step:214/3250 train_time:407.728s step_avg:1905.27ms
step:215/3250 train_time:409.552s step_avg:1904.89ms
step:216/3250 train_time:411.376s step_avg:1904.52ms
step:217/3250 train_time:413.199s step_avg:1904.14ms
step:218/3250 train_time:415.023s step_avg:1903.78ms
step:219/3250 train_time:416.848s step_avg:1903.41ms
step:220/3250 train_time:418.671s step_avg:1903.05ms
step:221/3250 train_time:420.494s step_avg:1902.69ms
step:222/3250 train_time:422.319s step_avg:1902.34ms
step:223/3250 train_time:424.143s step_avg:1901.99ms
step:224/3250 train_time:425.968s step_avg:1901.64ms
step:225/3250 train_time:428.899s step_avg:1906.22ms
step:226/3250 train_time:430.721s step_avg:1905.85ms
step:227/3250 train_time:432.546s step_avg:1905.49ms
step:228/3250 train_time:434.369s step_avg:1905.13ms
step:229/3250 train_time:436.192s step_avg:1904.77ms
step:230/3250 train_time:438.015s step_avg:1904.41ms
step:231/3250 train_time:439.838s step_avg:1904.06ms
step:232/3250 train_time:441.663s step_avg:1903.72ms
step:233/3250 train_time:443.487s step_avg:1903.38ms
step:234/3250 train_time:445.310s step_avg:1903.03ms
step:235/3250 train_time:447.133s step_avg:1902.69ms
step:236/3250 train_time:448.956s step_avg:1902.35ms
step:237/3250 train_time:450.779s step_avg:1902.02ms
step:238/3250 train_time:452.603s step_avg:1901.69ms
step:239/3250 train_time:454.427s step_avg:1901.37ms
step:240/3250 train_time:456.250s step_avg:1901.04ms
step:241/3250 train_time:458.908s step_avg:1904.18ms
step:242/3250 train_time:460.731s step_avg:1903.85ms
step:243/3250 train_time:462.555s step_avg:1903.52ms
step:244/3250 train_time:464.380s step_avg:1903.20ms
step:245/3250 train_time:466.204s step_avg:1902.87ms
step:246/3250 train_time:468.028s step_avg:1902.55ms
step:247/3250 train_time:469.851s step_avg:1902.23ms
step:248/3250 train_time:471.675s step_avg:1901.91ms
step:249/3250 train_time:473.499s step_avg:1901.60ms
step:250/3250 train_time:475.660s step_avg:1902.64ms
step:250/3250 val_loss:4.05362 train_time:475.661s step_avg:1890.15ms
step:251/3250 train_time:477.486s step_avg:1902.33ms
step:252/3250 train_time:479.310s step_avg:1902.02ms
step:253/3250 train_time:481.134s step_avg:1901.71ms
step:254/3250 train_time:482.957s step_avg:1901.41ms
step:255/3250 train_time:484.781s step_avg:1901.10ms
step:256/3250 train_time:486.604s step_avg:1900.80ms
step:257/3250 train_time:489.263s step_avg:1903.75ms
step:258/3250 train_time:491.086s step_avg:1903.43ms
step:259/3250 train_time:492.909s step_avg:1903.12ms
step:260/3250 train_time:494.733s step_avg:1902.82ms
step:261/3250 train_time:496.556s step_avg:1902.51ms
step:262/3250 train_time:498.380s step_avg:1902.21ms
step:263/3250 train_time:500.205s step_avg:1901.92ms
step:264/3250 train_time:502.028s step_avg:1901.62ms
step:265/3250 train_time:503.852s step_avg:1901.33ms
step:266/3250 train_time:505.675s step_avg:1901.03ms
step:267/3250 train_time:507.498s step_avg:1900.74ms
step:268/3250 train_time:509.321s step_avg:1900.45ms
step:269/3250 train_time:511.145s step_avg:1900.17ms
step:270/3250 train_time:512.968s step_avg:1899.88ms
step:271/3250 train_time:514.791s step_avg:1899.60ms
step:272/3250 train_time:516.615s step_avg:1899.32ms
step:273/3250 train_time:519.273s step_avg:1902.10ms
step:274/3250 train_time:521.096s step_avg:1901.81ms
step:275/3250 train_time:523.192s step_avg:1902.52ms
step:276/3250 train_time:525.015s step_avg:1902.23ms
step:277/3250 train_time:526.839s step_avg:1901.94ms
step:278/3250 train_time:528.662s step_avg:1901.66ms
step:279/3250 train_time:530.484s step_avg:1901.38ms
step:280/3250 train_time:532.308s step_avg:1901.10ms
step:281/3250 train_time:534.131s step_avg:1900.82ms
step:282/3250 train_time:535.955s step_avg:1900.55ms
step:283/3250 train_time:537.778s step_avg:1900.27ms
step:284/3250 train_time:539.600s step_avg:1900.00ms
step:285/3250 train_time:541.425s step_avg:1899.74ms
step:286/3250 train_time:543.248s step_avg:1899.47ms
step:287/3250 train_time:545.072s step_avg:1899.21ms
step:288/3250 train_time:546.896s step_avg:1898.94ms
step:289/3250 train_time:549.554s step_avg:1901.57ms
step:290/3250 train_time:551.378s step_avg:1901.30ms
step:291/3250 train_time:553.201s step_avg:1901.03ms
step:292/3250 train_time:555.024s step_avg:1900.77ms
step:293/3250 train_time:556.847s step_avg:1900.50ms
step:294/3250 train_time:558.670s step_avg:1900.24ms
step:295/3250 train_time:560.495s step_avg:1899.98ms
step:296/3250 train_time:562.318s step_avg:1899.72ms
step:297/3250 train_time:564.140s step_avg:1899.46ms
step:298/3250 train_time:565.963s step_avg:1899.20ms
step:299/3250 train_time:567.786s step_avg:1898.95ms
step:300/3250 train_time:569.881s step_avg:1899.60ms
step:301/3250 train_time:571.706s step_avg:1899.35ms
step:302/3250 train_time:573.528s step_avg:1899.10ms
step:303/3250 train_time:575.351s step_avg:1898.85ms
step:304/3250 train_time:577.173s step_avg:1898.60ms
step:305/3250 train_time:579.831s step_avg:1901.09ms
step:306/3250 train_time:581.654s step_avg:1900.83ms
step:307/3250 train_time:583.476s step_avg:1900.57ms
step:308/3250 train_time:585.300s step_avg:1900.33ms
step:309/3250 train_time:587.124s step_avg:1900.08ms
step:310/3250 train_time:588.946s step_avg:1899.83ms
step:311/3250 train_time:590.770s step_avg:1899.58ms
step:312/3250 train_time:592.592s step_avg:1899.33ms
step:313/3250 train_time:594.416s step_avg:1899.09ms
step:314/3250 train_time:596.239s step_avg:1898.85ms
step:315/3250 train_time:598.063s step_avg:1898.61ms
step:316/3250 train_time:599.888s step_avg:1898.38ms
step:317/3250 train_time:601.711s step_avg:1898.14ms
step:318/3250 train_time:603.535s step_avg:1897.91ms
step:319/3250 train_time:605.359s step_avg:1897.68ms
step:320/3250 train_time:607.183s step_avg:1897.45ms
step:321/3250 train_time:609.841s step_avg:1899.81ms
step:322/3250 train_time:611.665s step_avg:1899.58ms
step:323/3250 train_time:613.487s step_avg:1899.34ms
step:324/3250 train_time:615.310s step_avg:1899.10ms
step:325/3250 train_time:617.405s step_avg:1899.71ms
step:326/3250 train_time:619.227s step_avg:1899.47ms
step:327/3250 train_time:621.051s step_avg:1899.24ms
step:328/3250 train_time:622.874s step_avg:1899.01ms
step:329/3250 train_time:624.697s step_avg:1898.78ms
step:330/3250 train_time:626.520s step_avg:1898.54ms
step:331/3250 train_time:628.343s step_avg:1898.32ms
step:332/3250 train_time:630.167s step_avg:1898.09ms
step:333/3250 train_time:631.992s step_avg:1897.87ms
step:334/3250 train_time:633.815s step_avg:1897.65ms
step:335/3250 train_time:635.638s step_avg:1897.43ms
step:336/3250 train_time:637.460s step_avg:1897.20ms
step:337/3250 train_time:640.119s step_avg:1899.46ms
step:338/3250 train_time:641.941s step_avg:1899.23ms
step:339/3250 train_time:643.764s step_avg:1899.01ms
step:340/3250 train_time:645.587s step_avg:1898.78ms
step:341/3250 train_time:647.409s step_avg:1898.56ms
step:342/3250 train_time:649.232s step_avg:1898.34ms
step:343/3250 train_time:651.056s step_avg:1898.12ms
step:344/3250 train_time:652.879s step_avg:1897.90ms
step:345/3250 train_time:654.702s step_avg:1897.69ms
step:346/3250 train_time:656.526s step_avg:1897.47ms
step:347/3250 train_time:658.348s step_avg:1897.26ms
step:348/3250 train_time:660.171s step_avg:1897.04ms
step:349/3250 train_time:661.993s step_avg:1896.83ms
step:350/3250 train_time:664.088s step_avg:1897.40ms
step:351/3250 train_time:665.912s step_avg:1897.18ms
step:352/3250 train_time:667.735s step_avg:1896.97ms
step:353/3250 train_time:670.393s step_avg:1899.13ms
step:354/3250 train_time:672.216s step_avg:1898.92ms
step:355/3250 train_time:674.040s step_avg:1898.71ms
step:356/3250 train_time:675.863s step_avg:1898.49ms
step:357/3250 train_time:677.685s step_avg:1898.28ms
step:358/3250 train_time:679.507s step_avg:1898.06ms
step:359/3250 train_time:681.331s step_avg:1897.86ms
step:360/3250 train_time:683.154s step_avg:1897.65ms
step:361/3250 train_time:684.977s step_avg:1897.44ms
step:362/3250 train_time:686.799s step_avg:1897.24ms
step:363/3250 train_time:688.622s step_avg:1897.03ms
step:364/3250 train_time:690.447s step_avg:1896.83ms
step:365/3250 train_time:692.270s step_avg:1896.63ms
step:366/3250 train_time:694.092s step_avg:1896.43ms
step:367/3250 train_time:695.915s step_avg:1896.23ms
step:368/3250 train_time:697.737s step_avg:1896.03ms
step:369/3250 train_time:700.395s step_avg:1898.09ms
step:370/3250 train_time:702.217s step_avg:1897.88ms
step:371/3250 train_time:704.039s step_avg:1897.68ms
step:372/3250 train_time:705.862s step_avg:1897.48ms
step:373/3250 train_time:707.685s step_avg:1897.28ms
step:374/3250 train_time:709.508s step_avg:1897.08ms
step:375/3250 train_time:711.668s step_avg:1897.78ms
step:375/3250 val_loss:3.89633 train_time:711.668s step_avg:1888.06ms
step:376/3250 train_time:713.492s step_avg:1897.59ms
step:377/3250 train_time:715.315s step_avg:1897.39ms
step:378/3250 train_time:717.139s step_avg:1897.19ms
step:379/3250 train_time:718.963s step_avg:1897.00ms
step:380/3250 train_time:720.786s step_avg:1896.80ms
step:381/3250 train_time:722.637s step_avg:1896.69ms
step:382/3250 train_time:724.461s step_avg:1896.49ms
step:383/3250 train_time:726.284s step_avg:1896.30ms
step:384/3250 train_time:728.107s step_avg:1896.11ms
step:385/3250 train_time:730.766s step_avg:1898.09ms
step:386/3250 train_time:732.589s step_avg:1897.90ms
step:387/3250 train_time:734.411s step_avg:1897.70ms
step:388/3250 train_time:736.236s step_avg:1897.51ms
step:389/3250 train_time:738.058s step_avg:1897.32ms
step:390/3250 train_time:739.881s step_avg:1897.13ms
step:391/3250 train_time:741.705s step_avg:1896.94ms
step:392/3250 train_time:743.527s step_avg:1896.75ms
step:393/3250 train_time:745.349s step_avg:1896.56ms
step:394/3250 train_time:747.172s step_avg:1896.38ms
step:395/3250 train_time:748.995s step_avg:1896.19ms
step:396/3250 train_time:750.819s step_avg:1896.01ms
step:397/3250 train_time:752.641s step_avg:1895.82ms
step:398/3250 train_time:754.465s step_avg:1895.64ms
step:399/3250 train_time:756.287s step_avg:1895.46ms
step:400/3250 train_time:758.386s step_avg:1895.97ms
step:401/3250 train_time:761.045s step_avg:1897.87ms
step:402/3250 train_time:762.867s step_avg:1897.68ms
step:403/3250 train_time:764.689s step_avg:1897.49ms
step:404/3250 train_time:766.512s step_avg:1897.31ms
step:405/3250 train_time:768.338s step_avg:1897.13ms
step:406/3250 train_time:770.160s step_avg:1896.95ms
step:407/3250 train_time:771.982s step_avg:1896.76ms
step:408/3250 train_time:773.804s step_avg:1896.58ms
step:409/3250 train_time:775.626s step_avg:1896.40ms
step:410/3250 train_time:777.449s step_avg:1896.22ms
step:411/3250 train_time:779.272s step_avg:1896.04ms
step:412/3250 train_time:781.094s step_avg:1895.86ms
step:413/3250 train_time:782.917s step_avg:1895.68ms
step:414/3250 train_time:784.740s step_avg:1895.51ms
step:415/3250 train_time:786.563s step_avg:1895.33ms
step:416/3250 train_time:788.387s step_avg:1895.16ms
step:417/3250 train_time:791.044s step_avg:1896.99ms
step:418/3250 train_time:792.867s step_avg:1896.81ms
step:419/3250 train_time:794.689s step_avg:1896.63ms
step:420/3250 train_time:796.512s step_avg:1896.46ms
step:421/3250 train_time:798.337s step_avg:1896.29ms
step:422/3250 train_time:800.161s step_avg:1896.11ms
step:423/3250 train_time:801.984s step_avg:1895.94ms
step:424/3250 train_time:803.806s step_avg:1895.77ms
step:425/3250 train_time:805.900s step_avg:1896.24ms
step:426/3250 train_time:807.722s step_avg:1896.06ms
step:427/3250 train_time:809.545s step_avg:1895.89ms
step:428/3250 train_time:811.368s step_avg:1895.72ms
step:429/3250 train_time:813.191s step_avg:1895.55ms
step:430/3250 train_time:815.013s step_avg:1895.38ms
step:431/3250 train_time:816.835s step_avg:1895.21ms
step:432/3250 train_time:818.658s step_avg:1895.04ms
step:433/3250 train_time:821.315s step_avg:1896.80ms
step:434/3250 train_time:823.137s step_avg:1896.63ms
step:435/3250 train_time:824.958s step_avg:1896.46ms
step:436/3250 train_time:826.780s step_avg:1896.28ms
step:437/3250 train_time:828.602s step_avg:1896.11ms
step:438/3250 train_time:830.425s step_avg:1895.95ms
step:439/3250 train_time:832.247s step_avg:1895.78ms
step:440/3250 train_time:834.069s step_avg:1895.61ms
step:441/3250 train_time:835.890s step_avg:1895.44ms
step:442/3250 train_time:837.715s step_avg:1895.28ms
step:443/3250 train_time:839.539s step_avg:1895.12ms
step:444/3250 train_time:841.361s step_avg:1894.96ms
step:445/3250 train_time:843.184s step_avg:1894.79ms
step:446/3250 train_time:845.006s step_avg:1894.63ms
step:447/3250 train_time:846.830s step_avg:1894.47ms
step:448/3250 train_time:848.654s step_avg:1894.32ms
step:449/3250 train_time:851.311s step_avg:1896.02ms
step:450/3250 train_time:853.407s step_avg:1896.46ms
step:451/3250 train_time:855.229s step_avg:1896.30ms
step:452/3250 train_time:857.054s step_avg:1896.14ms
step:453/3250 train_time:858.878s step_avg:1895.98ms
step:454/3250 train_time:860.700s step_avg:1895.81ms
step:455/3250 train_time:862.522s step_avg:1895.65ms
step:456/3250 train_time:864.345s step_avg:1895.49ms
step:457/3250 train_time:866.168s step_avg:1895.34ms
step:458/3250 train_time:867.992s step_avg:1895.18ms
step:459/3250 train_time:869.815s step_avg:1895.02ms
step:460/3250 train_time:871.638s step_avg:1894.86ms
step:461/3250 train_time:873.461s step_avg:1894.71ms
step:462/3250 train_time:875.284s step_avg:1894.55ms
step:463/3250 train_time:877.107s step_avg:1894.40ms
step:464/3250 train_time:878.931s step_avg:1894.25ms
step:465/3250 train_time:881.588s step_avg:1895.89ms
step:466/3250 train_time:883.410s step_avg:1895.73ms
step:467/3250 train_time:885.232s step_avg:1895.57ms
step:468/3250 train_time:887.055s step_avg:1895.42ms
step:469/3250 train_time:888.879s step_avg:1895.26ms
step:470/3250 train_time:890.701s step_avg:1895.11ms
step:471/3250 train_time:892.523s step_avg:1894.95ms
step:472/3250 train_time:894.345s step_avg:1894.80ms
step:473/3250 train_time:896.167s step_avg:1894.65ms
step:474/3250 train_time:897.991s step_avg:1894.50ms
step:475/3250 train_time:900.087s step_avg:1894.92ms
step:476/3250 train_time:901.910s step_avg:1894.77ms
step:477/3250 train_time:903.732s step_avg:1894.62ms
step:478/3250 train_time:905.554s step_avg:1894.47ms
step:479/3250 train_time:907.377s step_avg:1894.31ms
step:480/3250 train_time:909.200s step_avg:1894.17ms
step:481/3250 train_time:911.857s step_avg:1895.75ms
step:482/3250 train_time:913.679s step_avg:1895.60ms
step:483/3250 train_time:915.500s step_avg:1895.45ms
step:484/3250 train_time:917.322s step_avg:1895.29ms
step:485/3250 train_time:919.146s step_avg:1895.15ms
step:486/3250 train_time:920.968s step_avg:1895.00ms
step:487/3250 train_time:922.790s step_avg:1894.85ms
step:488/3250 train_time:924.612s step_avg:1894.70ms
step:489/3250 train_time:926.437s step_avg:1894.56ms
step:490/3250 train_time:928.262s step_avg:1894.41ms
step:491/3250 train_time:930.084s step_avg:1894.27ms
step:492/3250 train_time:931.906s step_avg:1894.12ms
step:493/3250 train_time:933.729s step_avg:1893.97ms
step:494/3250 train_time:935.552s step_avg:1893.83ms
step:495/3250 train_time:937.374s step_avg:1893.69ms
step:496/3250 train_time:939.197s step_avg:1893.54ms
step:497/3250 train_time:941.854s step_avg:1895.08ms
step:498/3250 train_time:943.676s step_avg:1894.93ms
step:499/3250 train_time:945.497s step_avg:1894.78ms
step:500/3250 train_time:947.657s step_avg:1895.31ms
step:500/3250 val_loss:3.80970 train_time:947.657s step_avg:1887.91ms
step:501/3250 train_time:949.479s step_avg:1895.17ms
step:502/3250 train_time:951.302s step_avg:1895.02ms
step:503/3250 train_time:953.124s step_avg:1894.88ms
step:504/3250 train_time:954.947s step_avg:1894.74ms
step:505/3250 train_time:956.770s step_avg:1894.59ms
step:506/3250 train_time:958.593s step_avg:1894.45ms
step:507/3250 train_time:960.415s step_avg:1894.31ms
step:508/3250 train_time:962.238s step_avg:1894.17ms
step:509/3250 train_time:964.061s step_avg:1894.03ms
step:510/3250 train_time:965.883s step_avg:1893.89ms
step:511/3250 train_time:967.707s step_avg:1893.75ms
step:512/3250 train_time:969.530s step_avg:1893.61ms
step:513/3250 train_time:972.187s step_avg:1895.10ms
step:514/3250 train_time:974.009s step_avg:1894.96ms
step:515/3250 train_time:975.832s step_avg:1894.82ms
step:516/3250 train_time:977.656s step_avg:1894.68ms
step:517/3250 train_time:979.478s step_avg:1894.54ms
step:518/3250 train_time:981.300s step_avg:1894.40ms
step:519/3250 train_time:983.121s step_avg:1894.26ms
step:520/3250 train_time:984.943s step_avg:1894.12ms
step:521/3250 train_time:986.766s step_avg:1893.99ms
step:522/3250 train_time:988.589s step_avg:1893.85ms
step:523/3250 train_time:990.411s step_avg:1893.71ms
step:524/3250 train_time:992.234s step_avg:1893.58ms
step:525/3250 train_time:994.329s step_avg:1893.96ms
step:526/3250 train_time:996.151s step_avg:1893.82ms
step:527/3250 train_time:997.975s step_avg:1893.69ms
step:528/3250 train_time:999.797s step_avg:1893.56ms
step:529/3250 train_time:1002.454s step_avg:1895.00ms
step:530/3250 train_time:1004.276s step_avg:1894.86ms
step:531/3250 train_time:1006.099s step_avg:1894.72ms
step:532/3250 train_time:1007.922s step_avg:1894.59ms
step:533/3250 train_time:1009.744s step_avg:1894.45ms
step:534/3250 train_time:1011.565s step_avg:1894.32ms
step:535/3250 train_time:1013.388s step_avg:1894.18ms
step:536/3250 train_time:1015.211s step_avg:1894.05ms
step:537/3250 train_time:1017.034s step_avg:1893.92ms
step:538/3250 train_time:1018.857s step_avg:1893.79ms
step:539/3250 train_time:1020.678s step_avg:1893.65ms
step:540/3250 train_time:1022.500s step_avg:1893.52ms
step:541/3250 train_time:1024.323s step_avg:1893.39ms
step:542/3250 train_time:1026.146s step_avg:1893.26ms
step:543/3250 train_time:1027.969s step_avg:1893.13ms
step:544/3250 train_time:1029.791s step_avg:1893.00ms
step:545/3250 train_time:1032.448s step_avg:1894.40ms
step:546/3250 train_time:1034.269s step_avg:1894.27ms
step:547/3250 train_time:1036.092s step_avg:1894.13ms
step:548/3250 train_time:1037.914s step_avg:1894.00ms
step:549/3250 train_time:1039.736s step_avg:1893.87ms
step:550/3250 train_time:1041.830s step_avg:1894.24ms
step:551/3250 train_time:1043.652s step_avg:1894.10ms
step:552/3250 train_time:1045.473s step_avg:1893.97ms
step:553/3250 train_time:1047.296s step_avg:1893.84ms
step:554/3250 train_time:1049.118s step_avg:1893.71ms
step:555/3250 train_time:1050.939s step_avg:1893.58ms
step:556/3250 train_time:1052.762s step_avg:1893.46ms
step:557/3250 train_time:1054.585s step_avg:1893.33ms
step:558/3250 train_time:1056.406s step_avg:1893.20ms
step:559/3250 train_time:1058.228s step_avg:1893.07ms
step:560/3250 train_time:1060.050s step_avg:1892.95ms
step:561/3250 train_time:1062.706s step_avg:1894.31ms
step:562/3250 train_time:1064.527s step_avg:1894.18ms
step:563/3250 train_time:1066.349s step_avg:1894.05ms
step:564/3250 train_time:1068.173s step_avg:1893.92ms
step:565/3250 train_time:1069.995s step_avg:1893.80ms
step:566/3250 train_time:1071.817s step_avg:1893.67ms
step:567/3250 train_time:1073.638s step_avg:1893.54ms
step:568/3250 train_time:1075.459s step_avg:1893.41ms
step:569/3250 train_time:1077.283s step_avg:1893.29ms
step:570/3250 train_time:1079.105s step_avg:1893.17ms
step:571/3250 train_time:1080.962s step_avg:1893.10ms
step:572/3250 train_time:1082.783s step_avg:1892.98ms
step:573/3250 train_time:1084.606s step_avg:1892.85ms
step:574/3250 train_time:1086.427s step_avg:1892.73ms
step:575/3250 train_time:1088.523s step_avg:1893.08ms
step:576/3250 train_time:1090.344s step_avg:1892.96ms
step:577/3250 train_time:1093.000s step_avg:1894.28ms
step:578/3250 train_time:1094.823s step_avg:1894.16ms
step:579/3250 train_time:1096.645s step_avg:1894.03ms
step:580/3250 train_time:1098.469s step_avg:1893.91ms
step:581/3250 train_time:1100.291s step_avg:1893.79ms
step:582/3250 train_time:1102.116s step_avg:1893.67ms
step:583/3250 train_time:1103.938s step_avg:1893.55ms
step:584/3250 train_time:1105.760s step_avg:1893.43ms
step:585/3250 train_time:1107.584s step_avg:1893.31ms
step:586/3250 train_time:1109.406s step_avg:1893.19ms
step:587/3250 train_time:1111.230s step_avg:1893.07ms
step:588/3250 train_time:1113.053s step_avg:1892.95ms
step:589/3250 train_time:1114.875s step_avg:1892.83ms
step:590/3250 train_time:1116.698s step_avg:1892.71ms
step:591/3250 train_time:1118.521s step_avg:1892.59ms
step:592/3250 train_time:1120.345s step_avg:1892.47ms
step:593/3250 train_time:1123.002s step_avg:1893.76ms
step:594/3250 train_time:1124.824s step_avg:1893.64ms
step:595/3250 train_time:1126.649s step_avg:1893.53ms
step:596/3250 train_time:1128.471s step_avg:1893.41ms
step:597/3250 train_time:1130.294s step_avg:1893.29ms
step:598/3250 train_time:1132.116s step_avg:1893.17ms
step:599/3250 train_time:1133.938s step_avg:1893.05ms
step:600/3250 train_time:1136.032s step_avg:1893.39ms
step:601/3250 train_time:1137.854s step_avg:1893.27ms
step:602/3250 train_time:1139.677s step_avg:1893.15ms
step:603/3250 train_time:1141.499s step_avg:1893.03ms
step:604/3250 train_time:1143.319s step_avg:1892.91ms
step:605/3250 train_time:1145.140s step_avg:1892.79ms
step:606/3250 train_time:1146.962s step_avg:1892.68ms
step:607/3250 train_time:1148.784s step_avg:1892.56ms
step:608/3250 train_time:1150.606s step_avg:1892.44ms
step:609/3250 train_time:1153.263s step_avg:1893.70ms
step:610/3250 train_time:1155.085s step_avg:1893.58ms
step:611/3250 train_time:1156.906s step_avg:1893.46ms
step:612/3250 train_time:1158.728s step_avg:1893.35ms
step:613/3250 train_time:1160.548s step_avg:1893.23ms
step:614/3250 train_time:1162.369s step_avg:1893.11ms
step:615/3250 train_time:1164.190s step_avg:1892.99ms
step:616/3250 train_time:1166.011s step_avg:1892.88ms
step:617/3250 train_time:1167.838s step_avg:1892.77ms
step:618/3250 train_time:1169.659s step_avg:1892.65ms
step:619/3250 train_time:1171.480s step_avg:1892.54ms
step:620/3250 train_time:1173.301s step_avg:1892.42ms
step:621/3250 train_time:1175.123s step_avg:1892.31ms
step:622/3250 train_time:1176.945s step_avg:1892.19ms
step:623/3250 train_time:1178.766s step_avg:1892.08ms
step:624/3250 train_time:1180.587s step_avg:1891.97ms
step:625/3250 train_time:1183.582s step_avg:1893.73ms
step:625/3250 val_loss:3.74693 train_time:1183.582s step_avg:1887.40ms
step:626/3250 train_time:1185.405s step_avg:1893.62ms
step:627/3250 train_time:1187.228s step_avg:1893.51ms
step:628/3250 train_time:1189.050s step_avg:1893.39ms
step:629/3250 train_time:1190.871s step_avg:1893.28ms
step:630/3250 train_time:1192.693s step_avg:1893.16ms
step:631/3250 train_time:1194.515s step_avg:1893.05ms
step:632/3250 train_time:1196.339s step_avg:1892.94ms
step:633/3250 train_time:1198.161s step_avg:1892.83ms
step:634/3250 train_time:1199.982s step_avg:1892.72ms
step:635/3250 train_time:1201.805s step_avg:1892.61ms
step:636/3250 train_time:1203.628s step_avg:1892.50ms
step:637/3250 train_time:1205.452s step_avg:1892.39ms
step:638/3250 train_time:1207.274s step_avg:1892.28ms
step:639/3250 train_time:1209.096s step_avg:1892.17ms
step:640/3250 train_time:1210.918s step_avg:1892.06ms
step:641/3250 train_time:1213.574s step_avg:1893.25ms
step:642/3250 train_time:1215.396s step_avg:1893.14ms
step:643/3250 train_time:1217.217s step_avg:1893.03ms
step:644/3250 train_time:1219.040s step_avg:1892.92ms
step:645/3250 train_time:1220.863s step_avg:1892.81ms
step:646/3250 train_time:1222.686s step_avg:1892.70ms
step:647/3250 train_time:1224.507s step_avg:1892.59ms
step:648/3250 train_time:1226.329s step_avg:1892.48ms
step:649/3250 train_time:1228.151s step_avg:1892.37ms
step:650/3250 train_time:1230.246s step_avg:1892.69ms
step:651/3250 train_time:1232.069s step_avg:1892.58ms
step:652/3250 train_time:1233.891s step_avg:1892.47ms
step:653/3250 train_time:1235.712s step_avg:1892.36ms
step:654/3250 train_time:1237.534s step_avg:1892.25ms
step:655/3250 train_time:1239.354s step_avg:1892.14ms
step:656/3250 train_time:1241.176s step_avg:1892.04ms
step:657/3250 train_time:1243.832s step_avg:1893.20ms
step:658/3250 train_time:1245.655s step_avg:1893.09ms
step:659/3250 train_time:1247.475s step_avg:1892.98ms
step:660/3250 train_time:1249.298s step_avg:1892.88ms
step:661/3250 train_time:1251.119s step_avg:1892.77ms
step:662/3250 train_time:1252.941s step_avg:1892.66ms
step:663/3250 train_time:1254.764s step_avg:1892.55ms
step:664/3250 train_time:1256.587s step_avg:1892.45ms
step:665/3250 train_time:1258.409s step_avg:1892.34ms
step:666/3250 train_time:1260.230s step_avg:1892.24ms
step:667/3250 train_time:1262.052s step_avg:1892.13ms
step:668/3250 train_time:1263.874s step_avg:1892.03ms
step:669/3250 train_time:1265.697s step_avg:1891.92ms
step:670/3250 train_time:1267.519s step_avg:1891.82ms
step:671/3250 train_time:1269.341s step_avg:1891.72ms
step:672/3250 train_time:1271.163s step_avg:1891.61ms
step:673/3250 train_time:1273.820s step_avg:1892.75ms
step:674/3250 train_time:1275.642s step_avg:1892.64ms
step:675/3250 train_time:1277.735s step_avg:1892.94ms
step:676/3250 train_time:1279.556s step_avg:1892.83ms
step:677/3250 train_time:1281.377s step_avg:1892.73ms
step:678/3250 train_time:1283.197s step_avg:1892.62ms
step:679/3250 train_time:1285.019s step_avg:1892.52ms
step:680/3250 train_time:1286.840s step_avg:1892.41ms
step:681/3250 train_time:1288.662s step_avg:1892.31ms
step:682/3250 train_time:1290.483s step_avg:1892.20ms
step:683/3250 train_time:1292.303s step_avg:1892.10ms
step:684/3250 train_time:1294.125s step_avg:1892.00ms
step:685/3250 train_time:1295.948s step_avg:1891.89ms
step:686/3250 train_time:1297.771s step_avg:1891.79ms
step:687/3250 train_time:1299.593s step_avg:1891.69ms
step:688/3250 train_time:1301.415s step_avg:1891.59ms
step:689/3250 train_time:1304.070s step_avg:1892.70ms
step:690/3250 train_time:1305.892s step_avg:1892.60ms
step:691/3250 train_time:1307.713s step_avg:1892.49ms
step:692/3250 train_time:1309.535s step_avg:1892.39ms
step:693/3250 train_time:1311.357s step_avg:1892.29ms
step:694/3250 train_time:1313.180s step_avg:1892.19ms
step:695/3250 train_time:1315.003s step_avg:1892.09ms
step:696/3250 train_time:1316.824s step_avg:1891.99ms
step:697/3250 train_time:1318.645s step_avg:1891.89ms
step:698/3250 train_time:1320.468s step_avg:1891.79ms
step:699/3250 train_time:1322.291s step_avg:1891.69ms
step:700/3250 train_time:1324.387s step_avg:1891.98ms
step:701/3250 train_time:1326.213s step_avg:1891.89ms
step:702/3250 train_time:1328.034s step_avg:1891.79ms
step:703/3250 train_time:1329.855s step_avg:1891.69ms
step:704/3250 train_time:1331.676s step_avg:1891.59ms
step:705/3250 train_time:1334.332s step_avg:1892.67ms
step:706/3250 train_time:1336.154s step_avg:1892.57ms
step:707/3250 train_time:1337.974s step_avg:1892.47ms
step:708/3250 train_time:1339.795s step_avg:1892.37ms
step:709/3250 train_time:1341.617s step_avg:1892.27ms
step:710/3250 train_time:1343.439s step_avg:1892.17ms
step:711/3250 train_time:1345.260s step_avg:1892.07ms
step:712/3250 train_time:1347.082s step_avg:1891.97ms
step:713/3250 train_time:1348.903s step_avg:1891.87ms
step:714/3250 train_time:1350.726s step_avg:1891.77ms
step:715/3250 train_time:1352.548s step_avg:1891.68ms
step:716/3250 train_time:1354.370s step_avg:1891.58ms
step:717/3250 train_time:1356.192s step_avg:1891.48ms
step:718/3250 train_time:1358.013s step_avg:1891.38ms
step:719/3250 train_time:1359.835s step_avg:1891.29ms
step:720/3250 train_time:1361.656s step_avg:1891.19ms
step:721/3250 train_time:1364.313s step_avg:1892.25ms
step:722/3250 train_time:1366.137s step_avg:1892.16ms
step:723/3250 train_time:1367.959s step_avg:1892.06ms
step:724/3250 train_time:1369.780s step_avg:1891.96ms
step:725/3250 train_time:1371.879s step_avg:1892.25ms
step:726/3250 train_time:1373.699s step_avg:1892.15ms
step:727/3250 train_time:1375.522s step_avg:1892.05ms
step:728/3250 train_time:1377.344s step_avg:1891.96ms
step:729/3250 train_time:1379.167s step_avg:1891.86ms
step:730/3250 train_time:1380.988s step_avg:1891.76ms
step:731/3250 train_time:1382.810s step_avg:1891.67ms
step:732/3250 train_time:1384.631s step_avg:1891.57ms
step:733/3250 train_time:1386.454s step_avg:1891.48ms
step:734/3250 train_time:1388.277s step_avg:1891.39ms
step:735/3250 train_time:1390.100s step_avg:1891.29ms
step:736/3250 train_time:1391.922s step_avg:1891.20ms
step:737/3250 train_time:1394.578s step_avg:1892.24ms
step:738/3250 train_time:1396.400s step_avg:1892.14ms
step:739/3250 train_time:1398.221s step_avg:1892.04ms
step:740/3250 train_time:1400.042s step_avg:1891.95ms
step:741/3250 train_time:1401.863s step_avg:1891.85ms
step:742/3250 train_time:1403.685s step_avg:1891.76ms
step:743/3250 train_time:1405.507s step_avg:1891.66ms
step:744/3250 train_time:1407.330s step_avg:1891.57ms
step:745/3250 train_time:1409.151s step_avg:1891.48ms
step:746/3250 train_time:1410.973s step_avg:1891.38ms
step:747/3250 train_time:1412.796s step_avg:1891.29ms
step:748/3250 train_time:1414.617s step_avg:1891.20ms
step:749/3250 train_time:1416.439s step_avg:1891.11ms
step:750/3250 train_time:1418.608s step_avg:1891.48ms
step:750/3250 val_loss:3.71678 train_time:1418.608s step_avg:1880.21ms
step:751/3250 train_time:1420.431s step_avg:1891.39ms
step:752/3250 train_time:1422.252s step_avg:1891.29ms
step:753/3250 train_time:1424.909s step_avg:1892.31ms
step:754/3250 train_time:1426.730s step_avg:1892.21ms
step:755/3250 train_time:1428.550s step_avg:1892.12ms
step:756/3250 train_time:1430.372s step_avg:1892.03ms
step:757/3250 train_time:1432.194s step_avg:1891.93ms
step:758/3250 train_time:1434.017s step_avg:1891.84ms
step:759/3250 train_time:1435.838s step_avg:1891.75ms
step:760/3250 train_time:1437.658s step_avg:1891.66ms
step:761/3250 train_time:1439.515s step_avg:1891.61ms
step:762/3250 train_time:1441.336s step_avg:1891.52ms
step:763/3250 train_time:1443.159s step_avg:1891.43ms
step:764/3250 train_time:1444.979s step_avg:1891.33ms
step:765/3250 train_time:1446.801s step_avg:1891.24ms
step:766/3250 train_time:1448.623s step_avg:1891.15ms
step:767/3250 train_time:1450.445s step_avg:1891.06ms
step:768/3250 train_time:1452.267s step_avg:1890.97ms
step:769/3250 train_time:1454.923s step_avg:1891.97ms
step:770/3250 train_time:1456.744s step_avg:1891.87ms
step:771/3250 train_time:1458.565s step_avg:1891.78ms
step:772/3250 train_time:1460.386s step_avg:1891.69ms
step:773/3250 train_time:1462.206s step_avg:1891.60ms
step:774/3250 train_time:1464.028s step_avg:1891.51ms
step:775/3250 train_time:1466.127s step_avg:1891.78ms
step:776/3250 train_time:1467.948s step_avg:1891.69ms
step:777/3250 train_time:1469.771s step_avg:1891.60ms
step:778/3250 train_time:1471.592s step_avg:1891.51ms
step:779/3250 train_time:1473.414s step_avg:1891.42ms
step:780/3250 train_time:1475.235s step_avg:1891.33ms
step:781/3250 train_time:1477.057s step_avg:1891.24ms
step:782/3250 train_time:1478.881s step_avg:1891.15ms
step:783/3250 train_time:1480.704s step_avg:1891.06ms
step:784/3250 train_time:1482.524s step_avg:1890.97ms
step:785/3250 train_time:1485.181s step_avg:1891.95ms
step:786/3250 train_time:1487.003s step_avg:1891.86ms
step:787/3250 train_time:1488.824s step_avg:1891.77ms
step:788/3250 train_time:1490.645s step_avg:1891.68ms
step:789/3250 train_time:1492.466s step_avg:1891.59ms
step:790/3250 train_time:1494.287s step_avg:1891.50ms
step:791/3250 train_time:1496.110s step_avg:1891.42ms
step:792/3250 train_time:1497.930s step_avg:1891.33ms
step:793/3250 train_time:1499.751s step_avg:1891.24ms
step:794/3250 train_time:1501.574s step_avg:1891.15ms
step:795/3250 train_time:1503.396s step_avg:1891.06ms
step:796/3250 train_time:1505.217s step_avg:1890.98ms
step:797/3250 train_time:1507.037s step_avg:1890.89ms
step:798/3250 train_time:1508.858s step_avg:1890.80ms
step:799/3250 train_time:1510.679s step_avg:1890.71ms
step:800/3250 train_time:1512.781s step_avg:1890.98ms
step:801/3250 train_time:1515.437s step_avg:1891.93ms
step:802/3250 train_time:1517.257s step_avg:1891.84ms
step:803/3250 train_time:1519.076s step_avg:1891.75ms
step:804/3250 train_time:1520.896s step_avg:1891.66ms
step:805/3250 train_time:1522.719s step_avg:1891.58ms
step:806/3250 train_time:1524.540s step_avg:1891.49ms
step:807/3250 train_time:1526.362s step_avg:1891.40ms
step:808/3250 train_time:1528.182s step_avg:1891.31ms
step:809/3250 train_time:1530.004s step_avg:1891.23ms
step:810/3250 train_time:1531.824s step_avg:1891.14ms
step:811/3250 train_time:1533.647s step_avg:1891.06ms
step:812/3250 train_time:1535.468s step_avg:1890.97ms
step:813/3250 train_time:1537.289s step_avg:1890.88ms
step:814/3250 train_time:1539.110s step_avg:1890.80ms
step:815/3250 train_time:1540.932s step_avg:1890.71ms
step:816/3250 train_time:1542.753s step_avg:1890.63ms
step:817/3250 train_time:1545.409s step_avg:1891.56ms
step:818/3250 train_time:1547.228s step_avg:1891.48ms
step:819/3250 train_time:1549.050s step_avg:1891.39ms
step:820/3250 train_time:1550.870s step_avg:1891.30ms
step:821/3250 train_time:1552.691s step_avg:1891.22ms
step:822/3250 train_time:1554.512s step_avg:1891.13ms
step:823/3250 train_time:1556.332s step_avg:1891.05ms
step:824/3250 train_time:1558.153s step_avg:1890.96ms
step:825/3250 train_time:1560.255s step_avg:1891.22ms
step:826/3250 train_time:1562.076s step_avg:1891.13ms
step:827/3250 train_time:1563.899s step_avg:1891.05ms
step:828/3250 train_time:1565.719s step_avg:1890.97ms
step:829/3250 train_time:1567.541s step_avg:1890.88ms
step:830/3250 train_time:1569.362s step_avg:1890.80ms
step:831/3250 train_time:1571.183s step_avg:1890.71ms
step:832/3250 train_time:1573.005s step_avg:1890.63ms
step:833/3250 train_time:1575.661s step_avg:1891.55ms
step:834/3250 train_time:1577.483s step_avg:1891.47ms
step:835/3250 train_time:1579.303s step_avg:1891.38ms
step:836/3250 train_time:1581.123s step_avg:1891.30ms
step:837/3250 train_time:1582.945s step_avg:1891.21ms
step:838/3250 train_time:1584.767s step_avg:1891.13ms
step:839/3250 train_time:1586.589s step_avg:1891.05ms
step:840/3250 train_time:1588.411s step_avg:1890.97ms
step:841/3250 train_time:1590.233s step_avg:1890.88ms
step:842/3250 train_time:1592.053s step_avg:1890.80ms
step:843/3250 train_time:1593.875s step_avg:1890.72ms
step:844/3250 train_time:1595.696s step_avg:1890.64ms
step:845/3250 train_time:1597.518s step_avg:1890.55ms
step:846/3250 train_time:1599.339s step_avg:1890.47ms
step:847/3250 train_time:1601.160s step_avg:1890.39ms
step:848/3250 train_time:1602.981s step_avg:1890.31ms
step:849/3250 train_time:1605.638s step_avg:1891.21ms
step:850/3250 train_time:1607.738s step_avg:1891.46ms
step:851/3250 train_time:1609.559s step_avg:1891.37ms
step:852/3250 train_time:1611.379s step_avg:1891.29ms
step:853/3250 train_time:1613.202s step_avg:1891.21ms
step:854/3250 train_time:1615.023s step_avg:1891.13ms
step:855/3250 train_time:1616.844s step_avg:1891.05ms
step:856/3250 train_time:1618.666s step_avg:1890.96ms
step:857/3250 train_time:1620.487s step_avg:1890.88ms
step:858/3250 train_time:1622.307s step_avg:1890.80ms
step:859/3250 train_time:1624.130s step_avg:1890.72ms
step:860/3250 train_time:1625.952s step_avg:1890.64ms
step:861/3250 train_time:1627.773s step_avg:1890.56ms
step:862/3250 train_time:1629.594s step_avg:1890.48ms
step:863/3250 train_time:1631.415s step_avg:1890.40ms
step:864/3250 train_time:1633.236s step_avg:1890.32ms
step:865/3250 train_time:1635.893s step_avg:1891.21ms
step:866/3250 train_time:1637.715s step_avg:1891.13ms
step:867/3250 train_time:1639.535s step_avg:1891.04ms
step:868/3250 train_time:1641.356s step_avg:1890.96ms
step:869/3250 train_time:1643.179s step_avg:1890.88ms
step:870/3250 train_time:1645.001s step_avg:1890.81ms
step:871/3250 train_time:1646.823s step_avg:1890.73ms
step:872/3250 train_time:1648.644s step_avg:1890.65ms
step:873/3250 train_time:1650.465s step_avg:1890.57ms
step:874/3250 train_time:1652.287s step_avg:1890.49ms
step:875/3250 train_time:1654.446s step_avg:1890.80ms
step:875/3250 val_loss:3.67469 train_time:1654.447s step_avg:1886.70ms
step:876/3250 train_time:1656.270s step_avg:1890.72ms
step:877/3250 train_time:1658.091s step_avg:1890.64ms
step:878/3250 train_time:1659.914s step_avg:1890.56ms
step:879/3250 train_time:1661.735s step_avg:1890.48ms
step:880/3250 train_time:1663.558s step_avg:1890.41ms
step:881/3250 train_time:1666.215s step_avg:1891.28ms
step:882/3250 train_time:1668.036s step_avg:1891.20ms
step:883/3250 train_time:1669.857s step_avg:1891.12ms
step:884/3250 train_time:1671.679s step_avg:1891.04ms
step:885/3250 train_time:1673.502s step_avg:1890.96ms
step:886/3250 train_time:1675.323s step_avg:1890.88ms
step:887/3250 train_time:1677.144s step_avg:1890.81ms
step:888/3250 train_time:1678.965s step_avg:1890.73ms
step:889/3250 train_time:1680.787s step_avg:1890.65ms
step:890/3250 train_time:1682.609s step_avg:1890.57ms
step:891/3250 train_time:1684.431s step_avg:1890.49ms
step:892/3250 train_time:1686.251s step_avg:1890.42ms
step:893/3250 train_time:1688.072s step_avg:1890.34ms
step:894/3250 train_time:1689.894s step_avg:1890.26ms
step:895/3250 train_time:1691.717s step_avg:1890.19ms
step:896/3250 train_time:1693.538s step_avg:1890.11ms
step:897/3250 train_time:1696.194s step_avg:1890.96ms
step:898/3250 train_time:1698.016s step_avg:1890.89ms
step:899/3250 train_time:1699.837s step_avg:1890.81ms
step:900/3250 train_time:1701.936s step_avg:1891.04ms
step:901/3250 train_time:1703.758s step_avg:1890.96ms
step:902/3250 train_time:1705.579s step_avg:1890.89ms
step:903/3250 train_time:1707.399s step_avg:1890.81ms
step:904/3250 train_time:1709.221s step_avg:1890.73ms
step:905/3250 train_time:1711.042s step_avg:1890.65ms
step:906/3250 train_time:1712.863s step_avg:1890.58ms
step:907/3250 train_time:1714.684s step_avg:1890.50ms
step:908/3250 train_time:1716.505s step_avg:1890.42ms
step:909/3250 train_time:1718.326s step_avg:1890.35ms
step:910/3250 train_time:1720.148s step_avg:1890.27ms
step:911/3250 train_time:1721.970s step_avg:1890.20ms
step:912/3250 train_time:1723.791s step_avg:1890.12ms
step:913/3250 train_time:1726.447s step_avg:1890.96ms
step:914/3250 train_time:1728.267s step_avg:1890.88ms
step:915/3250 train_time:1730.088s step_avg:1890.81ms
step:916/3250 train_time:1731.909s step_avg:1890.73ms
step:917/3250 train_time:1733.731s step_avg:1890.66ms
step:918/3250 train_time:1735.553s step_avg:1890.58ms
step:919/3250 train_time:1737.374s step_avg:1890.51ms
step:920/3250 train_time:1739.195s step_avg:1890.43ms
step:921/3250 train_time:1741.017s step_avg:1890.35ms
step:922/3250 train_time:1742.838s step_avg:1890.28ms
step:923/3250 train_time:1744.660s step_avg:1890.21ms
step:924/3250 train_time:1746.481s step_avg:1890.13ms
step:925/3250 train_time:1748.577s step_avg:1890.35ms
step:926/3250 train_time:1750.398s step_avg:1890.28ms
step:927/3250 train_time:1752.219s step_avg:1890.20ms
step:928/3250 train_time:1754.040s step_avg:1890.13ms
step:929/3250 train_time:1756.697s step_avg:1890.95ms
step:930/3250 train_time:1758.518s step_avg:1890.88ms
step:931/3250 train_time:1760.338s step_avg:1890.80ms
step:932/3250 train_time:1762.159s step_avg:1890.73ms
step:933/3250 train_time:1763.981s step_avg:1890.65ms
step:934/3250 train_time:1765.802s step_avg:1890.58ms
step:935/3250 train_time:1767.624s step_avg:1890.51ms
step:936/3250 train_time:1769.444s step_avg:1890.43ms
step:937/3250 train_time:1771.265s step_avg:1890.36ms
step:938/3250 train_time:1773.088s step_avg:1890.29ms
step:939/3250 train_time:1774.911s step_avg:1890.21ms
step:940/3250 train_time:1776.733s step_avg:1890.14ms
step:941/3250 train_time:1778.555s step_avg:1890.07ms
step:942/3250 train_time:1780.376s step_avg:1890.00ms
step:943/3250 train_time:1782.197s step_avg:1889.92ms
step:944/3250 train_time:1784.019s step_avg:1889.85ms
step:945/3250 train_time:1786.675s step_avg:1890.66ms
step:946/3250 train_time:1788.495s step_avg:1890.59ms
step:947/3250 train_time:1790.316s step_avg:1890.51ms
step:948/3250 train_time:1792.138s step_avg:1890.44ms
step:949/3250 train_time:1793.960s step_avg:1890.37ms
step:950/3250 train_time:1796.053s step_avg:1890.58ms
step:951/3250 train_time:1797.909s step_avg:1890.55ms
step:952/3250 train_time:1799.731s step_avg:1890.47ms
step:953/3250 train_time:1801.553s step_avg:1890.40ms
step:954/3250 train_time:1803.374s step_avg:1890.33ms
step:955/3250 train_time:1805.195s step_avg:1890.26ms
step:956/3250 train_time:1807.016s step_avg:1890.18ms
step:957/3250 train_time:1808.836s step_avg:1890.11ms
step:958/3250 train_time:1810.658s step_avg:1890.04ms
step:959/3250 train_time:1812.481s step_avg:1889.97ms
step:960/3250 train_time:1814.302s step_avg:1889.90ms
step:961/3250 train_time:1816.958s step_avg:1890.70ms
step:962/3250 train_time:1818.779s step_avg:1890.62ms
step:963/3250 train_time:1820.600s step_avg:1890.55ms
step:964/3250 train_time:1822.422s step_avg:1890.48ms
step:965/3250 train_time:1824.243s step_avg:1890.41ms
step:966/3250 train_time:1826.064s step_avg:1890.34ms
step:967/3250 train_time:1827.887s step_avg:1890.27ms
step:968/3250 train_time:1829.709s step_avg:1890.20ms
step:969/3250 train_time:1831.531s step_avg:1890.13ms
step:970/3250 train_time:1833.353s step_avg:1890.05ms
step:971/3250 train_time:1835.174s step_avg:1889.98ms
step:972/3250 train_time:1836.995s step_avg:1889.91ms
step:973/3250 train_time:1838.817s step_avg:1889.84ms
step:974/3250 train_time:1840.639s step_avg:1889.77ms
step:975/3250 train_time:1842.734s step_avg:1889.98ms
step:976/3250 train_time:1844.555s step_avg:1889.91ms
step:977/3250 train_time:1847.210s step_avg:1890.70ms
step:978/3250 train_time:1849.032s step_avg:1890.63ms
step:979/3250 train_time:1850.852s step_avg:1890.55ms
step:980/3250 train_time:1852.673s step_avg:1890.48ms
step:981/3250 train_time:1854.494s step_avg:1890.41ms
step:982/3250 train_time:1856.316s step_avg:1890.34ms
step:983/3250 train_time:1858.137s step_avg:1890.27ms
step:984/3250 train_time:1859.959s step_avg:1890.20ms
step:985/3250 train_time:1861.780s step_avg:1890.13ms
step:986/3250 train_time:1863.601s step_avg:1890.06ms
step:987/3250 train_time:1865.423s step_avg:1889.99ms
step:988/3250 train_time:1867.244s step_avg:1889.92ms
step:989/3250 train_time:1869.065s step_avg:1889.85ms
step:990/3250 train_time:1870.887s step_avg:1889.79ms
step:991/3250 train_time:1872.709s step_avg:1889.72ms
step:992/3250 train_time:1874.531s step_avg:1889.65ms
step:993/3250 train_time:1877.187s step_avg:1890.42ms
step:994/3250 train_time:1879.007s step_avg:1890.35ms
step:995/3250 train_time:1880.828s step_avg:1890.28ms
step:996/3250 train_time:1882.650s step_avg:1890.21ms
step:997/3250 train_time:1884.471s step_avg:1890.14ms
step:998/3250 train_time:1886.291s step_avg:1890.07ms
step:999/3250 train_time:1888.112s step_avg:1890.00ms
step:1000/3250 train_time:1890.270s step_avg:1890.27ms
step:1000/3250 val_loss:3.64367 train_time:1890.270s step_avg:1886.59ms
step:1001/3250 train_time:1892.092s step_avg:1890.20ms
step:1002/3250 train_time:1893.914s step_avg:1890.13ms
step:1003/3250 train_time:1895.735s step_avg:1890.07ms
step:1004/3250 train_time:1897.557s step_avg:1890.00ms
step:1005/3250 train_time:1899.378s step_avg:1889.93ms
step:1006/3250 train_time:1901.199s step_avg:1889.86ms
step:1007/3250 train_time:1903.021s step_avg:1889.79ms
step:1008/3250 train_time:1904.844s step_avg:1889.73ms
step:1009/3250 train_time:1907.501s step_avg:1890.49ms
step:1010/3250 train_time:1909.321s step_avg:1890.42ms
step:1011/3250 train_time:1911.143s step_avg:1890.35ms
step:1012/3250 train_time:1912.964s step_avg:1890.28ms
step:1013/3250 train_time:1914.785s step_avg:1890.21ms
step:1014/3250 train_time:1916.606s step_avg:1890.14ms
step:1015/3250 train_time:1918.427s step_avg:1890.08ms
step:1016/3250 train_time:1920.249s step_avg:1890.01ms
step:1017/3250 train_time:1922.070s step_avg:1889.94ms
step:1018/3250 train_time:1923.892s step_avg:1889.87ms
step:1019/3250 train_time:1925.712s step_avg:1889.81ms
step:1020/3250 train_time:1927.533s step_avg:1889.74ms
step:1021/3250 train_time:1929.354s step_avg:1889.67ms
step:1022/3250 train_time:1931.176s step_avg:1889.60ms
step:1023/3250 train_time:1932.997s step_avg:1889.54ms
step:1024/3250 train_time:1934.819s step_avg:1889.47ms
step:1025/3250 train_time:1937.747s step_avg:1890.49ms
step:1026/3250 train_time:1939.568s step_avg:1890.42ms
step:1027/3250 train_time:1941.389s step_avg:1890.35ms
step:1028/3250 train_time:1943.210s step_avg:1890.28ms
step:1029/3250 train_time:1945.030s step_avg:1890.21ms
step:1030/3250 train_time:1946.850s step_avg:1890.15ms
step:1031/3250 train_time:1948.670s step_avg:1890.08ms
step:1032/3250 train_time:1950.492s step_avg:1890.01ms
step:1033/3250 train_time:1952.312s step_avg:1889.94ms
step:1034/3250 train_time:1954.132s step_avg:1889.88ms
step:1035/3250 train_time:1955.952s step_avg:1889.81ms
step:1036/3250 train_time:1957.772s step_avg:1889.74ms
step:1037/3250 train_time:1959.592s step_avg:1889.67ms
step:1038/3250 train_time:1961.413s step_avg:1889.61ms
step:1039/3250 train_time:1963.234s step_avg:1889.54ms
step:1040/3250 train_time:1965.055s step_avg:1889.48ms
step:1041/3250 train_time:1967.710s step_avg:1890.21ms
step:1042/3250 train_time:1969.531s step_avg:1890.14ms
step:1043/3250 train_time:1971.352s step_avg:1890.08ms
step:1044/3250 train_time:1973.172s step_avg:1890.01ms
step:1045/3250 train_time:1974.992s step_avg:1889.94ms
step:1046/3250 train_time:1976.811s step_avg:1889.88ms
step:1047/3250 train_time:1978.632s step_avg:1889.81ms
step:1048/3250 train_time:1980.454s step_avg:1889.75ms
step:1049/3250 train_time:1982.274s step_avg:1889.68ms
step:1050/3250 train_time:1984.371s step_avg:1889.88ms
step:1051/3250 train_time:1986.193s step_avg:1889.81ms
step:1052/3250 train_time:1988.014s step_avg:1889.75ms
step:1053/3250 train_time:1989.835s step_avg:1889.68ms
step:1054/3250 train_time:1991.657s step_avg:1889.62ms
step:1055/3250 train_time:1993.482s step_avg:1889.56ms
step:1056/3250 train_time:1995.303s step_avg:1889.49ms
step:1057/3250 train_time:1997.959s step_avg:1890.22ms
step:1058/3250 train_time:1999.782s step_avg:1890.15ms
step:1059/3250 train_time:2001.602s step_avg:1890.09ms
step:1060/3250 train_time:2003.423s step_avg:1890.02ms
step:1061/3250 train_time:2005.244s step_avg:1889.96ms
step:1062/3250 train_time:2007.065s step_avg:1889.89ms
step:1063/3250 train_time:2008.886s step_avg:1889.83ms
step:1064/3250 train_time:2010.708s step_avg:1889.76ms
step:1065/3250 train_time:2012.529s step_avg:1889.70ms
step:1066/3250 train_time:2014.349s step_avg:1889.63ms
step:1067/3250 train_time:2016.171s step_avg:1889.57ms
step:1068/3250 train_time:2017.992s step_avg:1889.51ms
step:1069/3250 train_time:2019.814s step_avg:1889.44ms
step:1070/3250 train_time:2021.636s step_avg:1889.38ms
step:1071/3250 train_time:2023.457s step_avg:1889.32ms
step:1072/3250 train_time:2025.279s step_avg:1889.25ms
step:1073/3250 train_time:2027.935s step_avg:1889.97ms
step:1074/3250 train_time:2029.757s step_avg:1889.90ms
step:1075/3250 train_time:2031.850s step_avg:1890.09ms
step:1076/3250 train_time:2033.670s step_avg:1890.03ms
step:1077/3250 train_time:2035.491s step_avg:1889.96ms
step:1078/3250 train_time:2037.312s step_avg:1889.90ms
step:1079/3250 train_time:2039.133s step_avg:1889.84ms
step:1080/3250 train_time:2040.954s step_avg:1889.77ms
step:1081/3250 train_time:2042.775s step_avg:1889.71ms
step:1082/3250 train_time:2044.596s step_avg:1889.64ms
step:1083/3250 train_time:2046.417s step_avg:1889.58ms
step:1084/3250 train_time:2048.238s step_avg:1889.52ms
step:1085/3250 train_time:2050.060s step_avg:1889.46ms
step:1086/3250 train_time:2051.882s step_avg:1889.39ms
step:1087/3250 train_time:2053.702s step_avg:1889.33ms
step:1088/3250 train_time:2055.524s step_avg:1889.27ms
step:1089/3250 train_time:2058.179s step_avg:1889.97ms
step:1090/3250 train_time:2060.001s step_avg:1889.91ms
step:1091/3250 train_time:2061.822s step_avg:1889.85ms
step:1092/3250 train_time:2063.644s step_avg:1889.78ms
step:1093/3250 train_time:2065.465s step_avg:1889.72ms
step:1094/3250 train_time:2067.286s step_avg:1889.66ms
step:1095/3250 train_time:2069.107s step_avg:1889.60ms
step:1096/3250 train_time:2070.929s step_avg:1889.53ms
step:1097/3250 train_time:2072.750s step_avg:1889.47ms
step:1098/3250 train_time:2074.571s step_avg:1889.41ms
step:1099/3250 train_time:2076.393s step_avg:1889.35ms
step:1100/3250 train_time:2078.496s step_avg:1889.54ms
step:1101/3250 train_time:2080.317s step_avg:1889.48ms
step:1102/3250 train_time:2082.139s step_avg:1889.42ms
step:1103/3250 train_time:2083.960s step_avg:1889.36ms
step:1104/3250 train_time:2085.782s step_avg:1889.30ms
step:1105/3250 train_time:2088.438s step_avg:1889.99ms
step:1106/3250 train_time:2090.260s step_avg:1889.93ms
step:1107/3250 train_time:2092.081s step_avg:1889.87ms
step:1108/3250 train_time:2093.902s step_avg:1889.80ms
step:1109/3250 train_time:2095.723s step_avg:1889.74ms
step:1110/3250 train_time:2097.544s step_avg:1889.68ms
step:1111/3250 train_time:2099.365s step_avg:1889.62ms
step:1112/3250 train_time:2101.186s step_avg:1889.56ms
step:1113/3250 train_time:2103.007s step_avg:1889.49ms
step:1114/3250 train_time:2104.828s step_avg:1889.43ms
step:1115/3250 train_time:2106.648s step_avg:1889.37ms
step:1116/3250 train_time:2108.469s step_avg:1889.31ms
step:1117/3250 train_time:2110.290s step_avg:1889.25ms
step:1118/3250 train_time:2112.111s step_avg:1889.19ms
step:1119/3250 train_time:2113.933s step_avg:1889.13ms
step:1120/3250 train_time:2115.754s step_avg:1889.07ms
step:1121/3250 train_time:2118.410s step_avg:1889.75ms
step:1122/3250 train_time:2120.233s step_avg:1889.69ms
step:1123/3250 train_time:2122.055s step_avg:1889.63ms
step:1124/3250 train_time:2123.875s step_avg:1889.57ms
step:1125/3250 train_time:2126.033s step_avg:1889.81ms
step:1125/3250 val_loss:3.61417 train_time:2126.034s step_avg:1886.11ms
step:1126/3250 train_time:2127.856s step_avg:1889.75ms
step:1127/3250 train_time:2129.677s step_avg:1889.69ms
step:1128/3250 train_time:2131.500s step_avg:1889.63ms
step:1129/3250 train_time:2133.323s step_avg:1889.57ms
step:1130/3250 train_time:2135.145s step_avg:1889.51ms
step:1131/3250 train_time:2136.966s step_avg:1889.45ms
step:1132/3250 train_time:2138.789s step_avg:1889.39ms
step:1133/3250 train_time:2140.611s step_avg:1889.33ms
step:1134/3250 train_time:2142.434s step_avg:1889.27ms
step:1135/3250 train_time:2144.255s step_avg:1889.21ms
step:1136/3250 train_time:2146.076s step_avg:1889.15ms
step:1137/3250 train_time:2148.733s step_avg:1889.83ms
step:1138/3250 train_time:2150.555s step_avg:1889.77ms
step:1139/3250 train_time:2152.377s step_avg:1889.71ms
step:1140/3250 train_time:2154.198s step_avg:1889.65ms
step:1141/3250 train_time:2156.056s step_avg:1889.62ms
step:1142/3250 train_time:2157.877s step_avg:1889.56ms
step:1143/3250 train_time:2159.698s step_avg:1889.50ms
step:1144/3250 train_time:2161.519s step_avg:1889.44ms
step:1145/3250 train_time:2163.340s step_avg:1889.38ms
step:1146/3250 train_time:2165.161s step_avg:1889.32ms
step:1147/3250 train_time:2166.982s step_avg:1889.26ms
step:1148/3250 train_time:2168.804s step_avg:1889.20ms
step:1149/3250 train_time:2170.625s step_avg:1889.14ms
step:1150/3250 train_time:2172.717s step_avg:1889.32ms
step:1151/3250 train_time:2174.538s step_avg:1889.26ms
step:1152/3250 train_time:2176.360s step_avg:1889.20ms
step:1153/3250 train_time:2179.016s step_avg:1889.87ms
step:1154/3250 train_time:2180.836s step_avg:1889.81ms
step:1155/3250 train_time:2182.657s step_avg:1889.75ms
step:1156/3250 train_time:2184.479s step_avg:1889.69ms
step:1157/3250 train_time:2186.300s step_avg:1889.63ms
step:1158/3250 train_time:2188.122s step_avg:1889.57ms
step:1159/3250 train_time:2189.943s step_avg:1889.51ms
step:1160/3250 train_time:2191.764s step_avg:1889.45ms
step:1161/3250 train_time:2193.586s step_avg:1889.39ms
step:1162/3250 train_time:2195.407s step_avg:1889.33ms
step:1163/3250 train_time:2197.228s step_avg:1889.28ms
step:1164/3250 train_time:2199.049s step_avg:1889.22ms
step:1165/3250 train_time:2200.870s step_avg:1889.16ms
step:1166/3250 train_time:2202.691s step_avg:1889.10ms
step:1167/3250 train_time:2204.513s step_avg:1889.04ms
step:1168/3250 train_time:2206.334s step_avg:1888.99ms
step:1169/3250 train_time:2208.991s step_avg:1889.64ms
step:1170/3250 train_time:2210.812s step_avg:1889.58ms
step:1171/3250 train_time:2212.634s step_avg:1889.53ms
step:1172/3250 train_time:2214.456s step_avg:1889.47ms
step:1173/3250 train_time:2216.277s step_avg:1889.41ms
step:1174/3250 train_time:2218.097s step_avg:1889.35ms
step:1175/3250 train_time:2220.199s step_avg:1889.53ms
step:1176/3250 train_time:2222.020s step_avg:1889.47ms
step:1177/3250 train_time:2223.841s step_avg:1889.41ms
step:1178/3250 train_time:2225.662s step_avg:1889.36ms
step:1179/3250 train_time:2227.483s step_avg:1889.30ms
step:1180/3250 train_time:2229.305s step_avg:1889.24ms
step:1181/3250 train_time:2231.127s step_avg:1889.18ms
step:1182/3250 train_time:2232.950s step_avg:1889.13ms
step:1183/3250 train_time:2234.771s step_avg:1889.07ms
step:1184/3250 train_time:2236.593s step_avg:1889.01ms
step:1185/3250 train_time:2239.250s step_avg:1889.66ms
step:1186/3250 train_time:2241.071s step_avg:1889.60ms
step:1187/3250 train_time:2242.892s step_avg:1889.55ms
step:1188/3250 train_time:2244.714s step_avg:1889.49ms
step:1189/3250 train_time:2246.534s step_avg:1889.43ms
step:1190/3250 train_time:2248.357s step_avg:1889.38ms
step:1191/3250 train_time:2250.178s step_avg:1889.32ms
step:1192/3250 train_time:2251.999s step_avg:1889.26ms
step:1193/3250 train_time:2253.822s step_avg:1889.21ms
step:1194/3250 train_time:2255.643s step_avg:1889.15ms
step:1195/3250 train_time:2257.466s step_avg:1889.09ms
step:1196/3250 train_time:2259.288s step_avg:1889.04ms
step:1197/3250 train_time:2261.110s step_avg:1888.98ms
step:1198/3250 train_time:2262.931s step_avg:1888.92ms
step:1199/3250 train_time:2264.752s step_avg:1888.87ms
step:1200/3250 train_time:2266.849s step_avg:1889.04ms
step:1201/3250 train_time:2269.505s step_avg:1889.68ms
step:1202/3250 train_time:2271.327s step_avg:1889.62ms
step:1203/3250 train_time:2273.151s step_avg:1889.57ms
step:1204/3250 train_time:2274.973s step_avg:1889.51ms
step:1205/3250 train_time:2276.795s step_avg:1889.46ms
step:1206/3250 train_time:2278.618s step_avg:1889.40ms
step:1207/3250 train_time:2280.441s step_avg:1889.35ms
step:1208/3250 train_time:2282.262s step_avg:1889.29ms
step:1209/3250 train_time:2284.083s step_avg:1889.23ms
step:1210/3250 train_time:2285.906s step_avg:1889.18ms
step:1211/3250 train_time:2287.728s step_avg:1889.12ms
step:1212/3250 train_time:2289.552s step_avg:1889.07ms
step:1213/3250 train_time:2291.374s step_avg:1889.01ms
step:1214/3250 train_time:2293.196s step_avg:1888.96ms
step:1215/3250 train_time:2295.017s step_avg:1888.90ms
step:1216/3250 train_time:2296.840s step_avg:1888.85ms
step:1217/3250 train_time:2299.497s step_avg:1889.48ms
step:1218/3250 train_time:2301.318s step_avg:1889.42ms
step:1219/3250 train_time:2303.139s step_avg:1889.37ms
step:1220/3250 train_time:2304.961s step_avg:1889.31ms
step:1221/3250 train_time:2306.782s step_avg:1889.26ms
step:1222/3250 train_time:2308.603s step_avg:1889.20ms
step:1223/3250 train_time:2310.423s step_avg:1889.14ms
step:1224/3250 train_time:2312.245s step_avg:1889.09ms
step:1225/3250 train_time:2314.340s step_avg:1889.26ms
step:1226/3250 train_time:2316.161s step_avg:1889.20ms
step:1227/3250 train_time:2317.982s step_avg:1889.15ms
step:1228/3250 train_time:2319.803s step_avg:1889.09ms
step:1229/3250 train_time:2321.623s step_avg:1889.03ms
step:1230/3250 train_time:2323.444s step_avg:1888.98ms
step:1231/3250 train_time:2325.265s step_avg:1888.92ms
step:1232/3250 train_time:2327.087s step_avg:1888.87ms
step:1233/3250 train_time:2329.744s step_avg:1889.49ms
step:1234/3250 train_time:2331.567s step_avg:1889.44ms
step:1235/3250 train_time:2333.387s step_avg:1889.38ms
step:1236/3250 train_time:2335.208s step_avg:1889.33ms
step:1237/3250 train_time:2337.029s step_avg:1889.27ms
step:1238/3250 train_time:2338.850s step_avg:1889.22ms
step:1239/3250 train_time:2340.672s step_avg:1889.16ms
step:1240/3250 train_time:2342.493s step_avg:1889.11ms
step:1241/3250 train_time:2344.314s step_avg:1889.05ms
step:1242/3250 train_time:2346.135s step_avg:1889.00ms
step:1243/3250 train_time:2347.957s step_avg:1888.94ms
step:1244/3250 train_time:2349.779s step_avg:1888.89ms
step:1245/3250 train_time:2351.600s step_avg:1888.84ms
step:1246/3250 train_time:2353.422s step_avg:1888.78ms
step:1247/3250 train_time:2355.244s step_avg:1888.73ms
step:1248/3250 train_time:2357.066s step_avg:1888.67ms
step:1249/3250 train_time:2359.722s step_avg:1889.29ms
step:1250/3250 train_time:2361.880s step_avg:1889.50ms
step:1250/3250 val_loss:3.58318 train_time:2361.880s step_avg:1886.77ms
step:1251/3250 train_time:2363.703s step_avg:1889.45ms
step:1252/3250 train_time:2365.525s step_avg:1889.40ms
step:1253/3250 train_time:2367.347s step_avg:1889.34ms
step:1254/3250 train_time:2369.168s step_avg:1889.29ms
step:1255/3250 train_time:2370.990s step_avg:1889.24ms
step:1256/3250 train_time:2372.813s step_avg:1889.18ms
step:1257/3250 train_time:2374.634s step_avg:1889.13ms
step:1258/3250 train_time:2376.456s step_avg:1889.08ms
step:1259/3250 train_time:2378.278s step_avg:1889.02ms
step:1260/3250 train_time:2380.101s step_avg:1888.97ms
step:1261/3250 train_time:2381.924s step_avg:1888.92ms
step:1262/3250 train_time:2383.746s step_avg:1888.86ms
step:1263/3250 train_time:2385.567s step_avg:1888.81ms
step:1264/3250 train_time:2387.389s step_avg:1888.76ms
step:1265/3250 train_time:2390.046s step_avg:1889.36ms
step:1266/3250 train_time:2391.867s step_avg:1889.31ms
step:1267/3250 train_time:2393.688s step_avg:1889.26ms
step:1268/3250 train_time:2395.510s step_avg:1889.20ms
step:1269/3250 train_time:2397.332s step_avg:1889.15ms
step:1270/3250 train_time:2399.153s step_avg:1889.10ms
step:1271/3250 train_time:2400.974s step_avg:1889.04ms
step:1272/3250 train_time:2402.795s step_avg:1888.99ms
step:1273/3250 train_time:2404.616s step_avg:1888.94ms
step:1274/3250 train_time:2406.439s step_avg:1888.88ms
step:1275/3250 train_time:2408.532s step_avg:1889.04ms
step:1276/3250 train_time:2410.353s step_avg:1888.99ms
step:1277/3250 train_time:2412.175s step_avg:1888.94ms
step:1278/3250 train_time:2413.995s step_avg:1888.89ms
step:1279/3250 train_time:2415.816s step_avg:1888.83ms
step:1280/3250 train_time:2417.639s step_avg:1888.78ms
step:1281/3250 train_time:2420.295s step_avg:1889.38ms
step:1282/3250 train_time:2422.115s step_avg:1889.33ms
step:1283/3250 train_time:2423.937s step_avg:1889.27ms
step:1284/3250 train_time:2425.759s step_avg:1889.22ms
step:1285/3250 train_time:2427.581s step_avg:1889.17ms
step:1286/3250 train_time:2429.402s step_avg:1889.12ms
step:1287/3250 train_time:2431.223s step_avg:1889.06ms
step:1288/3250 train_time:2433.044s step_avg:1889.01ms
step:1289/3250 train_time:2434.866s step_avg:1888.96ms
step:1290/3250 train_time:2436.687s step_avg:1888.91ms
step:1291/3250 train_time:2438.509s step_avg:1888.85ms
step:1292/3250 train_time:2440.330s step_avg:1888.80ms
step:1293/3250 train_time:2442.151s step_avg:1888.75ms
step:1294/3250 train_time:2443.972s step_avg:1888.70ms
step:1295/3250 train_time:2445.793s step_avg:1888.64ms
step:1296/3250 train_time:2447.616s step_avg:1888.59ms
step:1297/3250 train_time:2450.272s step_avg:1889.18ms
step:1298/3250 train_time:2452.093s step_avg:1889.13ms
step:1299/3250 train_time:2453.915s step_avg:1889.08ms
step:1300/3250 train_time:2456.007s step_avg:1889.24ms
step:1301/3250 train_time:2457.829s step_avg:1889.18ms
step:1302/3250 train_time:2459.649s step_avg:1889.13ms
step:1303/3250 train_time:2461.470s step_avg:1889.08ms
step:1304/3250 train_time:2463.290s step_avg:1889.03ms
step:1305/3250 train_time:2465.112s step_avg:1888.97ms
step:1306/3250 train_time:2466.933s step_avg:1888.92ms
step:1307/3250 train_time:2468.754s step_avg:1888.87ms
step:1308/3250 train_time:2470.575s step_avg:1888.82ms
step:1309/3250 train_time:2472.396s step_avg:1888.77ms
step:1310/3250 train_time:2474.217s step_avg:1888.72ms
step:1311/3250 train_time:2476.039s step_avg:1888.66ms
step:1312/3250 train_time:2477.860s step_avg:1888.61ms
step:1313/3250 train_time:2480.517s step_avg:1889.20ms
step:1314/3250 train_time:2482.338s step_avg:1889.15ms
step:1315/3250 train_time:2484.159s step_avg:1889.09ms
step:1316/3250 train_time:2485.980s step_avg:1889.04ms
step:1317/3250 train_time:2487.801s step_avg:1888.99ms
step:1318/3250 train_time:2489.622s step_avg:1888.94ms
step:1319/3250 train_time:2491.444s step_avg:1888.89ms
step:1320/3250 train_time:2493.266s step_avg:1888.84ms
step:1321/3250 train_time:2495.087s step_avg:1888.79ms
step:1322/3250 train_time:2496.909s step_avg:1888.74ms
step:1323/3250 train_time:2498.730s step_avg:1888.68ms
step:1324/3250 train_time:2500.552s step_avg:1888.63ms
step:1325/3250 train_time:2502.646s step_avg:1888.79ms
step:1326/3250 train_time:2504.468s step_avg:1888.74ms
step:1327/3250 train_time:2506.289s step_avg:1888.69ms
step:1328/3250 train_time:2508.110s step_avg:1888.64ms
step:1329/3250 train_time:2510.767s step_avg:1889.22ms
step:1330/3250 train_time:2512.589s step_avg:1889.16ms
step:1331/3250 train_time:2514.444s step_avg:1889.14ms
step:1332/3250 train_time:2516.267s step_avg:1889.09ms
step:1333/3250 train_time:2518.089s step_avg:1889.04ms
step:1334/3250 train_time:2519.910s step_avg:1888.99ms
step:1335/3250 train_time:2521.731s step_avg:1888.94ms
step:1336/3250 train_time:2523.552s step_avg:1888.89ms
step:1337/3250 train_time:2525.375s step_avg:1888.84ms
step:1338/3250 train_time:2527.199s step_avg:1888.79ms
step:1339/3250 train_time:2529.021s step_avg:1888.74ms
step:1340/3250 train_time:2530.842s step_avg:1888.69ms
step:1341/3250 train_time:2532.664s step_avg:1888.64ms
step:1342/3250 train_time:2534.485s step_avg:1888.59ms
step:1343/3250 train_time:2536.308s step_avg:1888.54ms
step:1344/3250 train_time:2538.130s step_avg:1888.49ms
step:1345/3250 train_time:2540.787s step_avg:1889.06ms
step:1346/3250 train_time:2542.608s step_avg:1889.01ms
step:1347/3250 train_time:2544.429s step_avg:1888.96ms
step:1348/3250 train_time:2546.250s step_avg:1888.91ms
step:1349/3250 train_time:2548.071s step_avg:1888.86ms
step:1350/3250 train_time:2550.164s step_avg:1889.01ms
step:1351/3250 train_time:2551.984s step_avg:1888.96ms
step:1352/3250 train_time:2553.805s step_avg:1888.91ms
step:1353/3250 train_time:2555.627s step_avg:1888.86ms
step:1354/3250 train_time:2557.449s step_avg:1888.81ms
step:1355/3250 train_time:2559.270s step_avg:1888.76ms
step:1356/3250 train_time:2561.091s step_avg:1888.71ms
step:1357/3250 train_time:2562.912s step_avg:1888.66ms
step:1358/3250 train_time:2564.734s step_avg:1888.61ms
step:1359/3250 train_time:2566.556s step_avg:1888.56ms
step:1360/3250 train_time:2568.377s step_avg:1888.51ms
step:1361/3250 train_time:2571.033s step_avg:1889.08ms
step:1362/3250 train_time:2572.855s step_avg:1889.03ms
step:1363/3250 train_time:2574.677s step_avg:1888.98ms
step:1364/3250 train_time:2576.499s step_avg:1888.93ms
step:1365/3250 train_time:2578.320s step_avg:1888.88ms
step:1366/3250 train_time:2580.141s step_avg:1888.83ms
step:1367/3250 train_time:2581.963s step_avg:1888.78ms
step:1368/3250 train_time:2583.784s step_avg:1888.73ms
step:1369/3250 train_time:2585.606s step_avg:1888.68ms
step:1370/3250 train_time:2587.428s step_avg:1888.63ms
step:1371/3250 train_time:2589.249s step_avg:1888.58ms
step:1372/3250 train_time:2591.070s step_avg:1888.54ms
step:1373/3250 train_time:2592.892s step_avg:1888.49ms
step:1374/3250 train_time:2594.713s step_avg:1888.44ms
step:1375/3250 train_time:2596.872s step_avg:1888.63ms
step:1375/3250 val_loss:3.55235 train_time:2596.872s step_avg:1879.94ms
step:1376/3250 train_time:2598.694s step_avg:1888.59ms
step:1377/3250 train_time:2601.351s step_avg:1889.14ms
step:1378/3250 train_time:2603.173s step_avg:1889.09ms
step:1379/3250 train_time:2604.995s step_avg:1889.05ms
step:1380/3250 train_time:2606.815s step_avg:1889.00ms
step:1381/3250 train_time:2608.636s step_avg:1888.95ms
step:1382/3250 train_time:2610.457s step_avg:1888.90ms
step:1383/3250 train_time:2612.278s step_avg:1888.85ms
step:1384/3250 train_time:2614.101s step_avg:1888.80ms
step:1385/3250 train_time:2615.923s step_avg:1888.75ms
step:1386/3250 train_time:2617.744s step_avg:1888.70ms
step:1387/3250 train_time:2619.566s step_avg:1888.66ms
step:1388/3250 train_time:2621.389s step_avg:1888.61ms
step:1389/3250 train_time:2623.211s step_avg:1888.56ms
step:1390/3250 train_time:2625.033s step_avg:1888.51ms
step:1391/3250 train_time:2626.854s step_avg:1888.46ms
step:1392/3250 train_time:2628.675s step_avg:1888.42ms
step:1393/3250 train_time:2631.332s step_avg:1888.97ms
step:1394/3250 train_time:2633.153s step_avg:1888.92ms
step:1395/3250 train_time:2634.976s step_avg:1888.87ms
step:1396/3250 train_time:2636.798s step_avg:1888.82ms
step:1397/3250 train_time:2638.619s step_avg:1888.78ms
step:1398/3250 train_time:2640.440s step_avg:1888.73ms
step:1399/3250 train_time:2642.261s step_avg:1888.68ms
step:1400/3250 train_time:2644.356s step_avg:1888.83ms
step:1401/3250 train_time:2646.177s step_avg:1888.78ms
step:1402/3250 train_time:2647.998s step_avg:1888.73ms
step:1403/3250 train_time:2649.820s step_avg:1888.68ms
step:1404/3250 train_time:2651.641s step_avg:1888.63ms
step:1405/3250 train_time:2653.462s step_avg:1888.59ms
step:1406/3250 train_time:2655.284s step_avg:1888.54ms
step:1407/3250 train_time:2657.105s step_avg:1888.49ms
step:1408/3250 train_time:2658.926s step_avg:1888.44ms
step:1409/3250 train_time:2661.583s step_avg:1888.99ms
step:1410/3250 train_time:2663.404s step_avg:1888.94ms
step:1411/3250 train_time:2665.226s step_avg:1888.89ms
step:1412/3250 train_time:2667.047s step_avg:1888.84ms
step:1413/3250 train_time:2668.869s step_avg:1888.80ms
step:1414/3250 train_time:2670.690s step_avg:1888.75ms
step:1415/3250 train_time:2672.511s step_avg:1888.70ms
step:1416/3250 train_time:2674.333s step_avg:1888.65ms
step:1417/3250 train_time:2676.155s step_avg:1888.61ms
step:1418/3250 train_time:2677.978s step_avg:1888.56ms
step:1419/3250 train_time:2679.799s step_avg:1888.51ms
step:1420/3250 train_time:2681.621s step_avg:1888.47ms
step:1421/3250 train_time:2683.442s step_avg:1888.42ms
step:1422/3250 train_time:2685.265s step_avg:1888.37ms
step:1423/3250 train_time:2687.087s step_avg:1888.33ms
step:1424/3250 train_time:2688.908s step_avg:1888.28ms
step:1425/3250 train_time:2691.839s step_avg:1889.01ms
step:1426/3250 train_time:2693.660s step_avg:1888.96ms
step:1427/3250 train_time:2695.482s step_avg:1888.92ms
step:1428/3250 train_time:2697.303s step_avg:1888.87ms
step:1429/3250 train_time:2699.124s step_avg:1888.82ms
step:1430/3250 train_time:2700.945s step_avg:1888.77ms
step:1431/3250 train_time:2702.766s step_avg:1888.73ms
step:1432/3250 train_time:2704.589s step_avg:1888.68ms
step:1433/3250 train_time:2706.411s step_avg:1888.63ms
step:1434/3250 train_time:2708.233s step_avg:1888.59ms
step:1435/3250 train_time:2710.054s step_avg:1888.54ms
step:1436/3250 train_time:2711.876s step_avg:1888.49ms
step:1437/3250 train_time:2713.699s step_avg:1888.45ms
step:1438/3250 train_time:2715.522s step_avg:1888.40ms
step:1439/3250 train_time:2717.343s step_avg:1888.36ms
step:1440/3250 train_time:2719.167s step_avg:1888.31ms
step:1441/3250 train_time:2721.823s step_avg:1888.84ms
step:1442/3250 train_time:2723.645s step_avg:1888.80ms
step:1443/3250 train_time:2725.467s step_avg:1888.75ms
step:1444/3250 train_time:2727.288s step_avg:1888.70ms
step:1445/3250 train_time:2729.111s step_avg:1888.66ms
step:1446/3250 train_time:2730.933s step_avg:1888.61ms
step:1447/3250 train_time:2732.754s step_avg:1888.57ms
step:1448/3250 train_time:2734.577s step_avg:1888.52ms
step:1449/3250 train_time:2736.398s step_avg:1888.47ms
step:1450/3250 train_time:2738.493s step_avg:1888.62ms
step:1451/3250 train_time:2740.315s step_avg:1888.57ms
step:1452/3250 train_time:2742.138s step_avg:1888.52ms
step:1453/3250 train_time:2743.960s step_avg:1888.48ms
step:1454/3250 train_time:2745.783s step_avg:1888.43ms
step:1455/3250 train_time:2747.604s step_avg:1888.39ms
step:1456/3250 train_time:2749.426s step_avg:1888.34ms
step:1457/3250 train_time:2752.084s step_avg:1888.87ms
step:1458/3250 train_time:2753.905s step_avg:1888.82ms
step:1459/3250 train_time:2755.726s step_avg:1888.78ms
step:1460/3250 train_time:2757.548s step_avg:1888.73ms
step:1461/3250 train_time:2759.370s step_avg:1888.69ms
step:1462/3250 train_time:2761.194s step_avg:1888.64ms
step:1463/3250 train_time:2763.017s step_avg:1888.60ms
step:1464/3250 train_time:2764.841s step_avg:1888.55ms
step:1465/3250 train_time:2766.665s step_avg:1888.51ms
step:1466/3250 train_time:2768.489s step_avg:1888.46ms
step:1467/3250 train_time:2770.312s step_avg:1888.42ms
step:1468/3250 train_time:2772.137s step_avg:1888.38ms
step:1469/3250 train_time:2773.960s step_avg:1888.33ms
step:1470/3250 train_time:2775.786s step_avg:1888.29ms
step:1471/3250 train_time:2777.610s step_avg:1888.25ms
step:1472/3250 train_time:2779.433s step_avg:1888.20ms
step:1473/3250 train_time:2782.091s step_avg:1888.72ms
step:1474/3250 train_time:2783.916s step_avg:1888.68ms
step:1475/3250 train_time:2786.019s step_avg:1888.83ms
step:1476/3250 train_time:2787.842s step_avg:1888.78ms
step:1477/3250 train_time:2789.666s step_avg:1888.74ms
step:1478/3250 train_time:2791.490s step_avg:1888.69ms
step:1479/3250 train_time:2793.313s step_avg:1888.65ms
step:1480/3250 train_time:2795.136s step_avg:1888.61ms
step:1481/3250 train_time:2796.959s step_avg:1888.56ms
step:1482/3250 train_time:2798.782s step_avg:1888.52ms
step:1483/3250 train_time:2800.606s step_avg:1888.47ms
step:1484/3250 train_time:2802.430s step_avg:1888.43ms
step:1485/3250 train_time:2804.254s step_avg:1888.39ms
step:1486/3250 train_time:2806.079s step_avg:1888.34ms
step:1487/3250 train_time:2807.903s step_avg:1888.30ms
step:1488/3250 train_time:2809.727s step_avg:1888.26ms
step:1489/3250 train_time:2812.385s step_avg:1888.77ms
step:1490/3250 train_time:2814.210s step_avg:1888.73ms
step:1491/3250 train_time:2816.035s step_avg:1888.69ms
step:1492/3250 train_time:2817.859s step_avg:1888.65ms
step:1493/3250 train_time:2819.682s step_avg:1888.60ms
step:1494/3250 train_time:2821.506s step_avg:1888.56ms
step:1495/3250 train_time:2823.328s step_avg:1888.51ms
step:1496/3250 train_time:2825.153s step_avg:1888.47ms
step:1497/3250 train_time:2826.977s step_avg:1888.43ms
step:1498/3250 train_time:2828.801s step_avg:1888.39ms
step:1499/3250 train_time:2830.624s step_avg:1888.34ms
step:1500/3250 train_time:2832.790s step_avg:1888.53ms
step:1500/3250 val_loss:3.52618 train_time:2832.790s step_avg:1887.34ms
step:1501/3250 train_time:2834.615s step_avg:1888.48ms
step:1502/3250 train_time:2836.439s step_avg:1888.44ms
step:1503/3250 train_time:2838.263s step_avg:1888.40ms
step:1504/3250 train_time:2840.087s step_avg:1888.36ms
step:1505/3250 train_time:2842.745s step_avg:1888.87ms
step:1506/3250 train_time:2844.569s step_avg:1888.82ms
step:1507/3250 train_time:2846.393s step_avg:1888.78ms
step:1508/3250 train_time:2848.217s step_avg:1888.74ms
step:1509/3250 train_time:2850.041s step_avg:1888.70ms
step:1510/3250 train_time:2851.866s step_avg:1888.65ms
step:1511/3250 train_time:2853.691s step_avg:1888.61ms
step:1512/3250 train_time:2855.516s step_avg:1888.57ms
step:1513/3250 train_time:2857.341s step_avg:1888.53ms
step:1514/3250 train_time:2859.165s step_avg:1888.48ms
step:1515/3250 train_time:2860.987s step_avg:1888.44ms
step:1516/3250 train_time:2862.811s step_avg:1888.40ms
step:1517/3250 train_time:2864.635s step_avg:1888.35ms
step:1518/3250 train_time:2866.460s step_avg:1888.31ms
step:1519/3250 train_time:2868.284s step_avg:1888.27ms
step:1520/3250 train_time:2870.108s step_avg:1888.23ms
step:1521/3250 train_time:2872.801s step_avg:1888.76ms
step:1522/3250 train_time:2874.624s step_avg:1888.72ms
step:1523/3250 train_time:2876.448s step_avg:1888.67ms
step:1524/3250 train_time:2878.273s step_avg:1888.63ms
step:1525/3250 train_time:2880.371s step_avg:1888.77ms
step:1526/3250 train_time:2882.195s step_avg:1888.73ms
step:1527/3250 train_time:2884.019s step_avg:1888.68ms
step:1528/3250 train_time:2885.841s step_avg:1888.64ms
step:1529/3250 train_time:2887.665s step_avg:1888.60ms
step:1530/3250 train_time:2889.489s step_avg:1888.56ms
step:1531/3250 train_time:2891.313s step_avg:1888.51ms
step:1532/3250 train_time:2893.137s step_avg:1888.47ms
step:1533/3250 train_time:2894.960s step_avg:1888.43ms
step:1534/3250 train_time:2896.784s step_avg:1888.39ms
step:1535/3250 train_time:2898.608s step_avg:1888.34ms
step:1536/3250 train_time:2900.432s step_avg:1888.30ms
step:1537/3250 train_time:2903.091s step_avg:1888.80ms
step:1538/3250 train_time:2904.914s step_avg:1888.76ms
step:1539/3250 train_time:2906.739s step_avg:1888.72ms
step:1540/3250 train_time:2908.564s step_avg:1888.68ms
step:1541/3250 train_time:2910.386s step_avg:1888.63ms
step:1542/3250 train_time:2912.211s step_avg:1888.59ms
step:1543/3250 train_time:2914.036s step_avg:1888.55ms
step:1544/3250 train_time:2915.859s step_avg:1888.51ms
step:1545/3250 train_time:2917.682s step_avg:1888.47ms
step:1546/3250 train_time:2919.507s step_avg:1888.43ms
step:1547/3250 train_time:2921.330s step_avg:1888.38ms
step:1548/3250 train_time:2923.155s step_avg:1888.34ms
step:1549/3250 train_time:2924.978s step_avg:1888.30ms
step:1550/3250 train_time:2927.084s step_avg:1888.44ms
step:1551/3250 train_time:2928.907s step_avg:1888.40ms
step:1552/3250 train_time:2930.730s step_avg:1888.36ms
step:1553/3250 train_time:2933.388s step_avg:1888.85ms
step:1554/3250 train_time:2935.210s step_avg:1888.81ms
step:1555/3250 train_time:2937.034s step_avg:1888.77ms
step:1556/3250 train_time:2938.858s step_avg:1888.73ms
step:1557/3250 train_time:2940.682s step_avg:1888.68ms
step:1558/3250 train_time:2942.507s step_avg:1888.64ms
step:1559/3250 train_time:2944.330s step_avg:1888.60ms
step:1560/3250 train_time:2946.154s step_avg:1888.56ms
step:1561/3250 train_time:2947.978s step_avg:1888.52ms
step:1562/3250 train_time:2949.803s step_avg:1888.48ms
step:1563/3250 train_time:2951.627s step_avg:1888.44ms
step:1564/3250 train_time:2953.452s step_avg:1888.40ms
step:1565/3250 train_time:2955.278s step_avg:1888.36ms
step:1566/3250 train_time:2957.102s step_avg:1888.32ms
step:1567/3250 train_time:2958.926s step_avg:1888.27ms
step:1568/3250 train_time:2960.749s step_avg:1888.23ms
step:1569/3250 train_time:2963.407s step_avg:1888.72ms
step:1570/3250 train_time:2965.230s step_avg:1888.68ms
step:1571/3250 train_time:2967.052s step_avg:1888.64ms
step:1572/3250 train_time:2968.876s step_avg:1888.60ms
step:1573/3250 train_time:2970.700s step_avg:1888.56ms
step:1574/3250 train_time:2972.524s step_avg:1888.52ms
step:1575/3250 train_time:2974.621s step_avg:1888.65ms
step:1576/3250 train_time:2976.443s step_avg:1888.61ms
step:1577/3250 train_time:2978.266s step_avg:1888.56ms
step:1578/3250 train_time:2980.089s step_avg:1888.52ms
step:1579/3250 train_time:2981.913s step_avg:1888.48ms
step:1580/3250 train_time:2983.737s step_avg:1888.44ms
step:1581/3250 train_time:2985.560s step_avg:1888.40ms
step:1582/3250 train_time:2987.382s step_avg:1888.36ms
step:1583/3250 train_time:2989.205s step_avg:1888.32ms
step:1584/3250 train_time:2991.028s step_avg:1888.28ms
step:1585/3250 train_time:2993.686s step_avg:1888.76ms
step:1586/3250 train_time:2995.509s step_avg:1888.72ms
step:1587/3250 train_time:2997.331s step_avg:1888.68ms
step:1588/3250 train_time:2999.154s step_avg:1888.64ms
step:1589/3250 train_time:3000.977s step_avg:1888.59ms
step:1590/3250 train_time:3002.800s step_avg:1888.55ms
step:1591/3250 train_time:3004.622s step_avg:1888.51ms
step:1592/3250 train_time:3006.446s step_avg:1888.47ms
step:1593/3250 train_time:3008.270s step_avg:1888.43ms
step:1594/3250 train_time:3010.092s step_avg:1888.39ms
step:1595/3250 train_time:3011.915s step_avg:1888.35ms
step:1596/3250 train_time:3013.738s step_avg:1888.31ms
step:1597/3250 train_time:3015.561s step_avg:1888.27ms
step:1598/3250 train_time:3017.385s step_avg:1888.23ms
step:1599/3250 train_time:3019.208s step_avg:1888.18ms
step:1600/3250 train_time:3021.303s step_avg:1888.31ms
step:1601/3250 train_time:3023.962s step_avg:1888.80ms
step:1602/3250 train_time:3025.784s step_avg:1888.75ms
step:1603/3250 train_time:3027.607s step_avg:1888.71ms
step:1604/3250 train_time:3029.429s step_avg:1888.67ms
step:1605/3250 train_time:3031.251s step_avg:1888.63ms
step:1606/3250 train_time:3033.073s step_avg:1888.59ms
step:1607/3250 train_time:3034.896s step_avg:1888.55ms
step:1608/3250 train_time:3036.720s step_avg:1888.51ms
step:1609/3250 train_time:3038.542s step_avg:1888.47ms
step:1610/3250 train_time:3040.365s step_avg:1888.43ms
step:1611/3250 train_time:3042.189s step_avg:1888.39ms
step:1612/3250 train_time:3044.013s step_avg:1888.35ms
step:1613/3250 train_time:3045.837s step_avg:1888.31ms
step:1614/3250 train_time:3047.660s step_avg:1888.26ms
step:1615/3250 train_time:3049.483s step_avg:1888.22ms
step:1616/3250 train_time:3051.307s step_avg:1888.18ms
step:1617/3250 train_time:3053.964s step_avg:1888.66ms
step:1618/3250 train_time:3055.786s step_avg:1888.62ms
step:1619/3250 train_time:3057.609s step_avg:1888.58ms
step:1620/3250 train_time:3059.433s step_avg:1888.54ms
step:1621/3250 train_time:3061.257s step_avg:1888.50ms
step:1622/3250 train_time:3063.080s step_avg:1888.46ms
step:1623/3250 train_time:3064.903s step_avg:1888.42ms
step:1624/3250 train_time:3066.726s step_avg:1888.38ms
step:1625/3250 train_time:3068.885s step_avg:1888.54ms
step:1625/3250 val_loss:3.50401 train_time:3068.886s step_avg:1888.76ms
step:1626/3250 train_time:3070.712s step_avg:1888.51ms
step:1627/3250 train_time:3072.536s step_avg:1888.47ms
step:1628/3250 train_time:3074.359s step_avg:1888.43ms
step:1629/3250 train_time:3076.181s step_avg:1888.39ms
step:1630/3250 train_time:3078.005s step_avg:1888.35ms
step:1631/3250 train_time:3079.829s step_avg:1888.31ms
step:1632/3250 train_time:3081.652s step_avg:1888.27ms
step:1633/3250 train_time:3084.310s step_avg:1888.74ms
step:1634/3250 train_time:3086.133s step_avg:1888.70ms
step:1635/3250 train_time:3087.956s step_avg:1888.66ms
step:1636/3250 train_time:3089.780s step_avg:1888.62ms
step:1637/3250 train_time:3091.603s step_avg:1888.58ms
step:1638/3250 train_time:3093.427s step_avg:1888.54ms
step:1639/3250 train_time:3095.252s step_avg:1888.50ms
step:1640/3250 train_time:3097.076s step_avg:1888.46ms
step:1641/3250 train_time:3098.899s step_avg:1888.42ms
step:1642/3250 train_time:3100.723s step_avg:1888.38ms
step:1643/3250 train_time:3102.548s step_avg:1888.34ms
step:1644/3250 train_time:3104.372s step_avg:1888.30ms
step:1645/3250 train_time:3106.195s step_avg:1888.26ms
step:1646/3250 train_time:3108.018s step_avg:1888.22ms
step:1647/3250 train_time:3109.843s step_avg:1888.19ms
step:1648/3250 train_time:3111.667s step_avg:1888.15ms
step:1649/3250 train_time:3114.325s step_avg:1888.61ms
step:1650/3250 train_time:3116.422s step_avg:1888.74ms
step:1651/3250 train_time:3118.244s step_avg:1888.70ms
step:1652/3250 train_time:3120.069s step_avg:1888.66ms
step:1653/3250 train_time:3121.893s step_avg:1888.62ms
step:1654/3250 train_time:3123.716s step_avg:1888.58ms
step:1655/3250 train_time:3125.539s step_avg:1888.54ms
step:1656/3250 train_time:3127.362s step_avg:1888.50ms
step:1657/3250 train_time:3129.184s step_avg:1888.46ms
step:1658/3250 train_time:3131.009s step_avg:1888.43ms
step:1659/3250 train_time:3132.833s step_avg:1888.39ms
step:1660/3250 train_time:3134.656s step_avg:1888.35ms
step:1661/3250 train_time:3136.479s step_avg:1888.31ms
step:1662/3250 train_time:3138.303s step_avg:1888.27ms
step:1663/3250 train_time:3140.127s step_avg:1888.23ms
step:1664/3250 train_time:3141.950s step_avg:1888.19ms
step:1665/3250 train_time:3144.608s step_avg:1888.65ms
step:1666/3250 train_time:3146.432s step_avg:1888.61ms
step:1667/3250 train_time:3148.256s step_avg:1888.58ms
step:1668/3250 train_time:3150.080s step_avg:1888.54ms
step:1669/3250 train_time:3151.904s step_avg:1888.50ms
step:1670/3250 train_time:3153.727s step_avg:1888.46ms
step:1671/3250 train_time:3155.550s step_avg:1888.42ms
step:1672/3250 train_time:3157.372s step_avg:1888.38ms
step:1673/3250 train_time:3159.194s step_avg:1888.34ms
step:1674/3250 train_time:3161.018s step_avg:1888.30ms
step:1675/3250 train_time:3163.118s step_avg:1888.43ms
step:1676/3250 train_time:3164.941s step_avg:1888.39ms
step:1677/3250 train_time:3166.764s step_avg:1888.35ms
step:1678/3250 train_time:3168.586s step_avg:1888.31ms
step:1679/3250 train_time:3170.409s step_avg:1888.27ms
step:1680/3250 train_time:3172.232s step_avg:1888.23ms
step:1681/3250 train_time:3174.889s step_avg:1888.69ms
step:1682/3250 train_time:3176.711s step_avg:1888.65ms
step:1683/3250 train_time:3178.534s step_avg:1888.61ms
step:1684/3250 train_time:3180.358s step_avg:1888.57ms
step:1685/3250 train_time:3182.181s step_avg:1888.53ms
step:1686/3250 train_time:3184.003s step_avg:1888.50ms
step:1687/3250 train_time:3185.826s step_avg:1888.46ms
step:1688/3250 train_time:3187.650s step_avg:1888.42ms
step:1689/3250 train_time:3189.474s step_avg:1888.38ms
step:1690/3250 train_time:3191.297s step_avg:1888.34ms
step:1691/3250 train_time:3193.121s step_avg:1888.30ms
step:1692/3250 train_time:3194.943s step_avg:1888.26ms
step:1693/3250 train_time:3196.766s step_avg:1888.23ms
step:1694/3250 train_time:3198.590s step_avg:1888.19ms
step:1695/3250 train_time:3200.414s step_avg:1888.15ms
step:1696/3250 train_time:3202.238s step_avg:1888.11ms
step:1697/3250 train_time:3204.896s step_avg:1888.57ms
step:1698/3250 train_time:3206.718s step_avg:1888.53ms
step:1699/3250 train_time:3208.541s step_avg:1888.49ms
step:1700/3250 train_time:3210.644s step_avg:1888.61ms
step:1701/3250 train_time:3212.467s step_avg:1888.58ms
step:1702/3250 train_time:3214.291s step_avg:1888.54ms
step:1703/3250 train_time:3216.113s step_avg:1888.50ms
step:1704/3250 train_time:3217.935s step_avg:1888.46ms
step:1705/3250 train_time:3219.757s step_avg:1888.42ms
step:1706/3250 train_time:3221.580s step_avg:1888.38ms
step:1707/3250 train_time:3223.403s step_avg:1888.34ms
step:1708/3250 train_time:3225.225s step_avg:1888.31ms
step:1709/3250 train_time:3227.048s step_avg:1888.27ms
step:1710/3250 train_time:3228.870s step_avg:1888.23ms
step:1711/3250 train_time:3230.723s step_avg:1888.21ms
step:1712/3250 train_time:3232.546s step_avg:1888.17ms
step:1713/3250 train_time:3235.203s step_avg:1888.62ms
step:1714/3250 train_time:3237.025s step_avg:1888.58ms
step:1715/3250 train_time:3238.847s step_avg:1888.54ms
step:1716/3250 train_time:3240.670s step_avg:1888.50ms
step:1717/3250 train_time:3242.492s step_avg:1888.46ms
step:1718/3250 train_time:3244.314s step_avg:1888.42ms
step:1719/3250 train_time:3246.136s step_avg:1888.39ms
step:1720/3250 train_time:3247.960s step_avg:1888.35ms
step:1721/3250 train_time:3249.782s step_avg:1888.31ms
step:1722/3250 train_time:3251.605s step_avg:1888.27ms
step:1723/3250 train_time:3253.428s step_avg:1888.23ms
step:1724/3250 train_time:3255.250s step_avg:1888.20ms
step:1725/3250 train_time:3257.344s step_avg:1888.32ms
step:1726/3250 train_time:3259.166s step_avg:1888.28ms
step:1727/3250 train_time:3260.990s step_avg:1888.24ms
step:1728/3250 train_time:3262.812s step_avg:1888.20ms
step:1729/3250 train_time:3265.469s step_avg:1888.65ms
step:1730/3250 train_time:3267.290s step_avg:1888.61ms
step:1731/3250 train_time:3269.111s step_avg:1888.57ms
step:1732/3250 train_time:3270.936s step_avg:1888.53ms
step:1733/3250 train_time:3272.758s step_avg:1888.49ms
step:1734/3250 train_time:3274.581s step_avg:1888.45ms
step:1735/3250 train_time:3276.402s step_avg:1888.42ms
step:1736/3250 train_time:3278.224s step_avg:1888.38ms
step:1737/3250 train_time:3280.046s step_avg:1888.34ms
step:1738/3250 train_time:3281.869s step_avg:1888.30ms
step:1739/3250 train_time:3283.691s step_avg:1888.26ms
step:1740/3250 train_time:3285.513s step_avg:1888.23ms
step:1741/3250 train_time:3287.334s step_avg:1888.19ms
step:1742/3250 train_time:3289.156s step_avg:1888.15ms
step:1743/3250 train_time:3290.982s step_avg:1888.11ms
step:1744/3250 train_time:3292.805s step_avg:1888.08ms
step:1745/3250 train_time:3295.462s step_avg:1888.52ms
step:1746/3250 train_time:3297.283s step_avg:1888.48ms
step:1747/3250 train_time:3299.106s step_avg:1888.44ms
step:1748/3250 train_time:3300.931s step_avg:1888.40ms
step:1749/3250 train_time:3302.752s step_avg:1888.37ms
step:1750/3250 train_time:3304.912s step_avg:1888.52ms
step:1750/3250 val_loss:3.47901 train_time:3304.912s step_avg:1888.21ms
step:1751/3250 train_time:3306.736s step_avg:1888.48ms
step:1752/3250 train_time:3308.560s step_avg:1888.45ms
step:1753/3250 train_time:3310.384s step_avg:1888.41ms
step:1754/3250 train_time:3312.207s step_avg:1888.37ms
step:1755/3250 train_time:3314.030s step_avg:1888.34ms
step:1756/3250 train_time:3315.853s step_avg:1888.30ms
step:1757/3250 train_time:3317.677s step_avg:1888.26ms
step:1758/3250 train_time:3319.501s step_avg:1888.23ms
step:1759/3250 train_time:3321.323s step_avg:1888.19ms
step:1760/3250 train_time:3323.146s step_avg:1888.15ms
step:1761/3250 train_time:3325.803s step_avg:1888.59ms
step:1762/3250 train_time:3327.625s step_avg:1888.55ms
step:1763/3250 train_time:3329.447s step_avg:1888.51ms
step:1764/3250 train_time:3331.269s step_avg:1888.47ms
step:1765/3250 train_time:3333.092s step_avg:1888.44ms
step:1766/3250 train_time:3334.914s step_avg:1888.40ms
step:1767/3250 train_time:3336.737s step_avg:1888.36ms
step:1768/3250 train_time:3338.561s step_avg:1888.33ms
step:1769/3250 train_time:3340.384s step_avg:1888.29ms
step:1770/3250 train_time:3342.206s step_avg:1888.25ms
step:1771/3250 train_time:3344.030s step_avg:1888.22ms
step:1772/3250 train_time:3345.853s step_avg:1888.18ms
step:1773/3250 train_time:3347.677s step_avg:1888.14ms
step:1774/3250 train_time:3349.501s step_avg:1888.11ms
step:1775/3250 train_time:3351.601s step_avg:1888.23ms
step:1776/3250 train_time:3353.423s step_avg:1888.19ms
step:1777/3250 train_time:3356.081s step_avg:1888.62ms
step:1778/3250 train_time:3357.903s step_avg:1888.58ms
step:1779/3250 train_time:3359.726s step_avg:1888.55ms
step:1780/3250 train_time:3361.549s step_avg:1888.51ms
step:1781/3250 train_time:3363.372s step_avg:1888.47ms
step:1782/3250 train_time:3365.194s step_avg:1888.44ms
step:1783/3250 train_time:3367.016s step_avg:1888.40ms
step:1784/3250 train_time:3368.842s step_avg:1888.36ms
step:1785/3250 train_time:3370.666s step_avg:1888.33ms
step:1786/3250 train_time:3372.488s step_avg:1888.29ms
step:1787/3250 train_time:3374.310s step_avg:1888.25ms
step:1788/3250 train_time:3376.133s step_avg:1888.22ms
step:1789/3250 train_time:3377.957s step_avg:1888.18ms
step:1790/3250 train_time:3379.781s step_avg:1888.15ms
step:1791/3250 train_time:3381.604s step_avg:1888.11ms
step:1792/3250 train_time:3383.426s step_avg:1888.07ms
step:1793/3250 train_time:3386.084s step_avg:1888.50ms
step:1794/3250 train_time:3387.906s step_avg:1888.47ms
step:1795/3250 train_time:3389.729s step_avg:1888.43ms
step:1796/3250 train_time:3391.553s step_avg:1888.39ms
step:1797/3250 train_time:3393.375s step_avg:1888.36ms
step:1798/3250 train_time:3395.199s step_avg:1888.32ms
step:1799/3250 train_time:3397.021s step_avg:1888.28ms
step:1800/3250 train_time:3399.123s step_avg:1888.40ms
step:1801/3250 train_time:3400.945s step_avg:1888.36ms
step:1802/3250 train_time:3402.767s step_avg:1888.33ms
step:1803/3250 train_time:3404.591s step_avg:1888.29ms
step:1804/3250 train_time:3406.415s step_avg:1888.26ms
step:1805/3250 train_time:3408.237s step_avg:1888.22ms
step:1806/3250 train_time:3410.061s step_avg:1888.18ms
step:1807/3250 train_time:3411.882s step_avg:1888.15ms
step:1808/3250 train_time:3413.705s step_avg:1888.11ms
step:1809/3250 train_time:3416.362s step_avg:1888.54ms
step:1810/3250 train_time:3418.184s step_avg:1888.50ms
step:1811/3250 train_time:3420.006s step_avg:1888.46ms
step:1812/3250 train_time:3421.828s step_avg:1888.43ms
step:1813/3250 train_time:3423.651s step_avg:1888.39ms
step:1814/3250 train_time:3425.474s step_avg:1888.35ms
step:1815/3250 train_time:3427.296s step_avg:1888.32ms
step:1816/3250 train_time:3429.121s step_avg:1888.28ms
step:1817/3250 train_time:3430.946s step_avg:1888.25ms
step:1818/3250 train_time:3432.771s step_avg:1888.21ms
step:1819/3250 train_time:3434.594s step_avg:1888.18ms
step:1820/3250 train_time:3436.418s step_avg:1888.14ms
step:1821/3250 train_time:3438.243s step_avg:1888.11ms
step:1822/3250 train_time:3440.067s step_avg:1888.07ms
step:1823/3250 train_time:3441.890s step_avg:1888.04ms
step:1824/3250 train_time:3443.714s step_avg:1888.00ms
step:1825/3250 train_time:3446.651s step_avg:1888.58ms
step:1826/3250 train_time:3448.475s step_avg:1888.54ms
step:1827/3250 train_time:3450.298s step_avg:1888.50ms
step:1828/3250 train_time:3452.122s step_avg:1888.47ms
step:1829/3250 train_time:3453.945s step_avg:1888.43ms
step:1830/3250 train_time:3455.768s step_avg:1888.40ms
step:1831/3250 train_time:3457.591s step_avg:1888.36ms
step:1832/3250 train_time:3459.415s step_avg:1888.33ms
step:1833/3250 train_time:3461.238s step_avg:1888.29ms
step:1834/3250 train_time:3463.061s step_avg:1888.26ms
step:1835/3250 train_time:3464.885s step_avg:1888.22ms
step:1836/3250 train_time:3466.708s step_avg:1888.19ms
step:1837/3250 train_time:3468.531s step_avg:1888.15ms
step:1838/3250 train_time:3470.355s step_avg:1888.11ms
step:1839/3250 train_time:3472.180s step_avg:1888.08ms
step:1840/3250 train_time:3474.005s step_avg:1888.05ms
step:1841/3250 train_time:3476.662s step_avg:1888.46ms
step:1842/3250 train_time:3478.485s step_avg:1888.43ms
step:1843/3250 train_time:3480.311s step_avg:1888.39ms
step:1844/3250 train_time:3482.134s step_avg:1888.36ms
step:1845/3250 train_time:3483.957s step_avg:1888.32ms
step:1846/3250 train_time:3485.781s step_avg:1888.29ms
step:1847/3250 train_time:3487.605s step_avg:1888.25ms
step:1848/3250 train_time:3489.428s step_avg:1888.22ms
step:1849/3250 train_time:3491.251s step_avg:1888.18ms
step:1850/3250 train_time:3493.354s step_avg:1888.30ms
step:1851/3250 train_time:3495.177s step_avg:1888.26ms
step:1852/3250 train_time:3497.000s step_avg:1888.23ms
step:1853/3250 train_time:3498.824s step_avg:1888.19ms
step:1854/3250 train_time:3500.648s step_avg:1888.16ms
step:1855/3250 train_time:3502.470s step_avg:1888.12ms
step:1856/3250 train_time:3504.292s step_avg:1888.09ms
step:1857/3250 train_time:3506.950s step_avg:1888.50ms
step:1858/3250 train_time:3508.772s step_avg:1888.47ms
step:1859/3250 train_time:3510.595s step_avg:1888.43ms
step:1860/3250 train_time:3512.417s step_avg:1888.40ms
step:1861/3250 train_time:3514.239s step_avg:1888.36ms
step:1862/3250 train_time:3516.062s step_avg:1888.33ms
step:1863/3250 train_time:3517.885s step_avg:1888.29ms
step:1864/3250 train_time:3519.708s step_avg:1888.26ms
step:1865/3250 train_time:3521.530s step_avg:1888.22ms
step:1866/3250 train_time:3523.354s step_avg:1888.19ms
step:1867/3250 train_time:3525.177s step_avg:1888.15ms
step:1868/3250 train_time:3527.001s step_avg:1888.12ms
step:1869/3250 train_time:3528.825s step_avg:1888.08ms
step:1870/3250 train_time:3530.650s step_avg:1888.05ms
step:1871/3250 train_time:3532.474s step_avg:1888.01ms
step:1872/3250 train_time:3534.298s step_avg:1887.98ms
step:1873/3250 train_time:3536.956s step_avg:1888.39ms
step:1874/3250 train_time:3538.779s step_avg:1888.36ms
step:1875/3250 train_time:3540.943s step_avg:1888.50ms
step:1875/3250 val_loss:3.45580 train_time:3540.943s step_avg:1888.25ms
step:1876/3250 train_time:3542.766s step_avg:1888.47ms
step:1877/3250 train_time:3544.588s step_avg:1888.43ms
step:1878/3250 train_time:3546.412s step_avg:1888.40ms
step:1879/3250 train_time:3548.235s step_avg:1888.36ms
step:1880/3250 train_time:3550.058s step_avg:1888.33ms
step:1881/3250 train_time:3551.881s step_avg:1888.29ms
step:1882/3250 train_time:3553.703s step_avg:1888.26ms
step:1883/3250 train_time:3555.525s step_avg:1888.22ms
step:1884/3250 train_time:3557.348s step_avg:1888.19ms
step:1885/3250 train_time:3559.172s step_avg:1888.15ms
step:1886/3250 train_time:3560.996s step_avg:1888.12ms
step:1887/3250 train_time:3562.819s step_avg:1888.09ms
step:1888/3250 train_time:3564.643s step_avg:1888.05ms
step:1889/3250 train_time:3567.300s step_avg:1888.46ms
step:1890/3250 train_time:3569.122s step_avg:1888.42ms
step:1891/3250 train_time:3570.945s step_avg:1888.39ms
step:1892/3250 train_time:3572.767s step_avg:1888.35ms
step:1893/3250 train_time:3574.591s step_avg:1888.32ms
step:1894/3250 train_time:3576.416s step_avg:1888.29ms
step:1895/3250 train_time:3578.239s step_avg:1888.25ms
step:1896/3250 train_time:3580.061s step_avg:1888.22ms
step:1897/3250 train_time:3581.883s step_avg:1888.18ms
step:1898/3250 train_time:3583.705s step_avg:1888.15ms
step:1899/3250 train_time:3585.528s step_avg:1888.11ms
step:1900/3250 train_time:3587.623s step_avg:1888.22ms
step:1901/3250 train_time:3589.479s step_avg:1888.21ms
step:1902/3250 train_time:3591.302s step_avg:1888.17ms
step:1903/3250 train_time:3593.124s step_avg:1888.14ms
step:1904/3250 train_time:3594.947s step_avg:1888.10ms
step:1905/3250 train_time:3597.605s step_avg:1888.51ms
step:1906/3250 train_time:3599.428s step_avg:1888.47ms
step:1907/3250 train_time:3601.250s step_avg:1888.44ms
step:1908/3250 train_time:3603.072s step_avg:1888.40ms
step:1909/3250 train_time:3604.894s step_avg:1888.37ms
step:1910/3250 train_time:3606.716s step_avg:1888.33ms
step:1911/3250 train_time:3608.539s step_avg:1888.30ms
step:1912/3250 train_time:3610.361s step_avg:1888.26ms
step:1913/3250 train_time:3612.183s step_avg:1888.23ms
step:1914/3250 train_time:3614.004s step_avg:1888.19ms
step:1915/3250 train_time:3615.826s step_avg:1888.16ms
step:1916/3250 train_time:3617.649s step_avg:1888.13ms
step:1917/3250 train_time:3619.473s step_avg:1888.09ms
step:1918/3250 train_time:3621.294s step_avg:1888.06ms
step:1919/3250 train_time:3623.116s step_avg:1888.02ms
step:1920/3250 train_time:3624.939s step_avg:1887.99ms
step:1921/3250 train_time:3627.596s step_avg:1888.39ms
step:1922/3250 train_time:3629.418s step_avg:1888.36ms
step:1923/3250 train_time:3631.240s step_avg:1888.32ms
step:1924/3250 train_time:3633.064s step_avg:1888.29ms
step:1925/3250 train_time:3635.164s step_avg:1888.40ms
step:1926/3250 train_time:3636.990s step_avg:1888.36ms
step:1927/3250 train_time:3638.815s step_avg:1888.33ms
step:1928/3250 train_time:3640.639s step_avg:1888.30ms
step:1929/3250 train_time:3642.462s step_avg:1888.26ms
step:1930/3250 train_time:3644.286s step_avg:1888.23ms
step:1931/3250 train_time:3646.111s step_avg:1888.20ms
step:1932/3250 train_time:3647.935s step_avg:1888.16ms
step:1933/3250 train_time:3649.759s step_avg:1888.13ms
step:1934/3250 train_time:3651.583s step_avg:1888.10ms
step:1935/3250 train_time:3653.407s step_avg:1888.07ms
step:1936/3250 train_time:3655.230s step_avg:1888.03ms
step:1937/3250 train_time:3657.888s step_avg:1888.43ms
step:1938/3250 train_time:3659.712s step_avg:1888.40ms
step:1939/3250 train_time:3661.537s step_avg:1888.36ms
step:1940/3250 train_time:3663.360s step_avg:1888.33ms
step:1941/3250 train_time:3665.184s step_avg:1888.30ms
step:1942/3250 train_time:3667.009s step_avg:1888.26ms
step:1943/3250 train_time:3668.833s step_avg:1888.23ms
step:1944/3250 train_time:3670.658s step_avg:1888.20ms
step:1945/3250 train_time:3672.482s step_avg:1888.17ms
step:1946/3250 train_time:3674.306s step_avg:1888.13ms
step:1947/3250 train_time:3676.130s step_avg:1888.10ms
step:1948/3250 train_time:3677.955s step_avg:1888.07ms
step:1949/3250 train_time:3679.779s step_avg:1888.03ms
step:1950/3250 train_time:3681.884s step_avg:1888.15ms
step:1951/3250 train_time:3683.708s step_avg:1888.11ms
step:1952/3250 train_time:3685.532s step_avg:1888.08ms
step:1953/3250 train_time:3688.190s step_avg:1888.47ms
step:1954/3250 train_time:3690.014s step_avg:1888.44ms
step:1955/3250 train_time:3691.837s step_avg:1888.41ms
step:1956/3250 train_time:3693.660s step_avg:1888.37ms
step:1957/3250 train_time:3695.483s step_avg:1888.34ms
step:1958/3250 train_time:3697.305s step_avg:1888.31ms
step:1959/3250 train_time:3699.128s step_avg:1888.27ms
step:1960/3250 train_time:3700.951s step_avg:1888.24ms
step:1961/3250 train_time:3702.774s step_avg:1888.21ms
step:1962/3250 train_time:3704.596s step_avg:1888.17ms
step:1963/3250 train_time:3706.418s step_avg:1888.14ms
step:1964/3250 train_time:3708.241s step_avg:1888.11ms
step:1965/3250 train_time:3710.063s step_avg:1888.07ms
step:1966/3250 train_time:3711.886s step_avg:1888.04ms
step:1967/3250 train_time:3713.707s step_avg:1888.01ms
step:1968/3250 train_time:3715.529s step_avg:1887.97ms
step:1969/3250 train_time:3718.186s step_avg:1888.36ms
step:1970/3250 train_time:3720.009s step_avg:1888.33ms
step:1971/3250 train_time:3721.831s step_avg:1888.30ms
step:1972/3250 train_time:3723.652s step_avg:1888.26ms
step:1973/3250 train_time:3725.474s step_avg:1888.23ms
step:1974/3250 train_time:3727.296s step_avg:1888.19ms
step:1975/3250 train_time:3729.392s step_avg:1888.30ms
step:1976/3250 train_time:3731.214s step_avg:1888.27ms
step:1977/3250 train_time:3733.035s step_avg:1888.23ms
step:1978/3250 train_time:3734.857s step_avg:1888.20ms
step:1979/3250 train_time:3736.679s step_avg:1888.17ms
step:1980/3250 train_time:3738.501s step_avg:1888.13ms
step:1981/3250 train_time:3740.324s step_avg:1888.10ms
step:1982/3250 train_time:3742.145s step_avg:1888.07ms
step:1983/3250 train_time:3743.967s step_avg:1888.03ms
step:1984/3250 train_time:3745.788s step_avg:1888.00ms
step:1985/3250 train_time:3748.446s step_avg:1888.39ms
step:1986/3250 train_time:3750.267s step_avg:1888.35ms
step:1987/3250 train_time:3752.089s step_avg:1888.32ms
step:1988/3250 train_time:3753.910s step_avg:1888.28ms
step:1989/3250 train_time:3755.733s step_avg:1888.25ms
step:1990/3250 train_time:3757.556s step_avg:1888.22ms
step:1991/3250 train_time:3759.378s step_avg:1888.19ms
step:1992/3250 train_time:3761.200s step_avg:1888.15ms
step:1993/3250 train_time:3763.021s step_avg:1888.12ms
step:1994/3250 train_time:3764.843s step_avg:1888.09ms
step:1995/3250 train_time:3766.666s step_avg:1888.05ms
step:1996/3250 train_time:3768.488s step_avg:1888.02ms
step:1997/3250 train_time:3770.310s step_avg:1887.99ms
step:1998/3250 train_time:3772.133s step_avg:1887.95ms
step:1999/3250 train_time:3773.957s step_avg:1887.92ms
step:2000/3250 train_time:3776.116s step_avg:1888.06ms
step:2000/3250 val_loss:3.43303 train_time:3776.116s step_avg:1881.38ms
step:2001/3250 train_time:3778.773s step_avg:1888.44ms
step:2002/3250 train_time:3780.594s step_avg:1888.41ms
step:2003/3250 train_time:3782.416s step_avg:1888.38ms
step:2004/3250 train_time:3784.238s step_avg:1888.34ms
step:2005/3250 train_time:3786.061s step_avg:1888.31ms
step:2006/3250 train_time:3787.882s step_avg:1888.28ms
step:2007/3250 train_time:3789.703s step_avg:1888.24ms
step:2008/3250 train_time:3791.526s step_avg:1888.21ms
step:2009/3250 train_time:3793.348s step_avg:1888.18ms
step:2010/3250 train_time:3795.171s step_avg:1888.14ms
step:2011/3250 train_time:3796.994s step_avg:1888.11ms
step:2012/3250 train_time:3798.815s step_avg:1888.08ms
step:2013/3250 train_time:3800.637s step_avg:1888.05ms
step:2014/3250 train_time:3802.460s step_avg:1888.01ms
step:2015/3250 train_time:3804.282s step_avg:1887.98ms
step:2016/3250 train_time:3806.105s step_avg:1887.95ms
step:2017/3250 train_time:3808.763s step_avg:1888.33ms
step:2018/3250 train_time:3810.586s step_avg:1888.30ms
step:2019/3250 train_time:3812.417s step_avg:1888.27ms
step:2020/3250 train_time:3814.238s step_avg:1888.24ms
step:2021/3250 train_time:3816.062s step_avg:1888.20ms
step:2022/3250 train_time:3817.885s step_avg:1888.17ms
step:2023/3250 train_time:3819.707s step_avg:1888.14ms
step:2024/3250 train_time:3821.530s step_avg:1888.11ms
step:2025/3250 train_time:3823.625s step_avg:1888.21ms
step:2026/3250 train_time:3825.448s step_avg:1888.18ms
step:2027/3250 train_time:3827.271s step_avg:1888.15ms
step:2028/3250 train_time:3829.094s step_avg:1888.11ms
step:2029/3250 train_time:3830.918s step_avg:1888.08ms
step:2030/3250 train_time:3832.742s step_avg:1888.05ms
step:2031/3250 train_time:3834.564s step_avg:1888.02ms
step:2032/3250 train_time:3836.389s step_avg:1887.99ms
step:2033/3250 train_time:3839.047s step_avg:1888.37ms
step:2034/3250 train_time:3840.869s step_avg:1888.33ms
step:2035/3250 train_time:3842.692s step_avg:1888.30ms
step:2036/3250 train_time:3844.515s step_avg:1888.27ms
step:2037/3250 train_time:3846.340s step_avg:1888.24ms
step:2038/3250 train_time:3848.163s step_avg:1888.21ms
step:2039/3250 train_time:3849.986s step_avg:1888.17ms
step:2040/3250 train_time:3851.809s step_avg:1888.14ms
step:2041/3250 train_time:3853.633s step_avg:1888.11ms
step:2042/3250 train_time:3855.456s step_avg:1888.08ms
step:2043/3250 train_time:3857.280s step_avg:1888.05ms
step:2044/3250 train_time:3859.103s step_avg:1888.02ms
step:2045/3250 train_time:3860.928s step_avg:1887.98ms
step:2046/3250 train_time:3862.751s step_avg:1887.95ms
step:2047/3250 train_time:3864.576s step_avg:1887.92ms
step:2048/3250 train_time:3866.399s step_avg:1887.89ms
step:2049/3250 train_time:3869.057s step_avg:1888.27ms
step:2050/3250 train_time:3871.153s step_avg:1888.37ms
step:2051/3250 train_time:3872.976s step_avg:1888.34ms
step:2052/3250 train_time:3874.797s step_avg:1888.30ms
step:2053/3250 train_time:3876.619s step_avg:1888.27ms
step:2054/3250 train_time:3878.442s step_avg:1888.24ms
step:2055/3250 train_time:3880.265s step_avg:1888.21ms
step:2056/3250 train_time:3882.088s step_avg:1888.18ms
step:2057/3250 train_time:3883.910s step_avg:1888.14ms
step:2058/3250 train_time:3885.734s step_avg:1888.11ms
step:2059/3250 train_time:3887.558s step_avg:1888.08ms
step:2060/3250 train_time:3889.382s step_avg:1888.05ms
step:2061/3250 train_time:3891.204s step_avg:1888.02ms
step:2062/3250 train_time:3893.026s step_avg:1887.99ms
step:2063/3250 train_time:3894.849s step_avg:1887.95ms
step:2064/3250 train_time:3896.672s step_avg:1887.92ms
step:2065/3250 train_time:3899.329s step_avg:1888.30ms
step:2066/3250 train_time:3901.151s step_avg:1888.26ms
step:2067/3250 train_time:3902.972s step_avg:1888.23ms
step:2068/3250 train_time:3904.796s step_avg:1888.20ms
step:2069/3250 train_time:3906.620s step_avg:1888.17ms
step:2070/3250 train_time:3908.442s step_avg:1888.14ms
step:2071/3250 train_time:3910.265s step_avg:1888.10ms
step:2072/3250 train_time:3912.087s step_avg:1888.07ms
step:2073/3250 train_time:3913.909s step_avg:1888.04ms
step:2074/3250 train_time:3915.732s step_avg:1888.01ms
step:2075/3250 train_time:3917.830s step_avg:1888.11ms
step:2076/3250 train_time:3919.652s step_avg:1888.08ms
step:2077/3250 train_time:3921.475s step_avg:1888.05ms
step:2078/3250 train_time:3923.297s step_avg:1888.02ms
step:2079/3250 train_time:3925.120s step_avg:1887.98ms
step:2080/3250 train_time:3926.944s step_avg:1887.95ms
step:2081/3250 train_time:3929.602s step_avg:1888.32ms
step:2082/3250 train_time:3931.425s step_avg:1888.29ms
step:2083/3250 train_time:3933.248s step_avg:1888.26ms
step:2084/3250 train_time:3935.071s step_avg:1888.23ms
step:2085/3250 train_time:3936.894s step_avg:1888.20ms
step:2086/3250 train_time:3938.716s step_avg:1888.17ms
step:2087/3250 train_time:3940.540s step_avg:1888.14ms
step:2088/3250 train_time:3942.364s step_avg:1888.11ms
step:2089/3250 train_time:3944.187s step_avg:1888.07ms
step:2090/3250 train_time:3946.011s step_avg:1888.04ms
step:2091/3250 train_time:3947.871s step_avg:1888.03ms
step:2092/3250 train_time:3949.695s step_avg:1888.00ms
step:2093/3250 train_time:3951.517s step_avg:1887.97ms
step:2094/3250 train_time:3953.340s step_avg:1887.94ms
step:2095/3250 train_time:3955.164s step_avg:1887.91ms
step:2096/3250 train_time:3956.989s step_avg:1887.88ms
step:2097/3250 train_time:3959.647s step_avg:1888.24ms
step:2098/3250 train_time:3961.471s step_avg:1888.21ms
step:2099/3250 train_time:3963.293s step_avg:1888.18ms
step:2100/3250 train_time:3965.390s step_avg:1888.28ms
step:2101/3250 train_time:3967.212s step_avg:1888.25ms
step:2102/3250 train_time:3969.034s step_avg:1888.22ms
step:2103/3250 train_time:3970.856s step_avg:1888.19ms
step:2104/3250 train_time:3972.679s step_avg:1888.16ms
step:2105/3250 train_time:3974.501s step_avg:1888.12ms
step:2106/3250 train_time:3976.324s step_avg:1888.09ms
step:2107/3250 train_time:3978.148s step_avg:1888.06ms
step:2108/3250 train_time:3979.970s step_avg:1888.03ms
step:2109/3250 train_time:3981.792s step_avg:1888.00ms
step:2110/3250 train_time:3983.615s step_avg:1887.97ms
step:2111/3250 train_time:3985.437s step_avg:1887.94ms
step:2112/3250 train_time:3987.260s step_avg:1887.91ms
step:2113/3250 train_time:3989.917s step_avg:1888.27ms
step:2114/3250 train_time:3991.739s step_avg:1888.24ms
step:2115/3250 train_time:3993.560s step_avg:1888.21ms
step:2116/3250 train_time:3995.382s step_avg:1888.18ms
step:2117/3250 train_time:3997.206s step_avg:1888.15ms
step:2118/3250 train_time:3999.028s step_avg:1888.12ms
step:2119/3250 train_time:4000.850s step_avg:1888.08ms
step:2120/3250 train_time:4002.674s step_avg:1888.05ms
step:2121/3250 train_time:4004.495s step_avg:1888.02ms
step:2122/3250 train_time:4006.320s step_avg:1887.99ms
step:2123/3250 train_time:4008.143s step_avg:1887.96ms
step:2124/3250 train_time:4009.965s step_avg:1887.93ms
step:2125/3250 train_time:4012.125s step_avg:1888.06ms
step:2125/3250 val_loss:3.41348 train_time:4012.125s step_avg:1888.07ms
step:2126/3250 train_time:4013.949s step_avg:1888.03ms
step:2127/3250 train_time:4015.772s step_avg:1888.00ms
step:2128/3250 train_time:4017.595s step_avg:1887.97ms
step:2129/3250 train_time:4020.253s step_avg:1888.33ms
step:2130/3250 train_time:4022.075s step_avg:1888.30ms
step:2131/3250 train_time:4023.898s step_avg:1888.27ms
step:2132/3250 train_time:4025.720s step_avg:1888.24ms
step:2133/3250 train_time:4027.543s step_avg:1888.21ms
step:2134/3250 train_time:4029.364s step_avg:1888.17ms
step:2135/3250 train_time:4031.186s step_avg:1888.14ms
step:2136/3250 train_time:4033.010s step_avg:1888.11ms
step:2137/3250 train_time:4034.833s step_avg:1888.08ms
step:2138/3250 train_time:4036.656s step_avg:1888.05ms
step:2139/3250 train_time:4038.477s step_avg:1888.02ms
step:2140/3250 train_time:4040.300s step_avg:1887.99ms
step:2141/3250 train_time:4042.122s step_avg:1887.96ms
step:2142/3250 train_time:4043.945s step_avg:1887.93ms
step:2143/3250 train_time:4045.769s step_avg:1887.90ms
step:2144/3250 train_time:4047.591s step_avg:1887.87ms
step:2145/3250 train_time:4050.247s step_avg:1888.23ms
step:2146/3250 train_time:4052.070s step_avg:1888.20ms
step:2147/3250 train_time:4053.893s step_avg:1888.17ms
step:2148/3250 train_time:4055.716s step_avg:1888.14ms
step:2149/3250 train_time:4057.539s step_avg:1888.11ms
step:2150/3250 train_time:4059.634s step_avg:1888.20ms
step:2151/3250 train_time:4061.456s step_avg:1888.17ms
step:2152/3250 train_time:4063.280s step_avg:1888.14ms
step:2153/3250 train_time:4065.102s step_avg:1888.11ms
step:2154/3250 train_time:4066.925s step_avg:1888.08ms
step:2155/3250 train_time:4068.747s step_avg:1888.05ms
step:2156/3250 train_time:4070.570s step_avg:1888.02ms
step:2157/3250 train_time:4072.392s step_avg:1887.99ms
step:2158/3250 train_time:4074.215s step_avg:1887.96ms
step:2159/3250 train_time:4076.039s step_avg:1887.93ms
step:2160/3250 train_time:4077.861s step_avg:1887.90ms
step:2161/3250 train_time:4080.518s step_avg:1888.25ms
step:2162/3250 train_time:4082.340s step_avg:1888.22ms
step:2163/3250 train_time:4084.162s step_avg:1888.19ms
step:2164/3250 train_time:4085.986s step_avg:1888.16ms
step:2165/3250 train_time:4087.808s step_avg:1888.13ms
step:2166/3250 train_time:4089.630s step_avg:1888.10ms
step:2167/3250 train_time:4091.452s step_avg:1888.07ms
step:2168/3250 train_time:4093.275s step_avg:1888.04ms
step:2169/3250 train_time:4095.099s step_avg:1888.01ms
step:2170/3250 train_time:4096.922s step_avg:1887.98ms
step:2171/3250 train_time:4098.745s step_avg:1887.95ms
step:2172/3250 train_time:4100.567s step_avg:1887.92ms
step:2173/3250 train_time:4102.389s step_avg:1887.89ms
step:2174/3250 train_time:4104.213s step_avg:1887.86ms
step:2175/3250 train_time:4106.310s step_avg:1887.96ms
step:2176/3250 train_time:4108.132s step_avg:1887.93ms
step:2177/3250 train_time:4110.789s step_avg:1888.28ms
step:2178/3250 train_time:4112.612s step_avg:1888.25ms
step:2179/3250 train_time:4114.436s step_avg:1888.22ms
step:2180/3250 train_time:4116.259s step_avg:1888.19ms
step:2181/3250 train_time:4118.082s step_avg:1888.16ms
step:2182/3250 train_time:4119.905s step_avg:1888.13ms
step:2183/3250 train_time:4121.729s step_avg:1888.10ms
step:2184/3250 train_time:4123.553s step_avg:1888.07ms
step:2185/3250 train_time:4125.376s step_avg:1888.04ms
step:2186/3250 train_time:4127.199s step_avg:1888.01ms
step:2187/3250 train_time:4129.022s step_avg:1887.98ms
step:2188/3250 train_time:4130.845s step_avg:1887.95ms
step:2189/3250 train_time:4132.667s step_avg:1887.92ms
step:2190/3250 train_time:4134.490s step_avg:1887.90ms
step:2191/3250 train_time:4136.312s step_avg:1887.87ms
step:2192/3250 train_time:4138.135s step_avg:1887.84ms
step:2193/3250 train_time:4140.792s step_avg:1888.19ms
step:2194/3250 train_time:4142.615s step_avg:1888.16ms
step:2195/3250 train_time:4144.438s step_avg:1888.13ms
step:2196/3250 train_time:4146.263s step_avg:1888.10ms
step:2197/3250 train_time:4148.086s step_avg:1888.07ms
step:2198/3250 train_time:4149.909s step_avg:1888.04ms
step:2199/3250 train_time:4151.731s step_avg:1888.01ms
step:2200/3250 train_time:4153.832s step_avg:1888.11ms
step:2201/3250 train_time:4155.655s step_avg:1888.08ms
step:2202/3250 train_time:4157.478s step_avg:1888.05ms
step:2203/3250 train_time:4159.301s step_avg:1888.02ms
step:2204/3250 train_time:4161.124s step_avg:1887.99ms
step:2205/3250 train_time:4162.947s step_avg:1887.96ms
step:2206/3250 train_time:4164.770s step_avg:1887.93ms
step:2207/3250 train_time:4166.593s step_avg:1887.90ms
step:2208/3250 train_time:4168.416s step_avg:1887.87ms
step:2209/3250 train_time:4171.073s step_avg:1888.22ms
step:2210/3250 train_time:4172.895s step_avg:1888.19ms
step:2211/3250 train_time:4174.719s step_avg:1888.16ms
step:2212/3250 train_time:4176.541s step_avg:1888.13ms
step:2213/3250 train_time:4178.362s step_avg:1888.10ms
step:2214/3250 train_time:4180.184s step_avg:1888.07ms
step:2215/3250 train_time:4182.007s step_avg:1888.04ms
step:2216/3250 train_time:4183.831s step_avg:1888.01ms
step:2217/3250 train_time:4185.653s step_avg:1887.98ms
step:2218/3250 train_time:4187.476s step_avg:1887.95ms
step:2219/3250 train_time:4189.297s step_avg:1887.92ms
step:2220/3250 train_time:4191.120s step_avg:1887.89ms
step:2221/3250 train_time:4192.942s step_avg:1887.86ms
step:2222/3250 train_time:4194.765s step_avg:1887.83ms
step:2223/3250 train_time:4196.588s step_avg:1887.80ms
step:2224/3250 train_time:4198.410s step_avg:1887.77ms
step:2225/3250 train_time:4201.345s step_avg:1888.24ms
step:2226/3250 train_time:4203.166s step_avg:1888.21ms
step:2227/3250 train_time:4204.989s step_avg:1888.19ms
step:2228/3250 train_time:4206.811s step_avg:1888.16ms
step:2229/3250 train_time:4208.632s step_avg:1888.13ms
step:2230/3250 train_time:4210.455s step_avg:1888.10ms
step:2231/3250 train_time:4212.277s step_avg:1888.07ms
step:2232/3250 train_time:4214.100s step_avg:1888.04ms
step:2233/3250 train_time:4215.922s step_avg:1888.01ms
step:2234/3250 train_time:4217.745s step_avg:1887.98ms
step:2235/3250 train_time:4219.568s step_avg:1887.95ms
step:2236/3250 train_time:4221.391s step_avg:1887.92ms
step:2237/3250 train_time:4223.212s step_avg:1887.89ms
step:2238/3250 train_time:4225.035s step_avg:1887.86ms
step:2239/3250 train_time:4226.857s step_avg:1887.83ms
step:2240/3250 train_time:4228.681s step_avg:1887.80ms
step:2241/3250 train_time:4231.338s step_avg:1888.15ms
step:2242/3250 train_time:4233.160s step_avg:1888.12ms
step:2243/3250 train_time:4234.984s step_avg:1888.09ms
step:2244/3250 train_time:4236.806s step_avg:1888.06ms
step:2245/3250 train_time:4238.628s step_avg:1888.03ms
step:2246/3250 train_time:4240.450s step_avg:1888.00ms
step:2247/3250 train_time:4242.272s step_avg:1887.97ms
step:2248/3250 train_time:4244.096s step_avg:1887.94ms
step:2249/3250 train_time:4245.918s step_avg:1887.91ms
step:2250/3250 train_time:4248.079s step_avg:1888.04ms
step:2250/3250 val_loss:3.39297 train_time:4248.080s step_avg:1887.64ms
step:2251/3250 train_time:4249.903s step_avg:1888.01ms
step:2252/3250 train_time:4251.726s step_avg:1887.98ms
step:2253/3250 train_time:4253.549s step_avg:1887.95ms
step:2254/3250 train_time:4255.372s step_avg:1887.92ms
step:2255/3250 train_time:4257.195s step_avg:1887.89ms
step:2256/3250 train_time:4259.017s step_avg:1887.86ms
step:2257/3250 train_time:4261.674s step_avg:1888.20ms
step:2258/3250 train_time:4263.498s step_avg:1888.17ms
step:2259/3250 train_time:4265.319s step_avg:1888.14ms
step:2260/3250 train_time:4267.141s step_avg:1888.12ms
step:2261/3250 train_time:4268.962s step_avg:1888.09ms
step:2262/3250 train_time:4270.785s step_avg:1888.06ms
step:2263/3250 train_time:4272.608s step_avg:1888.03ms
step:2264/3250 train_time:4274.430s step_avg:1888.00ms
step:2265/3250 train_time:4276.252s step_avg:1887.97ms
step:2266/3250 train_time:4278.074s step_avg:1887.94ms
step:2267/3250 train_time:4279.897s step_avg:1887.91ms
step:2268/3250 train_time:4281.720s step_avg:1887.88ms
step:2269/3250 train_time:4283.543s step_avg:1887.85ms
step:2270/3250 train_time:4285.365s step_avg:1887.83ms
step:2271/3250 train_time:4287.186s step_avg:1887.80ms
step:2272/3250 train_time:4289.009s step_avg:1887.77ms
step:2273/3250 train_time:4291.665s step_avg:1888.11ms
step:2274/3250 train_time:4293.487s step_avg:1888.08ms
step:2275/3250 train_time:4295.583s step_avg:1888.17ms
step:2276/3250 train_time:4297.404s step_avg:1888.14ms
step:2277/3250 train_time:4299.226s step_avg:1888.11ms
step:2278/3250 train_time:4301.048s step_avg:1888.08ms
step:2279/3250 train_time:4302.871s step_avg:1888.05ms
step:2280/3250 train_time:4304.692s step_avg:1888.02ms
step:2281/3250 train_time:4306.548s step_avg:1888.01ms
step:2282/3250 train_time:4308.369s step_avg:1887.98ms
step:2283/3250 train_time:4310.191s step_avg:1887.95ms
step:2284/3250 train_time:4312.013s step_avg:1887.92ms
step:2285/3250 train_time:4313.835s step_avg:1887.89ms
step:2286/3250 train_time:4315.658s step_avg:1887.86ms
step:2287/3250 train_time:4317.481s step_avg:1887.84ms
step:2288/3250 train_time:4319.302s step_avg:1887.81ms
step:2289/3250 train_time:4321.958s step_avg:1888.14ms
step:2290/3250 train_time:4323.779s step_avg:1888.11ms
step:2291/3250 train_time:4325.601s step_avg:1888.08ms
step:2292/3250 train_time:4327.421s step_avg:1888.05ms
step:2293/3250 train_time:4329.242s step_avg:1888.03ms
step:2294/3250 train_time:4331.065s step_avg:1888.00ms
step:2295/3250 train_time:4332.888s step_avg:1887.97ms
step:2296/3250 train_time:4334.710s step_avg:1887.94ms
step:2297/3250 train_time:4336.531s step_avg:1887.91ms
step:2298/3250 train_time:4338.352s step_avg:1887.88ms
step:2299/3250 train_time:4340.175s step_avg:1887.85ms
step:2300/3250 train_time:4342.276s step_avg:1887.95ms
step:2301/3250 train_time:4344.098s step_avg:1887.92ms
step:2302/3250 train_time:4345.920s step_avg:1887.89ms
step:2303/3250 train_time:4347.741s step_avg:1887.86ms
step:2304/3250 train_time:4349.563s step_avg:1887.83ms
step:2305/3250 train_time:4352.220s step_avg:1888.16ms
step:2306/3250 train_time:4354.041s step_avg:1888.14ms
step:2307/3250 train_time:4355.862s step_avg:1888.11ms
step:2308/3250 train_time:4357.684s step_avg:1888.08ms
step:2309/3250 train_time:4359.506s step_avg:1888.05ms
step:2310/3250 train_time:4361.327s step_avg:1888.02ms
step:2311/3250 train_time:4363.150s step_avg:1887.99ms
step:2312/3250 train_time:4364.971s step_avg:1887.96ms
step:2313/3250 train_time:4366.792s step_avg:1887.93ms
step:2314/3250 train_time:4368.614s step_avg:1887.91ms
step:2315/3250 train_time:4370.436s step_avg:1887.88ms
step:2316/3250 train_time:4372.258s step_avg:1887.85ms
step:2317/3250 train_time:4374.080s step_avg:1887.82ms
step:2318/3250 train_time:4375.901s step_avg:1887.79ms
step:2319/3250 train_time:4377.723s step_avg:1887.76ms
step:2320/3250 train_time:4379.545s step_avg:1887.73ms
step:2321/3250 train_time:4382.201s step_avg:1888.07ms
step:2322/3250 train_time:4384.023s step_avg:1888.04ms
step:2323/3250 train_time:4385.845s step_avg:1888.01ms
step:2324/3250 train_time:4387.666s step_avg:1887.98ms
step:2325/3250 train_time:4389.759s step_avg:1888.07ms
step:2326/3250 train_time:4391.580s step_avg:1888.04ms
step:2327/3250 train_time:4393.402s step_avg:1888.01ms
step:2328/3250 train_time:4395.223s step_avg:1887.98ms
step:2329/3250 train_time:4397.045s step_avg:1887.95ms
step:2330/3250 train_time:4398.866s step_avg:1887.93ms
step:2331/3250 train_time:4400.687s step_avg:1887.90ms
step:2332/3250 train_time:4402.510s step_avg:1887.87ms
step:2333/3250 train_time:4404.332s step_avg:1887.84ms
step:2334/3250 train_time:4406.153s step_avg:1887.81ms
step:2335/3250 train_time:4407.975s step_avg:1887.78ms
step:2336/3250 train_time:4409.796s step_avg:1887.76ms
step:2337/3250 train_time:4412.453s step_avg:1888.08ms
step:2338/3250 train_time:4414.274s step_avg:1888.06ms
step:2339/3250 train_time:4416.095s step_avg:1888.03ms
step:2340/3250 train_time:4417.916s step_avg:1888.00ms
step:2341/3250 train_time:4419.737s step_avg:1887.97ms
step:2342/3250 train_time:4421.558s step_avg:1887.94ms
step:2343/3250 train_time:4423.381s step_avg:1887.91ms
step:2344/3250 train_time:4425.202s step_avg:1887.88ms
step:2345/3250 train_time:4427.023s step_avg:1887.86ms
step:2346/3250 train_time:4428.844s step_avg:1887.83ms
step:2347/3250 train_time:4430.665s step_avg:1887.80ms
step:2348/3250 train_time:4432.488s step_avg:1887.77ms
step:2349/3250 train_time:4434.309s step_avg:1887.74ms
step:2350/3250 train_time:4436.403s step_avg:1887.83ms
step:2351/3250 train_time:4438.223s step_avg:1887.80ms
step:2352/3250 train_time:4440.044s step_avg:1887.77ms
step:2353/3250 train_time:4442.700s step_avg:1888.10ms
step:2354/3250 train_time:4444.522s step_avg:1888.07ms
step:2355/3250 train_time:4446.343s step_avg:1888.04ms
step:2356/3250 train_time:4448.164s step_avg:1888.02ms
step:2357/3250 train_time:4449.985s step_avg:1887.99ms
step:2358/3250 train_time:4451.806s step_avg:1887.96ms
step:2359/3250 train_time:4453.628s step_avg:1887.93ms
step:2360/3250 train_time:4455.450s step_avg:1887.90ms
step:2361/3250 train_time:4457.272s step_avg:1887.87ms
step:2362/3250 train_time:4459.093s step_avg:1887.85ms
step:2363/3250 train_time:4460.915s step_avg:1887.82ms
step:2364/3250 train_time:4462.738s step_avg:1887.79ms
step:2365/3250 train_time:4464.559s step_avg:1887.76ms
step:2366/3250 train_time:4466.381s step_avg:1887.73ms
step:2367/3250 train_time:4468.202s step_avg:1887.71ms
step:2368/3250 train_time:4470.023s step_avg:1887.68ms
step:2369/3250 train_time:4472.679s step_avg:1888.00ms
step:2370/3250 train_time:4474.500s step_avg:1887.97ms
step:2371/3250 train_time:4476.322s step_avg:1887.95ms
step:2372/3250 train_time:4478.144s step_avg:1887.92ms
step:2373/3250 train_time:4479.966s step_avg:1887.89ms
step:2374/3250 train_time:4481.788s step_avg:1887.86ms
step:2375/3250 train_time:4483.948s step_avg:1887.98ms
step:2375/3250 val_loss:3.37367 train_time:4483.949s step_avg:1886.95ms
step:2376/3250 train_time:4485.772s step_avg:1887.95ms
step:2377/3250 train_time:4487.593s step_avg:1887.92ms
step:2378/3250 train_time:4489.416s step_avg:1887.90ms
step:2379/3250 train_time:4491.239s step_avg:1887.87ms
step:2380/3250 train_time:4493.062s step_avg:1887.84ms
step:2381/3250 train_time:4494.883s step_avg:1887.81ms
step:2382/3250 train_time:4496.705s step_avg:1887.79ms
step:2383/3250 train_time:4498.526s step_avg:1887.76ms
step:2384/3250 train_time:4500.371s step_avg:1887.74ms
step:2385/3250 train_time:4503.028s step_avg:1888.06ms
step:2386/3250 train_time:4504.849s step_avg:1888.03ms
step:2387/3250 train_time:4506.670s step_avg:1888.01ms
step:2388/3250 train_time:4508.492s step_avg:1887.98ms
step:2389/3250 train_time:4510.315s step_avg:1887.95ms
step:2390/3250 train_time:4512.137s step_avg:1887.92ms
step:2391/3250 train_time:4513.959s step_avg:1887.90ms
step:2392/3250 train_time:4515.780s step_avg:1887.87ms
step:2393/3250 train_time:4517.602s step_avg:1887.84ms
step:2394/3250 train_time:4519.424s step_avg:1887.81ms
step:2395/3250 train_time:4521.245s step_avg:1887.79ms
step:2396/3250 train_time:4523.068s step_avg:1887.76ms
step:2397/3250 train_time:4524.890s step_avg:1887.73ms
step:2398/3250 train_time:4526.712s step_avg:1887.70ms
step:2399/3250 train_time:4528.533s step_avg:1887.68ms
step:2400/3250 train_time:4530.629s step_avg:1887.76ms
step:2401/3250 train_time:4533.285s step_avg:1888.08ms
step:2402/3250 train_time:4535.107s step_avg:1888.05ms
step:2403/3250 train_time:4536.929s step_avg:1888.03ms
step:2404/3250 train_time:4538.751s step_avg:1888.00ms
step:2405/3250 train_time:4540.573s step_avg:1887.97ms
step:2406/3250 train_time:4542.397s step_avg:1887.95ms
step:2407/3250 train_time:4544.220s step_avg:1887.92ms
step:2408/3250 train_time:4546.042s step_avg:1887.89ms
step:2409/3250 train_time:4547.863s step_avg:1887.86ms
step:2410/3250 train_time:4549.686s step_avg:1887.84ms
step:2411/3250 train_time:4551.509s step_avg:1887.81ms
step:2412/3250 train_time:4553.331s step_avg:1887.78ms
step:2413/3250 train_time:4555.153s step_avg:1887.76ms
step:2414/3250 train_time:4556.974s step_avg:1887.73ms
step:2415/3250 train_time:4558.796s step_avg:1887.70ms
step:2416/3250 train_time:4560.619s step_avg:1887.67ms
step:2417/3250 train_time:4563.275s step_avg:1887.99ms
step:2418/3250 train_time:4565.096s step_avg:1887.96ms
step:2419/3250 train_time:4566.918s step_avg:1887.94ms
step:2420/3250 train_time:4568.740s step_avg:1887.91ms
step:2421/3250 train_time:4570.562s step_avg:1887.88ms
step:2422/3250 train_time:4572.383s step_avg:1887.85ms
step:2423/3250 train_time:4574.204s step_avg:1887.83ms
step:2424/3250 train_time:4576.025s step_avg:1887.80ms
step:2425/3250 train_time:4578.118s step_avg:1887.88ms
step:2426/3250 train_time:4579.940s step_avg:1887.86ms
step:2427/3250 train_time:4581.763s step_avg:1887.83ms
step:2428/3250 train_time:4583.584s step_avg:1887.80ms
step:2429/3250 train_time:4585.406s step_avg:1887.78ms
step:2430/3250 train_time:4587.226s step_avg:1887.75ms
step:2431/3250 train_time:4589.047s step_avg:1887.72ms
step:2432/3250 train_time:4590.869s step_avg:1887.69ms
step:2433/3250 train_time:4593.526s step_avg:1888.01ms
step:2434/3250 train_time:4595.346s step_avg:1887.98ms
step:2435/3250 train_time:4597.167s step_avg:1887.95ms
step:2436/3250 train_time:4598.990s step_avg:1887.93ms
step:2437/3250 train_time:4600.813s step_avg:1887.90ms
step:2438/3250 train_time:4602.635s step_avg:1887.87ms
step:2439/3250 train_time:4604.456s step_avg:1887.85ms
step:2440/3250 train_time:4606.279s step_avg:1887.82ms
step:2441/3250 train_time:4608.100s step_avg:1887.79ms
step:2442/3250 train_time:4609.923s step_avg:1887.77ms
step:2443/3250 train_time:4611.745s step_avg:1887.74ms
step:2444/3250 train_time:4613.567s step_avg:1887.71ms
step:2445/3250 train_time:4615.389s step_avg:1887.68ms
step:2446/3250 train_time:4617.210s step_avg:1887.66ms
step:2447/3250 train_time:4619.032s step_avg:1887.63ms
step:2448/3250 train_time:4620.855s step_avg:1887.60ms
step:2449/3250 train_time:4623.511s step_avg:1887.92ms
step:2450/3250 train_time:4625.612s step_avg:1888.00ms
step:2451/3250 train_time:4627.434s step_avg:1887.98ms
step:2452/3250 train_time:4629.255s step_avg:1887.95ms
step:2453/3250 train_time:4631.077s step_avg:1887.92ms
step:2454/3250 train_time:4632.898s step_avg:1887.90ms
step:2455/3250 train_time:4634.719s step_avg:1887.87ms
step:2456/3250 train_time:4636.543s step_avg:1887.84ms
step:2457/3250 train_time:4638.364s step_avg:1887.82ms
step:2458/3250 train_time:4640.186s step_avg:1887.79ms
step:2459/3250 train_time:4642.008s step_avg:1887.76ms
step:2460/3250 train_time:4643.831s step_avg:1887.74ms
step:2461/3250 train_time:4645.653s step_avg:1887.71ms
step:2462/3250 train_time:4647.476s step_avg:1887.68ms
step:2463/3250 train_time:4649.297s step_avg:1887.66ms
step:2464/3250 train_time:4651.119s step_avg:1887.63ms
step:2465/3250 train_time:4653.775s step_avg:1887.94ms
step:2466/3250 train_time:4655.596s step_avg:1887.91ms
step:2467/3250 train_time:4657.416s step_avg:1887.89ms
step:2468/3250 train_time:4659.237s step_avg:1887.86ms
step:2469/3250 train_time:4661.060s step_avg:1887.83ms
step:2470/3250 train_time:4662.881s step_avg:1887.81ms
step:2471/3250 train_time:4664.739s step_avg:1887.79ms
step:2472/3250 train_time:4666.561s step_avg:1887.77ms
step:2473/3250 train_time:4668.383s step_avg:1887.74ms
step:2474/3250 train_time:4670.207s step_avg:1887.71ms
step:2475/3250 train_time:4672.308s step_avg:1887.80ms
step:2476/3250 train_time:4674.130s step_avg:1887.77ms
step:2477/3250 train_time:4675.952s step_avg:1887.75ms
step:2478/3250 train_time:4677.775s step_avg:1887.72ms
step:2479/3250 train_time:4679.597s step_avg:1887.70ms
step:2480/3250 train_time:4681.420s step_avg:1887.67ms
step:2481/3250 train_time:4684.076s step_avg:1887.98ms
step:2482/3250 train_time:4685.897s step_avg:1887.95ms
step:2483/3250 train_time:4687.719s step_avg:1887.93ms
step:2484/3250 train_time:4689.540s step_avg:1887.90ms
step:2485/3250 train_time:4691.363s step_avg:1887.87ms
step:2486/3250 train_time:4693.185s step_avg:1887.85ms
step:2487/3250 train_time:4695.007s step_avg:1887.82ms
step:2488/3250 train_time:4696.829s step_avg:1887.79ms
step:2489/3250 train_time:4698.650s step_avg:1887.77ms
step:2490/3250 train_time:4700.473s step_avg:1887.74ms
step:2491/3250 train_time:4702.294s step_avg:1887.71ms
step:2492/3250 train_time:4704.115s step_avg:1887.69ms
step:2493/3250 train_time:4705.937s step_avg:1887.66ms
step:2494/3250 train_time:4707.759s step_avg:1887.63ms
step:2495/3250 train_time:4709.579s step_avg:1887.61ms
step:2496/3250 train_time:4711.402s step_avg:1887.58ms
step:2497/3250 train_time:4714.058s step_avg:1887.89ms
step:2498/3250 train_time:4715.879s step_avg:1887.86ms
step:2499/3250 train_time:4717.700s step_avg:1887.84ms
step:2500/3250 train_time:4719.865s step_avg:1887.95ms
step:2500/3250 val_loss:3.35445 train_time:4719.866s step_avg:1887.33ms
step:2501/3250 train_time:4721.688s step_avg:1887.92ms
step:2502/3250 train_time:4723.511s step_avg:1887.89ms
step:2503/3250 train_time:4725.333s step_avg:1887.87ms
step:2504/3250 train_time:4727.155s step_avg:1887.84ms
step:2505/3250 train_time:4728.977s step_avg:1887.81ms
step:2506/3250 train_time:4730.798s step_avg:1887.79ms
step:2507/3250 train_time:4732.620s step_avg:1887.76ms
step:2508/3250 train_time:4734.443s step_avg:1887.74ms
step:2509/3250 train_time:4736.265s step_avg:1887.71ms
step:2510/3250 train_time:4738.086s step_avg:1887.68ms
step:2511/3250 train_time:4739.909s step_avg:1887.66ms
step:2512/3250 train_time:4741.731s step_avg:1887.63ms
step:2513/3250 train_time:4744.388s step_avg:1887.94ms
step:2514/3250 train_time:4746.210s step_avg:1887.91ms
step:2515/3250 train_time:4748.032s step_avg:1887.89ms
step:2516/3250 train_time:4749.854s step_avg:1887.86ms
step:2517/3250 train_time:4751.676s step_avg:1887.83ms
step:2518/3250 train_time:4753.497s step_avg:1887.81ms
step:2519/3250 train_time:4755.319s step_avg:1887.78ms
step:2520/3250 train_time:4757.140s step_avg:1887.75ms
step:2521/3250 train_time:4758.963s step_avg:1887.73ms
step:2522/3250 train_time:4760.786s step_avg:1887.70ms
step:2523/3250 train_time:4762.608s step_avg:1887.68ms
step:2524/3250 train_time:4764.429s step_avg:1887.65ms
step:2525/3250 train_time:4766.529s step_avg:1887.73ms
step:2526/3250 train_time:4768.352s step_avg:1887.71ms
step:2527/3250 train_time:4770.174s step_avg:1887.68ms
step:2528/3250 train_time:4771.997s step_avg:1887.66ms
step:2529/3250 train_time:4774.654s step_avg:1887.96ms
step:2530/3250 train_time:4776.474s step_avg:1887.93ms
step:2531/3250 train_time:4778.296s step_avg:1887.91ms
step:2532/3250 train_time:4780.119s step_avg:1887.88ms
step:2533/3250 train_time:4781.940s step_avg:1887.86ms
step:2534/3250 train_time:4783.762s step_avg:1887.83ms
step:2535/3250 train_time:4785.583s step_avg:1887.80ms
step:2536/3250 train_time:4787.406s step_avg:1887.78ms
step:2537/3250 train_time:4789.230s step_avg:1887.75ms
step:2538/3250 train_time:4791.053s step_avg:1887.73ms
step:2539/3250 train_time:4792.875s step_avg:1887.70ms
step:2540/3250 train_time:4794.697s step_avg:1887.68ms
step:2541/3250 train_time:4796.521s step_avg:1887.65ms
step:2542/3250 train_time:4798.343s step_avg:1887.63ms
step:2543/3250 train_time:4800.166s step_avg:1887.60ms
step:2544/3250 train_time:4801.989s step_avg:1887.57ms
step:2545/3250 train_time:4804.646s step_avg:1887.88ms
step:2546/3250 train_time:4806.467s step_avg:1887.85ms
step:2547/3250 train_time:4808.289s step_avg:1887.82ms
step:2548/3250 train_time:4810.110s step_avg:1887.80ms
step:2549/3250 train_time:4811.933s step_avg:1887.77ms
step:2550/3250 train_time:4814.030s step_avg:1887.86ms
step:2551/3250 train_time:4815.852s step_avg:1887.83ms
step:2552/3250 train_time:4817.674s step_avg:1887.80ms
step:2553/3250 train_time:4819.496s step_avg:1887.78ms
step:2554/3250 train_time:4821.319s step_avg:1887.75ms
step:2555/3250 train_time:4823.141s step_avg:1887.73ms
step:2556/3250 train_time:4824.965s step_avg:1887.70ms
step:2557/3250 train_time:4826.786s step_avg:1887.68ms
step:2558/3250 train_time:4828.608s step_avg:1887.65ms
step:2559/3250 train_time:4830.430s step_avg:1887.62ms
step:2560/3250 train_time:4832.253s step_avg:1887.60ms
step:2561/3250 train_time:4834.909s step_avg:1887.90ms
step:2562/3250 train_time:4836.730s step_avg:1887.87ms
step:2563/3250 train_time:4838.553s step_avg:1887.85ms
step:2564/3250 train_time:4840.376s step_avg:1887.82ms
step:2565/3250 train_time:4842.197s step_avg:1887.80ms
step:2566/3250 train_time:4844.019s step_avg:1887.77ms
step:2567/3250 train_time:4845.840s step_avg:1887.74ms
step:2568/3250 train_time:4847.662s step_avg:1887.72ms
step:2569/3250 train_time:4849.484s step_avg:1887.69ms
step:2570/3250 train_time:4851.308s step_avg:1887.67ms
step:2571/3250 train_time:4853.129s step_avg:1887.64ms
step:2572/3250 train_time:4854.951s step_avg:1887.62ms
step:2573/3250 train_time:4856.773s step_avg:1887.59ms
step:2574/3250 train_time:4858.595s step_avg:1887.57ms
step:2575/3250 train_time:4860.696s step_avg:1887.65ms
step:2576/3250 train_time:4862.518s step_avg:1887.62ms
step:2577/3250 train_time:4865.174s step_avg:1887.92ms
step:2578/3250 train_time:4866.996s step_avg:1887.90ms
step:2579/3250 train_time:4868.818s step_avg:1887.87ms
step:2580/3250 train_time:4870.640s step_avg:1887.84ms
step:2581/3250 train_time:4872.461s step_avg:1887.82ms
step:2582/3250 train_time:4874.282s step_avg:1887.79ms
step:2583/3250 train_time:4876.104s step_avg:1887.77ms
step:2584/3250 train_time:4877.926s step_avg:1887.74ms
step:2585/3250 train_time:4879.750s step_avg:1887.72ms
step:2586/3250 train_time:4881.571s step_avg:1887.69ms
step:2587/3250 train_time:4883.393s step_avg:1887.67ms
step:2588/3250 train_time:4885.213s step_avg:1887.64ms
step:2589/3250 train_time:4887.036s step_avg:1887.62ms
step:2590/3250 train_time:4888.858s step_avg:1887.59ms
step:2591/3250 train_time:4890.680s step_avg:1887.56ms
step:2592/3250 train_time:4892.502s step_avg:1887.54ms
step:2593/3250 train_time:4895.158s step_avg:1887.84ms
step:2594/3250 train_time:4896.979s step_avg:1887.81ms
step:2595/3250 train_time:4898.803s step_avg:1887.79ms
step:2596/3250 train_time:4900.624s step_avg:1887.76ms
step:2597/3250 train_time:4902.445s step_avg:1887.73ms
step:2598/3250 train_time:4904.266s step_avg:1887.71ms
step:2599/3250 train_time:4906.089s step_avg:1887.68ms
step:2600/3250 train_time:4908.188s step_avg:1887.76ms
step:2601/3250 train_time:4910.010s step_avg:1887.74ms
step:2602/3250 train_time:4911.831s step_avg:1887.71ms
step:2603/3250 train_time:4913.653s step_avg:1887.69ms
step:2604/3250 train_time:4915.475s step_avg:1887.66ms
step:2605/3250 train_time:4917.295s step_avg:1887.64ms
step:2606/3250 train_time:4919.117s step_avg:1887.61ms
step:2607/3250 train_time:4920.938s step_avg:1887.59ms
step:2608/3250 train_time:4922.758s step_avg:1887.56ms
step:2609/3250 train_time:4925.414s step_avg:1887.86ms
step:2610/3250 train_time:4927.235s step_avg:1887.83ms
step:2611/3250 train_time:4929.055s step_avg:1887.80ms
step:2612/3250 train_time:4930.877s step_avg:1887.78ms
step:2613/3250 train_time:4932.698s step_avg:1887.75ms
step:2614/3250 train_time:4934.519s step_avg:1887.73ms
step:2615/3250 train_time:4936.340s step_avg:1887.70ms
step:2616/3250 train_time:4938.161s step_avg:1887.68ms
step:2617/3250 train_time:4939.982s step_avg:1887.65ms
step:2618/3250 train_time:4941.803s step_avg:1887.63ms
step:2619/3250 train_time:4943.624s step_avg:1887.60ms
step:2620/3250 train_time:4945.447s step_avg:1887.58ms
step:2621/3250 train_time:4947.268s step_avg:1887.55ms
step:2622/3250 train_time:4949.090s step_avg:1887.52ms
step:2623/3250 train_time:4950.910s step_avg:1887.50ms
step:2624/3250 train_time:4952.732s step_avg:1887.47ms
step:2625/3250 train_time:4955.726s step_avg:1887.90ms
step:2625/3250 val_loss:3.33468 train_time:4955.726s step_avg:1886.88ms
step:2626/3250 train_time:4957.548s step_avg:1887.87ms
step:2627/3250 train_time:4959.369s step_avg:1887.85ms
step:2628/3250 train_time:4961.191s step_avg:1887.82ms
step:2629/3250 train_time:4963.013s step_avg:1887.79ms
step:2630/3250 train_time:4964.836s step_avg:1887.77ms
step:2631/3250 train_time:4966.658s step_avg:1887.75ms
step:2632/3250 train_time:4968.481s step_avg:1887.72ms
step:2633/3250 train_time:4970.304s step_avg:1887.70ms
step:2634/3250 train_time:4972.126s step_avg:1887.67ms
step:2635/3250 train_time:4973.949s step_avg:1887.65ms
step:2636/3250 train_time:4975.772s step_avg:1887.62ms
step:2637/3250 train_time:4977.595s step_avg:1887.60ms
step:2638/3250 train_time:4979.417s step_avg:1887.57ms
step:2639/3250 train_time:4981.240s step_avg:1887.55ms
step:2640/3250 train_time:4983.062s step_avg:1887.52ms
step:2641/3250 train_time:4985.719s step_avg:1887.81ms
step:2642/3250 train_time:4987.543s step_avg:1887.79ms
step:2643/3250 train_time:4989.365s step_avg:1887.77ms
step:2644/3250 train_time:4991.187s step_avg:1887.74ms
step:2645/3250 train_time:4993.009s step_avg:1887.72ms
step:2646/3250 train_time:4994.831s step_avg:1887.69ms
step:2647/3250 train_time:4996.656s step_avg:1887.67ms
step:2648/3250 train_time:4998.479s step_avg:1887.64ms
step:2649/3250 train_time:5000.300s step_avg:1887.62ms
step:2650/3250 train_time:5002.397s step_avg:1887.70ms
step:2651/3250 train_time:5004.218s step_avg:1887.67ms
step:2652/3250 train_time:5006.039s step_avg:1887.65ms
step:2653/3250 train_time:5007.861s step_avg:1887.62ms
step:2654/3250 train_time:5009.683s step_avg:1887.60ms
step:2655/3250 train_time:5011.507s step_avg:1887.57ms
step:2656/3250 train_time:5013.328s step_avg:1887.55ms
step:2657/3250 train_time:5015.985s step_avg:1887.84ms
step:2658/3250 train_time:5017.807s step_avg:1887.81ms
step:2659/3250 train_time:5019.630s step_avg:1887.79ms
step:2660/3250 train_time:5021.451s step_avg:1887.76ms
step:2661/3250 train_time:5023.311s step_avg:1887.75ms
step:2662/3250 train_time:5025.132s step_avg:1887.73ms
step:2663/3250 train_time:5026.956s step_avg:1887.70ms
step:2664/3250 train_time:5028.778s step_avg:1887.68ms
step:2665/3250 train_time:5030.600s step_avg:1887.65ms
step:2666/3250 train_time:5032.423s step_avg:1887.63ms
step:2667/3250 train_time:5034.245s step_avg:1887.61ms
step:2668/3250 train_time:5036.067s step_avg:1887.58ms
step:2669/3250 train_time:5037.889s step_avg:1887.56ms
step:2670/3250 train_time:5039.714s step_avg:1887.53ms
step:2671/3250 train_time:5041.536s step_avg:1887.51ms
step:2672/3250 train_time:5043.358s step_avg:1887.48ms
step:2673/3250 train_time:5046.014s step_avg:1887.77ms
step:2674/3250 train_time:5047.836s step_avg:1887.75ms
step:2675/3250 train_time:5049.939s step_avg:1887.83ms
step:2676/3250 train_time:5051.761s step_avg:1887.80ms
step:2677/3250 train_time:5053.582s step_avg:1887.78ms
step:2678/3250 train_time:5055.404s step_avg:1887.75ms
step:2679/3250 train_time:5057.227s step_avg:1887.73ms
step:2680/3250 train_time:5059.050s step_avg:1887.71ms
step:2681/3250 train_time:5060.873s step_avg:1887.68ms
step:2682/3250 train_time:5062.696s step_avg:1887.66ms
step:2683/3250 train_time:5064.518s step_avg:1887.63ms
step:2684/3250 train_time:5066.341s step_avg:1887.61ms
step:2685/3250 train_time:5068.164s step_avg:1887.58ms
step:2686/3250 train_time:5069.986s step_avg:1887.56ms
step:2687/3250 train_time:5071.807s step_avg:1887.54ms
step:2688/3250 train_time:5073.629s step_avg:1887.51ms
step:2689/3250 train_time:5076.284s step_avg:1887.80ms
step:2690/3250 train_time:5078.107s step_avg:1887.77ms
step:2691/3250 train_time:5079.929s step_avg:1887.75ms
step:2692/3250 train_time:5081.750s step_avg:1887.72ms
step:2693/3250 train_time:5083.572s step_avg:1887.70ms
step:2694/3250 train_time:5085.394s step_avg:1887.67ms
step:2695/3250 train_time:5087.216s step_avg:1887.65ms
step:2696/3250 train_time:5089.038s step_avg:1887.63ms
step:2697/3250 train_time:5090.862s step_avg:1887.60ms
step:2698/3250 train_time:5092.685s step_avg:1887.58ms
step:2699/3250 train_time:5094.507s step_avg:1887.55ms
step:2700/3250 train_time:5096.604s step_avg:1887.63ms
step:2701/3250 train_time:5098.427s step_avg:1887.61ms
step:2702/3250 train_time:5100.249s step_avg:1887.58ms
step:2703/3250 train_time:5102.070s step_avg:1887.56ms
step:2704/3250 train_time:5103.892s step_avg:1887.53ms
step:2705/3250 train_time:5106.548s step_avg:1887.82ms
step:2706/3250 train_time:5108.370s step_avg:1887.79ms
step:2707/3250 train_time:5110.191s step_avg:1887.77ms
step:2708/3250 train_time:5112.020s step_avg:1887.75ms
step:2709/3250 train_time:5113.842s step_avg:1887.72ms
step:2710/3250 train_time:5115.663s step_avg:1887.70ms
step:2711/3250 train_time:5117.485s step_avg:1887.67ms
step:2712/3250 train_time:5119.307s step_avg:1887.65ms
step:2713/3250 train_time:5121.128s step_avg:1887.63ms
step:2714/3250 train_time:5122.950s step_avg:1887.60ms
step:2715/3250 train_time:5124.772s step_avg:1887.58ms
step:2716/3250 train_time:5126.593s step_avg:1887.55ms
step:2717/3250 train_time:5128.415s step_avg:1887.53ms
step:2718/3250 train_time:5130.236s step_avg:1887.50ms
step:2719/3250 train_time:5132.058s step_avg:1887.48ms
step:2720/3250 train_time:5133.880s step_avg:1887.46ms
step:2721/3250 train_time:5136.536s step_avg:1887.74ms
step:2722/3250 train_time:5138.359s step_avg:1887.71ms
step:2723/3250 train_time:5140.181s step_avg:1887.69ms
step:2724/3250 train_time:5142.002s step_avg:1887.67ms
step:2725/3250 train_time:5144.097s step_avg:1887.74ms
step:2726/3250 train_time:5145.917s step_avg:1887.72ms
step:2727/3250 train_time:5147.739s step_avg:1887.69ms
step:2728/3250 train_time:5149.561s step_avg:1887.67ms
step:2729/3250 train_time:5151.384s step_avg:1887.65ms
step:2730/3250 train_time:5153.206s step_avg:1887.62ms
step:2731/3250 train_time:5155.027s step_avg:1887.60ms
step:2732/3250 train_time:5156.849s step_avg:1887.57ms
step:2733/3250 train_time:5158.671s step_avg:1887.55ms
step:2734/3250 train_time:5160.493s step_avg:1887.52ms
step:2735/3250 train_time:5162.314s step_avg:1887.50ms
step:2736/3250 train_time:5164.135s step_avg:1887.48ms
step:2737/3250 train_time:5166.792s step_avg:1887.76ms
step:2738/3250 train_time:5168.614s step_avg:1887.73ms
step:2739/3250 train_time:5170.435s step_avg:1887.71ms
step:2740/3250 train_time:5172.255s step_avg:1887.68ms
step:2741/3250 train_time:5174.076s step_avg:1887.66ms
step:2742/3250 train_time:5175.897s step_avg:1887.64ms
step:2743/3250 train_time:5177.719s step_avg:1887.61ms
step:2744/3250 train_time:5179.540s step_avg:1887.59ms
step:2745/3250 train_time:5181.362s step_avg:1887.56ms
step:2746/3250 train_time:5183.183s step_avg:1887.54ms
step:2747/3250 train_time:5185.004s step_avg:1887.52ms
step:2748/3250 train_time:5186.827s step_avg:1887.49ms
step:2749/3250 train_time:5188.649s step_avg:1887.47ms
step:2750/3250 train_time:5190.809s step_avg:1887.57ms
step:2750/3250 val_loss:3.31647 train_time:5190.809s step_avg:1880.66ms
step:2751/3250 train_time:5192.631s step_avg:1887.54ms
step:2752/3250 train_time:5194.452s step_avg:1887.52ms
step:2753/3250 train_time:5197.108s step_avg:1887.80ms
step:2754/3250 train_time:5198.931s step_avg:1887.77ms
step:2755/3250 train_time:5200.753s step_avg:1887.75ms
step:2756/3250 train_time:5202.575s step_avg:1887.73ms
step:2757/3250 train_time:5204.398s step_avg:1887.70ms
step:2758/3250 train_time:5206.221s step_avg:1887.68ms
step:2759/3250 train_time:5208.042s step_avg:1887.66ms
step:2760/3250 train_time:5209.863s step_avg:1887.63ms
step:2761/3250 train_time:5211.685s step_avg:1887.61ms
step:2762/3250 train_time:5213.507s step_avg:1887.58ms
step:2763/3250 train_time:5215.329s step_avg:1887.56ms
step:2764/3250 train_time:5217.152s step_avg:1887.54ms
step:2765/3250 train_time:5218.973s step_avg:1887.51ms
step:2766/3250 train_time:5220.794s step_avg:1887.49ms
step:2767/3250 train_time:5222.616s step_avg:1887.47ms
step:2768/3250 train_time:5224.438s step_avg:1887.44ms
step:2769/3250 train_time:5227.094s step_avg:1887.72ms
step:2770/3250 train_time:5228.915s step_avg:1887.70ms
step:2771/3250 train_time:5230.737s step_avg:1887.67ms
step:2772/3250 train_time:5232.559s step_avg:1887.65ms
step:2773/3250 train_time:5234.380s step_avg:1887.62ms
step:2774/3250 train_time:5236.202s step_avg:1887.60ms
step:2775/3250 train_time:5238.297s step_avg:1887.67ms
step:2776/3250 train_time:5240.117s step_avg:1887.65ms
step:2777/3250 train_time:5241.938s step_avg:1887.63ms
step:2778/3250 train_time:5243.759s step_avg:1887.60ms
step:2779/3250 train_time:5245.580s step_avg:1887.58ms
step:2780/3250 train_time:5247.401s step_avg:1887.55ms
step:2781/3250 train_time:5249.222s step_avg:1887.53ms
step:2782/3250 train_time:5251.042s step_avg:1887.51ms
step:2783/3250 train_time:5252.865s step_avg:1887.48ms
step:2784/3250 train_time:5254.686s step_avg:1887.46ms
step:2785/3250 train_time:5257.342s step_avg:1887.73ms
step:2786/3250 train_time:5259.164s step_avg:1887.71ms
step:2787/3250 train_time:5260.985s step_avg:1887.69ms
step:2788/3250 train_time:5262.807s step_avg:1887.66ms
step:2789/3250 train_time:5264.628s step_avg:1887.64ms
step:2790/3250 train_time:5266.449s step_avg:1887.62ms
step:2791/3250 train_time:5268.271s step_avg:1887.59ms
step:2792/3250 train_time:5270.093s step_avg:1887.57ms
step:2793/3250 train_time:5271.916s step_avg:1887.55ms
step:2794/3250 train_time:5273.737s step_avg:1887.52ms
step:2795/3250 train_time:5275.559s step_avg:1887.50ms
step:2796/3250 train_time:5277.380s step_avg:1887.48ms
step:2797/3250 train_time:5279.202s step_avg:1887.45ms
step:2798/3250 train_time:5281.024s step_avg:1887.43ms
step:2799/3250 train_time:5282.845s step_avg:1887.40ms
step:2800/3250 train_time:5284.939s step_avg:1887.48ms
step:2801/3250 train_time:5287.595s step_avg:1887.75ms
step:2802/3250 train_time:5289.416s step_avg:1887.73ms
step:2803/3250 train_time:5291.238s step_avg:1887.71ms
step:2804/3250 train_time:5293.060s step_avg:1887.68ms
step:2805/3250 train_time:5294.881s step_avg:1887.66ms
step:2806/3250 train_time:5296.703s step_avg:1887.63ms
step:2807/3250 train_time:5298.524s step_avg:1887.61ms
step:2808/3250 train_time:5300.346s step_avg:1887.59ms
step:2809/3250 train_time:5302.166s step_avg:1887.56ms
step:2810/3250 train_time:5303.987s step_avg:1887.54ms
step:2811/3250 train_time:5305.809s step_avg:1887.52ms
step:2812/3250 train_time:5307.630s step_avg:1887.49ms
step:2813/3250 train_time:5309.451s step_avg:1887.47ms
step:2814/3250 train_time:5311.273s step_avg:1887.45ms
step:2815/3250 train_time:5313.094s step_avg:1887.42ms
step:2816/3250 train_time:5314.915s step_avg:1887.40ms
step:2817/3250 train_time:5317.571s step_avg:1887.67ms
step:2818/3250 train_time:5319.393s step_avg:1887.65ms
step:2819/3250 train_time:5321.213s step_avg:1887.62ms
step:2820/3250 train_time:5323.036s step_avg:1887.60ms
step:2821/3250 train_time:5324.859s step_avg:1887.58ms
step:2822/3250 train_time:5326.682s step_avg:1887.56ms
step:2823/3250 train_time:5328.503s step_avg:1887.53ms
step:2824/3250 train_time:5330.325s step_avg:1887.51ms
step:2825/3250 train_time:5332.420s step_avg:1887.58ms
step:2826/3250 train_time:5334.241s step_avg:1887.56ms
step:2827/3250 train_time:5336.064s step_avg:1887.54ms
step:2828/3250 train_time:5337.886s step_avg:1887.51ms
step:2829/3250 train_time:5339.707s step_avg:1887.49ms
step:2830/3250 train_time:5341.529s step_avg:1887.47ms
step:2831/3250 train_time:5343.351s step_avg:1887.44ms
step:2832/3250 train_time:5345.175s step_avg:1887.42ms
step:2833/3250 train_time:5347.832s step_avg:1887.69ms
step:2834/3250 train_time:5349.653s step_avg:1887.67ms
step:2835/3250 train_time:5351.474s step_avg:1887.64ms
step:2836/3250 train_time:5353.297s step_avg:1887.62ms
step:2837/3250 train_time:5355.120s step_avg:1887.60ms
step:2838/3250 train_time:5356.942s step_avg:1887.58ms
step:2839/3250 train_time:5358.763s step_avg:1887.55ms
step:2840/3250 train_time:5360.583s step_avg:1887.53ms
step:2841/3250 train_time:5362.406s step_avg:1887.51ms
step:2842/3250 train_time:5364.229s step_avg:1887.48ms
step:2843/3250 train_time:5366.053s step_avg:1887.46ms
step:2844/3250 train_time:5367.876s step_avg:1887.44ms
step:2845/3250 train_time:5369.699s step_avg:1887.42ms
step:2846/3250 train_time:5371.521s step_avg:1887.39ms
step:2847/3250 train_time:5373.342s step_avg:1887.37ms
step:2848/3250 train_time:5375.167s step_avg:1887.35ms
step:2849/3250 train_time:5377.823s step_avg:1887.62ms
step:2850/3250 train_time:5379.917s step_avg:1887.69ms
step:2851/3250 train_time:5381.778s step_avg:1887.68ms
step:2852/3250 train_time:5383.599s step_avg:1887.66ms
step:2853/3250 train_time:5385.421s step_avg:1887.63ms
step:2854/3250 train_time:5387.244s step_avg:1887.61ms
step:2855/3250 train_time:5389.067s step_avg:1887.59ms
step:2856/3250 train_time:5390.889s step_avg:1887.57ms
step:2857/3250 train_time:5392.711s step_avg:1887.54ms
step:2858/3250 train_time:5394.533s step_avg:1887.52ms
step:2859/3250 train_time:5396.356s step_avg:1887.50ms
step:2860/3250 train_time:5398.179s step_avg:1887.48ms
step:2861/3250 train_time:5400.002s step_avg:1887.45ms
step:2862/3250 train_time:5401.824s step_avg:1887.43ms
step:2863/3250 train_time:5403.645s step_avg:1887.41ms
step:2864/3250 train_time:5405.466s step_avg:1887.38ms
step:2865/3250 train_time:5408.122s step_avg:1887.65ms
step:2866/3250 train_time:5409.946s step_avg:1887.63ms
step:2867/3250 train_time:5411.769s step_avg:1887.61ms
step:2868/3250 train_time:5413.591s step_avg:1887.58ms
step:2869/3250 train_time:5415.413s step_avg:1887.56ms
step:2870/3250 train_time:5417.236s step_avg:1887.54ms
step:2871/3250 train_time:5419.058s step_avg:1887.52ms
step:2872/3250 train_time:5420.881s step_avg:1887.49ms
step:2873/3250 train_time:5422.704s step_avg:1887.47ms
step:2874/3250 train_time:5424.527s step_avg:1887.45ms
step:2875/3250 train_time:5426.696s step_avg:1887.55ms
step:2875/3250 val_loss:3.29963 train_time:5426.696s step_avg:1887.10ms
step:2876/3250 train_time:5428.520s step_avg:1887.52ms
step:2877/3250 train_time:5430.343s step_avg:1887.50ms
step:2878/3250 train_time:5432.166s step_avg:1887.48ms
step:2879/3250 train_time:5433.988s step_avg:1887.46ms
step:2880/3250 train_time:5435.811s step_avg:1887.43ms
step:2881/3250 train_time:5438.467s step_avg:1887.70ms
step:2882/3250 train_time:5440.290s step_avg:1887.68ms
step:2883/3250 train_time:5442.112s step_avg:1887.66ms
step:2884/3250 train_time:5443.934s step_avg:1887.63ms
step:2885/3250 train_time:5445.756s step_avg:1887.61ms
step:2886/3250 train_time:5447.578s step_avg:1887.59ms
step:2887/3250 train_time:5449.402s step_avg:1887.57ms
step:2888/3250 train_time:5451.224s step_avg:1887.54ms
step:2889/3250 train_time:5453.046s step_avg:1887.52ms
step:2890/3250 train_time:5454.869s step_avg:1887.50ms
step:2891/3250 train_time:5456.692s step_avg:1887.48ms
step:2892/3250 train_time:5458.515s step_avg:1887.45ms
step:2893/3250 train_time:5460.338s step_avg:1887.43ms
step:2894/3250 train_time:5462.159s step_avg:1887.41ms
step:2895/3250 train_time:5463.981s step_avg:1887.39ms
step:2896/3250 train_time:5465.803s step_avg:1887.36ms
step:2897/3250 train_time:5468.460s step_avg:1887.63ms
step:2898/3250 train_time:5470.282s step_avg:1887.61ms
step:2899/3250 train_time:5472.104s step_avg:1887.58ms
step:2900/3250 train_time:5474.200s step_avg:1887.66ms
step:2901/3250 train_time:5476.022s step_avg:1887.63ms
step:2902/3250 train_time:5477.846s step_avg:1887.61ms
step:2903/3250 train_time:5479.666s step_avg:1887.59ms
step:2904/3250 train_time:5481.489s step_avg:1887.57ms
step:2905/3250 train_time:5483.311s step_avg:1887.54ms
step:2906/3250 train_time:5485.137s step_avg:1887.52ms
step:2907/3250 train_time:5486.959s step_avg:1887.50ms
step:2908/3250 train_time:5488.782s step_avg:1887.48ms
step:2909/3250 train_time:5490.605s step_avg:1887.45ms
step:2910/3250 train_time:5492.429s step_avg:1887.43ms
step:2911/3250 train_time:5494.251s step_avg:1887.41ms
step:2912/3250 train_time:5496.074s step_avg:1887.39ms
step:2913/3250 train_time:5498.731s step_avg:1887.65ms
step:2914/3250 train_time:5500.554s step_avg:1887.63ms
step:2915/3250 train_time:5502.377s step_avg:1887.61ms
step:2916/3250 train_time:5504.201s step_avg:1887.59ms
step:2917/3250 train_time:5506.023s step_avg:1887.56ms
step:2918/3250 train_time:5507.845s step_avg:1887.54ms
step:2919/3250 train_time:5509.668s step_avg:1887.52ms
step:2920/3250 train_time:5511.491s step_avg:1887.50ms
step:2921/3250 train_time:5513.313s step_avg:1887.47ms
step:2922/3250 train_time:5515.136s step_avg:1887.45ms
step:2923/3250 train_time:5516.959s step_avg:1887.43ms
step:2924/3250 train_time:5518.782s step_avg:1887.41ms
step:2925/3250 train_time:5520.887s step_avg:1887.48ms
step:2925/3250 val_loss:3.29246 train_time:5520.887s step_avg:1883.82ms
step:2926/3250 train_time:5522.711s step_avg:1887.46ms
step:2927/3250 train_time:5524.534s step_avg:1887.44ms
step:2928/3250 train_time:5526.358s step_avg:1887.42ms
step:2929/3250 train_time:5529.014s step_avg:1887.68ms
step:2930/3250 train_time:5530.837s step_avg:1887.66ms
step:2931/3250 train_time:5532.660s step_avg:1887.64ms
step:2932/3250 train_time:5534.481s step_avg:1887.61ms
step:2933/3250 train_time:5536.303s step_avg:1887.59ms
step:2934/3250 train_time:5538.124s step_avg:1887.57ms
step:2935/3250 train_time:5539.947s step_avg:1887.55ms
step:2936/3250 train_time:5541.771s step_avg:1887.52ms
step:2937/3250 train_time:5543.594s step_avg:1887.50ms
step:2938/3250 train_time:5545.416s step_avg:1887.48ms
step:2939/3250 train_time:5547.238s step_avg:1887.46ms
step:2940/3250 train_time:5549.060s step_avg:1887.44ms
step:2941/3250 train_time:5550.882s step_avg:1887.41ms
step:2942/3250 train_time:5552.705s step_avg:1887.39ms
step:2943/3250 train_time:5554.528s step_avg:1887.37ms
step:2944/3250 train_time:5556.349s step_avg:1887.35ms
step:2945/3250 train_time:5559.006s step_avg:1887.61ms
step:2946/3250 train_time:5560.828s step_avg:1887.59ms
step:2947/3250 train_time:5562.649s step_avg:1887.56ms
step:2948/3250 train_time:5564.470s step_avg:1887.54ms
step:2949/3250 train_time:5566.291s step_avg:1887.52ms
step:2950/3250 train_time:5568.385s step_avg:1887.59ms
step:2950/3250 val_loss:3.28947 train_time:5568.385s step_avg:1899.94ms
step:2951/3250 train_time:5570.209s step_avg:1887.57ms
step:2952/3250 train_time:5572.031s step_avg:1887.54ms
step:2953/3250 train_time:5573.853s step_avg:1887.52ms
step:2954/3250 train_time:5575.675s step_avg:1887.50ms
step:2955/3250 train_time:5577.497s step_avg:1887.48ms
step:2956/3250 train_time:5579.320s step_avg:1887.46ms
step:2957/3250 train_time:5581.143s step_avg:1887.43ms
step:2958/3250 train_time:5582.966s step_avg:1887.41ms
step:2959/3250 train_time:5584.788s step_avg:1887.39ms
step:2960/3250 train_time:5586.612s step_avg:1887.37ms
step:2961/3250 train_time:5589.269s step_avg:1887.63ms
step:2962/3250 train_time:5591.091s step_avg:1887.61ms
step:2963/3250 train_time:5592.913s step_avg:1887.58ms
step:2964/3250 train_time:5594.734s step_avg:1887.56ms
step:2965/3250 train_time:5596.556s step_avg:1887.54ms
step:2966/3250 train_time:5598.377s step_avg:1887.52ms
step:2967/3250 train_time:5600.199s step_avg:1887.50ms
step:2968/3250 train_time:5602.021s step_avg:1887.47ms
step:2969/3250 train_time:5603.842s step_avg:1887.45ms
step:2970/3250 train_time:5605.664s step_avg:1887.43ms
step:2971/3250 train_time:5607.485s step_avg:1887.41ms
step:2972/3250 train_time:5609.306s step_avg:1887.38ms
step:2973/3250 train_time:5611.129s step_avg:1887.36ms
step:2974/3250 train_time:5612.951s step_avg:1887.34ms
step:2975/3250 train_time:5615.047s step_avg:1887.41ms
step:2975/3250 val_loss:3.28633 train_time:5615.048s step_avg:1866.49ms
step:2976/3250 train_time:5616.872s step_avg:1887.39ms
step:2977/3250 train_time:5619.528s step_avg:1887.65ms
step:2978/3250 train_time:5621.351s step_avg:1887.63ms
step:2979/3250 train_time:5623.172s step_avg:1887.60ms
step:2980/3250 train_time:5624.994s step_avg:1887.58ms
step:2981/3250 train_time:5626.817s step_avg:1887.56ms
step:2982/3250 train_time:5628.640s step_avg:1887.54ms
step:2983/3250 train_time:5630.462s step_avg:1887.52ms
step:2984/3250 train_time:5632.283s step_avg:1887.49ms
step:2985/3250 train_time:5634.105s step_avg:1887.47ms
step:2986/3250 train_time:5635.929s step_avg:1887.45ms
step:2987/3250 train_time:5637.751s step_avg:1887.43ms
step:2988/3250 train_time:5639.574s step_avg:1887.41ms
step:2989/3250 train_time:5641.395s step_avg:1887.39ms
step:2990/3250 train_time:5643.216s step_avg:1887.36ms
step:2991/3250 train_time:5645.038s step_avg:1887.34ms
step:2992/3250 train_time:5646.861s step_avg:1887.32ms
step:2993/3250 train_time:5649.517s step_avg:1887.58ms
step:2994/3250 train_time:5651.338s step_avg:1887.55ms
step:2995/3250 train_time:5653.160s step_avg:1887.53ms
step:2996/3250 train_time:5654.982s step_avg:1887.51ms
step:2997/3250 train_time:5656.803s step_avg:1887.49ms
step:2998/3250 train_time:5658.625s step_avg:1887.47ms
step:2999/3250 train_time:5660.447s step_avg:1887.44ms
step:3000/3250 train_time:5662.607s step_avg:1887.54ms
step:3000/3250 val_loss:3.28355 train_time:5662.607s step_avg:1902.37ms
step:3001/3250 train_time:5664.431s step_avg:1887.51ms
step:3002/3250 train_time:5666.253s step_avg:1887.49ms
step:3003/3250 train_time:5668.076s step_avg:1887.47ms
step:3004/3250 train_time:5669.898s step_avg:1887.45ms
step:3005/3250 train_time:5671.719s step_avg:1887.43ms
step:3006/3250 train_time:5673.542s step_avg:1887.41ms
step:3007/3250 train_time:5675.366s step_avg:1887.38ms
step:3008/3250 train_time:5677.188s step_avg:1887.36ms
step:3009/3250 train_time:5679.845s step_avg:1887.62ms
step:3010/3250 train_time:5681.668s step_avg:1887.60ms
step:3011/3250 train_time:5683.491s step_avg:1887.58ms
step:3012/3250 train_time:5685.313s step_avg:1887.55ms
step:3013/3250 train_time:5687.136s step_avg:1887.53ms
step:3014/3250 train_time:5688.958s step_avg:1887.51ms
step:3015/3250 train_time:5690.781s step_avg:1887.49ms
step:3016/3250 train_time:5692.603s step_avg:1887.47ms
step:3017/3250 train_time:5694.426s step_avg:1887.45ms
step:3018/3250 train_time:5696.248s step_avg:1887.42ms
step:3019/3250 train_time:5698.072s step_avg:1887.40ms
step:3020/3250 train_time:5699.894s step_avg:1887.38ms
step:3021/3250 train_time:5701.716s step_avg:1887.36ms
step:3022/3250 train_time:5703.538s step_avg:1887.34ms
step:3023/3250 train_time:5705.360s step_avg:1887.32ms
step:3024/3250 train_time:5707.183s step_avg:1887.30ms
step:3025/3250 train_time:5710.114s step_avg:1887.64ms
step:3025/3250 val_loss:3.27997 train_time:5710.114s step_avg:1900.29ms
step:3026/3250 train_time:5711.937s step_avg:1887.62ms
step:3027/3250 train_time:5713.760s step_avg:1887.60ms
step:3028/3250 train_time:5715.583s step_avg:1887.58ms
step:3029/3250 train_time:5717.405s step_avg:1887.56ms
step:3030/3250 train_time:5719.228s step_avg:1887.53ms
step:3031/3250 train_time:5721.050s step_avg:1887.51ms
step:3032/3250 train_time:5722.872s step_avg:1887.49ms
step:3033/3250 train_time:5724.695s step_avg:1887.47ms
step:3034/3250 train_time:5726.518s step_avg:1887.45ms
step:3035/3250 train_time:5728.340s step_avg:1887.43ms
step:3036/3250 train_time:5730.163s step_avg:1887.41ms
step:3037/3250 train_time:5731.986s step_avg:1887.38ms
step:3038/3250 train_time:5733.810s step_avg:1887.36ms
step:3039/3250 train_time:5735.632s step_avg:1887.34ms
step:3040/3250 train_time:5737.453s step_avg:1887.32ms
step:3041/3250 train_time:5740.144s step_avg:1887.58ms
step:3042/3250 train_time:5741.966s step_avg:1887.56ms
step:3043/3250 train_time:5743.787s step_avg:1887.54ms
step:3044/3250 train_time:5745.610s step_avg:1887.52ms
step:3045/3250 train_time:5747.432s step_avg:1887.50ms
step:3046/3250 train_time:5749.254s step_avg:1887.48ms
step:3047/3250 train_time:5751.075s step_avg:1887.46ms
step:3048/3250 train_time:5752.898s step_avg:1887.43ms
step:3049/3250 train_time:5754.721s step_avg:1887.41ms
step:3050/3250 train_time:5756.815s step_avg:1887.48ms
step:3050/3250 val_loss:3.27711 train_time:5756.816s step_avg:1868.06ms
step:3051/3250 train_time:5758.639s step_avg:1887.46ms
step:3052/3250 train_time:5760.462s step_avg:1887.44ms
step:3053/3250 train_time:5762.285s step_avg:1887.42ms
step:3054/3250 train_time:5764.109s step_avg:1887.40ms
step:3055/3250 train_time:5765.931s step_avg:1887.37ms
step:3056/3250 train_time:5767.753s step_avg:1887.35ms
step:3057/3250 train_time:5770.410s step_avg:1887.61ms
step:3058/3250 train_time:5772.233s step_avg:1887.58ms
step:3059/3250 train_time:5774.057s step_avg:1887.56ms
step:3060/3250 train_time:5775.879s step_avg:1887.54ms
step:3061/3250 train_time:5777.701s step_avg:1887.52ms
step:3062/3250 train_time:5779.524s step_avg:1887.50ms
step:3063/3250 train_time:5781.346s step_avg:1887.48ms
step:3064/3250 train_time:5783.169s step_avg:1887.46ms
step:3065/3250 train_time:5784.991s step_avg:1887.44ms
step:3066/3250 train_time:5786.813s step_avg:1887.41ms
step:3067/3250 train_time:5788.636s step_avg:1887.39ms
step:3068/3250 train_time:5790.457s step_avg:1887.37ms
step:3069/3250 train_time:5792.280s step_avg:1887.35ms
step:3070/3250 train_time:5794.103s step_avg:1887.33ms
step:3071/3250 train_time:5795.925s step_avg:1887.31ms
step:3072/3250 train_time:5797.748s step_avg:1887.29ms
step:3073/3250 train_time:5800.405s step_avg:1887.54ms
step:3074/3250 train_time:5802.226s step_avg:1887.52ms
step:3075/3250 train_time:5804.325s step_avg:1887.59ms
step:3075/3250 val_loss:3.27438 train_time:5804.325s step_avg:1900.37ms
step:3076/3250 train_time:5806.149s step_avg:1887.56ms
step:3077/3250 train_time:5807.972s step_avg:1887.54ms
step:3078/3250 train_time:5809.794s step_avg:1887.52ms
step:3079/3250 train_time:5811.618s step_avg:1887.50ms
step:3080/3250 train_time:5813.443s step_avg:1887.48ms
step:3081/3250 train_time:5815.266s step_avg:1887.46ms
step:3082/3250 train_time:5817.090s step_avg:1887.44ms
step:3083/3250 train_time:5818.912s step_avg:1887.42ms
step:3084/3250 train_time:5820.734s step_avg:1887.40ms
step:3085/3250 train_time:5822.560s step_avg:1887.38ms
step:3086/3250 train_time:5824.382s step_avg:1887.36ms
step:3087/3250 train_time:5826.204s step_avg:1887.34ms
step:3088/3250 train_time:5828.028s step_avg:1887.31ms
step:3089/3250 train_time:5830.684s step_avg:1887.56ms
step:3090/3250 train_time:5832.507s step_avg:1887.54ms
step:3091/3250 train_time:5834.329s step_avg:1887.52ms
step:3092/3250 train_time:5836.151s step_avg:1887.50ms
step:3093/3250 train_time:5837.974s step_avg:1887.48ms
step:3094/3250 train_time:5839.796s step_avg:1887.46ms
step:3095/3250 train_time:5841.620s step_avg:1887.44ms
step:3096/3250 train_time:5843.443s step_avg:1887.42ms
step:3097/3250 train_time:5845.266s step_avg:1887.40ms
step:3098/3250 train_time:5847.089s step_avg:1887.38ms
step:3099/3250 train_time:5848.912s step_avg:1887.35ms
step:3100/3250 train_time:5851.010s step_avg:1887.42ms
step:3100/3250 val_loss:3.27184 train_time:5851.010s step_avg:1867.40ms
step:3101/3250 train_time:5852.835s step_avg:1887.40ms
step:3102/3250 train_time:5854.658s step_avg:1887.38ms
step:3103/3250 train_time:5856.480s step_avg:1887.36ms
step:3104/3250 train_time:5858.302s step_avg:1887.34ms
step:3105/3250 train_time:5860.958s step_avg:1887.59ms
step:3106/3250 train_time:5862.780s step_avg:1887.57ms
step:3107/3250 train_time:5864.602s step_avg:1887.54ms
step:3108/3250 train_time:5866.424s step_avg:1887.52ms
step:3109/3250 train_time:5868.245s step_avg:1887.50ms
step:3110/3250 train_time:5870.068s step_avg:1887.48ms
step:3111/3250 train_time:5871.891s step_avg:1887.46ms
step:3112/3250 train_time:5873.712s step_avg:1887.44ms
step:3113/3250 train_time:5875.535s step_avg:1887.42ms
step:3114/3250 train_time:5877.357s step_avg:1887.40ms
step:3115/3250 train_time:5879.180s step_avg:1887.38ms
step:3116/3250 train_time:5881.003s step_avg:1887.36ms
step:3117/3250 train_time:5882.825s step_avg:1887.34ms
step:3118/3250 train_time:5884.647s step_avg:1887.31ms
step:3119/3250 train_time:5886.469s step_avg:1887.29ms
step:3120/3250 train_time:5888.291s step_avg:1887.27ms
step:3121/3250 train_time:5890.948s step_avg:1887.52ms
step:3122/3250 train_time:5892.770s step_avg:1887.50ms
step:3123/3250 train_time:5894.592s step_avg:1887.48ms
step:3124/3250 train_time:5896.415s step_avg:1887.46ms
step:3125/3250 train_time:5898.578s step_avg:1887.54ms
step:3125/3250 val_loss:3.26950 train_time:5898.578s step_avg:1902.73ms
step:3126/3250 train_time:5900.402s step_avg:1887.52ms
step:3127/3250 train_time:5902.224s step_avg:1887.50ms
step:3128/3250 train_time:5904.046s step_avg:1887.48ms
step:3129/3250 train_time:5905.868s step_avg:1887.46ms
step:3130/3250 train_time:5907.694s step_avg:1887.44ms
step:3131/3250 train_time:5909.519s step_avg:1887.42ms
step:3132/3250 train_time:5911.341s step_avg:1887.40ms
step:3133/3250 train_time:5913.163s step_avg:1887.38ms
step:3134/3250 train_time:5914.985s step_avg:1887.36ms
step:3135/3250 train_time:5916.809s step_avg:1887.34ms
step:3136/3250 train_time:5918.632s step_avg:1887.32ms
step:3137/3250 train_time:5921.289s step_avg:1887.56ms
step:3138/3250 train_time:5923.112s step_avg:1887.54ms
step:3139/3250 train_time:5924.935s step_avg:1887.52ms
step:3140/3250 train_time:5926.758s step_avg:1887.50ms
step:3141/3250 train_time:5928.580s step_avg:1887.48ms
step:3142/3250 train_time:5930.402s step_avg:1887.46ms
step:3143/3250 train_time:5932.225s step_avg:1887.44ms
step:3144/3250 train_time:5934.049s step_avg:1887.42ms
step:3145/3250 train_time:5935.871s step_avg:1887.40ms
step:3146/3250 train_time:5937.693s step_avg:1887.38ms
step:3147/3250 train_time:5939.517s step_avg:1887.36ms
step:3148/3250 train_time:5941.340s step_avg:1887.34ms
step:3149/3250 train_time:5943.163s step_avg:1887.32ms
step:3150/3250 train_time:5945.263s step_avg:1887.39ms
step:3150/3250 val_loss:3.26722 train_time:5945.263s step_avg:1867.41ms
step:3151/3250 train_time:5947.088s step_avg:1887.37ms
step:3152/3250 train_time:5948.912s step_avg:1887.35ms
step:3153/3250 train_time:5951.569s step_avg:1887.59ms
step:3154/3250 train_time:5953.391s step_avg:1887.57ms
step:3155/3250 train_time:5955.213s step_avg:1887.55ms
step:3156/3250 train_time:5957.037s step_avg:1887.53ms
step:3157/3250 train_time:5958.859s step_avg:1887.51ms
step:3158/3250 train_time:5960.681s step_avg:1887.49ms
step:3159/3250 train_time:5962.503s step_avg:1887.47ms
step:3160/3250 train_time:5964.326s step_avg:1887.44ms
step:3161/3250 train_time:5966.150s step_avg:1887.42ms
step:3162/3250 train_time:5967.972s step_avg:1887.40ms
step:3163/3250 train_time:5969.795s step_avg:1887.38ms
step:3164/3250 train_time:5971.617s step_avg:1887.36ms
step:3165/3250 train_time:5973.440s step_avg:1887.34ms
step:3166/3250 train_time:5975.265s step_avg:1887.32ms
step:3167/3250 train_time:5977.089s step_avg:1887.30ms
step:3168/3250 train_time:5978.911s step_avg:1887.28ms
step:3169/3250 train_time:5981.569s step_avg:1887.53ms
step:3170/3250 train_time:5983.392s step_avg:1887.51ms
step:3171/3250 train_time:5985.214s step_avg:1887.48ms
step:3172/3250 train_time:5987.037s step_avg:1887.46ms
step:3173/3250 train_time:5988.861s step_avg:1887.44ms
step:3174/3250 train_time:5990.684s step_avg:1887.42ms
step:3175/3250 train_time:5992.783s step_avg:1887.49ms
step:3175/3250 val_loss:3.26527 train_time:5992.783s step_avg:1900.81ms
step:3176/3250 train_time:5994.607s step_avg:1887.47ms
step:3177/3250 train_time:5996.430s step_avg:1887.45ms
step:3178/3250 train_time:5998.253s step_avg:1887.43ms
step:3179/3250 train_time:6000.077s step_avg:1887.41ms
step:3180/3250 train_time:6001.899s step_avg:1887.39ms
step:3181/3250 train_time:6003.722s step_avg:1887.37ms
step:3182/3250 train_time:6005.546s step_avg:1887.35ms
step:3183/3250 train_time:6007.369s step_avg:1887.33ms
step:3184/3250 train_time:6009.192s step_avg:1887.31ms
step:3185/3250 train_time:6011.850s step_avg:1887.55ms
step:3186/3250 train_time:6013.673s step_avg:1887.53ms
step:3187/3250 train_time:6015.497s step_avg:1887.51ms
step:3188/3250 train_time:6017.320s step_avg:1887.49ms
step:3189/3250 train_time:6019.143s step_avg:1887.47ms
step:3190/3250 train_time:6020.966s step_avg:1887.45ms
step:3191/3250 train_time:6022.790s step_avg:1887.43ms
step:3192/3250 train_time:6024.614s step_avg:1887.41ms
step:3193/3250 train_time:6026.437s step_avg:1887.39ms
step:3194/3250 train_time:6028.260s step_avg:1887.37ms
step:3195/3250 train_time:6030.083s step_avg:1887.35ms
step:3196/3250 train_time:6031.907s step_avg:1887.33ms
step:3197/3250 train_time:6033.729s step_avg:1887.31ms
step:3198/3250 train_time:6035.551s step_avg:1887.29ms
step:3199/3250 train_time:6037.374s step_avg:1887.27ms
step:3200/3250 train_time:6039.471s step_avg:1887.33ms
step:3200/3250 val_loss:3.26363 train_time:6039.471s step_avg:1867.51ms
step:3201/3250 train_time:6042.129s step_avg:1887.58ms
step:3202/3250 train_time:6043.955s step_avg:1887.56ms
step:3203/3250 train_time:6045.778s step_avg:1887.54ms
step:3204/3250 train_time:6047.602s step_avg:1887.52ms
step:3205/3250 train_time:6049.425s step_avg:1887.50ms
step:3206/3250 train_time:6051.248s step_avg:1887.48ms
step:3207/3250 train_time:6053.073s step_avg:1887.46ms
step:3208/3250 train_time:6054.898s step_avg:1887.44ms
step:3209/3250 train_time:6056.721s step_avg:1887.42ms
step:3210/3250 train_time:6058.544s step_avg:1887.40ms
step:3211/3250 train_time:6060.368s step_avg:1887.38ms
step:3212/3250 train_time:6062.192s step_avg:1887.36ms
step:3213/3250 train_time:6064.016s step_avg:1887.34ms
step:3214/3250 train_time:6065.840s step_avg:1887.32ms
step:3215/3250 train_time:6067.663s step_avg:1887.30ms
step:3216/3250 train_time:6069.488s step_avg:1887.28ms
step:3217/3250 train_time:6072.146s step_avg:1887.52ms
step:3218/3250 train_time:6073.969s step_avg:1887.50ms
step:3219/3250 train_time:6075.792s step_avg:1887.48ms
step:3220/3250 train_time:6077.616s step_avg:1887.46ms
step:3221/3250 train_time:6079.440s step_avg:1887.44ms
step:3222/3250 train_time:6081.264s step_avg:1887.42ms
step:3223/3250 train_time:6083.088s step_avg:1887.40ms
step:3224/3250 train_time:6084.911s step_avg:1887.38ms
step:3225/3250 train_time:6087.015s step_avg:1887.45ms
step:3225/3250 val_loss:3.26240 train_time:6087.016s step_avg:1901.78ms
step:3226/3250 train_time:6088.840s step_avg:1887.43ms
step:3227/3250 train_time:6090.665s step_avg:1887.41ms
step:3228/3250 train_time:6092.490s step_avg:1887.39ms
step:3229/3250 train_time:6094.318s step_avg:1887.37ms
step:3230/3250 train_time:6096.141s step_avg:1887.35ms
step:3231/3250 train_time:6098.002s step_avg:1887.34ms
step:3232/3250 train_time:6099.827s step_avg:1887.32ms
step:3233/3250 train_time:6102.485s step_avg:1887.56ms
step:3234/3250 train_time:6104.309s step_avg:1887.54ms
step:3235/3250 train_time:6106.132s step_avg:1887.52ms
step:3236/3250 train_time:6107.956s step_avg:1887.50ms
step:3237/3250 train_time:6109.779s step_avg:1887.48ms
step:3238/3250 train_time:6111.604s step_avg:1887.46ms
step:3239/3250 train_time:6113.428s step_avg:1887.44ms
step:3240/3250 train_time:6115.252s step_avg:1887.42ms
step:3241/3250 train_time:6117.076s step_avg:1887.40ms
step:3242/3250 train_time:6118.900s step_avg:1887.38ms
step:3243/3250 train_time:6120.727s step_avg:1887.37ms
step:3244/3250 train_time:6122.550s step_avg:1887.35ms
step:3245/3250 train_time:6124.375s step_avg:1887.33ms
step:3246/3250 train_time:6126.198s step_avg:1887.31ms
step:3247/3250 train_time:6128.022s step_avg:1887.29ms
step:3248/3250 train_time:6129.845s step_avg:1887.27ms
step:3249/3250 train_time:6132.503s step_avg:1887.50ms
step:3250/3250 train_time:6134.669s step_avg:1887.59ms
step:3250/3250 val_loss:3.26189 train_time:6134.670s step_avg:1906.16ms
trial:0 best_val_loss:3.26189 best_val_step:3250 first_step_to_target:3025
wandb: updating run metadata
wandb: uploading output.log; uploading wandb-summary.json
wandb: 
wandb: Run history:
wandb:        speedrun/final_best_val_loss ▁
wandb:        speedrun/final_best_val_step ▁
wandb: speedrun/final_first_step_to_target ▁
wandb:       speedrun/final_reached_target ▁
wandb:       speedrun/first_step_to_target ▁▁▁▁▁▁▁▁▁▁▁▁▁▁▁▁▁▁▁▁▁▁▁▁▁▁▁▁██████████
wandb:             speedrun/reached_target ▁▁▁▁▁▁▁▁▁▁▁▁▁▁▁▁▁▁▁▁▁▁▁▁▁▁▁▁██████████
wandb:            speedrun/target_val_loss ▁▁▁▁▁▁▁▁▁▁▁▁▁▁▁▁▁▁▁▁▁▁▁▁▁▁▁▁▁▁▁▁▁▁▁▁▁▁▁▁
wandb:                speedrun/train_steps ▁▁▁▁▁▁▁▁▁▁▁▁▁▁▁▁▁▁▁▁▁▁▁▁▁▁▁▁▁▁▁▁▁▁▁▁▁▁▁▁
wandb:                    time/step_avg_ms  █▄▄▄▄▃▄▄▄▄▃▄▄▄▄▃▄▄▄▄▄▃▄▃▆▁▆▆▁▆▁▆▁▆▁▆▇
wandb:                  time/train_seconds ▁▁▂▂▂▂▃▃▃▃▄▄▄▅▅▅▅▆▆▆▆▇▇▇▇▇▇▇██████████
wandb:                              +4,448 ...
wandb: 
wandb: Run summary:
wandb:        speedrun/final_best_val_loss 3.26189
wandb:        speedrun/final_best_val_step 3250
wandb: speedrun/final_first_step_to_target 3025
wandb:       speedrun/final_reached_target 1
wandb:       speedrun/first_step_to_target 3025
wandb:             speedrun/reached_target 1
wandb:            speedrun/target_val_loss 3.28
wandb:                speedrun/train_steps 3250
wandb:                    time/step_avg_ms 1906.16203
wandb:                  time/train_seconds 6134.66981
wandb:                              +4,448 ...
wandb: 
wandb: 🚀 View run g1r5-alphonse/adabelief_E_adamw_eps1e-16_falsifier at: https://wandb.ai/wandb-applied-ai-team/modded-nanogpt-senpai/runs/wtsmc7jx
wandb: ⭐️ View project at: https://wandb.ai/wandb-applied-ai-team/modded-nanogpt-senpai
wandb: Synced 6 W&B file(s), 0 media file(s), 0 artifact file(s) and 0 other file(s)
wandb: Find logs at: ./wandb/run-20260525_122641-wtsmc7jx/logs
