logs/70471169-7424-4eb5-8724-efd9930285ec.txt
wandb: [wandb.login()] Loaded credentials for https://api.wandb.ai from WANDB_API_KEY.
wandb: W&B API key is configured. Use `wandb login --relogin` to force relogin
wandb: Tracking run with wandb version 0.26.1
wandb: Run data is saved locally in /workspace/senpai/target/wandb/run-20260525_145048-gmqu5cnq
wandb: Run `wandb offline` to turn off syncing.
wandb: Syncing run g1r5-alphonse/adabelief-C-confirm-n4-seed1
wandb: ⭐️ View project at https://wandb.ai/wandb-applied-ai-team/modded-nanogpt-senpai
wandb: 🚀 View run at https://wandb.ai/wandb-applied-ai-team/modded-nanogpt-senpai/runs/gmqu5cnq
[init] mode=musoft  L=12  block_residual_attn.proj_std=0.005984
step:0/3250 val_loss:10.82583 train_time:0.000s step_avg:nanms
step:1/3250 train_time:6.060s step_avg:6059.91ms
step:2/3250 train_time:7.888s step_avg:3943.84ms
step:3/3250 train_time:9.715s step_avg:3238.32ms
step:4/3250 train_time:11.542s step_avg:2885.55ms
step:5/3250 train_time:13.370s step_avg:2673.93ms
step:6/3250 train_time:15.196s step_avg:2532.74ms
step:7/3250 train_time:17.022s step_avg:2431.67ms
step:8/3250 train_time:18.845s step_avg:2355.67ms
step:9/3250 train_time:20.668s step_avg:2296.44ms
step:10/3250 train_time:22.490s step_avg:2249.03ms
step:11/3250 train_time:24.313s step_avg:2210.25ms
step:12/3250 train_time:26.137s step_avg:2178.08ms
step:13/3250 train_time:27.961s step_avg:2150.85ms
step:14/3250 train_time:29.785s step_avg:2127.47ms
step:15/3250 train_time:31.608s step_avg:2107.17ms
step:16/3250 train_time:33.431s step_avg:2089.41ms
step:17/3250 train_time:36.127s step_avg:2125.14ms
step:18/3250 train_time:37.953s step_avg:2108.51ms
step:19/3250 train_time:39.778s step_avg:2093.57ms
step:20/3250 train_time:41.604s step_avg:2080.19ms
step:21/3250 train_time:43.428s step_avg:2068.02ms
step:22/3250 train_time:45.254s step_avg:2056.98ms
step:23/3250 train_time:47.081s step_avg:2046.99ms
step:24/3250 train_time:48.907s step_avg:2037.80ms
step:25/3250 train_time:51.009s step_avg:2040.37ms
step:26/3250 train_time:52.835s step_avg:2032.11ms
step:27/3250 train_time:54.661s step_avg:2024.49ms
step:28/3250 train_time:56.488s step_avg:2017.44ms
step:29/3250 train_time:58.315s step_avg:2010.86ms
step:30/3250 train_time:60.142s step_avg:2004.72ms
step:31/3250 train_time:61.968s step_avg:1998.96ms
step:32/3250 train_time:63.794s step_avg:1993.58ms
step:33/3250 train_time:66.455s step_avg:2013.79ms
step:34/3250 train_time:68.281s step_avg:2008.25ms
step:35/3250 train_time:70.107s step_avg:2003.05ms
step:36/3250 train_time:71.933s step_avg:1998.15ms
step:37/3250 train_time:73.759s step_avg:1993.49ms
step:38/3250 train_time:75.585s step_avg:1989.08ms
step:39/3250 train_time:77.414s step_avg:1984.98ms
step:40/3250 train_time:79.242s step_avg:1981.05ms
step:41/3250 train_time:81.070s step_avg:1977.32ms
step:42/3250 train_time:82.897s step_avg:1973.74ms
step:43/3250 train_time:84.724s step_avg:1970.33ms
step:44/3250 train_time:86.553s step_avg:1967.10ms
step:45/3250 train_time:88.379s step_avg:1963.98ms
step:46/3250 train_time:90.206s step_avg:1961.01ms
step:47/3250 train_time:92.034s step_avg:1958.17ms
step:48/3250 train_time:93.862s step_avg:1955.45ms
step:49/3250 train_time:96.523s step_avg:1969.85ms
step:50/3250 train_time:98.622s step_avg:1972.45ms
step:51/3250 train_time:100.449s step_avg:1969.59ms
step:52/3250 train_time:102.276s step_avg:1966.85ms
step:53/3250 train_time:104.103s step_avg:1964.21ms
step:54/3250 train_time:105.931s step_avg:1961.68ms
step:55/3250 train_time:107.759s step_avg:1959.26ms
step:56/3250 train_time:109.587s step_avg:1956.90ms
step:57/3250 train_time:111.414s step_avg:1954.63ms
step:58/3250 train_time:113.241s step_avg:1952.43ms
step:59/3250 train_time:115.068s step_avg:1950.31ms
step:60/3250 train_time:116.896s step_avg:1948.27ms
step:61/3250 train_time:118.725s step_avg:1946.30ms
step:62/3250 train_time:120.552s step_avg:1944.39ms
step:63/3250 train_time:122.380s step_avg:1942.54ms
step:64/3250 train_time:124.207s step_avg:1940.74ms
step:65/3250 train_time:126.870s step_avg:1951.84ms
step:66/3250 train_time:128.698s step_avg:1949.96ms
step:67/3250 train_time:130.524s step_avg:1948.12ms
step:68/3250 train_time:132.351s step_avg:1946.34ms
step:69/3250 train_time:134.179s step_avg:1944.62ms
step:70/3250 train_time:136.006s step_avg:1942.95ms
step:71/3250 train_time:137.834s step_avg:1941.32ms
step:72/3250 train_time:139.661s step_avg:1939.73ms
step:73/3250 train_time:141.488s step_avg:1938.20ms
step:74/3250 train_time:143.317s step_avg:1936.71ms
step:75/3250 train_time:145.418s step_avg:1938.90ms
step:76/3250 train_time:147.245s step_avg:1937.43ms
step:77/3250 train_time:149.074s step_avg:1936.02ms
step:78/3250 train_time:150.901s step_avg:1934.63ms
step:79/3250 train_time:152.729s step_avg:1933.28ms
step:80/3250 train_time:154.556s step_avg:1931.95ms
step:81/3250 train_time:157.218s step_avg:1940.96ms
step:82/3250 train_time:159.045s step_avg:1939.58ms
step:83/3250 train_time:160.873s step_avg:1938.22ms
step:84/3250 train_time:162.699s step_avg:1936.90ms
step:85/3250 train_time:164.527s step_avg:1935.61ms
step:86/3250 train_time:166.356s step_avg:1934.38ms
step:87/3250 train_time:168.185s step_avg:1933.16ms
step:88/3250 train_time:170.012s step_avg:1931.96ms
step:89/3250 train_time:171.840s step_avg:1930.78ms
step:90/3250 train_time:173.668s step_avg:1929.65ms
step:91/3250 train_time:175.495s step_avg:1928.52ms
step:92/3250 train_time:177.323s step_avg:1927.42ms
step:93/3250 train_time:179.152s step_avg:1926.37ms
step:94/3250 train_time:180.980s step_avg:1925.32ms
step:95/3250 train_time:182.807s step_avg:1924.29ms
step:96/3250 train_time:184.634s step_avg:1923.27ms
step:97/3250 train_time:187.296s step_avg:1930.89ms
step:98/3250 train_time:189.123s step_avg:1929.83ms
step:99/3250 train_time:190.950s step_avg:1928.79ms
step:100/3250 train_time:193.050s step_avg:1930.50ms
step:101/3250 train_time:194.877s step_avg:1929.48ms
step:102/3250 train_time:196.706s step_avg:1928.49ms
step:103/3250 train_time:198.533s step_avg:1927.51ms
step:104/3250 train_time:200.361s step_avg:1926.54ms
step:105/3250 train_time:202.188s step_avg:1925.60ms
step:106/3250 train_time:204.016s step_avg:1924.68ms
step:107/3250 train_time:205.843s step_avg:1923.77ms
step:108/3250 train_time:207.671s step_avg:1922.88ms
step:109/3250 train_time:209.500s step_avg:1922.02ms
step:110/3250 train_time:211.329s step_avg:1921.17ms
step:111/3250 train_time:213.157s step_avg:1920.33ms
step:112/3250 train_time:214.984s step_avg:1919.50ms
step:113/3250 train_time:217.646s step_avg:1926.07ms
step:114/3250 train_time:219.472s step_avg:1925.19ms
step:115/3250 train_time:221.299s step_avg:1924.34ms
step:116/3250 train_time:223.126s step_avg:1923.50ms
step:117/3250 train_time:224.954s step_avg:1922.69ms
step:118/3250 train_time:226.782s step_avg:1921.88ms
step:119/3250 train_time:228.609s step_avg:1921.09ms
step:120/3250 train_time:230.436s step_avg:1920.30ms
step:121/3250 train_time:232.263s step_avg:1919.53ms
step:122/3250 train_time:234.090s step_avg:1918.77ms
step:123/3250 train_time:235.918s step_avg:1918.03ms
step:124/3250 train_time:237.745s step_avg:1917.30ms
step:125/3250 train_time:239.911s step_avg:1919.29ms
step:125/3250 val_loss:4.48845 train_time:239.912s step_avg:1919.29ms
step:126/3250 train_time:241.740s step_avg:1918.57ms
step:127/3250 train_time:243.567s step_avg:1917.85ms
step:128/3250 train_time:245.396s step_avg:1917.16ms
step:129/3250 train_time:248.058s step_avg:1922.93ms
step:130/3250 train_time:249.885s step_avg:1922.19ms
step:131/3250 train_time:251.712s step_avg:1921.47ms
step:132/3250 train_time:253.540s step_avg:1920.75ms
step:133/3250 train_time:255.367s step_avg:1920.06ms
step:134/3250 train_time:257.194s step_avg:1919.36ms
step:135/3250 train_time:259.023s step_avg:1918.69ms
step:136/3250 train_time:260.851s step_avg:1918.02ms
step:137/3250 train_time:262.678s step_avg:1917.36ms
step:138/3250 train_time:264.505s step_avg:1916.71ms
step:139/3250 train_time:266.334s step_avg:1916.07ms
step:140/3250 train_time:268.162s step_avg:1915.44ms
step:141/3250 train_time:269.989s step_avg:1914.82ms
step:142/3250 train_time:271.816s step_avg:1914.20ms
step:143/3250 train_time:273.644s step_avg:1913.60ms
step:144/3250 train_time:275.473s step_avg:1913.01ms
step:145/3250 train_time:278.135s step_avg:1918.17ms
step:146/3250 train_time:279.963s step_avg:1917.55ms
step:147/3250 train_time:281.791s step_avg:1916.94ms
step:148/3250 train_time:283.618s step_avg:1916.34ms
step:149/3250 train_time:285.446s step_avg:1915.75ms
step:150/3250 train_time:287.547s step_avg:1916.98ms
step:151/3250 train_time:289.374s step_avg:1916.39ms
step:152/3250 train_time:291.201s step_avg:1915.80ms
step:153/3250 train_time:293.028s step_avg:1915.21ms
step:154/3250 train_time:294.855s step_avg:1914.64ms
step:155/3250 train_time:296.683s step_avg:1914.08ms
step:156/3250 train_time:298.510s step_avg:1913.53ms
step:157/3250 train_time:300.337s step_avg:1912.97ms
step:158/3250 train_time:302.164s step_avg:1912.43ms
step:159/3250 train_time:303.992s step_avg:1911.90ms
step:160/3250 train_time:305.821s step_avg:1911.38ms
step:161/3250 train_time:308.482s step_avg:1916.04ms
step:162/3250 train_time:310.311s step_avg:1915.50ms
step:163/3250 train_time:312.139s step_avg:1914.96ms
step:164/3250 train_time:313.967s step_avg:1914.44ms
step:165/3250 train_time:315.797s step_avg:1913.92ms
step:166/3250 train_time:317.626s step_avg:1913.41ms
step:167/3250 train_time:319.454s step_avg:1912.90ms
step:168/3250 train_time:321.282s step_avg:1912.39ms
step:169/3250 train_time:323.110s step_avg:1911.89ms
step:170/3250 train_time:324.938s step_avg:1911.40ms
step:171/3250 train_time:326.768s step_avg:1910.92ms
step:172/3250 train_time:328.596s step_avg:1910.44ms
step:173/3250 train_time:330.425s step_avg:1909.97ms
step:174/3250 train_time:332.255s step_avg:1909.51ms
step:175/3250 train_time:334.359s step_avg:1910.62ms
step:176/3250 train_time:336.188s step_avg:1910.16ms
step:177/3250 train_time:338.850s step_avg:1914.41ms
step:178/3250 train_time:340.676s step_avg:1913.91ms
step:179/3250 train_time:342.503s step_avg:1913.42ms
step:180/3250 train_time:344.330s step_avg:1912.95ms
step:181/3250 train_time:346.159s step_avg:1912.48ms
step:182/3250 train_time:347.986s step_avg:1912.01ms
step:183/3250 train_time:349.814s step_avg:1911.55ms
step:184/3250 train_time:351.641s step_avg:1911.09ms
step:185/3250 train_time:353.469s step_avg:1910.64ms
step:186/3250 train_time:355.296s step_avg:1910.20ms
step:187/3250 train_time:357.125s step_avg:1909.76ms
step:188/3250 train_time:358.954s step_avg:1909.33ms
step:189/3250 train_time:360.783s step_avg:1908.90ms
step:190/3250 train_time:362.611s step_avg:1908.48ms
step:191/3250 train_time:364.547s step_avg:1908.62ms
step:192/3250 train_time:366.376s step_avg:1908.21ms
step:193/3250 train_time:369.038s step_avg:1912.11ms
step:194/3250 train_time:370.865s step_avg:1911.68ms
step:195/3250 train_time:372.692s step_avg:1911.24ms
step:196/3250 train_time:374.520s step_avg:1910.82ms
step:197/3250 train_time:376.347s step_avg:1910.39ms
step:198/3250 train_time:378.175s step_avg:1909.97ms
step:199/3250 train_time:380.002s step_avg:1909.56ms
step:200/3250 train_time:382.102s step_avg:1910.51ms
step:201/3250 train_time:383.929s step_avg:1910.10ms
step:202/3250 train_time:385.756s step_avg:1909.68ms
step:203/3250 train_time:387.583s step_avg:1909.28ms
step:204/3250 train_time:389.410s step_avg:1908.87ms
step:205/3250 train_time:391.237s step_avg:1908.47ms
step:206/3250 train_time:393.063s step_avg:1908.07ms
step:207/3250 train_time:394.892s step_avg:1907.69ms
step:208/3250 train_time:396.720s step_avg:1907.31ms
step:209/3250 train_time:399.381s step_avg:1910.91ms
step:210/3250 train_time:401.208s step_avg:1910.51ms
step:211/3250 train_time:403.036s step_avg:1910.12ms
step:212/3250 train_time:404.863s step_avg:1909.73ms
step:213/3250 train_time:406.691s step_avg:1909.35ms
step:214/3250 train_time:408.519s step_avg:1908.97ms
step:215/3250 train_time:410.347s step_avg:1908.59ms
step:216/3250 train_time:412.175s step_avg:1908.22ms
step:217/3250 train_time:414.003s step_avg:1907.85ms
step:218/3250 train_time:415.832s step_avg:1907.49ms
step:219/3250 train_time:417.661s step_avg:1907.13ms
step:220/3250 train_time:419.489s step_avg:1906.77ms
step:221/3250 train_time:421.317s step_avg:1906.41ms
step:222/3250 train_time:423.144s step_avg:1906.06ms
step:223/3250 train_time:424.972s step_avg:1905.71ms
step:224/3250 train_time:426.800s step_avg:1905.36ms
step:225/3250 train_time:429.739s step_avg:1909.95ms
step:226/3250 train_time:431.566s step_avg:1909.58ms
step:227/3250 train_time:433.393s step_avg:1909.22ms
step:228/3250 train_time:435.219s step_avg:1908.86ms
step:229/3250 train_time:437.047s step_avg:1908.50ms
step:230/3250 train_time:438.877s step_avg:1908.16ms
step:231/3250 train_time:440.705s step_avg:1907.81ms
step:232/3250 train_time:442.533s step_avg:1907.47ms
step:233/3250 train_time:444.362s step_avg:1907.13ms
step:234/3250 train_time:446.192s step_avg:1906.80ms
step:235/3250 train_time:448.019s step_avg:1906.47ms
step:236/3250 train_time:449.847s step_avg:1906.13ms
step:237/3250 train_time:451.676s step_avg:1905.81ms
step:238/3250 train_time:453.505s step_avg:1905.48ms
step:239/3250 train_time:455.332s step_avg:1905.15ms
step:240/3250 train_time:457.158s step_avg:1904.83ms
step:241/3250 train_time:459.819s step_avg:1907.96ms
step:242/3250 train_time:461.646s step_avg:1907.63ms
step:243/3250 train_time:463.473s step_avg:1907.30ms
step:244/3250 train_time:465.301s step_avg:1906.97ms
step:245/3250 train_time:467.129s step_avg:1906.65ms
step:246/3250 train_time:468.955s step_avg:1906.32ms
step:247/3250 train_time:470.782s step_avg:1906.00ms
step:248/3250 train_time:472.610s step_avg:1905.69ms
step:249/3250 train_time:474.437s step_avg:1905.37ms
step:250/3250 train_time:476.608s step_avg:1906.43ms
step:250/3250 val_loss:4.05996 train_time:476.608s step_avg:1893.57ms
step:251/3250 train_time:478.436s step_avg:1906.12ms
step:252/3250 train_time:480.264s step_avg:1905.81ms
step:253/3250 train_time:482.093s step_avg:1905.51ms
step:254/3250 train_time:483.921s step_avg:1905.20ms
step:255/3250 train_time:485.749s step_avg:1904.90ms
step:256/3250 train_time:487.577s step_avg:1904.60ms
step:257/3250 train_time:490.239s step_avg:1907.54ms
step:258/3250 train_time:492.066s step_avg:1907.23ms
step:259/3250 train_time:493.895s step_avg:1906.93ms
step:260/3250 train_time:495.723s step_avg:1906.63ms
step:261/3250 train_time:497.550s step_avg:1906.32ms
step:262/3250 train_time:499.378s step_avg:1906.02ms
step:263/3250 train_time:501.206s step_avg:1905.73ms
step:264/3250 train_time:503.035s step_avg:1905.43ms
step:265/3250 train_time:504.863s step_avg:1905.14ms
step:266/3250 train_time:506.691s step_avg:1904.85ms
step:267/3250 train_time:508.519s step_avg:1904.57ms
step:268/3250 train_time:510.348s step_avg:1904.28ms
step:269/3250 train_time:512.174s step_avg:1903.99ms
step:270/3250 train_time:514.002s step_avg:1903.71ms
step:271/3250 train_time:515.831s step_avg:1903.44ms
step:272/3250 train_time:517.659s step_avg:1903.16ms
step:273/3250 train_time:520.320s step_avg:1905.93ms
step:274/3250 train_time:522.147s step_avg:1905.65ms
step:275/3250 train_time:524.254s step_avg:1906.38ms
step:276/3250 train_time:526.081s step_avg:1906.09ms
step:277/3250 train_time:527.908s step_avg:1905.81ms
step:278/3250 train_time:529.735s step_avg:1905.52ms
step:279/3250 train_time:531.563s step_avg:1905.24ms
step:280/3250 train_time:533.390s step_avg:1904.97ms
step:281/3250 train_time:535.217s step_avg:1904.69ms
step:282/3250 train_time:537.045s step_avg:1904.41ms
step:283/3250 train_time:538.873s step_avg:1904.15ms
step:284/3250 train_time:540.702s step_avg:1903.88ms
step:285/3250 train_time:542.529s step_avg:1903.61ms
step:286/3250 train_time:544.357s step_avg:1903.34ms
step:287/3250 train_time:546.184s step_avg:1903.08ms
step:288/3250 train_time:548.013s step_avg:1902.82ms
step:289/3250 train_time:550.674s step_avg:1905.45ms
step:290/3250 train_time:552.501s step_avg:1905.18ms
step:291/3250 train_time:554.329s step_avg:1904.91ms
step:292/3250 train_time:556.156s step_avg:1904.64ms
step:293/3250 train_time:557.984s step_avg:1904.38ms
step:294/3250 train_time:559.812s step_avg:1904.12ms
step:295/3250 train_time:561.641s step_avg:1903.87ms
step:296/3250 train_time:563.469s step_avg:1903.61ms
step:297/3250 train_time:565.297s step_avg:1903.36ms
step:298/3250 train_time:567.126s step_avg:1903.11ms
step:299/3250 train_time:568.954s step_avg:1902.86ms
step:300/3250 train_time:571.060s step_avg:1903.53ms
step:301/3250 train_time:572.888s step_avg:1903.28ms
step:302/3250 train_time:574.715s step_avg:1903.03ms
step:303/3250 train_time:576.542s step_avg:1902.78ms
step:304/3250 train_time:578.369s step_avg:1902.53ms
step:305/3250 train_time:581.030s step_avg:1905.01ms
step:306/3250 train_time:582.858s step_avg:1904.76ms
step:307/3250 train_time:584.686s step_avg:1904.51ms
step:308/3250 train_time:586.512s step_avg:1904.26ms
step:309/3250 train_time:588.340s step_avg:1904.01ms
step:310/3250 train_time:590.168s step_avg:1903.77ms
step:311/3250 train_time:591.994s step_avg:1903.52ms
step:312/3250 train_time:593.822s step_avg:1903.28ms
step:313/3250 train_time:595.651s step_avg:1903.04ms
step:314/3250 train_time:597.478s step_avg:1902.80ms
step:315/3250 train_time:599.304s step_avg:1902.55ms
step:316/3250 train_time:601.132s step_avg:1902.32ms
step:317/3250 train_time:602.961s step_avg:1902.08ms
step:318/3250 train_time:604.787s step_avg:1901.85ms
step:319/3250 train_time:606.614s step_avg:1901.61ms
step:320/3250 train_time:608.441s step_avg:1901.38ms
step:321/3250 train_time:611.101s step_avg:1903.74ms
step:322/3250 train_time:612.927s step_avg:1903.50ms
step:323/3250 train_time:614.755s step_avg:1903.27ms
step:324/3250 train_time:616.582s step_avg:1903.03ms
step:325/3250 train_time:618.690s step_avg:1903.66ms
step:326/3250 train_time:620.517s step_avg:1903.43ms
step:327/3250 train_time:622.343s step_avg:1903.19ms
step:328/3250 train_time:624.172s step_avg:1902.96ms
step:329/3250 train_time:626.000s step_avg:1902.73ms
step:330/3250 train_time:627.827s step_avg:1902.50ms
step:331/3250 train_time:629.654s step_avg:1902.28ms
step:332/3250 train_time:631.481s step_avg:1902.05ms
step:333/3250 train_time:633.309s step_avg:1901.83ms
step:334/3250 train_time:635.136s step_avg:1901.61ms
step:335/3250 train_time:636.963s step_avg:1901.38ms
step:336/3250 train_time:638.790s step_avg:1901.16ms
step:337/3250 train_time:641.451s step_avg:1903.41ms
step:338/3250 train_time:643.276s step_avg:1903.18ms
step:339/3250 train_time:645.104s step_avg:1902.96ms
step:340/3250 train_time:646.931s step_avg:1902.74ms
step:341/3250 train_time:648.758s step_avg:1902.52ms
step:342/3250 train_time:650.585s step_avg:1902.29ms
step:343/3250 train_time:652.412s step_avg:1902.08ms
step:344/3250 train_time:654.240s step_avg:1901.86ms
step:345/3250 train_time:656.068s step_avg:1901.64ms
step:346/3250 train_time:657.894s step_avg:1901.43ms
step:347/3250 train_time:659.721s step_avg:1901.21ms
step:348/3250 train_time:661.548s step_avg:1901.00ms
step:349/3250 train_time:663.375s step_avg:1900.79ms
step:350/3250 train_time:665.482s step_avg:1901.38ms
step:351/3250 train_time:667.309s step_avg:1901.17ms
step:352/3250 train_time:669.137s step_avg:1900.96ms
step:353/3250 train_time:671.798s step_avg:1903.11ms
step:354/3250 train_time:673.625s step_avg:1902.90ms
step:355/3250 train_time:675.451s step_avg:1902.68ms
step:356/3250 train_time:677.277s step_avg:1902.46ms
step:357/3250 train_time:679.102s step_avg:1902.25ms
step:358/3250 train_time:680.928s step_avg:1902.03ms
step:359/3250 train_time:682.754s step_avg:1901.82ms
step:360/3250 train_time:684.581s step_avg:1901.61ms
step:361/3250 train_time:686.407s step_avg:1901.40ms
step:362/3250 train_time:688.232s step_avg:1901.19ms
step:363/3250 train_time:690.058s step_avg:1900.99ms
step:364/3250 train_time:691.884s step_avg:1900.78ms
step:365/3250 train_time:693.710s step_avg:1900.58ms
step:366/3250 train_time:695.536s step_avg:1900.37ms
step:367/3250 train_time:697.362s step_avg:1900.17ms
step:368/3250 train_time:699.187s step_avg:1899.97ms
step:369/3250 train_time:701.847s step_avg:1902.03ms
step:370/3250 train_time:703.674s step_avg:1901.82ms
step:371/3250 train_time:705.501s step_avg:1901.62ms
step:372/3250 train_time:707.326s step_avg:1901.41ms
step:373/3250 train_time:709.152s step_avg:1901.21ms
step:374/3250 train_time:710.977s step_avg:1901.01ms
step:375/3250 train_time:713.170s step_avg:1901.79ms
step:375/3250 val_loss:3.89991 train_time:713.170s step_avg:1892.50ms
step:376/3250 train_time:714.998s step_avg:1901.59ms
step:377/3250 train_time:716.825s step_avg:1901.39ms
step:378/3250 train_time:718.652s step_avg:1901.20ms
step:379/3250 train_time:720.478s step_avg:1901.00ms
step:380/3250 train_time:722.304s step_avg:1900.80ms
step:381/3250 train_time:724.158s step_avg:1900.68ms
step:382/3250 train_time:725.984s step_avg:1900.48ms
step:383/3250 train_time:727.810s step_avg:1900.29ms
step:384/3250 train_time:729.636s step_avg:1900.09ms
step:385/3250 train_time:732.297s step_avg:1902.07ms
step:386/3250 train_time:734.124s step_avg:1901.88ms
step:387/3250 train_time:735.951s step_avg:1901.68ms
step:388/3250 train_time:737.777s step_avg:1901.49ms
step:389/3250 train_time:739.604s step_avg:1901.30ms
step:390/3250 train_time:741.430s step_avg:1901.10ms
step:391/3250 train_time:743.256s step_avg:1900.91ms
step:392/3250 train_time:745.082s step_avg:1900.72ms
step:393/3250 train_time:746.910s step_avg:1900.53ms
step:394/3250 train_time:748.737s step_avg:1900.35ms
step:395/3250 train_time:750.562s step_avg:1900.16ms
step:396/3250 train_time:752.389s step_avg:1899.97ms
step:397/3250 train_time:754.215s step_avg:1899.79ms
step:398/3250 train_time:756.042s step_avg:1899.60ms
step:399/3250 train_time:757.868s step_avg:1899.42ms
step:400/3250 train_time:759.966s step_avg:1899.91ms
step:401/3250 train_time:762.627s step_avg:1901.81ms
step:402/3250 train_time:764.453s step_avg:1901.62ms
step:403/3250 train_time:766.278s step_avg:1901.43ms
step:404/3250 train_time:768.104s step_avg:1901.25ms
step:405/3250 train_time:769.932s step_avg:1901.07ms
step:406/3250 train_time:771.759s step_avg:1900.88ms
step:407/3250 train_time:773.585s step_avg:1900.70ms
step:408/3250 train_time:775.411s step_avg:1900.52ms
step:409/3250 train_time:777.238s step_avg:1900.34ms
step:410/3250 train_time:779.066s step_avg:1900.16ms
step:411/3250 train_time:780.893s step_avg:1899.98ms
step:412/3250 train_time:782.720s step_avg:1899.81ms
step:413/3250 train_time:784.546s step_avg:1899.63ms
step:414/3250 train_time:786.374s step_avg:1899.45ms
step:415/3250 train_time:788.200s step_avg:1899.28ms
step:416/3250 train_time:790.027s step_avg:1899.10ms
step:417/3250 train_time:792.688s step_avg:1900.93ms
step:418/3250 train_time:794.514s step_avg:1900.75ms
step:419/3250 train_time:796.339s step_avg:1900.57ms
step:420/3250 train_time:798.166s step_avg:1900.40ms
step:421/3250 train_time:799.993s step_avg:1900.22ms
step:422/3250 train_time:801.820s step_avg:1900.05ms
step:423/3250 train_time:803.645s step_avg:1899.87ms
step:424/3250 train_time:805.473s step_avg:1899.70ms
step:425/3250 train_time:807.572s step_avg:1900.17ms
step:426/3250 train_time:809.399s step_avg:1900.00ms
step:427/3250 train_time:811.227s step_avg:1899.83ms
step:428/3250 train_time:813.053s step_avg:1899.66ms
step:429/3250 train_time:814.879s step_avg:1899.49ms
step:430/3250 train_time:816.706s step_avg:1899.32ms
step:431/3250 train_time:818.532s step_avg:1899.15ms
step:432/3250 train_time:820.359s step_avg:1898.98ms
step:433/3250 train_time:823.018s step_avg:1900.74ms
step:434/3250 train_time:824.844s step_avg:1900.56ms
step:435/3250 train_time:826.669s step_avg:1900.39ms
step:436/3250 train_time:828.496s step_avg:1900.22ms
step:437/3250 train_time:830.322s step_avg:1900.05ms
step:438/3250 train_time:832.149s step_avg:1899.88ms
step:439/3250 train_time:833.975s step_avg:1899.72ms
step:440/3250 train_time:835.801s step_avg:1899.55ms
step:441/3250 train_time:837.629s step_avg:1899.39ms
step:442/3250 train_time:839.456s step_avg:1899.22ms
step:443/3250 train_time:841.282s step_avg:1899.06ms
step:444/3250 train_time:843.108s step_avg:1898.89ms
step:445/3250 train_time:844.934s step_avg:1898.73ms
step:446/3250 train_time:846.761s step_avg:1898.57ms
step:447/3250 train_time:848.587s step_avg:1898.41ms
step:448/3250 train_time:850.414s step_avg:1898.25ms
step:449/3250 train_time:853.074s step_avg:1899.94ms
step:450/3250 train_time:855.174s step_avg:1900.39ms
step:451/3250 train_time:856.999s step_avg:1900.22ms
step:452/3250 train_time:858.825s step_avg:1900.05ms
step:453/3250 train_time:860.651s step_avg:1899.89ms
step:454/3250 train_time:862.478s step_avg:1899.73ms
step:455/3250 train_time:864.303s step_avg:1899.57ms
step:456/3250 train_time:866.129s step_avg:1899.41ms
step:457/3250 train_time:867.955s step_avg:1899.24ms
step:458/3250 train_time:869.781s step_avg:1899.09ms
step:459/3250 train_time:871.607s step_avg:1898.93ms
step:460/3250 train_time:873.433s step_avg:1898.77ms
step:461/3250 train_time:875.259s step_avg:1898.61ms
step:462/3250 train_time:877.086s step_avg:1898.45ms
step:463/3250 train_time:878.912s step_avg:1898.30ms
step:464/3250 train_time:880.739s step_avg:1898.14ms
step:465/3250 train_time:883.399s step_avg:1899.78ms
step:466/3250 train_time:885.225s step_avg:1899.63ms
step:467/3250 train_time:887.051s step_avg:1899.47ms
step:468/3250 train_time:888.877s step_avg:1899.31ms
step:469/3250 train_time:890.704s step_avg:1899.16ms
step:470/3250 train_time:892.531s step_avg:1899.00ms
step:471/3250 train_time:894.357s step_avg:1898.85ms
step:472/3250 train_time:896.183s step_avg:1898.69ms
step:473/3250 train_time:898.010s step_avg:1898.54ms
step:474/3250 train_time:899.837s step_avg:1898.39ms
step:475/3250 train_time:901.937s step_avg:1898.82ms
step:476/3250 train_time:903.763s step_avg:1898.66ms
step:477/3250 train_time:905.589s step_avg:1898.51ms
step:478/3250 train_time:907.415s step_avg:1898.36ms
step:479/3250 train_time:909.242s step_avg:1898.21ms
step:480/3250 train_time:911.068s step_avg:1898.06ms
step:481/3250 train_time:913.728s step_avg:1899.64ms
step:482/3250 train_time:915.554s step_avg:1899.49ms
step:483/3250 train_time:917.379s step_avg:1899.34ms
step:484/3250 train_time:919.205s step_avg:1899.18ms
step:485/3250 train_time:921.032s step_avg:1899.03ms
step:486/3250 train_time:922.859s step_avg:1898.89ms
step:487/3250 train_time:924.685s step_avg:1898.74ms
step:488/3250 train_time:926.510s step_avg:1898.59ms
step:489/3250 train_time:928.336s step_avg:1898.44ms
step:490/3250 train_time:930.163s step_avg:1898.29ms
step:491/3250 train_time:931.990s step_avg:1898.15ms
step:492/3250 train_time:933.815s step_avg:1898.00ms
step:493/3250 train_time:935.641s step_avg:1897.85ms
step:494/3250 train_time:937.468s step_avg:1897.71ms
step:495/3250 train_time:939.294s step_avg:1897.56ms
step:496/3250 train_time:941.121s step_avg:1897.42ms
step:497/3250 train_time:943.781s step_avg:1898.96ms
step:498/3250 train_time:945.608s step_avg:1898.81ms
step:499/3250 train_time:947.434s step_avg:1898.67ms
step:500/3250 train_time:949.598s step_avg:1899.20ms
step:500/3250 val_loss:3.81139 train_time:949.598s step_avg:1891.43ms
step:501/3250 train_time:951.425s step_avg:1899.05ms
step:502/3250 train_time:953.253s step_avg:1898.91ms
step:503/3250 train_time:955.079s step_avg:1898.77ms
step:504/3250 train_time:956.905s step_avg:1898.62ms
step:505/3250 train_time:958.731s step_avg:1898.48ms
step:506/3250 train_time:960.559s step_avg:1898.34ms
step:507/3250 train_time:962.385s step_avg:1898.20ms
step:508/3250 train_time:964.211s step_avg:1898.05ms
step:509/3250 train_time:966.038s step_avg:1897.91ms
step:510/3250 train_time:967.865s step_avg:1897.77ms
step:511/3250 train_time:969.693s step_avg:1897.64ms
step:512/3250 train_time:971.520s step_avg:1897.50ms
step:513/3250 train_time:974.181s step_avg:1898.99ms
step:514/3250 train_time:976.006s step_avg:1898.84ms
step:515/3250 train_time:977.832s step_avg:1898.70ms
step:516/3250 train_time:979.657s step_avg:1898.56ms
step:517/3250 train_time:981.484s step_avg:1898.42ms
step:518/3250 train_time:983.309s step_avg:1898.28ms
step:519/3250 train_time:985.135s step_avg:1898.14ms
step:520/3250 train_time:986.961s step_avg:1898.00ms
step:521/3250 train_time:988.787s step_avg:1897.86ms
step:522/3250 train_time:990.614s step_avg:1897.73ms
step:523/3250 train_time:992.440s step_avg:1897.59ms
step:524/3250 train_time:994.266s step_avg:1897.45ms
step:525/3250 train_time:996.364s step_avg:1897.84ms
step:526/3250 train_time:998.190s step_avg:1897.70ms
step:527/3250 train_time:1000.017s step_avg:1897.57ms
step:528/3250 train_time:1001.843s step_avg:1897.43ms
step:529/3250 train_time:1004.504s step_avg:1898.87ms
step:530/3250 train_time:1006.330s step_avg:1898.74ms
step:531/3250 train_time:1008.155s step_avg:1898.60ms
step:532/3250 train_time:1009.981s step_avg:1898.46ms
step:533/3250 train_time:1011.806s step_avg:1898.32ms
step:534/3250 train_time:1013.633s step_avg:1898.19ms
step:535/3250 train_time:1015.459s step_avg:1898.05ms
step:536/3250 train_time:1017.287s step_avg:1897.92ms
step:537/3250 train_time:1019.113s step_avg:1897.79ms
step:538/3250 train_time:1020.940s step_avg:1897.66ms
step:539/3250 train_time:1022.767s step_avg:1897.53ms
step:540/3250 train_time:1024.593s step_avg:1897.39ms
step:541/3250 train_time:1026.419s step_avg:1897.26ms
step:542/3250 train_time:1028.248s step_avg:1897.14ms
step:543/3250 train_time:1030.075s step_avg:1897.01ms
step:544/3250 train_time:1031.901s step_avg:1896.88ms
step:545/3250 train_time:1034.561s step_avg:1898.28ms
step:546/3250 train_time:1036.387s step_avg:1898.15ms
step:547/3250 train_time:1038.213s step_avg:1898.01ms
step:548/3250 train_time:1040.040s step_avg:1897.88ms
step:549/3250 train_time:1041.866s step_avg:1897.75ms
step:550/3250 train_time:1043.965s step_avg:1898.12ms
step:551/3250 train_time:1045.790s step_avg:1897.99ms
step:552/3250 train_time:1047.616s step_avg:1897.85ms
step:553/3250 train_time:1049.443s step_avg:1897.73ms
step:554/3250 train_time:1051.270s step_avg:1897.60ms
step:555/3250 train_time:1053.098s step_avg:1897.47ms
step:556/3250 train_time:1054.925s step_avg:1897.35ms
step:557/3250 train_time:1056.750s step_avg:1897.22ms
step:558/3250 train_time:1058.578s step_avg:1897.09ms
step:559/3250 train_time:1060.405s step_avg:1896.97ms
step:560/3250 train_time:1062.232s step_avg:1896.84ms
step:561/3250 train_time:1064.892s step_avg:1898.20ms
step:562/3250 train_time:1066.719s step_avg:1898.08ms
step:563/3250 train_time:1068.544s step_avg:1897.95ms
step:564/3250 train_time:1070.370s step_avg:1897.82ms
step:565/3250 train_time:1072.196s step_avg:1897.69ms
step:566/3250 train_time:1074.022s step_avg:1897.57ms
step:567/3250 train_time:1075.847s step_avg:1897.44ms
step:568/3250 train_time:1077.673s step_avg:1897.31ms
step:569/3250 train_time:1079.504s step_avg:1897.20ms
step:570/3250 train_time:1081.331s step_avg:1897.07ms
step:571/3250 train_time:1083.192s step_avg:1897.01ms
step:572/3250 train_time:1085.019s step_avg:1896.89ms
step:573/3250 train_time:1086.846s step_avg:1896.76ms
step:574/3250 train_time:1088.671s step_avg:1896.64ms
step:575/3250 train_time:1090.771s step_avg:1896.99ms
step:576/3250 train_time:1092.597s step_avg:1896.87ms
step:577/3250 train_time:1095.257s step_avg:1898.19ms
step:578/3250 train_time:1097.083s step_avg:1898.07ms
step:579/3250 train_time:1098.910s step_avg:1897.95ms
step:580/3250 train_time:1100.737s step_avg:1897.82ms
step:581/3250 train_time:1102.565s step_avg:1897.70ms
step:582/3250 train_time:1104.392s step_avg:1897.58ms
step:583/3250 train_time:1106.218s step_avg:1897.46ms
step:584/3250 train_time:1108.046s step_avg:1897.34ms
step:585/3250 train_time:1109.873s step_avg:1897.22ms
step:586/3250 train_time:1111.700s step_avg:1897.10ms
step:587/3250 train_time:1113.527s step_avg:1896.98ms
step:588/3250 train_time:1115.353s step_avg:1896.86ms
step:589/3250 train_time:1117.180s step_avg:1896.74ms
step:590/3250 train_time:1119.006s step_avg:1896.62ms
step:591/3250 train_time:1120.833s step_avg:1896.50ms
step:592/3250 train_time:1122.661s step_avg:1896.39ms
step:593/3250 train_time:1125.322s step_avg:1897.68ms
step:594/3250 train_time:1127.148s step_avg:1897.56ms
step:595/3250 train_time:1128.975s step_avg:1897.44ms
step:596/3250 train_time:1130.802s step_avg:1897.32ms
step:597/3250 train_time:1132.628s step_avg:1897.20ms
step:598/3250 train_time:1134.454s step_avg:1897.08ms
step:599/3250 train_time:1136.281s step_avg:1896.96ms
step:600/3250 train_time:1138.387s step_avg:1897.31ms
step:601/3250 train_time:1140.215s step_avg:1897.20ms
step:602/3250 train_time:1142.041s step_avg:1897.08ms
step:603/3250 train_time:1143.868s step_avg:1896.96ms
step:604/3250 train_time:1145.695s step_avg:1896.85ms
step:605/3250 train_time:1147.521s step_avg:1896.73ms
step:606/3250 train_time:1149.349s step_avg:1896.62ms
step:607/3250 train_time:1151.176s step_avg:1896.50ms
step:608/3250 train_time:1153.004s step_avg:1896.39ms
step:609/3250 train_time:1155.665s step_avg:1897.64ms
step:610/3250 train_time:1157.490s step_avg:1897.52ms
step:611/3250 train_time:1159.317s step_avg:1897.41ms
step:612/3250 train_time:1161.143s step_avg:1897.29ms
step:613/3250 train_time:1162.969s step_avg:1897.18ms
step:614/3250 train_time:1164.795s step_avg:1897.06ms
step:615/3250 train_time:1166.622s step_avg:1896.95ms
step:616/3250 train_time:1168.449s step_avg:1896.83ms
step:617/3250 train_time:1170.275s step_avg:1896.72ms
step:618/3250 train_time:1172.101s step_avg:1896.60ms
step:619/3250 train_time:1173.928s step_avg:1896.49ms
step:620/3250 train_time:1175.754s step_avg:1896.38ms
step:621/3250 train_time:1177.581s step_avg:1896.26ms
step:622/3250 train_time:1179.407s step_avg:1896.15ms
step:623/3250 train_time:1181.233s step_avg:1896.04ms
step:624/3250 train_time:1183.060s step_avg:1895.93ms
step:625/3250 train_time:1186.058s step_avg:1897.69ms
step:625/3250 val_loss:3.74998 train_time:1186.059s step_avg:1891.68ms
step:626/3250 train_time:1187.886s step_avg:1897.58ms
step:627/3250 train_time:1189.711s step_avg:1897.47ms
step:628/3250 train_time:1191.537s step_avg:1897.35ms
step:629/3250 train_time:1193.364s step_avg:1897.24ms
step:630/3250 train_time:1195.189s step_avg:1897.13ms
step:631/3250 train_time:1197.015s step_avg:1897.01ms
step:632/3250 train_time:1198.842s step_avg:1896.90ms
step:633/3250 train_time:1200.669s step_avg:1896.79ms
step:634/3250 train_time:1202.495s step_avg:1896.68ms
step:635/3250 train_time:1204.321s step_avg:1896.57ms
step:636/3250 train_time:1206.148s step_avg:1896.46ms
step:637/3250 train_time:1207.974s step_avg:1896.35ms
step:638/3250 train_time:1209.800s step_avg:1896.24ms
step:639/3250 train_time:1211.626s step_avg:1896.13ms
step:640/3250 train_time:1213.453s step_avg:1896.02ms
step:641/3250 train_time:1216.113s step_avg:1897.21ms
step:642/3250 train_time:1217.939s step_avg:1897.10ms
step:643/3250 train_time:1219.766s step_avg:1896.99ms
step:644/3250 train_time:1221.591s step_avg:1896.88ms
step:645/3250 train_time:1223.417s step_avg:1896.77ms
step:646/3250 train_time:1225.243s step_avg:1896.66ms
step:647/3250 train_time:1227.070s step_avg:1896.55ms
step:648/3250 train_time:1228.897s step_avg:1896.45ms
step:649/3250 train_time:1230.723s step_avg:1896.34ms
step:650/3250 train_time:1232.827s step_avg:1896.66ms
step:651/3250 train_time:1234.654s step_avg:1896.55ms
step:652/3250 train_time:1236.482s step_avg:1896.44ms
step:653/3250 train_time:1238.309s step_avg:1896.34ms
step:654/3250 train_time:1240.137s step_avg:1896.23ms
step:655/3250 train_time:1241.963s step_avg:1896.13ms
step:656/3250 train_time:1243.791s step_avg:1896.02ms
step:657/3250 train_time:1246.452s step_avg:1897.19ms
step:658/3250 train_time:1248.279s step_avg:1897.08ms
step:659/3250 train_time:1250.107s step_avg:1896.98ms
step:660/3250 train_time:1251.935s step_avg:1896.87ms
step:661/3250 train_time:1253.763s step_avg:1896.77ms
step:662/3250 train_time:1255.591s step_avg:1896.66ms
step:663/3250 train_time:1257.419s step_avg:1896.56ms
step:664/3250 train_time:1259.249s step_avg:1896.46ms
step:665/3250 train_time:1261.077s step_avg:1896.36ms
step:666/3250 train_time:1262.904s step_avg:1896.25ms
step:667/3250 train_time:1264.733s step_avg:1896.15ms
step:668/3250 train_time:1266.561s step_avg:1896.05ms
step:669/3250 train_time:1268.389s step_avg:1895.95ms
step:670/3250 train_time:1270.217s step_avg:1895.85ms
step:671/3250 train_time:1272.045s step_avg:1895.75ms
step:672/3250 train_time:1273.873s step_avg:1895.64ms
step:673/3250 train_time:1276.534s step_avg:1896.78ms
step:674/3250 train_time:1278.362s step_avg:1896.68ms
step:675/3250 train_time:1280.465s step_avg:1896.99ms
step:676/3250 train_time:1282.292s step_avg:1896.88ms
step:677/3250 train_time:1284.117s step_avg:1896.78ms
step:678/3250 train_time:1285.945s step_avg:1896.67ms
step:679/3250 train_time:1287.771s step_avg:1896.57ms
step:680/3250 train_time:1289.598s step_avg:1896.47ms
step:681/3250 train_time:1291.425s step_avg:1896.37ms
step:682/3250 train_time:1293.253s step_avg:1896.26ms
step:683/3250 train_time:1295.081s step_avg:1896.16ms
step:684/3250 train_time:1296.908s step_avg:1896.06ms
step:685/3250 train_time:1298.736s step_avg:1895.97ms
step:686/3250 train_time:1300.564s step_avg:1895.87ms
step:687/3250 train_time:1302.393s step_avg:1895.77ms
step:688/3250 train_time:1304.220s step_avg:1895.67ms
step:689/3250 train_time:1306.880s step_avg:1896.78ms
step:690/3250 train_time:1308.709s step_avg:1896.68ms
step:691/3250 train_time:1310.537s step_avg:1896.58ms
step:692/3250 train_time:1312.365s step_avg:1896.48ms
step:693/3250 train_time:1314.193s step_avg:1896.38ms
step:694/3250 train_time:1316.019s step_avg:1896.28ms
step:695/3250 train_time:1317.847s step_avg:1896.18ms
step:696/3250 train_time:1319.674s step_avg:1896.08ms
step:697/3250 train_time:1321.503s step_avg:1895.99ms
step:698/3250 train_time:1323.330s step_avg:1895.89ms
step:699/3250 train_time:1325.157s step_avg:1895.79ms
step:700/3250 train_time:1327.262s step_avg:1896.09ms
step:701/3250 train_time:1329.091s step_avg:1895.99ms
step:702/3250 train_time:1330.920s step_avg:1895.90ms
step:703/3250 train_time:1332.748s step_avg:1895.80ms
step:704/3250 train_time:1334.576s step_avg:1895.70ms
step:705/3250 train_time:1337.237s step_avg:1896.79ms
step:706/3250 train_time:1339.065s step_avg:1896.69ms
step:707/3250 train_time:1340.893s step_avg:1896.59ms
step:708/3250 train_time:1342.721s step_avg:1896.50ms
step:709/3250 train_time:1344.549s step_avg:1896.40ms
step:710/3250 train_time:1346.376s step_avg:1896.30ms
step:711/3250 train_time:1348.203s step_avg:1896.21ms
step:712/3250 train_time:1350.032s step_avg:1896.11ms
step:713/3250 train_time:1351.860s step_avg:1896.02ms
step:714/3250 train_time:1353.688s step_avg:1895.92ms
step:715/3250 train_time:1355.518s step_avg:1895.83ms
step:716/3250 train_time:1357.347s step_avg:1895.74ms
step:717/3250 train_time:1359.176s step_avg:1895.64ms
step:718/3250 train_time:1361.004s step_avg:1895.55ms
step:719/3250 train_time:1362.831s step_avg:1895.45ms
step:720/3250 train_time:1364.661s step_avg:1895.36ms
step:721/3250 train_time:1367.322s step_avg:1896.42ms
step:722/3250 train_time:1369.151s step_avg:1896.33ms
step:723/3250 train_time:1370.980s step_avg:1896.24ms
step:724/3250 train_time:1372.807s step_avg:1896.14ms
step:725/3250 train_time:1374.912s step_avg:1896.43ms
step:726/3250 train_time:1376.739s step_avg:1896.34ms
step:727/3250 train_time:1378.569s step_avg:1896.24ms
step:728/3250 train_time:1380.397s step_avg:1896.15ms
step:729/3250 train_time:1382.226s step_avg:1896.06ms
step:730/3250 train_time:1384.054s step_avg:1895.96ms
step:731/3250 train_time:1385.883s step_avg:1895.87ms
step:732/3250 train_time:1387.712s step_avg:1895.78ms
step:733/3250 train_time:1389.541s step_avg:1895.69ms
step:734/3250 train_time:1391.368s step_avg:1895.60ms
step:735/3250 train_time:1393.197s step_avg:1895.51ms
step:736/3250 train_time:1395.026s step_avg:1895.42ms
step:737/3250 train_time:1397.688s step_avg:1896.46ms
step:738/3250 train_time:1399.516s step_avg:1896.36ms
step:739/3250 train_time:1401.345s step_avg:1896.27ms
step:740/3250 train_time:1403.173s step_avg:1896.18ms
step:741/3250 train_time:1405.002s step_avg:1896.09ms
step:742/3250 train_time:1406.833s step_avg:1896.00ms
step:743/3250 train_time:1408.662s step_avg:1895.91ms
step:744/3250 train_time:1410.490s step_avg:1895.82ms
step:745/3250 train_time:1412.319s step_avg:1895.73ms
step:746/3250 train_time:1414.150s step_avg:1895.64ms
step:747/3250 train_time:1415.978s step_avg:1895.55ms
step:748/3250 train_time:1417.806s step_avg:1895.46ms
step:749/3250 train_time:1419.635s step_avg:1895.37ms
step:750/3250 train_time:1421.805s step_avg:1895.74ms
step:750/3250 val_loss:3.71464 train_time:1421.806s step_avg:1885.98ms
step:751/3250 train_time:1423.636s step_avg:1895.65ms
step:752/3250 train_time:1425.465s step_avg:1895.56ms
step:753/3250 train_time:1428.126s step_avg:1896.58ms
step:754/3250 train_time:1429.954s step_avg:1896.49ms
step:755/3250 train_time:1431.781s step_avg:1896.40ms
step:756/3250 train_time:1433.609s step_avg:1896.31ms
step:757/3250 train_time:1435.438s step_avg:1896.22ms
step:758/3250 train_time:1437.267s step_avg:1896.13ms
step:759/3250 train_time:1439.095s step_avg:1896.04ms
step:760/3250 train_time:1440.923s step_avg:1895.95ms
step:761/3250 train_time:1442.787s step_avg:1895.91ms
step:762/3250 train_time:1444.613s step_avg:1895.82ms
step:763/3250 train_time:1446.441s step_avg:1895.73ms
step:764/3250 train_time:1448.270s step_avg:1895.64ms
step:765/3250 train_time:1450.098s step_avg:1895.55ms
step:766/3250 train_time:1451.926s step_avg:1895.46ms
step:767/3250 train_time:1453.753s step_avg:1895.38ms
step:768/3250 train_time:1455.581s step_avg:1895.29ms
step:769/3250 train_time:1458.242s step_avg:1896.28ms
step:770/3250 train_time:1460.069s step_avg:1896.19ms
step:771/3250 train_time:1461.897s step_avg:1896.11ms
step:772/3250 train_time:1463.723s step_avg:1896.01ms
step:773/3250 train_time:1465.550s step_avg:1895.93ms
step:774/3250 train_time:1467.380s step_avg:1895.84ms
step:775/3250 train_time:1469.482s step_avg:1896.11ms
step:776/3250 train_time:1471.308s step_avg:1896.02ms
step:777/3250 train_time:1473.136s step_avg:1895.93ms
step:778/3250 train_time:1474.963s step_avg:1895.84ms
step:779/3250 train_time:1476.792s step_avg:1895.75ms
step:780/3250 train_time:1478.619s step_avg:1895.66ms
step:781/3250 train_time:1480.445s step_avg:1895.58ms
step:782/3250 train_time:1482.272s step_avg:1895.49ms
step:783/3250 train_time:1484.099s step_avg:1895.40ms
step:784/3250 train_time:1485.928s step_avg:1895.32ms
step:785/3250 train_time:1488.589s step_avg:1896.29ms
step:786/3250 train_time:1490.417s step_avg:1896.20ms
step:787/3250 train_time:1492.244s step_avg:1896.12ms
step:788/3250 train_time:1494.070s step_avg:1896.03ms
step:789/3250 train_time:1495.898s step_avg:1895.94ms
step:790/3250 train_time:1497.726s step_avg:1895.86ms
step:791/3250 train_time:1499.554s step_avg:1895.77ms
step:792/3250 train_time:1501.381s step_avg:1895.68ms
step:793/3250 train_time:1503.208s step_avg:1895.60ms
step:794/3250 train_time:1505.036s step_avg:1895.51ms
step:795/3250 train_time:1506.863s step_avg:1895.42ms
step:796/3250 train_time:1508.689s step_avg:1895.34ms
step:797/3250 train_time:1510.516s step_avg:1895.25ms
step:798/3250 train_time:1512.343s step_avg:1895.17ms
step:799/3250 train_time:1514.170s step_avg:1895.08ms
step:800/3250 train_time:1516.275s step_avg:1895.34ms
step:801/3250 train_time:1518.935s step_avg:1896.30ms
step:802/3250 train_time:1520.763s step_avg:1896.21ms
step:803/3250 train_time:1522.590s step_avg:1896.13ms
step:804/3250 train_time:1524.416s step_avg:1896.04ms
step:805/3250 train_time:1526.244s step_avg:1895.96ms
step:806/3250 train_time:1528.071s step_avg:1895.87ms
step:807/3250 train_time:1529.898s step_avg:1895.78ms
step:808/3250 train_time:1531.724s step_avg:1895.70ms
step:809/3250 train_time:1533.551s step_avg:1895.61ms
step:810/3250 train_time:1535.378s step_avg:1895.53ms
step:811/3250 train_time:1537.207s step_avg:1895.45ms
step:812/3250 train_time:1539.034s step_avg:1895.36ms
step:813/3250 train_time:1540.861s step_avg:1895.28ms
step:814/3250 train_time:1542.688s step_avg:1895.19ms
step:815/3250 train_time:1544.515s step_avg:1895.11ms
step:816/3250 train_time:1546.342s step_avg:1895.03ms
step:817/3250 train_time:1549.002s step_avg:1895.96ms
step:818/3250 train_time:1550.828s step_avg:1895.88ms
step:819/3250 train_time:1552.656s step_avg:1895.80ms
step:820/3250 train_time:1554.483s step_avg:1895.71ms
step:821/3250 train_time:1556.310s step_avg:1895.63ms
step:822/3250 train_time:1558.137s step_avg:1895.54ms
step:823/3250 train_time:1559.963s step_avg:1895.46ms
step:824/3250 train_time:1561.790s step_avg:1895.38ms
step:825/3250 train_time:1563.892s step_avg:1895.63ms
step:826/3250 train_time:1565.719s step_avg:1895.54ms
step:827/3250 train_time:1567.547s step_avg:1895.46ms
step:828/3250 train_time:1569.375s step_avg:1895.38ms
step:829/3250 train_time:1571.203s step_avg:1895.30ms
step:830/3250 train_time:1573.032s step_avg:1895.22ms
step:831/3250 train_time:1574.860s step_avg:1895.14ms
step:832/3250 train_time:1576.687s step_avg:1895.06ms
step:833/3250 train_time:1579.347s step_avg:1895.97ms
step:834/3250 train_time:1581.174s step_avg:1895.89ms
step:835/3250 train_time:1583.001s step_avg:1895.81ms
step:836/3250 train_time:1584.827s step_avg:1895.73ms
step:837/3250 train_time:1586.655s step_avg:1895.64ms
step:838/3250 train_time:1588.481s step_avg:1895.56ms
step:839/3250 train_time:1590.307s step_avg:1895.48ms
step:840/3250 train_time:1592.134s step_avg:1895.40ms
step:841/3250 train_time:1593.962s step_avg:1895.32ms
step:842/3250 train_time:1595.788s step_avg:1895.24ms
step:843/3250 train_time:1597.615s step_avg:1895.15ms
step:844/3250 train_time:1599.443s step_avg:1895.07ms
step:845/3250 train_time:1601.270s step_avg:1894.99ms
step:846/3250 train_time:1603.097s step_avg:1894.91ms
step:847/3250 train_time:1604.923s step_avg:1894.83ms
step:848/3250 train_time:1606.751s step_avg:1894.75ms
step:849/3250 train_time:1609.412s step_avg:1895.66ms
step:850/3250 train_time:1611.511s step_avg:1895.90ms
step:851/3250 train_time:1613.337s step_avg:1895.81ms
step:852/3250 train_time:1615.164s step_avg:1895.73ms
step:853/3250 train_time:1616.992s step_avg:1895.65ms
step:854/3250 train_time:1618.819s step_avg:1895.57ms
step:855/3250 train_time:1620.645s step_avg:1895.49ms
step:856/3250 train_time:1622.471s step_avg:1895.41ms
step:857/3250 train_time:1624.299s step_avg:1895.33ms
step:858/3250 train_time:1626.126s step_avg:1895.25ms
step:859/3250 train_time:1627.953s step_avg:1895.17ms
step:860/3250 train_time:1629.780s step_avg:1895.09ms
step:861/3250 train_time:1631.608s step_avg:1895.01ms
step:862/3250 train_time:1633.435s step_avg:1894.94ms
step:863/3250 train_time:1635.262s step_avg:1894.86ms
step:864/3250 train_time:1637.091s step_avg:1894.78ms
step:865/3250 train_time:1639.752s step_avg:1895.67ms
step:866/3250 train_time:1641.580s step_avg:1895.59ms
step:867/3250 train_time:1643.409s step_avg:1895.51ms
step:868/3250 train_time:1645.237s step_avg:1895.43ms
step:869/3250 train_time:1647.065s step_avg:1895.36ms
step:870/3250 train_time:1648.892s step_avg:1895.28ms
step:871/3250 train_time:1650.721s step_avg:1895.20ms
step:872/3250 train_time:1652.548s step_avg:1895.12ms
step:873/3250 train_time:1654.376s step_avg:1895.05ms
step:874/3250 train_time:1656.204s step_avg:1894.97ms
step:875/3250 train_time:1658.372s step_avg:1895.28ms
step:875/3250 val_loss:3.67925 train_time:1658.372s step_avg:1892.53ms
step:876/3250 train_time:1660.202s step_avg:1895.21ms
step:877/3250 train_time:1662.031s step_avg:1895.13ms
step:878/3250 train_time:1663.860s step_avg:1895.06ms
step:879/3250 train_time:1665.689s step_avg:1894.98ms
step:880/3250 train_time:1667.518s step_avg:1894.91ms
step:881/3250 train_time:1670.181s step_avg:1895.78ms
step:882/3250 train_time:1672.008s step_avg:1895.70ms
step:883/3250 train_time:1673.835s step_avg:1895.62ms
step:884/3250 train_time:1675.663s step_avg:1895.55ms
step:885/3250 train_time:1677.491s step_avg:1895.47ms
step:886/3250 train_time:1679.318s step_avg:1895.39ms
step:887/3250 train_time:1681.146s step_avg:1895.32ms
step:888/3250 train_time:1682.976s step_avg:1895.24ms
step:889/3250 train_time:1684.805s step_avg:1895.17ms
step:890/3250 train_time:1686.633s step_avg:1895.09ms
step:891/3250 train_time:1688.460s step_avg:1895.02ms
step:892/3250 train_time:1690.287s step_avg:1894.94ms
step:893/3250 train_time:1692.115s step_avg:1894.87ms
step:894/3250 train_time:1693.943s step_avg:1894.79ms
step:895/3250 train_time:1695.772s step_avg:1894.72ms
step:896/3250 train_time:1697.599s step_avg:1894.64ms
step:897/3250 train_time:1700.260s step_avg:1895.50ms
step:898/3250 train_time:1702.087s step_avg:1895.42ms
step:899/3250 train_time:1703.915s step_avg:1895.34ms
step:900/3250 train_time:1706.017s step_avg:1895.57ms
step:901/3250 train_time:1707.845s step_avg:1895.50ms
step:902/3250 train_time:1709.672s step_avg:1895.42ms
step:903/3250 train_time:1711.500s step_avg:1895.35ms
step:904/3250 train_time:1713.327s step_avg:1895.27ms
step:905/3250 train_time:1715.155s step_avg:1895.20ms
step:906/3250 train_time:1716.983s step_avg:1895.12ms
step:907/3250 train_time:1718.810s step_avg:1895.05ms
step:908/3250 train_time:1720.637s step_avg:1894.98ms
step:909/3250 train_time:1722.466s step_avg:1894.90ms
step:910/3250 train_time:1724.294s step_avg:1894.83ms
step:911/3250 train_time:1726.121s step_avg:1894.75ms
step:912/3250 train_time:1727.948s step_avg:1894.68ms
step:913/3250 train_time:1730.609s step_avg:1895.52ms
step:914/3250 train_time:1732.436s step_avg:1895.44ms
step:915/3250 train_time:1734.265s step_avg:1895.37ms
step:916/3250 train_time:1736.093s step_avg:1895.30ms
step:917/3250 train_time:1737.921s step_avg:1895.22ms
step:918/3250 train_time:1739.749s step_avg:1895.15ms
step:919/3250 train_time:1741.575s step_avg:1895.08ms
step:920/3250 train_time:1743.402s step_avg:1895.00ms
step:921/3250 train_time:1745.229s step_avg:1894.93ms
step:922/3250 train_time:1747.055s step_avg:1894.85ms
step:923/3250 train_time:1748.883s step_avg:1894.78ms
step:924/3250 train_time:1750.710s step_avg:1894.71ms
step:925/3250 train_time:1752.811s step_avg:1894.93ms
step:926/3250 train_time:1754.638s step_avg:1894.86ms
step:927/3250 train_time:1756.465s step_avg:1894.78ms
step:928/3250 train_time:1758.292s step_avg:1894.71ms
step:929/3250 train_time:1760.953s step_avg:1895.54ms
step:930/3250 train_time:1762.779s step_avg:1895.46ms
step:931/3250 train_time:1764.607s step_avg:1895.39ms
step:932/3250 train_time:1766.434s step_avg:1895.32ms
step:933/3250 train_time:1768.260s step_avg:1895.24ms
step:934/3250 train_time:1770.086s step_avg:1895.17ms
step:935/3250 train_time:1771.912s step_avg:1895.09ms
step:936/3250 train_time:1773.739s step_avg:1895.02ms
step:937/3250 train_time:1775.567s step_avg:1894.95ms
step:938/3250 train_time:1777.394s step_avg:1894.88ms
step:939/3250 train_time:1779.221s step_avg:1894.80ms
step:940/3250 train_time:1781.050s step_avg:1894.73ms
step:941/3250 train_time:1782.877s step_avg:1894.66ms
step:942/3250 train_time:1784.704s step_avg:1894.59ms
step:943/3250 train_time:1786.531s step_avg:1894.52ms
step:944/3250 train_time:1788.358s step_avg:1894.45ms
step:945/3250 train_time:1791.019s step_avg:1895.26ms
step:946/3250 train_time:1792.845s step_avg:1895.18ms
step:947/3250 train_time:1794.672s step_avg:1895.11ms
step:948/3250 train_time:1796.498s step_avg:1895.04ms
step:949/3250 train_time:1798.325s step_avg:1894.97ms
step:950/3250 train_time:1800.423s step_avg:1895.18ms
step:951/3250 train_time:1802.285s step_avg:1895.15ms
step:952/3250 train_time:1804.113s step_avg:1895.08ms
step:953/3250 train_time:1805.939s step_avg:1895.00ms
step:954/3250 train_time:1807.767s step_avg:1894.93ms
step:955/3250 train_time:1809.595s step_avg:1894.86ms
step:956/3250 train_time:1811.423s step_avg:1894.79ms
step:957/3250 train_time:1813.250s step_avg:1894.72ms
step:958/3250 train_time:1815.079s step_avg:1894.65ms
step:959/3250 train_time:1816.907s step_avg:1894.58ms
step:960/3250 train_time:1818.733s step_avg:1894.51ms
step:961/3250 train_time:1821.395s step_avg:1895.31ms
step:962/3250 train_time:1823.222s step_avg:1895.24ms
step:963/3250 train_time:1825.050s step_avg:1895.17ms
step:964/3250 train_time:1826.876s step_avg:1895.10ms
step:965/3250 train_time:1828.704s step_avg:1895.03ms
step:966/3250 train_time:1830.531s step_avg:1894.96ms
step:967/3250 train_time:1832.358s step_avg:1894.89ms
step:968/3250 train_time:1834.185s step_avg:1894.82ms
step:969/3250 train_time:1836.014s step_avg:1894.75ms
step:970/3250 train_time:1837.841s step_avg:1894.68ms
step:971/3250 train_time:1839.669s step_avg:1894.61ms
step:972/3250 train_time:1841.496s step_avg:1894.54ms
step:973/3250 train_time:1843.324s step_avg:1894.47ms
step:974/3250 train_time:1845.153s step_avg:1894.41ms
step:975/3250 train_time:1847.253s step_avg:1894.62ms
step:976/3250 train_time:1849.081s step_avg:1894.55ms
step:977/3250 train_time:1851.742s step_avg:1895.33ms
step:978/3250 train_time:1853.570s step_avg:1895.27ms
step:979/3250 train_time:1855.399s step_avg:1895.20ms
step:980/3250 train_time:1857.226s step_avg:1895.13ms
step:981/3250 train_time:1859.054s step_avg:1895.06ms
step:982/3250 train_time:1860.882s step_avg:1894.99ms
step:983/3250 train_time:1862.709s step_avg:1894.92ms
step:984/3250 train_time:1864.537s step_avg:1894.85ms
step:985/3250 train_time:1866.364s step_avg:1894.79ms
step:986/3250 train_time:1868.191s step_avg:1894.72ms
step:987/3250 train_time:1870.018s step_avg:1894.65ms
step:988/3250 train_time:1871.845s step_avg:1894.58ms
step:989/3250 train_time:1873.673s step_avg:1894.51ms
step:990/3250 train_time:1875.501s step_avg:1894.45ms
step:991/3250 train_time:1877.327s step_avg:1894.38ms
step:992/3250 train_time:1879.154s step_avg:1894.31ms
step:993/3250 train_time:1881.815s step_avg:1895.08ms
step:994/3250 train_time:1883.641s step_avg:1895.01ms
step:995/3250 train_time:1885.469s step_avg:1894.94ms
step:996/3250 train_time:1887.295s step_avg:1894.87ms
step:997/3250 train_time:1889.122s step_avg:1894.81ms
step:998/3250 train_time:1890.948s step_avg:1894.74ms
step:999/3250 train_time:1892.774s step_avg:1894.67ms
step:1000/3250 train_time:1894.939s step_avg:1894.94ms
step:1000/3250 val_loss:3.64375 train_time:1894.940s step_avg:1892.54ms
step:1001/3250 train_time:1896.768s step_avg:1894.87ms
step:1002/3250 train_time:1898.594s step_avg:1894.80ms
step:1003/3250 train_time:1900.421s step_avg:1894.74ms
step:1004/3250 train_time:1902.247s step_avg:1894.67ms
step:1005/3250 train_time:1904.075s step_avg:1894.60ms
step:1006/3250 train_time:1905.902s step_avg:1894.54ms
step:1007/3250 train_time:1907.729s step_avg:1894.47ms
step:1008/3250 train_time:1909.555s step_avg:1894.40ms
step:1009/3250 train_time:1912.217s step_avg:1895.16ms
step:1010/3250 train_time:1914.044s step_avg:1895.09ms
step:1011/3250 train_time:1915.871s step_avg:1895.03ms
step:1012/3250 train_time:1917.697s step_avg:1894.96ms
step:1013/3250 train_time:1919.523s step_avg:1894.89ms
step:1014/3250 train_time:1921.349s step_avg:1894.82ms
step:1015/3250 train_time:1923.177s step_avg:1894.76ms
step:1016/3250 train_time:1925.004s step_avg:1894.69ms
step:1017/3250 train_time:1926.830s step_avg:1894.62ms
step:1018/3250 train_time:1928.657s step_avg:1894.55ms
step:1019/3250 train_time:1930.483s step_avg:1894.49ms
step:1020/3250 train_time:1932.310s step_avg:1894.42ms
step:1021/3250 train_time:1934.138s step_avg:1894.36ms
step:1022/3250 train_time:1935.964s step_avg:1894.29ms
step:1023/3250 train_time:1937.790s step_avg:1894.22ms
step:1024/3250 train_time:1939.617s step_avg:1894.16ms
step:1025/3250 train_time:1942.552s step_avg:1895.17ms
step:1026/3250 train_time:1944.379s step_avg:1895.11ms
step:1027/3250 train_time:1946.205s step_avg:1895.04ms
step:1028/3250 train_time:1948.032s step_avg:1894.97ms
step:1029/3250 train_time:1949.858s step_avg:1894.91ms
step:1030/3250 train_time:1951.684s step_avg:1894.84ms
step:1031/3250 train_time:1953.511s step_avg:1894.77ms
step:1032/3250 train_time:1955.338s step_avg:1894.71ms
step:1033/3250 train_time:1957.165s step_avg:1894.64ms
step:1034/3250 train_time:1958.990s step_avg:1894.57ms
step:1035/3250 train_time:1960.816s step_avg:1894.51ms
step:1036/3250 train_time:1962.644s step_avg:1894.44ms
step:1037/3250 train_time:1964.471s step_avg:1894.38ms
step:1038/3250 train_time:1966.297s step_avg:1894.31ms
step:1039/3250 train_time:1968.123s step_avg:1894.25ms
step:1040/3250 train_time:1969.950s step_avg:1894.18ms
step:1041/3250 train_time:1972.611s step_avg:1894.92ms
step:1042/3250 train_time:1974.437s step_avg:1894.85ms
step:1043/3250 train_time:1976.264s step_avg:1894.79ms
step:1044/3250 train_time:1978.090s step_avg:1894.72ms
step:1045/3250 train_time:1979.917s step_avg:1894.66ms
step:1046/3250 train_time:1981.743s step_avg:1894.59ms
step:1047/3250 train_time:1983.571s step_avg:1894.53ms
step:1048/3250 train_time:1985.398s step_avg:1894.46ms
step:1049/3250 train_time:1987.223s step_avg:1894.40ms
step:1050/3250 train_time:1989.322s step_avg:1894.59ms
step:1051/3250 train_time:1991.148s step_avg:1894.53ms
step:1052/3250 train_time:1992.976s step_avg:1894.46ms
step:1053/3250 train_time:1994.803s step_avg:1894.40ms
step:1054/3250 train_time:1996.629s step_avg:1894.33ms
step:1055/3250 train_time:1998.456s step_avg:1894.27ms
step:1056/3250 train_time:2000.284s step_avg:1894.21ms
step:1057/3250 train_time:2002.945s step_avg:1894.93ms
step:1058/3250 train_time:2004.771s step_avg:1894.87ms
step:1059/3250 train_time:2006.597s step_avg:1894.80ms
step:1060/3250 train_time:2008.425s step_avg:1894.74ms
step:1061/3250 train_time:2010.252s step_avg:1894.68ms
step:1062/3250 train_time:2012.078s step_avg:1894.61ms
step:1063/3250 train_time:2013.905s step_avg:1894.55ms
step:1064/3250 train_time:2015.732s step_avg:1894.48ms
step:1065/3250 train_time:2017.558s step_avg:1894.42ms
step:1066/3250 train_time:2019.384s step_avg:1894.36ms
step:1067/3250 train_time:2021.212s step_avg:1894.29ms
step:1068/3250 train_time:2023.040s step_avg:1894.23ms
step:1069/3250 train_time:2024.867s step_avg:1894.17ms
step:1070/3250 train_time:2026.693s step_avg:1894.11ms
step:1071/3250 train_time:2028.520s step_avg:1894.04ms
step:1072/3250 train_time:2030.348s step_avg:1893.98ms
step:1073/3250 train_time:2033.009s step_avg:1894.70ms
step:1074/3250 train_time:2034.836s step_avg:1894.63ms
step:1075/3250 train_time:2036.936s step_avg:1894.82ms
step:1076/3250 train_time:2038.763s step_avg:1894.76ms
step:1077/3250 train_time:2040.589s step_avg:1894.70ms
step:1078/3250 train_time:2042.416s step_avg:1894.63ms
step:1079/3250 train_time:2044.243s step_avg:1894.57ms
step:1080/3250 train_time:2046.070s step_avg:1894.51ms
step:1081/3250 train_time:2047.896s step_avg:1894.45ms
step:1082/3250 train_time:2049.724s step_avg:1894.38ms
step:1083/3250 train_time:2051.551s step_avg:1894.32ms
step:1084/3250 train_time:2053.379s step_avg:1894.26ms
step:1085/3250 train_time:2055.205s step_avg:1894.20ms
step:1086/3250 train_time:2057.031s step_avg:1894.14ms
step:1087/3250 train_time:2058.858s step_avg:1894.07ms
step:1088/3250 train_time:2060.685s step_avg:1894.01ms
step:1089/3250 train_time:2063.345s step_avg:1894.72ms
step:1090/3250 train_time:2065.172s step_avg:1894.65ms
step:1091/3250 train_time:2066.999s step_avg:1894.59ms
step:1092/3250 train_time:2068.825s step_avg:1894.53ms
step:1093/3250 train_time:2070.652s step_avg:1894.47ms
step:1094/3250 train_time:2072.482s step_avg:1894.41ms
step:1095/3250 train_time:2074.310s step_avg:1894.35ms
step:1096/3250 train_time:2076.136s step_avg:1894.28ms
step:1097/3250 train_time:2077.963s step_avg:1894.22ms
step:1098/3250 train_time:2079.790s step_avg:1894.16ms
step:1099/3250 train_time:2081.617s step_avg:1894.10ms
step:1100/3250 train_time:2083.718s step_avg:1894.29ms
step:1101/3250 train_time:2085.545s step_avg:1894.23ms
step:1102/3250 train_time:2087.371s step_avg:1894.17ms
step:1103/3250 train_time:2089.198s step_avg:1894.11ms
step:1104/3250 train_time:2091.026s step_avg:1894.05ms
step:1105/3250 train_time:2093.686s step_avg:1894.74ms
step:1106/3250 train_time:2095.513s step_avg:1894.68ms
step:1107/3250 train_time:2097.340s step_avg:1894.62ms
step:1108/3250 train_time:2099.167s step_avg:1894.55ms
step:1109/3250 train_time:2100.994s step_avg:1894.49ms
step:1110/3250 train_time:2102.821s step_avg:1894.43ms
step:1111/3250 train_time:2104.648s step_avg:1894.37ms
step:1112/3250 train_time:2106.474s step_avg:1894.31ms
step:1113/3250 train_time:2108.300s step_avg:1894.25ms
step:1114/3250 train_time:2110.128s step_avg:1894.19ms
step:1115/3250 train_time:2111.955s step_avg:1894.13ms
step:1116/3250 train_time:2113.782s step_avg:1894.07ms
step:1117/3250 train_time:2115.609s step_avg:1894.01ms
step:1118/3250 train_time:2117.435s step_avg:1893.95ms
step:1119/3250 train_time:2119.262s step_avg:1893.89ms
step:1120/3250 train_time:2121.090s step_avg:1893.83ms
step:1121/3250 train_time:2123.751s step_avg:1894.52ms
step:1122/3250 train_time:2125.579s step_avg:1894.46ms
step:1123/3250 train_time:2127.406s step_avg:1894.40ms
step:1124/3250 train_time:2129.233s step_avg:1894.34ms
step:1125/3250 train_time:2131.398s step_avg:1894.58ms
step:1125/3250 val_loss:3.61699 train_time:2131.398s step_avg:1891.67ms
step:1126/3250 train_time:2133.227s step_avg:1894.52ms
step:1127/3250 train_time:2135.055s step_avg:1894.46ms
step:1128/3250 train_time:2136.883s step_avg:1894.40ms
step:1129/3250 train_time:2138.710s step_avg:1894.34ms
step:1130/3250 train_time:2140.539s step_avg:1894.28ms
step:1131/3250 train_time:2142.368s step_avg:1894.22ms
step:1132/3250 train_time:2144.195s step_avg:1894.17ms
step:1133/3250 train_time:2146.023s step_avg:1894.11ms
step:1134/3250 train_time:2147.851s step_avg:1894.05ms
step:1135/3250 train_time:2149.678s step_avg:1893.99ms
step:1136/3250 train_time:2151.506s step_avg:1893.93ms
step:1137/3250 train_time:2154.168s step_avg:1894.61ms
step:1138/3250 train_time:2155.993s step_avg:1894.55ms
step:1139/3250 train_time:2157.820s step_avg:1894.49ms
step:1140/3250 train_time:2159.647s step_avg:1894.43ms
step:1141/3250 train_time:2161.511s step_avg:1894.40ms
step:1142/3250 train_time:2163.337s step_avg:1894.34ms
step:1143/3250 train_time:2165.164s step_avg:1894.28ms
step:1144/3250 train_time:2166.991s step_avg:1894.22ms
step:1145/3250 train_time:2168.818s step_avg:1894.16ms
step:1146/3250 train_time:2170.646s step_avg:1894.11ms
step:1147/3250 train_time:2172.475s step_avg:1894.05ms
step:1148/3250 train_time:2174.302s step_avg:1893.99ms
step:1149/3250 train_time:2176.129s step_avg:1893.93ms
step:1150/3250 train_time:2178.229s step_avg:1894.11ms
step:1151/3250 train_time:2180.056s step_avg:1894.05ms
step:1152/3250 train_time:2181.884s step_avg:1894.00ms
step:1153/3250 train_time:2184.544s step_avg:1894.66ms
step:1154/3250 train_time:2186.370s step_avg:1894.60ms
step:1155/3250 train_time:2188.197s step_avg:1894.54ms
step:1156/3250 train_time:2190.024s step_avg:1894.48ms
step:1157/3250 train_time:2191.851s step_avg:1894.43ms
step:1158/3250 train_time:2193.677s step_avg:1894.37ms
step:1159/3250 train_time:2195.503s step_avg:1894.31ms
step:1160/3250 train_time:2197.332s step_avg:1894.25ms
step:1161/3250 train_time:2199.159s step_avg:1894.19ms
step:1162/3250 train_time:2200.986s step_avg:1894.14ms
step:1163/3250 train_time:2202.813s step_avg:1894.08ms
step:1164/3250 train_time:2204.640s step_avg:1894.02ms
step:1165/3250 train_time:2206.466s step_avg:1893.96ms
step:1166/3250 train_time:2208.293s step_avg:1893.90ms
step:1167/3250 train_time:2210.121s step_avg:1893.85ms
step:1168/3250 train_time:2211.950s step_avg:1893.79ms
step:1169/3250 train_time:2214.611s step_avg:1894.45ms
step:1170/3250 train_time:2216.437s step_avg:1894.39ms
step:1171/3250 train_time:2218.263s step_avg:1894.33ms
step:1172/3250 train_time:2220.089s step_avg:1894.27ms
step:1173/3250 train_time:2221.917s step_avg:1894.22ms
step:1174/3250 train_time:2223.744s step_avg:1894.16ms
step:1175/3250 train_time:2225.843s step_avg:1894.33ms
step:1176/3250 train_time:2227.669s step_avg:1894.28ms
step:1177/3250 train_time:2229.496s step_avg:1894.22ms
step:1178/3250 train_time:2231.322s step_avg:1894.16ms
step:1179/3250 train_time:2233.149s step_avg:1894.10ms
step:1180/3250 train_time:2234.976s step_avg:1894.05ms
step:1181/3250 train_time:2236.802s step_avg:1893.99ms
step:1182/3250 train_time:2238.629s step_avg:1893.93ms
step:1183/3250 train_time:2240.457s step_avg:1893.88ms
step:1184/3250 train_time:2242.284s step_avg:1893.82ms
step:1185/3250 train_time:2244.945s step_avg:1894.47ms
step:1186/3250 train_time:2246.771s step_avg:1894.41ms
step:1187/3250 train_time:2248.597s step_avg:1894.35ms
step:1188/3250 train_time:2250.423s step_avg:1894.30ms
step:1189/3250 train_time:2252.250s step_avg:1894.24ms
step:1190/3250 train_time:2254.077s step_avg:1894.18ms
step:1191/3250 train_time:2255.904s step_avg:1894.13ms
step:1192/3250 train_time:2257.730s step_avg:1894.07ms
step:1193/3250 train_time:2259.556s step_avg:1894.01ms
step:1194/3250 train_time:2261.384s step_avg:1893.96ms
step:1195/3250 train_time:2263.210s step_avg:1893.90ms
step:1196/3250 train_time:2265.036s step_avg:1893.84ms
step:1197/3250 train_time:2266.863s step_avg:1893.79ms
step:1198/3250 train_time:2268.691s step_avg:1893.73ms
step:1199/3250 train_time:2270.519s step_avg:1893.68ms
step:1200/3250 train_time:2272.619s step_avg:1893.85ms
step:1201/3250 train_time:2275.279s step_avg:1894.49ms
step:1202/3250 train_time:2277.106s step_avg:1894.43ms
step:1203/3250 train_time:2278.932s step_avg:1894.37ms
step:1204/3250 train_time:2280.764s step_avg:1894.32ms
step:1205/3250 train_time:2282.591s step_avg:1894.27ms
step:1206/3250 train_time:2284.419s step_avg:1894.21ms
step:1207/3250 train_time:2286.246s step_avg:1894.16ms
step:1208/3250 train_time:2288.073s step_avg:1894.10ms
step:1209/3250 train_time:2289.899s step_avg:1894.04ms
step:1210/3250 train_time:2291.728s step_avg:1893.99ms
step:1211/3250 train_time:2293.554s step_avg:1893.93ms
step:1212/3250 train_time:2295.382s step_avg:1893.88ms
step:1213/3250 train_time:2297.208s step_avg:1893.82ms
step:1214/3250 train_time:2299.036s step_avg:1893.77ms
step:1215/3250 train_time:2300.866s step_avg:1893.72ms
step:1216/3250 train_time:2302.694s step_avg:1893.66ms
step:1217/3250 train_time:2305.355s step_avg:1894.29ms
step:1218/3250 train_time:2307.182s step_avg:1894.24ms
step:1219/3250 train_time:2309.008s step_avg:1894.18ms
step:1220/3250 train_time:2310.835s step_avg:1894.13ms
step:1221/3250 train_time:2312.661s step_avg:1894.07ms
step:1222/3250 train_time:2314.488s step_avg:1894.02ms
step:1223/3250 train_time:2316.315s step_avg:1893.96ms
step:1224/3250 train_time:2318.141s step_avg:1893.91ms
step:1225/3250 train_time:2320.241s step_avg:1894.07ms
step:1226/3250 train_time:2322.068s step_avg:1894.02ms
step:1227/3250 train_time:2323.896s step_avg:1893.97ms
step:1228/3250 train_time:2325.724s step_avg:1893.91ms
step:1229/3250 train_time:2327.550s step_avg:1893.86ms
step:1230/3250 train_time:2329.379s step_avg:1893.80ms
step:1231/3250 train_time:2331.206s step_avg:1893.75ms
step:1232/3250 train_time:2333.033s step_avg:1893.70ms
step:1233/3250 train_time:2335.693s step_avg:1894.32ms
step:1234/3250 train_time:2337.520s step_avg:1894.26ms
step:1235/3250 train_time:2339.346s step_avg:1894.21ms
step:1236/3250 train_time:2341.172s step_avg:1894.15ms
step:1237/3250 train_time:2343.000s step_avg:1894.10ms
step:1238/3250 train_time:2344.826s step_avg:1894.04ms
step:1239/3250 train_time:2346.652s step_avg:1893.99ms
step:1240/3250 train_time:2348.478s step_avg:1893.93ms
step:1241/3250 train_time:2350.306s step_avg:1893.88ms
step:1242/3250 train_time:2352.133s step_avg:1893.83ms
step:1243/3250 train_time:2353.959s step_avg:1893.77ms
step:1244/3250 train_time:2355.786s step_avg:1893.72ms
step:1245/3250 train_time:2357.613s step_avg:1893.67ms
step:1246/3250 train_time:2359.441s step_avg:1893.61ms
step:1247/3250 train_time:2361.268s step_avg:1893.56ms
step:1248/3250 train_time:2363.094s step_avg:1893.50ms
step:1249/3250 train_time:2365.754s step_avg:1894.12ms
step:1250/3250 train_time:2367.922s step_avg:1894.34ms
step:1250/3250 val_loss:3.58721 train_time:2367.923s step_avg:1892.20ms
step:1251/3250 train_time:2369.750s step_avg:1894.28ms
step:1252/3250 train_time:2371.578s step_avg:1894.23ms
step:1253/3250 train_time:2373.404s step_avg:1894.18ms
step:1254/3250 train_time:2375.232s step_avg:1894.12ms
step:1255/3250 train_time:2377.060s step_avg:1894.07ms
step:1256/3250 train_time:2378.888s step_avg:1894.02ms
step:1257/3250 train_time:2380.716s step_avg:1893.97ms
step:1258/3250 train_time:2382.545s step_avg:1893.92ms
step:1259/3250 train_time:2384.372s step_avg:1893.86ms
step:1260/3250 train_time:2386.200s step_avg:1893.81ms
step:1261/3250 train_time:2388.028s step_avg:1893.76ms
step:1262/3250 train_time:2389.856s step_avg:1893.71ms
step:1263/3250 train_time:2391.684s step_avg:1893.65ms
step:1264/3250 train_time:2393.511s step_avg:1893.60ms
step:1265/3250 train_time:2396.173s step_avg:1894.21ms
step:1266/3250 train_time:2397.999s step_avg:1894.15ms
step:1267/3250 train_time:2399.827s step_avg:1894.10ms
step:1268/3250 train_time:2401.654s step_avg:1894.05ms
step:1269/3250 train_time:2403.480s step_avg:1894.00ms
step:1270/3250 train_time:2405.306s step_avg:1893.94ms
step:1271/3250 train_time:2407.133s step_avg:1893.89ms
step:1272/3250 train_time:2408.960s step_avg:1893.84ms
step:1273/3250 train_time:2410.788s step_avg:1893.78ms
step:1274/3250 train_time:2412.614s step_avg:1893.73ms
step:1275/3250 train_time:2414.717s step_avg:1893.90ms
step:1276/3250 train_time:2416.542s step_avg:1893.84ms
step:1277/3250 train_time:2418.371s step_avg:1893.79ms
step:1278/3250 train_time:2420.199s step_avg:1893.74ms
step:1279/3250 train_time:2422.026s step_avg:1893.69ms
step:1280/3250 train_time:2423.854s step_avg:1893.64ms
step:1281/3250 train_time:2426.514s step_avg:1894.23ms
step:1282/3250 train_time:2428.342s step_avg:1894.18ms
step:1283/3250 train_time:2430.173s step_avg:1894.13ms
step:1284/3250 train_time:2432.001s step_avg:1894.08ms
step:1285/3250 train_time:2433.828s step_avg:1894.03ms
step:1286/3250 train_time:2435.656s step_avg:1893.98ms
step:1287/3250 train_time:2437.483s step_avg:1893.93ms
step:1288/3250 train_time:2439.311s step_avg:1893.87ms
step:1289/3250 train_time:2441.138s step_avg:1893.82ms
step:1290/3250 train_time:2442.965s step_avg:1893.77ms
step:1291/3250 train_time:2444.794s step_avg:1893.72ms
step:1292/3250 train_time:2446.621s step_avg:1893.67ms
step:1293/3250 train_time:2448.448s step_avg:1893.62ms
step:1294/3250 train_time:2450.277s step_avg:1893.57ms
step:1295/3250 train_time:2452.106s step_avg:1893.52ms
step:1296/3250 train_time:2453.933s step_avg:1893.47ms
step:1297/3250 train_time:2456.594s step_avg:1894.06ms
step:1298/3250 train_time:2458.420s step_avg:1894.01ms
step:1299/3250 train_time:2460.248s step_avg:1893.96ms
step:1300/3250 train_time:2462.347s step_avg:1894.11ms
step:1301/3250 train_time:2464.174s step_avg:1894.06ms
step:1302/3250 train_time:2466.001s step_avg:1894.01ms
step:1303/3250 train_time:2467.829s step_avg:1893.96ms
step:1304/3250 train_time:2469.656s step_avg:1893.91ms
step:1305/3250 train_time:2471.482s step_avg:1893.86ms
step:1306/3250 train_time:2473.308s step_avg:1893.80ms
step:1307/3250 train_time:2475.135s step_avg:1893.75ms
step:1308/3250 train_time:2476.961s step_avg:1893.70ms
step:1309/3250 train_time:2478.789s step_avg:1893.65ms
step:1310/3250 train_time:2480.617s step_avg:1893.60ms
step:1311/3250 train_time:2482.444s step_avg:1893.55ms
step:1312/3250 train_time:2484.271s step_avg:1893.50ms
step:1313/3250 train_time:2486.932s step_avg:1894.08ms
step:1314/3250 train_time:2488.759s step_avg:1894.03ms
step:1315/3250 train_time:2490.586s step_avg:1893.98ms
step:1316/3250 train_time:2492.412s step_avg:1893.93ms
step:1317/3250 train_time:2494.239s step_avg:1893.88ms
step:1318/3250 train_time:2496.065s step_avg:1893.83ms
step:1319/3250 train_time:2497.894s step_avg:1893.78ms
step:1320/3250 train_time:2499.721s step_avg:1893.73ms
step:1321/3250 train_time:2501.547s step_avg:1893.68ms
step:1322/3250 train_time:2503.374s step_avg:1893.63ms
step:1323/3250 train_time:2505.201s step_avg:1893.58ms
step:1324/3250 train_time:2507.029s step_avg:1893.53ms
step:1325/3250 train_time:2509.136s step_avg:1893.69ms
step:1326/3250 train_time:2510.963s step_avg:1893.64ms
step:1327/3250 train_time:2512.790s step_avg:1893.59ms
step:1328/3250 train_time:2514.619s step_avg:1893.54ms
step:1329/3250 train_time:2517.280s step_avg:1894.12ms
step:1330/3250 train_time:2519.108s step_avg:1894.07ms
step:1331/3250 train_time:2520.969s step_avg:1894.04ms
step:1332/3250 train_time:2522.797s step_avg:1893.99ms
step:1333/3250 train_time:2524.625s step_avg:1893.94ms
step:1334/3250 train_time:2526.452s step_avg:1893.89ms
step:1335/3250 train_time:2528.279s step_avg:1893.84ms
step:1336/3250 train_time:2530.107s step_avg:1893.79ms
step:1337/3250 train_time:2531.936s step_avg:1893.74ms
step:1338/3250 train_time:2533.763s step_avg:1893.69ms
step:1339/3250 train_time:2535.590s step_avg:1893.64ms
step:1340/3250 train_time:2537.418s step_avg:1893.60ms
step:1341/3250 train_time:2539.245s step_avg:1893.55ms
step:1342/3250 train_time:2541.074s step_avg:1893.50ms
step:1343/3250 train_time:2542.902s step_avg:1893.45ms
step:1344/3250 train_time:2544.729s step_avg:1893.40ms
step:1345/3250 train_time:2547.389s step_avg:1893.97ms
step:1346/3250 train_time:2549.217s step_avg:1893.92ms
step:1347/3250 train_time:2551.044s step_avg:1893.87ms
step:1348/3250 train_time:2552.870s step_avg:1893.82ms
step:1349/3250 train_time:2554.696s step_avg:1893.77ms
step:1350/3250 train_time:2556.796s step_avg:1893.92ms
step:1351/3250 train_time:2558.622s step_avg:1893.87ms
step:1352/3250 train_time:2560.449s step_avg:1893.82ms
step:1353/3250 train_time:2562.276s step_avg:1893.77ms
step:1354/3250 train_time:2564.101s step_avg:1893.72ms
step:1355/3250 train_time:2565.929s step_avg:1893.67ms
step:1356/3250 train_time:2567.759s step_avg:1893.63ms
step:1357/3250 train_time:2569.586s step_avg:1893.58ms
step:1358/3250 train_time:2571.413s step_avg:1893.53ms
step:1359/3250 train_time:2573.239s step_avg:1893.48ms
step:1360/3250 train_time:2575.068s step_avg:1893.43ms
step:1361/3250 train_time:2577.729s step_avg:1894.00ms
step:1362/3250 train_time:2579.557s step_avg:1893.95ms
step:1363/3250 train_time:2581.384s step_avg:1893.90ms
step:1364/3250 train_time:2583.211s step_avg:1893.85ms
step:1365/3250 train_time:2585.039s step_avg:1893.80ms
step:1366/3250 train_time:2586.866s step_avg:1893.75ms
step:1367/3250 train_time:2588.694s step_avg:1893.70ms
step:1368/3250 train_time:2590.521s step_avg:1893.66ms
step:1369/3250 train_time:2592.348s step_avg:1893.61ms
step:1370/3250 train_time:2594.175s step_avg:1893.56ms
step:1371/3250 train_time:2596.001s step_avg:1893.51ms
step:1372/3250 train_time:2597.828s step_avg:1893.46ms
step:1373/3250 train_time:2599.656s step_avg:1893.41ms
step:1374/3250 train_time:2601.483s step_avg:1893.36ms
step:1375/3250 train_time:2603.648s step_avg:1893.56ms
step:1375/3250 val_loss:3.55500 train_time:2603.648s step_avg:1885.80ms
step:1376/3250 train_time:2605.477s step_avg:1893.52ms
step:1377/3250 train_time:2608.138s step_avg:1894.07ms
step:1378/3250 train_time:2609.967s step_avg:1894.03ms
step:1379/3250 train_time:2611.794s step_avg:1893.98ms
step:1380/3250 train_time:2613.622s step_avg:1893.93ms
step:1381/3250 train_time:2615.449s step_avg:1893.88ms
step:1382/3250 train_time:2617.280s step_avg:1893.84ms
step:1383/3250 train_time:2619.108s step_avg:1893.79ms
step:1384/3250 train_time:2620.935s step_avg:1893.74ms
step:1385/3250 train_time:2622.761s step_avg:1893.69ms
step:1386/3250 train_time:2624.589s step_avg:1893.64ms
step:1387/3250 train_time:2626.416s step_avg:1893.60ms
step:1388/3250 train_time:2628.244s step_avg:1893.55ms
step:1389/3250 train_time:2630.071s step_avg:1893.50ms
step:1390/3250 train_time:2631.899s step_avg:1893.45ms
step:1391/3250 train_time:2633.726s step_avg:1893.40ms
step:1392/3250 train_time:2635.554s step_avg:1893.36ms
step:1393/3250 train_time:2638.215s step_avg:1893.91ms
step:1394/3250 train_time:2640.043s step_avg:1893.86ms
step:1395/3250 train_time:2641.870s step_avg:1893.81ms
step:1396/3250 train_time:2643.697s step_avg:1893.77ms
step:1397/3250 train_time:2645.524s step_avg:1893.72ms
step:1398/3250 train_time:2647.354s step_avg:1893.67ms
step:1399/3250 train_time:2649.181s step_avg:1893.62ms
step:1400/3250 train_time:2651.283s step_avg:1893.77ms
step:1401/3250 train_time:2653.109s step_avg:1893.73ms
step:1402/3250 train_time:2654.937s step_avg:1893.68ms
step:1403/3250 train_time:2656.763s step_avg:1893.63ms
step:1404/3250 train_time:2658.591s step_avg:1893.58ms
step:1405/3250 train_time:2660.417s step_avg:1893.54ms
step:1406/3250 train_time:2662.244s step_avg:1893.49ms
step:1407/3250 train_time:2664.072s step_avg:1893.44ms
step:1408/3250 train_time:2665.898s step_avg:1893.39ms
step:1409/3250 train_time:2668.559s step_avg:1893.94ms
step:1410/3250 train_time:2670.386s step_avg:1893.89ms
step:1411/3250 train_time:2672.212s step_avg:1893.84ms
step:1412/3250 train_time:2674.039s step_avg:1893.80ms
step:1413/3250 train_time:2675.866s step_avg:1893.75ms
step:1414/3250 train_time:2677.694s step_avg:1893.70ms
step:1415/3250 train_time:2679.521s step_avg:1893.65ms
step:1416/3250 train_time:2681.347s step_avg:1893.61ms
step:1417/3250 train_time:2683.174s step_avg:1893.56ms
step:1418/3250 train_time:2685.001s step_avg:1893.51ms
step:1419/3250 train_time:2686.826s step_avg:1893.46ms
step:1420/3250 train_time:2688.653s step_avg:1893.42ms
step:1421/3250 train_time:2690.479s step_avg:1893.37ms
step:1422/3250 train_time:2692.307s step_avg:1893.32ms
step:1423/3250 train_time:2694.132s step_avg:1893.28ms
step:1424/3250 train_time:2695.958s step_avg:1893.23ms
step:1425/3250 train_time:2698.896s step_avg:1893.96ms
step:1426/3250 train_time:2700.721s step_avg:1893.91ms
step:1427/3250 train_time:2702.547s step_avg:1893.87ms
step:1428/3250 train_time:2704.373s step_avg:1893.82ms
step:1429/3250 train_time:2706.199s step_avg:1893.77ms
step:1430/3250 train_time:2708.024s step_avg:1893.72ms
step:1431/3250 train_time:2709.850s step_avg:1893.68ms
step:1432/3250 train_time:2711.675s step_avg:1893.63ms
step:1433/3250 train_time:2713.502s step_avg:1893.58ms
step:1434/3250 train_time:2715.328s step_avg:1893.53ms
step:1435/3250 train_time:2717.156s step_avg:1893.49ms
step:1436/3250 train_time:2718.982s step_avg:1893.44ms
step:1437/3250 train_time:2720.810s step_avg:1893.40ms
step:1438/3250 train_time:2722.637s step_avg:1893.35ms
step:1439/3250 train_time:2724.464s step_avg:1893.30ms
step:1440/3250 train_time:2726.291s step_avg:1893.26ms
step:1441/3250 train_time:2728.951s step_avg:1893.79ms
step:1442/3250 train_time:2730.777s step_avg:1893.74ms
step:1443/3250 train_time:2732.603s step_avg:1893.70ms
step:1444/3250 train_time:2734.430s step_avg:1893.65ms
step:1445/3250 train_time:2736.256s step_avg:1893.60ms
step:1446/3250 train_time:2738.083s step_avg:1893.56ms
step:1447/3250 train_time:2739.909s step_avg:1893.51ms
step:1448/3250 train_time:2741.735s step_avg:1893.46ms
step:1449/3250 train_time:2743.562s step_avg:1893.42ms
step:1450/3250 train_time:2745.665s step_avg:1893.56ms
step:1451/3250 train_time:2747.493s step_avg:1893.52ms
step:1452/3250 train_time:2749.319s step_avg:1893.47ms
step:1453/3250 train_time:2751.145s step_avg:1893.42ms
step:1454/3250 train_time:2752.971s step_avg:1893.38ms
step:1455/3250 train_time:2754.799s step_avg:1893.33ms
step:1456/3250 train_time:2756.626s step_avg:1893.29ms
step:1457/3250 train_time:2759.287s step_avg:1893.81ms
step:1458/3250 train_time:2761.113s step_avg:1893.77ms
step:1459/3250 train_time:2762.939s step_avg:1893.72ms
step:1460/3250 train_time:2764.765s step_avg:1893.67ms
step:1461/3250 train_time:2766.592s step_avg:1893.63ms
step:1462/3250 train_time:2768.419s step_avg:1893.58ms
step:1463/3250 train_time:2770.245s step_avg:1893.54ms
step:1464/3250 train_time:2772.071s step_avg:1893.49ms
step:1465/3250 train_time:2773.897s step_avg:1893.44ms
step:1466/3250 train_time:2775.724s step_avg:1893.40ms
step:1467/3250 train_time:2777.550s step_avg:1893.35ms
step:1468/3250 train_time:2779.376s step_avg:1893.31ms
step:1469/3250 train_time:2781.204s step_avg:1893.26ms
step:1470/3250 train_time:2783.031s step_avg:1893.22ms
step:1471/3250 train_time:2784.857s step_avg:1893.17ms
step:1472/3250 train_time:2786.684s step_avg:1893.13ms
step:1473/3250 train_time:2789.345s step_avg:1893.65ms
step:1474/3250 train_time:2791.170s step_avg:1893.60ms
step:1475/3250 train_time:2793.269s step_avg:1893.74ms
step:1476/3250 train_time:2795.094s step_avg:1893.70ms
step:1477/3250 train_time:2796.921s step_avg:1893.65ms
step:1478/3250 train_time:2798.748s step_avg:1893.61ms
step:1479/3250 train_time:2800.574s step_avg:1893.56ms
step:1480/3250 train_time:2802.400s step_avg:1893.51ms
step:1481/3250 train_time:2804.227s step_avg:1893.47ms
step:1482/3250 train_time:2806.054s step_avg:1893.42ms
step:1483/3250 train_time:2807.881s step_avg:1893.38ms
step:1484/3250 train_time:2809.707s step_avg:1893.33ms
step:1485/3250 train_time:2811.533s step_avg:1893.29ms
step:1486/3250 train_time:2813.359s step_avg:1893.24ms
step:1487/3250 train_time:2815.185s step_avg:1893.20ms
step:1488/3250 train_time:2817.012s step_avg:1893.15ms
step:1489/3250 train_time:2819.673s step_avg:1893.67ms
step:1490/3250 train_time:2821.498s step_avg:1893.62ms
step:1491/3250 train_time:2823.323s step_avg:1893.58ms
step:1492/3250 train_time:2825.150s step_avg:1893.53ms
step:1493/3250 train_time:2826.977s step_avg:1893.49ms
step:1494/3250 train_time:2828.803s step_avg:1893.44ms
step:1495/3250 train_time:2830.629s step_avg:1893.40ms
step:1496/3250 train_time:2832.455s step_avg:1893.35ms
step:1497/3250 train_time:2834.281s step_avg:1893.31ms
step:1498/3250 train_time:2836.109s step_avg:1893.26ms
step:1499/3250 train_time:2837.935s step_avg:1893.22ms
step:1500/3250 train_time:2840.099s step_avg:1893.40ms
step:1500/3250 val_loss:3.52797 train_time:2840.099s step_avg:1891.61ms
step:1501/3250 train_time:2841.925s step_avg:1893.35ms
step:1502/3250 train_time:2843.753s step_avg:1893.31ms
step:1503/3250 train_time:2845.597s step_avg:1893.28ms
step:1504/3250 train_time:2847.424s step_avg:1893.23ms
step:1505/3250 train_time:2850.085s step_avg:1893.74ms
step:1506/3250 train_time:2851.910s step_avg:1893.70ms
step:1507/3250 train_time:2853.736s step_avg:1893.65ms
step:1508/3250 train_time:2855.565s step_avg:1893.61ms
step:1509/3250 train_time:2857.392s step_avg:1893.57ms
step:1510/3250 train_time:2859.218s step_avg:1893.52ms
step:1511/3250 train_time:2861.044s step_avg:1893.48ms
step:1512/3250 train_time:2862.870s step_avg:1893.43ms
step:1513/3250 train_time:2864.697s step_avg:1893.39ms
step:1514/3250 train_time:2866.524s step_avg:1893.34ms
step:1515/3250 train_time:2868.350s step_avg:1893.30ms
step:1516/3250 train_time:2870.177s step_avg:1893.26ms
step:1517/3250 train_time:2872.003s step_avg:1893.21ms
step:1518/3250 train_time:2873.830s step_avg:1893.17ms
step:1519/3250 train_time:2875.656s step_avg:1893.12ms
step:1520/3250 train_time:2877.482s step_avg:1893.08ms
step:1521/3250 train_time:2880.178s step_avg:1893.61ms
step:1522/3250 train_time:2882.004s step_avg:1893.56ms
step:1523/3250 train_time:2883.830s step_avg:1893.52ms
step:1524/3250 train_time:2885.656s step_avg:1893.48ms
step:1525/3250 train_time:2887.756s step_avg:1893.61ms
step:1526/3250 train_time:2889.581s step_avg:1893.57ms
step:1527/3250 train_time:2891.407s step_avg:1893.52ms
step:1528/3250 train_time:2893.233s step_avg:1893.48ms
step:1529/3250 train_time:2895.060s step_avg:1893.43ms
step:1530/3250 train_time:2896.887s step_avg:1893.39ms
step:1531/3250 train_time:2898.714s step_avg:1893.35ms
step:1532/3250 train_time:2900.541s step_avg:1893.30ms
step:1533/3250 train_time:2902.368s step_avg:1893.26ms
step:1534/3250 train_time:2904.194s step_avg:1893.22ms
step:1535/3250 train_time:2906.021s step_avg:1893.17ms
step:1536/3250 train_time:2907.848s step_avg:1893.13ms
step:1537/3250 train_time:2910.509s step_avg:1893.63ms
step:1538/3250 train_time:2912.336s step_avg:1893.59ms
step:1539/3250 train_time:2914.163s step_avg:1893.54ms
step:1540/3250 train_time:2915.990s step_avg:1893.50ms
step:1541/3250 train_time:2917.815s step_avg:1893.46ms
step:1542/3250 train_time:2919.642s step_avg:1893.41ms
step:1543/3250 train_time:2921.468s step_avg:1893.37ms
step:1544/3250 train_time:2923.294s step_avg:1893.33ms
step:1545/3250 train_time:2925.121s step_avg:1893.28ms
step:1546/3250 train_time:2926.947s step_avg:1893.24ms
step:1547/3250 train_time:2928.774s step_avg:1893.20ms
step:1548/3250 train_time:2930.600s step_avg:1893.15ms
step:1549/3250 train_time:2932.425s step_avg:1893.11ms
step:1550/3250 train_time:2934.523s step_avg:1893.24ms
step:1551/3250 train_time:2936.349s step_avg:1893.20ms
step:1552/3250 train_time:2938.176s step_avg:1893.15ms
step:1553/3250 train_time:2940.836s step_avg:1893.65ms
step:1554/3250 train_time:2942.662s step_avg:1893.60ms
step:1555/3250 train_time:2944.489s step_avg:1893.56ms
step:1556/3250 train_time:2946.317s step_avg:1893.52ms
step:1557/3250 train_time:2948.143s step_avg:1893.48ms
step:1558/3250 train_time:2949.969s step_avg:1893.43ms
step:1559/3250 train_time:2951.797s step_avg:1893.39ms
step:1560/3250 train_time:2953.624s step_avg:1893.35ms
step:1561/3250 train_time:2955.452s step_avg:1893.31ms
step:1562/3250 train_time:2957.279s step_avg:1893.26ms
step:1563/3250 train_time:2959.106s step_avg:1893.22ms
step:1564/3250 train_time:2960.933s step_avg:1893.18ms
step:1565/3250 train_time:2962.760s step_avg:1893.14ms
step:1566/3250 train_time:2964.587s step_avg:1893.10ms
step:1567/3250 train_time:2966.415s step_avg:1893.05ms
step:1568/3250 train_time:2968.242s step_avg:1893.01ms
step:1569/3250 train_time:2970.902s step_avg:1893.50ms
step:1570/3250 train_time:2972.730s step_avg:1893.46ms
step:1571/3250 train_time:2974.557s step_avg:1893.42ms
step:1572/3250 train_time:2976.384s step_avg:1893.37ms
step:1573/3250 train_time:2978.209s step_avg:1893.33ms
step:1574/3250 train_time:2980.035s step_avg:1893.29ms
step:1575/3250 train_time:2982.137s step_avg:1893.42ms
step:1576/3250 train_time:2983.964s step_avg:1893.38ms
step:1577/3250 train_time:2985.791s step_avg:1893.34ms
step:1578/3250 train_time:2987.618s step_avg:1893.29ms
step:1579/3250 train_time:2989.445s step_avg:1893.25ms
step:1580/3250 train_time:2991.271s step_avg:1893.21ms
step:1581/3250 train_time:2993.098s step_avg:1893.17ms
step:1582/3250 train_time:2994.923s step_avg:1893.12ms
step:1583/3250 train_time:2996.752s step_avg:1893.08ms
step:1584/3250 train_time:2998.579s step_avg:1893.04ms
step:1585/3250 train_time:3001.240s step_avg:1893.53ms
step:1586/3250 train_time:3003.066s step_avg:1893.48ms
step:1587/3250 train_time:3004.892s step_avg:1893.44ms
step:1588/3250 train_time:3006.718s step_avg:1893.40ms
step:1589/3250 train_time:3008.544s step_avg:1893.36ms
step:1590/3250 train_time:3010.372s step_avg:1893.32ms
step:1591/3250 train_time:3012.200s step_avg:1893.27ms
step:1592/3250 train_time:3014.025s step_avg:1893.23ms
step:1593/3250 train_time:3015.851s step_avg:1893.19ms
step:1594/3250 train_time:3017.677s step_avg:1893.15ms
step:1595/3250 train_time:3019.504s step_avg:1893.11ms
step:1596/3250 train_time:3021.330s step_avg:1893.06ms
step:1597/3250 train_time:3023.155s step_avg:1893.02ms
step:1598/3250 train_time:3024.981s step_avg:1892.98ms
step:1599/3250 train_time:3026.808s step_avg:1892.94ms
step:1600/3250 train_time:3028.911s step_avg:1893.07ms
step:1601/3250 train_time:3031.572s step_avg:1893.55ms
step:1602/3250 train_time:3033.398s step_avg:1893.51ms
step:1603/3250 train_time:3035.224s step_avg:1893.46ms
step:1604/3250 train_time:3037.050s step_avg:1893.42ms
step:1605/3250 train_time:3038.875s step_avg:1893.38ms
step:1606/3250 train_time:3040.700s step_avg:1893.34ms
step:1607/3250 train_time:3042.526s step_avg:1893.30ms
step:1608/3250 train_time:3044.351s step_avg:1893.25ms
step:1609/3250 train_time:3046.177s step_avg:1893.21ms
step:1610/3250 train_time:3048.004s step_avg:1893.17ms
step:1611/3250 train_time:3049.832s step_avg:1893.13ms
step:1612/3250 train_time:3051.657s step_avg:1893.09ms
step:1613/3250 train_time:3053.483s step_avg:1893.05ms
step:1614/3250 train_time:3055.308s step_avg:1893.00ms
step:1615/3250 train_time:3057.134s step_avg:1892.96ms
step:1616/3250 train_time:3058.960s step_avg:1892.92ms
step:1617/3250 train_time:3061.619s step_avg:1893.39ms
step:1618/3250 train_time:3063.445s step_avg:1893.35ms
step:1619/3250 train_time:3065.271s step_avg:1893.31ms
step:1620/3250 train_time:3067.098s step_avg:1893.27ms
step:1621/3250 train_time:3068.923s step_avg:1893.23ms
step:1622/3250 train_time:3070.748s step_avg:1893.19ms
step:1623/3250 train_time:3072.574s step_avg:1893.14ms
step:1624/3250 train_time:3074.399s step_avg:1893.10ms
step:1625/3250 train_time:3076.566s step_avg:1893.27ms
step:1625/3250 val_loss:3.50495 train_time:3076.567s step_avg:1891.74ms
step:1626/3250 train_time:3078.392s step_avg:1893.23ms
step:1627/3250 train_time:3080.217s step_avg:1893.19ms
step:1628/3250 train_time:3082.044s step_avg:1893.15ms
step:1629/3250 train_time:3083.873s step_avg:1893.11ms
step:1630/3250 train_time:3085.698s step_avg:1893.07ms
step:1631/3250 train_time:3087.523s step_avg:1893.02ms
step:1632/3250 train_time:3089.349s step_avg:1892.98ms
step:1633/3250 train_time:3092.008s step_avg:1893.45ms
step:1634/3250 train_time:3093.833s step_avg:1893.41ms
step:1635/3250 train_time:3095.659s step_avg:1893.37ms
step:1636/3250 train_time:3097.484s step_avg:1893.33ms
step:1637/3250 train_time:3099.309s step_avg:1893.29ms
step:1638/3250 train_time:3101.135s step_avg:1893.24ms
step:1639/3250 train_time:3102.962s step_avg:1893.20ms
step:1640/3250 train_time:3104.789s step_avg:1893.16ms
step:1641/3250 train_time:3106.614s step_avg:1893.12ms
step:1642/3250 train_time:3108.439s step_avg:1893.08ms
step:1643/3250 train_time:3110.265s step_avg:1893.04ms
step:1644/3250 train_time:3112.091s step_avg:1893.00ms
step:1645/3250 train_time:3113.917s step_avg:1892.96ms
step:1646/3250 train_time:3115.743s step_avg:1892.92ms
step:1647/3250 train_time:3117.568s step_avg:1892.88ms
step:1648/3250 train_time:3119.394s step_avg:1892.84ms
step:1649/3250 train_time:3122.054s step_avg:1893.30ms
step:1650/3250 train_time:3124.155s step_avg:1893.43ms
step:1651/3250 train_time:3125.980s step_avg:1893.39ms
step:1652/3250 train_time:3127.805s step_avg:1893.34ms
step:1653/3250 train_time:3129.631s step_avg:1893.30ms
step:1654/3250 train_time:3131.456s step_avg:1893.26ms
step:1655/3250 train_time:3133.281s step_avg:1893.22ms
step:1656/3250 train_time:3135.107s step_avg:1893.18ms
step:1657/3250 train_time:3136.932s step_avg:1893.14ms
step:1658/3250 train_time:3138.759s step_avg:1893.10ms
step:1659/3250 train_time:3140.585s step_avg:1893.06ms
step:1660/3250 train_time:3142.412s step_avg:1893.02ms
step:1661/3250 train_time:3144.239s step_avg:1892.98ms
step:1662/3250 train_time:3146.066s step_avg:1892.94ms
step:1663/3250 train_time:3147.891s step_avg:1892.90ms
step:1664/3250 train_time:3149.717s step_avg:1892.86ms
step:1665/3250 train_time:3152.377s step_avg:1893.32ms
step:1666/3250 train_time:3154.203s step_avg:1893.28ms
step:1667/3250 train_time:3156.030s step_avg:1893.24ms
step:1668/3250 train_time:3157.856s step_avg:1893.20ms
step:1669/3250 train_time:3159.682s step_avg:1893.16ms
step:1670/3250 train_time:3161.507s step_avg:1893.12ms
step:1671/3250 train_time:3163.333s step_avg:1893.08ms
step:1672/3250 train_time:3165.159s step_avg:1893.04ms
step:1673/3250 train_time:3166.985s step_avg:1893.00ms
step:1674/3250 train_time:3168.810s step_avg:1892.96ms
step:1675/3250 train_time:3170.914s step_avg:1893.08ms
step:1676/3250 train_time:3172.740s step_avg:1893.04ms
step:1677/3250 train_time:3174.567s step_avg:1893.00ms
step:1678/3250 train_time:3176.394s step_avg:1892.96ms
step:1679/3250 train_time:3178.220s step_avg:1892.92ms
step:1680/3250 train_time:3180.045s step_avg:1892.88ms
step:1681/3250 train_time:3182.704s step_avg:1893.34ms
step:1682/3250 train_time:3184.531s step_avg:1893.30ms
step:1683/3250 train_time:3186.357s step_avg:1893.26ms
step:1684/3250 train_time:3188.183s step_avg:1893.22ms
step:1685/3250 train_time:3190.009s step_avg:1893.18ms
step:1686/3250 train_time:3191.834s step_avg:1893.14ms
step:1687/3250 train_time:3193.659s step_avg:1893.10ms
step:1688/3250 train_time:3195.487s step_avg:1893.06ms
step:1689/3250 train_time:3197.313s step_avg:1893.02ms
step:1690/3250 train_time:3199.138s step_avg:1892.98ms
step:1691/3250 train_time:3200.964s step_avg:1892.94ms
step:1692/3250 train_time:3202.791s step_avg:1892.90ms
step:1693/3250 train_time:3204.617s step_avg:1892.86ms
step:1694/3250 train_time:3206.443s step_avg:1892.82ms
step:1695/3250 train_time:3208.269s step_avg:1892.78ms
step:1696/3250 train_time:3210.095s step_avg:1892.74ms
step:1697/3250 train_time:3212.754s step_avg:1893.20ms
step:1698/3250 train_time:3214.580s step_avg:1893.16ms
step:1699/3250 train_time:3216.406s step_avg:1893.12ms
step:1700/3250 train_time:3218.505s step_avg:1893.24ms
step:1701/3250 train_time:3220.330s step_avg:1893.20ms
step:1702/3250 train_time:3222.155s step_avg:1893.16ms
step:1703/3250 train_time:3223.981s step_avg:1893.12ms
step:1704/3250 train_time:3225.806s step_avg:1893.08ms
step:1705/3250 train_time:3227.632s step_avg:1893.04ms
step:1706/3250 train_time:3229.459s step_avg:1893.00ms
step:1707/3250 train_time:3231.284s step_avg:1892.96ms
step:1708/3250 train_time:3233.110s step_avg:1892.92ms
step:1709/3250 train_time:3234.936s step_avg:1892.88ms
step:1710/3250 train_time:3236.762s step_avg:1892.84ms
step:1711/3250 train_time:3238.618s step_avg:1892.82ms
step:1712/3250 train_time:3240.444s step_avg:1892.78ms
step:1713/3250 train_time:3243.103s step_avg:1893.23ms
step:1714/3250 train_time:3244.929s step_avg:1893.19ms
step:1715/3250 train_time:3246.755s step_avg:1893.15ms
step:1716/3250 train_time:3248.582s step_avg:1893.11ms
step:1717/3250 train_time:3250.408s step_avg:1893.07ms
step:1718/3250 train_time:3252.233s step_avg:1893.03ms
step:1719/3250 train_time:3254.059s step_avg:1893.00ms
step:1720/3250 train_time:3255.885s step_avg:1892.96ms
step:1721/3250 train_time:3257.710s step_avg:1892.92ms
step:1722/3250 train_time:3259.536s step_avg:1892.88ms
step:1723/3250 train_time:3261.361s step_avg:1892.84ms
step:1724/3250 train_time:3263.188s step_avg:1892.80ms
step:1725/3250 train_time:3265.286s step_avg:1892.92ms
step:1726/3250 train_time:3267.112s step_avg:1892.88ms
step:1727/3250 train_time:3268.937s step_avg:1892.84ms
step:1728/3250 train_time:3270.762s step_avg:1892.80ms
step:1729/3250 train_time:3273.422s step_avg:1893.25ms
step:1730/3250 train_time:3275.248s step_avg:1893.21ms
step:1731/3250 train_time:3277.073s step_avg:1893.17ms
step:1732/3250 train_time:3278.899s step_avg:1893.13ms
step:1733/3250 train_time:3280.725s step_avg:1893.09ms
step:1734/3250 train_time:3282.550s step_avg:1893.05ms
step:1735/3250 train_time:3284.377s step_avg:1893.01ms
step:1736/3250 train_time:3286.204s step_avg:1892.97ms
step:1737/3250 train_time:3288.030s step_avg:1892.94ms
step:1738/3250 train_time:3289.855s step_avg:1892.90ms
step:1739/3250 train_time:3291.680s step_avg:1892.86ms
step:1740/3250 train_time:3293.506s step_avg:1892.82ms
step:1741/3250 train_time:3295.332s step_avg:1892.78ms
step:1742/3250 train_time:3297.158s step_avg:1892.74ms
step:1743/3250 train_time:3298.983s step_avg:1892.70ms
step:1744/3250 train_time:3300.808s step_avg:1892.67ms
step:1745/3250 train_time:3303.467s step_avg:1893.10ms
step:1746/3250 train_time:3305.292s step_avg:1893.07ms
step:1747/3250 train_time:3307.117s step_avg:1893.03ms
step:1748/3250 train_time:3308.943s step_avg:1892.99ms
step:1749/3250 train_time:3310.769s step_avg:1892.95ms
step:1750/3250 train_time:3312.931s step_avg:1893.10ms
step:1750/3250 val_loss:3.48043 train_time:3312.931s step_avg:1890.92ms
step:1751/3250 train_time:3314.757s step_avg:1893.07ms
step:1752/3250 train_time:3316.582s step_avg:1893.03ms
step:1753/3250 train_time:3318.408s step_avg:1892.99ms
step:1754/3250 train_time:3320.233s step_avg:1892.95ms
step:1755/3250 train_time:3322.058s step_avg:1892.91ms
step:1756/3250 train_time:3323.884s step_avg:1892.87ms
step:1757/3250 train_time:3325.711s step_avg:1892.83ms
step:1758/3250 train_time:3327.537s step_avg:1892.80ms
step:1759/3250 train_time:3329.362s step_avg:1892.76ms
step:1760/3250 train_time:3331.188s step_avg:1892.72ms
step:1761/3250 train_time:3333.847s step_avg:1893.16ms
step:1762/3250 train_time:3335.672s step_avg:1893.12ms
step:1763/3250 train_time:3337.496s step_avg:1893.08ms
step:1764/3250 train_time:3339.320s step_avg:1893.04ms
step:1765/3250 train_time:3341.146s step_avg:1893.00ms
step:1766/3250 train_time:3342.972s step_avg:1892.96ms
step:1767/3250 train_time:3344.796s step_avg:1892.92ms
step:1768/3250 train_time:3346.621s step_avg:1892.88ms
step:1769/3250 train_time:3348.446s step_avg:1892.85ms
step:1770/3250 train_time:3350.271s step_avg:1892.81ms
step:1771/3250 train_time:3352.097s step_avg:1892.77ms
step:1772/3250 train_time:3353.922s step_avg:1892.73ms
step:1773/3250 train_time:3355.746s step_avg:1892.69ms
step:1774/3250 train_time:3357.572s step_avg:1892.66ms
step:1775/3250 train_time:3359.676s step_avg:1892.78ms
step:1776/3250 train_time:3361.502s step_avg:1892.74ms
step:1777/3250 train_time:3364.162s step_avg:1893.17ms
step:1778/3250 train_time:3365.987s step_avg:1893.13ms
step:1779/3250 train_time:3367.812s step_avg:1893.09ms
step:1780/3250 train_time:3369.637s step_avg:1893.05ms
step:1781/3250 train_time:3371.463s step_avg:1893.02ms
step:1782/3250 train_time:3373.290s step_avg:1892.98ms
step:1783/3250 train_time:3375.115s step_avg:1892.94ms
step:1784/3250 train_time:3376.940s step_avg:1892.90ms
step:1785/3250 train_time:3378.765s step_avg:1892.87ms
step:1786/3250 train_time:3380.590s step_avg:1892.83ms
step:1787/3250 train_time:3382.416s step_avg:1892.79ms
step:1788/3250 train_time:3384.241s step_avg:1892.75ms
step:1789/3250 train_time:3386.066s step_avg:1892.71ms
step:1790/3250 train_time:3387.891s step_avg:1892.68ms
step:1791/3250 train_time:3389.716s step_avg:1892.64ms
step:1792/3250 train_time:3391.543s step_avg:1892.60ms
step:1793/3250 train_time:3394.202s step_avg:1893.03ms
step:1794/3250 train_time:3396.028s step_avg:1892.99ms
step:1795/3250 train_time:3397.853s step_avg:1892.95ms
step:1796/3250 train_time:3399.678s step_avg:1892.92ms
step:1797/3250 train_time:3401.503s step_avg:1892.88ms
step:1798/3250 train_time:3403.329s step_avg:1892.84ms
step:1799/3250 train_time:3405.155s step_avg:1892.80ms
step:1800/3250 train_time:3407.256s step_avg:1892.92ms
step:1801/3250 train_time:3409.081s step_avg:1892.88ms
step:1802/3250 train_time:3410.906s step_avg:1892.84ms
step:1803/3250 train_time:3412.732s step_avg:1892.81ms
step:1804/3250 train_time:3414.558s step_avg:1892.77ms
step:1805/3250 train_time:3416.384s step_avg:1892.73ms
step:1806/3250 train_time:3418.210s step_avg:1892.70ms
step:1807/3250 train_time:3420.035s step_avg:1892.66ms
step:1808/3250 train_time:3421.863s step_avg:1892.62ms
step:1809/3250 train_time:3424.522s step_avg:1893.05ms
step:1810/3250 train_time:3426.347s step_avg:1893.01ms
step:1811/3250 train_time:3428.174s step_avg:1892.97ms
step:1812/3250 train_time:3429.999s step_avg:1892.94ms
step:1813/3250 train_time:3431.824s step_avg:1892.90ms
step:1814/3250 train_time:3433.650s step_avg:1892.86ms
step:1815/3250 train_time:3435.475s step_avg:1892.82ms
step:1816/3250 train_time:3437.301s step_avg:1892.79ms
step:1817/3250 train_time:3439.134s step_avg:1892.75ms
step:1818/3250 train_time:3440.962s step_avg:1892.72ms
step:1819/3250 train_time:3442.790s step_avg:1892.68ms
step:1820/3250 train_time:3444.616s step_avg:1892.65ms
step:1821/3250 train_time:3446.442s step_avg:1892.61ms
step:1822/3250 train_time:3448.268s step_avg:1892.57ms
step:1823/3250 train_time:3450.095s step_avg:1892.54ms
step:1824/3250 train_time:3451.923s step_avg:1892.50ms
step:1825/3250 train_time:3454.858s step_avg:1893.07ms
step:1826/3250 train_time:3456.683s step_avg:1893.04ms
step:1827/3250 train_time:3458.510s step_avg:1893.00ms
step:1828/3250 train_time:3460.337s step_avg:1892.96ms
step:1829/3250 train_time:3462.163s step_avg:1892.93ms
step:1830/3250 train_time:3463.990s step_avg:1892.89ms
step:1831/3250 train_time:3465.816s step_avg:1892.85ms
step:1832/3250 train_time:3467.643s step_avg:1892.82ms
step:1833/3250 train_time:3469.469s step_avg:1892.78ms
step:1834/3250 train_time:3471.295s step_avg:1892.75ms
step:1835/3250 train_time:3473.122s step_avg:1892.71ms
step:1836/3250 train_time:3474.950s step_avg:1892.67ms
step:1837/3250 train_time:3476.777s step_avg:1892.64ms
step:1838/3250 train_time:3478.603s step_avg:1892.60ms
step:1839/3250 train_time:3480.429s step_avg:1892.57ms
step:1840/3250 train_time:3482.255s step_avg:1892.53ms
step:1841/3250 train_time:3484.915s step_avg:1892.95ms
step:1842/3250 train_time:3486.741s step_avg:1892.91ms
step:1843/3250 train_time:3488.570s step_avg:1892.88ms
step:1844/3250 train_time:3490.396s step_avg:1892.84ms
step:1845/3250 train_time:3492.222s step_avg:1892.80ms
step:1846/3250 train_time:3494.047s step_avg:1892.77ms
step:1847/3250 train_time:3495.873s step_avg:1892.73ms
step:1848/3250 train_time:3497.699s step_avg:1892.69ms
step:1849/3250 train_time:3499.524s step_avg:1892.66ms
step:1850/3250 train_time:3501.628s step_avg:1892.77ms
step:1851/3250 train_time:3503.454s step_avg:1892.74ms
step:1852/3250 train_time:3505.281s step_avg:1892.70ms
step:1853/3250 train_time:3507.107s step_avg:1892.66ms
step:1854/3250 train_time:3508.933s step_avg:1892.63ms
step:1855/3250 train_time:3510.759s step_avg:1892.59ms
step:1856/3250 train_time:3512.585s step_avg:1892.56ms
step:1857/3250 train_time:3515.244s step_avg:1892.97ms
step:1858/3250 train_time:3517.069s step_avg:1892.93ms
step:1859/3250 train_time:3518.896s step_avg:1892.90ms
step:1860/3250 train_time:3520.722s step_avg:1892.86ms
step:1861/3250 train_time:3522.548s step_avg:1892.83ms
step:1862/3250 train_time:3524.373s step_avg:1892.79ms
step:1863/3250 train_time:3526.200s step_avg:1892.75ms
step:1864/3250 train_time:3528.026s step_avg:1892.72ms
step:1865/3250 train_time:3529.852s step_avg:1892.68ms
step:1866/3250 train_time:3531.679s step_avg:1892.65ms
step:1867/3250 train_time:3533.505s step_avg:1892.61ms
step:1868/3250 train_time:3535.332s step_avg:1892.58ms
step:1869/3250 train_time:3537.158s step_avg:1892.54ms
step:1870/3250 train_time:3538.984s step_avg:1892.50ms
step:1871/3250 train_time:3540.810s step_avg:1892.47ms
step:1872/3250 train_time:3542.636s step_avg:1892.43ms
step:1873/3250 train_time:3545.296s step_avg:1892.84ms
step:1874/3250 train_time:3547.121s step_avg:1892.81ms
step:1875/3250 train_time:3549.287s step_avg:1892.95ms
step:1875/3250 val_loss:3.45857 train_time:3549.287s step_avg:1890.85ms
step:1876/3250 train_time:3551.114s step_avg:1892.92ms
step:1877/3250 train_time:3552.939s step_avg:1892.88ms
step:1878/3250 train_time:3554.764s step_avg:1892.85ms
step:1879/3250 train_time:3556.589s step_avg:1892.81ms
step:1880/3250 train_time:3558.414s step_avg:1892.77ms
step:1881/3250 train_time:3560.241s step_avg:1892.74ms
step:1882/3250 train_time:3562.066s step_avg:1892.70ms
step:1883/3250 train_time:3563.891s step_avg:1892.67ms
step:1884/3250 train_time:3565.716s step_avg:1892.63ms
step:1885/3250 train_time:3567.542s step_avg:1892.60ms
step:1886/3250 train_time:3569.368s step_avg:1892.56ms
step:1887/3250 train_time:3571.194s step_avg:1892.52ms
step:1888/3250 train_time:3573.019s step_avg:1892.49ms
step:1889/3250 train_time:3575.678s step_avg:1892.89ms
step:1890/3250 train_time:3577.502s step_avg:1892.86ms
step:1891/3250 train_time:3579.326s step_avg:1892.82ms
step:1892/3250 train_time:3581.152s step_avg:1892.79ms
step:1893/3250 train_time:3582.977s step_avg:1892.75ms
step:1894/3250 train_time:3584.802s step_avg:1892.72ms
step:1895/3250 train_time:3586.627s step_avg:1892.68ms
step:1896/3250 train_time:3588.452s step_avg:1892.64ms
step:1897/3250 train_time:3590.279s step_avg:1892.61ms
step:1898/3250 train_time:3592.104s step_avg:1892.57ms
step:1899/3250 train_time:3593.928s step_avg:1892.54ms
step:1900/3250 train_time:3596.025s step_avg:1892.64ms
step:1901/3250 train_time:3597.882s step_avg:1892.63ms
step:1902/3250 train_time:3599.706s step_avg:1892.59ms
step:1903/3250 train_time:3601.532s step_avg:1892.55ms
step:1904/3250 train_time:3603.357s step_avg:1892.52ms
step:1905/3250 train_time:3606.017s step_avg:1892.92ms
step:1906/3250 train_time:3607.841s step_avg:1892.89ms
step:1907/3250 train_time:3609.666s step_avg:1892.85ms
step:1908/3250 train_time:3611.494s step_avg:1892.82ms
step:1909/3250 train_time:3613.319s step_avg:1892.78ms
step:1910/3250 train_time:3615.145s step_avg:1892.75ms
step:1911/3250 train_time:3616.970s step_avg:1892.71ms
step:1912/3250 train_time:3618.795s step_avg:1892.68ms
step:1913/3250 train_time:3620.621s step_avg:1892.64ms
step:1914/3250 train_time:3622.446s step_avg:1892.61ms
step:1915/3250 train_time:3624.271s step_avg:1892.57ms
step:1916/3250 train_time:3626.096s step_avg:1892.53ms
step:1917/3250 train_time:3627.922s step_avg:1892.50ms
step:1918/3250 train_time:3629.749s step_avg:1892.47ms
step:1919/3250 train_time:3631.574s step_avg:1892.43ms
step:1920/3250 train_time:3633.399s step_avg:1892.40ms
step:1921/3250 train_time:3636.058s step_avg:1892.79ms
step:1922/3250 train_time:3637.884s step_avg:1892.76ms
step:1923/3250 train_time:3639.709s step_avg:1892.72ms
step:1924/3250 train_time:3641.536s step_avg:1892.69ms
step:1925/3250 train_time:3643.639s step_avg:1892.80ms
step:1926/3250 train_time:3645.465s step_avg:1892.76ms
step:1927/3250 train_time:3647.290s step_avg:1892.73ms
step:1928/3250 train_time:3649.116s step_avg:1892.70ms
step:1929/3250 train_time:3650.945s step_avg:1892.66ms
step:1930/3250 train_time:3652.773s step_avg:1892.63ms
step:1931/3250 train_time:3654.599s step_avg:1892.59ms
step:1932/3250 train_time:3656.426s step_avg:1892.56ms
step:1933/3250 train_time:3658.253s step_avg:1892.53ms
step:1934/3250 train_time:3660.081s step_avg:1892.49ms
step:1935/3250 train_time:3661.908s step_avg:1892.46ms
step:1936/3250 train_time:3663.735s step_avg:1892.43ms
step:1937/3250 train_time:3666.395s step_avg:1892.82ms
step:1938/3250 train_time:3668.221s step_avg:1892.79ms
step:1939/3250 train_time:3670.047s step_avg:1892.75ms
step:1940/3250 train_time:3671.873s step_avg:1892.72ms
step:1941/3250 train_time:3673.700s step_avg:1892.68ms
step:1942/3250 train_time:3675.526s step_avg:1892.65ms
step:1943/3250 train_time:3677.352s step_avg:1892.62ms
step:1944/3250 train_time:3679.178s step_avg:1892.58ms
step:1945/3250 train_time:3681.004s step_avg:1892.55ms
step:1946/3250 train_time:3682.832s step_avg:1892.51ms
step:1947/3250 train_time:3684.658s step_avg:1892.48ms
step:1948/3250 train_time:3686.484s step_avg:1892.45ms
step:1949/3250 train_time:3688.311s step_avg:1892.41ms
step:1950/3250 train_time:3690.415s step_avg:1892.52ms
step:1951/3250 train_time:3692.243s step_avg:1892.49ms
step:1952/3250 train_time:3694.068s step_avg:1892.45ms
step:1953/3250 train_time:3696.728s step_avg:1892.85ms
step:1954/3250 train_time:3698.553s step_avg:1892.81ms
step:1955/3250 train_time:3700.377s step_avg:1892.78ms
step:1956/3250 train_time:3702.202s step_avg:1892.74ms
step:1957/3250 train_time:3704.028s step_avg:1892.71ms
step:1958/3250 train_time:3705.854s step_avg:1892.67ms
step:1959/3250 train_time:3707.679s step_avg:1892.64ms
step:1960/3250 train_time:3709.504s step_avg:1892.60ms
step:1961/3250 train_time:3711.330s step_avg:1892.57ms
step:1962/3250 train_time:3713.156s step_avg:1892.54ms
step:1963/3250 train_time:3714.981s step_avg:1892.50ms
step:1964/3250 train_time:3716.806s step_avg:1892.47ms
step:1965/3250 train_time:3718.631s step_avg:1892.43ms
step:1966/3250 train_time:3720.457s step_avg:1892.40ms
step:1967/3250 train_time:3722.283s step_avg:1892.37ms
step:1968/3250 train_time:3724.108s step_avg:1892.33ms
step:1969/3250 train_time:3726.767s step_avg:1892.72ms
step:1970/3250 train_time:3728.593s step_avg:1892.69ms
step:1971/3250 train_time:3730.418s step_avg:1892.65ms
step:1972/3250 train_time:3732.244s step_avg:1892.62ms
step:1973/3250 train_time:3734.070s step_avg:1892.58ms
step:1974/3250 train_time:3735.895s step_avg:1892.55ms
step:1975/3250 train_time:3738.001s step_avg:1892.66ms
step:1976/3250 train_time:3739.825s step_avg:1892.62ms
step:1977/3250 train_time:3741.651s step_avg:1892.59ms
step:1978/3250 train_time:3743.475s step_avg:1892.56ms
step:1979/3250 train_time:3745.301s step_avg:1892.52ms
step:1980/3250 train_time:3747.129s step_avg:1892.49ms
step:1981/3250 train_time:3748.956s step_avg:1892.46ms
step:1982/3250 train_time:3750.781s step_avg:1892.42ms
step:1983/3250 train_time:3752.607s step_avg:1892.39ms
step:1984/3250 train_time:3754.434s step_avg:1892.36ms
step:1985/3250 train_time:3757.093s step_avg:1892.74ms
step:1986/3250 train_time:3758.918s step_avg:1892.71ms
step:1987/3250 train_time:3760.744s step_avg:1892.67ms
step:1988/3250 train_time:3762.569s step_avg:1892.64ms
step:1989/3250 train_time:3764.394s step_avg:1892.61ms
step:1990/3250 train_time:3766.220s step_avg:1892.57ms
step:1991/3250 train_time:3768.047s step_avg:1892.54ms
step:1992/3250 train_time:3769.873s step_avg:1892.51ms
step:1993/3250 train_time:3771.699s step_avg:1892.47ms
step:1994/3250 train_time:3773.524s step_avg:1892.44ms
step:1995/3250 train_time:3775.351s step_avg:1892.41ms
step:1996/3250 train_time:3777.177s step_avg:1892.37ms
step:1997/3250 train_time:3779.002s step_avg:1892.34ms
step:1998/3250 train_time:3780.828s step_avg:1892.31ms
step:1999/3250 train_time:3782.653s step_avg:1892.27ms
step:2000/3250 train_time:3784.816s step_avg:1892.41ms
step:2000/3250 val_loss:3.43511 train_time:3784.816s step_avg:1884.23ms
step:2001/3250 train_time:3787.475s step_avg:1892.79ms
step:2002/3250 train_time:3789.301s step_avg:1892.76ms
step:2003/3250 train_time:3791.127s step_avg:1892.72ms
step:2004/3250 train_time:3792.951s step_avg:1892.69ms
step:2005/3250 train_time:3794.776s step_avg:1892.66ms
step:2006/3250 train_time:3796.600s step_avg:1892.62ms
step:2007/3250 train_time:3798.427s step_avg:1892.59ms
step:2008/3250 train_time:3800.253s step_avg:1892.56ms
step:2009/3250 train_time:3802.078s step_avg:1892.52ms
step:2010/3250 train_time:3803.903s step_avg:1892.49ms
step:2011/3250 train_time:3805.729s step_avg:1892.46ms
step:2012/3250 train_time:3807.555s step_avg:1892.42ms
step:2013/3250 train_time:3809.381s step_avg:1892.39ms
step:2014/3250 train_time:3811.206s step_avg:1892.36ms
step:2015/3250 train_time:3813.031s step_avg:1892.32ms
step:2016/3250 train_time:3814.857s step_avg:1892.29ms
step:2017/3250 train_time:3817.517s step_avg:1892.67ms
step:2018/3250 train_time:3819.342s step_avg:1892.64ms
step:2019/3250 train_time:3821.167s step_avg:1892.60ms
step:2020/3250 train_time:3822.991s step_avg:1892.57ms
step:2021/3250 train_time:3824.816s step_avg:1892.54ms
step:2022/3250 train_time:3826.641s step_avg:1892.50ms
step:2023/3250 train_time:3828.466s step_avg:1892.47ms
step:2024/3250 train_time:3830.292s step_avg:1892.44ms
step:2025/3250 train_time:3832.389s step_avg:1892.54ms
step:2026/3250 train_time:3834.214s step_avg:1892.50ms
step:2027/3250 train_time:3836.039s step_avg:1892.47ms
step:2028/3250 train_time:3837.864s step_avg:1892.44ms
step:2029/3250 train_time:3839.690s step_avg:1892.40ms
step:2030/3250 train_time:3841.516s step_avg:1892.37ms
step:2031/3250 train_time:3843.341s step_avg:1892.34ms
step:2032/3250 train_time:3845.167s step_avg:1892.31ms
step:2033/3250 train_time:3847.826s step_avg:1892.68ms
step:2034/3250 train_time:3849.652s step_avg:1892.65ms
step:2035/3250 train_time:3851.477s step_avg:1892.62ms
step:2036/3250 train_time:3853.303s step_avg:1892.58ms
step:2037/3250 train_time:3855.129s step_avg:1892.55ms
step:2038/3250 train_time:3856.954s step_avg:1892.52ms
step:2039/3250 train_time:3858.780s step_avg:1892.49ms
step:2040/3250 train_time:3860.606s step_avg:1892.45ms
step:2041/3250 train_time:3862.433s step_avg:1892.42ms
step:2042/3250 train_time:3864.258s step_avg:1892.39ms
step:2043/3250 train_time:3866.084s step_avg:1892.36ms
step:2044/3250 train_time:3867.909s step_avg:1892.32ms
step:2045/3250 train_time:3869.737s step_avg:1892.29ms
step:2046/3250 train_time:3871.563s step_avg:1892.26ms
step:2047/3250 train_time:3873.389s step_avg:1892.23ms
step:2048/3250 train_time:3875.215s step_avg:1892.19ms
step:2049/3250 train_time:3877.875s step_avg:1892.57ms
step:2050/3250 train_time:3879.973s step_avg:1892.67ms
step:2051/3250 train_time:3881.797s step_avg:1892.64ms
step:2052/3250 train_time:3883.621s step_avg:1892.60ms
step:2053/3250 train_time:3885.446s step_avg:1892.57ms
step:2054/3250 train_time:3887.272s step_avg:1892.54ms
step:2055/3250 train_time:3889.097s step_avg:1892.50ms
step:2056/3250 train_time:3890.921s step_avg:1892.47ms
step:2057/3250 train_time:3892.746s step_avg:1892.44ms
step:2058/3250 train_time:3894.572s step_avg:1892.41ms
step:2059/3250 train_time:3896.398s step_avg:1892.37ms
step:2060/3250 train_time:3898.223s step_avg:1892.34ms
step:2061/3250 train_time:3900.049s step_avg:1892.31ms
step:2062/3250 train_time:3901.875s step_avg:1892.28ms
step:2063/3250 train_time:3903.701s step_avg:1892.24ms
step:2064/3250 train_time:3905.527s step_avg:1892.21ms
step:2065/3250 train_time:3908.186s step_avg:1892.58ms
step:2066/3250 train_time:3910.012s step_avg:1892.55ms
step:2067/3250 train_time:3911.836s step_avg:1892.52ms
step:2068/3250 train_time:3913.661s step_avg:1892.49ms
step:2069/3250 train_time:3915.487s step_avg:1892.45ms
step:2070/3250 train_time:3917.313s step_avg:1892.42ms
step:2071/3250 train_time:3919.139s step_avg:1892.39ms
step:2072/3250 train_time:3920.965s step_avg:1892.36ms
step:2073/3250 train_time:3922.791s step_avg:1892.33ms
step:2074/3250 train_time:3924.617s step_avg:1892.29ms
step:2075/3250 train_time:3926.715s step_avg:1892.39ms
step:2076/3250 train_time:3928.541s step_avg:1892.36ms
step:2077/3250 train_time:3930.367s step_avg:1892.33ms
step:2078/3250 train_time:3932.193s step_avg:1892.30ms
step:2079/3250 train_time:3934.020s step_avg:1892.27ms
step:2080/3250 train_time:3935.846s step_avg:1892.23ms
step:2081/3250 train_time:3938.505s step_avg:1892.60ms
step:2082/3250 train_time:3940.333s step_avg:1892.57ms
step:2083/3250 train_time:3942.158s step_avg:1892.54ms
step:2084/3250 train_time:3943.984s step_avg:1892.51ms
step:2085/3250 train_time:3945.810s step_avg:1892.47ms
step:2086/3250 train_time:3947.636s step_avg:1892.44ms
step:2087/3250 train_time:3949.463s step_avg:1892.41ms
step:2088/3250 train_time:3951.289s step_avg:1892.38ms
step:2089/3250 train_time:3953.115s step_avg:1892.35ms
step:2090/3250 train_time:3954.942s step_avg:1892.32ms
step:2091/3250 train_time:3956.802s step_avg:1892.30ms
step:2092/3250 train_time:3958.629s step_avg:1892.27ms
step:2093/3250 train_time:3960.457s step_avg:1892.24ms
step:2094/3250 train_time:3962.284s step_avg:1892.21ms
step:2095/3250 train_time:3964.111s step_avg:1892.18ms
step:2096/3250 train_time:3965.938s step_avg:1892.15ms
step:2097/3250 train_time:3968.598s step_avg:1892.51ms
step:2098/3250 train_time:3970.424s step_avg:1892.48ms
step:2099/3250 train_time:3972.250s step_avg:1892.45ms
step:2100/3250 train_time:3974.347s step_avg:1892.55ms
step:2101/3250 train_time:3976.174s step_avg:1892.51ms
step:2102/3250 train_time:3978.000s step_avg:1892.48ms
step:2103/3250 train_time:3979.827s step_avg:1892.45ms
step:2104/3250 train_time:3981.652s step_avg:1892.42ms
step:2105/3250 train_time:3983.479s step_avg:1892.39ms
step:2106/3250 train_time:3985.305s step_avg:1892.36ms
step:2107/3250 train_time:3987.130s step_avg:1892.33ms
step:2108/3250 train_time:3988.956s step_avg:1892.29ms
step:2109/3250 train_time:3990.782s step_avg:1892.26ms
step:2110/3250 train_time:3992.609s step_avg:1892.23ms
step:2111/3250 train_time:3994.435s step_avg:1892.20ms
step:2112/3250 train_time:3996.261s step_avg:1892.17ms
step:2113/3250 train_time:3998.921s step_avg:1892.53ms
step:2114/3250 train_time:4000.746s step_avg:1892.50ms
step:2115/3250 train_time:4002.571s step_avg:1892.47ms
step:2116/3250 train_time:4004.396s step_avg:1892.44ms
step:2117/3250 train_time:4006.221s step_avg:1892.40ms
step:2118/3250 train_time:4008.047s step_avg:1892.37ms
step:2119/3250 train_time:4009.872s step_avg:1892.34ms
step:2120/3250 train_time:4011.697s step_avg:1892.31ms
step:2121/3250 train_time:4013.523s step_avg:1892.28ms
step:2122/3250 train_time:4015.348s step_avg:1892.25ms
step:2123/3250 train_time:4017.174s step_avg:1892.22ms
step:2124/3250 train_time:4018.999s step_avg:1892.18ms
step:2125/3250 train_time:4021.163s step_avg:1892.31ms
step:2125/3250 val_loss:3.41514 train_time:4021.163s step_avg:1890.78ms
step:2126/3250 train_time:4022.990s step_avg:1892.28ms
step:2127/3250 train_time:4024.816s step_avg:1892.25ms
step:2128/3250 train_time:4026.644s step_avg:1892.22ms
step:2129/3250 train_time:4029.304s step_avg:1892.58ms
step:2130/3250 train_time:4031.131s step_avg:1892.55ms
step:2131/3250 train_time:4032.957s step_avg:1892.52ms
step:2132/3250 train_time:4034.784s step_avg:1892.49ms
step:2133/3250 train_time:4036.611s step_avg:1892.46ms
step:2134/3250 train_time:4038.439s step_avg:1892.43ms
step:2135/3250 train_time:4040.266s step_avg:1892.40ms
step:2136/3250 train_time:4042.093s step_avg:1892.37ms
step:2137/3250 train_time:4043.920s step_avg:1892.34ms
step:2138/3250 train_time:4045.746s step_avg:1892.30ms
step:2139/3250 train_time:4047.573s step_avg:1892.27ms
step:2140/3250 train_time:4049.398s step_avg:1892.24ms
step:2141/3250 train_time:4051.223s step_avg:1892.21ms
step:2142/3250 train_time:4053.049s step_avg:1892.18ms
step:2143/3250 train_time:4054.875s step_avg:1892.15ms
step:2144/3250 train_time:4056.701s step_avg:1892.12ms
step:2145/3250 train_time:4059.360s step_avg:1892.48ms
step:2146/3250 train_time:4061.185s step_avg:1892.44ms
step:2147/3250 train_time:4063.010s step_avg:1892.41ms
step:2148/3250 train_time:4064.835s step_avg:1892.38ms
step:2149/3250 train_time:4066.661s step_avg:1892.35ms
step:2150/3250 train_time:4068.760s step_avg:1892.45ms
step:2151/3250 train_time:4070.587s step_avg:1892.42ms
step:2152/3250 train_time:4072.412s step_avg:1892.38ms
step:2153/3250 train_time:4074.237s step_avg:1892.35ms
step:2154/3250 train_time:4076.063s step_avg:1892.32ms
step:2155/3250 train_time:4077.890s step_avg:1892.29ms
step:2156/3250 train_time:4079.716s step_avg:1892.26ms
step:2157/3250 train_time:4081.541s step_avg:1892.23ms
step:2158/3250 train_time:4083.366s step_avg:1892.20ms
step:2159/3250 train_time:4085.193s step_avg:1892.17ms
step:2160/3250 train_time:4087.020s step_avg:1892.14ms
step:2161/3250 train_time:4089.680s step_avg:1892.49ms
step:2162/3250 train_time:4091.506s step_avg:1892.46ms
step:2163/3250 train_time:4093.332s step_avg:1892.43ms
step:2164/3250 train_time:4095.157s step_avg:1892.40ms
step:2165/3250 train_time:4096.984s step_avg:1892.37ms
step:2166/3250 train_time:4098.811s step_avg:1892.34ms
step:2167/3250 train_time:4100.638s step_avg:1892.31ms
step:2168/3250 train_time:4102.463s step_avg:1892.28ms
step:2169/3250 train_time:4104.290s step_avg:1892.25ms
step:2170/3250 train_time:4106.116s step_avg:1892.22ms
step:2171/3250 train_time:4107.942s step_avg:1892.19ms
step:2172/3250 train_time:4109.768s step_avg:1892.16ms
step:2173/3250 train_time:4111.593s step_avg:1892.13ms
step:2174/3250 train_time:4113.421s step_avg:1892.10ms
step:2175/3250 train_time:4115.521s step_avg:1892.19ms
step:2176/3250 train_time:4117.349s step_avg:1892.16ms
step:2177/3250 train_time:4120.009s step_avg:1892.52ms
step:2178/3250 train_time:4121.835s step_avg:1892.49ms
step:2179/3250 train_time:4123.660s step_avg:1892.46ms
step:2180/3250 train_time:4125.485s step_avg:1892.42ms
step:2181/3250 train_time:4127.312s step_avg:1892.39ms
step:2182/3250 train_time:4129.138s step_avg:1892.36ms
step:2183/3250 train_time:4130.966s step_avg:1892.33ms
step:2184/3250 train_time:4132.791s step_avg:1892.30ms
step:2185/3250 train_time:4134.617s step_avg:1892.27ms
step:2186/3250 train_time:4136.443s step_avg:1892.24ms
step:2187/3250 train_time:4138.271s step_avg:1892.21ms
step:2188/3250 train_time:4140.097s step_avg:1892.18ms
step:2189/3250 train_time:4141.923s step_avg:1892.15ms
step:2190/3250 train_time:4143.749s step_avg:1892.12ms
step:2191/3250 train_time:4145.576s step_avg:1892.09ms
step:2192/3250 train_time:4147.404s step_avg:1892.06ms
step:2193/3250 train_time:4150.064s step_avg:1892.41ms
step:2194/3250 train_time:4151.891s step_avg:1892.38ms
step:2195/3250 train_time:4153.717s step_avg:1892.35ms
step:2196/3250 train_time:4155.542s step_avg:1892.32ms
step:2197/3250 train_time:4157.368s step_avg:1892.29ms
step:2198/3250 train_time:4159.194s step_avg:1892.26ms
step:2199/3250 train_time:4161.020s step_avg:1892.23ms
step:2200/3250 train_time:4163.119s step_avg:1892.33ms
step:2201/3250 train_time:4164.945s step_avg:1892.30ms
step:2202/3250 train_time:4166.772s step_avg:1892.27ms
step:2203/3250 train_time:4168.601s step_avg:1892.24ms
step:2204/3250 train_time:4170.428s step_avg:1892.21ms
step:2205/3250 train_time:4172.254s step_avg:1892.18ms
step:2206/3250 train_time:4174.080s step_avg:1892.15ms
step:2207/3250 train_time:4175.907s step_avg:1892.12ms
step:2208/3250 train_time:4177.734s step_avg:1892.09ms
step:2209/3250 train_time:4180.394s step_avg:1892.44ms
step:2210/3250 train_time:4182.220s step_avg:1892.41ms
step:2211/3250 train_time:4184.046s step_avg:1892.38ms
step:2212/3250 train_time:4185.871s step_avg:1892.35ms
step:2213/3250 train_time:4187.697s step_avg:1892.32ms
step:2214/3250 train_time:4189.524s step_avg:1892.29ms
step:2215/3250 train_time:4191.351s step_avg:1892.26ms
step:2216/3250 train_time:4193.177s step_avg:1892.23ms
step:2217/3250 train_time:4195.002s step_avg:1892.20ms
step:2218/3250 train_time:4196.829s step_avg:1892.17ms
step:2219/3250 train_time:4198.655s step_avg:1892.14ms
step:2220/3250 train_time:4200.481s step_avg:1892.11ms
step:2221/3250 train_time:4202.306s step_avg:1892.08ms
step:2222/3250 train_time:4204.132s step_avg:1892.05ms
step:2223/3250 train_time:4205.958s step_avg:1892.02ms
step:2224/3250 train_time:4207.785s step_avg:1891.99ms
step:2225/3250 train_time:4210.718s step_avg:1892.46ms
step:2226/3250 train_time:4212.544s step_avg:1892.43ms
step:2227/3250 train_time:4214.369s step_avg:1892.40ms
step:2228/3250 train_time:4216.196s step_avg:1892.37ms
step:2229/3250 train_time:4218.021s step_avg:1892.34ms
step:2230/3250 train_time:4219.848s step_avg:1892.31ms
step:2231/3250 train_time:4221.675s step_avg:1892.28ms
step:2232/3250 train_time:4223.501s step_avg:1892.25ms
step:2233/3250 train_time:4225.328s step_avg:1892.22ms
step:2234/3250 train_time:4227.155s step_avg:1892.19ms
step:2235/3250 train_time:4228.982s step_avg:1892.16ms
step:2236/3250 train_time:4230.808s step_avg:1892.13ms
step:2237/3250 train_time:4232.633s step_avg:1892.10ms
step:2238/3250 train_time:4234.459s step_avg:1892.07ms
step:2239/3250 train_time:4236.284s step_avg:1892.04ms
step:2240/3250 train_time:4238.111s step_avg:1892.01ms
step:2241/3250 train_time:4240.771s step_avg:1892.36ms
step:2242/3250 train_time:4242.596s step_avg:1892.33ms
step:2243/3250 train_time:4244.423s step_avg:1892.30ms
step:2244/3250 train_time:4246.249s step_avg:1892.27ms
step:2245/3250 train_time:4248.075s step_avg:1892.24ms
step:2246/3250 train_time:4249.901s step_avg:1892.21ms
step:2247/3250 train_time:4251.728s step_avg:1892.18ms
step:2248/3250 train_time:4253.554s step_avg:1892.15ms
step:2249/3250 train_time:4255.380s step_avg:1892.12ms
step:2250/3250 train_time:4257.544s step_avg:1892.24ms
step:2250/3250 val_loss:3.39445 train_time:4257.544s step_avg:1891.05ms
step:2251/3250 train_time:4259.371s step_avg:1892.21ms
step:2252/3250 train_time:4261.198s step_avg:1892.18ms
step:2253/3250 train_time:4263.025s step_avg:1892.15ms
step:2254/3250 train_time:4264.851s step_avg:1892.13ms
step:2255/3250 train_time:4266.677s step_avg:1892.10ms
step:2256/3250 train_time:4268.505s step_avg:1892.07ms
step:2257/3250 train_time:4271.165s step_avg:1892.41ms
step:2258/3250 train_time:4272.990s step_avg:1892.38ms
step:2259/3250 train_time:4274.816s step_avg:1892.35ms
step:2260/3250 train_time:4276.642s step_avg:1892.32ms
step:2261/3250 train_time:4278.468s step_avg:1892.29ms
step:2262/3250 train_time:4280.293s step_avg:1892.26ms
step:2263/3250 train_time:4282.118s step_avg:1892.23ms
step:2264/3250 train_time:4283.944s step_avg:1892.20ms
step:2265/3250 train_time:4285.770s step_avg:1892.17ms
step:2266/3250 train_time:4287.595s step_avg:1892.14ms
step:2267/3250 train_time:4289.420s step_avg:1892.11ms
step:2268/3250 train_time:4291.246s step_avg:1892.08ms
step:2269/3250 train_time:4293.072s step_avg:1892.05ms
step:2270/3250 train_time:4294.897s step_avg:1892.03ms
step:2271/3250 train_time:4296.723s step_avg:1892.00ms
step:2272/3250 train_time:4298.548s step_avg:1891.97ms
step:2273/3250 train_time:4301.207s step_avg:1892.30ms
step:2274/3250 train_time:4303.032s step_avg:1892.27ms
step:2275/3250 train_time:4305.129s step_avg:1892.36ms
step:2276/3250 train_time:4306.954s step_avg:1892.33ms
step:2277/3250 train_time:4308.781s step_avg:1892.31ms
step:2278/3250 train_time:4310.606s step_avg:1892.28ms
step:2279/3250 train_time:4312.432s step_avg:1892.25ms
step:2280/3250 train_time:4314.257s step_avg:1892.22ms
step:2281/3250 train_time:4316.117s step_avg:1892.20ms
step:2282/3250 train_time:4317.942s step_avg:1892.17ms
step:2283/3250 train_time:4319.768s step_avg:1892.15ms
step:2284/3250 train_time:4321.594s step_avg:1892.12ms
step:2285/3250 train_time:4323.420s step_avg:1892.09ms
step:2286/3250 train_time:4325.246s step_avg:1892.06ms
step:2287/3250 train_time:4327.072s step_avg:1892.03ms
step:2288/3250 train_time:4328.898s step_avg:1892.00ms
step:2289/3250 train_time:4331.558s step_avg:1892.34ms
step:2290/3250 train_time:4333.384s step_avg:1892.31ms
step:2291/3250 train_time:4335.212s step_avg:1892.28ms
step:2292/3250 train_time:4337.037s step_avg:1892.25ms
step:2293/3250 train_time:4338.862s step_avg:1892.22ms
step:2294/3250 train_time:4340.688s step_avg:1892.19ms
step:2295/3250 train_time:4342.513s step_avg:1892.16ms
step:2296/3250 train_time:4344.340s step_avg:1892.13ms
step:2297/3250 train_time:4346.167s step_avg:1892.11ms
step:2298/3250 train_time:4347.992s step_avg:1892.08ms
step:2299/3250 train_time:4349.818s step_avg:1892.05ms
step:2300/3250 train_time:4351.916s step_avg:1892.14ms
step:2301/3250 train_time:4353.742s step_avg:1892.11ms
step:2302/3250 train_time:4355.570s step_avg:1892.08ms
step:2303/3250 train_time:4357.395s step_avg:1892.05ms
step:2304/3250 train_time:4359.221s step_avg:1892.02ms
step:2305/3250 train_time:4361.881s step_avg:1892.36ms
step:2306/3250 train_time:4363.706s step_avg:1892.33ms
step:2307/3250 train_time:4365.533s step_avg:1892.30ms
step:2308/3250 train_time:4367.359s step_avg:1892.27ms
step:2309/3250 train_time:4369.186s step_avg:1892.24ms
step:2310/3250 train_time:4371.012s step_avg:1892.21ms
step:2311/3250 train_time:4372.838s step_avg:1892.18ms
step:2312/3250 train_time:4374.664s step_avg:1892.16ms
step:2313/3250 train_time:4376.492s step_avg:1892.13ms
step:2314/3250 train_time:4378.318s step_avg:1892.10ms
step:2315/3250 train_time:4380.145s step_avg:1892.07ms
step:2316/3250 train_time:4381.973s step_avg:1892.04ms
step:2317/3250 train_time:4383.800s step_avg:1892.02ms
step:2318/3250 train_time:4385.627s step_avg:1891.99ms
step:2319/3250 train_time:4387.455s step_avg:1891.96ms
step:2320/3250 train_time:4389.281s step_avg:1891.93ms
step:2321/3250 train_time:4391.942s step_avg:1892.26ms
step:2322/3250 train_time:4393.768s step_avg:1892.23ms
step:2323/3250 train_time:4395.595s step_avg:1892.21ms
step:2324/3250 train_time:4397.422s step_avg:1892.18ms
step:2325/3250 train_time:4399.521s step_avg:1892.27ms
step:2326/3250 train_time:4401.347s step_avg:1892.24ms
step:2327/3250 train_time:4403.174s step_avg:1892.21ms
step:2328/3250 train_time:4405.002s step_avg:1892.18ms
step:2329/3250 train_time:4406.829s step_avg:1892.15ms
step:2330/3250 train_time:4408.656s step_avg:1892.13ms
step:2331/3250 train_time:4410.484s step_avg:1892.10ms
step:2332/3250 train_time:4412.310s step_avg:1892.07ms
step:2333/3250 train_time:4414.137s step_avg:1892.04ms
step:2334/3250 train_time:4415.963s step_avg:1892.02ms
step:2335/3250 train_time:4417.789s step_avg:1891.99ms
step:2336/3250 train_time:4419.615s step_avg:1891.96ms
step:2337/3250 train_time:4422.276s step_avg:1892.29ms
step:2338/3250 train_time:4424.102s step_avg:1892.26ms
step:2339/3250 train_time:4425.928s step_avg:1892.23ms
step:2340/3250 train_time:4427.755s step_avg:1892.20ms
step:2341/3250 train_time:4429.582s step_avg:1892.17ms
step:2342/3250 train_time:4431.408s step_avg:1892.15ms
step:2343/3250 train_time:4433.234s step_avg:1892.12ms
step:2344/3250 train_time:4435.061s step_avg:1892.09ms
step:2345/3250 train_time:4436.888s step_avg:1892.06ms
step:2346/3250 train_time:4438.715s step_avg:1892.04ms
step:2347/3250 train_time:4440.541s step_avg:1892.01ms
step:2348/3250 train_time:4442.368s step_avg:1891.98ms
step:2349/3250 train_time:4444.195s step_avg:1891.95ms
step:2350/3250 train_time:4446.294s step_avg:1892.04ms
step:2351/3250 train_time:4448.120s step_avg:1892.01ms
step:2352/3250 train_time:4449.946s step_avg:1891.98ms
step:2353/3250 train_time:4452.607s step_avg:1892.31ms
step:2354/3250 train_time:4454.433s step_avg:1892.28ms
step:2355/3250 train_time:4456.259s step_avg:1892.25ms
step:2356/3250 train_time:4458.086s step_avg:1892.23ms
step:2357/3250 train_time:4459.912s step_avg:1892.20ms
step:2358/3250 train_time:4461.738s step_avg:1892.17ms
step:2359/3250 train_time:4463.564s step_avg:1892.14ms
step:2360/3250 train_time:4465.391s step_avg:1892.11ms
step:2361/3250 train_time:4467.220s step_avg:1892.09ms
step:2362/3250 train_time:4469.046s step_avg:1892.06ms
step:2363/3250 train_time:4470.872s step_avg:1892.03ms
step:2364/3250 train_time:4472.698s step_avg:1892.00ms
step:2365/3250 train_time:4474.524s step_avg:1891.98ms
step:2366/3250 train_time:4476.350s step_avg:1891.95ms
step:2367/3250 train_time:4478.176s step_avg:1891.92ms
step:2368/3250 train_time:4480.002s step_avg:1891.89ms
step:2369/3250 train_time:4482.662s step_avg:1892.22ms
step:2370/3250 train_time:4484.488s step_avg:1892.19ms
step:2371/3250 train_time:4486.315s step_avg:1892.16ms
step:2372/3250 train_time:4488.142s step_avg:1892.13ms
step:2373/3250 train_time:4489.969s step_avg:1892.11ms
step:2374/3250 train_time:4491.794s step_avg:1892.08ms
step:2375/3250 train_time:4493.961s step_avg:1892.19ms
step:2375/3250 val_loss:3.37558 train_time:4493.961s step_avg:1891.34ms
step:2376/3250 train_time:4495.788s step_avg:1892.17ms
step:2377/3250 train_time:4497.617s step_avg:1892.14ms
step:2378/3250 train_time:4499.443s step_avg:1892.11ms
step:2379/3250 train_time:4501.269s step_avg:1892.08ms
step:2380/3250 train_time:4503.095s step_avg:1892.06ms
step:2381/3250 train_time:4504.923s step_avg:1892.03ms
step:2382/3250 train_time:4506.751s step_avg:1892.00ms
step:2383/3250 train_time:4508.577s step_avg:1891.98ms
step:2384/3250 train_time:4510.404s step_avg:1891.95ms
step:2385/3250 train_time:4513.064s step_avg:1892.27ms
step:2386/3250 train_time:4514.891s step_avg:1892.24ms
step:2387/3250 train_time:4516.717s step_avg:1892.21ms
step:2388/3250 train_time:4518.543s step_avg:1892.19ms
step:2389/3250 train_time:4520.370s step_avg:1892.16ms
step:2390/3250 train_time:4522.196s step_avg:1892.13ms
step:2391/3250 train_time:4524.023s step_avg:1892.11ms
step:2392/3250 train_time:4525.851s step_avg:1892.08ms
step:2393/3250 train_time:4527.679s step_avg:1892.05ms
step:2394/3250 train_time:4529.505s step_avg:1892.02ms
step:2395/3250 train_time:4531.332s step_avg:1892.00ms
step:2396/3250 train_time:4533.161s step_avg:1891.97ms
step:2397/3250 train_time:4534.988s step_avg:1891.94ms
step:2398/3250 train_time:4536.814s step_avg:1891.92ms
step:2399/3250 train_time:4538.640s step_avg:1891.89ms
step:2400/3250 train_time:4540.740s step_avg:1891.97ms
step:2401/3250 train_time:4543.400s step_avg:1892.29ms
step:2402/3250 train_time:4545.226s step_avg:1892.27ms
step:2403/3250 train_time:4547.053s step_avg:1892.24ms
step:2404/3250 train_time:4548.880s step_avg:1892.21ms
step:2405/3250 train_time:4550.708s step_avg:1892.19ms
step:2406/3250 train_time:4552.535s step_avg:1892.16ms
step:2407/3250 train_time:4554.362s step_avg:1892.13ms
step:2408/3250 train_time:4556.189s step_avg:1892.11ms
step:2409/3250 train_time:4558.017s step_avg:1892.08ms
step:2410/3250 train_time:4559.843s step_avg:1892.05ms
step:2411/3250 train_time:4561.670s step_avg:1892.02ms
step:2412/3250 train_time:4563.500s step_avg:1892.00ms
step:2413/3250 train_time:4565.328s step_avg:1891.97ms
step:2414/3250 train_time:4567.154s step_avg:1891.94ms
step:2415/3250 train_time:4568.982s step_avg:1891.92ms
step:2416/3250 train_time:4570.810s step_avg:1891.89ms
step:2417/3250 train_time:4573.471s step_avg:1892.21ms
step:2418/3250 train_time:4575.298s step_avg:1892.18ms
step:2419/3250 train_time:4577.124s step_avg:1892.16ms
step:2420/3250 train_time:4578.950s step_avg:1892.13ms
step:2421/3250 train_time:4580.778s step_avg:1892.10ms
step:2422/3250 train_time:4582.605s step_avg:1892.07ms
step:2423/3250 train_time:4584.432s step_avg:1892.05ms
step:2424/3250 train_time:4586.259s step_avg:1892.02ms
step:2425/3250 train_time:4588.359s step_avg:1892.11ms
step:2426/3250 train_time:4590.185s step_avg:1892.08ms
step:2427/3250 train_time:4592.012s step_avg:1892.05ms
step:2428/3250 train_time:4593.839s step_avg:1892.03ms
step:2429/3250 train_time:4595.666s step_avg:1892.00ms
step:2430/3250 train_time:4597.494s step_avg:1891.97ms
step:2431/3250 train_time:4599.320s step_avg:1891.95ms
step:2432/3250 train_time:4601.147s step_avg:1891.92ms
step:2433/3250 train_time:4603.808s step_avg:1892.24ms
step:2434/3250 train_time:4605.634s step_avg:1892.21ms
step:2435/3250 train_time:4607.462s step_avg:1892.18ms
step:2436/3250 train_time:4609.289s step_avg:1892.15ms
step:2437/3250 train_time:4611.115s step_avg:1892.13ms
step:2438/3250 train_time:4612.940s step_avg:1892.10ms
step:2439/3250 train_time:4614.766s step_avg:1892.07ms
step:2440/3250 train_time:4616.593s step_avg:1892.05ms
step:2441/3250 train_time:4618.420s step_avg:1892.02ms
step:2442/3250 train_time:4620.246s step_avg:1891.99ms
step:2443/3250 train_time:4622.074s step_avg:1891.97ms
step:2444/3250 train_time:4623.903s step_avg:1891.94ms
step:2445/3250 train_time:4625.730s step_avg:1891.91ms
step:2446/3250 train_time:4627.556s step_avg:1891.89ms
step:2447/3250 train_time:4629.383s step_avg:1891.86ms
step:2448/3250 train_time:4631.211s step_avg:1891.83ms
step:2449/3250 train_time:4633.871s step_avg:1892.15ms
step:2450/3250 train_time:4635.972s step_avg:1892.23ms
step:2451/3250 train_time:4637.798s step_avg:1892.21ms
step:2452/3250 train_time:4639.625s step_avg:1892.18ms
step:2453/3250 train_time:4641.452s step_avg:1892.15ms
step:2454/3250 train_time:4643.279s step_avg:1892.13ms
step:2455/3250 train_time:4645.106s step_avg:1892.10ms
step:2456/3250 train_time:4646.933s step_avg:1892.07ms
step:2457/3250 train_time:4648.762s step_avg:1892.05ms
step:2458/3250 train_time:4650.589s step_avg:1892.02ms
step:2459/3250 train_time:4652.416s step_avg:1892.00ms
step:2460/3250 train_time:4654.244s step_avg:1891.97ms
step:2461/3250 train_time:4656.071s step_avg:1891.94ms
step:2462/3250 train_time:4657.897s step_avg:1891.92ms
step:2463/3250 train_time:4659.724s step_avg:1891.89ms
step:2464/3250 train_time:4661.551s step_avg:1891.86ms
step:2465/3250 train_time:4664.211s step_avg:1892.17ms
step:2466/3250 train_time:4666.037s step_avg:1892.15ms
step:2467/3250 train_time:4667.864s step_avg:1892.12ms
step:2468/3250 train_time:4669.690s step_avg:1892.09ms
step:2469/3250 train_time:4671.517s step_avg:1892.07ms
step:2470/3250 train_time:4673.343s step_avg:1892.04ms
step:2471/3250 train_time:4675.210s step_avg:1892.03ms
step:2472/3250 train_time:4677.036s step_avg:1892.00ms
step:2473/3250 train_time:4678.863s step_avg:1891.98ms
step:2474/3250 train_time:4680.689s step_avg:1891.95ms
step:2475/3250 train_time:4682.792s step_avg:1892.04ms
step:2476/3250 train_time:4684.619s step_avg:1892.01ms
step:2477/3250 train_time:4686.445s step_avg:1891.98ms
step:2478/3250 train_time:4688.271s step_avg:1891.96ms
step:2479/3250 train_time:4690.097s step_avg:1891.93ms
step:2480/3250 train_time:4691.923s step_avg:1891.90ms
step:2481/3250 train_time:4694.584s step_avg:1892.21ms
step:2482/3250 train_time:4696.410s step_avg:1892.19ms
step:2483/3250 train_time:4698.236s step_avg:1892.16ms
step:2484/3250 train_time:4700.062s step_avg:1892.13ms
step:2485/3250 train_time:4701.888s step_avg:1892.11ms
step:2486/3250 train_time:4703.718s step_avg:1892.08ms
step:2487/3250 train_time:4705.545s step_avg:1892.06ms
step:2488/3250 train_time:4707.371s step_avg:1892.03ms
step:2489/3250 train_time:4709.197s step_avg:1892.00ms
step:2490/3250 train_time:4711.024s step_avg:1891.98ms
step:2491/3250 train_time:4712.850s step_avg:1891.95ms
step:2492/3250 train_time:4714.677s step_avg:1891.92ms
step:2493/3250 train_time:4716.504s step_avg:1891.90ms
step:2494/3250 train_time:4718.331s step_avg:1891.87ms
step:2495/3250 train_time:4720.157s step_avg:1891.85ms
step:2496/3250 train_time:4721.983s step_avg:1891.82ms
step:2497/3250 train_time:4724.644s step_avg:1892.13ms
step:2498/3250 train_time:4726.470s step_avg:1892.10ms
step:2499/3250 train_time:4728.298s step_avg:1892.08ms
step:2500/3250 train_time:4730.465s step_avg:1892.19ms
step:2500/3250 val_loss:3.35625 train_time:4730.466s step_avg:1892.03ms
step:2501/3250 train_time:4732.295s step_avg:1892.16ms
step:2502/3250 train_time:4734.122s step_avg:1892.14ms
step:2503/3250 train_time:4735.949s step_avg:1892.11ms
step:2504/3250 train_time:4737.775s step_avg:1892.08ms
step:2505/3250 train_time:4739.603s step_avg:1892.06ms
step:2506/3250 train_time:4741.430s step_avg:1892.03ms
step:2507/3250 train_time:4743.257s step_avg:1892.01ms
step:2508/3250 train_time:4745.084s step_avg:1891.98ms
step:2509/3250 train_time:4746.912s step_avg:1891.95ms
step:2510/3250 train_time:4748.739s step_avg:1891.93ms
step:2511/3250 train_time:4750.566s step_avg:1891.90ms
step:2512/3250 train_time:4752.394s step_avg:1891.88ms
step:2513/3250 train_time:4755.056s step_avg:1892.18ms
step:2514/3250 train_time:4756.882s step_avg:1892.16ms
step:2515/3250 train_time:4758.710s step_avg:1892.13ms
step:2516/3250 train_time:4760.536s step_avg:1892.11ms
step:2517/3250 train_time:4762.364s step_avg:1892.08ms
step:2518/3250 train_time:4764.190s step_avg:1892.05ms
step:2519/3250 train_time:4766.017s step_avg:1892.03ms
step:2520/3250 train_time:4767.844s step_avg:1892.00ms
step:2521/3250 train_time:4769.671s step_avg:1891.98ms
step:2522/3250 train_time:4771.500s step_avg:1891.95ms
step:2523/3250 train_time:4773.328s step_avg:1891.93ms
step:2524/3250 train_time:4775.156s step_avg:1891.90ms
step:2525/3250 train_time:4777.255s step_avg:1891.98ms
step:2526/3250 train_time:4779.081s step_avg:1891.96ms
step:2527/3250 train_time:4780.908s step_avg:1891.93ms
step:2528/3250 train_time:4782.737s step_avg:1891.91ms
step:2529/3250 train_time:4785.399s step_avg:1892.21ms
step:2530/3250 train_time:4787.226s step_avg:1892.18ms
step:2531/3250 train_time:4789.054s step_avg:1892.16ms
step:2532/3250 train_time:4790.883s step_avg:1892.13ms
step:2533/3250 train_time:4792.711s step_avg:1892.11ms
step:2534/3250 train_time:4794.540s step_avg:1892.08ms
step:2535/3250 train_time:4796.369s step_avg:1892.06ms
step:2536/3250 train_time:4798.197s step_avg:1892.03ms
step:2537/3250 train_time:4800.024s step_avg:1892.01ms
step:2538/3250 train_time:4801.853s step_avg:1891.98ms
step:2539/3250 train_time:4803.682s step_avg:1891.96ms
step:2540/3250 train_time:4805.511s step_avg:1891.93ms
step:2541/3250 train_time:4807.338s step_avg:1891.91ms
step:2542/3250 train_time:4809.166s step_avg:1891.88ms
step:2543/3250 train_time:4810.996s step_avg:1891.86ms
step:2544/3250 train_time:4812.826s step_avg:1891.83ms
step:2545/3250 train_time:4815.488s step_avg:1892.14ms
step:2546/3250 train_time:4817.316s step_avg:1892.11ms
step:2547/3250 train_time:4819.143s step_avg:1892.09ms
step:2548/3250 train_time:4820.970s step_avg:1892.06ms
step:2549/3250 train_time:4822.798s step_avg:1892.04ms
step:2550/3250 train_time:4824.897s step_avg:1892.12ms
step:2551/3250 train_time:4826.724s step_avg:1892.09ms
step:2552/3250 train_time:4828.551s step_avg:1892.07ms
step:2553/3250 train_time:4830.378s step_avg:1892.04ms
step:2554/3250 train_time:4832.205s step_avg:1892.01ms
step:2555/3250 train_time:4834.032s step_avg:1891.99ms
step:2556/3250 train_time:4835.858s step_avg:1891.96ms
step:2557/3250 train_time:4837.685s step_avg:1891.94ms
step:2558/3250 train_time:4839.511s step_avg:1891.91ms
step:2559/3250 train_time:4841.339s step_avg:1891.89ms
step:2560/3250 train_time:4843.167s step_avg:1891.86ms
step:2561/3250 train_time:4845.829s step_avg:1892.16ms
step:2562/3250 train_time:4847.655s step_avg:1892.14ms
step:2563/3250 train_time:4849.483s step_avg:1892.11ms
step:2564/3250 train_time:4851.310s step_avg:1892.09ms
step:2565/3250 train_time:4853.139s step_avg:1892.06ms
step:2566/3250 train_time:4854.967s step_avg:1892.04ms
step:2567/3250 train_time:4856.794s step_avg:1892.01ms
step:2568/3250 train_time:4858.621s step_avg:1891.99ms
step:2569/3250 train_time:4860.451s step_avg:1891.96ms
step:2570/3250 train_time:4862.279s step_avg:1891.94ms
step:2571/3250 train_time:4864.107s step_avg:1891.91ms
step:2572/3250 train_time:4865.934s step_avg:1891.89ms
step:2573/3250 train_time:4867.762s step_avg:1891.86ms
step:2574/3250 train_time:4869.590s step_avg:1891.84ms
step:2575/3250 train_time:4871.692s step_avg:1891.92ms
step:2576/3250 train_time:4873.519s step_avg:1891.89ms
step:2577/3250 train_time:4876.180s step_avg:1892.19ms
step:2578/3250 train_time:4878.007s step_avg:1892.17ms
step:2579/3250 train_time:4879.834s step_avg:1892.14ms
step:2580/3250 train_time:4881.662s step_avg:1892.12ms
step:2581/3250 train_time:4883.490s step_avg:1892.09ms
step:2582/3250 train_time:4885.317s step_avg:1892.07ms
step:2583/3250 train_time:4887.144s step_avg:1892.04ms
step:2584/3250 train_time:4888.970s step_avg:1892.02ms
step:2585/3250 train_time:4890.798s step_avg:1891.99ms
step:2586/3250 train_time:4892.626s step_avg:1891.97ms
step:2587/3250 train_time:4894.455s step_avg:1891.94ms
step:2588/3250 train_time:4896.282s step_avg:1891.92ms
step:2589/3250 train_time:4898.110s step_avg:1891.89ms
step:2590/3250 train_time:4899.937s step_avg:1891.87ms
step:2591/3250 train_time:4901.765s step_avg:1891.84ms
step:2592/3250 train_time:4903.593s step_avg:1891.82ms
step:2593/3250 train_time:4906.255s step_avg:1892.12ms
step:2594/3250 train_time:4908.081s step_avg:1892.09ms
step:2595/3250 train_time:4909.909s step_avg:1892.07ms
step:2596/3250 train_time:4911.739s step_avg:1892.04ms
step:2597/3250 train_time:4913.566s step_avg:1892.02ms
step:2598/3250 train_time:4915.392s step_avg:1891.99ms
step:2599/3250 train_time:4917.220s step_avg:1891.97ms
step:2600/3250 train_time:4919.320s step_avg:1892.05ms
step:2601/3250 train_time:4921.148s step_avg:1892.02ms
step:2602/3250 train_time:4922.975s step_avg:1892.00ms
step:2603/3250 train_time:4924.802s step_avg:1891.97ms
step:2604/3250 train_time:4926.630s step_avg:1891.95ms
step:2605/3250 train_time:4928.457s step_avg:1891.92ms
step:2606/3250 train_time:4930.284s step_avg:1891.90ms
step:2607/3250 train_time:4932.112s step_avg:1891.87ms
step:2608/3250 train_time:4933.940s step_avg:1891.85ms
step:2609/3250 train_time:4936.602s step_avg:1892.14ms
step:2610/3250 train_time:4938.428s step_avg:1892.12ms
step:2611/3250 train_time:4940.255s step_avg:1892.09ms
step:2612/3250 train_time:4942.084s step_avg:1892.07ms
step:2613/3250 train_time:4943.911s step_avg:1892.04ms
step:2614/3250 train_time:4945.737s step_avg:1892.02ms
step:2615/3250 train_time:4947.565s step_avg:1891.99ms
step:2616/3250 train_time:4949.392s step_avg:1891.97ms
step:2617/3250 train_time:4951.219s step_avg:1891.94ms
step:2618/3250 train_time:4953.046s step_avg:1891.92ms
step:2619/3250 train_time:4954.874s step_avg:1891.90ms
step:2620/3250 train_time:4956.702s step_avg:1891.87ms
step:2621/3250 train_time:4958.529s step_avg:1891.85ms
step:2622/3250 train_time:4960.356s step_avg:1891.82ms
step:2623/3250 train_time:4962.185s step_avg:1891.80ms
step:2624/3250 train_time:4964.013s step_avg:1891.77ms
step:2625/3250 train_time:4967.012s step_avg:1892.20ms
step:2625/3250 val_loss:3.33664 train_time:4967.012s step_avg:1892.37ms
step:2626/3250 train_time:4968.841s step_avg:1892.17ms
step:2627/3250 train_time:4970.670s step_avg:1892.15ms
step:2628/3250 train_time:4972.497s step_avg:1892.12ms
step:2629/3250 train_time:4974.324s step_avg:1892.10ms
step:2630/3250 train_time:4976.152s step_avg:1892.07ms
step:2631/3250 train_time:4977.980s step_avg:1892.05ms
step:2632/3250 train_time:4979.809s step_avg:1892.02ms
step:2633/3250 train_time:4981.637s step_avg:1892.00ms
step:2634/3250 train_time:4983.465s step_avg:1891.98ms
step:2635/3250 train_time:4985.293s step_avg:1891.95ms
step:2636/3250 train_time:4987.121s step_avg:1891.93ms
step:2637/3250 train_time:4988.948s step_avg:1891.90ms
step:2638/3250 train_time:4990.777s step_avg:1891.88ms
step:2639/3250 train_time:4992.606s step_avg:1891.86ms
step:2640/3250 train_time:4994.435s step_avg:1891.83ms
step:2641/3250 train_time:4997.097s step_avg:1892.12ms
step:2642/3250 train_time:4998.925s step_avg:1892.10ms
step:2643/3250 train_time:5000.753s step_avg:1892.07ms
step:2644/3250 train_time:5002.580s step_avg:1892.05ms
step:2645/3250 train_time:5004.407s step_avg:1892.03ms
step:2646/3250 train_time:5006.235s step_avg:1892.00ms
step:2647/3250 train_time:5008.061s step_avg:1891.98ms
step:2648/3250 train_time:5009.891s step_avg:1891.95ms
step:2649/3250 train_time:5011.718s step_avg:1891.93ms
step:2650/3250 train_time:5013.818s step_avg:1892.01ms
step:2651/3250 train_time:5015.645s step_avg:1891.98ms
step:2652/3250 train_time:5017.473s step_avg:1891.96ms
step:2653/3250 train_time:5019.302s step_avg:1891.93ms
step:2654/3250 train_time:5021.131s step_avg:1891.91ms
step:2655/3250 train_time:5022.958s step_avg:1891.89ms
step:2656/3250 train_time:5024.785s step_avg:1891.86ms
step:2657/3250 train_time:5027.447s step_avg:1892.15ms
step:2658/3250 train_time:5029.273s step_avg:1892.13ms
step:2659/3250 train_time:5031.101s step_avg:1892.10ms
step:2660/3250 train_time:5032.929s step_avg:1892.08ms
step:2661/3250 train_time:5034.791s step_avg:1892.07ms
step:2662/3250 train_time:5036.618s step_avg:1892.04ms
step:2663/3250 train_time:5038.445s step_avg:1892.02ms
step:2664/3250 train_time:5040.274s step_avg:1891.99ms
step:2665/3250 train_time:5042.102s step_avg:1891.97ms
step:2666/3250 train_time:5043.929s step_avg:1891.95ms
step:2667/3250 train_time:5045.758s step_avg:1891.92ms
step:2668/3250 train_time:5047.586s step_avg:1891.90ms
step:2669/3250 train_time:5049.414s step_avg:1891.88ms
step:2670/3250 train_time:5051.243s step_avg:1891.85ms
step:2671/3250 train_time:5053.072s step_avg:1891.83ms
step:2672/3250 train_time:5054.901s step_avg:1891.80ms
step:2673/3250 train_time:5057.562s step_avg:1892.09ms
step:2674/3250 train_time:5059.390s step_avg:1892.07ms
step:2675/3250 train_time:5061.493s step_avg:1892.15ms
step:2676/3250 train_time:5063.321s step_avg:1892.12ms
step:2677/3250 train_time:5065.148s step_avg:1892.10ms
step:2678/3250 train_time:5066.975s step_avg:1892.07ms
step:2679/3250 train_time:5068.804s step_avg:1892.05ms
step:2680/3250 train_time:5070.632s step_avg:1892.03ms
step:2681/3250 train_time:5072.460s step_avg:1892.00ms
step:2682/3250 train_time:5074.287s step_avg:1891.98ms
step:2683/3250 train_time:5076.116s step_avg:1891.96ms
step:2684/3250 train_time:5077.944s step_avg:1891.93ms
step:2685/3250 train_time:5079.774s step_avg:1891.91ms
step:2686/3250 train_time:5081.604s step_avg:1891.89ms
step:2687/3250 train_time:5083.432s step_avg:1891.86ms
step:2688/3250 train_time:5085.259s step_avg:1891.84ms
step:2689/3250 train_time:5087.920s step_avg:1892.12ms
step:2690/3250 train_time:5089.747s step_avg:1892.10ms
step:2691/3250 train_time:5091.575s step_avg:1892.08ms
step:2692/3250 train_time:5093.403s step_avg:1892.05ms
step:2693/3250 train_time:5095.231s step_avg:1892.03ms
step:2694/3250 train_time:5097.059s step_avg:1892.00ms
step:2695/3250 train_time:5098.886s step_avg:1891.98ms
step:2696/3250 train_time:5100.714s step_avg:1891.96ms
step:2697/3250 train_time:5102.543s step_avg:1891.93ms
step:2698/3250 train_time:5104.371s step_avg:1891.91ms
step:2699/3250 train_time:5106.199s step_avg:1891.89ms
step:2700/3250 train_time:5108.301s step_avg:1891.96ms
step:2701/3250 train_time:5110.133s step_avg:1891.94ms
step:2702/3250 train_time:5111.962s step_avg:1891.92ms
step:2703/3250 train_time:5113.790s step_avg:1891.89ms
step:2704/3250 train_time:5115.618s step_avg:1891.87ms
step:2705/3250 train_time:5118.280s step_avg:1892.16ms
step:2706/3250 train_time:5120.109s step_avg:1892.13ms
step:2707/3250 train_time:5121.937s step_avg:1892.11ms
step:2708/3250 train_time:5123.764s step_avg:1892.08ms
step:2709/3250 train_time:5125.592s step_avg:1892.06ms
step:2710/3250 train_time:5127.419s step_avg:1892.04ms
step:2711/3250 train_time:5129.247s step_avg:1892.01ms
step:2712/3250 train_time:5131.076s step_avg:1891.99ms
step:2713/3250 train_time:5132.903s step_avg:1891.97ms
step:2714/3250 train_time:5134.731s step_avg:1891.94ms
step:2715/3250 train_time:5136.560s step_avg:1891.92ms
step:2716/3250 train_time:5138.388s step_avg:1891.90ms
step:2717/3250 train_time:5140.217s step_avg:1891.87ms
step:2718/3250 train_time:5142.044s step_avg:1891.85ms
step:2719/3250 train_time:5143.873s step_avg:1891.83ms
step:2720/3250 train_time:5145.701s step_avg:1891.80ms
step:2721/3250 train_time:5148.363s step_avg:1892.08ms
step:2722/3250 train_time:5150.191s step_avg:1892.06ms
step:2723/3250 train_time:5152.019s step_avg:1892.04ms
step:2724/3250 train_time:5153.846s step_avg:1892.01ms
step:2725/3250 train_time:5155.946s step_avg:1892.09ms
step:2726/3250 train_time:5157.773s step_avg:1892.07ms
step:2727/3250 train_time:5159.601s step_avg:1892.04ms
step:2728/3250 train_time:5161.429s step_avg:1892.02ms
step:2729/3250 train_time:5163.256s step_avg:1892.00ms
step:2730/3250 train_time:5165.084s step_avg:1891.97ms
step:2731/3250 train_time:5166.912s step_avg:1891.95ms
step:2732/3250 train_time:5168.740s step_avg:1891.93ms
step:2733/3250 train_time:5170.567s step_avg:1891.90ms
step:2734/3250 train_time:5172.395s step_avg:1891.88ms
step:2735/3250 train_time:5174.224s step_avg:1891.86ms
step:2736/3250 train_time:5176.052s step_avg:1891.83ms
step:2737/3250 train_time:5178.714s step_avg:1892.11ms
step:2738/3250 train_time:5180.542s step_avg:1892.09ms
step:2739/3250 train_time:5182.369s step_avg:1892.07ms
step:2740/3250 train_time:5184.196s step_avg:1892.04ms
step:2741/3250 train_time:5186.023s step_avg:1892.02ms
step:2742/3250 train_time:5187.850s step_avg:1892.00ms
step:2743/3250 train_time:5189.679s step_avg:1891.97ms
step:2744/3250 train_time:5191.506s step_avg:1891.95ms
step:2745/3250 train_time:5193.334s step_avg:1891.92ms
step:2746/3250 train_time:5195.161s step_avg:1891.90ms
step:2747/3250 train_time:5196.988s step_avg:1891.88ms
step:2748/3250 train_time:5198.816s step_avg:1891.85ms
step:2749/3250 train_time:5200.644s step_avg:1891.83ms
step:2750/3250 train_time:5202.812s step_avg:1891.93ms
step:2750/3250 val_loss:3.31857 train_time:5202.812s step_avg:1886.40ms
step:2751/3250 train_time:5204.642s step_avg:1891.91ms
step:2752/3250 train_time:5206.470s step_avg:1891.89ms
step:2753/3250 train_time:5209.133s step_avg:1892.17ms
step:2754/3250 train_time:5210.961s step_avg:1892.14ms
step:2755/3250 train_time:5212.788s step_avg:1892.12ms
step:2756/3250 train_time:5214.618s step_avg:1892.10ms
step:2757/3250 train_time:5216.447s step_avg:1892.07ms
step:2758/3250 train_time:5218.276s step_avg:1892.05ms
step:2759/3250 train_time:5220.104s step_avg:1892.03ms
step:2760/3250 train_time:5221.933s step_avg:1892.00ms
step:2761/3250 train_time:5223.762s step_avg:1891.98ms
step:2762/3250 train_time:5225.590s step_avg:1891.96ms
step:2763/3250 train_time:5227.418s step_avg:1891.94ms
step:2764/3250 train_time:5229.247s step_avg:1891.91ms
step:2765/3250 train_time:5231.076s step_avg:1891.89ms
step:2766/3250 train_time:5232.904s step_avg:1891.87ms
step:2767/3250 train_time:5234.733s step_avg:1891.84ms
step:2768/3250 train_time:5236.562s step_avg:1891.82ms
step:2769/3250 train_time:5239.224s step_avg:1892.10ms
step:2770/3250 train_time:5241.051s step_avg:1892.08ms
step:2771/3250 train_time:5242.879s step_avg:1892.05ms
step:2772/3250 train_time:5244.706s step_avg:1892.03ms
step:2773/3250 train_time:5246.534s step_avg:1892.01ms
step:2774/3250 train_time:5248.365s step_avg:1891.98ms
step:2775/3250 train_time:5250.465s step_avg:1892.06ms
step:2776/3250 train_time:5252.293s step_avg:1892.04ms
step:2777/3250 train_time:5254.120s step_avg:1892.01ms
step:2778/3250 train_time:5255.947s step_avg:1891.99ms
step:2779/3250 train_time:5257.776s step_avg:1891.97ms
step:2780/3250 train_time:5259.604s step_avg:1891.94ms
step:2781/3250 train_time:5261.431s step_avg:1891.92ms
step:2782/3250 train_time:5263.258s step_avg:1891.90ms
step:2783/3250 train_time:5265.086s step_avg:1891.87ms
step:2784/3250 train_time:5266.914s step_avg:1891.85ms
step:2785/3250 train_time:5269.576s step_avg:1892.13ms
step:2786/3250 train_time:5271.404s step_avg:1892.10ms
step:2787/3250 train_time:5273.232s step_avg:1892.08ms
step:2788/3250 train_time:5275.059s step_avg:1892.06ms
step:2789/3250 train_time:5276.886s step_avg:1892.04ms
step:2790/3250 train_time:5278.717s step_avg:1892.01ms
step:2791/3250 train_time:5280.545s step_avg:1891.99ms
step:2792/3250 train_time:5282.372s step_avg:1891.97ms
step:2793/3250 train_time:5284.199s step_avg:1891.94ms
step:2794/3250 train_time:5286.027s step_avg:1891.92ms
step:2795/3250 train_time:5287.855s step_avg:1891.90ms
step:2796/3250 train_time:5289.684s step_avg:1891.88ms
step:2797/3250 train_time:5291.512s step_avg:1891.85ms
step:2798/3250 train_time:5293.341s step_avg:1891.83ms
step:2799/3250 train_time:5295.169s step_avg:1891.81ms
step:2800/3250 train_time:5297.269s step_avg:1891.88ms
step:2801/3250 train_time:5299.931s step_avg:1892.16ms
step:2802/3250 train_time:5301.758s step_avg:1892.13ms
step:2803/3250 train_time:5303.585s step_avg:1892.11ms
step:2804/3250 train_time:5305.412s step_avg:1892.09ms
step:2805/3250 train_time:5307.240s step_avg:1892.06ms
step:2806/3250 train_time:5309.069s step_avg:1892.04ms
step:2807/3250 train_time:5310.895s step_avg:1892.02ms
step:2808/3250 train_time:5312.723s step_avg:1892.00ms
step:2809/3250 train_time:5314.551s step_avg:1891.97ms
step:2810/3250 train_time:5316.380s step_avg:1891.95ms
step:2811/3250 train_time:5318.208s step_avg:1891.93ms
step:2812/3250 train_time:5320.035s step_avg:1891.90ms
step:2813/3250 train_time:5321.862s step_avg:1891.88ms
step:2814/3250 train_time:5323.690s step_avg:1891.86ms
step:2815/3250 train_time:5325.516s step_avg:1891.84ms
step:2816/3250 train_time:5327.344s step_avg:1891.81ms
step:2817/3250 train_time:5330.005s step_avg:1892.09ms
step:2818/3250 train_time:5331.831s step_avg:1892.06ms
step:2819/3250 train_time:5333.658s step_avg:1892.04ms
step:2820/3250 train_time:5335.487s step_avg:1892.02ms
step:2821/3250 train_time:5337.315s step_avg:1891.99ms
step:2822/3250 train_time:5339.143s step_avg:1891.97ms
step:2823/3250 train_time:5340.970s step_avg:1891.95ms
step:2824/3250 train_time:5342.798s step_avg:1891.93ms
step:2825/3250 train_time:5344.897s step_avg:1892.00ms
step:2826/3250 train_time:5346.725s step_avg:1891.98ms
step:2827/3250 train_time:5348.553s step_avg:1891.95ms
step:2828/3250 train_time:5350.380s step_avg:1891.93ms
step:2829/3250 train_time:5352.208s step_avg:1891.91ms
step:2830/3250 train_time:5354.039s step_avg:1891.89ms
step:2831/3250 train_time:5355.868s step_avg:1891.86ms
step:2832/3250 train_time:5357.696s step_avg:1891.84ms
step:2833/3250 train_time:5360.358s step_avg:1892.11ms
step:2834/3250 train_time:5362.186s step_avg:1892.09ms
step:2835/3250 train_time:5364.013s step_avg:1892.07ms
step:2836/3250 train_time:5365.842s step_avg:1892.05ms
step:2837/3250 train_time:5367.670s step_avg:1892.02ms
step:2838/3250 train_time:5369.497s step_avg:1892.00ms
step:2839/3250 train_time:5371.325s step_avg:1891.98ms
step:2840/3250 train_time:5373.151s step_avg:1891.95ms
step:2841/3250 train_time:5374.978s step_avg:1891.93ms
step:2842/3250 train_time:5376.805s step_avg:1891.91ms
step:2843/3250 train_time:5378.633s step_avg:1891.89ms
step:2844/3250 train_time:5380.462s step_avg:1891.86ms
step:2845/3250 train_time:5382.289s step_avg:1891.84ms
step:2846/3250 train_time:5384.116s step_avg:1891.82ms
step:2847/3250 train_time:5385.943s step_avg:1891.80ms
step:2848/3250 train_time:5387.770s step_avg:1891.77ms
step:2849/3250 train_time:5390.432s step_avg:1892.04ms
step:2850/3250 train_time:5392.536s step_avg:1892.12ms
step:2851/3250 train_time:5394.402s step_avg:1892.11ms
step:2852/3250 train_time:5396.229s step_avg:1892.09ms
step:2853/3250 train_time:5398.057s step_avg:1892.06ms
step:2854/3250 train_time:5399.885s step_avg:1892.04ms
step:2855/3250 train_time:5401.713s step_avg:1892.02ms
step:2856/3250 train_time:5403.540s step_avg:1892.00ms
step:2857/3250 train_time:5405.367s step_avg:1891.97ms
step:2858/3250 train_time:5407.195s step_avg:1891.95ms
step:2859/3250 train_time:5409.023s step_avg:1891.93ms
step:2860/3250 train_time:5410.850s step_avg:1891.91ms
step:2861/3250 train_time:5412.677s step_avg:1891.88ms
step:2862/3250 train_time:5414.504s step_avg:1891.86ms
step:2863/3250 train_time:5416.330s step_avg:1891.84ms
step:2864/3250 train_time:5418.160s step_avg:1891.82ms
step:2865/3250 train_time:5420.821s step_avg:1892.08ms
step:2866/3250 train_time:5422.648s step_avg:1892.06ms
step:2867/3250 train_time:5424.474s step_avg:1892.04ms
step:2868/3250 train_time:5426.303s step_avg:1892.02ms
step:2869/3250 train_time:5428.132s step_avg:1891.99ms
step:2870/3250 train_time:5429.960s step_avg:1891.97ms
step:2871/3250 train_time:5431.786s step_avg:1891.95ms
step:2872/3250 train_time:5433.613s step_avg:1891.93ms
step:2873/3250 train_time:5435.440s step_avg:1891.90ms
step:2874/3250 train_time:5437.268s step_avg:1891.88ms
step:2875/3250 train_time:5439.437s step_avg:1891.98ms
step:2875/3250 val_loss:3.30132 train_time:5439.438s step_avg:1893.00ms
step:2876/3250 train_time:5441.266s step_avg:1891.96ms
step:2877/3250 train_time:5443.095s step_avg:1891.93ms
step:2878/3250 train_time:5444.922s step_avg:1891.91ms
step:2879/3250 train_time:5446.750s step_avg:1891.89ms
step:2880/3250 train_time:5448.576s step_avg:1891.87ms
step:2881/3250 train_time:5451.238s step_avg:1892.13ms
step:2882/3250 train_time:5453.064s step_avg:1892.11ms
step:2883/3250 train_time:5454.891s step_avg:1892.09ms
step:2884/3250 train_time:5456.719s step_avg:1892.07ms
step:2885/3250 train_time:5458.545s step_avg:1892.04ms
step:2886/3250 train_time:5460.372s step_avg:1892.02ms
step:2887/3250 train_time:5462.198s step_avg:1892.00ms
step:2888/3250 train_time:5464.026s step_avg:1891.98ms
step:2889/3250 train_time:5465.852s step_avg:1891.95ms
step:2890/3250 train_time:5467.680s step_avg:1891.93ms
step:2891/3250 train_time:5469.507s step_avg:1891.91ms
step:2892/3250 train_time:5471.334s step_avg:1891.89ms
step:2893/3250 train_time:5473.161s step_avg:1891.86ms
step:2894/3250 train_time:5474.988s step_avg:1891.84ms
step:2895/3250 train_time:5476.816s step_avg:1891.82ms
step:2896/3250 train_time:5478.643s step_avg:1891.80ms
step:2897/3250 train_time:5481.304s step_avg:1892.06ms
step:2898/3250 train_time:5483.131s step_avg:1892.04ms
step:2899/3250 train_time:5484.958s step_avg:1892.02ms
step:2900/3250 train_time:5487.059s step_avg:1892.09ms
step:2901/3250 train_time:5488.885s step_avg:1892.07ms
step:2902/3250 train_time:5490.711s step_avg:1892.04ms
step:2903/3250 train_time:5492.538s step_avg:1892.02ms
step:2904/3250 train_time:5494.365s step_avg:1892.00ms
step:2905/3250 train_time:5496.192s step_avg:1891.98ms
step:2906/3250 train_time:5498.019s step_avg:1891.95ms
step:2907/3250 train_time:5499.845s step_avg:1891.93ms
step:2908/3250 train_time:5501.673s step_avg:1891.91ms
step:2909/3250 train_time:5503.499s step_avg:1891.89ms
step:2910/3250 train_time:5505.326s step_avg:1891.86ms
step:2911/3250 train_time:5507.153s step_avg:1891.84ms
step:2912/3250 train_time:5508.980s step_avg:1891.82ms
step:2913/3250 train_time:5511.641s step_avg:1892.08ms
step:2914/3250 train_time:5513.467s step_avg:1892.06ms
step:2915/3250 train_time:5515.293s step_avg:1892.04ms
step:2916/3250 train_time:5517.119s step_avg:1892.02ms
step:2917/3250 train_time:5518.945s step_avg:1891.99ms
step:2918/3250 train_time:5520.772s step_avg:1891.97ms
step:2919/3250 train_time:5522.599s step_avg:1891.95ms
step:2920/3250 train_time:5524.426s step_avg:1891.93ms
step:2921/3250 train_time:5526.252s step_avg:1891.90ms
step:2922/3250 train_time:5528.079s step_avg:1891.88ms
step:2923/3250 train_time:5529.906s step_avg:1891.86ms
step:2924/3250 train_time:5531.733s step_avg:1891.84ms
step:2925/3250 train_time:5533.833s step_avg:1891.91ms
step:2925/3250 val_loss:3.29452 train_time:5533.833s step_avg:1887.91ms
step:2926/3250 train_time:5535.662s step_avg:1891.89ms
step:2927/3250 train_time:5537.491s step_avg:1891.87ms
step:2928/3250 train_time:5539.317s step_avg:1891.84ms
step:2929/3250 train_time:5541.979s step_avg:1892.11ms
step:2930/3250 train_time:5543.806s step_avg:1892.08ms
step:2931/3250 train_time:5545.633s step_avg:1892.06ms
step:2932/3250 train_time:5547.461s step_avg:1892.04ms
step:2933/3250 train_time:5549.290s step_avg:1892.02ms
step:2934/3250 train_time:5551.119s step_avg:1892.00ms
step:2935/3250 train_time:5552.947s step_avg:1891.98ms
step:2936/3250 train_time:5554.774s step_avg:1891.95ms
step:2937/3250 train_time:5556.603s step_avg:1891.93ms
step:2938/3250 train_time:5558.432s step_avg:1891.91ms
step:2939/3250 train_time:5560.259s step_avg:1891.89ms
step:2940/3250 train_time:5562.087s step_avg:1891.87ms
step:2941/3250 train_time:5563.914s step_avg:1891.84ms
step:2942/3250 train_time:5565.743s step_avg:1891.82ms
step:2943/3250 train_time:5567.570s step_avg:1891.80ms
step:2944/3250 train_time:5569.399s step_avg:1891.78ms
step:2945/3250 train_time:5572.060s step_avg:1892.04ms
step:2946/3250 train_time:5573.886s step_avg:1892.02ms
step:2947/3250 train_time:5575.715s step_avg:1892.00ms
step:2948/3250 train_time:5577.543s step_avg:1891.98ms
step:2949/3250 train_time:5579.369s step_avg:1891.95ms
step:2950/3250 train_time:5581.471s step_avg:1892.02ms
step:2950/3250 val_loss:3.29143 train_time:5581.472s step_avg:1905.55ms
step:2951/3250 train_time:5583.300s step_avg:1892.00ms
step:2952/3250 train_time:5585.128s step_avg:1891.98ms
step:2953/3250 train_time:5586.956s step_avg:1891.96ms
step:2954/3250 train_time:5588.783s step_avg:1891.94ms
step:2955/3250 train_time:5590.611s step_avg:1891.92ms
step:2956/3250 train_time:5592.438s step_avg:1891.89ms
step:2957/3250 train_time:5594.265s step_avg:1891.87ms
step:2958/3250 train_time:5596.092s step_avg:1891.85ms
step:2959/3250 train_time:5597.920s step_avg:1891.83ms
step:2960/3250 train_time:5599.747s step_avg:1891.81ms
step:2961/3250 train_time:5602.408s step_avg:1892.07ms
step:2962/3250 train_time:5604.236s step_avg:1892.04ms
step:2963/3250 train_time:5606.063s step_avg:1892.02ms
step:2964/3250 train_time:5607.890s step_avg:1892.00ms
step:2965/3250 train_time:5609.717s step_avg:1891.98ms
step:2966/3250 train_time:5611.544s step_avg:1891.96ms
step:2967/3250 train_time:5613.370s step_avg:1891.93ms
step:2968/3250 train_time:5615.197s step_avg:1891.91ms
step:2969/3250 train_time:5617.023s step_avg:1891.89ms
step:2970/3250 train_time:5618.850s step_avg:1891.87ms
step:2971/3250 train_time:5620.677s step_avg:1891.85ms
step:2972/3250 train_time:5622.503s step_avg:1891.82ms
step:2973/3250 train_time:5624.330s step_avg:1891.80ms
step:2974/3250 train_time:5626.158s step_avg:1891.78ms
step:2975/3250 train_time:5628.256s step_avg:1891.85ms
step:2975/3250 val_loss:3.28840 train_time:5628.257s step_avg:1871.40ms
step:2976/3250 train_time:5630.085s step_avg:1891.83ms
step:2977/3250 train_time:5632.746s step_avg:1892.09ms
step:2978/3250 train_time:5634.573s step_avg:1892.07ms
step:2979/3250 train_time:5636.401s step_avg:1892.04ms
step:2980/3250 train_time:5638.229s step_avg:1892.02ms
step:2981/3250 train_time:5640.056s step_avg:1892.00ms
step:2982/3250 train_time:5641.884s step_avg:1891.98ms
step:2983/3250 train_time:5643.711s step_avg:1891.96ms
step:2984/3250 train_time:5645.539s step_avg:1891.94ms
step:2985/3250 train_time:5647.365s step_avg:1891.91ms
step:2986/3250 train_time:5649.193s step_avg:1891.89ms
step:2987/3250 train_time:5651.023s step_avg:1891.87ms
step:2988/3250 train_time:5652.852s step_avg:1891.85ms
step:2989/3250 train_time:5654.679s step_avg:1891.83ms
step:2990/3250 train_time:5656.506s step_avg:1891.81ms
step:2991/3250 train_time:5658.332s step_avg:1891.79ms
step:2992/3250 train_time:5660.159s step_avg:1891.76ms
step:2993/3250 train_time:5662.821s step_avg:1892.02ms
step:2994/3250 train_time:5664.648s step_avg:1892.00ms
step:2995/3250 train_time:5666.474s step_avg:1891.98ms
step:2996/3250 train_time:5668.301s step_avg:1891.96ms
step:2997/3250 train_time:5670.127s step_avg:1891.93ms
step:2998/3250 train_time:5671.954s step_avg:1891.91ms
step:2999/3250 train_time:5673.781s step_avg:1891.89ms
step:3000/3250 train_time:5675.944s step_avg:1891.98ms
step:3000/3250 val_loss:3.28541 train_time:5675.945s step_avg:1907.52ms
step:3001/3250 train_time:5677.773s step_avg:1891.96ms
step:3002/3250 train_time:5679.601s step_avg:1891.94ms
step:3003/3250 train_time:5681.429s step_avg:1891.92ms
step:3004/3250 train_time:5683.257s step_avg:1891.90ms
step:3005/3250 train_time:5685.084s step_avg:1891.87ms
step:3006/3250 train_time:5686.910s step_avg:1891.85ms
step:3007/3250 train_time:5688.738s step_avg:1891.83ms
step:3008/3250 train_time:5690.565s step_avg:1891.81ms
step:3009/3250 train_time:5693.226s step_avg:1892.07ms
step:3010/3250 train_time:5695.053s step_avg:1892.04ms
step:3011/3250 train_time:5696.881s step_avg:1892.02ms
step:3012/3250 train_time:5698.707s step_avg:1892.00ms
step:3013/3250 train_time:5700.536s step_avg:1891.98ms
step:3014/3250 train_time:5702.363s step_avg:1891.96ms
step:3015/3250 train_time:5704.192s step_avg:1891.94ms
step:3016/3250 train_time:5706.019s step_avg:1891.92ms
step:3017/3250 train_time:5707.847s step_avg:1891.89ms
step:3018/3250 train_time:5709.675s step_avg:1891.87ms
step:3019/3250 train_time:5711.503s step_avg:1891.85ms
step:3020/3250 train_time:5713.330s step_avg:1891.83ms
step:3021/3250 train_time:5715.157s step_avg:1891.81ms
step:3022/3250 train_time:5716.985s step_avg:1891.79ms
step:3023/3250 train_time:5718.813s step_avg:1891.77ms
step:3024/3250 train_time:5720.640s step_avg:1891.75ms
step:3025/3250 train_time:5723.575s step_avg:1892.09ms
step:3025/3250 val_loss:3.28183 train_time:5723.575s step_avg:1905.21ms
step:3026/3250 train_time:5725.402s step_avg:1892.07ms
step:3027/3250 train_time:5727.229s step_avg:1892.05ms
step:3028/3250 train_time:5729.057s step_avg:1892.03ms
step:3029/3250 train_time:5730.886s step_avg:1892.01ms
step:3030/3250 train_time:5732.712s step_avg:1891.98ms
step:3031/3250 train_time:5734.539s step_avg:1891.96ms
step:3032/3250 train_time:5736.366s step_avg:1891.94ms
step:3033/3250 train_time:5738.193s step_avg:1891.92ms
step:3034/3250 train_time:5740.020s step_avg:1891.90ms
step:3035/3250 train_time:5741.847s step_avg:1891.88ms
step:3036/3250 train_time:5743.674s step_avg:1891.86ms
step:3037/3250 train_time:5745.501s step_avg:1891.83ms
step:3038/3250 train_time:5747.328s step_avg:1891.81ms
step:3039/3250 train_time:5749.156s step_avg:1891.79ms
step:3040/3250 train_time:5750.982s step_avg:1891.77ms
step:3041/3250 train_time:5753.678s step_avg:1892.03ms
step:3042/3250 train_time:5755.506s step_avg:1892.01ms
step:3043/3250 train_time:5757.333s step_avg:1891.99ms
step:3044/3250 train_time:5759.159s step_avg:1891.97ms
step:3045/3250 train_time:5760.986s step_avg:1891.95ms
step:3046/3250 train_time:5762.814s step_avg:1891.93ms
step:3047/3250 train_time:5764.641s step_avg:1891.91ms
step:3048/3250 train_time:5766.468s step_avg:1891.89ms
step:3049/3250 train_time:5768.295s step_avg:1891.86ms
step:3050/3250 train_time:5770.394s step_avg:1891.93ms
step:3050/3250 val_loss:3.27902 train_time:5770.395s step_avg:1872.78ms
step:3051/3250 train_time:5772.223s step_avg:1891.91ms
step:3052/3250 train_time:5774.051s step_avg:1891.89ms
step:3053/3250 train_time:5775.881s step_avg:1891.87ms
step:3054/3250 train_time:5777.709s step_avg:1891.85ms
step:3055/3250 train_time:5779.537s step_avg:1891.83ms
step:3056/3250 train_time:5781.365s step_avg:1891.81ms
step:3057/3250 train_time:5784.026s step_avg:1892.06ms
step:3058/3250 train_time:5785.853s step_avg:1892.04ms
step:3059/3250 train_time:5787.680s step_avg:1892.02ms
step:3060/3250 train_time:5789.507s step_avg:1892.00ms
step:3061/3250 train_time:5791.334s step_avg:1891.97ms
step:3062/3250 train_time:5793.161s step_avg:1891.95ms
step:3063/3250 train_time:5794.987s step_avg:1891.93ms
step:3064/3250 train_time:5796.814s step_avg:1891.91ms
step:3065/3250 train_time:5798.642s step_avg:1891.89ms
step:3066/3250 train_time:5800.468s step_avg:1891.87ms
step:3067/3250 train_time:5802.294s step_avg:1891.85ms
step:3068/3250 train_time:5804.121s step_avg:1891.83ms
step:3069/3250 train_time:5805.949s step_avg:1891.80ms
step:3070/3250 train_time:5807.777s step_avg:1891.78ms
step:3071/3250 train_time:5809.604s step_avg:1891.76ms
step:3072/3250 train_time:5811.430s step_avg:1891.74ms
step:3073/3250 train_time:5814.092s step_avg:1891.99ms
step:3074/3250 train_time:5815.918s step_avg:1891.97ms
step:3075/3250 train_time:5818.018s step_avg:1892.04ms
step:3075/3250 val_loss:3.27622 train_time:5818.019s step_avg:1904.97ms
step:3076/3250 train_time:5819.847s step_avg:1892.02ms
step:3077/3250 train_time:5821.674s step_avg:1892.00ms
step:3078/3250 train_time:5823.502s step_avg:1891.98ms
step:3079/3250 train_time:5825.330s step_avg:1891.96ms
step:3080/3250 train_time:5827.158s step_avg:1891.93ms
step:3081/3250 train_time:5828.985s step_avg:1891.91ms
step:3082/3250 train_time:5830.812s step_avg:1891.89ms
step:3083/3250 train_time:5832.639s step_avg:1891.87ms
step:3084/3250 train_time:5834.467s step_avg:1891.85ms
step:3085/3250 train_time:5836.293s step_avg:1891.83ms
step:3086/3250 train_time:5838.120s step_avg:1891.81ms
step:3087/3250 train_time:5839.947s step_avg:1891.79ms
step:3088/3250 train_time:5841.776s step_avg:1891.77ms
step:3089/3250 train_time:5844.437s step_avg:1892.02ms
step:3090/3250 train_time:5846.264s step_avg:1891.99ms
step:3091/3250 train_time:5848.091s step_avg:1891.97ms
step:3092/3250 train_time:5849.917s step_avg:1891.95ms
step:3093/3250 train_time:5851.743s step_avg:1891.93ms
step:3094/3250 train_time:5853.571s step_avg:1891.91ms
step:3095/3250 train_time:5855.399s step_avg:1891.89ms
step:3096/3250 train_time:5857.226s step_avg:1891.87ms
step:3097/3250 train_time:5859.052s step_avg:1891.85ms
step:3098/3250 train_time:5860.879s step_avg:1891.83ms
step:3099/3250 train_time:5862.706s step_avg:1891.81ms
step:3100/3250 train_time:5864.806s step_avg:1891.87ms
step:3100/3250 val_loss:3.27367 train_time:5864.807s step_avg:1871.51ms
step:3101/3250 train_time:5866.634s step_avg:1891.85ms
step:3102/3250 train_time:5868.461s step_avg:1891.83ms
step:3103/3250 train_time:5870.288s step_avg:1891.81ms
step:3104/3250 train_time:5872.115s step_avg:1891.79ms
step:3105/3250 train_time:5874.776s step_avg:1892.04ms
step:3106/3250 train_time:5876.602s step_avg:1892.02ms
step:3107/3250 train_time:5878.428s step_avg:1891.99ms
step:3108/3250 train_time:5880.254s step_avg:1891.97ms
step:3109/3250 train_time:5882.081s step_avg:1891.95ms
step:3110/3250 train_time:5883.908s step_avg:1891.93ms
step:3111/3250 train_time:5885.734s step_avg:1891.91ms
step:3112/3250 train_time:5887.560s step_avg:1891.89ms
step:3113/3250 train_time:5889.386s step_avg:1891.87ms
step:3114/3250 train_time:5891.214s step_avg:1891.85ms
step:3115/3250 train_time:5893.041s step_avg:1891.83ms
step:3116/3250 train_time:5894.867s step_avg:1891.81ms
step:3117/3250 train_time:5896.693s step_avg:1891.78ms
step:3118/3250 train_time:5898.520s step_avg:1891.76ms
step:3119/3250 train_time:5900.346s step_avg:1891.74ms
step:3120/3250 train_time:5902.173s step_avg:1891.72ms
step:3121/3250 train_time:5904.834s step_avg:1891.97ms
step:3122/3250 train_time:5906.660s step_avg:1891.95ms
step:3123/3250 train_time:5908.486s step_avg:1891.93ms
step:3124/3250 train_time:5910.313s step_avg:1891.91ms
step:3125/3250 train_time:5912.480s step_avg:1891.99ms
step:3125/3250 val_loss:3.27131 train_time:5912.480s step_avg:1906.95ms
step:3126/3250 train_time:5914.308s step_avg:1891.97ms
step:3127/3250 train_time:5916.135s step_avg:1891.95ms
step:3128/3250 train_time:5917.962s step_avg:1891.93ms
step:3129/3250 train_time:5919.790s step_avg:1891.91ms
step:3130/3250 train_time:5921.619s step_avg:1891.89ms
step:3131/3250 train_time:5923.446s step_avg:1891.87ms
step:3132/3250 train_time:5925.274s step_avg:1891.85ms
step:3133/3250 train_time:5927.102s step_avg:1891.83ms
step:3134/3250 train_time:5928.930s step_avg:1891.81ms
step:3135/3250 train_time:5930.756s step_avg:1891.79ms
step:3136/3250 train_time:5932.584s step_avg:1891.77ms
step:3137/3250 train_time:5935.245s step_avg:1892.01ms
step:3138/3250 train_time:5937.072s step_avg:1891.99ms
step:3139/3250 train_time:5938.900s step_avg:1891.97ms
step:3140/3250 train_time:5940.727s step_avg:1891.95ms
step:3141/3250 train_time:5942.554s step_avg:1891.93ms
step:3142/3250 train_time:5944.381s step_avg:1891.91ms
step:3143/3250 train_time:5946.210s step_avg:1891.89ms
step:3144/3250 train_time:5948.038s step_avg:1891.87ms
step:3145/3250 train_time:5949.864s step_avg:1891.85ms
step:3146/3250 train_time:5951.690s step_avg:1891.83ms
step:3147/3250 train_time:5953.517s step_avg:1891.81ms
step:3148/3250 train_time:5955.344s step_avg:1891.79ms
step:3149/3250 train_time:5957.170s step_avg:1891.77ms
step:3150/3250 train_time:5959.269s step_avg:1891.83ms
step:3150/3250 val_loss:3.26898 train_time:5959.269s step_avg:1871.54ms
step:3151/3250 train_time:5961.097s step_avg:1891.81ms
step:3152/3250 train_time:5962.924s step_avg:1891.79ms
step:3153/3250 train_time:5965.585s step_avg:1892.03ms
step:3154/3250 train_time:5967.411s step_avg:1892.01ms
step:3155/3250 train_time:5969.239s step_avg:1891.99ms
step:3156/3250 train_time:5971.065s step_avg:1891.97ms
step:3157/3250 train_time:5972.892s step_avg:1891.95ms
step:3158/3250 train_time:5974.719s step_avg:1891.93ms
step:3159/3250 train_time:5976.546s step_avg:1891.91ms
step:3160/3250 train_time:5978.372s step_avg:1891.89ms
step:3161/3250 train_time:5980.198s step_avg:1891.87ms
step:3162/3250 train_time:5982.024s step_avg:1891.85ms
step:3163/3250 train_time:5983.851s step_avg:1891.83ms
step:3164/3250 train_time:5985.677s step_avg:1891.81ms
step:3165/3250 train_time:5987.504s step_avg:1891.79ms
step:3166/3250 train_time:5989.333s step_avg:1891.77ms
step:3167/3250 train_time:5991.160s step_avg:1891.75ms
step:3168/3250 train_time:5992.987s step_avg:1891.73ms
step:3169/3250 train_time:5995.648s step_avg:1891.97ms
step:3170/3250 train_time:5997.475s step_avg:1891.95ms
step:3171/3250 train_time:5999.302s step_avg:1891.93ms
step:3172/3250 train_time:6001.128s step_avg:1891.91ms
step:3173/3250 train_time:6002.956s step_avg:1891.89ms
step:3174/3250 train_time:6004.783s step_avg:1891.87ms
step:3175/3250 train_time:6006.884s step_avg:1891.93ms
step:3175/3250 val_loss:3.26705 train_time:6006.885s step_avg:1904.64ms
step:3176/3250 train_time:6008.713s step_avg:1891.91ms
step:3177/3250 train_time:6010.542s step_avg:1891.89ms
step:3178/3250 train_time:6012.370s step_avg:1891.87ms
step:3179/3250 train_time:6014.198s step_avg:1891.85ms
step:3180/3250 train_time:6016.027s step_avg:1891.83ms
step:3181/3250 train_time:6017.855s step_avg:1891.81ms
step:3182/3250 train_time:6019.684s step_avg:1891.79ms
step:3183/3250 train_time:6021.512s step_avg:1891.77ms
step:3184/3250 train_time:6023.340s step_avg:1891.75ms
step:3185/3250 train_time:6026.001s step_avg:1891.99ms
step:3186/3250 train_time:6027.829s step_avg:1891.97ms
step:3187/3250 train_time:6029.658s step_avg:1891.95ms
step:3188/3250 train_time:6031.487s step_avg:1891.93ms
step:3189/3250 train_time:6033.315s step_avg:1891.91ms
step:3190/3250 train_time:6035.144s step_avg:1891.89ms
step:3191/3250 train_time:6036.974s step_avg:1891.88ms
step:3192/3250 train_time:6038.803s step_avg:1891.86ms
step:3193/3250 train_time:6040.631s step_avg:1891.84ms
step:3194/3250 train_time:6042.459s step_avg:1891.82ms
step:3195/3250 train_time:6044.287s step_avg:1891.80ms
step:3196/3250 train_time:6046.114s step_avg:1891.78ms
step:3197/3250 train_time:6047.942s step_avg:1891.76ms
step:3198/3250 train_time:6049.770s step_avg:1891.74ms
step:3199/3250 train_time:6051.599s step_avg:1891.72ms
step:3200/3250 train_time:6053.706s step_avg:1891.78ms
step:3200/3250 val_loss:3.26535 train_time:6053.706s step_avg:1872.85ms
step:3201/3250 train_time:6056.368s step_avg:1892.02ms
step:3202/3250 train_time:6058.195s step_avg:1892.00ms
step:3203/3250 train_time:6060.022s step_avg:1891.98ms
step:3204/3250 train_time:6061.849s step_avg:1891.96ms
step:3205/3250 train_time:6063.676s step_avg:1891.94ms
step:3206/3250 train_time:6065.502s step_avg:1891.92ms
step:3207/3250 train_time:6067.330s step_avg:1891.90ms
step:3208/3250 train_time:6069.160s step_avg:1891.88ms
step:3209/3250 train_time:6070.988s step_avg:1891.86ms
step:3210/3250 train_time:6072.815s step_avg:1891.84ms
step:3211/3250 train_time:6074.642s step_avg:1891.82ms
step:3212/3250 train_time:6076.470s step_avg:1891.80ms
step:3213/3250 train_time:6078.298s step_avg:1891.78ms
step:3214/3250 train_time:6080.125s step_avg:1891.76ms
step:3215/3250 train_time:6081.952s step_avg:1891.74ms
step:3216/3250 train_time:6083.780s step_avg:1891.72ms
step:3217/3250 train_time:6086.441s step_avg:1891.96ms
step:3218/3250 train_time:6088.266s step_avg:1891.94ms
step:3219/3250 train_time:6090.094s step_avg:1891.92ms
step:3220/3250 train_time:6091.921s step_avg:1891.90ms
step:3221/3250 train_time:6093.748s step_avg:1891.88ms
step:3222/3250 train_time:6095.576s step_avg:1891.86ms
step:3223/3250 train_time:6097.403s step_avg:1891.84ms
step:3224/3250 train_time:6099.231s step_avg:1891.82ms
step:3225/3250 train_time:6101.331s step_avg:1891.89ms
step:3225/3250 val_loss:3.26411 train_time:6101.331s step_avg:1905.01ms
step:3226/3250 train_time:6103.159s step_avg:1891.87ms
step:3227/3250 train_time:6104.987s step_avg:1891.85ms
step:3228/3250 train_time:6106.814s step_avg:1891.83ms
step:3229/3250 train_time:6108.641s step_avg:1891.81ms
step:3230/3250 train_time:6110.468s step_avg:1891.79ms
step:3231/3250 train_time:6112.332s step_avg:1891.78ms
step:3232/3250 train_time:6114.159s step_avg:1891.76ms
step:3233/3250 train_time:6116.820s step_avg:1892.00ms
step:3234/3250 train_time:6118.646s step_avg:1891.97ms
step:3235/3250 train_time:6120.473s step_avg:1891.95ms
step:3236/3250 train_time:6122.299s step_avg:1891.93ms
step:3237/3250 train_time:6124.127s step_avg:1891.91ms
step:3238/3250 train_time:6125.953s step_avg:1891.89ms
step:3239/3250 train_time:6127.779s step_avg:1891.87ms
step:3240/3250 train_time:6129.606s step_avg:1891.85ms
step:3241/3250 train_time:6131.433s step_avg:1891.83ms
step:3242/3250 train_time:6133.260s step_avg:1891.81ms
step:3243/3250 train_time:6135.087s step_avg:1891.79ms
step:3244/3250 train_time:6136.914s step_avg:1891.77ms
step:3245/3250 train_time:6138.741s step_avg:1891.75ms
step:3246/3250 train_time:6140.567s step_avg:1891.73ms
step:3247/3250 train_time:6142.394s step_avg:1891.71ms
step:3248/3250 train_time:6144.221s step_avg:1891.69ms
step:3249/3250 train_time:6146.881s step_avg:1891.93ms
step:3250/3250 train_time:6149.046s step_avg:1892.01ms
step:3250/3250 val_loss:3.26360 train_time:6149.047s step_avg:1908.62ms
trial:0 best_val_loss:3.26360 best_val_step:3250 first_step_to_target:3050
wandb: updating run metadata
wandb: uploading output.log; uploading wandb-summary.json; uploading config.yaml
wandb: 
wandb: Run history:
wandb:        speedrun/final_best_val_loss ▁
wandb:        speedrun/final_best_val_step ▁
wandb: speedrun/final_first_step_to_target ▁
wandb:       speedrun/final_reached_target ▁
wandb:       speedrun/first_step_to_target ▁▁▁▁▁▁▁▁▁▁▁▁▁▁▁▁▁▁▁▁▁▁▁▁▁▁▁▁▁█████████
wandb:             speedrun/reached_target ▁▁▁▁▁▁▁▁▁▁▁▁▁▁▁▁▁▁▁▁▁▁▁▁▁▁▁▁▁█████████
wandb:            speedrun/target_val_loss ▁▁▁▁▁▁▁▁▁▁▁▁▁▁▁▁▁▁▁▁▁▁▁▁▁▁▁▁▁▁▁▁▁▁▁▁▁▁▁▁
wandb:                speedrun/train_steps ▁▁▁▁▁▁▁▁▁▁▁▁▁▁▁▁▁▁▁▁▁▁▁▁▁▁▁▁▁▁▁▁▁▁▁▁▁▁▁▁
wandb:                    time/step_avg_ms  █▄▄▄▄▃▄▄▄▄▃▄▄▄▄▃▄▄▄▄▄▃▄▃▆▁▆▆▁▆▁▆▁▆▁▆▆
wandb:                  time/train_seconds ▁▁▂▂▂▂▃▃▃▃▄▄▄▅▅▅▅▆▆▆▆▇▇▇▇▇▇▇██████████
wandb:                              +4,448 ...
wandb: 
wandb: Run summary:
wandb:        speedrun/final_best_val_loss 3.2636
wandb:        speedrun/final_best_val_step 3250
wandb: speedrun/final_first_step_to_target 3050
wandb:       speedrun/final_reached_target 1
wandb:       speedrun/first_step_to_target 3050
wandb:             speedrun/reached_target 1
wandb:            speedrun/target_val_loss 3.28
wandb:                speedrun/train_steps 3250
wandb:                    time/step_avg_ms 1908.61777
wandb:                  time/train_seconds 6149.04662
wandb:                              +4,448 ...
wandb: 
wandb: 🚀 View run g1r5-alphonse/adabelief-C-confirm-n4-seed1 at: https://wandb.ai/wandb-applied-ai-team/modded-nanogpt-senpai/runs/gmqu5cnq
wandb: ⭐️ View project at: https://wandb.ai/wandb-applied-ai-team/modded-nanogpt-senpai
wandb: Synced 6 W&B file(s), 0 media file(s), 0 artifact file(s) and 0 other file(s)
wandb: Find logs at: ./wandb/run-20260525_145048-gmqu5cnq/logs
