logs/17ead7b5-8ee0-45f9-8522-9a8ae655533b.txt
wandb: [wandb.login()] Loaded credentials for https://api.wandb.ai from WANDB_API_KEY.
wandb: W&B API key is configured. Use `wandb login --relogin` to force relogin
wandb: Tracking run with wandb version 0.26.1
wandb: Run data is saved locally in /workspace/senpai/target/wandb/run-20260525_164103-fwymzlgy
wandb: Run `wandb offline` to turn off syncing.
wandb: Syncing run g1r5-alphonse/adabelief-C-confirm-n4-seed2
wandb: ⭐️ View project at https://wandb.ai/wandb-applied-ai-team/modded-nanogpt-senpai
wandb: 🚀 View run at https://wandb.ai/wandb-applied-ai-team/modded-nanogpt-senpai/runs/fwymzlgy
[init] mode=musoft  L=12  block_residual_attn.proj_std=0.005984
step:0/3250 val_loss:10.82583 train_time:0.002s step_avg:nanms
step:1/3250 train_time:21.553s step_avg:21552.80ms
step:2/3250 train_time:25.535s step_avg:12767.67ms
step:3/3250 train_time:29.521s step_avg:9840.27ms
step:4/3250 train_time:33.504s step_avg:8376.12ms
step:5/3250 train_time:37.492s step_avg:7498.47ms
step:6/3250 train_time:41.480s step_avg:6913.37ms
step:7/3250 train_time:45.467s step_avg:6495.27ms
step:8/3250 train_time:49.455s step_avg:6181.92ms
step:9/3250 train_time:53.446s step_avg:5938.49ms
step:10/3250 train_time:57.390s step_avg:5739.04ms
step:11/3250 train_time:61.363s step_avg:5578.48ms
step:12/3250 train_time:65.353s step_avg:5446.12ms
step:13/3250 train_time:69.343s step_avg:5334.08ms
step:14/3250 train_time:73.330s step_avg:5237.82ms
step:15/3250 train_time:77.319s step_avg:5154.62ms
step:16/3250 train_time:81.307s step_avg:5081.69ms
step:17/3250 train_time:87.128s step_avg:5125.20ms
step:18/3250 train_time:90.594s step_avg:5032.98ms
step:19/3250 train_time:92.641s step_avg:4875.87ms
step:20/3250 train_time:94.696s step_avg:4734.78ms
step:21/3250 train_time:96.751s step_avg:4607.18ms
step:22/3250 train_time:98.804s step_avg:4491.08ms
step:23/3250 train_time:100.850s step_avg:4384.79ms
step:24/3250 train_time:103.004s step_avg:4291.82stestep:25/3250 train_time:119.886s step_avg:4795.44ms
step:26/3250 train_time:123.873s step_avg:4764.36ms
step:27/3250 train_time:127.835s step_avg:4734.64ms
step:28/3250 train_time:131.823s step_avg:4707.95ms
W0525 16:43:39.566000 391730 torch/distributed/elastic/agent/server/api.py:739] Received Signals.SIGTERM death signal, shutting down workers
W0525 16:43:39.567000 391730 torch/distributed/elastic/multiprocessing/api.py:1012] Sending process 391755 closing signal SIGTERM
Traceback (most recent call last):
  File "/usr/local/bin/torchrun", line 6, in <module>
 step:36/3250 train_time:147.548s step_avg:4098.55ms
step:37/3250 train_time:149.375s step_avg:4037.15ms
step:38/3250 train_time:151.202s step_avg:3978.99ms
step:39/3250 train_time:153.030s step_avg:3923.86ms
step:40/3250 train_time:154.857s step_avg:3871.43ms
step:41/3250 train_time:156.686s step_avg:3821.60ms
step:42/3250 train_time:158.514s step_avg:3774.13ms
step:43/3250 train_time:160.341s step_avg:3728.87ms
step:44/3250 train_time:162.169s step_avg:3685.66ms
step:45/3250 train_time:163.997s step_avg:3644.37ms
step:46/3250 train_time:165.827s step_avg:3604.93ms
step:47/3250 train_time:167.657s step_avg:3567.17ms
step:48/3250 train_time:169.486s step_avg:3530.95ms
step:49/3250 train_time:172.148s step_avg:3513.23ms
step:50/3250 train_time:174.250s step_avg:3484.99ms
step:51/3250 train_time:176.077s step_avg:3452.49ms
step:52/3250 train_time:177.905s step_avg:3421.25ms
step:53/3250 train_time:179.733s step_avg:3391.19ms
step:54/3250 train_time:181.563s step_avg:3362.27ms
step:55/3250 train_time:183.391s step_avg:3334.38ms
step:56/3250 train_time:185.220s step_avg:3307.51ms
step:57/3250 train_time:187.049s step_avg:3281.57ms
step:58/3250 train_time:188.878s step_avg:3256.51ms
step:59/3250 train_time:190.706s step_avg:3232.31ms
step:60/3250 train_time:192.534s step_avg:3208.90ms
step:61/3250 train_time:194.363s step_avg:3186.28ms
step:62/3250 train_time:196.194s step_avg:3164.42ms
step:63/3250 train_time:198.022s step_avg:3143.21ms
step:64/3250 train_time:199.852s step_avg:3122.68ms
step:65/3250 train_time:202.514s step_avg:3115.61ms
step:66/3250 train_time:204.342s step_avg:3096.09ms
step:67/3250 train_time:206.171s step_avg:3077.18ms
step:68/3250 train_time:208.001s step_avg:3058.83ms
step:69/3250 train_time:209.828s step_avg:3040.99ms
step:70/3250 train_time:211.656s step_avg:3023.66ms
step:71/3250 train_time:213.485s step_avg:3006.83ms
step:72/3250 train_time:215.314s step_avg:2990.47ms
step:73/3250 train_time:217.143s step_avg:2974.56ms
step:74/3250 train_time:218.970s step_avg:2959.06ms
step:75/3250 train_time:221.070s step_avg:2947.60ms
step:76/3250 train_time:222.898s step_avg:2932.87ms
step:77/3250 train_time:224.726s step_avg:2918.52ms
step:78/3250 train_time:226.554s step_avg:2904.54ms
step:79/3250 train_time:228.382s step_avg:2890.91ms
step:80/3250 train_time:230.211s step_avg:2877.64ms
step:81/3250 train_time:232.874s step_avg:2874.99ms
step:82/3250 train_time:234.702s step_avg:2862.22ms
step:83/3250 train_time:236.531s step_avg:2849.78ms
step:84/3250 train_time:238.359s step_avg:2837.61ms
step:85/3250 train_time:240.187s step_avg:2825.73ms
step:86/3250 train_time:242.015s step_avg:2814.13ms
step:87/3250 train_time:243.844s step_avg:2802.81ms
step:88/3250 train_time:245.673s step_avg:2791.74ms
step:89/3250 train_time:247.501s step_avg:2780.92ms
step:90/3250 train_time:249.329s step_avg:2770.32ms
step:91/3250 train_time:251.157s step_avg:2759.97ms
step:92/3250 train_time:252.986s step_avg:2749.84ms
step:93/3250 train_time:254.814s step_avg:2739.93ms
step:94/3250 train_time:256.644s step_avg:2730.25ms
step:95/3250 train_time:258.472s step_avg:2720.76ms
step:96/3250 train_time:260.301s step_avg:2711.47ms
step:97/3250 train_time:262.963s step_avg:2710.96ms
step:98/3250 train_time:264.790s step_avg:2701.94ms
step:99/3250 train_time:266.618s step_avg:2693.11ms
step:100/3250 train_time:268.721s step_avg:2687.21ms
step:101/3250 train_time:270.549s step_avg:2678.71ms
step:102/3250 train_time:272.377s step_avg:2670.37ms
step:103/3250 train_time:274.205s step_avg:2662.19ms
step:104/3250 train_time:276.034s step_avg:2654.17ms
step:105/3250 train_time:277.864s step_avg:2646.33ms
step:106/3250 train_time:279.693s step_avg:2638.61ms
step:107/3250 train_time:281.520s step_avg:2631.03ms
step:108/3250 train_time:283.348s step_avg:2623.59ms
step:109/3250 train_time:285.177s step_avg:2616.30ms
step:110/3250 train_time:287.007s step_avg:2609.16ms
step:111/3250 train_time:288.836s step_avg:2602.13ms
step:112/3250 train_time:290.665s step_avg:2595.22ms
step:113/3250 train_time:293.327s step_avg:2595.81ms
step:114/3250 train_time:295.155s step_avg:2589.08ms
step:115/3250 train_time:296.984s step_avg:2582.47ms
step:116/3250 train_time:298.814s step_avg:2575.98ms
step:117/3250 train_time:300.642s step_avg:2569.59ms
step:118/3250 train_time:302.471s step_avg:2563.31ms
step:119/3250 train_time:304.300s step_avg:2557.15ms
step:120/3250 train_time:306.131s step_avg:2551.09ms
step:121/3250 train_time:307.959s step_avg:2545.12ms
step:122/3250 train_time:309.788s step_avg:2539.25ms
step:123/3250 train_time:311.617s step_avg:2533.47ms
step:124/3250 train_time:313.445s step_avg:2527.78ms
step:125/3250 train_time:315.618s step_avg:2524.95ms
step:125/3250 val_loss:4.49178 train_time:315.619s step_avg:2524.95ms
step:126/3250 train_time:317.449s step_avg:2519.44ms
step:127/3250 train_time:319.277s step_avg:2513.99ms
step:128/3250 train_time:321.106s step_avg:2508.64ms
step:129/3250 train_time:323.768s step_avg:2509.83ms
step:130/3250 train_time:325.597s step_avg:2504.59ms
step:131/3250 train_time:327.424s step_avg:2499.42ms
step:132/3250 train_time:329.251s step_avg:2494.33ms
step:133/3250 train_time:331.078s step_avg:2489.31ms
step:134/3250 train_time:332.906s step_avg:2484.37ms
step:135/3250 train_time:334.734s step_avg:2479.51ms
step:136/3250 train_time:336.561s step_avg:2474.71ms
step:137/3250 train_time:338.388s step_avg:2469.98ms
step:138/3250 train_time:340.215s step_avg:2465.33ms
step:139/3250 train_time:342.043s step_avg:2460.74ms
step:140/3250 train_time:343.870s step_avg:2456.22ms
step:141/3250 train_time:345.698s step_avg:2451.76ms
step:142/3250 train_time:347.526s step_avg:2447.37ms
step:143/3250 train_time:349.353s step_avg:2443.03ms
step:144/3250 train_time:351.180s step_avg:2438.75ms
step:145/3250 train_time:353.841s step_avg:2440.28ms
step:146/3250 train_time:355.668s step_avg:2436.08ms
step:147/3250 train_time:357.496s step_avg:2431.94ms
step:148/3250 train_time:359.323s step_avg:2427.86ms
step:149/3250 train_time:361.151s step_avg:2423.83ms
step:150/3250 train_time:363.252s step_avg:2421.68ms
step:151/3250 train_time:365.080s step_avg:2417.75ms
step:152/3250 train_time:366.907s step_avg:2413.86ms
step:153/3250 train_time:368.735s step_avg:2410.03ms
step:154/3250 train_time:370.562s step_avg:2406.25ms
step:155/3250 train_time:372.389s step_avg:2402.51ms
step:156/3250 train_time:374.217s step_avg:2398.83ms
step:157/3250 train_time:376.045s step_avg:2395.19ms
step:158/3250 train_time:377.873s step_avg:2391.60ms
step:159/3250 train_time:379.700s step_avg:2388.05ms
step:160/3250 train_time:381.527s step_avg:2384.55ms
step:161/3250 train_time:384.189s step_avg:2386.27ms
step:162/3250 train_time:386.017s step_avg:2382.82ms
step:163/3250 train_time:387.844s step_avg:2379.41ms
step:164/3250 train_time:389.671s step_avg:2376.04ms
step:165/3250 train_time:391.498s step_avg:2372.71ms
step:166/3250 train_time:393.325s step_avg:2369.43ms
step:167/3250 train_time:395.152s step_avg:2366.18ms
step:168/3250 train_time:396.979s step_avg:2362.97ms
step:169/3250 train_time:398.806s step_avg:2359.80ms
step:170/3250 train_time:400.633s step_avg:2356.66ms
step:171/3250 train_time:402.459s step_avg:2353.56ms
step:172/3250 train_time:404.287s step_avg:2350.51ms
step:173/3250 train_time:406.115s step_avg:2347.48ms
step:174/3250 train_time:407.941s step_avg:2344.49ms
step:175/3250 train_time:410.039s step_avg:2343.08ms
step:176/3250 train_time:411.865s step_avg:2340.14ms
step:177/3250 train_time:414.526s step_avg:2341.95ms
step:178/3250 train_time:416.353s step_avg:2339.06ms
step:179/3250 train_time:418.179s step_avg:2336.20ms
step:180/3250 train_time:420.007s step_avg:2333.37ms
step:181/3250 train_time:421.833s step_avg:2330.57ms
step:182/3250 train_time:423.661s step_avg:2327.81ms
step:183/3250 train_time:425.489s step_avg:2325.07ms
step:184/3250 train_time:427.315s step_avg:2322.37ms
step:185/3250 train_time:429.143s step_avg:2319.69ms
step:186/3250 train_time:430.970s step_avg:2317.04ms
step:187/3250 train_time:432.797s step_avg:2314.42ms
step:188/3250 train_time:434.624s step_avg:2311.83ms
step:189/3250 train_time:436.451s step_avg:2309.26ms
step:190/3250 train_time:438.278s step_avg:2306.72ms
step:191/3250 train_time:440.210s step_avg:2304.76ms
step:192/3250 train_time:442.037s step_avg:2302.28ms
step:193/3250 train_time:444.698s step_avg:2304.13ms
step:194/3250 train_time:446.524s step_avg:2301.67ms
step:195/3250 train_time:448.351s step_avg:2299.24ms
step:196/3250 train_time:450.178s step_avg:2296.82ms
step:197/3250 train_time:452.004s step_avg:2294.44ms
step:198/3250 train_time:453.831s step_avg:2292.07ms
step:199/3250 train_time:455.661s step_avg:2289.75ms
step:200/3250 train_time:457.758s step_avg:2288.79ms
step:201/3250 train_time:459.585s step_avg:2286.49ms
step:202/3250 train_time:461.411s step_avg:2284.21ms
step:203/3250 train_time:463.237s step_avg:2281.96ms
step:204/3250 train_time:465.065s step_avg:2279.73ms
step:205/3250 train_time:466.893s step_avg:2277.53ms
step:206/3250 train_time:468.719s step_avg:2275.33ms
step:207/3250 train_time:470.545s step_avg:2273.16ms
step:208/3250 train_time:472.372s step_avg:2271.02ms
step:209/3250 train_time:475.033s step_avg:2272.89ms
step:210/3250 train_time:476.860s step_avg:2270.76ms
step:211/3250 train_time:478.686s step_avg:2268.65ms
step:212/3250 train_time:480.513s step_avg:2266.57ms
step:213/3250 train_time:482.338s step_avg:2264.50ms
step:214/3250 train_time:484.165s step_avg:2262.45ms
step:215/3250 train_time:485.994s step_avg:2260.44ms
step:216/3250 train_time:487.821s step_avg:2258.43ms
step:217/3250 train_time:489.647s step_avg:2256.44ms
step:218/3250 train_time:491.473s step_avg:2254.46ms
step:219/3250 train_time:493.300s step_avg:2252.51ms
step:220/3250 train_time:495.129s step_avg:2250.59ms
step:221/3250 train_time:496.955s step_avg:2248.66ms
step:222/3250 train_time:498.781s step_avg:2246.76ms
step:223/3250 train_time:500.608s step_avg:2244.88ms
step:224/3250 train_time:502.435s step_avg:2243.01ms
step:225/3250 train_time:505.369s step_avg:2246.09ms
step:226/3250 train_time:507.195s step_avg:2244.23ms
step:227/3250 train_time:509.021s step_avg:2242.38ms
step:228/3250 train_time:510.847s step_avg:2240.56ms
step:229/3250 train_time:512.674s step_avg:2238.75ms
step:230/3250 train_time:514.501s step_avg:2236.96ms
step:231/3250 train_time:516.327s step_avg:2235.18ms
step:232/3250 train_time:518.154s step_avg:2233.42ms
step:233/3250 train_time:519.980s step_avg:2231.67ms
step:234/3250 train_time:521.809s step_avg:2229.95ms
step:235/3250 train_time:523.635s step_avg:2228.23ms
step:236/3250 train_time:525.462s step_avg:2226.54ms
step:237/3250 train_time:527.289s step_avg:2224.85ms
step:238/3250 train_time:529.115s step_avg:2223.17ms
step:239/3250 train_time:530.941s step_avg:2221.51ms
step:240/3250 train_time:532.768s step_avg:2219.87ms
step:241/3250 train_time:535.429s step_avg:2221.70ms
step:242/3250 train_time:537.255s step_avg:2220.06ms
step:243/3250 train_time:539.081s step_avg:2218.44ms
step:244/3250 train_time:540.908s step_avg:2216.84ms
step:245/3250 train_time:542.735s step_avg:2215.24ms
step:246/3250 train_time:544.563s step_avg:2213.67ms
step:247/3250 train_time:546.390s step_avg:2212.11ms
step:248/3250 train_time:548.217s step_avg:2210.55ms
step:249/3250 train_time:550.044s step_avg:2209.01ms
step:250/3250 train_time:552.207s step_avg:2208.83ms
step:250/3250 val_loss:4.05461 train_time:552.208s step_avg:1892.71ms
step:251/3250 train_time:554.036s step_avg:2207.31ms
step:252/3250 train_time:555.863s step_avg:2205.81ms
step:253/3250 train_time:557.690s step_avg:2204.31ms
step:254/3250 train_time:559.516s step_avg:2202.82ms
step:255/3250 train_time:561.343s step_avg:2201.35ms
step:256/3250 train_time:563.171s step_avg:2199.89ms
step:257/3250 train_time:565.833s step_avg:2201.68ms
step:258/3250 train_time:567.659s step_avg:2200.23ms
step:259/3250 train_time:569.485s step_avg:2198.78ms
step:260/3250 train_time:571.311s step_avg:2197.35ms
step:261/3250 train_time:573.137s step_avg:2195.93ms
step:262/3250 train_time:574.964s step_avg:2194.52ms
step:263/3250 train_time:576.790s step_avg:2193.12ms
step:264/3250 train_time:578.617s step_avg:2191.73ms
step:265/3250 train_time:580.443s step_avg:2190.35ms
step:266/3250 train_time:582.269s step_avg:2188.98ms
step:267/3250 train_time:584.096s step_avg:2187.63ms
step:268/3250 train_time:585.924s step_avg:2186.28ms
step:269/3250 train_time:587.750s step_avg:2184.94ms
step:270/3250 train_time:589.576s step_avg:2183.62ms
step:271/3250 train_time:591.405s step_avg:2182.31ms
step:272/3250 train_time:593.233s step_avg:2181.00ms
step:273/3250 train_time:595.894s step_avg:2182.76ms
step:274/3250 train_time:597.721s step_avg:2181.46ms
step:275/3250 train_time:599.818s step_avg:2181.16ms
step:276/3250 train_time:601.644s step_avg:2179.87ms
step:277/3250 train_time:603.471s step_avg:2178.59ms
step:278/3250 train_time:605.297s step_avg:2177.33ms
step:279/3250 train_time:607.123s step_avg:2176.07ms
step:280/3250 train_time:608.949s step_avg:2174.82ms
step:281/3250 train_time:610.775s step_avg:2173.58ms
step:282/3250 train_time:612.602s step_avg:2172.35ms
step:283/3250 train_time:614.429s step_avg:2171.13ms
step:284/3250 train_time:616.255s step_avg:2169.91ms
step:285/3250 train_time:618.081s step_avg:2168.71ms
step:286/3250 train_time:619.907s step_avg:2167.51ms
step:287/3250 train_time:621.734s step_avg:2166.32ms
step:288/3250 train_time:623.561s step_avg:2165.14ms
step:289/3250 train_time:626.223s step_avg:2166.86ms
step:290/3250 train_time:628.050s step_avg:2165.69ms
step:291/3250 train_time:629.877s step_avg:2164.53ms
step:292/3250 train_time:631.703s step_avg:2163.37ms
step:293/3250 train_time:633.530s step_avg:2162.22ms
step:294/3250 train_time:635.357s step_avg:2161.08ms
step:295/3250 train_time:637.183s step_avg:2159.94ms
step:296/3250 train_time:639.010s step_avg:2158.82ms
step:297/3250 train_time:640.836s step_avg:2157.70ms
step:298/3250 train_time:642.664s step_avg:2156.59ms
step:299/3250 train_time:644.492s step_avg:2155.49ms
step:300/3250 train_time:646.592s step_avg:2155.31ms
step:301/3250 train_time:648.418s step_avg:2154.21ms
step:302/3250 train_time:650.246s step_avg:2153.13ms
step:303/3250 train_time:652.073s step_avg:2152.06ms
step:304/3250 train_time:653.902s step_avg:2150.99ms
step:305/3250 train_time:656.562s step_avg:2152.66ms
step:306/3250 train_time:658.390s step_avg:2151.60ms
step:307/3250 train_time:660.216s step_avg:2150.54ms
step:308/3250 train_time:662.043s step_avg:2149.49ms
step:309/3250 train_time:663.871s step_avg:2148.45ms
step:310/3250 train_time:665.698s step_avg:2147.41ms
step:311/3250 train_time:667.525s step_avg:2146.38ms
step:312/3250 train_time:669.351s step_avg:2145.36ms
step:313/3250 train_time:671.178s step_avg:2144.34ms
step:314/3250 train_time:673.006s step_avg:2143.33ms
step:315/3250 train_time:674.834s step_avg:2142.33ms
step:316/3250 train_time:676.660s step_avg:2141.33ms
step:317/3250 train_time:678.487s step_avg:2140.34ms
step:318/3250 train_time:680.314s step_avg:2139.35ms
step:319/3250 train_time:682.141s step_avg:2138.37ms
step:320/3250 train_time:683.968s step_avg:2137.40ms
step:321/3250 train_time:686.629s step_avg:2139.03ms
step:322/3250 train_time:688.455s step_avg:2138.06ms
step:323/3250 train_time:690.281s step_avg:2137.09ms
step:324/3250 train_time:692.106s step_avg:2136.13ms
step:325/3250 train_time:694.207s step_avg:2136.02ms
step:326/3250 train_time:696.033s step_avg:2135.07ms
step:327/3250 train_time:697.859s step_avg:2134.12ms
step:328/3250 train_time:699.685s step_avg:2133.19ms
step:329/3250 train_time:701.511s step_avg:2132.25ms
step:330/3250 train_time:703.339s step_avg:2131.33ms
step:331/3250 train_time:705.165s step_avg:2130.41ms
step:332/3250 train_time:706.992s step_avg:2129.49ms
step:333/3250 train_time:708.819s step_avg:2128.59ms
step:334/3250 train_time:710.646s step_avg:2127.68ms
step:335/3250 train_time:712.472s step_avg:2126.78ms
step:336/3250 train_time:714.299s step_avg:2125.89ms
step:337/3250 train_time:716.959s step_avg:2127.48ms
step:338/3250 train_time:718.785s step_avg:2126.58ms
step:339/3250 train_time:720.611s step_avg:2125.70ms
step:340/3250 train_time:722.437s step_avg:2124.81ms
step:341/3250 train_time:724.264s step_avg:2123.94ms
step:342/3250 train_time:726.091s step_avg:2123.07ms
step:343/3250 train_time:727.917s step_avg:2122.21ms
step:344/3250 train_time:729.743s step_avg:2121.34ms
step:345/3250 train_time:731.569s step_avg:2120.49ms
step:346/3250 train_time:733.398s step_avg:2119.65ms
step:347/3250 train_time:735.224s step_avg:2118.80ms
step:348/3250 train_time:737.051s step_avg:2117.96ms
step:349/3250 train_time:738.877s step_avg:2117.13ms
step:350/3250 train_time:740.976s step_avg:2117.08ms
step:351/3250 train_time:742.804s step_avg:2116.25ms
step:352/3250 train_time:744.632s step_avg:2115.43ms
step:353/3250 train_time:747.292s step_avg:2116.97ms
step:354/3250 train_time:749.118s step_avg:2116.15ms
step:355/3250 train_time:750.943s step_avg:2115.33ms
step:356/3250 train_time:752.769s step_avg:2114.52ms
step:357/3250 train_time:754.595s step_avg:2113.71ms
step:358/3250 train_time:756.421s step_avg:2112.91ms
step:359/3250 train_time:758.248s step_avg:2112.11ms
step:360/3250 train_time:760.073s step_avg:2111.31ms
step:361/3250 train_time:761.899s step_avg:2110.52ms
step:362/3250 train_time:763.726s step_avg:2109.74ms
step:363/3250 train_time:765.553s step_avg:2108.96ms
step:364/3250 train_time:767.379s step_avg:2108.18ms
step:365/3250 train_time:769.205s step_avg:2107.41ms
step:366/3250 train_time:771.032s step_avg:2106.64ms
step:367/3250 train_time:772.859s step_avg:2105.88ms
step:368/3250 train_time:774.685s step_avg:2105.12ms
step:369/3250 train_time:777.346s step_avg:2106.63ms
step:370/3250 train_time:779.172s step_avg:2105.87ms
step:371/3250 train_time:780.998s step_avg:2105.12ms
step:372/3250 train_time:782.824s step_avg:2104.37ms
step:373/3250 train_time:784.652s step_avg:2103.62ms
step:374/3250 train_time:786.478s step_avg:2102.88ms
step:375/3250 train_time:788.641s step_avg:2103.04ms
step:375/3250 val_loss:3.90090 train_time:788.642s step_avg:1891.47ms
step:376/3250 train_time:790.468s step_avg:2102.31ms
step:377/3250 train_time:792.296s step_avg:2101.58ms
step:378/3250 train_time:794.123s step_avg:2100.85ms
step:379/3250 train_time:795.950s step_avg:2100.13ms
step:380/3250 train_time:797.777s step_avg:2099.41ms
step:381/3250 train_time:799.632s step_avg:2098.77ms
step:382/3250 train_time:801.459s step_avg:2098.06ms
step:383/3250 train_time:803.286s step_avg:2097.35ms
step:384/3250 train_time:805.112s step_avg:2096.65ms
step:385/3250 train_time:807.773s step_avg:2098.11ms
step:386/3250 train_time:809.598s step_avg:2097.41ms
step:387/3250 train_time:811.426s step_avg:2096.71ms
step:388/3250 train_time:813.253s step_avg:2096.01ms
step:389/3250 train_time:815.080s step_avg:2095.32ms
step:390/3250 train_time:816.906s step_avg:2094.63ms
step:391/3250 train_time:818.732s step_avg:2093.94ms
step:392/3250 train_time:820.558s step_avg:2093.26ms
step:393/3250 train_time:822.386s step_avg:2092.59ms
step:394/3250 train_time:824.212s step_avg:2091.91ms
step:395/3250 train_time:826.038s step_avg:2091.24ms
step:396/3250 train_time:827.864s step_avg:2090.57ms
step:397/3250 train_time:829.691s step_avg:2089.90ms
step:398/3250 train_time:831.518s step_avg:2089.24ms
step:399/3250 train_time:833.345s step_avg:2088.58ms
step:400/3250 train_time:835.443s step_avg:2088.61ms
step:401/3250 train_time:838.103s step_avg:2090.03ms
step:402/3250 train_time:839.929s step_avg:2089.38ms
step:403/3250 train_time:841.756s step_avg:2088.73ms
step:404/3250 train_time:843.582s step_avg:2088.07ms
step:405/3250 train_time:845.409s step_avg:2087.43ms
step:406/3250 train_time:847.236s step_avg:2086.79ms
step:407/3250 train_time:849.061s step_avg:2086.15ms
step:408/3250 train_time:850.890s step_avg:2085.51ms
step:409/3250 train_time:852.717s step_avg:2084.88ms
step:410/3250 train_time:854.543s step_avg:2084.25ms
step:411/3250 train_time:856.368s step_avg:2083.62ms
step:412/3250 train_time:858.194s step_avg:2083.00ms
step:413/3250 train_time:860.021s step_avg:2082.37ms
step:414/3250 train_time:861.848s step_avg:2081.76ms
step:415/3250 train_time:863.674s step_avg:2081.14ms
step:416/3250 train_time:865.500s step_avg:2080.53ms
step:417/3250 train_time:868.161s step_avg:2081.92ms
step:418/3250 train_time:869.986s step_avg:2081.31ms
step:419/3250 train_time:871.812s step_avg:2080.70ms
step:420/3250 train_time:873.640s step_avg:2080.09ms
step:421/3250 train_time:875.466s step_avg:2079.49ms
step:422/3250 train_time:877.293s step_avg:2078.89ms
step:423/3250 train_time:879.119s step_avg:2078.30ms
step:424/3250 train_time:880.946s step_avg:2077.70ms
step:425/3250 train_time:883.044s step_avg:2077.75ms
step:426/3250 train_time:884.870s step_avg:2077.16ms
step:427/3250 train_time:886.696s step_avg:2076.57ms
step:428/3250 train_time:888.522s step_avg:2075.99ms
step:429/3250 train_time:890.349s step_avg:2075.41ms
step:430/3250 train_time:892.176s step_avg:2074.83ms
step:431/3250 train_time:894.003s step_avg:2074.25ms
step:432/3250 train_time:895.828s step_avg:2073.68ms
step:433/3250 train_time:898.489s step_avg:2075.03ms
step:434/3250 train_time:900.314s step_avg:2074.46ms
step:435/3250 train_time:902.141s step_avg:2073.89ms
step:436/3250 train_time:903.967s step_avg:2073.32ms
step:437/3250 train_time:905.794s step_avg:2072.75ms
step:438/3250 train_time:907.619s step_avg:2072.19ms
step:439/3250 train_time:909.445s step_avg:2071.63ms
step:440/3250 train_time:911.271s step_avg:2071.07ms
step:441/3250 train_time:913.098s step_avg:2070.52ms
step:442/3250 train_time:914.924s step_avg:2069.96ms
step:443/3250 train_time:916.749s step_avg:2069.41ms
step:444/3250 train_time:918.575s step_avg:2068.86ms
step:445/3250 train_time:920.402s step_avg:2068.32ms
step:446/3250 train_time:922.230s step_avg:2067.78ms
step:447/3250 train_time:924.056s step_avg:2067.24ms
step:448/3250 train_time:925.882s step_avg:2066.70ms
step:449/3250 train_time:928.542s step_avg:2068.02ms
step:450/3250 train_time:930.646s step_avg:2068.10ms
step:451/3250 train_time:932.472s step_avg:2067.57ms
step:452/3250 train_time:934.298s step_avg:2067.03ms
step:453/3250 train_time:936.125s step_avg:2066.50ms
step:454/3250 train_time:937.950s step_avg:2065.97ms
step:455/3250 train_time:939.777s step_avg:2065.44ms
step:456/3250 train_time:941.604s step_avg:2064.92ms
step:457/3250 train_time:943.432s step_avg:2064.40ms
step:458/3250 train_time:945.259s step_avg:2063.88ms
step:459/3250 train_time:947.085s step_avg:2063.37ms
step:460/3250 train_time:948.911s step_avg:2062.85ms
step:461/3250 train_time:950.738s step_avg:2062.34ms
step:462/3250 train_time:952.566s step_avg:2061.83ms
step:463/3250 train_time:954.392s step_avg:2061.32ms
step:464/3250 train_time:956.218s step_avg:2060.81ms
step:465/3250 train_time:958.878s step_avg:2062.10ms
step:466/3250 train_time:960.704s step_avg:2061.60ms
step:467/3250 train_time:962.531s step_avg:2061.09ms
step:468/3250 train_time:964.358s step_avg:2060.59ms
step:469/3250 train_time:966.184s step_avg:2060.09ms
step:470/3250 train_time:968.010s step_avg:2059.60ms
step:471/3250 train_time:969.836s step_avg:2059.10ms
step:472/3250 train_time:971.664s step_avg:2058.61ms
step:473/3250 train_time:973.490s step_avg:2058.12ms
step:474/3250 train_time:975.315s step_avg:2057.63ms
step:475/3250 train_time:977.419s step_avg:2057.72ms
step:476/3250 train_time:979.244s step_avg:2057.23ms
step:477/3250 train_time:981.071s step_avg:2056.75ms
step:478/3250 train_time:982.898s step_avg:2056.27ms
step:479/3250 train_time:984.725s step_avg:2055.79ms
step:480/3250 train_time:986.551s step_avg:2055.31ms
step:481/3250 train_time:989.212s step_avg:2056.57ms
step:482/3250 train_time:991.041s step_avg:2056.10ms
step:483/3250 train_time:992.866s step_avg:2055.62ms
step:484/3250 train_time:994.693s step_avg:2055.15ms
step:485/3250 train_time:996.520s step_avg:2054.68ms
step:486/3250 train_time:998.346s step_avg:2054.21ms
step:487/3250 train_time:1000.172s step_avg:2053.74ms
step:488/3250 train_time:1001.999s step_avg:2053.28ms
step:489/3250 train_time:1003.827s step_avg:2052.82ms
step:490/3250 train_time:1005.655s step_avg:2052.36ms
step:491/3250 train_time:1007.483s step_avg:2051.90ms
step:492/3250 train_time:1009.310s step_avg:2051.44ms
step:493/3250 train_time:1011.138s step_avg:2050.99ms
step:494/3250 train_time:1012.968s step_avg:2050.54ms
step:495/3250 train_time:1014.795s step_avg:2050.09ms
step:496/3250 train_time:1016.624s step_avg:2049.64ms
step:497/3250 train_time:1019.284s step_avg:2050.87ms
step:498/3250 train_time:1021.112s step_avg:2050.43ms
step:499/3250 train_time:1022.939s step_avg:2049.98ms
step:500/3250 train_time:1025.111s step_avg:2050.22ms
step:500/3250 val_loss:3.81331 train_time:1025.111s step_avg:1891.76ms
step:501/3250 train_time:1026.937s step_avg:2049.78ms
step:502/3250 train_time:1028.764s step_avg:2049.33ms
step:503/3250 train_time:1030.590s step_avg:2048.89ms
step:504/3250 train_time:1032.417s step_avg:2048.45ms
step:505/3250 train_time:1034.244s step_avg:2048.01ms
step:506/3250 train_time:1036.070s step_avg:2047.57ms
step:507/3250 train_time:1037.896s step_avg:2047.13ms
step:508/3250 train_time:1039.723s step_avg:2046.70ms
step:509/3250 train_time:1041.550s step_avg:2046.27ms
step:510/3250 train_time:1043.377s step_avg:2045.84ms
step:511/3250 train_time:1045.206s step_avg:2045.41ms
step:512/3250 train_time:1047.034s step_avg:2044.99ms
step:513/3250 train_time:1049.694s step_avg:2046.19ms
step:514/3250 train_time:1051.521s step_avg:2045.76ms
step:515/3250 train_time:1053.349s step_avg:2045.34ms
step:516/3250 train_time:1055.177s step_avg:2044.92ms
step:517/3250 train_time:1057.004s step_avg:2044.50ms
step:518/3250 train_time:1058.833s step_avg:2044.08ms
step:519/3250 train_time:1060.661s step_avg:2043.66ms
step:520/3250 train_time:1062.489s step_avg:2043.25ms
step:521/3250 train_time:1064.317s step_avg:2042.84ms
step:522/3250 train_time:1066.145s step_avg:2042.42ms
step:523/3250 train_time:1067.972s step_avg:2042.01ms
step:524/3250 train_time:1069.800s step_avg:2041.60ms
step:525/3250 train_time:1071.904s step_avg:2041.72ms
step:526/3250 train_time:1073.731s step_avg:2041.31ms
step:527/3250 train_time:1075.559s step_avg:2040.91ms
step:528/3250 train_time:1077.386s step_avg:2040.50ms
step:529/3250 train_time:1080.046s step_avg:2041.68ms
step:530/3250 train_time:1081.874s step_avg:2041.27ms
step:531/3250 train_time:1083.701s step_avg:2040.87ms
step:532/3250 train_time:1085.527s step_avg:2040.47ms
step:533/3250 train_time:1087.354s step_avg:2040.06ms
step:534/3250 train_time:1089.182s step_avg:2039.67ms
step:535/3250 train_time:1091.010s step_avg:2039.27ms
step:536/3250 train_time:1092.837s step_avg:2038.88ms
step:537/3250 train_time:1094.664s step_avg:2038.48ms
step:538/3250 train_time:1096.492s step_avg:2038.09ms
step:539/3250 train_time:1098.320s step_avg:2037.70ms
step:540/3250 train_time:1100.148s step_avg:2037.31ms
step:541/3250 train_time:1101.975s step_avg:2036.92ms
step:542/3250 train_time:1103.803s step_avg:2036.54ms
step:543/3250 train_time:1105.631s step_avg:2036.15ms
step:544/3250 train_time:1107.458s step_avg:2035.77ms
step:545/3250 train_time:1110.118s step_avg:2036.91ms
step:546/3250 train_time:1111.945s step_avg:2036.53ms
step:547/3250 train_time:1113.771s step_avg:2036.14ms
step:548/3250 train_time:1115.598s step_avg:2035.76ms
step:549/3250 train_time:1117.424s step_avg:2035.38ms
step:550/3250 train_time:1119.523s step_avg:2035.50ms
step:551/3250 train_time:1121.350s step_avg:2035.12ms
step:552/3250 train_time:1123.176s step_avg:2034.74ms
step:553/3250 train_time:1125.002s step_avg:2034.36ms
step:554/3250 train_time:1126.829s step_avg:2033.99ms
step:555/3250 train_time:1128.656s step_avg:2033.61ms
step:556/3250 train_time:1130.484s step_avg:2033.24ms
step:557/3250 train_time:1132.311s step_avg:2032.87ms
step:558/3250 train_time:1134.137s step_avg:2032.50ms
step:559/3250 train_time:1135.965s step_avg:2032.14ms
step:560/3250 train_time:1137.792s step_avg:2031.77ms
step:561/3250 train_time:1140.453s step_avg:2032.89ms
step:562/3250 train_time:1142.279s step_avg:2032.52ms
step:563/3250 train_time:1144.106s step_avg:2032.16ms
step:564/3250 train_time:1145.932s step_avg:2031.79ms
step:565/3250 train_time:1147.758s step_avg:2031.43ms
step:566/3250 train_time:1149.586s step_avg:2031.07ms
step:567/3250 train_time:1151.413s step_avg:2030.71ms
step:568/3250 train_time:1153.240s step_avg:2030.35ms
step:569/3250 train_time:1155.067s step_avg:2029.99ms
step:570/3250 train_time:1156.896s step_avg:2029.64ms
step:571/3250 train_time:1158.757s step_avg:2029.35ms
step:572/3250 train_time:1160.587s step_avg:2029.00ms
step:573/3250 train_time:1162.414s step_avg:2028.65ms
step:574/3250 train_time:1164.242s step_avg:2028.30ms
step:575/3250 train_time:1166.349s step_avg:2028.43ms
step:576/3250 train_time:1168.176s step_avg:2028.08ms
step:577/3250 train_time:1170.837s step_avg:2029.18ms
step:578/3250 train_time:1172.663s step_avg:2028.83ms
step:579/3250 train_time:1174.490s step_avg:2028.48ms
step:580/3250 train_time:1176.317s step_avg:2028.13ms
step:581/3250 train_time:1178.146s step_avg:2027.79ms
step:582/3250 train_time:1179.973s step_avg:2027.44ms
step:583/3250 train_time:1181.800s step_avg:2027.10ms
step:584/3250 train_time:1183.627s step_avg:2026.76ms
step:585/3250 train_time:1185.452s step_avg:2026.41ms
step:586/3250 train_time:1187.279s step_avg:2026.07ms
step:587/3250 train_time:1189.105s step_avg:2025.73ms
step:588/3250 train_time:1190.933s step_avg:2025.40ms
step:589/3250 train_time:1192.759s step_avg:2025.06ms
step:590/3250 train_time:1194.585s step_avg:2024.72ms
step:591/3250 train_time:1196.411s step_avg:2024.38ms
step:592/3250 train_time:1198.239s step_avg:2024.05ms
step:593/3250 train_time:1200.900s step_avg:2025.13ms
step:594/3250 train_time:1202.726s step_avg:2024.79ms
step:595/3250 train_time:1204.552s step_avg:2024.46ms
step:596/3250 train_time:1206.379s step_avg:2024.13ms
step:597/3250 train_time:1208.205s step_avg:2023.79ms
step:598/3250 train_time:1210.032s step_avg:2023.46ms
step:599/3250 train_time:1211.859s step_avg:2023.14ms
step:600/3250 train_time:1213.956s step_avg:2023.26ms
step:601/3250 train_time:1215.783s step_avg:2022.93ms
step:602/3250 train_time:1217.609s step_avg:2022.61ms
step:603/3250 train_time:1219.435s step_avg:2022.28ms
step:604/3250 train_time:1221.262s step_avg:2021.96ms
step:605/3250 train_time:1223.088s step_avg:2021.63ms
step:606/3250 train_time:1224.914s step_avg:2021.31ms
step:607/3250 train_time:1226.741s step_avg:2020.99ms
step:608/3250 train_time:1228.568s step_avg:2020.67ms
step:609/3250 train_time:1231.229s step_avg:2021.72ms
step:610/3250 train_time:1233.054s step_avg:2021.40ms
step:611/3250 train_time:1234.881s step_avg:2021.08ms
step:612/3250 train_time:1236.707s step_avg:2020.76ms
step:613/3250 train_time:1238.532s step_avg:2020.44ms
step:614/3250 train_time:1240.359s step_avg:2020.13ms
step:615/3250 train_time:1242.186s step_avg:2019.81ms
step:616/3250 train_time:1244.012s step_avg:2019.50ms
step:617/3250 train_time:1245.839s step_avg:2019.19ms
step:618/3250 train_time:1247.665s step_avg:2018.87ms
step:619/3250 train_time:1249.492s step_avg:2018.57ms
step:620/3250 train_time:1251.319s step_avg:2018.26ms
step:621/3250 train_time:1253.146s step_avg:2017.95ms
step:622/3250 train_time:1254.972s step_avg:2017.64ms
step:623/3250 train_time:1256.798s step_avg:2017.33ms
step:624/3250 train_time:1258.625s step_avg:2017.03ms
step:625/3250 train_time:1261.622s step_avg:2018.60ms
step:625/3250 val_loss:3.75239 train_time:1261.623s step_avg:1892.09ms
step:626/3250 train_time:1263.450s step_avg:2018.29ms
step:627/3250 train_time:1265.276s step_avg:2017.98ms
step:628/3250 train_time:1267.103s step_avg:2017.68ms
step:629/3250 train_time:1268.931s step_avg:2017.38ms
step:630/3250 train_time:1270.757s step_avg:2017.07ms
step:631/3250 train_time:1272.583s step_avg:2016.77ms
step:632/3250 train_time:1274.409s step_avg:2016.47ms
step:633/3250 train_time:1276.237s step_avg:2016.17ms
step:634/3250 train_time:1278.065s step_avg:2015.87ms
step:635/3250 train_time:1279.891s step_avg:2015.58ms
step:636/3250 train_time:1281.719s step_avg:2015.28ms
step:637/3250 train_time:1283.545s step_avg:2014.98ms
step:638/3250 train_time:1285.371s step_avg:2014.69ms
step:639/3250 train_time:1287.197s step_avg:2014.39ms
step:640/3250 train_time:1289.025s step_avg:2014.10ms
step:641/3250 train_time:1291.685s step_avg:2015.11ms
step:642/3250 train_time:1293.511s step_avg:2014.82ms
step:643/3250 train_time:1295.337s step_avg:2014.52ms
step:644/3250 train_time:1297.164s step_avg:2014.23ms
step:645/3250 train_time:1298.992s step_avg:2013.94ms
step:646/3250 train_time:1300.819s step_avg:2013.65ms
step:647/3250 train_time:1302.646s step_avg:2013.36ms
step:648/3250 train_time:1304.474s step_avg:2013.08ms
step:649/3250 train_time:1306.302s step_avg:2012.79ms
step:650/3250 train_time:1308.401s step_avg:2012.93ms
step:651/3250 train_time:1310.228s step_avg:2012.64ms
step:652/3250 train_time:1312.055s step_avg:2012.35ms
step:653/3250 train_time:1313.882s step_avg:2012.07ms
step:654/3250 train_time:1315.709s step_avg:2011.79ms
step:655/3250 train_time:1317.538s step_avg:2011.51ms
step:656/3250 train_time:1319.365s step_avg:2011.23ms
step:657/3250 train_time:1322.025s step_avg:2012.22ms
step:658/3250 train_time:1323.852s step_avg:2011.93ms
step:659/3250 train_time:1325.679s step_avg:2011.65ms
step:660/3250 train_time:1327.505s step_avg:2011.37ms
step:661/3250 train_time:1329.333s step_avg:2011.09ms
step:662/3250 train_time:1331.159s step_avg:2010.81ms
step:663/3250 train_time:1332.985s step_avg:2010.54ms
step:664/3250 train_time:1334.812s step_avg:2010.26ms
step:665/3250 train_time:1336.639s step_avg:2009.98ms
step:666/3250 train_time:1338.466s step_avg:2009.71ms
step:667/3250 train_time:1340.293s step_avg:2009.43ms
step:668/3250 train_time:1342.121s step_avg:2009.16ms
step:669/3250 train_time:1343.948s step_avg:2008.89ms
step:670/3250 train_time:1345.774s step_avg:2008.62ms
step:671/3250 train_time:1347.602s step_avg:2008.35ms
step:672/3250 train_time:1349.430s step_avg:2008.08ms
step:673/3250 train_time:1352.091s step_avg:2009.05ms
step:674/3250 train_time:1353.917s step_avg:2008.78ms
step:675/3250 train_time:1356.015s step_avg:2008.91ms
step:676/3250 train_time:1357.842s step_avg:2008.64ms
step:677/3250 train_time:1359.668s step_avg:2008.37ms
step:678/3250 train_time:1361.494s step_avg:2008.10ms
step:679/3250 train_time:1363.320s step_avg:2007.84ms
step:680/3250 train_time:1365.146s step_avg:2007.57ms
step:681/3250 train_time:1366.974s step_avg:2007.30ms
step:682/3250 train_time:1368.801s step_avg:2007.04ms
step:683/3250 train_time:1370.628s step_avg:2006.78ms
step:684/3250 train_time:1372.455s step_avg:2006.51ms
step:685/3250 train_time:1374.281s step_avg:2006.25ms
step:686/3250 train_time:1376.107s step_avg:2005.99ms
step:687/3250 train_time:1377.934s step_avg:2005.73ms
step:688/3250 train_time:1379.760s step_avg:2005.47ms
step:689/3250 train_time:1382.421s step_avg:2006.42ms
step:690/3250 train_time:1384.246s step_avg:2006.15ms
step:691/3250 train_time:1386.072s step_avg:2005.89ms
step:692/3250 train_time:1387.899s step_avg:2005.63ms
step:693/3250 train_time:1389.724s step_avg:2005.37ms
step:694/3250 train_time:1391.551s step_avg:2005.12ms
step:695/3250 train_time:1393.377s step_avg:2004.86ms
step:696/3250 train_time:1395.202s step_avg:2004.60ms
step:697/3250 train_time:1397.028s step_avg:2004.34ms
step:698/3250 train_time:1398.854s step_avg:2004.09ms
step:699/3250 train_time:1400.680s step_avg:2003.83ms
step:700/3250 train_time:1402.779s step_avg:2003.97ms
step:701/3250 train_time:1404.605s step_avg:2003.72ms
step:702/3250 train_time:1406.432s step_avg:2003.46ms
step:703/3250 train_time:1408.258s step_avg:2003.21ms
step:704/3250 train_time:1410.085s step_avg:2002.96ms
step:705/3250 train_time:1412.746s step_avg:2003.89ms
step:706/3250 train_time:1414.572s step_avg:2003.64ms
step:707/3250 train_time:1416.398s step_avg:2003.39ms
step:708/3250 train_time:1418.226s step_avg:2003.14ms
step:709/3250 train_time:1420.053s step_avg:2002.90ms
step:710/3250 train_time:1421.879s step_avg:2002.65ms
step:711/3250 train_time:1423.707s step_avg:2002.40ms
step:712/3250 train_time:1425.533s step_avg:2002.15ms
step:713/3250 train_time:1427.359s step_avg:2001.91ms
step:714/3250 train_time:1429.186s step_avg:2001.66ms
step:715/3250 train_time:1431.013s step_avg:2001.42ms
step:716/3250 train_time:1432.839s step_avg:2001.17ms
step:717/3250 train_time:1434.666s step_avg:2000.93ms
step:718/3250 train_time:1436.492s step_avg:2000.69ms
step:719/3250 train_time:1438.319s step_avg:2000.44ms
step:720/3250 train_time:1440.146s step_avg:2000.20ms
step:721/3250 train_time:1442.807s step_avg:2001.12ms
step:722/3250 train_time:1444.634s step_avg:2000.88ms
step:723/3250 train_time:1446.461s step_avg:2000.64ms
step:724/3250 train_time:1448.288s step_avg:2000.40ms
step:725/3250 train_time:1450.388s step_avg:2000.53ms
step:726/3250 train_time:1452.214s step_avg:2000.29ms
step:727/3250 train_time:1454.041s step_avg:2000.06ms
step:728/3250 train_time:1455.868s step_avg:1999.82ms
step:729/3250 train_time:1457.697s step_avg:1999.58ms
step:730/3250 train_time:1459.525s step_avg:1999.35ms
step:731/3250 train_time:1461.353s step_avg:1999.11ms
step:732/3250 train_time:1463.181s step_avg:1998.88ms
step:733/3250 train_time:1465.008s step_avg:1998.65ms
step:734/3250 train_time:1466.834s step_avg:1998.41ms
step:735/3250 train_time:1468.662s step_avg:1998.18ms
step:736/3250 train_time:1470.489s step_avg:1997.95ms
step:737/3250 train_time:1473.149s step_avg:1998.85ms
step:738/3250 train_time:1474.976s step_avg:1998.61ms
step:739/3250 train_time:1476.804s step_avg:1998.38ms
step:740/3250 train_time:1478.630s step_avg:1998.15ms
step:741/3250 train_time:1480.457s step_avg:1997.92ms
step:742/3250 train_time:1482.284s step_avg:1997.69ms
step:743/3250 train_time:1484.111s step_avg:1997.46ms
step:744/3250 train_time:1485.939s step_avg:1997.23ms
step:745/3250 train_time:1487.767s step_avg:1997.00ms
step:746/3250 train_time:1489.594s step_avg:1996.77ms
step:747/3250 train_time:1491.421s step_avg:1996.55ms
step:748/3250 train_time:1493.247s step_avg:1996.32ms
step:749/3250 train_time:1495.074s step_avg:1996.09ms
step:750/3250 train_time:1497.239s step_avg:1996.32ms
step:750/3250 val_loss:3.71143 train_time:1497.239s step_avg:1884.93ms
step:751/3250 train_time:1499.069s step_avg:1996.10ms
step:752/3250 train_time:1500.897s step_avg:1995.87ms
step:753/3250 train_time:1503.558s step_avg:1996.76ms
step:754/3250 train_time:1505.385s step_avg:1996.53ms
step:755/3250 train_time:1507.214s step_avg:1996.31ms
step:756/3250 train_time:1509.040s step_avg:1996.09ms
step:757/3250 train_time:1510.868s step_avg:1995.86ms
step:758/3250 train_time:1512.695s step_avg:1995.64ms
step:759/3250 train_time:1514.521s step_avg:1995.42ms
step:760/3250 train_time:1516.349s step_avg:1995.20ms
step:761/3250 train_time:1518.213s step_avg:1995.02ms
step:762/3250 train_time:1520.040s step_avg:1994.80ms
step:763/3250 train_time:1521.866s step_avg:1994.58ms
step:764/3250 train_time:1523.693s step_avg:1994.36ms
step:765/3250 train_time:1525.520s step_avg:1994.14ms
step:766/3250 train_time:1527.348s step_avg:1993.93ms
step:767/3250 train_time:1529.175s step_avg:1993.71ms
step:768/3250 train_time:1531.002s step_avg:1993.49ms
step:769/3250 train_time:1533.662s step_avg:1994.36ms
step:770/3250 train_time:1535.489s step_avg:1994.14ms
step:771/3250 train_time:1537.316s step_avg:1993.92ms
step:772/3250 train_time:1539.142s step_avg:1993.71ms
step:773/3250 train_time:1540.968s step_avg:1993.49ms
step:774/3250 train_time:1542.794s step_avg:1993.27ms
step:775/3250 train_time:1544.892s step_avg:1993.41ms
step:776/3250 train_time:1546.719s step_avg:1993.19ms
step:777/3250 train_time:1548.545s step_avg:1992.98ms
step:778/3250 train_time:1550.370s step_avg:1992.76ms
step:779/3250 train_time:1552.197s step_avg:1992.55ms
step:780/3250 train_time:1554.023s step_avg:1992.34ms
step:781/3250 train_time:1555.850s step_avg:1992.13ms
step:782/3250 train_time:1557.678s step_avg:1991.92ms
step:783/3250 train_time:1559.504s step_avg:1991.70ms
step:784/3250 train_time:1561.330s step_avg:1991.49ms
step:785/3250 train_time:1563.990s step_avg:1992.34ms
step:786/3250 train_time:1565.817s step_avg:1992.13ms
step:787/3250 train_time:1567.643s step_avg:1991.92ms
step:788/3250 train_time:1569.470s step_avg:1991.71ms
step:789/3250 train_time:1571.296s step_avg:1991.50ms
step:790/3250 train_time:1573.122s step_avg:1991.29ms
step:791/3250 train_time:1574.948s step_avg:1991.08ms
step:792/3250 train_time:1576.775s step_avg:1990.88ms
step:793/3250 train_time:1578.601s step_avg:1990.67ms
step:794/3250 train_time:1580.427s step_avg:1990.46ms
step:795/3250 train_time:1582.252s step_avg:1990.25ms
step:796/3250 train_time:1584.079s step_avg:1990.05ms
step:797/3250 train_time:1585.906s step_avg:1989.84ms
step:798/3250 train_time:1587.733s step_avg:1989.64ms
step:799/3250 train_time:1589.559s step_avg:1989.44ms
step:800/3250 train_time:1591.658s step_avg:1989.57ms
step:801/3250 train_time:1594.318s step_avg:1990.41ms
step:802/3250 train_time:1596.144s step_avg:1990.21ms
step:803/3250 train_time:1597.970s step_avg:1990.00ms
step:804/3250 train_time:1599.796s step_avg:1989.80ms
step:805/3250 train_time:1601.621s step_avg:1989.59ms
step:806/3250 train_time:1603.447s step_avg:1989.39ms
step:807/3250 train_time:1605.272s step_avg:1989.18ms
step:808/3250 train_time:1607.100s step_avg:1988.99ms
step:809/3250 train_time:1608.926s step_avg:1988.78ms
step:810/3250 train_time:1610.752s step_avg:1988.58ms
step:811/3250 train_time:1612.578s step_avg:1988.38ms
step:812/3250 train_time:1614.404s step_avg:1988.18ms
step:813/3250 train_time:1616.231s step_avg:1987.98ms
step:814/3250 train_time:1618.057s step_avg:1987.79ms
step:815/3250 train_time:1619.883s step_avg:1987.59ms
step:816/3250 train_time:1621.709s step_avg:1987.39ms
step:817/3250 train_time:1624.369s step_avg:1988.21ms
step:818/3250 train_time:1626.195s step_avg:1988.01ms
step:819/3250 train_time:1628.021s step_avg:1987.82ms
step:820/3250 train_time:1629.848s step_avg:1987.62ms
step:821/3250 train_time:1631.674s step_avg:1987.42ms
step:822/3250 train_time:1633.499s step_avg:1987.23ms
step:823/3250 train_time:1635.325s step_avg:1987.03ms
step:824/3250 train_time:1637.152s step_avg:1986.84ms
step:825/3250 train_time:1639.250s step_avg:1986.97ms
step:826/3250 train_time:1641.075s step_avg:1986.77ms
step:827/3250 train_time:1642.900s step_avg:1986.58ms
step:828/3250 train_time:1644.726s step_avg:1986.38ms
step:829/3250 train_time:1646.553s step_avg:1986.19ms
step:830/3250 train_time:1648.380s step_avg:1986.00ms
step:831/3250 train_time:1650.206s step_avg:1985.81ms
step:832/3250 train_time:1652.032s step_avg:1985.62ms
step:833/3250 train_time:1654.693s step_avg:1986.43ms
step:834/3250 train_time:1656.519s step_avg:1986.23ms
step:835/3250 train_time:1658.344s step_avg:1986.04ms
step:836/3250 train_time:1660.171s step_avg:1985.85ms
step:837/3250 train_time:1661.998s step_avg:1985.66ms
step:838/3250 train_time:1663.824s step_avg:1985.47ms
step:839/3250 train_time:1665.649s step_avg:1985.28ms
step:840/3250 train_time:1667.475s step_avg:1985.09ms
step:841/3250 train_time:1669.302s step_avg:1984.90ms
step:842/3250 train_time:1671.128s step_avg:1984.71ms
step:843/3250 train_time:1672.954s step_avg:1984.52ms
step:844/3250 train_time:1674.780s step_avg:1984.34ms
step:845/3250 train_time:1676.608s step_avg:1984.15ms
step:846/3250 train_time:1678.433s step_avg:1983.96ms
step:847/3250 train_time:1680.260s step_avg:1983.78ms
step:848/3250 train_time:1682.087s step_avg:1983.59ms
step:849/3250 train_time:1684.747s step_avg:1984.39ms
step:850/3250 train_time:1686.848s step_avg:1984.53ms
step:851/3250 train_time:1688.673s step_avg:1984.34ms
step:852/3250 train_time:1690.499s step_avg:1984.15ms
step:853/3250 train_time:1692.325s step_avg:1983.97ms
step:854/3250 train_time:1694.151s step_avg:1983.78ms
step:855/3250 train_time:1695.977s step_avg:1983.60ms
step:856/3250 train_time:1697.803s step_avg:1983.41ms
step:857/3250 train_time:1699.630s step_avg:1983.23ms
step:858/3250 train_time:1701.455s step_avg:1983.05ms
step:859/3250 train_time:1703.281s step_avg:1982.87ms
step:860/3250 train_time:1705.108s step_avg:1982.68ms
step:861/3250 train_time:1706.936s step_avg:1982.50ms
step:862/3250 train_time:1708.762s step_avg:1982.32ms
step:863/3250 train_time:1710.588s step_avg:1982.14ms
step:864/3250 train_time:1712.413s step_avg:1981.96ms
step:865/3250 train_time:1715.075s step_avg:1982.75ms
step:866/3250 train_time:1716.901s step_avg:1982.57ms
step:867/3250 train_time:1718.728s step_avg:1982.38ms
step:868/3250 train_time:1720.555s step_avg:1982.21ms
step:869/3250 train_time:1722.381s step_avg:1982.03ms
step:870/3250 train_time:1724.207s step_avg:1981.85ms
step:871/3250 train_time:1726.033s step_avg:1981.67ms
step:872/3250 train_time:1727.860s step_avg:1981.49ms
step:873/3250 train_time:1729.687s step_avg:1981.31ms
step:874/3250 train_time:1731.513s step_avg:1981.14ms
step:875/3250 train_time:1733.676s step_avg:1981.34ms
step:875/3250 val_loss:3.67729 train_time:1733.677s step_avg:1891.50ms
step:876/3250 train_time:1735.505s step_avg:1981.17ms
step:877/3250 train_time:1737.332s step_avg:1980.99ms
step:878/3250 train_time:1739.159s step_avg:1980.82ms
step:879/3250 train_time:1740.986s step_avg:1980.64ms
step:880/3250 train_time:1742.813s step_avg:1980.47ms
step:881/3250 train_time:1745.474s step_avg:1981.24ms
step:882/3250 train_time:1747.300s step_avg:1981.07ms
step:883/3250 train_time:1749.126s step_avg:1980.89ms
step:884/3250 train_time:1750.952s step_avg:1980.72ms
step:885/3250 train_time:1752.779s step_avg:1980.54ms
step:886/3250 train_time:1754.607s step_avg:1980.37ms
step:887/3250 train_time:1756.434s step_avg:1980.20ms
step:888/3250 train_time:1758.259s step_avg:1980.02ms
step:889/3250 train_time:1760.086s step_avg:1979.85ms
step:890/3250 train_time:1761.912s step_avg:1979.68ms
step:891/3250 train_time:1763.738s step_avg:1979.50ms
step:892/3250 train_time:1765.565s step_avg:1979.33ms
step:893/3250 train_time:1767.392s step_avg:1979.16ms
step:894/3250 train_time:1769.218s step_avg:1978.99ms
step:895/3250 train_time:1771.043s step_avg:1978.82ms
step:896/3250 train_time:1772.869s step_avg:1978.65ms
step:897/3250 train_time:1775.529s step_avg:1979.41ms
step:898/3250 train_time:1777.354s step_avg:1979.24ms
step:899/3250 train_time:1779.180s step_avg:1979.07ms
step:900/3250 train_time:1781.277s step_avg:1979.20ms
step:901/3250 train_time:1783.103s step_avg:1979.03ms
step:902/3250 train_time:1784.930s step_avg:1978.86ms
step:903/3250 train_time:1786.756s step_avg:1978.69ms
step:904/3250 train_time:1788.581s step_avg:1978.52ms
step:905/3250 train_time:1790.408s step_avg:1978.35ms
step:906/3250 train_time:1792.234s step_avg:1978.18ms
step:907/3250 train_time:1794.061s step_avg:1978.02ms
step:908/3250 train_time:1795.887s step_avg:1977.85ms
step:909/3250 train_time:1797.715s step_avg:1977.68ms
step:910/3250 train_time:1799.542s step_avg:1977.52ms
step:911/3250 train_time:1801.368s step_avg:1977.35ms
step:912/3250 train_time:1803.193s step_avg:1977.19ms
step:913/3250 train_time:1805.854s step_avg:1977.93ms
step:914/3250 train_time:1807.679s step_avg:1977.77ms
step:915/3250 train_time:1809.506s step_avg:1977.60ms
step:916/3250 train_time:1811.332s step_avg:1977.44ms
step:917/3250 train_time:1813.159s step_avg:1977.27ms
step:918/3250 train_time:1814.987s step_avg:1977.11ms
step:919/3250 train_time:1816.814s step_avg:1976.95ms
step:920/3250 train_time:1818.641s step_avg:1976.78ms
step:921/3250 train_time:1820.468s step_avg:1976.62ms
step:922/3250 train_time:1822.294s step_avg:1976.46ms
step:923/3250 train_time:1824.122s step_avg:1976.30ms
step:924/3250 train_time:1825.950s step_avg:1976.14ms
step:925/3250 train_time:1828.049s step_avg:1976.27ms
step:926/3250 train_time:1829.875s step_avg:1976.11ms
step:927/3250 train_time:1831.701s step_avg:1975.95ms
step:928/3250 train_time:1833.527s step_avg:1975.78ms
step:929/3250 train_time:1836.187s step_avg:1976.52ms
step:930/3250 train_time:1838.013s step_avg:1976.36ms
step:931/3250 train_time:1839.839s step_avg:1976.20ms
step:932/3250 train_time:1841.666s step_avg:1976.04ms
step:933/3250 train_time:1843.493s step_avg:1975.88ms
step:934/3250 train_time:1845.320s step_avg:1975.72ms
step:935/3250 train_time:1847.146s step_avg:1975.56ms
step:936/3250 train_time:1848.972s step_avg:1975.40ms
step:937/3250 train_time:1850.799s step_avg:1975.24ms
step:938/3250 train_time:1852.625s step_avg:1975.08ms
step:939/3250 train_time:1854.453s step_avg:1974.92ms
step:940/3250 train_time:1856.279s step_avg:1974.77ms
step:941/3250 train_time:1858.106s step_avg:1974.61ms
step:942/3250 train_time:1859.933s step_avg:1974.45ms
step:943/3250 train_time:1861.759s step_avg:1974.29ms
step:944/3250 train_time:1863.586s step_avg:1974.14ms
step:945/3250 train_time:1866.247s step_avg:1974.86ms
step:946/3250 train_time:1868.073s step_avg:1974.71ms
step:947/3250 train_time:1869.899s step_avg:1974.55ms
step:948/3250 train_time:1871.726s step_avg:1974.39ms
step:949/3250 train_time:1873.552s step_avg:1974.24ms
step:950/3250 train_time:1875.651s step_avg:1974.37ms
step:951/3250 train_time:1877.513s step_avg:1974.25ms
step:952/3250 train_time:1879.340s step_avg:1974.10ms
step:953/3250 train_time:1881.167s step_avg:1973.94ms
step:954/3250 train_time:1882.994s step_avg:1973.79ms
step:955/3250 train_time:1884.820s step_avg:1973.63ms
step:956/3250 train_time:1886.648s step_avg:1973.48ms
step:957/3250 train_time:1888.475s step_avg:1973.33ms
step:958/3250 train_time:1890.302s step_avg:1973.18ms
step:959/3250 train_time:1892.129s step_avg:1973.02ms
step:960/3250 train_time:1893.958s step_avg:1972.87ms
step:961/3250 train_time:1896.620s step_avg:1973.59ms
step:962/3250 train_time:1898.446s step_avg:1973.44ms
step:963/3250 train_time:1900.273s step_avg:1973.28ms
step:964/3250 train_time:1902.100s step_avg:1973.13ms
step:965/3250 train_time:1903.926s step_avg:1972.98ms
step:966/3250 train_time:1905.754s step_avg:1972.83ms
step:967/3250 train_time:1907.581s step_avg:1972.68ms
step:968/3250 train_time:1909.407s step_avg:1972.53ms
step:969/3250 train_time:1911.233s step_avg:1972.38ms
step:970/3250 train_time:1913.061s step_avg:1972.23ms
step:971/3250 train_time:1914.889s step_avg:1972.08ms
step:972/3250 train_time:1916.715s step_avg:1971.93ms
step:973/3250 train_time:1918.542s step_avg:1971.78ms
step:974/3250 train_time:1920.368s step_avg:1971.63ms
step:975/3250 train_time:1922.468s step_avg:1971.76ms
step:976/3250 train_time:1924.295s step_avg:1971.61ms
step:977/3250 train_time:1926.956s step_avg:1972.32ms
step:978/3250 train_time:1928.783s step_avg:1972.17ms
step:979/3250 train_time:1930.610s step_avg:1972.02ms
step:980/3250 train_time:1932.436s step_avg:1971.87ms
step:981/3250 train_time:1934.264s step_avg:1971.73ms
step:982/3250 train_time:1936.091s step_avg:1971.58ms
step:983/3250 train_time:1937.918s step_avg:1971.43ms
step:984/3250 train_time:1939.744s step_avg:1971.28ms
step:985/3250 train_time:1941.571s step_avg:1971.14ms
step:986/3250 train_time:1943.398s step_avg:1970.99ms
step:987/3250 train_time:1945.226s step_avg:1970.85ms
step:988/3250 train_time:1947.054s step_avg:1970.70ms
step:989/3250 train_time:1948.882s step_avg:1970.56ms
step:990/3250 train_time:1950.709s step_avg:1970.41ms
step:991/3250 train_time:1952.538s step_avg:1970.27ms
step:992/3250 train_time:1954.366s step_avg:1970.13ms
step:993/3250 train_time:1957.028s step_avg:1970.82ms
step:994/3250 train_time:1958.855s step_avg:1970.68ms
step:995/3250 train_time:1960.683s step_avg:1970.54ms
step:996/3250 train_time:1962.509s step_avg:1970.39ms
step:997/3250 train_time:1964.338s step_avg:1970.25ms
step:998/3250 train_time:1966.165s step_avg:1970.11ms
step:999/3250 train_time:1967.992s step_avg:1969.96ms
step:1000/3250 train_time:1970.155s step_avg:1970.15ms
step:1000/3250 val_loss:3.64312 train_time:1970.155s step_avg:1891.83ms
step:1001/3250 train_time:1971.982s step_avg:1970.01ms
step:1002/3250 train_time:1973.811s step_avg:1969.87ms
step:1003/3250 train_time:1975.639s step_avg:1969.73ms
step:1004/3250 train_time:1977.466s step_avg:1969.59ms
step:1005/3250 train_time:1979.293s step_avg:1969.45ms
step:1006/3250 train_time:1981.121s step_avg:1969.31ms
step:1007/3250 train_time:1982.950s step_avg:1969.17ms
step:1008/3250 train_time:1984.777s step_avg:1969.03ms
step:1009/3250 train_time:1987.439s step_avg:1969.71ms
step:1010/3250 train_time:1989.267s step_avg:1969.57ms
step:1011/3250 train_time:1991.094s step_avg:1969.43ms
step:1012/3250 train_time:1992.922s step_avg:1969.29ms
step:1013/3250 train_time:1994.750s step_avg:1969.15ms
step:1014/3250 train_time:1996.576s step_avg:1969.01ms
step:1015/3250 train_time:1998.403s step_avg:1968.87ms
step:1016/3250 train_time:2000.230s step_avg:1968.73ms
step:1017/3250 train_time:2002.060s step_avg:1968.59ms
step:1018/3250 train_time:2003.888s step_avg:1968.46ms
step:1019/3250 train_time:2005.716s step_avg:1968.32ms
step:1020/3250 train_time:2007.545s step_avg:1968.18ms
step:1021/3250 train_time:2009.373s step_avg:1968.04ms
step:1022/3250 train_time:2011.201s step_avg:1967.91ms
step:1023/3250 train_time:2013.028s step_avg:1967.77ms
step:1024/3250 train_time:2014.855s step_avg:1967.63ms
step:1025/3250 train_time:2017.789s step_avg:1968.57ms
step:1026/3250 train_time:2019.616s step_avg:1968.44ms
step:1027/3250 train_time:2021.444s step_avg:1968.30ms
step:1028/3250 train_time:2023.271s step_avg:1968.16ms
step:1029/3250 train_time:2025.099s step_avg:1968.03ms
step:1030/3250 train_time:2026.926s step_avg:1967.89ms
step:1031/3250 train_time:2028.753s step_avg:1967.75ms
step:1032/3250 train_time:2030.581s step_avg:1967.62ms
step:1033/3250 train_time:2032.409s step_avg:1967.48ms
step:1034/3250 train_time:2034.237s step_avg:1967.35ms
step:1035/3250 train_time:2036.064s step_avg:1967.21ms
step:1036/3250 train_time:2037.891s step_avg:1967.08ms
step:1037/3250 train_time:2039.718s step_avg:1966.94ms
step:1038/3250 train_time:2041.544s step_avg:1966.81ms
step:1039/3250 train_time:2043.372s step_avg:1966.67ms
step:1040/3250 train_time:2045.199s step_avg:1966.54ms
step:1041/3250 train_time:2047.861s step_avg:1967.21ms
step:1042/3250 train_time:2049.688s step_avg:1967.07ms
step:1043/3250 train_time:2051.516s step_avg:1966.94ms
step:1044/3250 train_time:2053.344s step_avg:1966.80ms
step:1045/3250 train_time:2055.172s step_avg:1966.67ms
step:1046/3250 train_time:2056.999s step_avg:1966.54ms
step:1047/3250 train_time:2058.827s step_avg:1966.41ms
step:1048/3250 train_time:2060.654s step_avg:1966.27ms
step:1049/3250 train_time:2062.482s step_avg:1966.14ms
step:1050/3250 train_time:2064.582s step_avg:1966.27ms
step:1051/3250 train_time:2066.407s step_avg:1966.13ms
step:1052/3250 train_time:2068.236s step_avg:1966.00ms
step:1053/3250 train_time:2070.063s step_avg:1965.87ms
step:1054/3250 train_time:2071.889s step_avg:1965.74ms
step:1055/3250 train_time:2073.717s step_avg:1965.61ms
step:1056/3250 train_time:2075.544s step_avg:1965.48ms
step:1057/3250 train_time:2078.206s step_avg:1966.14ms
step:1058/3250 train_time:2080.031s step_avg:1966.00ms
step:1059/3250 train_time:2081.859s step_avg:1965.87ms
step:1060/3250 train_time:2083.686s step_avg:1965.74ms
step:1061/3250 train_time:2085.513s step_avg:1965.61ms
step:1062/3250 train_time:2087.339s step_avg:1965.48ms
step:1063/3250 train_time:2089.167s step_avg:1965.35ms
step:1064/3250 train_time:2090.994s step_avg:1965.22ms
step:1065/3250 train_time:2092.821s step_avg:1965.09ms
step:1066/3250 train_time:2094.647s step_avg:1964.96ms
step:1067/3250 train_time:2096.475s step_avg:1964.83ms
step:1068/3250 train_time:2098.303s step_avg:1964.70ms
step:1069/3250 train_time:2100.130s step_avg:1964.57ms
step:1070/3250 train_time:2101.957s step_avg:1964.45ms
step:1071/3250 train_time:2103.786s step_avg:1964.32ms
step:1072/3250 train_time:2105.614s step_avg:1964.19ms
step:1073/3250 train_time:2108.276s step_avg:1964.84ms
step:1074/3250 train_time:2110.104s step_avg:1964.71ms
step:1075/3250 train_time:2112.203s step_avg:1964.84ms
step:1076/3250 train_time:2114.031s step_avg:1964.71ms
step:1077/3250 train_time:2115.859s step_avg:1964.59ms
step:1078/3250 train_time:2117.685s step_avg:1964.46ms
step:1079/3250 train_time:2119.512s step_avg:1964.33ms
step:1080/3250 train_time:2121.339s step_avg:1964.20ms
step:1081/3250 train_time:2123.166s step_avg:1964.08ms
step:1082/3250 train_time:2124.992s step_avg:1963.95ms
step:1083/3250 train_time:2126.819s step_avg:1963.82ms
step:1084/3250 train_time:2128.646s step_avg:1963.70ms
step:1085/3250 train_time:2130.472s step_avg:1963.57ms
step:1086/3250 train_time:2132.299s step_avg:1963.44ms
step:1087/3250 train_time:2134.128s step_avg:1963.32ms
step:1088/3250 train_time:2135.956s step_avg:1963.19ms
step:1089/3250 train_time:2138.617s step_avg:1963.84ms
step:1090/3250 train_time:2140.445s step_avg:1963.71ms
step:1091/3250 train_time:2142.272s step_avg:1963.59ms
step:1092/3250 train_time:2144.100s step_avg:1963.46ms
step:1093/3250 train_time:2145.927s step_avg:1963.34ms
step:1094/3250 train_time:2147.756s step_avg:1963.21ms
step:1095/3250 train_time:2149.585s step_avg:1963.09ms
step:1096/3250 train_time:2151.411s step_avg:1962.97ms
step:1097/3250 train_time:2153.241s step_avg:1962.85ms
step:1098/3250 train_time:2155.069s step_avg:1962.72ms
step:1099/3250 train_time:2156.897s step_avg:1962.60ms
step:1100/3250 train_time:2159.007s step_avg:1962.73ms
step:1101/3250 train_time:2160.838s step_avg:1962.61ms
step:1102/3250 train_time:2162.666s step_avg:1962.49ms
step:1103/3250 train_time:2164.496s step_avg:1962.37ms
step:1104/3250 train_time:2166.324s step_avg:1962.25ms
step:1105/3250 train_time:2168.985s step_avg:1962.88ms
step:1106/3250 train_time:2170.811s step_avg:1962.76ms
step:1107/3250 train_time:2172.638s step_avg:1962.64ms
step:1108/3250 train_time:2174.466s step_avg:1962.51ms
step:1109/3250 train_time:2176.294s step_avg:1962.39ms
step:1110/3250 train_time:2178.121s step_avg:1962.27ms
step:1111/3250 train_time:2179.949s step_avg:1962.15ms
step:1112/3250 train_time:2181.777s step_avg:1962.03ms
step:1113/3250 train_time:2183.606s step_avg:1961.91ms
step:1114/3250 train_time:2185.432s step_avg:1961.79ms
step:1115/3250 train_time:2187.258s step_avg:1961.67ms
step:1116/3250 train_time:2189.085s step_avg:1961.55ms
step:1117/3250 train_time:2190.911s step_avg:1961.42ms
step:1118/3250 train_time:2192.738s step_avg:1961.30ms
step:1119/3250 train_time:2194.566s step_avg:1961.18ms
step:1120/3250 train_time:2196.392s step_avg:1961.06ms
step:1121/3250 train_time:2199.054s step_avg:1961.69ms
step:1122/3250 train_time:2200.881s step_avg:1961.57ms
step:1123/3250 train_time:2202.709s step_avg:1961.45ms
step:1124/3250 train_time:2204.537s step_avg:1961.33ms
step:1125/3250 train_time:2206.700s step_avg:1961.51ms
step:1125/3250 val_loss:3.61676 train_time:2206.700s step_avg:1892.36ms
step:1126/3250 train_time:2208.528s step_avg:1961.39ms
step:1127/3250 train_time:2210.354s step_avg:1961.27ms
step:1128/3250 train_time:2212.183s step_avg:1961.15ms
step:1129/3250 train_time:2214.012s step_avg:1961.04ms
step:1130/3250 train_time:2215.839s step_avg:1960.92ms
step:1131/3250 train_time:2217.666s step_avg:1960.80ms
step:1132/3250 train_time:2219.495s step_avg:1960.68ms
step:1133/3250 train_time:2221.322s step_avg:1960.57ms
step:1134/3250 train_time:2223.150s step_avg:1960.45ms
step:1135/3250 train_time:2224.976s step_avg:1960.33ms
step:1136/3250 train_time:2226.805s step_avg:1960.22ms
step:1137/3250 train_time:2229.466s step_avg:1960.83ms
step:1138/3250 train_time:2231.293s step_avg:1960.71ms
step:1139/3250 train_time:2233.121s step_avg:1960.60ms
step:1140/3250 train_time:2234.947s step_avg:1960.48ms
step:1141/3250 train_time:2236.810s step_avg:1960.39ms
step:1142/3250 train_time:2238.636s step_avg:1960.28ms
step:1143/3250 train_time:2240.463s step_avg:1960.16ms
step:1144/3250 train_time:2242.289s step_avg:1960.04ms
step:1145/3250 train_time:2244.117s step_avg:1959.93ms
step:1146/3250 train_time:2245.944s step_avg:1959.81ms
step:1147/3250 train_time:2247.771s step_avg:1959.70ms
step:1148/3250 train_time:2249.598s step_avg:1959.58ms
step:1149/3250 train_time:2251.424s step_avg:1959.46ms
step:1150/3250 train_time:2253.523s step_avg:1959.59ms
step:1151/3250 train_time:2255.350s step_avg:1959.47ms
step:1152/3250 train_time:2257.177s step_avg:1959.35ms
step:1153/3250 train_time:2259.838s step_avg:1959.96ms
step:1154/3250 train_time:2261.665s step_avg:1959.85ms
step:1155/3250 train_time:2263.492s step_avg:1959.73ms
step:1156/3250 train_time:2265.318s step_avg:1959.62ms
step:1157/3250 train_time:2267.144s step_avg:1959.50ms
step:1158/3250 train_time:2268.973s step_avg:1959.39ms
step:1159/3250 train_time:2270.802s step_avg:1959.28ms
step:1160/3250 train_time:2272.628s step_avg:1959.16ms
step:1161/3250 train_time:2274.455s step_avg:1959.05ms
step:1162/3250 train_time:2276.282s step_avg:1958.93ms
step:1163/3250 train_time:2278.109s step_avg:1958.82ms
step:1164/3250 train_time:2279.936s step_avg:1958.71ms
step:1165/3250 train_time:2281.762s step_avg:1958.59ms
step:1166/3250 train_time:2283.589s step_avg:1958.48ms
step:1167/3250 train_time:2285.417s step_avg:1958.37ms
step:1168/3250 train_time:2287.244s step_avg:1958.26ms
step:1169/3250 train_time:2289.906s step_avg:1958.86ms
step:1170/3250 train_time:2291.734s step_avg:1958.75ms
step:1171/3250 train_time:2293.561s step_avg:1958.63ms
step:1172/3250 train_time:2295.387s step_avg:1958.52ms
step:1173/3250 train_time:2297.214s step_avg:1958.41ms
step:1174/3250 train_time:2299.041s step_avg:1958.30ms
step:1175/3250 train_time:2301.140s step_avg:1958.42ms
step:1176/3250 train_time:2302.968s step_avg:1958.31ms
step:1177/3250 train_time:2304.795s step_avg:1958.19ms
step:1178/3250 train_time:2306.623s step_avg:1958.08ms
step:1179/3250 train_time:2308.450s step_avg:1957.97ms
step:1180/3250 train_time:2310.277s step_avg:1957.86ms
step:1181/3250 train_time:2312.106s step_avg:1957.75ms
step:1182/3250 train_time:2313.933s step_avg:1957.64ms
step:1183/3250 train_time:2315.762s step_avg:1957.53ms
step:1184/3250 train_time:2317.589s step_avg:1957.42ms
step:1185/3250 train_time:2320.250s step_avg:1958.02ms
step:1186/3250 train_time:2322.077s step_avg:1957.91ms
step:1187/3250 train_time:2323.904s step_avg:1957.80ms
step:1188/3250 train_time:2325.732s step_avg:1957.69ms
step:1189/3250 train_time:2327.559s step_avg:1957.58ms
step:1190/3250 train_time:2329.386s step_avg:1957.47ms
step:1191/3250 train_time:2331.214s step_avg:1957.36ms
step:1192/3250 train_time:2333.043s step_avg:1957.25ms
step:1193/3250 train_time:2334.870s step_avg:1957.14ms
step:1194/3250 train_time:2336.698s step_avg:1957.03ms
step:1195/3250 train_time:2338.525s step_avg:1956.92ms
step:1196/3250 train_time:2340.353s step_avg:1956.82ms
step:1197/3250 train_time:2342.181s step_avg:1956.71ms
step:1198/3250 train_time:2344.008s step_avg:1956.60ms
step:1199/3250 train_time:2345.835s step_avg:1956.49ms
step:1200/3250 train_time:2347.934s step_avg:1956.61ms
step:1201/3250 train_time:2350.595s step_avg:1957.20ms
step:1202/3250 train_time:2352.422s step_avg:1957.09ms
step:1203/3250 train_time:2354.249s step_avg:1956.98ms
step:1204/3250 train_time:2356.076s step_avg:1956.87ms
step:1205/3250 train_time:2357.902s step_avg:1956.77ms
step:1206/3250 train_time:2359.729s step_avg:1956.66ms
step:1207/3250 train_time:2361.556s step_avg:1956.55ms
step:1208/3250 train_time:2363.384s step_avg:1956.44ms
step:1209/3250 train_time:2365.212s step_avg:1956.34ms
step:1210/3250 train_time:2367.040s step_avg:1956.23ms
step:1211/3250 train_time:2368.867s step_avg:1956.12ms
step:1212/3250 train_time:2370.695s step_avg:1956.02ms
step:1213/3250 train_time:2372.523s step_avg:1955.91ms
step:1214/3250 train_time:2374.350s step_avg:1955.81ms
step:1215/3250 train_time:2376.177s step_avg:1955.70ms
step:1216/3250 train_time:2378.005s step_avg:1955.60ms
step:1217/3250 train_time:2380.666s step_avg:1956.18ms
step:1218/3250 train_time:2382.492s step_avg:1956.07ms
step:1219/3250 train_time:2384.320s step_avg:1955.96ms
step:1220/3250 train_time:2386.146s step_avg:1955.86ms
step:1221/3250 train_time:2387.972s step_avg:1955.75ms
step:1222/3250 train_time:2389.798s step_avg:1955.65ms
step:1223/3250 train_time:2391.627s step_avg:1955.54ms
step:1224/3250 train_time:2393.454s step_avg:1955.44ms
step:1225/3250 train_time:2395.552s step_avg:1955.55ms
step:1226/3250 train_time:2397.378s step_avg:1955.45ms
step:1227/3250 train_time:2399.205s step_avg:1955.34ms
step:1228/3250 train_time:2401.032s step_avg:1955.24ms
step:1229/3250 train_time:2402.859s step_avg:1955.13ms
step:1230/3250 train_time:2404.685s step_avg:1955.03ms
step:1231/3250 train_time:2406.511s step_avg:1954.92ms
step:1232/3250 train_time:2408.338s step_avg:1954.82ms
step:1233/3250 train_time:2411.000s step_avg:1955.39ms
step:1234/3250 train_time:2412.826s step_avg:1955.29ms
step:1235/3250 train_time:2414.653s step_avg:1955.18ms
step:1236/3250 train_time:2416.479s step_avg:1955.08ms
step:1237/3250 train_time:2418.305s step_avg:1954.98ms
step:1238/3250 train_time:2420.131s step_avg:1954.87ms
step:1239/3250 train_time:2421.959s step_avg:1954.77ms
step:1240/3250 train_time:2423.787s step_avg:1954.67ms
step:1241/3250 train_time:2425.612s step_avg:1954.56ms
step:1242/3250 train_time:2427.438s step_avg:1954.46ms
step:1243/3250 train_time:2429.265s step_avg:1954.36ms
step:1244/3250 train_time:2431.092s step_avg:1954.25ms
step:1245/3250 train_time:2432.919s step_avg:1954.15ms
step:1246/3250 train_time:2434.745s step_avg:1954.05ms
step:1247/3250 train_time:2436.571s step_avg:1953.95ms
step:1248/3250 train_time:2438.397s step_avg:1953.84ms
step:1249/3250 train_time:2441.058s step_avg:1954.41ms
step:1250/3250 train_time:2443.221s step_avg:1954.58ms
step:1250/3250 val_loss:3.58424 train_time:2443.221s step_avg:1892.17ms
step:1251/3250 train_time:2445.049s step_avg:1954.48ms
step:1252/3250 train_time:2446.877s step_avg:1954.37ms
step:1253/3250 train_time:2448.703s step_avg:1954.27ms
step:1254/3250 train_time:2450.531s step_avg:1954.17ms
step:1255/3250 train_time:2452.358s step_avg:1954.07ms
step:1256/3250 train_time:2454.184s step_avg:1953.97ms
step:1257/3250 train_time:2456.011s step_avg:1953.87ms
step:1258/3250 train_time:2457.837s step_avg:1953.77ms
step:1259/3250 train_time:2459.664s step_avg:1953.66ms
step:1260/3250 train_time:2461.493s step_avg:1953.57ms
step:1261/3250 train_time:2463.319s step_avg:1953.46ms
step:1262/3250 train_time:2465.145s step_avg:1953.36ms
step:1263/3250 train_time:2466.972s step_avg:1953.26ms
step:1264/3250 train_time:2468.800s step_avg:1953.16ms
step:1265/3250 train_time:2471.462s step_avg:1953.72ms
step:1266/3250 train_time:2473.288s step_avg:1953.62ms
step:1267/3250 train_time:2475.115s step_avg:1953.52ms
step:1268/3250 train_time:2476.941s step_avg:1953.42ms
step:1269/3250 train_time:2478.768s step_avg:1953.32ms
step:1270/3250 train_time:2480.595s step_avg:1953.22ms
step:1271/3250 train_time:2482.422s step_avg:1953.13ms
step:1272/3250 train_time:2484.248s step_avg:1953.03ms
step:1273/3250 train_time:2486.074s step_avg:1952.93ms
step:1274/3250 train_time:2487.900s step_avg:1952.83ms
step:1275/3250 train_time:2489.999s step_avg:1952.94ms
step:1276/3250 train_time:2491.826s step_avg:1952.84ms
step:1277/3250 train_time:2493.653s step_avg:1952.74ms
step:1278/3250 train_time:2495.479s step_avg:1952.64ms
step:1279/3250 train_time:2497.305s step_avg:1952.55ms
step:1280/3250 train_time:2499.134s step_avg:1952.45ms
step:1281/3250 train_time:2501.796s step_avg:1953.00ms
step:1282/3250 train_time:2503.622s step_avg:1952.90ms
step:1283/3250 train_time:2505.448s step_avg:1952.80ms
step:1284/3250 train_time:2507.276s step_avg:1952.71ms
step:1285/3250 train_time:2509.103s step_avg:1952.61ms
step:1286/3250 train_time:2510.929s step_avg:1952.51ms
step:1287/3250 train_time:2512.756s step_avg:1952.41ms
step:1288/3250 train_time:2514.583s step_avg:1952.32ms
step:1289/3250 train_time:2516.409s step_avg:1952.22ms
step:1290/3250 train_time:2518.235s step_avg:1952.12ms
step:1291/3250 train_time:2520.063s step_avg:1952.02ms
step:1292/3250 train_time:2521.890s step_avg:1951.93ms
step:1293/3250 train_time:2523.717s step_avg:1951.83ms
step:1294/3250 train_time:2525.543s step_avg:1951.73ms
step:1295/3250 train_time:2527.370s step_avg:1951.64ms
step:1296/3250 train_time:2529.198s step_avg:1951.54ms
step:1297/3250 train_time:2531.860s step_avg:1952.09ms
step:1298/3250 train_time:2533.687s step_avg:1951.99ms
step:1299/3250 train_time:2535.513s step_avg:1951.90ms
step:1300/3250 train_time:2537.611s step_avg:1952.01ms
step:1301/3250 train_time:2539.438s step_avg:1951.91ms
step:1302/3250 train_time:2541.265s step_avg:1951.82ms
step:1303/3250 train_time:2543.094s step_avg:1951.72ms
step:1304/3250 train_time:2544.921s step_avg:1951.63ms
step:1305/3250 train_time:2546.748s step_avg:1951.53ms
step:1306/3250 train_time:2548.576s step_avg:1951.44ms
step:1307/3250 train_time:2550.405s step_avg:1951.34ms
step:1308/3250 train_time:2552.233s step_avg:1951.25ms
step:1309/3250 train_time:2554.061s step_avg:1951.15ms
step:1310/3250 train_time:2555.888s step_avg:1951.06ms
step:1311/3250 train_time:2557.716s step_avg:1950.97ms
step:1312/3250 train_time:2559.545s step_avg:1950.87ms
step:1313/3250 train_time:2562.206s step_avg:1951.41ms
step:1314/3250 train_time:2564.033s step_avg:1951.32ms
step:1315/3250 train_time:2565.860s step_avg:1951.22ms
step:1316/3250 train_time:2567.687s step_avg:1951.13ms
step:1317/3250 train_time:2569.513s step_avg:1951.03ms
step:1318/3250 train_time:2571.340s step_avg:1950.94ms
step:1319/3250 train_time:2573.167s step_avg:1950.85ms
step:1320/3250 train_time:2574.993s step_avg:1950.75ms
step:1321/3250 train_time:2576.819s step_avg:1950.66ms
step:1322/3250 train_time:2578.645s step_avg:1950.56ms
step:1323/3250 train_time:2580.473s step_avg:1950.47ms
step:1324/3250 train_time:2582.300s step_avg:1950.38ms
step:1325/3250 train_time:2584.407s step_avg:1950.50ms
step:1326/3250 train_time:2586.235s step_avg:1950.40ms
step:1327/3250 train_time:2588.063s step_avg:1950.31ms
step:1328/3250 train_time:2589.890s step_avg:1950.22ms
step:1329/3250 train_time:2592.551s step_avg:1950.75ms
step:1330/3250 train_time:2594.378s step_avg:1950.66ms
step:1331/3250 train_time:2596.238s step_avg:1950.59ms
step:1332/3250 train_time:2598.066s step_avg:1950.50ms
step:1333/3250 train_time:2599.893s step_avg:1950.41ms
step:1334/3250 train_time:2601.719s step_avg:1950.31ms
step:1335/3250 train_time:2603.546s step_avg:1950.22ms
step:1336/3250 train_time:2605.374s step_avg:1950.13ms
step:1337/3250 train_time:2607.201s step_avg:1950.04ms
step:1338/3250 train_time:2609.028s step_avg:1949.95ms
step:1339/3250 train_time:2610.856s step_avg:1949.85ms
step:1340/3250 train_time:2612.683s step_avg:1949.76ms
step:1341/3250 train_time:2614.510s step_avg:1949.67ms
step:1342/3250 train_time:2616.337s step_avg:1949.58ms
step:1343/3250 train_time:2618.164s step_avg:1949.49ms
step:1344/3250 train_time:2619.993s step_avg:1949.40ms
step:1345/3250 train_time:2622.654s step_avg:1949.93ms
step:1346/3250 train_time:2624.480s step_avg:1949.84ms
step:1347/3250 train_time:2626.307s step_avg:1949.75ms
step:1348/3250 train_time:2628.133s step_avg:1949.65ms
step:1349/3250 train_time:2629.961s step_avg:1949.56ms
step:1350/3250 train_time:2632.059s step_avg:1949.67ms
step:1351/3250 train_time:2633.885s step_avg:1949.58ms
step:1352/3250 train_time:2635.710s step_avg:1949.49ms
step:1353/3250 train_time:2637.537s step_avg:1949.40ms
step:1354/3250 train_time:2639.363s step_avg:1949.31ms
step:1355/3250 train_time:2641.189s step_avg:1949.22ms
step:1356/3250 train_time:2643.015s step_avg:1949.13ms
step:1357/3250 train_time:2644.841s step_avg:1949.04ms
step:1358/3250 train_time:2646.668s step_avg:1948.95ms
step:1359/3250 train_time:2648.494s step_avg:1948.86ms
step:1360/3250 train_time:2650.321s step_avg:1948.77ms
step:1361/3250 train_time:2652.981s step_avg:1949.29ms
step:1362/3250 train_time:2654.806s step_avg:1949.20ms
step:1363/3250 train_time:2656.632s step_avg:1949.11ms
step:1364/3250 train_time:2658.459s step_avg:1949.02ms
step:1365/3250 train_time:2660.286s step_avg:1948.93ms
step:1366/3250 train_time:2662.112s step_avg:1948.84ms
step:1367/3250 train_time:2663.937s step_avg:1948.75ms
step:1368/3250 train_time:2665.763s step_avg:1948.66ms
step:1369/3250 train_time:2667.590s step_avg:1948.57ms
step:1370/3250 train_time:2669.416s step_avg:1948.48ms
step:1371/3250 train_time:2671.243s step_avg:1948.39ms
step:1372/3250 train_time:2673.069s step_avg:1948.30ms
step:1373/3250 train_time:2674.896s step_avg:1948.21ms
step:1374/3250 train_time:2676.723s step_avg:1948.12ms
step:1375/3250 train_time:2678.887s step_avg:1948.28ms
step:1375/3250 val_loss:3.55531 train_time:2678.888s step_avg:1885.33ms
step:1376/3250 train_time:2680.715s step_avg:1948.19ms
step:1377/3250 train_time:2683.377s step_avg:1948.71ms
step:1378/3250 train_time:2685.203s step_avg:1948.62ms
step:1379/3250 train_time:2687.028s step_avg:1948.53ms
step:1380/3250 train_time:2688.856s step_avg:1948.45ms
step:1381/3250 train_time:2690.682s step_avg:1948.36ms
step:1382/3250 train_time:2692.508s step_avg:1948.27ms
step:1383/3250 train_time:2694.334s step_avg:1948.18ms
step:1384/3250 train_time:2696.161s step_avg:1948.09ms
step:1385/3250 train_time:2697.988s step_avg:1948.01ms
step:1386/3250 train_time:2699.814s step_avg:1947.92ms
step:1387/3250 train_time:2701.640s step_avg:1947.83ms
step:1388/3250 train_time:2703.467s step_avg:1947.74ms
step:1389/3250 train_time:2705.293s step_avg:1947.66ms
step:1390/3250 train_time:2707.122s step_avg:1947.57ms
step:1391/3250 train_time:2708.948s step_avg:1947.48ms
step:1392/3250 train_time:2710.775s step_avg:1947.40ms
step:1393/3250 train_time:2713.436s step_avg:1947.91ms
step:1394/3250 train_time:2715.261s step_avg:1947.82ms
step:1395/3250 train_time:2717.087s step_avg:1947.73ms
step:1396/3250 train_time:2718.914s step_avg:1947.65ms
step:1397/3250 train_time:2720.740s step_avg:1947.56ms
step:1398/3250 train_time:2722.565s step_avg:1947.47ms
step:1399/3250 train_time:2724.391s step_avg:1947.38ms
step:1400/3250 train_time:2726.489s step_avg:1947.49ms
step:1401/3250 train_time:2728.316s step_avg:1947.41ms
step:1402/3250 train_time:2730.142s step_avg:1947.32ms
step:1403/3250 train_time:2731.968s step_avg:1947.23ms
step:1404/3250 train_time:2733.794s step_avg:1947.15ms
step:1405/3250 train_time:2735.621s step_avg:1947.06ms
step:1406/3250 train_time:2737.449s step_avg:1946.98ms
step:1407/3250 train_time:2739.276s step_avg:1946.89ms
step:1408/3250 train_time:2741.101s step_avg:1946.80ms
step:1409/3250 train_time:2743.763s step_avg:1947.31ms
step:1410/3250 train_time:2745.589s step_avg:1947.23ms
step:1411/3250 train_time:2747.415s step_avg:1947.14ms
step:1412/3250 train_time:2749.242s step_avg:1947.05ms
step:1413/3250 train_time:2751.068s step_avg:1946.97ms
step:1414/3250 train_time:2752.894s step_avg:1946.88ms
step:1415/3250 train_time:2754.719s step_avg:1946.80ms
step:1416/3250 train_time:2756.547s step_avg:1946.71ms
step:1417/3250 train_time:2758.375s step_avg:1946.63ms
step:1418/3250 train_time:2760.201s step_avg:1946.55ms
step:1419/3250 train_time:2762.028s step_avg:1946.46ms
step:1420/3250 train_time:2763.855s step_avg:1946.38ms
step:1421/3250 train_time:2765.682s step_avg:1946.29ms
step:1422/3250 train_time:2767.509s step_avg:1946.21ms
step:1423/3250 train_time:2769.336s step_avg:1946.13ms
step:1424/3250 train_time:2771.163s step_avg:1946.04ms
step:1425/3250 train_time:2774.096s step_avg:1946.73ms
step:1426/3250 train_time:2775.922s step_avg:1946.65ms
step:1427/3250 train_time:2777.749s step_avg:1946.57ms
step:1428/3250 train_time:2779.576s step_avg:1946.48ms
step:1429/3250 train_time:2781.402s step_avg:1946.40ms
step:1430/3250 train_time:2783.229s step_avg:1946.31ms
step:1431/3250 train_time:2785.055s step_avg:1946.23ms
step:1432/3250 train_time:2786.881s step_avg:1946.15ms
step:1433/3250 train_time:2788.709s step_avg:1946.06ms
step:1434/3250 train_time:2790.536s step_avg:1945.98ms
step:1435/3250 train_time:2792.362s step_avg:1945.90ms
step:1436/3250 train_time:2794.188s step_avg:1945.81ms
step:1437/3250 train_time:2796.017s step_avg:1945.73ms
step:1438/3250 train_time:2797.844s step_avg:1945.65ms
step:1439/3250 train_time:2799.670s step_avg:1945.57ms
step:1440/3250 train_time:2801.497s step_avg:1945.48ms
step:1441/3250 train_time:2804.158s step_avg:1945.98ms
step:1442/3250 train_time:2805.983s step_avg:1945.90ms
step:1443/3250 train_time:2807.810s step_avg:1945.81ms
step:1444/3250 train_time:2809.638s step_avg:1945.73ms
step:1445/3250 train_time:2811.464s step_avg:1945.65ms
step:1446/3250 train_time:2813.289s step_avg:1945.57ms
step:1447/3250 train_time:2815.115s step_avg:1945.48ms
step:1448/3250 train_time:2816.944s step_avg:1945.40ms
step:1449/3250 train_time:2818.773s step_avg:1945.32ms
step:1450/3250 train_time:2820.874s step_avg:1945.43ms
step:1451/3250 train_time:2822.700s step_avg:1945.35ms
step:1452/3250 train_time:2824.526s step_avg:1945.27ms
step:1453/3250 train_time:2826.353s step_avg:1945.18ms
step:1454/3250 train_time:2828.181s step_avg:1945.10ms
step:1455/3250 train_time:2830.007s step_avg:1945.02ms
step:1456/3250 train_time:2831.834s step_avg:1944.94ms
step:1457/3250 train_time:2834.495s step_avg:1945.43ms
step:1458/3250 train_time:2836.320s step_avg:1945.35ms
step:1459/3250 train_time:2838.147s step_avg:1945.27ms
step:1460/3250 train_time:2839.973s step_avg:1945.19ms
step:1461/3250 train_time:2841.800s step_avg:1945.11ms
step:1462/3250 train_time:2843.626s step_avg:1945.02ms
step:1463/3250 train_time:2845.452s step_avg:1944.94ms
step:1464/3250 train_time:2847.280s step_avg:1944.86ms
step:1465/3250 train_time:2849.107s step_avg:1944.78ms
step:1466/3250 train_time:2850.933s step_avg:1944.70ms
step:1467/3250 train_time:2852.759s step_avg:1944.62ms
step:1468/3250 train_time:2854.589s step_avg:1944.54ms
step:1469/3250 train_time:2856.415s step_avg:1944.46ms
step:1470/3250 train_time:2858.241s step_avg:1944.38ms
step:1471/3250 train_time:2860.067s step_avg:1944.30ms
step:1472/3250 train_time:2861.894s step_avg:1944.22ms
step:1473/3250 train_time:2864.555s step_avg:1944.71ms
step:1474/3250 train_time:2866.380s step_avg:1944.63ms
step:1475/3250 train_time:2868.484s step_avg:1944.74ms
step:1476/3250 train_time:2870.311s step_avg:1944.65ms
step:1477/3250 train_time:2872.137s step_avg:1944.57ms
step:1478/3250 train_time:2873.963s step_avg:1944.49ms
step:1479/3250 train_time:2875.788s step_avg:1944.41ms
step:1480/3250 train_time:2877.615s step_avg:1944.33ms
step:1481/3250 train_time:2879.442s step_avg:1944.26ms
step:1482/3250 train_time:2881.268s step_avg:1944.18ms
step:1483/3250 train_time:2883.094s step_avg:1944.10ms
step:1484/3250 train_time:2884.921s step_avg:1944.02ms
step:1485/3250 train_time:2886.748s step_avg:1943.94ms
step:1486/3250 train_time:2888.574s step_avg:1943.86ms
step:1487/3250 train_time:2890.402s step_avg:1943.78ms
step:1488/3250 train_time:2892.230s step_avg:1943.70ms
step:1489/3250 train_time:2894.892s step_avg:1944.19ms
step:1490/3250 train_time:2896.718s step_avg:1944.11ms
step:1491/3250 train_time:2898.544s step_avg:1944.03ms
step:1492/3250 train_time:2900.371s step_avg:1943.95ms
step:1493/3250 train_time:2902.198s step_avg:1943.87ms
step:1494/3250 train_time:2904.025s step_avg:1943.79ms
step:1495/3250 train_time:2905.853s step_avg:1943.71ms
step:1496/3250 train_time:2907.682s step_avg:1943.64ms
step:1497/3250 train_time:2909.509s step_avg:1943.56ms
step:1498/3250 train_time:2911.336s step_avg:1943.48ms
step:1499/3250 train_time:2913.163s step_avg:1943.40ms
step:1500/3250 train_time:2915.327s step_avg:1943.55ms
step:1500/3250 val_loss:3.52679 train_time:2915.327s step_avg:1891.51ms
step:1501/3250 train_time:2917.156s step_avg:1943.48ms
step:1502/3250 train_time:2918.983s step_avg:1943.40ms
step:1503/3250 train_time:2920.810s step_avg:1943.32ms
step:1504/3250 train_time:2922.638s step_avg:1943.24ms
step:1505/3250 train_time:2925.300s step_avg:1943.72ms
step:1506/3250 train_time:2927.126s step_avg:1943.64ms
step:1507/3250 train_time:2928.955s step_avg:1943.57ms
step:1508/3250 train_time:2930.783s step_avg:1943.49ms
step:1509/3250 train_time:2932.610s step_avg:1943.41ms
step:1510/3250 train_time:2934.437s step_avg:1943.34ms
step:1511/3250 train_time:2936.265s step_avg:1943.26ms
step:1512/3250 train_time:2938.093s step_avg:1943.18ms
step:1513/3250 train_time:2939.919s step_avg:1943.11ms
step:1514/3250 train_time:2941.745s step_avg:1943.03ms
step:1515/3250 train_time:2943.573s step_avg:1942.95ms
step:1516/3250 train_time:2945.400s step_avg:1942.88ms
step:1517/3250 train_time:2947.227s step_avg:1942.80ms
step:1518/3250 train_time:2949.053s step_avg:1942.72ms
step:1519/3250 train_time:2950.881s step_avg:1942.65ms
step:1520/3250 train_time:2952.709s step_avg:1942.57ms
step:1521/3250 train_time:2955.404s step_avg:1943.07ms
step:1522/3250 train_time:2957.231s step_avg:1942.99ms
step:1523/3250 train_time:2959.058s step_avg:1942.91ms
step:1524/3250 train_time:2960.885s step_avg:1942.84ms
step:1525/3250 train_time:2962.991s step_avg:1942.94ms
step:1526/3250 train_time:2964.819s step_avg:1942.87ms
step:1527/3250 train_time:2966.646s step_avg:1942.79ms
step:1528/3250 train_time:2968.475s step_avg:1942.72ms
step:1529/3250 train_time:2970.301s step_avg:1942.64ms
step:1530/3250 train_time:2972.128s step_avg:1942.57ms
step:1531/3250 train_time:2973.955s step_avg:1942.49ms
step:1532/3250 train_time:2975.782s step_avg:1942.42ms
step:1533/3250 train_time:2977.609s step_avg:1942.34ms
step:1534/3250 train_time:2979.436s step_avg:1942.27ms
step:1535/3250 train_time:2981.262s step_avg:1942.19ms
step:1536/3250 train_time:2983.088s step_avg:1942.11ms
step:1537/3250 train_time:2985.748s step_avg:1942.58ms
step:1538/3250 train_time:2987.575s step_avg:1942.51ms
step:1539/3250 train_time:2989.401s step_avg:1942.43ms
step:1540/3250 train_time:2991.228s step_avg:1942.36ms
step:1541/3250 train_time:2993.056s step_avg:1942.28ms
step:1542/3250 train_time:2994.882s step_avg:1942.21ms
step:1543/3250 train_time:2996.709s step_avg:1942.13ms
step:1544/3250 train_time:2998.536s step_avg:1942.06ms
step:1545/3250 train_time:3000.364s step_avg:1941.98ms
step:1546/3250 train_time:3002.191s step_avg:1941.91ms
step:1547/3250 train_time:3004.017s step_avg:1941.83ms
step:1548/3250 train_time:3005.844s step_avg:1941.76ms
step:1549/3250 train_time:3007.670s step_avg:1941.69ms
step:1550/3250 train_time:3009.768s step_avg:1941.79ms
step:1551/3250 train_time:3011.596s step_avg:1941.71ms
step:1552/3250 train_time:3013.423s step_avg:1941.64ms
step:1553/3250 train_time:3016.084s step_avg:1942.10ms
step:1554/3250 train_time:3017.911s step_avg:1942.03ms
step:1555/3250 train_time:3019.738s step_avg:1941.95ms
step:1556/3250 train_time:3021.564s step_avg:1941.88ms
step:1557/3250 train_time:3023.390s step_avg:1941.80ms
step:1558/3250 train_time:3025.217s step_avg:1941.73ms
step:1559/3250 train_time:3027.043s step_avg:1941.66ms
step:1560/3250 train_time:3028.870s step_avg:1941.58ms
step:1561/3250 train_time:3030.697s step_avg:1941.51ms
step:1562/3250 train_time:3032.524s step_avg:1941.44ms
step:1563/3250 train_time:3034.351s step_avg:1941.36ms
step:1564/3250 train_time:3036.179s step_avg:1941.29ms
step:1565/3250 train_time:3038.006s step_avg:1941.22ms
step:1566/3250 train_time:3039.833s step_avg:1941.14ms
step:1567/3250 train_time:3041.659s step_avg:1941.07ms
step:1568/3250 train_time:3043.486s step_avg:1941.00ms
step:1569/3250 train_time:3046.148s step_avg:1941.46ms
step:1570/3250 train_time:3047.974s step_avg:1941.39ms
step:1571/3250 train_time:3049.801s step_avg:1941.31ms
step:1572/3250 train_time:3051.629s step_avg:1941.24ms
step:1573/3250 train_time:3053.455s step_avg:1941.17ms
step:1574/3250 train_time:3055.282s step_avg:1941.09ms
step:1575/3250 train_time:3057.380s step_avg:1941.19ms
step:1576/3250 train_time:3059.207s step_avg:1941.12ms
step:1577/3250 train_time:3061.035s step_avg:1941.05ms
step:1578/3250 train_time:3062.863s step_avg:1940.98ms
step:1579/3250 train_time:3064.690s step_avg:1940.91ms
step:1580/3250 train_time:3066.519s step_avg:1940.83ms
step:1581/3250 train_time:3068.347s step_avg:1940.76ms
step:1582/3250 train_time:3070.175s step_avg:1940.69ms
step:1583/3250 train_time:3072.002s step_avg:1940.62ms
step:1584/3250 train_time:3073.830s step_avg:1940.55ms
step:1585/3250 train_time:3076.491s step_avg:1941.00ms
step:1586/3250 train_time:3078.319s step_avg:1940.93ms
step:1587/3250 train_time:3080.147s step_avg:1940.86ms
step:1588/3250 train_time:3081.976s step_avg:1940.79ms
step:1589/3250 train_time:3083.802s step_avg:1940.72ms
step:1590/3250 train_time:3085.630s step_avg:1940.65ms
step:1591/3250 train_time:3087.459s step_avg:1940.58ms
step:1592/3250 train_time:3089.287s step_avg:1940.51ms
step:1593/3250 train_time:3091.115s step_avg:1940.44ms
step:1594/3250 train_time:3092.944s step_avg:1940.37ms
step:1595/3250 train_time:3094.772s step_avg:1940.30ms
step:1596/3250 train_time:3096.601s step_avg:1940.23ms
step:1597/3250 train_time:3098.429s step_avg:1940.16ms
step:1598/3250 train_time:3100.257s step_avg:1940.09ms
step:1599/3250 train_time:3102.085s step_avg:1940.02ms
step:1600/3250 train_time:3104.184s step_avg:1940.11ms
step:1601/3250 train_time:3106.846s step_avg:1940.57ms
step:1602/3250 train_time:3108.671s step_avg:1940.49ms
step:1603/3250 train_time:3110.497s step_avg:1940.42ms
step:1604/3250 train_time:3112.323s step_avg:1940.35ms
step:1605/3250 train_time:3114.148s step_avg:1940.28ms
step:1606/3250 train_time:3115.975s step_avg:1940.21ms
step:1607/3250 train_time:3117.801s step_avg:1940.14ms
step:1608/3250 train_time:3119.627s step_avg:1940.07ms
step:1609/3250 train_time:3121.453s step_avg:1940.00ms
step:1610/3250 train_time:3123.279s step_avg:1939.92ms
step:1611/3250 train_time:3125.104s step_avg:1939.85ms
step:1612/3250 train_time:3126.931s step_avg:1939.78ms
step:1613/3250 train_time:3128.758s step_avg:1939.71ms
step:1614/3250 train_time:3130.583s step_avg:1939.64ms
step:1615/3250 train_time:3132.409s step_avg:1939.57ms
step:1616/3250 train_time:3134.235s step_avg:1939.50ms
step:1617/3250 train_time:3136.896s step_avg:1939.95ms
step:1618/3250 train_time:3138.721s step_avg:1939.88ms
step:1619/3250 train_time:3140.547s step_avg:1939.81ms
step:1620/3250 train_time:3142.374s step_avg:1939.74ms
step:1621/3250 train_time:3144.200s step_avg:1939.67ms
step:1622/3250 train_time:3146.026s step_avg:1939.60ms
step:1623/3250 train_time:3147.852s step_avg:1939.53ms
step:1624/3250 train_time:3149.679s step_avg:1939.46ms
step:1625/3250 train_time:3151.841s step_avg:1939.59ms
step:1625/3250 val_loss:3.50254 train_time:3151.842s step_avg:1892.12ms
step:1626/3250 train_time:3153.669s step_avg:1939.53ms
step:1627/3250 train_time:3155.495s step_avg:1939.46ms
step:1628/3250 train_time:3157.322s step_avg:1939.39ms
step:1629/3250 train_time:3159.149s step_avg:1939.32ms
step:1630/3250 train_time:3160.976s step_avg:1939.25ms
step:1631/3250 train_time:3162.802s step_avg:1939.18ms
step:1632/3250 train_time:3164.629s step_avg:1939.11ms
step:1633/3250 train_time:3167.289s step_avg:1939.55ms
step:1634/3250 train_time:3169.115s step_avg:1939.48ms
step:1635/3250 train_time:3170.942s step_avg:1939.41ms
step:1636/3250 train_time:3172.768s step_avg:1939.34ms
step:1637/3250 train_time:3174.595s step_avg:1939.28ms
step:1638/3250 train_time:3176.422s step_avg:1939.21ms
step:1639/3250 train_time:3178.248s step_avg:1939.14ms
step:1640/3250 train_time:3180.075s step_avg:1939.07ms
step:1641/3250 train_time:3181.903s step_avg:1939.00ms
step:1642/3250 train_time:3183.730s step_avg:1938.93ms
step:1643/3250 train_time:3185.557s step_avg:1938.87ms
step:1644/3250 train_time:3187.385s step_avg:1938.80ms
step:1645/3250 train_time:3189.213s step_avg:1938.73ms
step:1646/3250 train_time:3191.039s step_avg:1938.66ms
step:1647/3250 train_time:3192.867s step_avg:1938.60ms
step:1648/3250 train_time:3194.693s step_avg:1938.53ms
step:1649/3250 train_time:3197.355s step_avg:1938.97ms
step:1650/3250 train_time:3199.453s step_avg:1939.06ms
step:1651/3250 train_time:3201.278s step_avg:1938.99ms
step:1652/3250 train_time:3203.105s step_avg:1938.93ms
step:1653/3250 train_time:3204.932s step_avg:1938.86ms
step:1654/3250 train_time:3206.758s step_avg:1938.79ms
step:1655/3250 train_time:3208.584s step_avg:1938.72ms
step:1656/3250 train_time:3210.411s step_avg:1938.65ms
step:1657/3250 train_time:3212.237s step_avg:1938.59ms
step:1658/3250 train_time:3214.063s step_avg:1938.52ms
step:1659/3250 train_time:3215.890s step_avg:1938.45ms
step:1660/3250 train_time:3217.717s step_avg:1938.38ms
step:1661/3250 train_time:3219.543s step_avg:1938.32ms
step:1662/3250 train_time:3221.369s step_avg:1938.25ms
step:1663/3250 train_time:3223.196s step_avg:1938.18ms
step:1664/3250 train_time:3225.023s step_avg:1938.11ms
step:1665/3250 train_time:3227.684s step_avg:1938.55ms
step:1666/3250 train_time:3229.511s step_avg:1938.48ms
step:1667/3250 train_time:3231.338s step_avg:1938.42ms
step:1668/3250 train_time:3233.164s step_avg:1938.35ms
step:1669/3250 train_time:3234.992s step_avg:1938.28ms
step:1670/3250 train_time:3236.819s step_avg:1938.21ms
step:1671/3250 train_time:3238.646s step_avg:1938.15ms
step:1672/3250 train_time:3240.471s step_avg:1938.08ms
step:1673/3250 train_time:3242.297s step_avg:1938.01ms
step:1674/3250 train_time:3244.125s step_avg:1937.95ms
step:1675/3250 train_time:3246.225s step_avg:1938.04ms
step:1676/3250 train_time:3248.054s step_avg:1937.98ms
step:1677/3250 train_time:3249.879s step_avg:1937.91ms
step:1678/3250 train_time:3251.706s step_avg:1937.85ms
step:1679/3250 train_time:3253.533s step_avg:1937.78ms
step:1680/3250 train_time:3255.360s step_avg:1937.71ms
step:1681/3250 train_time:3258.021s step_avg:1938.14ms
step:1682/3250 train_time:3259.848s step_avg:1938.08ms
step:1683/3250 train_time:3261.675s step_avg:1938.01ms
step:1684/3250 train_time:3263.502s step_avg:1937.95ms
step:1685/3250 train_time:3265.330s step_avg:1937.88ms
step:1686/3250 train_time:3267.158s step_avg:1937.82ms
step:1687/3250 train_time:3268.987s step_avg:1937.75ms
step:1688/3250 train_time:3270.815s step_avg:1937.69ms
step:1689/3250 train_time:3272.642s step_avg:1937.62ms
step:1690/3250 train_time:3274.471s step_avg:1937.56ms
step:1691/3250 train_time:3276.301s step_avg:1937.49ms
step:1692/3250 train_time:3278.130s step_avg:1937.43ms
step:1693/3250 train_time:3279.957s step_avg:1937.36ms
step:1694/3250 train_time:3281.786s step_avg:1937.30ms
step:1695/3250 train_time:3283.615s step_avg:1937.24ms
step:1696/3250 train_time:3285.443s step_avg:1937.17ms
step:1697/3250 train_time:3288.105s step_avg:1937.60ms
step:1698/3250 train_time:3289.934s step_avg:1937.53ms
step:1699/3250 train_time:3291.761s step_avg:1937.47ms
step:1700/3250 train_time:3293.866s step_avg:1937.57ms
step:1701/3250 train_time:3295.694s step_avg:1937.50ms
step:1702/3250 train_time:3297.523s step_avg:1937.44ms
step:1703/3250 train_time:3299.351s step_avg:1937.38ms
step:1704/3250 train_time:3301.179s step_avg:1937.31ms
step:1705/3250 train_time:3303.007s step_avg:1937.25ms
step:1706/3250 train_time:3304.837s step_avg:1937.18ms
step:1707/3250 train_time:3306.665s step_avg:1937.12ms
step:1708/3250 train_time:3308.494s step_avg:1937.06ms
step:1709/3250 train_time:3310.322s step_avg:1936.99ms
step:1710/3250 train_time:3312.150s step_avg:1936.93ms
step:1711/3250 train_time:3314.009s step_avg:1936.88ms
step:1712/3250 train_time:3315.838s step_avg:1936.82ms
step:1713/3250 train_time:3318.499s step_avg:1937.24ms
step:1714/3250 train_time:3320.326s step_avg:1937.18ms
step:1715/3250 train_time:3322.154s step_avg:1937.12ms
step:1716/3250 train_time:3323.981s step_avg:1937.05ms
step:1717/3250 train_time:3325.808s step_avg:1936.99ms
step:1718/3250 train_time:3327.636s step_avg:1936.92ms
step:1719/3250 train_time:3329.464s step_avg:1936.86ms
step:1720/3250 train_time:3331.292s step_avg:1936.80ms
step:1721/3250 train_time:3333.119s step_avg:1936.73ms
step:1722/3250 train_time:3334.948s step_avg:1936.67ms
step:1723/3250 train_time:3336.776s step_avg:1936.61ms
step:1724/3250 train_time:3338.605s step_avg:1936.55ms
step:1725/3250 train_time:3340.714s step_avg:1936.65ms
step:1726/3250 train_time:3342.540s step_avg:1936.58ms
step:1727/3250 train_time:3344.368s step_avg:1936.52ms
step:1728/3250 train_time:3346.196s step_avg:1936.46ms
step:1729/3250 train_time:3348.857s step_avg:1936.87ms
step:1730/3250 train_time:3350.683s step_avg:1936.81ms
step:1731/3250 train_time:3352.510s step_avg:1936.75ms
step:1732/3250 train_time:3354.337s step_avg:1936.68ms
step:1733/3250 train_time:3356.164s step_avg:1936.62ms
step:1734/3250 train_time:3357.990s step_avg:1936.56ms
step:1735/3250 train_time:3359.817s step_avg:1936.49ms
step:1736/3250 train_time:3361.644s step_avg:1936.43ms
step:1737/3250 train_time:3363.472s step_avg:1936.37ms
step:1738/3250 train_time:3365.299s step_avg:1936.31ms
step:1739/3250 train_time:3367.127s step_avg:1936.24ms
step:1740/3250 train_time:3368.954s step_avg:1936.18ms
step:1741/3250 train_time:3370.780s step_avg:1936.12ms
step:1742/3250 train_time:3372.606s step_avg:1936.05ms
step:1743/3250 train_time:3374.434s step_avg:1935.99ms
step:1744/3250 train_time:3376.260s step_avg:1935.93ms
step:1745/3250 train_time:3378.921s step_avg:1936.34ms
step:1746/3250 train_time:3380.748s step_avg:1936.28ms
step:1747/3250 train_time:3382.575s step_avg:1936.22ms
step:1748/3250 train_time:3384.401s step_avg:1936.16ms
step:1749/3250 train_time:3386.227s step_avg:1936.09ms
step:1750/3250 train_time:3388.396s step_avg:1936.23ms
step:1750/3250 val_loss:3.47924 train_time:3388.396s step_avg:1892.44ms
step:1751/3250 train_time:3390.224s step_avg:1936.16ms
step:1752/3250 train_time:3392.051s step_avg:1936.10ms
step:1753/3250 train_time:3393.877s step_avg:1936.04ms
step:1754/3250 train_time:3395.703s step_avg:1935.98ms
step:1755/3250 train_time:3397.531s step_avg:1935.91ms
step:1756/3250 train_time:3399.358s step_avg:1935.85ms
step:1757/3250 train_time:3401.184s step_avg:1935.79ms
step:1758/3250 train_time:3403.013s step_avg:1935.73ms
step:1759/3250 train_time:3404.840s step_avg:1935.67ms
step:1760/3250 train_time:3406.666s step_avg:1935.61ms
step:1761/3250 train_time:3409.327s step_avg:1936.02ms
step:1762/3250 train_time:3411.154s step_avg:1935.96ms
step:1763/3250 train_time:3412.983s step_avg:1935.90ms
step:1764/3250 train_time:3414.809s step_avg:1935.83ms
step:1765/3250 train_time:3416.636s step_avg:1935.77ms
step:1766/3250 train_time:3418.463s step_avg:1935.71ms
step:1767/3250 train_time:3420.290s step_avg:1935.65ms
step:1768/3250 train_time:3422.117s step_avg:1935.59ms
step:1769/3250 train_time:3423.943s step_avg:1935.52ms
step:1770/3250 train_time:3425.772s step_avg:1935.46ms
step:1771/3250 train_time:3427.599s step_avg:1935.40ms
step:1772/3250 train_time:3429.426s step_avg:1935.34ms
step:1773/3250 train_time:3431.253s step_avg:1935.28ms
step:1774/3250 train_time:3433.081s step_avg:1935.22ms
step:1775/3250 train_time:3435.183s step_avg:1935.31ms
step:1776/3250 train_time:3437.009s step_avg:1935.25ms
step:1777/3250 train_time:3439.669s step_avg:1935.66ms
step:1778/3250 train_time:3441.496s step_avg:1935.60ms
step:1779/3250 train_time:3443.324s step_avg:1935.54ms
step:1780/3250 train_time:3445.150s step_avg:1935.48ms
step:1781/3250 train_time:3446.977s step_avg:1935.42ms
step:1782/3250 train_time:3448.805s step_avg:1935.36ms
step:1783/3250 train_time:3450.632s step_avg:1935.30ms
step:1784/3250 train_time:3452.459s step_avg:1935.23ms
step:1785/3250 train_time:3454.286s step_avg:1935.17ms
step:1786/3250 train_time:3456.113s step_avg:1935.11ms
step:1787/3250 train_time:3457.940s step_avg:1935.05ms
step:1788/3250 train_time:3459.767s step_avg:1934.99ms
step:1789/3250 train_time:3461.592s step_avg:1934.93ms
step:1790/3250 train_time:3463.420s step_avg:1934.87ms
step:1791/3250 train_time:3465.247s step_avg:1934.81ms
step:1792/3250 train_time:3467.073s step_avg:1934.75ms
step:1793/3250 train_time:3469.734s step_avg:1935.16ms
step:1794/3250 train_time:3471.561s step_avg:1935.10ms
step:1795/3250 train_time:3473.388s step_avg:1935.04ms
step:1796/3250 train_time:3475.214s step_avg:1934.97ms
step:1797/3250 train_time:3477.042s step_avg:1934.91ms
step:1798/3250 train_time:3478.868s step_avg:1934.85ms
step:1799/3250 train_time:3480.696s step_avg:1934.79ms
step:1800/3250 train_time:3482.802s step_avg:1934.89ms
step:1801/3250 train_time:3484.629s step_avg:1934.83ms
step:1802/3250 train_time:3486.456s step_avg:1934.77ms
step:1803/3250 train_time:3488.282s step_avg:1934.71ms
step:1804/3250 train_time:3490.109s step_avg:1934.65ms
step:1805/3250 train_time:3491.937s step_avg:1934.59ms
step:1806/3250 train_time:3493.765s step_avg:1934.53ms
step:1807/3250 train_time:3495.591s step_avg:1934.47ms
step:1808/3250 train_time:3497.417s step_avg:1934.41ms
step:1809/3250 train_time:3500.078s step_avg:1934.81ms
step:1810/3250 train_time:3501.905s step_avg:1934.75ms
step:1811/3250 train_time:3503.731s step_avg:1934.69ms
step:1812/3250 train_time:3505.557s step_avg:1934.63ms
step:1813/3250 train_time:3507.384s step_avg:1934.57ms
step:1814/3250 train_time:3509.211s step_avg:1934.52ms
step:1815/3250 train_time:3511.036s step_avg:1934.46ms
step:1816/3250 train_time:3512.862s step_avg:1934.40ms
step:1817/3250 train_time:3514.689s step_avg:1934.34ms
step:1818/3250 train_time:3516.516s step_avg:1934.28ms
step:1819/3250 train_time:3518.342s step_avg:1934.22ms
step:1820/3250 train_time:3520.168s step_avg:1934.16ms
step:1821/3250 train_time:3521.996s step_avg:1934.10ms
step:1822/3250 train_time:3523.822s step_avg:1934.04ms
step:1823/3250 train_time:3525.650s step_avg:1933.98ms
step:1824/3250 train_time:3527.476s step_avg:1933.92ms
step:1825/3250 train_time:3530.417s step_avg:1934.48ms
step:1826/3250 train_time:3532.246s step_avg:1934.42ms
step:1827/3250 train_time:3534.072s step_avg:1934.36ms
step:1828/3250 train_time:3535.897s step_avg:1934.30ms
step:1829/3250 train_time:3537.723s step_avg:1934.24ms
step:1830/3250 train_time:3539.550s step_avg:1934.18ms
step:1831/3250 train_time:3541.377s step_avg:1934.12ms
step:1832/3250 train_time:3543.205s step_avg:1934.06ms
step:1833/3250 train_time:3545.031s step_avg:1934.01ms
step:1834/3250 train_time:3546.858s step_avg:1933.95ms
step:1835/3250 train_time:3548.684s step_avg:1933.89ms
step:1836/3250 train_time:3550.511s step_avg:1933.83ms
step:1837/3250 train_time:3552.338s step_avg:1933.77ms
step:1838/3250 train_time:3554.165s step_avg:1933.71ms
step:1839/3250 train_time:3555.991s step_avg:1933.65ms
step:1840/3250 train_time:3557.817s step_avg:1933.60ms
step:1841/3250 train_time:3560.477s step_avg:1933.99ms
step:1842/3250 train_time:3562.306s step_avg:1933.93ms
step:1843/3250 train_time:3564.131s step_avg:1933.87ms
step:1844/3250 train_time:3565.958s step_avg:1933.82ms
step:1845/3250 train_time:3567.785s step_avg:1933.76ms
step:1846/3250 train_time:3569.611s step_avg:1933.70ms
step:1847/3250 train_time:3571.437s step_avg:1933.64ms
step:1848/3250 train_time:3573.264s step_avg:1933.58ms
step:1849/3250 train_time:3575.090s step_avg:1933.53ms
step:1850/3250 train_time:3577.188s step_avg:1933.62ms
step:1851/3250 train_time:3579.014s step_avg:1933.56ms
step:1852/3250 train_time:3580.839s step_avg:1933.50ms
step:1853/3250 train_time:3582.665s step_avg:1933.44ms
step:1854/3250 train_time:3584.492s step_avg:1933.38ms
step:1855/3250 train_time:3586.317s step_avg:1933.32ms
step:1856/3250 train_time:3588.143s step_avg:1933.27ms
step:1857/3250 train_time:3590.804s step_avg:1933.66ms
step:1858/3250 train_time:3592.630s step_avg:1933.60ms
step:1859/3250 train_time:3594.456s step_avg:1933.54ms
step:1860/3250 train_time:3596.282s step_avg:1933.48ms
step:1861/3250 train_time:3598.108s step_avg:1933.43ms
step:1862/3250 train_time:3599.935s step_avg:1933.37ms
step:1863/3250 train_time:3601.763s step_avg:1933.31ms
step:1864/3250 train_time:3603.589s step_avg:1933.26ms
step:1865/3250 train_time:3605.417s step_avg:1933.20ms
step:1866/3250 train_time:3607.243s step_avg:1933.14ms
step:1867/3250 train_time:3609.070s step_avg:1933.09ms
step:1868/3250 train_time:3610.896s step_avg:1933.03ms
step:1869/3250 train_time:3612.724s step_avg:1932.97ms
step:1870/3250 train_time:3614.551s step_avg:1932.92ms
step:1871/3250 train_time:3616.377s step_avg:1932.86ms
step:1872/3250 train_time:3618.203s step_avg:1932.80ms
step:1873/3250 train_time:3620.863s step_avg:1933.19ms
step:1874/3250 train_time:3622.689s step_avg:1933.13ms
step:1875/3250 train_time:3624.858s step_avg:1933.26ms
step:1875/3250 val_loss:3.45732 train_time:3624.858s step_avg:1891.69ms
step:1876/3250 train_time:3626.685s step_avg:1933.20ms
step:1877/3250 train_time:3628.512s step_avg:1933.14ms
step:1878/3250 train_time:3630.338s step_avg:1933.09ms
step:1879/3250 train_time:3632.163s step_avg:1933.03ms
step:1880/3250 train_time:3633.989s step_avg:1932.97ms
step:1881/3250 train_time:3635.815s step_avg:1932.92ms
step:1882/3250 train_time:3637.641s step_avg:1932.86ms
step:1883/3250 train_time:3639.468s step_avg:1932.80ms
step:1884/3250 train_time:3641.294s step_avg:1932.75ms
step:1885/3250 train_time:3643.120s step_avg:1932.69ms
step:1886/3250 train_time:3644.946s step_avg:1932.63ms
step:1887/3250 train_time:3646.772s step_avg:1932.58ms
step:1888/3250 train_time:3648.597s step_avg:1932.52ms
step:1889/3250 train_time:3651.258s step_avg:1932.91ms
step:1890/3250 train_time:3653.084s step_avg:1932.85ms
step:1891/3250 train_time:3654.909s step_avg:1932.79ms
step:1892/3250 train_time:3656.734s step_avg:1932.73ms
step:1893/3250 train_time:3658.560s step_avg:1932.68ms
step:1894/3250 train_time:3660.386s step_avg:1932.62ms
step:1895/3250 train_time:3662.212s step_avg:1932.57ms
step:1896/3250 train_time:3664.037s step_avg:1932.51ms
step:1897/3250 train_time:3665.863s step_avg:1932.45ms
step:1898/3250 train_time:3667.689s step_avg:1932.40ms
step:1899/3250 train_time:3669.515s step_avg:1932.34ms
step:1900/3250 train_time:3671.612s step_avg:1932.43ms
step:1901/3250 train_time:3673.470s step_avg:1932.39ms
step:1902/3250 train_time:3675.296s step_avg:1932.33ms
step:1903/3250 train_time:3677.121s step_avg:1932.28ms
step:1904/3250 train_time:3678.946s step_avg:1932.22ms
step:1905/3250 train_time:3681.606s step_avg:1932.60ms
step:1906/3250 train_time:3683.432s step_avg:1932.55ms
step:1907/3250 train_time:3685.258s step_avg:1932.49ms
step:1908/3250 train_time:3687.083s step_avg:1932.43ms
step:1909/3250 train_time:3688.909s step_avg:1932.38ms
step:1910/3250 train_time:3690.737s step_avg:1932.32ms
step:1911/3250 train_time:3692.562s step_avg:1932.27ms
step:1912/3250 train_time:3694.387s step_avg:1932.21ms
step:1913/3250 train_time:3696.213s step_avg:1932.16ms
step:1914/3250 train_time:3698.039s step_avg:1932.10ms
step:1915/3250 train_time:3699.864s step_avg:1932.04ms
step:1916/3250 train_time:3701.691s step_avg:1931.99ms
step:1917/3250 train_time:3703.517s step_avg:1931.93ms
step:1918/3250 train_time:3705.343s step_avg:1931.88ms
step:1919/3250 train_time:3707.168s step_avg:1931.82ms
step:1920/3250 train_time:3708.994s step_avg:1931.77ms
step:1921/3250 train_time:3711.654s step_avg:1932.15ms
step:1922/3250 train_time:3713.480s step_avg:1932.09ms
step:1923/3250 train_time:3715.305s step_avg:1932.04ms
step:1924/3250 train_time:3717.131s step_avg:1931.98ms
step:1925/3250 train_time:3719.228s step_avg:1932.07ms
step:1926/3250 train_time:3721.055s step_avg:1932.01ms
step:1927/3250 train_time:3722.880s step_avg:1931.96ms
step:1928/3250 train_time:3724.706s step_avg:1931.90ms
step:1929/3250 train_time:3726.531s step_avg:1931.85ms
step:1930/3250 train_time:3728.357s step_avg:1931.79ms
step:1931/3250 train_time:3730.182s step_avg:1931.74ms
step:1932/3250 train_time:3732.008s step_avg:1931.68ms
step:1933/3250 train_time:3733.834s step_avg:1931.63ms
step:1934/3250 train_time:3735.661s step_avg:1931.57ms
step:1935/3250 train_time:3737.488s step_avg:1931.52ms
step:1936/3250 train_time:3739.313s step_avg:1931.46ms
step:1937/3250 train_time:3741.974s step_avg:1931.84ms
step:1938/3250 train_time:3743.798s step_avg:1931.78ms
step:1939/3250 train_time:3745.624s step_avg:1931.73ms
step:1940/3250 train_time:3747.449s step_avg:1931.67ms
step:1941/3250 train_time:3749.275s step_avg:1931.62ms
step:1942/3250 train_time:3751.101s step_avg:1931.57ms
step:1943/3250 train_time:3752.926s step_avg:1931.51ms
step:1944/3250 train_time:3754.751s step_avg:1931.46ms
step:1945/3250 train_time:3756.577s step_avg:1931.40ms
step:1946/3250 train_time:3758.403s step_avg:1931.35ms
step:1947/3250 train_time:3760.229s step_avg:1931.29ms
step:1948/3250 train_time:3762.055s step_avg:1931.24ms
step:1949/3250 train_time:3763.880s step_avg:1931.19ms
step:1950/3250 train_time:3765.980s step_avg:1931.27ms
step:1951/3250 train_time:3767.805s step_avg:1931.22ms
step:1952/3250 train_time:3769.632s step_avg:1931.16ms
step:1953/3250 train_time:3772.292s step_avg:1931.54ms
step:1954/3250 train_time:3774.117s step_avg:1931.48ms
step:1955/3250 train_time:3775.941s step_avg:1931.43ms
step:1956/3250 train_time:3777.766s step_avg:1931.37ms
step:1957/3250 train_time:3779.591s step_avg:1931.32ms
step:1958/3250 train_time:3781.417s step_avg:1931.26ms
step:1959/3250 train_time:3783.242s step_avg:1931.21ms
step:1960/3250 train_time:3785.069s step_avg:1931.16ms
step:1961/3250 train_time:3786.895s step_avg:1931.10ms
step:1962/3250 train_time:3788.722s step_avg:1931.05ms
step:1963/3250 train_time:3790.548s step_avg:1931.00ms
step:1964/3250 train_time:3792.375s step_avg:1930.94ms
step:1965/3250 train_time:3794.201s step_avg:1930.89ms
step:1966/3250 train_time:3796.028s step_avg:1930.84ms
step:1967/3250 train_time:3797.855s step_avg:1930.79ms
step:1968/3250 train_time:3799.682s step_avg:1930.73ms
step:1969/3250 train_time:3802.342s step_avg:1931.10ms
step:1970/3250 train_time:3804.169s step_avg:1931.05ms
step:1971/3250 train_time:3805.995s step_avg:1931.00ms
step:1972/3250 train_time:3807.821s step_avg:1930.94ms
step:1973/3250 train_time:3809.648s step_avg:1930.89ms
step:1974/3250 train_time:3811.475s step_avg:1930.84ms
step:1975/3250 train_time:3813.577s step_avg:1930.93ms
step:1976/3250 train_time:3815.403s step_avg:1930.87ms
step:1977/3250 train_time:3817.229s step_avg:1930.82ms
step:1978/3250 train_time:3819.056s step_avg:1930.77ms
step:1979/3250 train_time:3820.885s step_avg:1930.71ms
step:1980/3250 train_time:3822.712s step_avg:1930.66ms
step:1981/3250 train_time:3824.539s step_avg:1930.61ms
step:1982/3250 train_time:3826.366s step_avg:1930.56ms
step:1983/3250 train_time:3828.193s step_avg:1930.51ms
step:1984/3250 train_time:3830.020s step_avg:1930.45ms
step:1985/3250 train_time:3832.679s step_avg:1930.82ms
step:1986/3250 train_time:3834.506s step_avg:1930.77ms
step:1987/3250 train_time:3836.332s step_avg:1930.72ms
step:1988/3250 train_time:3838.159s step_avg:1930.66ms
step:1989/3250 train_time:3839.986s step_avg:1930.61ms
step:1990/3250 train_time:3841.817s step_avg:1930.56ms
step:1991/3250 train_time:3843.643s step_avg:1930.51ms
step:1992/3250 train_time:3845.470s step_avg:1930.46ms
step:1993/3250 train_time:3847.298s step_avg:1930.41ms
step:1994/3250 train_time:3849.125s step_avg:1930.35ms
step:1995/3250 train_time:3850.954s step_avg:1930.30ms
step:1996/3250 train_time:3852.780s step_avg:1930.25ms
step:1997/3250 train_time:3854.606s step_avg:1930.20ms
step:1998/3250 train_time:3856.432s step_avg:1930.15ms
step:1999/3250 train_time:3858.259s step_avg:1930.09ms
step:2000/3250 train_time:3860.428s step_avg:1930.21ms
step:2000/3250 val_loss:3.43331 train_time:3860.429s step_avg:1884.57ms
step:2001/3250 train_time:3863.090s step_avg:1930.58ms
step:2002/3250 train_time:3864.918s step_avg:1930.53ms
step:2003/3250 train_time:3866.747s step_avg:1930.48ms
step:2004/3250 train_time:3868.575s step_avg:1930.43ms
step:2005/3250 train_time:3870.401s step_avg:1930.37ms
step:2006/3250 train_time:3872.227s step_avg:1930.32ms
step:2007/3250 train_time:3874.053s step_avg:1930.27ms
step:2008/3250 train_time:3875.880s step_avg:1930.22ms
step:2009/3250 train_time:3877.707s step_avg:1930.17ms
step:2010/3250 train_time:3879.534s step_avg:1930.12ms
step:2011/3250 train_time:3881.360s step_avg:1930.06ms
step:2012/3250 train_time:3883.187s step_avg:1930.01ms
step:2013/3250 train_time:3885.013s step_avg:1929.96ms
step:2014/3250 train_time:3886.840s step_avg:1929.91ms
step:2015/3250 train_time:3888.667s step_avg:1929.86ms
step:2016/3250 train_time:3890.494s step_avg:1929.81ms
step:2017/3250 train_time:3893.155s step_avg:1930.17ms
step:2018/3250 train_time:3894.982s step_avg:1930.12ms
step:2019/3250 train_time:3896.807s step_avg:1930.07ms
step:2020/3250 train_time:3898.635s step_avg:1930.02ms
step:2021/3250 train_time:3900.462s step_avg:1929.97ms
step:2022/3250 train_time:3902.288s step_avg:1929.91ms
step:2023/3250 train_time:3904.114s step_avg:1929.86ms
step:2024/3250 train_time:3905.940s step_avg:1929.81ms
step:2025/3250 train_time:3908.040s step_avg:1929.90ms
step:2026/3250 train_time:3909.866s step_avg:1929.85ms
step:2027/3250 train_time:3911.695s step_avg:1929.80ms
step:2028/3250 train_time:3913.520s step_avg:1929.74ms
step:2029/3250 train_time:3915.347s step_avg:1929.69ms
step:2030/3250 train_time:3917.173s step_avg:1929.64ms
step:2031/3250 train_time:3919.000s step_avg:1929.59ms
step:2032/3250 train_time:3920.826s step_avg:1929.54ms
step:2033/3250 train_time:3923.486s step_avg:1929.90ms
step:2034/3250 train_time:3925.313s step_avg:1929.85ms
step:2035/3250 train_time:3927.139s step_avg:1929.80ms
step:2036/3250 train_time:3928.966s step_avg:1929.75ms
step:2037/3250 train_time:3930.794s step_avg:1929.70ms
step:2038/3250 train_time:3932.621s step_avg:1929.65ms
step:2039/3250 train_time:3934.449s step_avg:1929.60ms
step:2040/3250 train_time:3936.275s step_avg:1929.55ms
step:2041/3250 train_time:3938.103s step_avg:1929.50ms
step:2042/3250 train_time:3939.932s step_avg:1929.45ms
step:2043/3250 train_time:3941.759s step_avg:1929.40ms
step:2044/3250 train_time:3943.586s step_avg:1929.35ms
step:2045/3250 train_time:3945.414s step_avg:1929.30ms
step:2046/3250 train_time:3947.240s step_avg:1929.25ms
step:2047/3250 train_time:3949.067s step_avg:1929.20ms
step:2048/3250 train_time:3950.894s step_avg:1929.15ms
step:2049/3250 train_time:3953.554s step_avg:1929.50ms
step:2050/3250 train_time:3955.657s step_avg:1929.59ms
step:2051/3250 train_time:3957.482s step_avg:1929.54ms
step:2052/3250 train_time:3959.307s step_avg:1929.49ms
step:2053/3250 train_time:3961.134s step_avg:1929.44ms
step:2054/3250 train_time:3962.960s step_avg:1929.39ms
step:2055/3250 train_time:3964.787s step_avg:1929.34ms
step:2056/3250 train_time:3966.612s step_avg:1929.29ms
step:2057/3250 train_time:3968.439s step_avg:1929.24ms
step:2058/3250 train_time:3970.265s step_avg:1929.19ms
step:2059/3250 train_time:3972.091s step_avg:1929.14ms
step:2060/3250 train_time:3973.916s step_avg:1929.09ms
step:2061/3250 train_time:3975.743s step_avg:1929.04ms
step:2062/3250 train_time:3977.570s step_avg:1928.99ms
step:2063/3250 train_time:3979.396s step_avg:1928.94ms
step:2064/3250 train_time:3981.221s step_avg:1928.89ms
step:2065/3250 train_time:3983.881s step_avg:1929.24ms
step:2066/3250 train_time:3985.706s step_avg:1929.19ms
step:2067/3250 train_time:3987.531s step_avg:1929.14ms
step:2068/3250 train_time:3989.358s step_avg:1929.09ms
step:2069/3250 train_time:3991.183s step_avg:1929.04ms
step:2070/3250 train_time:3993.009s step_avg:1928.99ms
step:2071/3250 train_time:3994.834s step_avg:1928.94ms
step:2072/3250 train_time:3996.660s step_avg:1928.89ms
step:2073/3250 train_time:3998.486s step_avg:1928.84ms
step:2074/3250 train_time:4000.314s step_avg:1928.79ms
step:2075/3250 train_time:4002.418s step_avg:1928.88ms
step:2076/3250 train_time:4004.243s step_avg:1928.83ms
step:2077/3250 train_time:4006.069s step_avg:1928.78ms
step:2078/3250 train_time:4007.895s step_avg:1928.73ms
step:2079/3250 train_time:4009.722s step_avg:1928.68ms
step:2080/3250 train_time:4011.548s step_avg:1928.63ms
step:2081/3250 train_time:4014.208s step_avg:1928.98ms
step:2082/3250 train_time:4016.033s step_avg:1928.93ms
step:2083/3250 train_time:4017.859s step_avg:1928.88ms
step:2084/3250 train_time:4019.684s step_avg:1928.83ms
step:2085/3250 train_time:4021.512s step_avg:1928.78ms
step:2086/3250 train_time:4023.338s step_avg:1928.73ms
step:2087/3250 train_time:4025.164s step_avg:1928.68ms
step:2088/3250 train_time:4026.990s step_avg:1928.63ms
step:2089/3250 train_time:4028.816s step_avg:1928.59ms
step:2090/3250 train_time:4030.643s step_avg:1928.54ms
step:2091/3250 train_time:4032.505s step_avg:1928.51ms
step:2092/3250 train_time:4034.332s step_avg:1928.46ms
step:2093/3250 train_time:4036.159s step_avg:1928.41ms
step:2094/3250 train_time:4037.984s step_avg:1928.36ms
step:2095/3250 train_time:4039.812s step_avg:1928.31ms
step:2096/3250 train_time:4041.639s step_avg:1928.26ms
step:2097/3250 train_time:4044.299s step_avg:1928.61ms
step:2098/3250 train_time:4046.124s step_avg:1928.56ms
step:2099/3250 train_time:4047.950s step_avg:1928.51ms
step:2100/3250 train_time:4050.055s step_avg:1928.60ms
step:2101/3250 train_time:4051.880s step_avg:1928.55ms
step:2102/3250 train_time:4053.705s step_avg:1928.50ms
step:2103/3250 train_time:4055.530s step_avg:1928.45ms
step:2104/3250 train_time:4057.356s step_avg:1928.40ms
step:2105/3250 train_time:4059.182s step_avg:1928.35ms
step:2106/3250 train_time:4061.007s step_avg:1928.30ms
step:2107/3250 train_time:4062.832s step_avg:1928.25ms
step:2108/3250 train_time:4064.657s step_avg:1928.21ms
step:2109/3250 train_time:4066.483s step_avg:1928.16ms
step:2110/3250 train_time:4068.309s step_avg:1928.11ms
step:2111/3250 train_time:4070.134s step_avg:1928.06ms
step:2112/3250 train_time:4071.959s step_avg:1928.01ms
step:2113/3250 train_time:4074.618s step_avg:1928.36ms
step:2114/3250 train_time:4076.443s step_avg:1928.31ms
step:2115/3250 train_time:4078.268s step_avg:1928.26ms
step:2116/3250 train_time:4080.094s step_avg:1928.21ms
step:2117/3250 train_time:4081.919s step_avg:1928.16ms
step:2118/3250 train_time:4083.744s step_avg:1928.11ms
step:2119/3250 train_time:4085.570s step_avg:1928.07ms
step:2120/3250 train_time:4087.397s step_avg:1928.02ms
step:2121/3250 train_time:4089.223s step_avg:1927.97ms
step:2122/3250 train_time:4091.049s step_avg:1927.92ms
step:2123/3250 train_time:4092.874s step_avg:1927.87ms
step:2124/3250 train_time:4094.699s step_avg:1927.82ms
step:2125/3250 train_time:4096.864s step_avg:1927.94ms
step:2125/3250 val_loss:3.41308 train_time:4096.864s step_avg:1891.48ms
step:2126/3250 train_time:4098.691s step_avg:1927.89ms
step:2127/3250 train_time:4100.517s step_avg:1927.84ms
step:2128/3250 train_time:4102.343s step_avg:1927.79ms
step:2129/3250 train_time:4105.003s step_avg:1928.14ms
step:2130/3250 train_time:4106.829s step_avg:1928.09ms
step:2131/3250 train_time:4108.653s step_avg:1928.04ms
step:2132/3250 train_time:4110.478s step_avg:1927.99ms
step:2133/3250 train_time:4112.304s step_avg:1927.94ms
step:2134/3250 train_time:4114.129s step_avg:1927.90ms
step:2135/3250 train_time:4115.954s step_avg:1927.85ms
step:2136/3250 train_time:4117.780s step_avg:1927.80ms
step:2137/3250 train_time:4119.606s step_avg:1927.75ms
step:2138/3250 train_time:4121.432s step_avg:1927.70ms
step:2139/3250 train_time:4123.257s step_avg:1927.66ms
step:2140/3250 train_time:4125.081s step_avg:1927.61ms
step:2141/3250 train_time:4126.908s step_avg:1927.56ms
step:2142/3250 train_time:4128.733s step_avg:1927.51ms
step:2143/3250 train_time:4130.558s step_avg:1927.47ms
step:2144/3250 train_time:4132.383s step_avg:1927.42ms
step:2145/3250 train_time:4135.042s step_avg:1927.76ms
step:2146/3250 train_time:4136.867s step_avg:1927.71ms
step:2147/3250 train_time:4138.692s step_avg:1927.66ms
step:2148/3250 train_time:4140.517s step_avg:1927.61ms
step:2149/3250 train_time:4142.342s step_avg:1927.57ms
step:2150/3250 train_time:4144.439s step_avg:1927.65ms
step:2151/3250 train_time:4146.264s step_avg:1927.60ms
step:2152/3250 train_time:4148.090s step_avg:1927.55ms
step:2153/3250 train_time:4149.914s step_avg:1927.50ms
step:2154/3250 train_time:4151.740s step_avg:1927.46ms
step:2155/3250 train_time:4153.565s step_avg:1927.41ms
step:2156/3250 train_time:4155.391s step_avg:1927.36ms
step:2157/3250 train_time:4157.217s step_avg:1927.31ms
step:2158/3250 train_time:4159.042s step_avg:1927.27ms
step:2159/3250 train_time:4160.868s step_avg:1927.22ms
step:2160/3250 train_time:4162.694s step_avg:1927.17ms
step:2161/3250 train_time:4165.354s step_avg:1927.51ms
step:2162/3250 train_time:4167.180s step_avg:1927.47ms
step:2163/3250 train_time:4169.004s step_avg:1927.42ms
step:2164/3250 train_time:4170.829s step_avg:1927.37ms
step:2165/3250 train_time:4172.654s step_avg:1927.32ms
step:2166/3250 train_time:4174.480s step_avg:1927.28ms
step:2167/3250 train_time:4176.305s step_avg:1927.23ms
step:2168/3250 train_time:4178.131s step_avg:1927.18ms
step:2169/3250 train_time:4179.956s step_avg:1927.13ms
step:2170/3250 train_time:4181.782s step_avg:1927.09ms
step:2171/3250 train_time:4183.607s step_avg:1927.04ms
step:2172/3250 train_time:4185.432s step_avg:1926.99ms
step:2173/3250 train_time:4187.257s step_avg:1926.95ms
step:2174/3250 train_time:4189.082s step_avg:1926.90ms
step:2175/3250 train_time:4191.179s step_avg:1926.98ms
step:2176/3250 train_time:4193.005s step_avg:1926.93ms
step:2177/3250 train_time:4195.665s step_avg:1927.27ms
step:2178/3250 train_time:4197.490s step_avg:1927.22ms
step:2179/3250 train_time:4199.316s step_avg:1927.18ms
step:2180/3250 train_time:4201.142s step_avg:1927.13ms
step:2181/3250 train_time:4202.966s step_avg:1927.08ms
step:2182/3250 train_time:4204.791s step_avg:1927.04ms
step:2183/3250 train_time:4206.618s step_avg:1926.99ms
step:2184/3250 train_time:4208.444s step_avg:1926.94ms
step:2185/3250 train_time:4210.269s step_avg:1926.90ms
step:2186/3250 train_time:4212.094s step_avg:1926.85ms
step:2187/3250 train_time:4213.920s step_avg:1926.80ms
step:2188/3250 train_time:4215.746s step_avg:1926.76ms
step:2189/3250 train_time:4217.572s step_avg:1926.71ms
step:2190/3250 train_time:4219.397s step_avg:1926.67ms
step:2191/3250 train_time:4221.222s step_avg:1926.62ms
step:2192/3250 train_time:4223.048s step_avg:1926.57ms
step:2193/3250 train_time:4225.708s step_avg:1926.91ms
step:2194/3250 train_time:4227.534s step_avg:1926.86ms
step:2195/3250 train_time:4229.360s step_avg:1926.82ms
step:2196/3250 train_time:4231.185s step_avg:1926.77ms
step:2197/3250 train_time:4233.010s step_avg:1926.72ms
step:2198/3250 train_time:4234.835s step_avg:1926.68ms
step:2199/3250 train_time:4236.662s step_avg:1926.63ms
step:2200/3250 train_time:4238.760s step_avg:1926.71ms
step:2201/3250 train_time:4240.586s step_avg:1926.66ms
step:2202/3250 train_time:4242.411s step_avg:1926.62ms
step:2203/3250 train_time:4244.236s step_avg:1926.57ms
step:2204/3250 train_time:4246.062s step_avg:1926.53ms
step:2205/3250 train_time:4247.888s step_avg:1926.48ms
step:2206/3250 train_time:4249.714s step_avg:1926.43ms
step:2207/3250 train_time:4251.539s step_avg:1926.39ms
step:2208/3250 train_time:4253.364s step_avg:1926.34ms
step:2209/3250 train_time:4256.024s step_avg:1926.67ms
step:2210/3250 train_time:4257.849s step_avg:1926.63ms
step:2211/3250 train_time:4259.673s step_avg:1926.58ms
step:2212/3250 train_time:4261.499s step_avg:1926.54ms
step:2213/3250 train_time:4263.325s step_avg:1926.49ms
step:2214/3250 train_time:4265.149s step_avg:1926.44ms
step:2215/3250 train_time:4266.974s step_avg:1926.40ms
step:2216/3250 train_time:4268.800s step_avg:1926.35ms
step:2217/3250 train_time:4270.625s step_avg:1926.31ms
step:2218/3250 train_time:4272.450s step_avg:1926.26ms
step:2219/3250 train_time:4274.275s step_avg:1926.22ms
step:2220/3250 train_time:4276.101s step_avg:1926.17ms
step:2221/3250 train_time:4277.927s step_avg:1926.13ms
step:2222/3250 train_time:4279.752s step_avg:1926.08ms
step:2223/3250 train_time:4281.577s step_avg:1926.04ms
step:2224/3250 train_time:4283.402s step_avg:1925.99ms
step:2225/3250 train_time:4286.333s step_avg:1926.44ms
step:2226/3250 train_time:4288.158s step_avg:1926.40ms
step:2227/3250 train_time:4289.983s step_avg:1926.35ms
step:2228/3250 train_time:4291.807s step_avg:1926.30ms
step:2229/3250 train_time:4293.633s step_avg:1926.26ms
step:2230/3250 train_time:4295.458s step_avg:1926.21ms
step:2231/3250 train_time:4297.284s step_avg:1926.17ms
step:2232/3250 train_time:4299.108s step_avg:1926.12ms
step:2233/3250 train_time:4300.934s step_avg:1926.08ms
step:2234/3250 train_time:4302.760s step_avg:1926.03ms
step:2235/3250 train_time:4304.585s step_avg:1925.99ms
step:2236/3250 train_time:4306.410s step_avg:1925.94ms
step:2237/3250 train_time:4308.235s step_avg:1925.90ms
step:2238/3250 train_time:4310.061s step_avg:1925.85ms
step:2239/3250 train_time:4311.887s step_avg:1925.81ms
step:2240/3250 train_time:4313.712s step_avg:1925.76ms
step:2241/3250 train_time:4316.371s step_avg:1926.09ms
step:2242/3250 train_time:4318.198s step_avg:1926.05ms
step:2243/3250 train_time:4320.022s step_avg:1926.00ms
step:2244/3250 train_time:4321.847s step_avg:1925.96ms
step:2245/3250 train_time:4323.673s step_avg:1925.91ms
step:2246/3250 train_time:4325.498s step_avg:1925.87ms
step:2247/3250 train_time:4327.323s step_avg:1925.82ms
step:2248/3250 train_time:4329.148s step_avg:1925.78ms
step:2249/3250 train_time:4330.974s step_avg:1925.73ms
step:2250/3250 train_time:4333.138s step_avg:1925.84ms
step:2250/3250 val_loss:3.39293 train_time:4333.138s step_avg:1890.19ms
step:2251/3250 train_time:4334.965s step_avg:1925.80ms
step:2252/3250 train_time:4336.792s step_avg:1925.75ms
step:2253/3250 train_time:4338.618s step_avg:1925.71ms
step:2254/3250 train_time:4340.443s step_avg:1925.66ms
step:2255/3250 train_time:4342.269s step_avg:1925.62ms
step:2256/3250 train_time:4344.095s step_avg:1925.57ms
step:2257/3250 train_time:4346.756s step_avg:1925.90ms
step:2258/3250 train_time:4348.581s step_avg:1925.86ms
step:2259/3250 train_time:4350.406s step_avg:1925.81ms
step:2260/3250 train_time:4352.231s step_avg:1925.77ms
step:2261/3250 train_time:4354.056s step_avg:1925.72ms
step:2262/3250 train_time:4355.882s step_avg:1925.68ms
step:2263/3250 train_time:4357.707s step_avg:1925.63ms
step:2264/3250 train_time:4359.532s step_avg:1925.59ms
step:2265/3250 train_time:4361.358s step_avg:1925.54ms
step:2266/3250 train_time:4363.183s step_avg:1925.50ms
step:2267/3250 train_time:4365.009s step_avg:1925.46ms
step:2268/3250 train_time:4366.834s step_avg:1925.41ms
step:2269/3250 train_time:4368.659s step_avg:1925.37ms
step:2270/3250 train_time:4370.484s step_avg:1925.32ms
step:2271/3250 train_time:4372.310s step_avg:1925.28ms
step:2272/3250 train_time:4374.135s step_avg:1925.24ms
step:2273/3250 train_time:4376.795s step_avg:1925.56ms
step:2274/3250 train_time:4378.619s step_avg:1925.51ms
step:2275/3250 train_time:4380.716s step_avg:1925.59ms
step:2276/3250 train_time:4382.541s step_avg:1925.55ms
step:2277/3250 train_time:4384.366s step_avg:1925.50ms
step:2278/3250 train_time:4386.192s step_avg:1925.46ms
step:2279/3250 train_time:4388.018s step_avg:1925.41ms
step:2280/3250 train_time:4389.844s step_avg:1925.37ms
step:2281/3250 train_time:4391.702s step_avg:1925.34ms
step:2282/3250 train_time:4393.529s step_avg:1925.30ms
step:2283/3250 train_time:4395.354s step_avg:1925.25ms
step:2284/3250 train_time:4397.179s step_avg:1925.21ms
step:2285/3250 train_time:4399.004s step_avg:1925.17ms
step:2286/3250 train_time:4400.829s step_avg:1925.12ms
step:2287/3250 train_time:4402.656s step_avg:1925.08ms
step:2288/3250 train_time:4404.481s step_avg:1925.04ms
step:2289/3250 train_time:4407.141s step_avg:1925.36ms
step:2290/3250 train_time:4408.966s step_avg:1925.31ms
step:2291/3250 train_time:4410.791s step_avg:1925.27ms
step:2292/3250 train_time:4412.616s step_avg:1925.23ms
step:2293/3250 train_time:4414.441s step_avg:1925.18ms
step:2294/3250 train_time:4416.266s step_avg:1925.14ms
step:2295/3250 train_time:4418.093s step_avg:1925.10ms
step:2296/3250 train_time:4419.919s step_avg:1925.05ms
step:2297/3250 train_time:4421.746s step_avg:1925.01ms
step:2298/3250 train_time:4423.573s step_avg:1924.97ms
step:2299/3250 train_time:4425.401s step_avg:1924.92ms
step:2300/3250 train_time:4427.501s step_avg:1925.00ms
step:2301/3250 train_time:4429.327s step_avg:1924.96ms
step:2302/3250 train_time:4431.153s step_avg:1924.91ms
step:2303/3250 train_time:4432.979s step_avg:1924.87ms
step:2304/3250 train_time:4434.806s step_avg:1924.83ms
step:2305/3250 train_time:4437.466s step_avg:1925.15ms
step:2306/3250 train_time:4439.291s step_avg:1925.10ms
step:2307/3250 train_time:4441.116s step_avg:1925.06ms
step:2308/3250 train_time:4442.944s step_avg:1925.02ms
step:2309/3250 train_time:4444.771s step_avg:1924.98ms
step:2310/3250 train_time:4446.598s step_avg:1924.93ms
step:2311/3250 train_time:4448.425s step_avg:1924.89ms
step:2312/3250 train_time:4450.250s step_avg:1924.85ms
step:2313/3250 train_time:4452.077s step_avg:1924.81ms
step:2314/3250 train_time:4453.903s step_avg:1924.76ms
step:2315/3250 train_time:4455.731s step_avg:1924.72ms
step:2316/3250 train_time:4457.557s step_avg:1924.68ms
step:2317/3250 train_time:4459.383s step_avg:1924.64ms
step:2318/3250 train_time:4461.209s step_avg:1924.59ms
step:2319/3250 train_time:4463.036s step_avg:1924.55ms
step:2320/3250 train_time:4464.863s step_avg:1924.51ms
step:2321/3250 train_time:4467.524s step_avg:1924.83ms
step:2322/3250 train_time:4469.350s step_avg:1924.78ms
step:2323/3250 train_time:4471.175s step_avg:1924.74ms
step:2324/3250 train_time:4473.001s step_avg:1924.70ms
step:2325/3250 train_time:4475.103s step_avg:1924.78ms
step:2326/3250 train_time:4476.929s step_avg:1924.73ms
step:2327/3250 train_time:4478.755s step_avg:1924.69ms
step:2328/3250 train_time:4480.581s step_avg:1924.65ms
step:2329/3250 train_time:4482.407s step_avg:1924.61ms
step:2330/3250 train_time:4484.233s step_avg:1924.56ms
step:2331/3250 train_time:4486.060s step_avg:1924.52ms
step:2332/3250 train_time:4487.887s step_avg:1924.48ms
step:2333/3250 train_time:4489.713s step_avg:1924.44ms
step:2334/3250 train_time:4491.539s step_avg:1924.40ms
step:2335/3250 train_time:4493.365s step_avg:1924.35ms
step:2336/3250 train_time:4495.193s step_avg:1924.31ms
step:2337/3250 train_time:4497.853s step_avg:1924.63ms
step:2338/3250 train_time:4499.678s step_avg:1924.58ms
step:2339/3250 train_time:4501.505s step_avg:1924.54ms
step:2340/3250 train_time:4503.330s step_avg:1924.50ms
step:2341/3250 train_time:4505.156s step_avg:1924.46ms
step:2342/3250 train_time:4506.983s step_avg:1924.42ms
step:2343/3250 train_time:4508.809s step_avg:1924.37ms
step:2344/3250 train_time:4510.634s step_avg:1924.33ms
step:2345/3250 train_time:4512.460s step_avg:1924.29ms
step:2346/3250 train_time:4514.286s step_avg:1924.25ms
step:2347/3250 train_time:4516.114s step_avg:1924.21ms
step:2348/3250 train_time:4517.939s step_avg:1924.16ms
step:2349/3250 train_time:4519.765s step_avg:1924.12ms
step:2350/3250 train_time:4521.862s step_avg:1924.20ms
step:2351/3250 train_time:4523.687s step_avg:1924.15ms
step:2352/3250 train_time:4525.514s step_avg:1924.11ms
step:2353/3250 train_time:4528.174s step_avg:1924.43ms
step:2354/3250 train_time:4529.999s step_avg:1924.38ms
step:2355/3250 train_time:4531.825s step_avg:1924.34ms
step:2356/3250 train_time:4533.650s step_avg:1924.30ms
step:2357/3250 train_time:4535.476s step_avg:1924.26ms
step:2358/3250 train_time:4537.302s step_avg:1924.22ms
step:2359/3250 train_time:4539.128s step_avg:1924.17ms
step:2360/3250 train_time:4540.955s step_avg:1924.13ms
step:2361/3250 train_time:4542.780s step_avg:1924.09ms
step:2362/3250 train_time:4544.606s step_avg:1924.05ms
step:2363/3250 train_time:4546.432s step_avg:1924.01ms
step:2364/3250 train_time:4548.258s step_avg:1923.97ms
step:2365/3250 train_time:4550.083s step_avg:1923.93ms
step:2366/3250 train_time:4551.908s step_avg:1923.88ms
step:2367/3250 train_time:4553.734s step_avg:1923.84ms
step:2368/3250 train_time:4555.562s step_avg:1923.80ms
step:2369/3250 train_time:4558.222s step_avg:1924.11ms
step:2370/3250 train_time:4560.049s step_avg:1924.07ms
step:2371/3250 train_time:4561.874s step_avg:1924.03ms
step:2372/3250 train_time:4563.700s step_avg:1923.99ms
step:2373/3250 train_time:4565.527s step_avg:1923.95ms
step:2374/3250 train_time:4567.354s step_avg:1923.91ms
step:2375/3250 train_time:4569.517s step_avg:1924.01ms
step:2375/3250 val_loss:3.37356 train_time:4569.518s step_avg:1891.04ms
step:2376/3250 train_time:4571.345s step_avg:1923.97ms
step:2377/3250 train_time:4573.171s step_avg:1923.93ms
step:2378/3250 train_time:4574.998s step_avg:1923.88ms
step:2379/3250 train_time:4576.824s step_avg:1923.84ms
step:2380/3250 train_time:4578.650s step_avg:1923.80ms
step:2381/3250 train_time:4580.477s step_avg:1923.76ms
step:2382/3250 train_time:4582.303s step_avg:1923.72ms
step:2383/3250 train_time:4584.129s step_avg:1923.68ms
step:2384/3250 train_time:4585.956s step_avg:1923.64ms
step:2385/3250 train_time:4588.616s step_avg:1923.95ms
step:2386/3250 train_time:4590.442s step_avg:1923.91ms
step:2387/3250 train_time:4592.268s step_avg:1923.87ms
step:2388/3250 train_time:4594.095s step_avg:1923.83ms
step:2389/3250 train_time:4595.920s step_avg:1923.78ms
step:2390/3250 train_time:4597.746s step_avg:1923.74ms
step:2391/3250 train_time:4599.572s step_avg:1923.70ms
step:2392/3250 train_time:4601.398s step_avg:1923.66ms
step:2393/3250 train_time:4603.224s step_avg:1923.62ms
step:2394/3250 train_time:4605.050s step_avg:1923.58ms
step:2395/3250 train_time:4606.876s step_avg:1923.54ms
step:2396/3250 train_time:4608.703s step_avg:1923.50ms
step:2397/3250 train_time:4610.529s step_avg:1923.46ms
step:2398/3250 train_time:4612.355s step_avg:1923.42ms
step:2399/3250 train_time:4614.182s step_avg:1923.38ms
step:2400/3250 train_time:4616.280s step_avg:1923.45ms
step:2401/3250 train_time:4618.941s step_avg:1923.76ms
step:2402/3250 train_time:4620.766s step_avg:1923.72ms
step:2403/3250 train_time:4622.593s step_avg:1923.68ms
step:2404/3250 train_time:4624.420s step_avg:1923.64ms
step:2405/3250 train_time:4626.245s step_avg:1923.59ms
step:2406/3250 train_time:4628.071s step_avg:1923.55ms
step:2407/3250 train_time:4629.896s step_avg:1923.51ms
step:2408/3250 train_time:4631.723s step_avg:1923.47ms
step:2409/3250 train_time:4633.549s step_avg:1923.43ms
step:2410/3250 train_time:4635.376s step_avg:1923.39ms
step:2411/3250 train_time:4637.202s step_avg:1923.35ms
step:2412/3250 train_time:4639.028s step_avg:1923.31ms
step:2413/3250 train_time:4640.855s step_avg:1923.27ms
step:2414/3250 train_time:4642.680s step_avg:1923.23ms
step:2415/3250 train_time:4644.506s step_avg:1923.19ms
step:2416/3250 train_time:4646.332s step_avg:1923.15ms
step:2417/3250 train_time:4648.993s step_avg:1923.46ms
step:2418/3250 train_time:4650.819s step_avg:1923.42ms
step:2419/3250 train_time:4652.645s step_avg:1923.38ms
step:2420/3250 train_time:4654.471s step_avg:1923.34ms
step:2421/3250 train_time:4656.296s step_avg:1923.29ms
step:2422/3250 train_time:4658.122s step_avg:1923.25ms
step:2423/3250 train_time:4659.948s step_avg:1923.21ms
step:2424/3250 train_time:4661.774s step_avg:1923.17ms
step:2425/3250 train_time:4663.873s step_avg:1923.25ms
step:2426/3250 train_time:4665.698s step_avg:1923.21ms
step:2427/3250 train_time:4667.524s step_avg:1923.17ms
step:2428/3250 train_time:4669.349s step_avg:1923.13ms
step:2429/3250 train_time:4671.175s step_avg:1923.09ms
step:2430/3250 train_time:4673.001s step_avg:1923.05ms
step:2431/3250 train_time:4674.828s step_avg:1923.01ms
step:2432/3250 train_time:4676.653s step_avg:1922.97ms
step:2433/3250 train_time:4679.314s step_avg:1923.27ms
step:2434/3250 train_time:4681.138s step_avg:1923.23ms
step:2435/3250 train_time:4682.964s step_avg:1923.19ms
step:2436/3250 train_time:4684.790s step_avg:1923.15ms
step:2437/3250 train_time:4686.616s step_avg:1923.11ms
step:2438/3250 train_time:4688.442s step_avg:1923.07ms
step:2439/3250 train_time:4690.267s step_avg:1923.03ms
step:2440/3250 train_time:4692.093s step_avg:1922.99ms
step:2441/3250 train_time:4693.919s step_avg:1922.95ms
step:2442/3250 train_time:4695.745s step_avg:1922.91ms
step:2443/3250 train_time:4697.571s step_avg:1922.87ms
step:2444/3250 train_time:4699.397s step_avg:1922.83ms
step:2445/3250 train_time:4701.223s step_avg:1922.79ms
step:2446/3250 train_time:4703.048s step_avg:1922.75ms
step:2447/3250 train_time:4704.874s step_avg:1922.71ms
step:2448/3250 train_time:4706.700s step_avg:1922.67ms
step:2449/3250 train_time:4709.361s step_avg:1922.97ms
step:2450/3250 train_time:4711.459s step_avg:1923.04ms
step:2451/3250 train_time:4713.285s step_avg:1923.00ms
step:2452/3250 train_time:4715.111s step_avg:1922.97ms
step:2453/3250 train_time:4716.937s step_avg:1922.93ms
step:2454/3250 train_time:4718.762s step_avg:1922.89ms
step:2455/3250 train_time:4720.587s step_avg:1922.85ms
step:2456/3250 train_time:4722.412s step_avg:1922.81ms
step:2457/3250 train_time:4724.240s step_avg:1922.77ms
step:2458/3250 train_time:4726.066s step_avg:1922.73ms
step:2459/3250 train_time:4727.892s step_avg:1922.69ms
step:2460/3250 train_time:4729.717s step_avg:1922.65ms
step:2461/3250 train_time:4731.543s step_avg:1922.61ms
step:2462/3250 train_time:4733.389s step_avg:1922.58ms
step:2463/3250 train_time:4735.216s step_avg:1922.54ms
step:2464/3250 train_time:4737.042s step_avg:1922.50ms
step:2465/3250 train_time:4739.703s step_avg:1922.80ms
step:2466/3250 train_time:4741.528s step_avg:1922.76ms
step:2467/3250 train_time:4743.354s step_avg:1922.72ms
step:2468/3250 train_time:4745.180s step_avg:1922.68ms
step:2469/3250 train_time:4747.005s step_avg:1922.64ms
step:2470/3250 train_time:4748.830s step_avg:1922.60ms
step:2471/3250 train_time:4750.695s step_avg:1922.58ms
step:2472/3250 train_time:4752.522s step_avg:1922.54ms
step:2473/3250 train_time:4754.350s step_avg:1922.50ms
step:2474/3250 train_time:4756.178s step_avg:1922.46ms
step:2475/3250 train_time:4758.287s step_avg:1922.54ms
step:2476/3250 train_time:4760.113s step_avg:1922.50ms
step:2477/3250 train_time:4761.940s step_avg:1922.46ms
step:2478/3250 train_time:4763.767s step_avg:1922.42ms
step:2479/3250 train_time:4765.595s step_avg:1922.39ms
step:2480/3250 train_time:4767.423s step_avg:1922.35ms
step:2481/3250 train_time:4770.084s step_avg:1922.65ms
step:2482/3250 train_time:4771.910s step_avg:1922.61ms
step:2483/3250 train_time:4773.737s step_avg:1922.57ms
step:2484/3250 train_time:4775.564s step_avg:1922.53ms
step:2485/3250 train_time:4777.390s step_avg:1922.49ms
step:2486/3250 train_time:4779.217s step_avg:1922.45ms
step:2487/3250 train_time:4781.045s step_avg:1922.41ms
step:2488/3250 train_time:4782.871s step_avg:1922.38ms
step:2489/3250 train_time:4784.697s step_avg:1922.34ms
step:2490/3250 train_time:4786.525s step_avg:1922.30ms
step:2491/3250 train_time:4788.353s step_avg:1922.26ms
step:2492/3250 train_time:4790.180s step_avg:1922.22ms
step:2493/3250 train_time:4792.006s step_avg:1922.18ms
step:2494/3250 train_time:4793.834s step_avg:1922.15ms
step:2495/3250 train_time:4795.662s step_avg:1922.11ms
step:2496/3250 train_time:4797.489s step_avg:1922.07ms
step:2497/3250 train_time:4800.149s step_avg:1922.37ms
step:2498/3250 train_time:4801.977s step_avg:1922.33ms
step:2499/3250 train_time:4803.805s step_avg:1922.29ms
step:2500/3250 train_time:4805.970s step_avg:1922.39ms
step:2500/3250 val_loss:3.35452 train_time:4805.971s step_avg:1891.63ms
step:2501/3250 train_time:4807.799s step_avg:1922.35ms
step:2502/3250 train_time:4809.626s step_avg:1922.31ms
step:2503/3250 train_time:4811.476s step_avg:1922.28ms
step:2504/3250 train_time:4813.303s step_avg:1922.25ms
step:2505/3250 train_time:4815.131s step_avg:1922.21ms
step:2506/3250 train_time:4816.958s step_avg:1922.17ms
step:2507/3250 train_time:4818.785s step_avg:1922.13ms
step:2508/3250 train_time:4820.613s step_avg:1922.09ms
step:2509/3250 train_time:4822.441s step_avg:1922.06ms
step:2510/3250 train_time:4824.269s step_avg:1922.02ms
step:2511/3250 train_time:4826.096s step_avg:1921.98ms
step:2512/3250 train_time:4827.923s step_avg:1921.94ms
step:2513/3250 train_time:4830.584s step_avg:1922.24ms
step:2514/3250 train_time:4832.410s step_avg:1922.20ms
step:2515/3250 train_time:4834.236s step_avg:1922.16ms
step:2516/3250 train_time:4836.064s step_avg:1922.12ms
step:2517/3250 train_time:4837.891s step_avg:1922.09ms
step:2518/3250 train_time:4839.717s step_avg:1922.05ms
step:2519/3250 train_time:4841.545s step_avg:1922.01ms
step:2520/3250 train_time:4843.372s step_avg:1921.97ms
step:2521/3250 train_time:4845.199s step_avg:1921.94ms
step:2522/3250 train_time:4847.025s step_avg:1921.90ms
step:2523/3250 train_time:4848.852s step_avg:1921.86ms
step:2524/3250 train_time:4850.679s step_avg:1921.82ms
step:2525/3250 train_time:4852.778s step_avg:1921.89ms
step:2526/3250 train_time:4854.604s step_avg:1921.85ms
step:2527/3250 train_time:4856.430s step_avg:1921.82ms
step:2528/3250 train_time:4858.256s step_avg:1921.78ms
step:2529/3250 train_time:4860.917s step_avg:1922.07ms
step:2530/3250 train_time:4862.744s step_avg:1922.03ms
step:2531/3250 train_time:4864.570s step_avg:1922.00ms
step:2532/3250 train_time:4866.398s step_avg:1921.96ms
step:2533/3250 train_time:4868.225s step_avg:1921.92ms
step:2534/3250 train_time:4870.051s step_avg:1921.88ms
step:2535/3250 train_time:4871.879s step_avg:1921.85ms
step:2536/3250 train_time:4873.705s step_avg:1921.81ms
step:2537/3250 train_time:4875.532s step_avg:1921.77ms
step:2538/3250 train_time:4877.360s step_avg:1921.73ms
step:2539/3250 train_time:4879.186s step_avg:1921.70ms
step:2540/3250 train_time:4881.014s step_avg:1921.66ms
step:2541/3250 train_time:4882.842s step_avg:1921.62ms
step:2542/3250 train_time:4884.668s step_avg:1921.58ms
step:2543/3250 train_time:4886.495s step_avg:1921.55ms
step:2544/3250 train_time:4888.324s step_avg:1921.51ms
step:2545/3250 train_time:4890.984s step_avg:1921.80ms
step:2546/3250 train_time:4892.810s step_avg:1921.76ms
step:2547/3250 train_time:4894.637s step_avg:1921.73ms
step:2548/3250 train_time:4896.463s step_avg:1921.69ms
step:2549/3250 train_time:4898.289s step_avg:1921.65ms
step:2550/3250 train_time:4900.387s step_avg:1921.72ms
step:2551/3250 train_time:4902.213s step_avg:1921.68ms
step:2552/3250 train_time:4904.039s step_avg:1921.65ms
step:2553/3250 train_time:4905.865s step_avg:1921.61ms
step:2554/3250 train_time:4907.692s step_avg:1921.57ms
step:2555/3250 train_time:4909.519s step_avg:1921.53ms
step:2556/3250 train_time:4911.348s step_avg:1921.50ms
step:2557/3250 train_time:4913.175s step_avg:1921.46ms
step:2558/3250 train_time:4915.002s step_avg:1921.42ms
step:2559/3250 train_time:4916.828s step_avg:1921.39ms
step:2560/3250 train_time:4918.654s step_avg:1921.35ms
step:2561/3250 train_time:4921.315s step_avg:1921.64ms
step:2562/3250 train_time:4923.140s step_avg:1921.60ms
step:2563/3250 train_time:4924.966s step_avg:1921.56ms
step:2564/3250 train_time:4926.792s step_avg:1921.53ms
step:2565/3250 train_time:4928.618s step_avg:1921.49ms
step:2566/3250 train_time:4930.443s step_avg:1921.45ms
step:2567/3250 train_time:4932.270s step_avg:1921.41ms
step:2568/3250 train_time:4934.096s step_avg:1921.38ms
step:2569/3250 train_time:4935.922s step_avg:1921.34ms
step:2570/3250 train_time:4937.748s step_avg:1921.30ms
step:2571/3250 train_time:4939.574s step_avg:1921.27ms
step:2572/3250 train_time:4941.401s step_avg:1921.23ms
step:2573/3250 train_time:4943.228s step_avg:1921.19ms
step:2574/3250 train_time:4945.054s step_avg:1921.16ms
step:2575/3250 train_time:4947.153s step_avg:1921.22ms
step:2576/3250 train_time:4948.979s step_avg:1921.19ms
step:2577/3250 train_time:4951.638s step_avg:1921.47ms
step:2578/3250 train_time:4953.464s step_avg:1921.44ms
step:2579/3250 train_time:4955.289s step_avg:1921.40ms
step:2580/3250 train_time:4957.115s step_avg:1921.36ms
step:2581/3250 train_time:4958.940s step_avg:1921.33ms
step:2582/3250 train_time:4960.766s step_avg:1921.29ms
step:2583/3250 train_time:4962.593s step_avg:1921.25ms
step:2584/3250 train_time:4964.418s step_avg:1921.21ms
step:2585/3250 train_time:4966.245s step_avg:1921.18ms
step:2586/3250 train_time:4968.071s step_avg:1921.14ms
step:2587/3250 train_time:4969.897s step_avg:1921.10ms
step:2588/3250 train_time:4971.723s step_avg:1921.07ms
step:2589/3250 train_time:4973.549s step_avg:1921.03ms
step:2590/3250 train_time:4975.375s step_avg:1920.99ms
step:2591/3250 train_time:4977.201s step_avg:1920.96ms
step:2592/3250 train_time:4979.026s step_avg:1920.92ms
step:2593/3250 train_time:4981.686s step_avg:1921.21ms
step:2594/3250 train_time:4983.512s step_avg:1921.17ms
step:2595/3250 train_time:4985.337s step_avg:1921.13ms
step:2596/3250 train_time:4987.163s step_avg:1921.10ms
step:2597/3250 train_time:4988.989s step_avg:1921.06ms
step:2598/3250 train_time:4990.815s step_avg:1921.02ms
step:2599/3250 train_time:4992.641s step_avg:1920.99ms
step:2600/3250 train_time:4994.739s step_avg:1921.05ms
step:2601/3250 train_time:4996.565s step_avg:1921.02ms
step:2602/3250 train_time:4998.391s step_avg:1920.98ms
step:2603/3250 train_time:5000.217s step_avg:1920.94ms
step:2604/3250 train_time:5002.044s step_avg:1920.91ms
step:2605/3250 train_time:5003.870s step_avg:1920.87ms
step:2606/3250 train_time:5005.696s step_avg:1920.84ms
step:2607/3250 train_time:5007.522s step_avg:1920.80ms
step:2608/3250 train_time:5009.348s step_avg:1920.76ms
step:2609/3250 train_time:5012.008s step_avg:1921.05ms
step:2610/3250 train_time:5013.834s step_avg:1921.01ms
step:2611/3250 train_time:5015.660s step_avg:1920.97ms
step:2612/3250 train_time:5017.485s step_avg:1920.94ms
step:2613/3250 train_time:5019.312s step_avg:1920.90ms
step:2614/3250 train_time:5021.137s step_avg:1920.86ms
step:2615/3250 train_time:5022.964s step_avg:1920.83ms
step:2616/3250 train_time:5024.790s step_avg:1920.79ms
step:2617/3250 train_time:5026.617s step_avg:1920.76ms
step:2618/3250 train_time:5028.444s step_avg:1920.72ms
step:2619/3250 train_time:5030.271s step_avg:1920.68ms
step:2620/3250 train_time:5032.097s step_avg:1920.65ms
step:2621/3250 train_time:5033.924s step_avg:1920.61ms
step:2622/3250 train_time:5035.750s step_avg:1920.58ms
step:2623/3250 train_time:5037.577s step_avg:1920.54ms
step:2624/3250 train_time:5039.402s step_avg:1920.50ms
step:2625/3250 train_time:5042.399s step_avg:1920.91ms
step:2625/3250 val_loss:3.33495 train_time:5042.399s step_avg:1891.43ms
step:2626/3250 train_time:5044.226s step_avg:1920.88ms
step:2627/3250 train_time:5046.053s step_avg:1920.84ms
step:2628/3250 train_time:5047.880s step_avg:1920.81ms
step:2629/3250 train_time:5049.708s step_avg:1920.77ms
step:2630/3250 train_time:5051.534s step_avg:1920.74ms
step:2631/3250 train_time:5053.361s step_avg:1920.70ms
step:2632/3250 train_time:5055.187s step_avg:1920.66ms
step:2633/3250 train_time:5057.014s step_avg:1920.63ms
step:2634/3250 train_time:5058.841s step_avg:1920.59ms
step:2635/3250 train_time:5060.668s step_avg:1920.56ms
step:2636/3250 train_time:5062.494s step_avg:1920.52ms
step:2637/3250 train_time:5064.320s step_avg:1920.49ms
step:2638/3250 train_time:5066.147s step_avg:1920.45ms
step:2639/3250 train_time:5067.974s step_avg:1920.41ms
step:2640/3250 train_time:5069.802s step_avg:1920.38ms
step:2641/3250 train_time:5072.463s step_avg:1920.66ms
step:2642/3250 train_time:5074.288s step_avg:1920.62ms
step:2643/3250 train_time:5076.114s step_avg:1920.59ms
step:2644/3250 train_time:5077.942s step_avg:1920.55ms
step:2645/3250 train_time:5079.769s step_avg:1920.52ms
step:2646/3250 train_time:5081.595s step_avg:1920.48ms
step:2647/3250 train_time:5083.421s step_avg:1920.45ms
step:2648/3250 train_time:5085.247s step_avg:1920.41ms
step:2649/3250 train_time:5087.074s step_avg:1920.38ms
step:2650/3250 train_time:5089.172s step_avg:1920.44ms
step:2651/3250 train_time:5090.999s step_avg:1920.41ms
step:2652/3250 train_time:5092.825s step_avg:1920.37ms
step:2653/3250 train_time:5094.651s step_avg:1920.34ms
step:2654/3250 train_time:5096.478s step_avg:1920.30ms
step:2655/3250 train_time:5098.305s step_avg:1920.27ms
step:2656/3250 train_time:5100.132s step_avg:1920.23ms
step:2657/3250 train_time:5102.793s step_avg:1920.51ms
step:2658/3250 train_time:5104.619s step_avg:1920.47ms
step:2659/3250 train_time:5106.445s step_avg:1920.44ms
step:2660/3250 train_time:5108.270s step_avg:1920.40ms
step:2661/3250 train_time:5110.131s step_avg:1920.38ms
step:2662/3250 train_time:5111.957s step_avg:1920.34ms
step:2663/3250 train_time:5113.783s step_avg:1920.31ms
step:2664/3250 train_time:5115.610s step_avg:1920.27ms
step:2665/3250 train_time:5117.437s step_avg:1920.24ms
step:2666/3250 train_time:5119.264s step_avg:1920.20ms
step:2667/3250 train_time:5121.092s step_avg:1920.17ms
step:2668/3250 train_time:5122.920s step_avg:1920.13ms
step:2669/3250 train_time:5124.746s step_avg:1920.10ms
step:2670/3250 train_time:5126.572s step_avg:1920.06ms
step:2671/3250 train_time:5128.397s step_avg:1920.03ms
step:2672/3250 train_time:5130.224s step_avg:1919.99ms
step:2673/3250 train_time:5132.885s step_avg:1920.27ms
step:2674/3250 train_time:5134.712s step_avg:1920.24ms
step:2675/3250 train_time:5136.810s step_avg:1920.30ms
step:2676/3250 train_time:5138.637s step_avg:1920.27ms
step:2677/3250 train_time:5140.463s step_avg:1920.23ms
step:2678/3250 train_time:5142.289s step_avg:1920.20ms
step:2679/3250 train_time:5144.116s step_avg:1920.16ms
step:2680/3250 train_time:5145.942s step_avg:1920.13ms
step:2681/3250 train_time:5147.768s step_avg:1920.09ms
step:2682/3250 train_time:5149.596s step_avg:1920.06ms
step:2683/3250 train_time:5151.422s step_avg:1920.02ms
step:2684/3250 train_time:5153.249s step_avg:1919.99ms
step:2685/3250 train_time:5155.075s step_avg:1919.95ms
step:2686/3250 train_time:5156.901s step_avg:1919.92ms
step:2687/3250 train_time:5158.728s step_avg:1919.88ms
step:2688/3250 train_time:5160.555s step_avg:1919.85ms
step:2689/3250 train_time:5163.215s step_avg:1920.12ms
step:2690/3250 train_time:5165.041s step_avg:1920.09ms
step:2691/3250 train_time:5166.867s step_avg:1920.05ms
step:2692/3250 train_time:5168.695s step_avg:1920.02ms
step:2693/3250 train_time:5170.522s step_avg:1919.99ms
step:2694/3250 train_time:5172.347s step_avg:1919.95ms
step:2695/3250 train_time:5174.174s step_avg:1919.92ms
step:2696/3250 train_time:5176.001s step_avg:1919.88ms
step:2697/3250 train_time:5177.827s step_avg:1919.85ms
step:2698/3250 train_time:5179.652s step_avg:1919.81ms
step:2699/3250 train_time:5181.479s step_avg:1919.78ms
step:2700/3250 train_time:5183.577s step_avg:1919.84ms
step:2701/3250 train_time:5185.403s step_avg:1919.81ms
step:2702/3250 train_time:5187.230s step_avg:1919.77ms
step:2703/3250 train_time:5189.056s step_avg:1919.74ms
step:2704/3250 train_time:5190.883s step_avg:1919.71ms
step:2705/3250 train_time:5193.544s step_avg:1919.98ms
step:2706/3250 train_time:5195.368s step_avg:1919.94ms
step:2707/3250 train_time:5197.194s step_avg:1919.91ms
step:2708/3250 train_time:5199.021s step_avg:1919.87ms
step:2709/3250 train_time:5200.847s step_avg:1919.84ms
step:2710/3250 train_time:5202.672s step_avg:1919.81ms
step:2711/3250 train_time:5204.498s step_avg:1919.77ms
step:2712/3250 train_time:5206.324s step_avg:1919.74ms
step:2713/3250 train_time:5208.150s step_avg:1919.70ms
step:2714/3250 train_time:5209.976s step_avg:1919.67ms
step:2715/3250 train_time:5211.802s step_avg:1919.63ms
step:2716/3250 train_time:5213.628s step_avg:1919.60ms
step:2717/3250 train_time:5215.454s step_avg:1919.56ms
step:2718/3250 train_time:5217.280s step_avg:1919.53ms
step:2719/3250 train_time:5219.106s step_avg:1919.49ms
step:2720/3250 train_time:5220.934s step_avg:1919.46ms
step:2721/3250 train_time:5223.595s step_avg:1919.73ms
step:2722/3250 train_time:5225.420s step_avg:1919.70ms
step:2723/3250 train_time:5227.247s step_avg:1919.66ms
step:2724/3250 train_time:5229.074s step_avg:1919.63ms
step:2725/3250 train_time:5231.174s step_avg:1919.70ms
step:2726/3250 train_time:5233.000s step_avg:1919.66ms
step:2727/3250 train_time:5234.826s step_avg:1919.63ms
step:2728/3250 train_time:5236.653s step_avg:1919.59ms
step:2729/3250 train_time:5238.481s step_avg:1919.56ms
step:2730/3250 train_time:5240.308s step_avg:1919.53ms
step:2731/3250 train_time:5242.135s step_avg:1919.49ms
step:2732/3250 train_time:5243.962s step_avg:1919.46ms
step:2733/3250 train_time:5245.788s step_avg:1919.42ms
step:2734/3250 train_time:5247.616s step_avg:1919.39ms
step:2735/3250 train_time:5249.443s step_avg:1919.36ms
step:2736/3250 train_time:5251.270s step_avg:1919.32ms
step:2737/3250 train_time:5253.931s step_avg:1919.59ms
step:2738/3250 train_time:5255.758s step_avg:1919.56ms
step:2739/3250 train_time:5257.584s step_avg:1919.53ms
step:2740/3250 train_time:5259.412s step_avg:1919.49ms
step:2741/3250 train_time:5261.238s step_avg:1919.46ms
step:2742/3250 train_time:5263.065s step_avg:1919.43ms
step:2743/3250 train_time:5264.892s step_avg:1919.39ms
step:2744/3250 train_time:5266.719s step_avg:1919.36ms
step:2745/3250 train_time:5268.546s step_avg:1919.32ms
step:2746/3250 train_time:5270.372s step_avg:1919.29ms
step:2747/3250 train_time:5272.199s step_avg:1919.26ms
step:2748/3250 train_time:5274.030s step_avg:1919.22ms
step:2749/3250 train_time:5275.857s step_avg:1919.19ms
step:2750/3250 train_time:5278.023s step_avg:1919.28ms
step:2750/3250 val_loss:3.31661 train_time:5278.023s step_avg:1884.99ms
step:2751/3250 train_time:5279.851s step_avg:1919.25ms
step:2752/3250 train_time:5281.679s step_avg:1919.21ms
step:2753/3250 train_time:5284.341s step_avg:1919.48ms
step:2754/3250 train_time:5286.168s step_avg:1919.45ms
step:2755/3250 train_time:5287.997s step_avg:1919.42ms
step:2756/3250 train_time:5289.826s step_avg:1919.39ms
step:2757/3250 train_time:5291.653s step_avg:1919.35ms
step:2758/3250 train_time:5293.481s step_avg:1919.32ms
step:2759/3250 train_time:5295.309s step_avg:1919.29ms
step:2760/3250 train_time:5297.137s step_avg:1919.25ms
step:2761/3250 train_time:5298.965s step_avg:1919.22ms
step:2762/3250 train_time:5300.793s step_avg:1919.19ms
step:2763/3250 train_time:5302.621s step_avg:1919.15ms
step:2764/3250 train_time:5304.449s step_avg:1919.12ms
step:2765/3250 train_time:5306.277s step_avg:1919.09ms
step:2766/3250 train_time:5308.106s step_avg:1919.05ms
step:2767/3250 train_time:5309.934s step_avg:1919.02ms
step:2768/3250 train_time:5311.761s step_avg:1918.99ms
step:2769/3250 train_time:5314.422s step_avg:1919.26ms
step:2770/3250 train_time:5316.250s step_avg:1919.22ms
step:2771/3250 train_time:5318.077s step_avg:1919.19ms
step:2772/3250 train_time:5319.904s step_avg:1919.16ms
step:2773/3250 train_time:5321.732s step_avg:1919.12ms
step:2774/3250 train_time:5323.560s step_avg:1919.09ms
step:2775/3250 train_time:5325.659s step_avg:1919.16ms
step:2776/3250 train_time:5327.486s step_avg:1919.12ms
step:2777/3250 train_time:5329.314s step_avg:1919.09ms
step:2778/3250 train_time:5331.141s step_avg:1919.06ms
step:2779/3250 train_time:5332.969s step_avg:1919.02ms
step:2780/3250 train_time:5334.797s step_avg:1918.99ms
step:2781/3250 train_time:5336.625s step_avg:1918.96ms
step:2782/3250 train_time:5338.454s step_avg:1918.93ms
step:2783/3250 train_time:5340.282s step_avg:1918.89ms
step:2784/3250 train_time:5342.111s step_avg:1918.86ms
step:2785/3250 train_time:5344.773s step_avg:1919.13ms
step:2786/3250 train_time:5346.601s step_avg:1919.10ms
step:2787/3250 train_time:5348.428s step_avg:1919.06ms
step:2788/3250 train_time:5350.255s step_avg:1919.03ms
step:2789/3250 train_time:5352.083s step_avg:1919.00ms
step:2790/3250 train_time:5353.911s step_avg:1918.96ms
step:2791/3250 train_time:5355.740s step_avg:1918.93ms
step:2792/3250 train_time:5357.568s step_avg:1918.90ms
step:2793/3250 train_time:5359.397s step_avg:1918.87ms
step:2794/3250 train_time:5361.225s step_avg:1918.83ms
step:2795/3250 train_time:5363.052s step_avg:1918.80ms
step:2796/3250 train_time:5364.880s step_avg:1918.77ms
step:2797/3250 train_time:5366.709s step_avg:1918.74ms
step:2798/3250 train_time:5368.537s step_avg:1918.71ms
step:2799/3250 train_time:5370.365s step_avg:1918.67ms
step:2800/3250 train_time:5372.468s step_avg:1918.74ms
step:2801/3250 train_time:5375.129s step_avg:1919.00ms
step:2802/3250 train_time:5376.955s step_avg:1918.97ms
step:2803/3250 train_time:5378.782s step_avg:1918.94ms
step:2804/3250 train_time:5380.610s step_avg:1918.91ms
step:2805/3250 train_time:5382.438s step_avg:1918.87ms
step:2806/3250 train_time:5384.266s step_avg:1918.84ms
step:2807/3250 train_time:5386.093s step_avg:1918.81ms
step:2808/3250 train_time:5387.920s step_avg:1918.78ms
step:2809/3250 train_time:5389.748s step_avg:1918.74ms
step:2810/3250 train_time:5391.575s step_avg:1918.71ms
step:2811/3250 train_time:5393.402s step_avg:1918.68ms
step:2812/3250 train_time:5395.231s step_avg:1918.65ms
step:2813/3250 train_time:5397.060s step_avg:1918.61ms
step:2814/3250 train_time:5398.889s step_avg:1918.58ms
step:2815/3250 train_time:5400.716s step_avg:1918.55ms
step:2816/3250 train_time:5402.545s step_avg:1918.52ms
step:2817/3250 train_time:5405.206s step_avg:1918.78ms
step:2818/3250 train_time:5407.034s step_avg:1918.75ms
step:2819/3250 train_time:5408.863s step_avg:1918.72ms
step:2820/3250 train_time:5410.690s step_avg:1918.68ms
step:2821/3250 train_time:5412.518s step_avg:1918.65ms
step:2822/3250 train_time:5414.345s step_avg:1918.62ms
step:2823/3250 train_time:5416.172s step_avg:1918.59ms
step:2824/3250 train_time:5418.004s step_avg:1918.56ms
step:2825/3250 train_time:5420.106s step_avg:1918.62ms
step:2826/3250 train_time:5421.932s step_avg:1918.59ms
step:2827/3250 train_time:5423.760s step_avg:1918.56ms
step:2828/3250 train_time:5425.587s step_avg:1918.52ms
step:2829/3250 train_time:5427.415s step_avg:1918.49ms
step:2830/3250 train_time:5429.242s step_avg:1918.46ms
step:2831/3250 train_time:5431.070s step_avg:1918.43ms
step:2832/3250 train_time:5432.898s step_avg:1918.40ms
step:2833/3250 train_time:5435.560s step_avg:1918.66ms
step:2834/3250 train_time:5437.388s step_avg:1918.63ms
step:2835/3250 train_time:5439.216s step_avg:1918.59ms
step:2836/3250 train_time:5441.044s step_avg:1918.56ms
step:2837/3250 train_time:5442.871s step_avg:1918.53ms
step:2838/3250 train_time:5444.699s step_avg:1918.50ms
step:2839/3250 train_time:5446.527s step_avg:1918.47ms
step:2840/3250 train_time:5448.355s step_avg:1918.43ms
step:2841/3250 train_time:5450.183s step_avg:1918.40ms
step:2842/3250 train_time:5452.011s step_avg:1918.37ms
step:2843/3250 train_time:5453.839s step_avg:1918.34ms
step:2844/3250 train_time:5455.668s step_avg:1918.31ms
step:2845/3250 train_time:5457.497s step_avg:1918.28ms
step:2846/3250 train_time:5459.325s step_avg:1918.25ms
step:2847/3250 train_time:5461.154s step_avg:1918.21ms
step:2848/3250 train_time:5462.981s step_avg:1918.18ms
step:2849/3250 train_time:5465.643s step_avg:1918.44ms
step:2850/3250 train_time:5467.747s step_avg:1918.51ms
step:2851/3250 train_time:5469.615s step_avg:1918.49ms
step:2852/3250 train_time:5471.443s step_avg:1918.46ms
step:2853/3250 train_time:5473.271s step_avg:1918.43ms
step:2854/3250 train_time:5475.099s step_avg:1918.39ms
step:2855/3250 train_time:5476.926s step_avg:1918.36ms
step:2856/3250 train_time:5478.757s step_avg:1918.33ms
step:2857/3250 train_time:5480.584s step_avg:1918.30ms
step:2858/3250 train_time:5482.412s step_avg:1918.27ms
step:2859/3250 train_time:5484.239s step_avg:1918.24ms
step:2860/3250 train_time:5486.067s step_avg:1918.21ms
step:2861/3250 train_time:5487.895s step_avg:1918.17ms
step:2862/3250 train_time:5489.722s step_avg:1918.14ms
step:2863/3250 train_time:5491.549s step_avg:1918.11ms
step:2864/3250 train_time:5493.377s step_avg:1918.08ms
step:2865/3250 train_time:5496.038s step_avg:1918.34ms
step:2866/3250 train_time:5497.867s step_avg:1918.31ms
step:2867/3250 train_time:5499.695s step_avg:1918.28ms
step:2868/3250 train_time:5501.523s step_avg:1918.24ms
step:2869/3250 train_time:5503.350s step_avg:1918.21ms
step:2870/3250 train_time:5505.177s step_avg:1918.18ms
step:2871/3250 train_time:5507.006s step_avg:1918.15ms
step:2872/3250 train_time:5508.835s step_avg:1918.12ms
step:2873/3250 train_time:5510.663s step_avg:1918.09ms
step:2874/3250 train_time:5512.492s step_avg:1918.06ms
step:2875/3250 train_time:5514.660s step_avg:1918.14ms
step:2875/3250 val_loss:3.29962 train_time:5514.661s step_avg:1893.10ms
step:2876/3250 train_time:5516.490s step_avg:1918.11ms
step:2877/3250 train_time:5518.318s step_avg:1918.08ms
step:2878/3250 train_time:5520.146s step_avg:1918.05ms
step:2879/3250 train_time:5521.974s step_avg:1918.02ms
step:2880/3250 train_time:5523.802s step_avg:1917.99ms
step:2881/3250 train_time:5526.463s step_avg:1918.24ms
step:2882/3250 train_time:5528.293s step_avg:1918.21ms
step:2883/3250 train_time:5530.120s step_avg:1918.18ms
step:2884/3250 train_time:5531.948s step_avg:1918.15ms
step:2885/3250 train_time:5533.776s step_avg:1918.12ms
step:2886/3250 train_time:5535.605s step_avg:1918.09ms
step:2887/3250 train_time:5537.432s step_avg:1918.06ms
step:2888/3250 train_time:5539.259s step_avg:1918.03ms
step:2889/3250 train_time:5541.087s step_avg:1917.99ms
step:2890/3250 train_time:5542.916s step_avg:1917.96ms
step:2891/3250 train_time:5544.743s step_avg:1917.93ms
step:2892/3250 train_time:5546.571s step_avg:1917.90ms
step:2893/3250 train_time:5548.398s step_avg:1917.87ms
step:2894/3250 train_time:5550.226s step_avg:1917.84ms
step:2895/3250 train_time:5552.054s step_avg:1917.81ms
step:2896/3250 train_time:5553.880s step_avg:1917.78ms
step:2897/3250 train_time:5556.542s step_avg:1918.03ms
step:2898/3250 train_time:5558.369s step_avg:1918.00ms
step:2899/3250 train_time:5560.195s step_avg:1917.97ms
step:2900/3250 train_time:5562.299s step_avg:1918.03ms
step:2901/3250 train_time:5564.126s step_avg:1918.00ms
step:2902/3250 train_time:5565.955s step_avg:1917.97ms
step:2903/3250 train_time:5567.782s step_avg:1917.94ms
step:2904/3250 train_time:5569.609s step_avg:1917.91ms
step:2905/3250 train_time:5571.437s step_avg:1917.88ms
step:2906/3250 train_time:5573.265s step_avg:1917.85ms
step:2907/3250 train_time:5575.091s step_avg:1917.82ms
step:2908/3250 train_time:5576.920s step_avg:1917.79ms
step:2909/3250 train_time:5578.748s step_avg:1917.75ms
step:2910/3250 train_time:5580.576s step_avg:1917.72ms
step:2911/3250 train_time:5582.404s step_avg:1917.69ms
step:2912/3250 train_time:5584.233s step_avg:1917.66ms
step:2913/3250 train_time:5586.895s step_avg:1917.92ms
step:2914/3250 train_time:5588.722s step_avg:1917.89ms
step:2915/3250 train_time:5590.549s step_avg:1917.86ms
step:2916/3250 train_time:5592.377s step_avg:1917.82ms
step:2917/3250 train_time:5594.203s step_avg:1917.79ms
step:2918/3250 train_time:5596.030s step_avg:1917.76ms
step:2919/3250 train_time:5597.857s step_avg:1917.73ms
step:2920/3250 train_time:5599.684s step_avg:1917.70ms
step:2921/3250 train_time:5601.512s step_avg:1917.67ms
step:2922/3250 train_time:5603.339s step_avg:1917.64ms
step:2923/3250 train_time:5605.166s step_avg:1917.61ms
step:2924/3250 train_time:5606.996s step_avg:1917.58ms
step:2925/3250 train_time:5609.100s step_avg:1917.64ms
step:2925/3250 val_loss:3.29255 train_time:5609.100s step_avg:1888.79ms
step:2926/3250 train_time:5610.929s step_avg:1917.61ms
step:2927/3250 train_time:5612.756s step_avg:1917.58ms
step:2928/3250 train_time:5614.584s step_avg:1917.55ms
step:2929/3250 train_time:5617.246s step_avg:1917.80ms
step:2930/3250 train_time:5619.075s step_avg:1917.77ms
step:2931/3250 train_time:5620.903s step_avg:1917.74ms
step:2932/3250 train_time:5622.730s step_avg:1917.71ms
step:2933/3250 train_time:5624.558s step_avg:1917.68ms
step:2934/3250 train_time:5626.387s step_avg:1917.65ms
step:2935/3250 train_time:5628.215s step_avg:1917.62ms
step:2936/3250 train_time:5630.043s step_avg:1917.59ms
step:2937/3250 train_time:5631.873s step_avg:1917.56ms
step:2938/3250 train_time:5633.700s step_avg:1917.53ms
step:2939/3250 train_time:5635.529s step_avg:1917.50ms
step:2940/3250 train_time:5637.357s step_avg:1917.47ms
step:2941/3250 train_time:5639.185s step_avg:1917.44ms
step:2942/3250 train_time:5641.014s step_avg:1917.41ms
step:2943/3250 train_time:5642.842s step_avg:1917.38ms
step:2944/3250 train_time:5644.669s step_avg:1917.35ms
step:2945/3250 train_time:5647.331s step_avg:1917.60ms
step:2946/3250 train_time:5649.158s step_avg:1917.57ms
step:2947/3250 train_time:5650.985s step_avg:1917.54ms
step:2948/3250 train_time:5652.812s step_avg:1917.51ms
step:2949/3250 train_time:5654.640s step_avg:1917.48ms
step:2950/3250 train_time:5656.741s step_avg:1917.54ms
step:2950/3250 val_loss:3.28941 train_time:5656.741s step_avg:1905.64ms
step:2951/3250 train_time:5658.570s step_avg:1917.51ms
step:2952/3250 train_time:5660.398s step_avg:1917.48ms
step:2953/3250 train_time:5662.227s step_avg:1917.45ms
step:2954/3250 train_time:5664.055s step_avg:1917.42ms
step:2955/3250 train_time:5665.883s step_avg:1917.39ms
step:2956/3250 train_time:5667.712s step_avg:1917.36ms
step:2957/3250 train_time:5669.540s step_avg:1917.33ms
step:2958/3250 train_time:5671.368s step_avg:1917.30ms
step:2959/3250 train_time:5673.197s step_avg:1917.27ms
step:2960/3250 train_time:5675.025s step_avg:1917.24ms
step:2961/3250 train_time:5677.687s step_avg:1917.49ms
step:2962/3250 train_time:5679.516s step_avg:1917.46ms
step:2963/3250 train_time:5681.343s step_avg:1917.43ms
step:2964/3250 train_time:5683.172s step_avg:1917.40ms
step:2965/3250 train_time:5685.001s step_avg:1917.37ms
step:2966/3250 train_time:5686.831s step_avg:1917.34ms
step:2967/3250 train_time:5688.658s step_avg:1917.31ms
step:2968/3250 train_time:5690.486s step_avg:1917.28ms
step:2969/3250 train_time:5692.316s step_avg:1917.25ms
step:2970/3250 train_time:5694.145s step_avg:1917.22ms
step:2971/3250 train_time:5695.974s step_avg:1917.19ms
step:2972/3250 train_time:5697.802s step_avg:1917.16ms
step:2973/3250 train_time:5699.630s step_avg:1917.13ms
step:2974/3250 train_time:5701.458s step_avg:1917.10ms
step:2975/3250 train_time:5703.560s step_avg:1917.16ms
step:2975/3250 val_loss:3.28635 train_time:5703.561s step_avg:1872.78ms
step:2976/3250 train_time:5705.391s step_avg:1917.13ms
step:2977/3250 train_time:5708.054s step_avg:1917.38ms
step:2978/3250 train_time:5709.883s step_avg:1917.35ms
step:2979/3250 train_time:5711.712s step_avg:1917.33ms
step:2980/3250 train_time:5713.540s step_avg:1917.30ms
step:2981/3250 train_time:5715.368s step_avg:1917.27ms
step:2982/3250 train_time:5717.196s step_avg:1917.24ms
step:2983/3250 train_time:5719.024s step_avg:1917.21ms
step:2984/3250 train_time:5720.852s step_avg:1917.18ms
step:2985/3250 train_time:5722.680s step_avg:1917.15ms
step:2986/3250 train_time:5724.508s step_avg:1917.12ms
step:2987/3250 train_time:5726.336s step_avg:1917.09ms
step:2988/3250 train_time:5728.164s step_avg:1917.06ms
step:2989/3250 train_time:5729.992s step_avg:1917.03ms
step:2990/3250 train_time:5731.822s step_avg:1917.00ms
step:2991/3250 train_time:5733.651s step_avg:1916.97ms
step:2992/3250 train_time:5735.480s step_avg:1916.94ms
step:2993/3250 train_time:5738.141s step_avg:1917.19ms
step:2994/3250 train_time:5739.969s step_avg:1917.16ms
step:2995/3250 train_time:5741.798s step_avg:1917.13ms
step:2996/3250 train_time:5743.627s step_avg:1917.10ms
step:2997/3250 train_time:5745.454s step_avg:1917.07ms
step:2998/3250 train_time:5747.281s step_avg:1917.04ms
step:2999/3250 train_time:5749.109s step_avg:1917.01ms
step:3000/3250 train_time:5751.275s step_avg:1917.09ms
step:3000/3250 val_loss:3.28340 train_time:5751.275s step_avg:1908.57ms
step:3001/3250 train_time:5753.104s step_avg:1917.06ms
step:3002/3250 train_time:5754.934s step_avg:1917.03ms
step:3003/3250 train_time:5756.761s step_avg:1917.00ms
step:3004/3250 train_time:5758.589s step_avg:1916.97ms
step:3005/3250 train_time:5760.418s step_avg:1916.94ms
step:3006/3250 train_time:5762.247s step_avg:1916.92ms
step:3007/3250 train_time:5764.075s step_avg:1916.89ms
step:3008/3250 train_time:5765.903s step_avg:1916.86ms
step:3009/3250 train_time:5768.565s step_avg:1917.10ms
step:3010/3250 train_time:5770.393s step_avg:1917.07ms
step:3011/3250 train_time:5772.220s step_avg:1917.04ms
step:3012/3250 train_time:5774.048s step_avg:1917.01ms
step:3013/3250 train_time:5775.876s step_avg:1916.99ms
step:3014/3250 train_time:5777.704s step_avg:1916.96ms
step:3015/3250 train_time:5779.534s step_avg:1916.93ms
step:3016/3250 train_time:5781.363s step_avg:1916.90ms
step:3017/3250 train_time:5783.191s step_avg:1916.87ms
step:3018/3250 train_time:5785.019s step_avg:1916.84ms
step:3019/3250 train_time:5786.848s step_avg:1916.81ms
step:3020/3250 train_time:5788.678s step_avg:1916.78ms
step:3021/3250 train_time:5790.508s step_avg:1916.75ms
step:3022/3250 train_time:5792.337s step_avg:1916.72ms
step:3023/3250 train_time:5794.166s step_avg:1916.69ms
step:3024/3250 train_time:5795.995s step_avg:1916.66ms
step:3025/3250 train_time:5798.932s step_avg:1917.00ms
step:3025/3250 val_loss:3.27982 train_time:5798.933s step_avg:1906.30ms
step:3026/3250 train_time:5800.762s step_avg:1916.97ms
step:3027/3250 train_time:5802.591s step_avg:1916.94ms
step:3028/3250 train_time:5804.419s step_avg:1916.92ms
step:3029/3250 train_time:5806.249s step_avg:1916.89ms
step:3030/3250 train_time:5808.078s step_avg:1916.86ms
step:3031/3250 train_time:5809.905s step_avg:1916.83ms
step:3032/3250 train_time:5811.733s step_avg:1916.80ms
step:3033/3250 train_time:5813.561s step_avg:1916.77ms
step:3034/3250 train_time:5815.388s step_avg:1916.74ms
step:3035/3250 train_time:5817.216s step_avg:1916.71ms
step:3036/3250 train_time:5819.047s step_avg:1916.68ms
step:3037/3250 train_time:5820.876s step_avg:1916.65ms
step:3038/3250 train_time:5822.704s step_avg:1916.62ms
step:3039/3250 train_time:5824.531s step_avg:1916.59ms
step:3040/3250 train_time:5826.359s step_avg:1916.57ms
step:3041/3250 train_time:5829.057s step_avg:1916.82ms
step:3042/3250 train_time:5830.885s step_avg:1916.79ms
step:3043/3250 train_time:5832.712s step_avg:1916.76ms
step:3044/3250 train_time:5834.540s step_avg:1916.73ms
step:3045/3250 train_time:5836.370s step_avg:1916.71ms
step:3046/3250 train_time:5838.198s step_avg:1916.68ms
step:3047/3250 train_time:5840.026s step_avg:1916.65ms
step:3048/3250 train_time:5841.853s step_avg:1916.62ms
step:3049/3250 train_time:5843.680s step_avg:1916.59ms
step:3050/3250 train_time:5845.783s step_avg:1916.65ms
step:3050/3250 val_loss:3.27711 train_time:5845.783s step_avg:1874.03ms
step:3051/3250 train_time:5847.612s step_avg:1916.62ms
step:3052/3250 train_time:5849.440s step_avg:1916.59ms
step:3053/3250 train_time:5851.267s step_avg:1916.56ms
step:3054/3250 train_time:5853.095s step_avg:1916.53ms
step:3055/3250 train_time:5854.923s step_avg:1916.51ms
step:3056/3250 train_time:5856.754s step_avg:1916.48ms
step:3057/3250 train_time:5859.416s step_avg:1916.72ms
step:3058/3250 train_time:5861.243s step_avg:1916.69ms
step:3059/3250 train_time:5863.071s step_avg:1916.66ms
step:3060/3250 train_time:5864.899s step_avg:1916.63ms
step:3061/3250 train_time:5866.727s step_avg:1916.60ms
step:3062/3250 train_time:5868.554s step_avg:1916.58ms
step:3063/3250 train_time:5870.382s step_avg:1916.55ms
step:3064/3250 train_time:5872.209s step_avg:1916.52ms
step:3065/3250 train_time:5874.038s step_avg:1916.49ms
step:3066/3250 train_time:5875.866s step_avg:1916.46ms
step:3067/3250 train_time:5877.694s step_avg:1916.43ms
step:3068/3250 train_time:5879.521s step_avg:1916.40ms
step:3069/3250 train_time:5881.349s step_avg:1916.37ms
step:3070/3250 train_time:5883.178s step_avg:1916.34ms
step:3071/3250 train_time:5885.005s step_avg:1916.32ms
step:3072/3250 train_time:5886.834s step_avg:1916.29ms
step:3073/3250 train_time:5889.495s step_avg:1916.53ms
step:3074/3250 train_time:5891.324s step_avg:1916.50ms
step:3075/3250 train_time:5893.429s step_avg:1916.56ms
step:3075/3250 val_loss:3.27444 train_time:5893.430s step_avg:1905.86ms
step:3076/3250 train_time:5895.259s step_avg:1916.53ms
step:3077/3250 train_time:5897.088s step_avg:1916.51ms
step:3078/3250 train_time:5898.915s step_avg:1916.48ms
step:3079/3250 train_time:5900.744s step_avg:1916.45ms
step:3080/3250 train_time:5902.572s step_avg:1916.42ms
step:3081/3250 train_time:5904.401s step_avg:1916.39ms
step:3082/3250 train_time:5906.229s step_avg:1916.36ms
step:3083/3250 train_time:5908.057s step_avg:1916.33ms
step:3084/3250 train_time:5909.886s step_avg:1916.31ms
step:3085/3250 train_time:5911.714s step_avg:1916.28ms
step:3086/3250 train_time:5913.542s step_avg:1916.25ms
step:3087/3250 train_time:5915.370s step_avg:1916.22ms
step:3088/3250 train_time:5917.197s step_avg:1916.19ms
step:3089/3250 train_time:5919.859s step_avg:1916.43ms
step:3090/3250 train_time:5921.685s step_avg:1916.40ms
step:3091/3250 train_time:5923.513s step_avg:1916.37ms
step:3092/3250 train_time:5925.342s step_avg:1916.35ms
step:3093/3250 train_time:5927.169s step_avg:1916.32ms
step:3094/3250 train_time:5928.996s step_avg:1916.29ms
step:3095/3250 train_time:5930.823s step_avg:1916.26ms
step:3096/3250 train_time:5932.651s step_avg:1916.23ms
step:3097/3250 train_time:5934.478s step_avg:1916.20ms
step:3098/3250 train_time:5936.307s step_avg:1916.17ms
step:3099/3250 train_time:5938.136s step_avg:1916.15ms
step:3100/3250 train_time:5940.244s step_avg:1916.21ms
step:3100/3250 val_loss:3.27182 train_time:5940.244s step_avg:1872.58ms
step:3101/3250 train_time:5942.074s step_avg:1916.18ms
step:3102/3250 train_time:5943.904s step_avg:1916.15ms
step:3103/3250 train_time:5945.732s step_avg:1916.12ms
step:3104/3250 train_time:5947.559s step_avg:1916.10ms
step:3105/3250 train_time:5950.221s step_avg:1916.34ms
step:3106/3250 train_time:5952.049s step_avg:1916.31ms
step:3107/3250 train_time:5953.876s step_avg:1916.28ms
step:3108/3250 train_time:5955.704s step_avg:1916.25ms
step:3109/3250 train_time:5957.532s step_avg:1916.22ms
step:3110/3250 train_time:5959.359s step_avg:1916.19ms
step:3111/3250 train_time:5961.185s step_avg:1916.16ms
step:3112/3250 train_time:5963.014s step_avg:1916.14ms
step:3113/3250 train_time:5964.841s step_avg:1916.11ms
step:3114/3250 train_time:5966.668s step_avg:1916.08ms
step:3115/3250 train_time:5968.495s step_avg:1916.05ms
step:3116/3250 train_time:5970.324s step_avg:1916.02ms
step:3117/3250 train_time:5972.151s step_avg:1915.99ms
step:3118/3250 train_time:5973.980s step_avg:1915.97ms
step:3119/3250 train_time:5975.807s step_avg:1915.94ms
step:3120/3250 train_time:5977.636s step_avg:1915.91ms
step:3121/3250 train_time:5980.297s step_avg:1916.15ms
step:3122/3250 train_time:5982.124s step_avg:1916.12ms
step:3123/3250 train_time:5983.952s step_avg:1916.09ms
step:3124/3250 train_time:5985.779s step_avg:1916.06ms
step:3125/3250 train_time:5987.945s step_avg:1916.14ms
step:3125/3250 val_loss:3.26953 train_time:5987.945s step_avg:1908.03ms
step:3126/3250 train_time:5989.773s step_avg:1916.11ms
step:3127/3250 train_time:5991.601s step_avg:1916.09ms
step:3128/3250 train_time:5993.429s step_avg:1916.06ms
step:3129/3250 train_time:5995.256s step_avg:1916.03ms
step:3130/3250 train_time:5997.083s step_avg:1916.00ms
step:3131/3250 train_time:5998.910s step_avg:1915.97ms
step:3132/3250 train_time:6000.740s step_avg:1915.94ms
step:3133/3250 train_time:6002.567s step_avg:1915.92ms
step:3134/3250 train_time:6004.394s step_avg:1915.89ms
step:3135/3250 train_time:6006.220s step_avg:1915.86ms
step:3136/3250 train_time:6008.048s step_avg:1915.83ms
step:3137/3250 train_time:6010.710s step_avg:1916.07ms
step:3138/3250 train_time:6012.538s step_avg:1916.04ms
step:3139/3250 train_time:6014.364s step_avg:1916.01ms
step:3140/3250 train_time:6016.191s step_avg:1915.98ms
step:3141/3250 train_time:6018.017s step_avg:1915.96ms
step:3142/3250 train_time:6019.844s step_avg:1915.93ms
step:3143/3250 train_time:6021.672s step_avg:1915.90ms
step:3144/3250 train_time:6023.499s step_avg:1915.87ms
step:3145/3250 train_time:6025.326s step_avg:1915.84ms
step:3146/3250 train_time:6027.153s step_avg:1915.81ms
step:3147/3250 train_time:6028.981s step_avg:1915.79ms
step:3148/3250 train_time:6030.809s step_avg:1915.76ms
step:3149/3250 train_time:6032.636s step_avg:1915.73ms
step:3150/3250 train_time:6034.734s step_avg:1915.79ms
step:3150/3250 val_loss:3.26713 train_time:6034.734s step_avg:1871.57ms
step:3151/3250 train_time:6036.563s step_avg:1915.76ms
step:3152/3250 train_time:6038.391s step_avg:1915.73ms
step:3153/3250 train_time:6041.052s step_avg:1915.97ms
step:3154/3250 train_time:6042.879s step_avg:1915.94ms
step:3155/3250 train_time:6044.706s step_avg:1915.91ms
step:3156/3250 train_time:6046.533s step_avg:1915.89ms
step:3157/3250 train_time:6048.362s step_avg:1915.86ms
step:3158/3250 train_time:6050.191s step_avg:1915.83ms
step:3159/3250 train_time:6052.018s step_avg:1915.80ms
step:3160/3250 train_time:6053.847s step_avg:1915.77ms
step:3161/3250 train_time:6055.675s step_avg:1915.75ms
step:3162/3250 train_time:6057.504s step_avg:1915.72ms
step:3163/3250 train_time:6059.332s step_avg:1915.69ms
step:3164/3250 train_time:6061.160s step_avg:1915.66ms
step:3165/3250 train_time:6062.988s step_avg:1915.64ms
step:3166/3250 train_time:6064.816s step_avg:1915.61ms
step:3167/3250 train_time:6066.644s step_avg:1915.58ms
step:3168/3250 train_time:6068.476s step_avg:1915.55ms
step:3169/3250 train_time:6071.137s step_avg:1915.79ms
step:3170/3250 train_time:6072.965s step_avg:1915.76ms
step:3171/3250 train_time:6074.793s step_avg:1915.73ms
step:3172/3250 train_time:6076.620s step_avg:1915.71ms
step:3173/3250 train_time:6078.450s step_avg:1915.68ms
step:3174/3250 train_time:6080.279s step_avg:1915.65ms
step:3175/3250 train_time:6082.385s step_avg:1915.71ms
step:3175/3250 val_loss:3.26524 train_time:6082.386s step_avg:1906.06ms
step:3176/3250 train_time:6084.215s step_avg:1915.68ms
step:3177/3250 train_time:6086.043s step_avg:1915.66ms
step:3178/3250 train_time:6087.872s step_avg:1915.63ms
step:3179/3250 train_time:6089.701s step_avg:1915.60ms
step:3180/3250 train_time:6091.529s step_avg:1915.58ms
step:3181/3250 train_time:6093.358s step_avg:1915.55ms
step:3182/3250 train_time:6095.186s step_avg:1915.52ms
step:3183/3250 train_time:6097.038s step_avg:1915.50ms
step:3184/3250 train_time:6098.869s step_avg:1915.47ms
step:3185/3250 train_time:6101.530s step_avg:1915.71ms
step:3186/3250 train_time:6103.357s step_avg:1915.68ms
step:3187/3250 train_time:6105.184s step_avg:1915.65ms
step:3188/3250 train_time:6107.012s step_avg:1915.62ms
step:3189/3250 train_time:6108.839s step_avg:1915.60ms
step:3190/3250 train_time:6110.667s step_avg:1915.57ms
step:3191/3250 train_time:6112.494s step_avg:1915.54ms
step:3192/3250 train_time:6114.323s step_avg:1915.51ms
step:3193/3250 train_time:6116.151s step_avg:1915.49ms
step:3194/3250 train_time:6117.980s step_avg:1915.46ms
step:3195/3250 train_time:6119.809s step_avg:1915.43ms
step:3196/3250 train_time:6121.638s step_avg:1915.41ms
step:3197/3250 train_time:6123.466s step_avg:1915.38ms
step:3198/3250 train_time:6125.293s step_avg:1915.35ms
step:3199/3250 train_time:6127.123s step_avg:1915.32ms
step:3200/3250 train_time:6129.225s step_avg:1915.38ms
step:3200/3250 val_loss:3.26355 train_time:6129.226s step_avg:1873.60ms
step:3201/3250 train_time:6131.888s step_avg:1915.62ms
step:3202/3250 train_time:6133.716s step_avg:1915.59ms
step:3203/3250 train_time:6135.544s step_avg:1915.56ms
step:3204/3250 train_time:6137.371s step_avg:1915.53ms
step:3205/3250 train_time:6139.199s step_avg:1915.51ms
step:3206/3250 train_time:6141.026s step_avg:1915.48ms
step:3207/3250 train_time:6142.854s step_avg:1915.45ms
step:3208/3250 train_time:6144.682s step_avg:1915.42ms
step:3209/3250 train_time:6146.511s step_avg:1915.40ms
step:3210/3250 train_time:6148.339s step_avg:1915.37ms
step:3211/3250 train_time:6150.167s step_avg:1915.34ms
step:3212/3250 train_time:6151.995s step_avg:1915.32ms
step:3213/3250 train_time:6153.823s step_avg:1915.29ms
step:3214/3250 train_time:6155.651s step_avg:1915.26ms
step:3215/3250 train_time:6157.478s step_avg:1915.23ms
step:3216/3250 train_time:6159.305s step_avg:1915.21ms
step:3217/3250 train_time:6161.967s step_avg:1915.44ms
step:3218/3250 train_time:6163.795s step_avg:1915.41ms
step:3219/3250 train_time:6165.623s step_avg:1915.38ms
step:3220/3250 train_time:6167.451s step_avg:1915.36ms
step:3221/3250 train_time:6169.278s step_avg:1915.33ms
step:3222/3250 train_time:6171.105s step_avg:1915.30ms
step:3223/3250 train_time:6172.932s step_avg:1915.28ms
step:3224/3250 train_time:6174.761s step_avg:1915.25ms
step:3225/3250 train_time:6176.861s step_avg:1915.31ms
step:3225/3250 val_loss:3.26230 train_time:6176.862s step_avg:1905.43ms
step:3226/3250 train_time:6178.690s step_avg:1915.28ms
step:3227/3250 train_time:6180.519s step_avg:1915.25ms
step:3228/3250 train_time:6182.346s step_avg:1915.23ms
step:3229/3250 train_time:6184.175s step_avg:1915.20ms
step:3230/3250 train_time:6186.002s step_avg:1915.17ms
step:3231/3250 train_time:6187.866s step_avg:1915.16ms
step:3232/3250 train_time:6189.695s step_avg:1915.13ms
step:3233/3250 train_time:6192.357s step_avg:1915.36ms
step:3234/3250 train_time:6194.185s step_avg:1915.33ms
step:3235/3250 train_time:6196.012s step_avg:1915.31ms
step:3236/3250 train_time:6197.840s step_avg:1915.28ms
step:3237/3250 train_time:6199.668s step_avg:1915.25ms
step:3238/3250 train_time:6201.495s step_avg:1915.22ms
step:3239/3250 train_time:6203.321s step_avg:1915.20ms
step:3240/3250 train_time:6205.149s step_avg:1915.17ms
step:3241/3250 train_time:6206.977s step_avg:1915.14ms
step:3242/3250 train_time:6208.804s step_avg:1915.12ms
step:3243/3250 train_time:6210.631s step_avg:1915.09ms
step:3244/3250 train_time:6212.459s step_avg:1915.06ms
step:3245/3250 train_time:6214.288s step_avg:1915.03ms
step:3246/3250 train_time:6216.115s step_avg:1915.01ms
step:3247/3250 train_time:6217.944s step_avg:1914.98ms
step:3248/3250 train_time:6219.772s step_avg:1914.95ms
step:3249/3250 train_time:6222.433s step_avg:1915.18ms
step:3250/3250 train_time:6224.598s step_avg:1915.26ms
step:3250/3250 val_loss:3.26182 train_time:6224.599s step_avg:1909.49ms
trial:0 best_val_loss:3.26182 best_val_step:3250 first_step_to_target:3025
wandb: updating run metadata
wandb: uploading output.log; uploading wandb-summary.json
wandb: 
wandb: Run history:
wandb:        speedrun/final_best_val_loss ▁
wandb:        speedrun/final_best_val_step ▁
wandb: speedrun/final_first_step_to_target ▁
wandb:       speedrun/final_reached_target ▁
wandb:       speedrun/first_step_to_target ▁▁▁▁▁▁▁▁▁▁▁▁▁▁▁▁▁▁▁▁▁▁▁▁▁▁▁▁██████████
wandb:             speedrun/reached_target ▁▁▁▁▁▁▁▁▁▁▁▁▁▁▁▁▁▁▁▁▁▁▁▁▁▁▁▁██████████
wandb:            speedrun/target_val_loss ▁▁▁▁▁▁▁▁▁▁▁▁▁▁▁▁▁▁▁▁▁▁▁▁▁▁▁▁▁▁▁▁▁▁▁▁▁▁▁▁
wandb:                speedrun/train_steps ▁▁▁▁▁▁▁▁▁▁▁▁▁▁▁▁▁▁▁▁▁▁▁▁▁▁▁▁▁▁▁▁▁▁▁▁▁▁▁▁
wandb:                    time/step_avg_ms  █▁▁▁▁▁▁▁▁▁▁▁▁▁▁▁▁▁▁▁▁▁▁▁▁▁▁▁▁▁▁▁▁▁▁▁▁
wandb:                  time/train_seconds ▁▁▂▂▂▂▃▃▃▃▄▄▄▅▅▅▅▆▆▆▆▇▇▇▇▇▇▇██████████
wandb:                              +4,448 ...
wandb: 
wandb: Run summary:
wandb:        speedrun/final_best_val_loss 3.26182
wandb:        speedrun/final_best_val_step 3250
wandb: speedrun/final_first_step_to_target 3025
wandb:       speedrun/final_reached_target 1
wandb:       speedrun/first_step_to_target 3025
wandb:             speedrun/reached_target 1
wandb:            speedrun/target_val_loss 3.28
wandb:                speedrun/train_steps 3250
wandb:                    time/step_avg_ms 1909.48934
wandb:                  time/train_seconds 6224.59883
wandb:                              +4,448 ...
wandb: 
wandb: 🚀 View run g1r5-alphonse/adabelief-C-confirm-n4-seed2 at: https://wandb.ai/wandb-applied-ai-team/modded-nanogpt-senpai/runs/n22ouzkk
wandb: ⭐️ View project at: https://wandb.ai/wandb-applied-ai-team/modded-nanogpt-senpai
wandb: Synced 6 W&B file(s), 0 media file(s), 0 artifact file(s) and 0 other file(s)
wandb: Find logs at: ./wandb/run-20260525_164054-n22ouzkk/logs
