logs/d98389a3-3c14-49dd-a804-10ee45e14f6d.txt
GRAD_CLIP: max_norm=0.0 (DISABLED)
GRAD_CLIP_PER_GROUP: body=10.0 aux=5.0 (ACTIVE (per-group L2))
EMBED_COOLDOWN_SHAPE: linear_floor (applies to adam_embed only; lm_head/scalars use linear)
ADAMW_BETA2: 0.99 (effective memory ~99 steps)
ADAMW_LR_MULT: embed=1.5 lm_head=1.0 scalar=1.0
  Effective base LRs: embed=0.4500 lm_head=0.003125 scalar=0.0100
MUON_LR_MULT: attn=0.800 mlp=1.200
  Effective Muon base LRs: attn=0.02800 mlp=0.04200
EMBED_INIT_ANCHOR_LAMBDA: 0.001 (ACTIVE)
NEWTON_MUON: use_precond=True lr_scale=1.0 update_period=2 beta=0.95 eps=0.0001 max_d_in=4096 tikhonov_gamma=0.005 r_warmstart=True r_warmstart_k=100
NS_SCHEDULE: ns_iters=12 -> ns_iters_cooldown=16 at fraction 0.7 of train_steps (shape=step)
NS_COEF_SCHEDULE: linear_ramp_down
  ns_iters=12: c=[0.7,0.662,0.624,0.585,0.547,0.509,0.471,0.433,0.395,0.356,0.318,0.28] avg_c=0.4900
  ns_iters=16: c=[0.7,0.672,0.644,0.616,0.588,0.56,0.532,0.504,0.476,0.448,0.42,0.392,0.364,0.336,0.308,0.28] avg_c=0.4900
NEWTON_MUON: hooks registered for 72 parameter modules (skipped 0 d_in>4096)
wandb: [wandb.login()] Loaded credentials for https://api.wandb.ai from WANDB_API_KEY.
wandb: W&B API key is configured. Use `wandb login --relogin` to force relogin
wandb: Tracking run with wandb version 0.26.1
wandb: Run data is saved locally in /workspace/senpai/target/wandb/run-20260531_154923-3622x91d
wandb: Run `wandb offline` to turn off syncing.
wandb: Syncing run g1r4-tanjiro/ns-shape-step-s0
wandb: ⭐️ View project at https://wandb.ai/wandb-applied-ai-team/modded-nanogpt-senpai
wandb: 🚀 View run at https://wandb.ai/wandb-applied-ai-team/modded-nanogpt-senpai/runs/3622x91d
EMBED_INIT_ANCHOR: lambda=0.001 snapshot_norm=6208.0000 snapshot_mean_abs=0.7969 snapshot_shape=(50304, 768)
MUON_PARAM_COUNTS: attn=48 mlp=24 (expected 48 attn / 24 mlp for 12-layer block stack)
step:0/3350 val_loss:10.82583 train_time:0.000s step_avg:nanms
step:1/3350 train_time:5.103s step_avg:5103.44ms
step:2/3350 train_time:6.869s step_avg:3434.63ms
step:3/3350 train_time:8.699s step_avg:2899.71ms
step:4/3350 train_time:10.528s step_avg:2632.08ms
step:5/3350 train_time:12.358s step_avg:2471.69ms
step:6/3350 train_time:14.190s step_avg:2365.05ms
step:7/3350 train_time:16.020s step_avg:2288.62ms
step:8/3350 train_time:17.855s step_avg:2231.87ms
step:9/3350 train_time:19.688s step_avg:2187.57ms
step:10/3350 train_time:21.519s step_avg:2151.85ms
step:11/3350 train_time:23.351s step_avg:2122.86ms
step:12/3350 train_time:25.185s step_avg:2098.77ms
step:13/3350 train_time:27.019s step_avg:2078.37ms
step:14/3350 train_time:28.852s step_avg:2060.88ms
step:15/3350 train_time:30.686s step_avg:2045.74ms
step:16/3350 train_time:32.521s step_avg:2032.59ms
step:17/3350 train_time:34.355s step_avg:2020.91ms
step:18/3350 train_time:36.191s step_avg:2010.60ms
step:19/3350 train_time:38.027s step_avg:2001.44ms
step:20/3350 train_time:39.865s step_avg:1993.27ms
step:21/3350 train_time:41.705s step_avg:1985.95ms
step:22/3350 train_time:43.541s step_avg:1979.16ms
step:23/3350 train_time:45.375s step_avg:1972.83ms
step:24/3350 train_time:47.212s step_avg:1967.17ms
step:25/3350 train_time:49.328s step_avg:1973.14ms
step:26/3350 train_time:51.163s step_avg:1967.80ms
step:27/3350 train_time:52.998s step_avg:1962.89ms
step:28/3350 train_time:54.835s step_avg:1958.40ms
step:29/3350 train_time:56.671s step_avg:1954.18ms
step:30/3350 train_time:58.506s step_avg:1950.21ms
step:31/3350 train_time:60.342s step_avg:1946.51ms
step:32/3350 train_time:62.174s step_avg:1942.93ms
step:33/3350 train_time:64.010s step_avg:1939.70ms
step:34/3350 train_time:65.847s step_avg:1936.66ms
step:35/3350 train_time:67.687s step_avg:1933.90ms
step:36/3350 train_time:69.521s step_avg:1931.14ms
step:37/3350 train_time:71.356s step_avg:1928.54ms
step:38/3350 train_time:73.191s step_avg:1926.09ms
step:39/3350 train_time:75.025s step_avg:1923.72ms
step:40/3350 train_time:76.860s step_avg:1921.49ms
step:41/3350 train_time:78.697s step_avg:1919.43ms
step:42/3350 train_time:80.532s step_avg:1917.43ms
step:43/3350 train_time:82.368s step_avg:1915.54ms
step:44/3350 train_time:84.205s step_avg:1913.75ms
step:45/3350 train_time:86.040s step_avg:1911.99ms
step:46/3350 train_time:87.878s step_avg:1910.40ms
step:47/3350 train_time:89.711s step_avg:1908.75ms
step:48/3350 train_time:91.545s step_avg:1907.19ms
step:49/3350 train_time:93.378s step_avg:1905.67ms
step:50/3350 train_time:95.492s step_avg:1909.85ms
step:51/3350 train_time:97.325s step_avg:1908.33ms
step:52/3350 train_time:99.159s step_avg:1906.90ms
step:53/3350 train_time:100.992s step_avg:1905.52ms
step:54/3350 train_time:102.824s step_avg:1904.15ms
step:55/3350 train_time:104.660s step_avg:1902.90ms
step:56/3350 train_time:106.493s step_avg:1901.66ms
step:57/3350 train_time:108.327s step_avg:1900.48ms
step:58/3350 train_time:110.160s step_avg:1899.31ms
step:59/3350 train_time:111.994s step_avg:1898.20ms
step:60/3350 train_time:113.829s step_avg:1897.16ms
step:61/3350 train_time:115.664s step_avg:1896.13ms
step:62/3350 train_time:117.498s step_avg:1895.13ms
step:63/3350 train_time:119.333s step_avg:1894.17ms
step:64/3350 train_time:121.166s step_avg:1893.22ms
step:65/3350 train_time:123.000s step_avg:1892.31ms
step:66/3350 train_time:124.834s step_avg:1891.42ms
step:67/3350 train_time:126.663s step_avg:1890.50ms
step:68/3350 train_time:128.497s step_avg:1889.66ms
step:69/3350 train_time:130.330s step_avg:1888.85ms
step:70/3350 train_time:132.163s step_avg:1888.04ms
step:71/3350 train_time:133.994s step_avg:1887.24ms
step:72/3350 train_time:135.826s step_avg:1886.48ms
step:73/3350 train_time:137.662s step_avg:1885.78ms
step:74/3350 train_time:139.494s step_avg:1885.06ms
step:75/3350 train_time:141.604s step_avg:1888.05ms
step:76/3350 train_time:143.434s step_avg:1887.29ms
step:77/3350 train_time:145.268s step_avg:1886.60ms
step:78/3350 train_time:147.101s step_avg:1885.91ms
step:79/3350 train_time:148.935s step_avg:1885.25ms
step:80/3350 train_time:150.768s step_avg:1884.60ms
step:81/3350 train_time:152.599s step_avg:1883.94ms
step:82/3350 train_time:154.431s step_avg:1883.31ms
step:83/3350 train_time:156.265s step_avg:1882.71ms
step:84/3350 train_time:158.101s step_avg:1882.15ms
step:85/3350 train_time:159.933s step_avg:1881.56ms
step:86/3350 train_time:161.765s step_avg:1880.98ms
step:87/3350 train_time:163.598s step_avg:1880.43ms
step:88/3350 train_time:165.433s step_avg:1879.92ms
step:89/3350 train_time:167.266s step_avg:1879.40ms
step:90/3350 train_time:169.101s step_avg:1878.90ms
step:91/3350 train_time:170.934s step_avg:1878.39ms
step:92/3350 train_time:172.766s step_avg:1877.89ms
step:93/3350 train_time:174.600s step_avg:1877.42ms
step:94/3350 train_time:176.434s step_avg:1876.96ms
step:95/3350 train_time:178.267s step_avg:1876.50ms
step:96/3350 train_time:180.102s step_avg:1876.06ms
step:97/3350 train_time:181.933s step_avg:1875.60ms
step:98/3350 train_time:183.766s step_avg:1875.17ms
step:99/3350 train_time:185.598s step_avg:1874.72ms
step:100/3350 train_time:188.710s step_avg:1887.10ms
step:101/3350 train_time:191.787s step_avg:1898.88ms
step:102/3350 train_time:193.619s step_avg:1898.22ms
step:103/3350 train_time:196.709s step_avg:1909.79ms
step:104/3350 train_time:198.541s step_avg:1909.05ms
step:105/3350 train_time:201.636s step_avg:1920.35ms
step:106/3350 train_time:203.467s step_avg:1919.50ms
step:107/3350 train_time:206.567s step_avg:1930.53ms
step:108/3350 train_time:208.402s step_avg:1929.65ms
step:109/3350 train_time:211.505s step_avg:1940.41ms
step:110/3350 train_time:213.337s step_avg:1939.42ms
step:111/3350 train_time:216.438s step_avg:1949.89ms
step:112/3350 train_time:218.270s step_avg:1948.84ms
step:113/3350 train_time:221.376s step_avg:1959.08ms
step:114/3350 train_time:223.208s step_avg:1957.96ms
step:115/3350 train_time:226.314s step_avg:1967.95ms
step:116/3350 train_time:228.145s step_avg:1966.77ms
step:117/3350 train_time:231.257s step_avg:1976.55ms
step:118/3350 train_time:233.092s step_avg:1975.35ms
step:119/3350 train_time:236.198s step_avg:1984.86ms
step:120/3350 train_time:238.030s step_avg:1983.58ms
step:121/3350 train_time:241.138s step_avg:1992.88ms
step:122/3350 train_time:242.974s step_avg:1991.59ms
step:123/3350 train_time:246.083s step_avg:2000.67ms
step:124/3350 train_time:247.917s step_avg:1999.33ms
step:125/3350 train_time:251.391s step_avg:2011.13ms
step:125/3350 val_loss:4.60200 train_time:251.392s step_avg:2011.14ms
step:126/3350 train_time:253.227s step_avg:2009.74ms
step:127/3350 train_time:256.342s step_avg:2018.44ms
step:128/3350 train_time:258.179s step_avg:2017.02ms
step:129/3350 train_time:261.291s step_avg:2025.51ms
step:130/3350 train_time:263.126s step_avg:2024.04ms
step:131/3350 train_time:266.238s step_avg:2032.35ms
step:132/3350 train_time:268.074s step_avg:2030.86ms
step:133/3350 train_time:271.186s step_avg:2038.99ms
step:134/3350 train_time:273.020s step_avg:2037.46ms
step:135/3350 train_time:276.130s step_avg:2045.41ms
step:136/3350 train_time:277.966s step_avg:2043.87ms
step:137/3350 train_time:281.078s step_avg:2051.67ms
step:138/3350 train_time:282.916s step_avg:2050.11ms
step:139/3350 train_time:286.030s step_avg:2057.77ms
step:140/3350 train_time:287.864s step_avg:2056.17ms
step:141/3350 train_time:290.978s step_avg:2063.67ms
step:142/3350 train_time:292.813s step_avg:2062.06ms
step:143/3350 train_time:295.924s step_avg:2069.40ms
step:144/3350 train_time:297.756s step_avg:2067.75ms
step:145/3350 train_time:300.868s step_avg:2074.95ms
step:146/3350 train_time:302.699s step_avg:2073.28ms
step:147/3350 train_time:305.811s step_avg:2080.35ms
step:148/3350 train_time:307.643s step_avg:2078.67ms
step:149/3350 train_time:310.755s step_avg:2085.60ms
step:150/3350 train_time:312.882s step_avg:2085.88ms
step:151/3350 train_time:315.991s step_avg:2092.65ms
step:152/3350 train_time:317.829s step_avg:2090.98ms
step:153/3350 train_time:320.939s step_avg:2097.64ms
step:154/3350 train_time:322.772s step_avg:2095.92ms
step:155/3350 train_time:325.886s step_avg:2102.49ms
step:156/3350 train_time:327.720s step_avg:2100.77ms
step:157/3350 train_time:330.831s step_avg:2107.20ms
step:158/3350 train_time:332.665s step_avg:2105.47ms
step:159/3350 train_time:335.775s step_avg:2111.80ms
step:160/3350 train_time:337.609s step_avg:2110.05ms
step:161/3350 train_time:340.720s step_avg:2116.28ms
step:162/3350 train_time:342.554s step_avg:2114.53ms
step:163/3350 train_time:345.666s step_avg:2120.65ms
step:164/3350 train_time:347.500s step_avg:2118.90ms
step:165/3350 train_time:350.609s step_avg:2124.90ms
step:166/3350 train_time:352.439s step_avg:2123.13ms
step:167/3350 train_time:355.551s step_avg:2129.05ms
step:168/3350 train_time:357.386s step_avg:2127.30ms
step:169/3350 train_time:360.493s step_avg:2133.10ms
step:170/3350 train_time:362.325s step_avg:2131.32ms
step:171/3350 train_time:365.440s step_avg:2137.08ms
step:172/3350 train_time:367.278s step_avg:2135.33ms
step:173/3350 train_time:370.385s step_avg:2140.95ms
step:174/3350 train_time:372.217s step_avg:2139.18ms
step:175/3350 train_time:375.616s step_avg:2146.38ms
step:176/3350 train_time:377.450s step_avg:2144.60ms
step:177/3350 train_time:380.559s step_avg:2150.05ms
step:178/3350 train_time:382.392s step_avg:2148.27ms
step:179/3350 train_time:385.502s step_avg:2153.64ms
step:180/3350 train_time:387.337s step_avg:2151.87ms
step:181/3350 train_time:390.450s step_avg:2157.18ms
step:182/3350 train_time:392.282s step_avg:2155.40ms
step:183/3350 train_time:395.394s step_avg:2160.62ms
step:184/3350 train_time:397.233s step_avg:2158.87ms
step:185/3350 train_time:400.344s step_avg:2164.02ms
step:186/3350 train_time:402.178s step_avg:2162.25ms
step:187/3350 train_time:405.284s step_avg:2167.29ms
step:188/3350 train_time:407.117s step_avg:2165.51ms
step:189/3350 train_time:410.227s step_avg:2170.51ms
step:190/3350 train_time:412.060s step_avg:2168.74ms
step:191/3350 train_time:415.280s step_avg:2174.24ms
step:192/3350 train_time:417.112s step_avg:2172.46ms
step:193/3350 train_time:420.222s step_avg:2177.31ms
step:194/3350 train_time:422.054s step_avg:2175.54ms
step:195/3350 train_time:425.166s step_avg:2180.34ms
step:196/3350 train_time:426.999s step_avg:2178.57ms
step:197/3350 train_time:430.109s step_avg:2183.30ms
step:198/3350 train_time:431.945s step_avg:2181.54ms
step:199/3350 train_time:435.054s step_avg:2186.20ms
step:200/3350 train_time:437.193s step_avg:2185.96ms
step:201/3350 train_time:440.296s step_avg:2190.53ms
step:202/3350 train_time:442.129s step_avg:2188.76ms
step:203/3350 train_time:445.240s step_avg:2193.30ms
step:204/3350 train_time:447.076s step_avg:2191.55ms
step:205/3350 train_time:450.184s step_avg:2196.02ms
step:206/3350 train_time:452.016s step_avg:2194.25ms
step:207/3350 train_time:455.126s step_avg:2198.67ms
step:208/3350 train_time:456.960s step_avg:2196.92ms
step:209/3350 train_time:460.071s step_avg:2201.30ms
step:210/3350 train_time:461.906s step_avg:2199.55ms
step:211/3350 train_time:465.016s step_avg:2203.87ms
step:212/3350 train_time:466.849s step_avg:2202.12ms
step:213/3350 train_time:469.957s step_avg:2206.37ms
step:214/3350 train_time:471.790s step_avg:2204.63ms
step:215/3350 train_time:474.895s step_avg:2208.81ms
step:216/3350 train_time:476.729s step_avg:2207.08ms
step:217/3350 train_time:479.833s step_avg:2211.21ms
step:218/3350 train_time:481.667s step_avg:2209.48ms
step:219/3350 train_time:484.775s step_avg:2213.58ms
step:220/3350 train_time:486.610s step_avg:2211.87ms
step:221/3350 train_time:489.716s step_avg:2215.91ms
step:222/3350 train_time:491.554s step_avg:2214.21ms
step:223/3350 train_time:494.663s step_avg:2218.22ms
step:224/3350 train_time:496.494s step_avg:2216.49ms
step:225/3350 train_time:499.892s step_avg:2221.74ms
step:226/3350 train_time:501.726s step_avg:2220.03ms
step:227/3350 train_time:504.837s step_avg:2223.95ms
step:228/3350 train_time:506.670s step_avg:2222.24ms
step:229/3350 train_time:509.776s step_avg:2226.10ms
step:230/3350 train_time:511.610s step_avg:2224.39ms
step:231/3350 train_time:514.716s step_avg:2228.21ms
step:232/3350 train_time:516.551s step_avg:2226.51ms
step:233/3350 train_time:519.661s step_avg:2230.30ms
step:234/3350 train_time:521.493s step_avg:2228.60ms
step:235/3350 train_time:524.600s step_avg:2232.34ms
step:236/3350 train_time:526.434s step_avg:2230.65ms
step:237/3350 train_time:529.541s step_avg:2234.35ms
step:238/3350 train_time:531.375s step_avg:2232.67ms
step:239/3350 train_time:534.485s step_avg:2236.34ms
step:240/3350 train_time:536.319s step_avg:2234.66ms
step:241/3350 train_time:539.426s step_avg:2238.28ms
step:242/3350 train_time:541.259s step_avg:2236.61ms
step:243/3350 train_time:544.367s step_avg:2240.19ms
step:244/3350 train_time:546.208s step_avg:2238.56ms
step:245/3350 train_time:549.317s step_avg:2242.11ms
step:246/3350 train_time:551.147s step_avg:2240.44ms
step:247/3350 train_time:554.255s step_avg:2243.95ms
step:248/3350 train_time:556.090s step_avg:2242.30ms
step:249/3350 train_time:559.201s step_avg:2245.79ms
step:250/3350 train_time:561.392s step_avg:2245.57ms
step:250/3350 val_loss:4.06209 train_time:561.393s step_avg:2480.00ms
step:251/3350 train_time:564.498s step_avg:2249.00ms
step:252/3350 train_time:566.334s step_avg:2247.36ms
step:253/3350 train_time:569.444s step_avg:2250.77ms
step:254/3350 train_time:571.279s step_avg:2249.13ms
step:255/3350 train_time:574.390s step_avg:2252.51ms
step:256/3350 train_time:576.226s step_avg:2250.88ms
step:257/3350 train_time:579.334s step_avg:2254.22ms
step:258/3350 train_time:581.169s step_avg:2252.59ms
step:259/3350 train_time:584.275s step_avg:2255.89ms
step:260/3350 train_time:586.112s step_avg:2254.28ms
step:261/3350 train_time:589.219s step_avg:2257.55ms
step:262/3350 train_time:591.056s step_avg:2255.94ms
step:263/3350 train_time:594.160s step_avg:2259.16ms
step:264/3350 train_time:595.996s step_avg:2257.56ms
step:265/3350 train_time:599.104s step_avg:2260.77ms
step:266/3350 train_time:600.938s step_avg:2259.16ms
step:267/3350 train_time:604.047s step_avg:2262.35ms
step:268/3350 train_time:605.882s step_avg:2260.75ms
step:269/3350 train_time:608.987s step_avg:2263.89ms
step:270/3350 train_time:610.823s step_avg:2262.31ms
step:271/3350 train_time:613.931s step_avg:2265.43ms
step:272/3350 train_time:615.769s step_avg:2263.86ms
step:273/3350 train_time:618.879s step_avg:2266.96ms
step:274/3350 train_time:620.714s step_avg:2265.38ms
step:275/3350 train_time:624.111s step_avg:2269.50ms
step:276/3350 train_time:625.946s step_avg:2267.92ms
step:277/3350 train_time:629.054s step_avg:2270.95ms
step:278/3350 train_time:630.887s step_avg:2269.38ms
step:279/3350 train_time:633.996s step_avg:2272.39ms
step:280/3350 train_time:635.831s step_avg:2270.82ms
step:281/3350 train_time:638.939s step_avg:2273.81ms
step:282/3350 train_time:640.773s step_avg:2272.24ms
step:283/3350 train_time:643.884s step_avg:2275.21ms
step:284/3350 train_time:645.716s step_avg:2273.65ms
step:285/3350 train_time:648.824s step_avg:2276.57ms
step:286/3350 train_time:650.655s step_avg:2275.02ms
step:287/3350 train_time:653.762s step_avg:2277.92ms
step:288/3350 train_time:655.598s step_avg:2276.38ms
step:289/3350 train_time:658.704s step_avg:2279.25ms
step:290/3350 train_time:660.535s step_avg:2277.71ms
step:291/3350 train_time:663.644s step_avg:2280.56ms
step:292/3350 train_time:665.479s step_avg:2279.04ms
step:293/3350 train_time:668.580s step_avg:2281.84ms
step:294/3350 train_time:670.413s step_avg:2280.32ms
step:295/3350 train_time:673.520s step_avg:2283.12ms
step:296/3350 train_time:675.353s step_avg:2281.60ms
step:297/3350 train_time:678.461s step_avg:2284.38ms
step:298/3350 train_time:680.295s step_avg:2282.87ms
step:299/3350 train_time:683.403s step_avg:2285.63ms
step:300/3350 train_time:685.541s step_avg:2285.14ms
step:301/3350 train_time:688.644s step_avg:2287.85ms
step:302/3350 train_time:690.477s step_avg:2286.35ms
step:303/3350 train_time:693.583s step_avg:2289.05ms
step:304/3350 train_time:695.417s step_avg:2287.56ms
step:305/3350 train_time:698.525s step_avg:2290.25ms
step:306/3350 train_time:700.361s step_avg:2288.76ms
step:307/3350 train_time:703.473s step_avg:2291.44ms
step:308/3350 train_time:705.310s step_avg:2289.97ms
step:309/3350 train_time:708.423s step_avg:2292.63ms
step:310/3350 train_time:710.259s step_avg:2291.16ms
step:311/3350 train_time:713.370s step_avg:2293.79ms
step:312/3350 train_time:715.205s step_avg:2292.32ms
step:313/3350 train_time:718.314s step_avg:2294.93ms
step:314/3350 train_time:720.147s step_avg:2293.46ms
step:315/3350 train_time:723.262s step_avg:2296.07ms
step:316/3350 train_time:725.100s step_avg:2294.62ms
step:317/3350 train_time:728.210s step_avg:2297.19ms
step:318/3350 train_time:730.046s step_avg:2295.74ms
step:319/3350 train_time:733.157s step_avg:2298.30ms
step:320/3350 train_time:734.995s step_avg:2296.86ms
step:321/3350 train_time:738.103s step_avg:2299.39ms
step:322/3350 train_time:739.936s step_avg:2297.94ms
step:323/3350 train_time:743.047s step_avg:2300.46ms
step:324/3350 train_time:744.883s step_avg:2299.02ms
step:325/3350 train_time:748.285s step_avg:2302.41ms
step:326/3350 train_time:750.117s step_avg:2300.97ms
step:327/3350 train_time:753.228s step_avg:2303.45ms
step:328/3350 train_time:755.065s step_avg:2302.03ms
step:329/3350 train_time:758.170s step_avg:2304.47ms
step:330/3350 train_time:760.007s step_avg:2303.05ms
step:331/3350 train_time:763.115s step_avg:2305.48ms
step:332/3350 train_time:764.952s step_avg:2304.07ms
step:333/3350 train_time:768.058s step_avg:2306.48ms
step:334/3350 train_time:769.893s step_avg:2305.07ms
step:335/3350 train_time:773.002s step_avg:2307.47ms
step:336/3350 train_time:774.835s step_avg:2306.06ms
step:337/3350 train_time:777.943s step_avg:2308.44ms
step:338/3350 train_time:779.779s step_avg:2307.04ms
step:339/3350 train_time:782.884s step_avg:2309.39ms
step:340/3350 train_time:784.724s step_avg:2308.01ms
step:341/3350 train_time:787.827s step_avg:2310.34ms
step:342/3350 train_time:789.661s step_avg:2308.95ms
step:343/3350 train_time:792.771s step_avg:2311.29ms
step:344/3350 train_time:794.607s step_avg:2309.90ms
step:345/3350 train_time:797.712s step_avg:2312.21ms
step:346/3350 train_time:799.549s step_avg:2310.84ms
step:347/3350 train_time:802.655s step_avg:2313.13ms
step:348/3350 train_time:804.490s step_avg:2311.75ms
step:349/3350 train_time:807.597s step_avg:2314.03ms
step:350/3350 train_time:809.723s step_avg:2313.49ms
step:351/3350 train_time:812.822s step_avg:2315.73ms
step:352/3350 train_time:814.657s step_avg:2314.37ms
step:353/3350 train_time:817.765s step_avg:2316.61ms
step:354/3350 train_time:819.601s step_avg:2315.26ms
step:355/3350 train_time:822.709s step_avg:2317.49ms
step:356/3350 train_time:824.545s step_avg:2316.14ms
step:357/3350 train_time:827.653s step_avg:2318.36ms
step:358/3350 train_time:829.489s step_avg:2317.01ms
step:359/3350 train_time:832.595s step_avg:2319.21ms
step:360/3350 train_time:834.427s step_avg:2317.85ms
step:361/3350 train_time:837.532s step_avg:2320.03ms
step:362/3350 train_time:839.367s step_avg:2318.69ms
step:363/3350 train_time:842.478s step_avg:2320.88ms
step:364/3350 train_time:844.315s step_avg:2319.55ms
step:365/3350 train_time:847.419s step_avg:2321.70ms
step:366/3350 train_time:849.254s step_avg:2320.37ms
step:367/3350 train_time:852.362s step_avg:2322.51ms
step:368/3350 train_time:854.200s step_avg:2321.20ms
step:369/3350 train_time:857.305s step_avg:2323.32ms
step:370/3350 train_time:859.138s step_avg:2321.99ms
step:371/3350 train_time:862.250s step_avg:2324.12ms
step:372/3350 train_time:864.089s step_avg:2322.82ms
step:373/3350 train_time:867.194s step_avg:2324.92ms
step:374/3350 train_time:869.029s step_avg:2323.61ms
step:375/3350 train_time:872.497s step_avg:2326.66ms
step:375/3350 val_loss:3.88874 train_time:872.497s step_avg:2488.84ms
step:376/3350 train_time:874.335s step_avg:2325.36ms
step:377/3350 train_time:877.444s step_avg:2327.44ms
step:378/3350 train_time:879.283s step_avg:2326.15ms
step:379/3350 train_time:882.393s step_avg:2328.21ms
step:380/3350 train_time:884.228s step_avg:2326.92ms
step:381/3350 train_time:887.369s step_avg:2329.05ms
step:382/3350 train_time:889.205s step_avg:2327.76ms
step:383/3350 train_time:892.316s step_avg:2329.81ms
step:384/3350 train_time:894.154s step_avg:2328.52ms
step:385/3350 train_time:897.262s step_avg:2330.55ms
step:386/3350 train_time:899.100s step_avg:2329.27ms
step:387/3350 train_time:902.209s step_avg:2331.29ms
step:388/3350 train_time:904.046s step_avg:2330.02ms
step:389/3350 train_time:907.157s step_avg:2332.02ms
step:390/3350 train_time:908.994s step_avg:2330.75ms
step:391/3350 train_time:912.101s step_avg:2332.74ms
step:392/3350 train_time:913.937s step_avg:2331.47ms
step:393/3350 train_time:917.046s step_avg:2333.45ms
step:394/3350 train_time:918.881s step_avg:2332.19ms
step:395/3350 train_time:921.990s step_avg:2334.15ms
step:396/3350 train_time:923.828s step_avg:2332.90ms
step:397/3350 train_time:926.938s step_avg:2334.86ms
step:398/3350 train_time:928.774s step_avg:2333.60ms
step:399/3350 train_time:931.884s step_avg:2335.55ms
step:400/3350 train_time:934.027s step_avg:2335.07ms
step:401/3350 train_time:937.136s step_avg:2337.00ms
step:402/3350 train_time:938.973s step_avg:2335.75ms
step:403/3350 train_time:942.085s step_avg:2337.68ms
step:404/3350 train_time:943.920s step_avg:2336.44ms
step:405/3350 train_time:947.030s step_avg:2338.34ms
step:406/3350 train_time:948.866s step_avg:2337.11ms
step:407/3350 train_time:951.979s step_avg:2339.02ms
step:408/3350 train_time:953.817s step_avg:2337.79ms
step:409/3350 train_time:956.925s step_avg:2339.67ms
step:410/3350 train_time:958.762s step_avg:2338.44ms
step:411/3350 train_time:961.869s step_avg:2340.32ms
step:412/3350 train_time:963.704s step_avg:2339.09ms
step:413/3350 train_time:966.811s step_avg:2340.95ms
step:414/3350 train_time:968.644s step_avg:2339.72ms
step:415/3350 train_time:971.753s step_avg:2341.57ms
step:416/3350 train_time:973.589s step_avg:2340.36ms
step:417/3350 train_time:976.697s step_avg:2342.20ms
step:418/3350 train_time:978.531s step_avg:2340.98ms
step:419/3350 train_time:981.644s step_avg:2342.83ms
step:420/3350 train_time:983.478s step_avg:2341.61ms
step:421/3350 train_time:986.595s step_avg:2343.46ms
step:422/3350 train_time:988.433s step_avg:2342.26ms
step:423/3350 train_time:991.547s step_avg:2344.08ms
step:424/3350 train_time:993.382s step_avg:2342.88ms
step:425/3350 train_time:996.788s step_avg:2345.38ms
step:426/3350 train_time:998.623s step_avg:2344.19ms
step:427/3350 train_time:1001.735s step_avg:2345.98ms
step:428/3350 train_time:1003.568s step_avg:2344.78ms
step:429/3350 train_time:1006.681s step_avg:2346.58ms
step:430/3350 train_time:1008.516s step_avg:2345.39ms
step:431/3350 train_time:1011.628s step_avg:2347.16ms
step:432/3350 train_time:1013.462s step_avg:2345.98ms
step:433/3350 train_time:1016.575s step_avg:2347.75ms
step:434/3350 train_time:1018.411s step_avg:2346.57ms
step:435/3350 train_time:1021.521s step_avg:2348.32ms
step:436/3350 train_time:1023.358s step_avg:2347.15ms
step:437/3350 train_time:1026.472s step_avg:2348.91ms
step:438/3350 train_time:1028.307s step_avg:2347.73ms
step:439/3350 train_time:1031.417s step_avg:2349.47ms
step:440/3350 train_time:1033.253s step_avg:2348.30ms
step:441/3350 train_time:1036.363s step_avg:2350.03ms
step:442/3350 train_time:1038.204s step_avg:2348.88ms
step:443/3350 train_time:1041.317s step_avg:2350.60ms
step:444/3350 train_time:1043.154s step_avg:2349.45ms
step:445/3350 train_time:1046.267s step_avg:2351.16ms
step:446/3350 train_time:1048.105s step_avg:2350.01ms
step:447/3350 train_time:1051.218s step_avg:2351.72ms
step:448/3350 train_time:1053.058s step_avg:2350.58ms
step:449/3350 train_time:1056.170s step_avg:2352.27ms
step:450/3350 train_time:1058.303s step_avg:2351.79ms
step:451/3350 train_time:1061.409s step_avg:2353.46ms
step:452/3350 train_time:1063.243s step_avg:2352.31ms
step:453/3350 train_time:1066.353s step_avg:2353.98ms
step:454/3350 train_time:1068.191s step_avg:2352.84ms
step:455/3350 train_time:1071.305s step_avg:2354.52ms
step:456/3350 train_time:1073.141s step_avg:2353.38ms
step:457/3350 train_time:1076.256s step_avg:2355.05ms
step:458/3350 train_time:1078.093s step_avg:2353.92ms
step:459/3350 train_time:1081.202s step_avg:2355.56ms
step:460/3350 train_time:1083.043s step_avg:2354.44ms
step:461/3350 train_time:1086.155s step_avg:2356.08ms
step:462/3350 train_time:1087.989s step_avg:2354.95ms
step:463/3350 train_time:1091.098s step_avg:2356.58ms
step:464/3350 train_time:1092.937s step_avg:2355.47ms
step:465/3350 train_time:1096.051s step_avg:2357.10ms
step:466/3350 train_time:1097.886s step_avg:2355.98ms
step:467/3350 train_time:1100.998s step_avg:2357.60ms
step:468/3350 train_time:1102.834s step_avg:2356.48ms
step:469/3350 train_time:1105.945s step_avg:2358.09ms
step:470/3350 train_time:1107.784s step_avg:2356.99ms
step:471/3350 train_time:1110.900s step_avg:2358.60ms
step:472/3350 train_time:1112.738s step_avg:2357.49ms
step:473/3350 train_time:1115.852s step_avg:2359.10ms
step:474/3350 train_time:1117.691s step_avg:2358.00ms
step:475/3350 train_time:1121.098s step_avg:2360.21ms
step:476/3350 train_time:1122.933s step_avg:2359.10ms
step:477/3350 train_time:1126.043s step_avg:2360.68ms
step:478/3350 train_time:1127.877s step_avg:2359.57ms
step:479/3350 train_time:1130.987s step_avg:2361.14ms
step:480/3350 train_time:1132.823s step_avg:2360.05ms
step:481/3350 train_time:1135.936s step_avg:2361.61ms
step:482/3350 train_time:1137.772s step_avg:2360.52ms
step:483/3350 train_time:1140.880s step_avg:2362.07ms
step:484/3350 train_time:1142.720s step_avg:2360.99ms
step:485/3350 train_time:1145.837s step_avg:2362.55ms
step:486/3350 train_time:1147.674s step_avg:2361.47ms
step:487/3350 train_time:1150.790s step_avg:2363.02ms
step:488/3350 train_time:1152.629s step_avg:2361.95ms
step:489/3350 train_time:1155.742s step_avg:2363.48ms
step:490/3350 train_time:1157.577s step_avg:2362.40ms
step:491/3350 train_time:1160.695s step_avg:2363.94ms
step:492/3350 train_time:1162.532s step_avg:2362.87ms
step:493/3350 train_time:1165.647s step_avg:2364.40ms
step:494/3350 train_time:1167.485s step_avg:2363.33ms
step:495/3350 train_time:1170.600s step_avg:2364.85ms
step:496/3350 train_time:1172.438s step_avg:2363.79ms
step:497/3350 train_time:1175.549s step_avg:2365.29ms
step:498/3350 train_time:1177.382s step_avg:2364.22ms
step:499/3350 train_time:1180.494s step_avg:2365.72ms
step:500/3350 train_time:1182.717s step_avg:2365.43ms
step:500/3350 val_loss:3.79208 train_time:1182.718s step_avg:2481.77ms
step:501/3350 train_time:1185.827s step_avg:2366.92ms
step:502/3350 train_time:1187.668s step_avg:2365.87ms
step:503/3350 train_time:1190.779s step_avg:2367.35ms
step:504/3350 train_time:1192.619s step_avg:2366.31ms
step:505/3350 train_time:1195.729s step_avg:2367.78ms
step:506/3350 train_time:1197.568s step_avg:2366.73ms
step:507/3350 train_time:1200.681s step_avg:2368.21ms
step:508/3350 train_time:1202.518s step_avg:2367.16ms
step:509/3350 train_time:1205.629s step_avg:2368.62ms
step:510/3350 train_time:1207.462s step_avg:2367.57ms
step:511/3350 train_time:1210.575s step_avg:2369.03ms
step:512/3350 train_time:1212.411s step_avg:2367.99ms
step:513/3350 train_time:1215.524s step_avg:2369.44ms
step:514/3350 train_time:1217.360s step_avg:2368.40ms
step:515/3350 train_time:1220.470s step_avg:2369.84ms
step:516/3350 train_time:1222.306s step_avg:2368.81ms
step:517/3350 train_time:1225.418s step_avg:2370.25ms
step:518/3350 train_time:1227.252s step_avg:2369.21ms
step:519/3350 train_time:1230.365s step_avg:2370.65ms
step:520/3350 train_time:1232.200s step_avg:2369.62ms
step:521/3350 train_time:1235.317s step_avg:2371.05ms
step:522/3350 train_time:1237.152s step_avg:2370.02ms
step:523/3350 train_time:1240.268s step_avg:2371.45ms
step:524/3350 train_time:1242.103s step_avg:2370.43ms
step:525/3350 train_time:1245.506s step_avg:2372.39ms
step:526/3350 train_time:1247.339s step_avg:2371.37ms
step:527/3350 train_time:1250.455s step_avg:2372.78ms
step:528/3350 train_time:1252.291s step_avg:2371.76ms
step:529/3350 train_time:1255.406s step_avg:2373.17ms
step:530/3350 train_time:1257.242s step_avg:2372.15ms
step:531/3350 train_time:1260.355s step_avg:2373.55ms
step:532/3350 train_time:1262.187s step_avg:2372.53ms
step:533/3350 train_time:1265.298s step_avg:2373.92ms
step:534/3350 train_time:1267.131s step_avg:2372.90ms
step:535/3350 train_time:1270.244s step_avg:2374.29ms
step:536/3350 train_time:1272.082s step_avg:2373.29ms
step:537/3350 train_time:1275.195s step_avg:2374.67ms
step:538/3350 train_time:1277.029s step_avg:2373.66ms
step:539/3350 train_time:1280.140s step_avg:2375.03ms
step:540/3350 train_time:1281.977s step_avg:2374.03ms
step:541/3350 train_time:1285.088s step_avg:2375.39ms
step:542/3350 train_time:1286.925s step_avg:2374.40ms
step:543/3350 train_time:1290.036s step_avg:2375.76ms
step:544/3350 train_time:1291.872s step_avg:2374.76ms
step:545/3350 train_time:1294.989s step_avg:2376.13ms
step:546/3350 train_time:1296.825s step_avg:2375.14ms
step:547/3350 train_time:1299.948s step_avg:2376.51ms
step:548/3350 train_time:1301.784s step_avg:2375.52ms
step:549/3350 train_time:1304.898s step_avg:2376.86ms
step:550/3350 train_time:1307.031s step_avg:2376.42ms
step:551/3350 train_time:1310.141s step_avg:2377.75ms
step:552/3350 train_time:1311.976s step_avg:2376.77ms
step:553/3350 train_time:1315.089s step_avg:2378.10ms
step:554/3350 train_time:1316.926s step_avg:2377.12ms
step:555/3350 train_time:1320.047s step_avg:2378.46ms
step:556/3350 train_time:1321.883s step_avg:2377.49ms
step:557/3350 train_time:1325.007s step_avg:2378.83ms
step:558/3350 train_time:1326.846s step_avg:2377.86ms
step:559/3350 train_time:1329.963s step_avg:2379.18ms
step:560/3350 train_time:1331.801s step_avg:2378.22ms
step:561/3350 train_time:1334.918s step_avg:2379.53ms
step:562/3350 train_time:1336.755s step_avg:2378.57ms
step:563/3350 train_time:1339.868s step_avg:2379.87ms
step:564/3350 train_time:1341.705s step_avg:2378.91ms
step:565/3350 train_time:1344.817s step_avg:2380.21ms
step:566/3350 train_time:1346.652s step_avg:2379.24ms
step:567/3350 train_time:1349.768s step_avg:2380.54ms
step:568/3350 train_time:1351.606s step_avg:2379.59ms
step:569/3350 train_time:1354.718s step_avg:2380.88ms
step:570/3350 train_time:1356.552s step_avg:2379.92ms
step:571/3350 train_time:1359.699s step_avg:2381.26ms
step:572/3350 train_time:1361.536s step_avg:2380.31ms
step:573/3350 train_time:1364.651s step_avg:2381.59ms
step:574/3350 train_time:1366.487s step_avg:2380.64ms
step:575/3350 train_time:1369.894s step_avg:2382.42ms
step:576/3350 train_time:1371.732s step_avg:2381.48ms
step:577/3350 train_time:1374.847s step_avg:2382.75ms
step:578/3350 train_time:1376.680s step_avg:2381.80ms
step:579/3350 train_time:1379.798s step_avg:2383.07ms
step:580/3350 train_time:1381.634s step_avg:2382.13ms
step:581/3350 train_time:1384.746s step_avg:2383.38ms
step:582/3350 train_time:1386.581s step_avg:2382.44ms
step:583/3350 train_time:1389.695s step_avg:2383.70ms
step:584/3350 train_time:1391.533s step_avg:2382.76ms
step:585/3350 train_time:1394.652s step_avg:2384.02ms
step:586/3350 train_time:1396.488s step_avg:2383.09ms
step:587/3350 train_time:1399.608s step_avg:2384.34ms
step:588/3350 train_time:1401.445s step_avg:2383.41ms
step:589/3350 train_time:1404.560s step_avg:2384.65ms
step:590/3350 train_time:1406.396s step_avg:2383.72ms
step:591/3350 train_time:1409.508s step_avg:2384.96ms
step:592/3350 train_time:1411.344s step_avg:2384.03ms
step:593/3350 train_time:1414.457s step_avg:2385.26ms
step:594/3350 train_time:1416.295s step_avg:2384.33ms
step:595/3350 train_time:1419.411s step_avg:2385.56ms
step:596/3350 train_time:1421.249s step_avg:2384.65ms
step:597/3350 train_time:1424.365s step_avg:2385.87ms
step:598/3350 train_time:1426.200s step_avg:2384.95ms
step:599/3350 train_time:1429.314s step_avg:2386.17ms
step:600/3350 train_time:1431.459s step_avg:2385.76ms
step:601/3350 train_time:1434.570s step_avg:2386.97ms
step:602/3350 train_time:1436.404s step_avg:2386.05ms
step:603/3350 train_time:1439.520s step_avg:2387.26ms
step:604/3350 train_time:1441.354s step_avg:2386.35ms
step:605/3350 train_time:1444.468s step_avg:2387.55ms
step:606/3350 train_time:1446.305s step_avg:2386.64ms
step:607/3350 train_time:1449.419s step_avg:2387.84ms
step:608/3350 train_time:1451.253s step_avg:2386.93ms
step:609/3350 train_time:1454.369s step_avg:2388.13ms
step:610/3350 train_time:1456.205s step_avg:2387.22ms
step:611/3350 train_time:1459.321s step_avg:2388.41ms
step:612/3350 train_time:1461.156s step_avg:2387.51ms
step:613/3350 train_time:1464.269s step_avg:2388.69ms
step:614/3350 train_time:1466.106s step_avg:2387.80ms
step:615/3350 train_time:1469.221s step_avg:2388.98ms
step:616/3350 train_time:1471.059s step_avg:2388.08ms
step:617/3350 train_time:1474.176s step_avg:2389.26ms
step:618/3350 train_time:1476.011s step_avg:2388.37ms
step:619/3350 train_time:1479.124s step_avg:2389.54ms
step:620/3350 train_time:1480.959s step_avg:2388.64ms
step:621/3350 train_time:1484.072s step_avg:2389.81ms
step:622/3350 train_time:1485.906s step_avg:2388.92ms
step:623/3350 train_time:1489.018s step_avg:2390.08ms
step:624/3350 train_time:1490.854s step_avg:2389.19ms
step:625/3350 train_time:1494.326s step_avg:2390.92ms
step:625/3350 val_loss:3.72948 train_time:1494.326s step_avg:2492.87ms
step:626/3350 train_time:1496.165s step_avg:2390.04ms
step:627/3350 train_time:1499.283s step_avg:2391.20ms
step:628/3350 train_time:1501.120s step_avg:2390.32ms
step:629/3350 train_time:1504.233s step_avg:2391.47ms
step:630/3350 train_time:1506.075s step_avg:2390.60ms
step:631/3350 train_time:1509.192s step_avg:2391.75ms
step:632/3350 train_time:1511.031s step_avg:2390.87ms
step:633/3350 train_time:1514.145s step_avg:2392.01ms
step:634/3350 train_time:1515.982s step_avg:2391.14ms
step:635/3350 train_time:1519.094s step_avg:2392.27ms
step:636/3350 train_time:1520.930s step_avg:2391.40ms
step:637/3350 train_time:1524.045s step_avg:2392.54ms
step:638/3350 train_time:1525.881s step_avg:2391.66ms
step:639/3350 train_time:1528.992s step_avg:2392.79ms
step:640/3350 train_time:1530.829s step_avg:2391.92ms
step:641/3350 train_time:1533.938s step_avg:2393.04ms
step:642/3350 train_time:1535.773s step_avg:2392.17ms
step:643/3350 train_time:1538.891s step_avg:2393.30ms
step:644/3350 train_time:1540.729s step_avg:2392.44ms
step:645/3350 train_time:1543.842s step_avg:2393.55ms
step:646/3350 train_time:1545.677s step_avg:2392.69ms
step:647/3350 train_time:1548.789s step_avg:2393.80ms
step:648/3350 train_time:1550.625s step_avg:2392.94ms
step:649/3350 train_time:1553.738s step_avg:2394.05ms
step:650/3350 train_time:1555.867s step_avg:2393.64ms
step:651/3350 train_time:1558.980s step_avg:2394.75ms
step:652/3350 train_time:1560.818s step_avg:2393.89ms
step:653/3350 train_time:1563.928s step_avg:2394.99ms
step:654/3350 train_time:1565.764s step_avg:2394.13ms
step:655/3350 train_time:1568.875s step_avg:2395.23ms
step:656/3350 train_time:1570.712s step_avg:2394.38ms
step:657/3350 train_time:1573.826s step_avg:2395.47ms
step:658/3350 train_time:1575.660s step_avg:2394.62ms
step:659/3350 train_time:1578.779s step_avg:2395.72ms
step:660/3350 train_time:1580.616s step_avg:2394.87ms
step:661/3350 train_time:1583.731s step_avg:2395.96ms
step:662/3350 train_time:1585.567s step_avg:2395.12ms
step:663/3350 train_time:1588.680s step_avg:2396.20ms
step:664/3350 train_time:1590.516s step_avg:2395.36ms
step:665/3350 train_time:1593.632s step_avg:2396.44ms
step:666/3350 train_time:1595.466s step_avg:2395.59ms
step:667/3350 train_time:1598.580s step_avg:2396.67ms
step:668/3350 train_time:1600.416s step_avg:2395.83ms
step:669/3350 train_time:1603.531s step_avg:2396.91ms
step:670/3350 train_time:1605.366s step_avg:2396.07ms
step:671/3350 train_time:1608.478s step_avg:2397.14ms
step:672/3350 train_time:1610.316s step_avg:2396.30ms
step:673/3350 train_time:1613.427s step_avg:2397.37ms
step:674/3350 train_time:1615.265s step_avg:2396.54ms
step:675/3350 train_time:1618.667s step_avg:2398.03ms
step:676/3350 train_time:1620.502s step_avg:2397.19ms
step:677/3350 train_time:1623.618s step_avg:2398.25ms
step:678/3350 train_time:1625.453s step_avg:2397.42ms
step:679/3350 train_time:1628.565s step_avg:2398.48ms
step:680/3350 train_time:1630.398s step_avg:2397.64ms
step:681/3350 train_time:1633.511s step_avg:2398.69ms
step:682/3350 train_time:1635.346s step_avg:2397.87ms
step:683/3350 train_time:1638.462s step_avg:2398.92ms
step:684/3350 train_time:1640.297s step_avg:2398.09ms
step:685/3350 train_time:1643.407s step_avg:2399.13ms
step:686/3350 train_time:1645.238s step_avg:2398.31ms
step:687/3350 train_time:1648.353s step_avg:2399.35ms
step:688/3350 train_time:1650.188s step_avg:2398.53ms
step:689/3350 train_time:1653.297s step_avg:2399.56ms
step:690/3350 train_time:1655.129s step_avg:2398.74ms
step:691/3350 train_time:1658.244s step_avg:2399.77ms
step:692/3350 train_time:1660.079s step_avg:2398.96ms
step:693/3350 train_time:1663.188s step_avg:2399.98ms
step:694/3350 train_time:1665.021s step_avg:2399.17ms
step:695/3350 train_time:1668.134s step_avg:2400.19ms
step:696/3350 train_time:1669.967s step_avg:2399.38ms
step:697/3350 train_time:1673.077s step_avg:2400.40ms
step:698/3350 train_time:1674.911s step_avg:2399.59ms
step:699/3350 train_time:1678.034s step_avg:2400.62ms
step:700/3350 train_time:1680.173s step_avg:2400.25ms
step:701/3350 train_time:1683.279s step_avg:2401.25ms
step:702/3350 train_time:1685.113s step_avg:2400.45ms
step:703/3350 train_time:1688.225s step_avg:2401.46ms
step:704/3350 train_time:1690.063s step_avg:2400.66ms
step:705/3350 train_time:1693.177s step_avg:2401.67ms
step:706/3350 train_time:1695.014s step_avg:2400.87ms
step:707/3350 train_time:1698.130s step_avg:2401.88ms
step:708/3350 train_time:1699.967s step_avg:2401.08ms
step:709/3350 train_time:1703.079s step_avg:2402.09ms
step:710/3350 train_time:1704.912s step_avg:2401.28ms
step:711/3350 train_time:1708.026s step_avg:2402.29ms
step:712/3350 train_time:1709.861s step_avg:2401.49ms
step:713/3350 train_time:1712.975s step_avg:2402.49ms
step:714/3350 train_time:1714.813s step_avg:2401.70ms
step:715/3350 train_time:1717.928s step_avg:2402.70ms
step:716/3350 train_time:1719.766s step_avg:2401.91ms
step:717/3350 train_time:1722.878s step_avg:2402.90ms
step:718/3350 train_time:1724.711s step_avg:2402.10ms
step:719/3350 train_time:1727.825s step_avg:2403.09ms
step:720/3350 train_time:1729.660s step_avg:2402.31ms
step:721/3350 train_time:1732.773s step_avg:2403.29ms
step:722/3350 train_time:1734.612s step_avg:2402.51ms
step:723/3350 train_time:1737.725s step_avg:2403.49ms
step:724/3350 train_time:1739.563s step_avg:2402.71ms
step:725/3350 train_time:1742.974s step_avg:2404.10ms
step:726/3350 train_time:1744.809s step_avg:2403.32ms
step:727/3350 train_time:1747.926s step_avg:2404.30ms
step:728/3350 train_time:1749.760s step_avg:2403.52ms
step:729/3350 train_time:1752.872s step_avg:2404.49ms
step:730/3350 train_time:1754.707s step_avg:2403.71ms
step:731/3350 train_time:1757.824s step_avg:2404.68ms
step:732/3350 train_time:1759.658s step_avg:2403.90ms
step:733/3350 train_time:1762.770s step_avg:2404.87ms
step:734/3350 train_time:1764.602s step_avg:2404.09ms
step:735/3350 train_time:1767.713s step_avg:2405.05ms
step:736/3350 train_time:1769.549s step_avg:2404.28ms
step:737/3350 train_time:1772.661s step_avg:2405.24ms
step:738/3350 train_time:1774.497s step_avg:2404.47ms
step:739/3350 train_time:1777.610s step_avg:2405.43ms
step:740/3350 train_time:1779.445s step_avg:2404.66ms
step:741/3350 train_time:1782.559s step_avg:2405.61ms
step:742/3350 train_time:1784.392s step_avg:2404.84ms
step:743/3350 train_time:1787.506s step_avg:2405.80ms
step:744/3350 train_time:1789.341s step_avg:2405.03ms
step:745/3350 train_time:1792.454s step_avg:2405.98ms
step:746/3350 train_time:1794.287s step_avg:2405.21ms
step:747/3350 train_time:1797.400s step_avg:2406.16ms
step:748/3350 train_time:1799.236s step_avg:2405.40ms
step:749/3350 train_time:1802.347s step_avg:2406.34ms
step:750/3350 train_time:1804.539s step_avg:2406.05ms
step:750/3350 val_loss:3.68312 train_time:1804.540s step_avg:2481.71ms
step:751/3350 train_time:1807.650s step_avg:2406.99ms
step:752/3350 train_time:1809.487s step_avg:2406.23ms
step:753/3350 train_time:1812.600s step_avg:2407.17ms
step:754/3350 train_time:1814.435s step_avg:2406.41ms
step:755/3350 train_time:1817.548s step_avg:2407.35ms
step:756/3350 train_time:1819.384s step_avg:2406.59ms
step:757/3350 train_time:1822.493s step_avg:2407.52ms
step:758/3350 train_time:1824.331s step_avg:2406.77ms
step:759/3350 train_time:1827.444s step_avg:2407.70ms
step:760/3350 train_time:1829.277s step_avg:2406.94ms
step:761/3350 train_time:1832.419s step_avg:2407.91ms
step:762/3350 train_time:1834.256s step_avg:2407.16ms
step:763/3350 train_time:1837.368s step_avg:2408.08ms
step:764/3350 train_time:1839.207s step_avg:2407.34ms
step:765/3350 train_time:1842.319s step_avg:2408.26ms
step:766/3350 train_time:1844.154s step_avg:2407.51ms
step:767/3350 train_time:1847.263s step_avg:2408.43ms
step:768/3350 train_time:1849.099s step_avg:2407.68ms
step:769/3350 train_time:1852.210s step_avg:2408.60ms
step:770/3350 train_time:1854.046s step_avg:2407.85ms
step:771/3350 train_time:1857.160s step_avg:2408.77ms
step:772/3350 train_time:1858.998s step_avg:2408.03ms
step:773/3350 train_time:1862.110s step_avg:2408.94ms
step:774/3350 train_time:1863.950s step_avg:2408.20ms
step:775/3350 train_time:1867.357s step_avg:2409.49ms
step:776/3350 train_time:1869.194s step_avg:2408.76ms
step:777/3350 train_time:1872.312s step_avg:2409.67ms
step:778/3350 train_time:1874.152s step_avg:2408.94ms
step:779/3350 train_time:1877.265s step_avg:2409.84ms
step:780/3350 train_time:1879.102s step_avg:2409.11ms
step:781/3350 train_time:1882.215s step_avg:2410.01ms
step:782/3350 train_time:1884.045s step_avg:2409.26ms
step:783/3350 train_time:1887.154s step_avg:2410.16ms
step:784/3350 train_time:1888.990s step_avg:2409.43ms
step:785/3350 train_time:1892.100s step_avg:2410.32ms
step:786/3350 train_time:1893.937s step_avg:2409.59ms
step:787/3350 train_time:1897.045s step_avg:2410.48ms
step:788/3350 train_time:1898.880s step_avg:2409.75ms
step:789/3350 train_time:1901.991s step_avg:2410.64ms
step:790/3350 train_time:1903.826s step_avg:2409.91ms
step:791/3350 train_time:1906.940s step_avg:2410.80ms
step:792/3350 train_time:1908.778s step_avg:2410.07ms
step:793/3350 train_time:1911.890s step_avg:2410.96ms
step:794/3350 train_time:1913.724s step_avg:2410.23ms
step:795/3350 train_time:1916.831s step_avg:2411.11ms
step:796/3350 train_time:1918.670s step_avg:2410.39ms
step:797/3350 train_time:1921.783s step_avg:2411.27ms
step:798/3350 train_time:1923.617s step_avg:2410.55ms
step:799/3350 train_time:1926.729s step_avg:2411.43ms
step:800/3350 train_time:1928.876s step_avg:2411.10ms
step:801/3350 train_time:1931.981s step_avg:2411.96ms
step:802/3350 train_time:1933.819s step_avg:2411.25ms
step:803/3350 train_time:1936.932s step_avg:2412.12ms
step:804/3350 train_time:1938.769s step_avg:2411.40ms
step:805/3350 train_time:1941.883s step_avg:2412.28ms
step:806/3350 train_time:1943.717s step_avg:2411.56ms
step:807/3350 train_time:1946.829s step_avg:2412.43ms
step:808/3350 train_time:1948.671s step_avg:2411.72ms
step:809/3350 train_time:1951.778s step_avg:2412.58ms
step:810/3350 train_time:1953.615s step_avg:2411.87ms
step:811/3350 train_time:1956.728s step_avg:2412.73ms
step:812/3350 train_time:1958.570s step_avg:2412.03ms
step:813/3350 train_time:1961.682s step_avg:2412.89ms
step:814/3350 train_time:1963.514s step_avg:2412.18ms
step:815/3350 train_time:1966.626s step_avg:2413.04ms
step:816/3350 train_time:1968.460s step_avg:2412.33ms
step:817/3350 train_time:1971.574s step_avg:2413.19ms
step:818/3350 train_time:1973.411s step_avg:2412.48ms
step:819/3350 train_time:1976.523s step_avg:2413.34ms
step:820/3350 train_time:1978.361s step_avg:2412.64ms
step:821/3350 train_time:1981.473s step_avg:2413.49ms
step:822/3350 train_time:1983.315s step_avg:2412.79ms
step:823/3350 train_time:1986.425s step_avg:2413.64ms
step:824/3350 train_time:1988.259s step_avg:2412.94ms
step:825/3350 train_time:1991.663s step_avg:2414.14ms
step:826/3350 train_time:1993.496s step_avg:2413.43ms
step:827/3350 train_time:1996.604s step_avg:2414.27ms
step:828/3350 train_time:1998.440s step_avg:2413.57ms
step:829/3350 train_time:2001.549s step_avg:2414.41ms
step:830/3350 train_time:2003.382s step_avg:2413.71ms
step:831/3350 train_time:2006.490s step_avg:2414.55ms
step:832/3350 train_time:2008.321s step_avg:2413.85ms
step:833/3350 train_time:2011.429s step_avg:2414.68ms
step:834/3350 train_time:2013.261s step_avg:2413.98ms
step:835/3350 train_time:2016.370s step_avg:2414.81ms
step:836/3350 train_time:2018.203s step_avg:2414.12ms
step:837/3350 train_time:2021.314s step_avg:2414.95ms
step:838/3350 train_time:2023.147s step_avg:2414.26ms
step:839/3350 train_time:2026.256s step_avg:2415.08ms
step:840/3350 train_time:2028.092s step_avg:2414.39ms
step:841/3350 train_time:2031.203s step_avg:2415.22ms
step:842/3350 train_time:2033.036s step_avg:2414.53ms
step:843/3350 train_time:2036.145s step_avg:2415.36ms
step:844/3350 train_time:2037.982s step_avg:2414.67ms
step:845/3350 train_time:2041.091s step_avg:2415.49ms
step:846/3350 train_time:2042.927s step_avg:2414.81ms
step:847/3350 train_time:2046.040s step_avg:2415.63ms
step:848/3350 train_time:2047.877s step_avg:2414.95ms
step:849/3350 train_time:2050.987s step_avg:2415.77ms
step:850/3350 train_time:2053.121s step_avg:2415.44ms
step:851/3350 train_time:2056.225s step_avg:2416.25ms
step:852/3350 train_time:2058.064s step_avg:2415.57ms
step:853/3350 train_time:2061.174s step_avg:2416.38ms
step:854/3350 train_time:2063.009s step_avg:2415.70ms
step:855/3350 train_time:2066.121s step_avg:2416.52ms
step:856/3350 train_time:2067.956s step_avg:2415.84ms
step:857/3350 train_time:2071.068s step_avg:2416.65ms
step:858/3350 train_time:2072.905s step_avg:2415.97ms
step:859/3350 train_time:2076.019s step_avg:2416.79ms
step:860/3350 train_time:2077.855s step_avg:2416.11ms
step:861/3350 train_time:2080.966s step_avg:2416.92ms
step:862/3350 train_time:2082.801s step_avg:2416.24ms
step:863/3350 train_time:2085.913s step_avg:2417.05ms
step:864/3350 train_time:2087.745s step_avg:2416.37ms
step:865/3350 train_time:2090.854s step_avg:2417.17ms
step:866/3350 train_time:2092.688s step_avg:2416.50ms
step:867/3350 train_time:2095.801s step_avg:2417.30ms
step:868/3350 train_time:2097.637s step_avg:2416.63ms
step:869/3350 train_time:2100.747s step_avg:2417.43ms
step:870/3350 train_time:2102.584s step_avg:2416.76ms
step:871/3350 train_time:2105.697s step_avg:2417.56ms
step:872/3350 train_time:2107.528s step_avg:2416.89ms
step:873/3350 train_time:2110.640s step_avg:2417.69ms
step:874/3350 train_time:2112.475s step_avg:2417.02ms
step:875/3350 train_time:2115.943s step_avg:2418.22ms
step:875/3350 val_loss:3.64481 train_time:2115.944s step_avg:2491.23ms
step:876/3350 train_time:2117.778s step_avg:2417.55ms
step:877/3350 train_time:2120.890s step_avg:2418.35ms
step:878/3350 train_time:2122.728s step_avg:2417.69ms
step:879/3350 train_time:2125.843s step_avg:2418.48ms
step:880/3350 train_time:2127.675s step_avg:2417.81ms
step:881/3350 train_time:2130.786s step_avg:2418.60ms
step:882/3350 train_time:2132.619s step_avg:2417.94ms
step:883/3350 train_time:2135.731s step_avg:2418.72ms
step:884/3350 train_time:2137.566s step_avg:2418.06ms
step:885/3350 train_time:2140.678s step_avg:2418.85ms
step:886/3350 train_time:2142.511s step_avg:2418.18ms
step:887/3350 train_time:2145.623s step_avg:2418.97ms
step:888/3350 train_time:2147.459s step_avg:2418.31ms
step:889/3350 train_time:2150.566s step_avg:2419.08ms
step:890/3350 train_time:2152.399s step_avg:2418.43ms
step:891/3350 train_time:2155.506s step_avg:2419.20ms
step:892/3350 train_time:2157.342s step_avg:2418.54ms
step:893/3350 train_time:2160.453s step_avg:2419.32ms
step:894/3350 train_time:2162.287s step_avg:2418.67ms
step:895/3350 train_time:2165.396s step_avg:2419.44ms
step:896/3350 train_time:2167.232s step_avg:2418.79ms
step:897/3350 train_time:2170.342s step_avg:2419.56ms
step:898/3350 train_time:2172.177s step_avg:2418.91ms
step:899/3350 train_time:2175.287s step_avg:2419.67ms
step:900/3350 train_time:2177.432s step_avg:2419.37ms
step:901/3350 train_time:2180.536s step_avg:2420.13ms
step:902/3350 train_time:2182.372s step_avg:2419.48ms
step:903/3350 train_time:2185.483s step_avg:2420.25ms
step:904/3350 train_time:2187.321s step_avg:2419.60ms
step:905/3350 train_time:2190.430s step_avg:2420.36ms
step:906/3350 train_time:2192.266s step_avg:2419.72ms
step:907/3350 train_time:2195.376s step_avg:2420.48ms
step:908/3350 train_time:2197.208s step_avg:2419.83ms
step:909/3350 train_time:2200.322s step_avg:2420.60ms
step:910/3350 train_time:2202.155s step_avg:2419.95ms
step:911/3350 train_time:2205.270s step_avg:2420.71ms
step:912/3350 train_time:2207.105s step_avg:2420.07ms
step:913/3350 train_time:2210.218s step_avg:2420.83ms
step:914/3350 train_time:2212.053s step_avg:2420.19ms
step:915/3350 train_time:2215.164s step_avg:2420.94ms
step:916/3350 train_time:2217.001s step_avg:2420.31ms
step:917/3350 train_time:2220.110s step_avg:2421.06ms
step:918/3350 train_time:2221.945s step_avg:2420.42ms
step:919/3350 train_time:2225.050s step_avg:2421.16ms
step:920/3350 train_time:2226.889s step_avg:2420.53ms
step:921/3350 train_time:2230.000s step_avg:2421.28ms
step:922/3350 train_time:2231.834s step_avg:2420.64ms
step:923/3350 train_time:2234.941s step_avg:2421.39ms
step:924/3350 train_time:2236.778s step_avg:2420.75ms
step:925/3350 train_time:2240.181s step_avg:2421.82ms
step:926/3350 train_time:2242.016s step_avg:2421.18ms
step:927/3350 train_time:2245.125s step_avg:2421.93ms
step:928/3350 train_time:2246.960s step_avg:2421.29ms
step:929/3350 train_time:2250.069s step_avg:2422.03ms
step:930/3350 train_time:2251.903s step_avg:2421.40ms
step:931/3350 train_time:2255.013s step_avg:2422.14ms
step:932/3350 train_time:2256.853s step_avg:2421.52ms
step:933/3350 train_time:2259.961s step_avg:2422.25ms
step:934/3350 train_time:2261.799s step_avg:2421.63ms
step:935/3350 train_time:2264.908s step_avg:2422.36ms
step:936/3350 train_time:2266.746s step_avg:2421.74ms
step:937/3350 train_time:2269.858s step_avg:2422.47ms
step:938/3350 train_time:2271.692s step_avg:2421.85ms
step:939/3350 train_time:2274.813s step_avg:2422.59ms
step:940/3350 train_time:2276.647s step_avg:2421.96ms
step:941/3350 train_time:2279.758s step_avg:2422.70ms
step:942/3350 train_time:2281.596s step_avg:2422.08ms
step:943/3350 train_time:2284.709s step_avg:2422.81ms
step:944/3350 train_time:2286.545s step_avg:2422.19ms
step:945/3350 train_time:2289.654s step_avg:2422.91ms
step:946/3350 train_time:2291.490s step_avg:2422.29ms
step:947/3350 train_time:2294.599s step_avg:2423.02ms
step:948/3350 train_time:2296.436s step_avg:2422.40ms
step:949/3350 train_time:2299.545s step_avg:2423.12ms
step:950/3350 train_time:2301.676s step_avg:2422.82ms
step:951/3350 train_time:2304.815s step_avg:2423.57ms
step:952/3350 train_time:2306.650s step_avg:2422.95ms
step:953/3350 train_time:2309.759s step_avg:2423.67ms
step:954/3350 train_time:2311.597s step_avg:2423.06ms
step:955/3350 train_time:2314.709s step_avg:2423.78ms
step:956/3350 train_time:2316.545s step_avg:2423.16ms
step:957/3350 train_time:2319.656s step_avg:2423.88ms
step:958/3350 train_time:2321.489s step_avg:2423.27ms
step:959/3350 train_time:2324.605s step_avg:2423.99ms
step:960/3350 train_time:2326.440s step_avg:2423.38ms
step:961/3350 train_time:2329.553s step_avg:2424.09ms
step:962/3350 train_time:2331.390s step_avg:2423.48ms
step:963/3350 train_time:2334.504s step_avg:2424.20ms
step:964/3350 train_time:2336.339s step_avg:2423.59ms
step:965/3350 train_time:2339.456s step_avg:2424.31ms
step:966/3350 train_time:2341.293s step_avg:2423.70ms
step:967/3350 train_time:2344.401s step_avg:2424.41ms
step:968/3350 train_time:2346.234s step_avg:2423.80ms
step:969/3350 train_time:2349.342s step_avg:2424.50ms
step:970/3350 train_time:2351.177s step_avg:2423.89ms
step:971/3350 train_time:2354.287s step_avg:2424.60ms
step:972/3350 train_time:2356.124s step_avg:2424.00ms
step:973/3350 train_time:2359.231s step_avg:2424.70ms
step:974/3350 train_time:2361.068s step_avg:2424.09ms
step:975/3350 train_time:2364.478s step_avg:2425.11ms
step:976/3350 train_time:2366.315s step_avg:2424.50ms
step:977/3350 train_time:2369.430s step_avg:2425.21ms
step:978/3350 train_time:2371.266s step_avg:2424.61ms
step:979/3350 train_time:2374.379s step_avg:2425.31ms
step:980/3350 train_time:2376.220s step_avg:2424.71ms
step:981/3350 train_time:2379.336s step_avg:2425.42ms
step:982/3350 train_time:2381.173s step_avg:2424.82ms
step:983/3350 train_time:2384.282s step_avg:2425.52ms
step:984/3350 train_time:2386.118s step_avg:2424.92ms
step:985/3350 train_time:2389.230s step_avg:2425.61ms
step:986/3350 train_time:2391.063s step_avg:2425.01ms
step:987/3350 train_time:2394.177s step_avg:2425.71ms
step:988/3350 train_time:2396.012s step_avg:2425.11ms
step:989/3350 train_time:2399.121s step_avg:2425.80ms
step:990/3350 train_time:2400.955s step_avg:2425.21ms
step:991/3350 train_time:2404.066s step_avg:2425.90ms
step:992/3350 train_time:2405.901s step_avg:2425.30ms
step:993/3350 train_time:2409.011s step_avg:2425.99ms
step:994/3350 train_time:2410.849s step_avg:2425.40ms
step:995/3350 train_time:2413.956s step_avg:2426.09ms
step:996/3350 train_time:2415.787s step_avg:2425.49ms
step:997/3350 train_time:2418.892s step_avg:2426.17ms
step:998/3350 train_time:2420.723s step_avg:2425.57ms
step:999/3350 train_time:2423.833s step_avg:2426.26ms
step:1000/3350 train_time:2426.035s step_avg:2426.03ms
step:1000/3350 val_loss:3.61339 train_time:2426.035s step_avg:2480.73ms
step:1001/3350 train_time:2429.139s step_avg:2426.71ms
step:1002/3350 train_time:2430.973s step_avg:2426.12ms
step:1003/3350 train_time:2434.083s step_avg:2426.80ms
step:1004/3350 train_time:2435.915s step_avg:2426.21ms
step:1005/3350 train_time:2439.029s step_avg:2426.89ms
step:1006/3350 train_time:2440.866s step_avg:2426.31ms
step:1007/3350 train_time:2443.974s step_avg:2426.99ms
step:1008/3350 train_time:2445.809s step_avg:2426.40ms
step:1009/3350 train_time:2448.918s step_avg:2427.07ms
step:1010/3350 train_time:2450.753s step_avg:2426.49ms
step:1011/3350 train_time:2453.863s step_avg:2427.16ms
step:1012/3350 train_time:2455.698s step_avg:2426.58ms
step:1013/3350 train_time:2458.807s step_avg:2427.25ms
step:1014/3350 train_time:2460.637s step_avg:2426.66ms
step:1015/3350 train_time:2463.746s step_avg:2427.34ms
step:1016/3350 train_time:2465.581s step_avg:2426.75ms
step:1017/3350 train_time:2468.686s step_avg:2427.42ms
step:1018/3350 train_time:2470.521s step_avg:2426.84ms
step:1019/3350 train_time:2473.631s step_avg:2427.51ms
step:1020/3350 train_time:2475.462s step_avg:2426.92ms
step:1021/3350 train_time:2478.572s step_avg:2427.59ms
step:1022/3350 train_time:2480.405s step_avg:2427.01ms
step:1023/3350 train_time:2483.516s step_avg:2427.68ms
step:1024/3350 train_time:2485.351s step_avg:2427.10ms
step:1025/3350 train_time:2488.746s step_avg:2428.05ms
step:1026/3350 train_time:2490.581s step_avg:2427.47ms
step:1027/3350 train_time:2493.689s step_avg:2428.13ms
step:1028/3350 train_time:2495.526s step_avg:2427.55ms
step:1029/3350 train_time:2498.632s step_avg:2428.21ms
step:1030/3350 train_time:2500.466s step_avg:2427.64ms
step:1031/3350 train_time:2503.574s step_avg:2428.30ms
step:1032/3350 train_time:2505.410s step_avg:2427.72ms
step:1033/3350 train_time:2508.517s step_avg:2428.38ms
step:1034/3350 train_time:2510.349s step_avg:2427.80ms
step:1035/3350 train_time:2513.456s step_avg:2428.46ms
step:1036/3350 train_time:2515.288s step_avg:2427.88ms
step:1037/3350 train_time:2518.399s step_avg:2428.54ms
step:1038/3350 train_time:2520.234s step_avg:2427.97ms
step:1039/3350 train_time:2523.340s step_avg:2428.62ms
step:1040/3350 train_time:2525.173s step_avg:2428.05ms
step:1041/3350 train_time:2528.282s step_avg:2428.70ms
step:1042/3350 train_time:2530.114s step_avg:2428.13ms
step:1043/3350 train_time:2533.224s step_avg:2428.79ms
step:1044/3350 train_time:2535.058s step_avg:2428.22ms
step:1045/3350 train_time:2538.168s step_avg:2428.87ms
step:1046/3350 train_time:2540.002s step_avg:2428.30ms
step:1047/3350 train_time:2543.113s step_avg:2428.95ms
step:1048/3350 train_time:2544.946s step_avg:2428.38ms
step:1049/3350 train_time:2548.055s step_avg:2429.03ms
step:1050/3350 train_time:2550.178s step_avg:2428.74ms
step:1051/3350 train_time:2553.282s step_avg:2429.38ms
step:1052/3350 train_time:2555.114s step_avg:2428.82ms
step:1053/3350 train_time:2558.222s step_avg:2429.46ms
step:1054/3350 train_time:2560.054s step_avg:2428.89ms
step:1055/3350 train_time:2563.161s step_avg:2429.54ms
step:1056/3350 train_time:2564.998s step_avg:2428.98ms
step:1057/3350 train_time:2568.108s step_avg:2429.62ms
step:1058/3350 train_time:2569.942s step_avg:2429.06ms
step:1059/3350 train_time:2573.053s step_avg:2429.70ms
step:1060/3350 train_time:2574.885s step_avg:2429.14ms
step:1061/3350 train_time:2577.993s step_avg:2429.78ms
step:1062/3350 train_time:2579.827s step_avg:2429.22ms
step:1063/3350 train_time:2582.937s step_avg:2429.86ms
step:1064/3350 train_time:2584.770s step_avg:2429.30ms
step:1065/3350 train_time:2587.885s step_avg:2429.94ms
step:1066/3350 train_time:2589.719s step_avg:2429.38ms
step:1067/3350 train_time:2592.832s step_avg:2430.02ms
step:1068/3350 train_time:2594.664s step_avg:2429.46ms
step:1069/3350 train_time:2597.784s step_avg:2430.11ms
step:1070/3350 train_time:2599.619s step_avg:2429.55ms
step:1071/3350 train_time:2602.732s step_avg:2430.19ms
step:1072/3350 train_time:2604.567s step_avg:2429.63ms
step:1073/3350 train_time:2607.678s step_avg:2430.27ms
step:1074/3350 train_time:2609.512s step_avg:2429.71ms
step:1075/3350 train_time:2612.913s step_avg:2430.62ms
step:1076/3350 train_time:2614.748s step_avg:2430.06ms
step:1077/3350 train_time:2617.862s step_avg:2430.70ms
step:1078/3350 train_time:2619.696s step_avg:2430.14ms
step:1079/3350 train_time:2622.809s step_avg:2430.78ms
step:1080/3350 train_time:2624.643s step_avg:2430.22ms
step:1081/3350 train_time:2627.752s step_avg:2430.85ms
step:1082/3350 train_time:2629.587s step_avg:2430.30ms
step:1083/3350 train_time:2632.693s step_avg:2430.93ms
step:1084/3350 train_time:2634.525s step_avg:2430.37ms
step:1085/3350 train_time:2637.640s step_avg:2431.00ms
step:1086/3350 train_time:2639.473s step_avg:2430.45ms
step:1087/3350 train_time:2642.584s step_avg:2431.08ms
step:1088/3350 train_time:2644.416s step_avg:2430.53ms
step:1089/3350 train_time:2647.527s step_avg:2431.15ms
step:1090/3350 train_time:2649.361s step_avg:2430.61ms
step:1091/3350 train_time:2652.474s step_avg:2431.23ms
step:1092/3350 train_time:2654.309s step_avg:2430.69ms
step:1093/3350 train_time:2657.417s step_avg:2431.31ms
step:1094/3350 train_time:2659.250s step_avg:2430.76ms
step:1095/3350 train_time:2662.357s step_avg:2431.38ms
step:1096/3350 train_time:2664.192s step_avg:2430.83ms
step:1097/3350 train_time:2667.308s step_avg:2431.46ms
step:1098/3350 train_time:2669.143s step_avg:2430.91ms
step:1099/3350 train_time:2672.253s step_avg:2431.53ms
step:1100/3350 train_time:2674.392s step_avg:2431.27ms
step:1101/3350 train_time:2677.493s step_avg:2431.87ms
step:1102/3350 train_time:2679.328s step_avg:2431.33ms
step:1103/3350 train_time:2682.437s step_avg:2431.95ms
step:1104/3350 train_time:2684.269s step_avg:2431.40ms
step:1105/3350 train_time:2687.378s step_avg:2432.02ms
step:1106/3350 train_time:2689.211s step_avg:2431.48ms
step:1107/3350 train_time:2692.320s step_avg:2432.09ms
step:1108/3350 train_time:2694.155s step_avg:2431.55ms
step:1109/3350 train_time:2697.264s step_avg:2432.16ms
step:1110/3350 train_time:2699.097s step_avg:2431.62ms
step:1111/3350 train_time:2702.207s step_avg:2432.23ms
step:1112/3350 train_time:2704.040s step_avg:2431.69ms
step:1113/3350 train_time:2707.147s step_avg:2432.30ms
step:1114/3350 train_time:2708.978s step_avg:2431.76ms
step:1115/3350 train_time:2712.095s step_avg:2432.37ms
step:1116/3350 train_time:2713.929s step_avg:2431.84ms
step:1117/3350 train_time:2717.046s step_avg:2432.45ms
step:1118/3350 train_time:2718.879s step_avg:2431.91ms
step:1119/3350 train_time:2721.992s step_avg:2432.52ms
step:1120/3350 train_time:2723.826s step_avg:2431.99ms
step:1121/3350 train_time:2726.937s step_avg:2432.59ms
step:1122/3350 train_time:2728.768s step_avg:2432.06ms
step:1123/3350 train_time:2731.877s step_avg:2432.66ms
step:1124/3350 train_time:2733.715s step_avg:2432.13ms
step:1125/3350 train_time:2737.175s step_avg:2433.04ms
step:1125/3350 val_loss:3.58705 train_time:2737.175s step_avg:2489.12ms
step:1126/3350 train_time:2739.009s step_avg:2432.51ms
step:1127/3350 train_time:2742.120s step_avg:2433.11ms
step:1128/3350 train_time:2743.958s step_avg:2432.59ms
step:1129/3350 train_time:2747.066s step_avg:2433.18ms
step:1130/3350 train_time:2748.899s step_avg:2432.65ms
step:1131/3350 train_time:2752.009s step_avg:2433.25ms
step:1132/3350 train_time:2753.843s step_avg:2432.72ms
step:1133/3350 train_time:2756.957s step_avg:2433.32ms
step:1134/3350 train_time:2758.794s step_avg:2432.80ms
step:1135/3350 train_time:2761.909s step_avg:2433.40ms
step:1136/3350 train_time:2763.744s step_avg:2432.87ms
step:1137/3350 train_time:2766.854s step_avg:2433.47ms
step:1138/3350 train_time:2768.688s step_avg:2432.94ms
step:1139/3350 train_time:2771.797s step_avg:2433.54ms
step:1140/3350 train_time:2773.631s step_avg:2433.01ms
step:1141/3350 train_time:2776.770s step_avg:2433.63ms
step:1142/3350 train_time:2778.602s step_avg:2433.10ms
step:1143/3350 train_time:2781.709s step_avg:2433.69ms
step:1144/3350 train_time:2783.543s step_avg:2433.17ms
step:1145/3350 train_time:2786.652s step_avg:2433.76ms
step:1146/3350 train_time:2788.485s step_avg:2433.23ms
step:1147/3350 train_time:2791.596s step_avg:2433.82ms
step:1148/3350 train_time:2793.432s step_avg:2433.30ms
step:1149/3350 train_time:2796.543s step_avg:2433.89ms
step:1150/3350 train_time:2798.667s step_avg:2433.62ms
step:1151/3350 train_time:2801.774s step_avg:2434.21ms
step:1152/3350 train_time:2803.609s step_avg:2433.69ms
step:1153/3350 train_time:2806.716s step_avg:2434.27ms
step:1154/3350 train_time:2808.550s step_avg:2433.75ms
step:1155/3350 train_time:2811.663s step_avg:2434.34ms
step:1156/3350 train_time:2813.497s step_avg:2433.82ms
step:1157/3350 train_time:2816.603s step_avg:2434.40ms
step:1158/3350 train_time:2818.435s step_avg:2433.88ms
step:1159/3350 train_time:2821.547s step_avg:2434.47ms
step:1160/3350 train_time:2823.383s step_avg:2433.95ms
step:1161/3350 train_time:2826.492s step_avg:2434.53ms
step:1162/3350 train_time:2828.326s step_avg:2434.02ms
step:1163/3350 train_time:2831.437s step_avg:2434.60ms
step:1164/3350 train_time:2833.271s step_avg:2434.08ms
step:1165/3350 train_time:2836.380s step_avg:2434.66ms
step:1166/3350 train_time:2838.212s step_avg:2434.14ms
step:1167/3350 train_time:2841.320s step_avg:2434.72ms
step:1168/3350 train_time:2843.152s step_avg:2434.21ms
step:1169/3350 train_time:2846.259s step_avg:2434.78ms
step:1170/3350 train_time:2848.094s step_avg:2434.27ms
step:1171/3350 train_time:2851.203s step_avg:2434.84ms
step:1172/3350 train_time:2853.036s step_avg:2434.33ms
step:1173/3350 train_time:2856.138s step_avg:2434.90ms
step:1174/3350 train_time:2857.975s step_avg:2434.39ms
step:1175/3350 train_time:2861.369s step_avg:2435.21ms
step:1176/3350 train_time:2863.202s step_avg:2434.70ms
step:1177/3350 train_time:2866.311s step_avg:2435.27ms
step:1178/3350 train_time:2868.145s step_avg:2434.76ms
step:1179/3350 train_time:2871.254s step_avg:2435.33ms
step:1180/3350 train_time:2873.089s step_avg:2434.82ms
step:1181/3350 train_time:2876.200s step_avg:2435.39ms
step:1182/3350 train_time:2878.033s step_avg:2434.88ms
step:1183/3350 train_time:2881.142s step_avg:2435.45ms
step:1184/3350 train_time:2882.974s step_avg:2434.94ms
step:1185/3350 train_time:2886.080s step_avg:2435.51ms
step:1186/3350 train_time:2887.915s step_avg:2435.00ms
step:1187/3350 train_time:2891.021s step_avg:2435.57ms
step:1188/3350 train_time:2892.857s step_avg:2435.07ms
step:1189/3350 train_time:2895.969s step_avg:2435.63ms
step:1190/3350 train_time:2897.803s step_avg:2435.13ms
step:1191/3350 train_time:2900.913s step_avg:2435.70ms
step:1192/3350 train_time:2902.747s step_avg:2435.19ms
step:1193/3350 train_time:2905.858s step_avg:2435.76ms
step:1194/3350 train_time:2907.691s step_avg:2435.25ms
step:1195/3350 train_time:2910.800s step_avg:2435.82ms
step:1196/3350 train_time:2912.636s step_avg:2435.31ms
step:1197/3350 train_time:2915.749s step_avg:2435.88ms
step:1198/3350 train_time:2917.583s step_avg:2435.38ms
step:1199/3350 train_time:2920.691s step_avg:2435.94ms
step:1200/3350 train_time:2922.830s step_avg:2435.69ms
step:1201/3350 train_time:2925.933s step_avg:2436.25ms
step:1202/3350 train_time:2927.765s step_avg:2435.74ms
step:1203/3350 train_time:2930.873s step_avg:2436.30ms
step:1204/3350 train_time:2932.708s step_avg:2435.80ms
step:1205/3350 train_time:2935.816s step_avg:2436.36ms
step:1206/3350 train_time:2937.645s step_avg:2435.86ms
step:1207/3350 train_time:2940.761s step_avg:2436.42ms
step:1208/3350 train_time:2942.593s step_avg:2435.92ms
step:1209/3350 train_time:2945.704s step_avg:2436.48ms
step:1210/3350 train_time:2947.536s step_avg:2435.98ms
step:1211/3350 train_time:2950.650s step_avg:2436.54ms
step:1212/3350 train_time:2952.483s step_avg:2436.04ms
step:1213/3350 train_time:2955.598s step_avg:2436.60ms
step:1214/3350 train_time:2957.430s step_avg:2436.10ms
step:1215/3350 train_time:2960.541s step_avg:2436.66ms
step:1216/3350 train_time:2962.378s step_avg:2436.17ms
step:1217/3350 train_time:2965.489s step_avg:2436.72ms
step:1218/3350 train_time:2967.323s step_avg:2436.23ms
step:1219/3350 train_time:2970.434s step_avg:2436.78ms
step:1220/3350 train_time:2972.268s step_avg:2436.28ms
step:1221/3350 train_time:2975.378s step_avg:2436.84ms
step:1222/3350 train_time:2977.211s step_avg:2436.34ms
step:1223/3350 train_time:2980.324s step_avg:2436.90ms
step:1224/3350 train_time:2982.160s step_avg:2436.41ms
step:1225/3350 train_time:2985.560s step_avg:2437.19ms
step:1226/3350 train_time:2987.392s step_avg:2436.70ms
step:1227/3350 train_time:2990.506s step_avg:2437.25ms
step:1228/3350 train_time:2992.345s step_avg:2436.76ms
step:1229/3350 train_time:2995.463s step_avg:2437.32ms
step:1230/3350 train_time:2997.294s step_avg:2436.82ms
step:1231/3350 train_time:3000.409s step_avg:2437.38ms
step:1232/3350 train_time:3002.248s step_avg:2436.89ms
step:1233/3350 train_time:3005.361s step_avg:2437.44ms
step:1234/3350 train_time:3007.195s step_avg:2436.95ms
step:1235/3350 train_time:3010.305s step_avg:2437.49ms
step:1236/3350 train_time:3012.139s step_avg:2437.01ms
step:1237/3350 train_time:3015.249s step_avg:2437.55ms
step:1238/3350 train_time:3017.083s step_avg:2437.06ms
step:1239/3350 train_time:3020.190s step_avg:2437.60ms
step:1240/3350 train_time:3022.028s step_avg:2437.12ms
step:1241/3350 train_time:3025.137s step_avg:2437.66ms
step:1242/3350 train_time:3026.971s step_avg:2437.17ms
step:1243/3350 train_time:3030.083s step_avg:2437.72ms
step:1244/3350 train_time:3031.933s step_avg:2437.25ms
step:1245/3350 train_time:3035.044s step_avg:2437.79ms
step:1246/3350 train_time:3036.877s step_avg:2437.30ms
step:1247/3350 train_time:3039.989s step_avg:2437.84ms
step:1248/3350 train_time:3041.823s step_avg:2437.36ms
step:1249/3350 train_time:3044.935s step_avg:2437.90ms
step:1250/3350 train_time:3047.125s step_avg:2437.70ms
step:1250/3350 val_loss:3.55876 train_time:3047.125s step_avg:2479.60ms
step:1251/3350 train_time:3050.232s step_avg:2438.24ms
step:1252/3350 train_time:3052.064s step_avg:2437.75ms
step:1253/3350 train_time:3055.171s step_avg:2438.29ms
step:1254/3350 train_time:3057.004s step_avg:2437.80ms
step:1255/3350 train_time:3060.115s step_avg:2438.34ms
step:1256/3350 train_time:3061.952s step_avg:2437.86ms
step:1257/3350 train_time:3065.059s step_avg:2438.39ms
step:1258/3350 train_time:3066.893s step_avg:2437.91ms
step:1259/3350 train_time:3070.001s step_avg:2438.44ms
step:1260/3350 train_time:3071.835s step_avg:2437.96ms
step:1261/3350 train_time:3074.942s step_avg:2438.49ms
step:1262/3350 train_time:3076.777s step_avg:2438.02ms
step:1263/3350 train_time:3079.885s step_avg:2438.55ms
step:1264/3350 train_time:3081.723s step_avg:2438.07ms
step:1265/3350 train_time:3084.833s step_avg:2438.60ms
step:1266/3350 train_time:3086.667s step_avg:2438.13ms
step:1267/3350 train_time:3089.782s step_avg:2438.66ms
step:1268/3350 train_time:3091.617s step_avg:2438.18ms
step:1269/3350 train_time:3094.728s step_avg:2438.71ms
step:1270/3350 train_time:3096.563s step_avg:2438.24ms
step:1271/3350 train_time:3099.672s step_avg:2438.77ms
step:1272/3350 train_time:3101.506s step_avg:2438.29ms
step:1273/3350 train_time:3104.614s step_avg:2438.82ms
step:1274/3350 train_time:3106.448s step_avg:2438.34ms
step:1275/3350 train_time:3109.843s step_avg:2439.09ms
step:1276/3350 train_time:3111.677s step_avg:2438.62ms
step:1277/3350 train_time:3114.783s step_avg:2439.14ms
step:1278/3350 train_time:3116.614s step_avg:2438.67ms
step:1279/3350 train_time:3119.722s step_avg:2439.19ms
step:1280/3350 train_time:3121.558s step_avg:2438.72ms
step:1281/3350 train_time:3124.663s step_avg:2439.24ms
step:1282/3350 train_time:3126.497s step_avg:2438.76ms
step:1283/3350 train_time:3129.604s step_avg:2439.29ms
step:1284/3350 train_time:3131.437s step_avg:2438.81ms
step:1285/3350 train_time:3134.549s step_avg:2439.34ms
step:1286/3350 train_time:3136.382s step_avg:2438.87ms
step:1287/3350 train_time:3139.489s step_avg:2439.39ms
step:1288/3350 train_time:3141.323s step_avg:2438.92ms
step:1289/3350 train_time:3144.432s step_avg:2439.44ms
step:1290/3350 train_time:3146.265s step_avg:2438.96ms
step:1291/3350 train_time:3149.371s step_avg:2439.48ms
step:1292/3350 train_time:3151.207s step_avg:2439.01ms
step:1293/3350 train_time:3154.315s step_avg:2439.53ms
step:1294/3350 train_time:3156.149s step_avg:2439.06ms
step:1295/3350 train_time:3159.258s step_avg:2439.58ms
step:1296/3350 train_time:3161.094s step_avg:2439.12ms
step:1297/3350 train_time:3164.207s step_avg:2439.64ms
step:1298/3350 train_time:3166.041s step_avg:2439.17ms
step:1299/3350 train_time:3169.148s step_avg:2439.68ms
step:1300/3350 train_time:3171.290s step_avg:2439.45ms
step:1301/3350 train_time:3174.397s step_avg:2439.97ms
step:1302/3350 train_time:3176.231s step_avg:2439.50ms
step:1303/3350 train_time:3179.339s step_avg:2440.01ms
step:1304/3350 train_time:3181.175s step_avg:2439.55ms
step:1305/3350 train_time:3184.288s step_avg:2440.07ms
step:1306/3350 train_time:3186.123s step_avg:2439.60ms
step:1307/3350 train_time:3189.232s step_avg:2440.12ms
step:1308/3350 train_time:3191.066s step_avg:2439.65ms
step:1309/3350 train_time:3194.175s step_avg:2440.16ms
step:1310/3350 train_time:3196.010s step_avg:2439.70ms
step:1311/3350 train_time:3199.127s step_avg:2440.22ms
step:1312/3350 train_time:3200.962s step_avg:2439.76ms
step:1313/3350 train_time:3204.071s step_avg:2440.27ms
step:1314/3350 train_time:3205.904s step_avg:2439.80ms
step:1315/3350 train_time:3209.014s step_avg:2440.31ms
step:1316/3350 train_time:3210.851s step_avg:2439.86ms
step:1317/3350 train_time:3213.961s step_avg:2440.36ms
step:1318/3350 train_time:3215.795s step_avg:2439.91ms
step:1319/3350 train_time:3218.906s step_avg:2440.41ms
step:1320/3350 train_time:3220.740s step_avg:2439.95ms
step:1321/3350 train_time:3223.850s step_avg:2440.46ms
step:1322/3350 train_time:3225.687s step_avg:2440.01ms
step:1323/3350 train_time:3228.798s step_avg:2440.51ms
step:1324/3350 train_time:3230.632s step_avg:2440.05ms
step:1325/3350 train_time:3234.027s step_avg:2440.78ms
step:1326/3350 train_time:3235.862s step_avg:2440.32ms
step:1327/3350 train_time:3238.971s step_avg:2440.82ms
step:1328/3350 train_time:3240.803s step_avg:2440.36ms
step:1329/3350 train_time:3243.913s step_avg:2440.87ms
step:1330/3350 train_time:3245.746s step_avg:2440.41ms
step:1331/3350 train_time:3248.888s step_avg:2440.94ms
step:1332/3350 train_time:3250.722s step_avg:2440.48ms
step:1333/3350 train_time:3253.830s step_avg:2440.98ms
step:1334/3350 train_time:3255.662s step_avg:2440.53ms
step:1335/3350 train_time:3258.770s step_avg:2441.03ms
step:1336/3350 train_time:3260.607s step_avg:2440.57ms
step:1337/3350 train_time:3263.717s step_avg:2441.07ms
step:1338/3350 train_time:3265.548s step_avg:2440.62ms
step:1339/3350 train_time:3268.666s step_avg:2441.12ms
step:1340/3350 train_time:3270.499s step_avg:2440.67ms
step:1341/3350 train_time:3273.610s step_avg:2441.17ms
step:1342/3350 train_time:3275.449s step_avg:2440.72ms
step:1343/3350 train_time:3278.565s step_avg:2441.22ms
step:1344/3350 train_time:3280.402s step_avg:2440.78ms
step:1345/3350 train_time:3283.510s step_avg:2441.27ms
step:1346/3350 train_time:3285.344s step_avg:2440.82ms
step:1347/3350 train_time:3288.454s step_avg:2441.32ms
step:1348/3350 train_time:3290.287s step_avg:2440.87ms
step:1349/3350 train_time:3293.394s step_avg:2441.36ms
step:1350/3350 train_time:3295.520s step_avg:2441.13ms
step:1351/3350 train_time:3298.624s step_avg:2441.62ms
step:1352/3350 train_time:3300.463s step_avg:2441.17ms
step:1353/3350 train_time:3303.572s step_avg:2441.66ms
step:1354/3350 train_time:3305.405s step_avg:2441.21ms
step:1355/3350 train_time:3308.523s step_avg:2441.71ms
step:1356/3350 train_time:3310.359s step_avg:2441.27ms
step:1357/3350 train_time:3313.466s step_avg:2441.76ms
step:1358/3350 train_time:3315.299s step_avg:2441.31ms
step:1359/3350 train_time:3318.409s step_avg:2441.80ms
step:1360/3350 train_time:3320.246s step_avg:2441.36ms
step:1361/3350 train_time:3323.356s step_avg:2441.85ms
step:1362/3350 train_time:3325.188s step_avg:2441.40ms
step:1363/3350 train_time:3328.300s step_avg:2441.89ms
step:1364/3350 train_time:3330.134s step_avg:2441.45ms
step:1365/3350 train_time:3333.244s step_avg:2441.94ms
step:1366/3350 train_time:3335.080s step_avg:2441.49ms
step:1367/3350 train_time:3338.197s step_avg:2441.99ms
step:1368/3350 train_time:3340.034s step_avg:2441.55ms
step:1369/3350 train_time:3343.154s step_avg:2442.04ms
step:1370/3350 train_time:3344.987s step_avg:2441.60ms
step:1371/3350 train_time:3348.099s step_avg:2442.09ms
step:1372/3350 train_time:3349.936s step_avg:2441.64ms
step:1373/3350 train_time:3353.045s step_avg:2442.13ms
step:1374/3350 train_time:3354.881s step_avg:2441.69ms
step:1375/3350 train_time:3358.345s step_avg:2442.43ms
step:1375/3350 val_loss:3.53410 train_time:3358.346s step_avg:2489.76ms
step:1376/3350 train_time:3360.181s step_avg:2441.99ms
step:1377/3350 train_time:3363.291s step_avg:2442.48ms
step:1378/3350 train_time:3365.123s step_avg:2442.03ms
step:1379/3350 train_time:3368.232s step_avg:2442.52ms
step:1380/3350 train_time:3370.066s step_avg:2442.08ms
step:1381/3350 train_time:3373.175s step_avg:2442.56ms
step:1382/3350 train_time:3375.009s step_avg:2442.12ms
step:1383/3350 train_time:3378.122s step_avg:2442.60ms
step:1384/3350 train_time:3379.958s step_avg:2442.17ms
step:1385/3350 train_time:3383.067s step_avg:2442.65ms
step:1386/3350 train_time:3384.900s step_avg:2442.21ms
step:1387/3350 train_time:3388.007s step_avg:2442.69ms
step:1388/3350 train_time:3389.842s step_avg:2442.25ms
step:1389/3350 train_time:3392.951s step_avg:2442.73ms
step:1390/3350 train_time:3394.785s step_avg:2442.29ms
step:1391/3350 train_time:3397.896s step_avg:2442.77ms
step:1392/3350 train_time:3399.730s step_avg:2442.34ms
step:1393/3350 train_time:3402.843s step_avg:2442.82ms
step:1394/3350 train_time:3404.675s step_avg:2442.38ms
step:1395/3350 train_time:3407.788s step_avg:2442.86ms
step:1396/3350 train_time:3409.622s step_avg:2442.42ms
step:1397/3350 train_time:3412.733s step_avg:2442.90ms
step:1398/3350 train_time:3414.571s step_avg:2442.47ms
step:1399/3350 train_time:3417.683s step_avg:2442.95ms
step:1400/3350 train_time:3419.821s step_avg:2442.73ms
step:1401/3350 train_time:3422.926s step_avg:2443.20ms
step:1402/3350 train_time:3424.759s step_avg:2442.77ms
step:1403/3350 train_time:3427.873s step_avg:2443.25ms
step:1404/3350 train_time:3429.712s step_avg:2442.81ms
step:1405/3350 train_time:3432.830s step_avg:2443.30ms
step:1406/3350 train_time:3434.667s step_avg:2442.86ms
step:1407/3350 train_time:3437.787s step_avg:2443.35ms
step:1408/3350 train_time:3439.629s step_avg:2442.92ms
step:1409/3350 train_time:3442.747s step_avg:2443.40ms
step:1410/3350 train_time:3444.586s step_avg:2442.97ms
step:1411/3350 train_time:3447.702s step_avg:2443.45ms
step:1412/3350 train_time:3449.538s step_avg:2443.02ms
step:1413/3350 train_time:3452.651s step_avg:2443.49ms
step:1414/3350 train_time:3454.487s step_avg:2443.06ms
step:1415/3350 train_time:3457.606s step_avg:2443.54ms
step:1416/3350 train_time:3459.442s step_avg:2443.11ms
step:1417/3350 train_time:3462.558s step_avg:2443.58ms
step:1418/3350 train_time:3464.396s step_avg:2443.16ms
step:1419/3350 train_time:3467.508s step_avg:2443.63ms
step:1420/3350 train_time:3469.349s step_avg:2443.20ms
step:1421/3350 train_time:3472.465s step_avg:2443.68ms
step:1422/3350 train_time:3474.300s step_avg:2443.25ms
step:1423/3350 train_time:3477.415s step_avg:2443.72ms
step:1424/3350 train_time:3479.254s step_avg:2443.30ms
step:1425/3350 train_time:3482.662s step_avg:2443.97ms
step:1426/3350 train_time:3484.498s step_avg:2443.55ms
step:1427/3350 train_time:3487.614s step_avg:2444.02ms
step:1428/3350 train_time:3489.451s step_avg:2443.59ms
step:1429/3350 train_time:3492.571s step_avg:2444.07ms
step:1430/3350 train_time:3494.405s step_avg:2443.64ms
step:1431/3350 train_time:3497.523s step_avg:2444.11ms
step:1432/3350 train_time:3499.363s step_avg:2443.69ms
step:1433/3350 train_time:3502.475s step_avg:2444.16ms
step:1434/3350 train_time:3504.310s step_avg:2443.73ms
step:1435/3350 train_time:3507.425s step_avg:2444.20ms
step:1436/3350 train_time:3509.263s step_avg:2443.78ms
step:1437/3350 train_time:3512.380s step_avg:2444.25ms
step:1438/3350 train_time:3514.215s step_avg:2443.82ms
step:1439/3350 train_time:3517.326s step_avg:2444.29ms
step:1440/3350 train_time:3519.163s step_avg:2443.86ms
step:1441/3350 train_time:3522.275s step_avg:2444.33ms
step:1442/3350 train_time:3524.110s step_avg:2443.90ms
step:1443/3350 train_time:3527.226s step_avg:2444.37ms
step:1444/3350 train_time:3529.060s step_avg:2443.95ms
step:1445/3350 train_time:3532.179s step_avg:2444.41ms
step:1446/3350 train_time:3534.012s step_avg:2443.99ms
step:1447/3350 train_time:3537.125s step_avg:2444.45ms
step:1448/3350 train_time:3538.960s step_avg:2444.03ms
step:1449/3350 train_time:3542.074s step_avg:2444.50ms
step:1450/3350 train_time:3544.213s step_avg:2444.28ms
step:1451/3350 train_time:3547.319s step_avg:2444.74ms
step:1452/3350 train_time:3549.154s step_avg:2444.32ms
step:1453/3350 train_time:3552.270s step_avg:2444.78ms
step:1454/3350 train_time:3554.105s step_avg:2444.36ms
step:1455/3350 train_time:3557.219s step_avg:2444.82ms
step:1456/3350 train_time:3559.055s step_avg:2444.41ms
step:1457/3350 train_time:3562.170s step_avg:2444.87ms
step:1458/3350 train_time:3564.003s step_avg:2444.45ms
step:1459/3350 train_time:3567.112s step_avg:2444.90ms
step:1460/3350 train_time:3568.950s step_avg:2444.49ms
step:1461/3350 train_time:3572.061s step_avg:2444.94ms
step:1462/3350 train_time:3573.895s step_avg:2444.52ms
step:1463/3350 train_time:3577.006s step_avg:2444.98ms
step:1464/3350 train_time:3578.844s step_avg:2444.57ms
step:1465/3350 train_time:3581.956s step_avg:2445.02ms
step:1466/3350 train_time:3583.790s step_avg:2444.60ms
step:1467/3350 train_time:3586.900s step_avg:2445.06ms
step:1468/3350 train_time:3588.731s step_avg:2444.64ms
step:1469/3350 train_time:3591.845s step_avg:2445.10ms
step:1470/3350 train_time:3593.678s step_avg:2444.68ms
step:1471/3350 train_time:3596.786s step_avg:2445.13ms
step:1472/3350 train_time:3598.621s step_avg:2444.72ms
step:1473/3350 train_time:3601.730s step_avg:2445.17ms
step:1474/3350 train_time:3603.564s step_avg:2444.75ms
step:1475/3350 train_time:3606.957s step_avg:2445.39ms
step:1476/3350 train_time:3608.789s step_avg:2444.98ms
step:1477/3350 train_time:3611.899s step_avg:2445.43ms
step:1478/3350 train_time:3613.731s step_avg:2445.01ms
step:1479/3350 train_time:3616.845s step_avg:2445.47ms
step:1480/3350 train_time:3618.681s step_avg:2445.05ms
step:1481/3350 train_time:3621.790s step_avg:2445.50ms
step:1482/3350 train_time:3623.623s step_avg:2445.09ms
step:1483/3350 train_time:3626.734s step_avg:2445.54ms
step:1484/3350 train_time:3628.571s step_avg:2445.13ms
step:1485/3350 train_time:3631.679s step_avg:2445.57ms
step:1486/3350 train_time:3633.512s step_avg:2445.16ms
step:1487/3350 train_time:3636.623s step_avg:2445.61ms
step:1488/3350 train_time:3638.459s step_avg:2445.20ms
step:1489/3350 train_time:3641.572s step_avg:2445.65ms
step:1490/3350 train_time:3643.408s step_avg:2445.24ms
step:1491/3350 train_time:3646.517s step_avg:2445.69ms
step:1492/3350 train_time:3648.351s step_avg:2445.28ms
step:1493/3350 train_time:3651.463s step_avg:2445.72ms
step:1494/3350 train_time:3653.294s step_avg:2445.31ms
step:1495/3350 train_time:3656.406s step_avg:2445.76ms
step:1496/3350 train_time:3658.244s step_avg:2445.35ms
step:1497/3350 train_time:3661.352s step_avg:2445.79ms
step:1498/3350 train_time:3663.188s step_avg:2445.39ms
step:1499/3350 train_time:3666.302s step_avg:2445.83ms
step:1500/3350 train_time:3668.508s step_avg:2445.67ms
step:1500/3350 val_loss:3.50547 train_time:3668.509s step_avg:2481.31ms
step:1501/3350 train_time:3671.614s step_avg:2446.11ms
step:1502/3350 train_time:3673.450s step_avg:2445.71ms
step:1503/3350 train_time:3676.560s step_avg:2446.15ms
step:1504/3350 train_time:3678.395s step_avg:2445.74ms
step:1505/3350 train_time:3681.502s step_avg:2446.18ms
step:1506/3350 train_time:3683.334s step_avg:2445.77ms
step:1507/3350 train_time:3686.445s step_avg:2446.21ms
step:1508/3350 train_time:3688.280s step_avg:2445.81ms
step:1509/3350 train_time:3691.387s step_avg:2446.25ms
step:1510/3350 train_time:3693.221s step_avg:2445.84ms
step:1511/3350 train_time:3696.332s step_avg:2446.28ms
step:1512/3350 train_time:3698.165s step_avg:2445.88ms
step:1513/3350 train_time:3701.271s step_avg:2446.31ms
step:1514/3350 train_time:3703.106s step_avg:2445.91ms
step:1515/3350 train_time:3706.214s step_avg:2446.35ms
step:1516/3350 train_time:3708.049s step_avg:2445.94ms
step:1517/3350 train_time:3711.158s step_avg:2446.38ms
step:1518/3350 train_time:3712.990s step_avg:2445.97ms
step:1519/3350 train_time:3716.098s step_avg:2446.41ms
step:1520/3350 train_time:3717.936s step_avg:2446.01ms
step:1521/3350 train_time:3721.074s step_avg:2446.47ms
step:1522/3350 train_time:3722.907s step_avg:2446.06ms
step:1523/3350 train_time:3726.019s step_avg:2446.50ms
step:1524/3350 train_time:3727.850s step_avg:2446.10ms
step:1525/3350 train_time:3731.246s step_avg:2446.72ms
step:1526/3350 train_time:3733.081s step_avg:2446.32ms
step:1527/3350 train_time:3736.189s step_avg:2446.75ms
step:1528/3350 train_time:3738.023s step_avg:2446.35ms
step:1529/3350 train_time:3741.135s step_avg:2446.79ms
step:1530/3350 train_time:3742.973s step_avg:2446.39ms
step:1531/3350 train_time:3746.082s step_avg:2446.82ms
step:1532/3350 train_time:3747.918s step_avg:2446.42ms
step:1533/3350 train_time:3751.027s step_avg:2446.85ms
step:1534/3350 train_time:3752.859s step_avg:2446.45ms
step:1535/3350 train_time:3755.970s step_avg:2446.89ms
step:1536/3350 train_time:3757.807s step_avg:2446.49ms
step:1537/3350 train_time:3760.916s step_avg:2446.92ms
step:1538/3350 train_time:3762.751s step_avg:2446.52ms
step:1539/3350 train_time:3765.862s step_avg:2446.95ms
step:1540/3350 train_time:3767.698s step_avg:2446.56ms
step:1541/3350 train_time:3770.804s step_avg:2446.98ms
step:1542/3350 train_time:3772.638s step_avg:2446.59ms
step:1543/3350 train_time:3775.748s step_avg:2447.02ms
step:1544/3350 train_time:3777.583s step_avg:2446.62ms
step:1545/3350 train_time:3780.696s step_avg:2447.05ms
step:1546/3350 train_time:3782.532s step_avg:2446.66ms
step:1547/3350 train_time:3785.642s step_avg:2447.09ms
step:1548/3350 train_time:3787.478s step_avg:2446.69ms
step:1549/3350 train_time:3790.587s step_avg:2447.12ms
step:1550/3350 train_time:3792.716s step_avg:2446.91ms
step:1551/3350 train_time:3795.820s step_avg:2447.34ms
step:1552/3350 train_time:3797.655s step_avg:2446.94ms
step:1553/3350 train_time:3800.765s step_avg:2447.37ms
step:1554/3350 train_time:3802.599s step_avg:2446.97ms
step:1555/3350 train_time:3805.706s step_avg:2447.40ms
step:1556/3350 train_time:3807.543s step_avg:2447.01ms
step:1557/3350 train_time:3810.651s step_avg:2447.43ms
step:1558/3350 train_time:3812.489s step_avg:2447.04ms
step:1559/3350 train_time:3815.598s step_avg:2447.46ms
step:1560/3350 train_time:3817.434s step_avg:2447.07ms
step:1561/3350 train_time:3820.542s step_avg:2447.50ms
step:1562/3350 train_time:3822.376s step_avg:2447.10ms
step:1563/3350 train_time:3825.488s step_avg:2447.53ms
step:1564/3350 train_time:3827.321s step_avg:2447.14ms
step:1565/3350 train_time:3830.435s step_avg:2447.56ms
step:1566/3350 train_time:3832.269s step_avg:2447.17ms
step:1567/3350 train_time:3835.377s step_avg:2447.59ms
step:1568/3350 train_time:3837.214s step_avg:2447.20ms
step:1569/3350 train_time:3840.319s step_avg:2447.62ms
step:1570/3350 train_time:3842.154s step_avg:2447.23ms
step:1571/3350 train_time:3845.261s step_avg:2447.65ms
step:1572/3350 train_time:3847.099s step_avg:2447.26ms
step:1573/3350 train_time:3850.205s step_avg:2447.68ms
step:1574/3350 train_time:3852.037s step_avg:2447.29ms
step:1575/3350 train_time:3855.434s step_avg:2447.89ms
step:1576/3350 train_time:3857.268s step_avg:2447.51ms
step:1577/3350 train_time:3860.377s step_avg:2447.92ms
step:1578/3350 train_time:3862.211s step_avg:2447.54ms
step:1579/3350 train_time:3865.318s step_avg:2447.95ms
step:1580/3350 train_time:3867.152s step_avg:2447.56ms
step:1581/3350 train_time:3870.263s step_avg:2447.98ms
step:1582/3350 train_time:3872.099s step_avg:2447.60ms
step:1583/3350 train_time:3875.208s step_avg:2448.02ms
step:1584/3350 train_time:3877.041s step_avg:2447.63ms
step:1585/3350 train_time:3880.148s step_avg:2448.04ms
step:1586/3350 train_time:3881.984s step_avg:2447.66ms
step:1587/3350 train_time:3885.098s step_avg:2448.08ms
step:1588/3350 train_time:3886.933s step_avg:2447.69ms
step:1589/3350 train_time:3890.044s step_avg:2448.11ms
step:1590/3350 train_time:3891.876s step_avg:2447.72ms
step:1591/3350 train_time:3894.979s step_avg:2448.13ms
step:1592/3350 train_time:3896.813s step_avg:2447.75ms
step:1593/3350 train_time:3899.919s step_avg:2448.16ms
step:1594/3350 train_time:3901.752s step_avg:2447.77ms
step:1595/3350 train_time:3904.860s step_avg:2448.19ms
step:1596/3350 train_time:3906.699s step_avg:2447.81ms
step:1597/3350 train_time:3909.804s step_avg:2448.22ms
step:1598/3350 train_time:3911.636s step_avg:2447.83ms
step:1599/3350 train_time:3914.744s step_avg:2448.25ms
step:1600/3350 train_time:3916.888s step_avg:2448.06ms
step:1601/3350 train_time:3919.996s step_avg:2448.47ms
step:1602/3350 train_time:3921.826s step_avg:2448.08ms
step:1603/3350 train_time:3924.935s step_avg:2448.49ms
step:1604/3350 train_time:3926.771s step_avg:2448.11ms
step:1605/3350 train_time:3929.877s step_avg:2448.52ms
step:1606/3350 train_time:3931.712s step_avg:2448.14ms
step:1607/3350 train_time:3934.823s step_avg:2448.55ms
step:1608/3350 train_time:3936.657s step_avg:2448.17ms
step:1609/3350 train_time:3939.765s step_avg:2448.58ms
step:1610/3350 train_time:3941.599s step_avg:2448.20ms
step:1611/3350 train_time:3944.709s step_avg:2448.61ms
step:1612/3350 train_time:3946.544s step_avg:2448.23ms
step:1613/3350 train_time:3949.652s step_avg:2448.64ms
step:1614/3350 train_time:3951.484s step_avg:2448.26ms
step:1615/3350 train_time:3954.594s step_avg:2448.66ms
step:1616/3350 train_time:3956.429s step_avg:2448.29ms
step:1617/3350 train_time:3959.536s step_avg:2448.69ms
step:1618/3350 train_time:3961.370s step_avg:2448.31ms
step:1619/3350 train_time:3964.478s step_avg:2448.72ms
step:1620/3350 train_time:3966.312s step_avg:2448.34ms
step:1621/3350 train_time:3969.421s step_avg:2448.75ms
step:1622/3350 train_time:3971.255s step_avg:2448.37ms
step:1623/3350 train_time:3974.372s step_avg:2448.78ms
step:1624/3350 train_time:3976.206s step_avg:2448.40ms
step:1625/3350 train_time:3979.667s step_avg:2449.03ms
step:1625/3350 val_loss:3.48671 train_time:3979.668s step_avg:2489.27ms
step:1626/3350 train_time:3981.502s step_avg:2448.65ms
step:1627/3350 train_time:3984.610s step_avg:2449.05ms
step:1628/3350 train_time:3986.444s step_avg:2448.68ms
step:1629/3350 train_time:3989.552s step_avg:2449.08ms
step:1630/3350 train_time:3991.388s step_avg:2448.70ms
step:1631/3350 train_time:3994.494s step_avg:2449.11ms
step:1632/3350 train_time:3996.335s step_avg:2448.73ms
step:1633/3350 train_time:3999.450s step_avg:2449.14ms
step:1634/3350 train_time:4001.287s step_avg:2448.77ms
step:1635/3350 train_time:4004.405s step_avg:2449.18ms
step:1636/3350 train_time:4006.245s step_avg:2448.81ms
step:1637/3350 train_time:4009.359s step_avg:2449.21ms
step:1638/3350 train_time:4011.194s step_avg:2448.84ms
step:1639/3350 train_time:4014.309s step_avg:2449.24ms
step:1640/3350 train_time:4016.150s step_avg:2448.87ms
step:1641/3350 train_time:4019.266s step_avg:2449.28ms
step:1642/3350 train_time:4021.104s step_avg:2448.91ms
step:1643/3350 train_time:4024.222s step_avg:2449.31ms
step:1644/3350 train_time:4026.061s step_avg:2448.94ms
step:1645/3350 train_time:4029.179s step_avg:2449.35ms
step:1646/3350 train_time:4031.017s step_avg:2448.98ms
step:1647/3350 train_time:4034.133s step_avg:2449.38ms
step:1648/3350 train_time:4035.972s step_avg:2449.01ms
step:1649/3350 train_time:4039.082s step_avg:2449.41ms
step:1650/3350 train_time:4041.221s step_avg:2449.22ms
step:1651/3350 train_time:4044.331s step_avg:2449.62ms
step:1652/3350 train_time:4046.169s step_avg:2449.25ms
step:1653/3350 train_time:4049.287s step_avg:2449.66ms
step:1654/3350 train_time:4051.128s step_avg:2449.29ms
step:1655/3350 train_time:4054.246s step_avg:2449.70ms
step:1656/3350 train_time:4056.084s step_avg:2449.33ms
step:1657/3350 train_time:4059.194s step_avg:2449.72ms
step:1658/3350 train_time:4061.030s step_avg:2449.35ms
step:1659/3350 train_time:4064.140s step_avg:2449.75ms
step:1660/3350 train_time:4065.978s step_avg:2449.38ms
step:1661/3350 train_time:4069.091s step_avg:2449.78ms
step:1662/3350 train_time:4070.931s step_avg:2449.42ms
step:1663/3350 train_time:4074.042s step_avg:2449.81ms
step:1664/3350 train_time:4075.876s step_avg:2449.44ms
step:1665/3350 train_time:4078.990s step_avg:2449.84ms
step:1666/3350 train_time:4080.825s step_avg:2449.48ms
step:1667/3350 train_time:4083.938s step_avg:2449.87ms
step:1668/3350 train_time:4085.779s step_avg:2449.51ms
step:1669/3350 train_time:4088.885s step_avg:2449.90ms
step:1670/3350 train_time:4090.719s step_avg:2449.53ms
step:1671/3350 train_time:4093.835s step_avg:2449.93ms
step:1672/3350 train_time:4095.670s step_avg:2449.56ms
step:1673/3350 train_time:4098.787s step_avg:2449.96ms
step:1674/3350 train_time:4100.619s step_avg:2449.59ms
step:1675/3350 train_time:4104.037s step_avg:2450.17ms
step:1676/3350 train_time:4105.880s step_avg:2449.81ms
step:1677/3350 train_time:4108.998s step_avg:2450.21ms
step:1678/3350 train_time:4110.834s step_avg:2449.84ms
step:1679/3350 train_time:4113.949s step_avg:2450.24ms
step:1680/3350 train_time:4115.791s step_avg:2449.88ms
step:1681/3350 train_time:4118.902s step_avg:2450.27ms
step:1682/3350 train_time:4120.740s step_avg:2449.90ms
step:1683/3350 train_time:4123.855s step_avg:2450.30ms
step:1684/3350 train_time:4125.687s step_avg:2449.93ms
step:1685/3350 train_time:4128.795s step_avg:2450.32ms
step:1686/3350 train_time:4130.626s step_avg:2449.96ms
step:1687/3350 train_time:4133.736s step_avg:2450.35ms
step:1688/3350 train_time:4135.571s step_avg:2449.98ms
step:1689/3350 train_time:4138.680s step_avg:2450.37ms
step:1690/3350 train_time:4140.513s step_avg:2450.01ms
step:1691/3350 train_time:4143.621s step_avg:2450.40ms
step:1692/3350 train_time:4145.454s step_avg:2450.03ms
step:1693/3350 train_time:4148.562s step_avg:2450.42ms
step:1694/3350 train_time:4150.397s step_avg:2450.06ms
step:1695/3350 train_time:4153.507s step_avg:2450.45ms
step:1696/3350 train_time:4155.342s step_avg:2450.08ms
step:1697/3350 train_time:4158.450s step_avg:2450.47ms
step:1698/3350 train_time:4160.291s step_avg:2450.11ms
step:1699/3350 train_time:4163.401s step_avg:2450.50ms
step:1700/3350 train_time:4165.541s step_avg:2450.32ms
step:1701/3350 train_time:4168.647s step_avg:2450.70ms
step:1702/3350 train_time:4170.482s step_avg:2450.34ms
step:1703/3350 train_time:4173.600s step_avg:2450.73ms
step:1704/3350 train_time:4175.434s step_avg:2450.37ms
step:1705/3350 train_time:4178.549s step_avg:2450.76ms
step:1706/3350 train_time:4180.386s step_avg:2450.40ms
step:1707/3350 train_time:4183.496s step_avg:2450.79ms
step:1708/3350 train_time:4185.334s step_avg:2450.43ms
step:1709/3350 train_time:4188.449s step_avg:2450.82ms
step:1710/3350 train_time:4190.286s step_avg:2450.46ms
step:1711/3350 train_time:4193.436s step_avg:2450.87ms
step:1712/3350 train_time:4195.270s step_avg:2450.51ms
step:1713/3350 train_time:4198.388s step_avg:2450.90ms
step:1714/3350 train_time:4200.224s step_avg:2450.54ms
step:1715/3350 train_time:4203.339s step_avg:2450.93ms
step:1716/3350 train_time:4205.174s step_avg:2450.57ms
step:1717/3350 train_time:4208.286s step_avg:2450.95ms
step:1718/3350 train_time:4210.123s step_avg:2450.60ms
step:1719/3350 train_time:4213.233s step_avg:2450.98ms
step:1720/3350 train_time:4215.068s step_avg:2450.62ms
step:1721/3350 train_time:4218.178s step_avg:2451.00ms
step:1722/3350 train_time:4220.017s step_avg:2450.65ms
step:1723/3350 train_time:4223.128s step_avg:2451.03ms
step:1724/3350 train_time:4224.963s step_avg:2450.67ms
step:1725/3350 train_time:4228.360s step_avg:2451.22ms
step:1726/3350 train_time:4230.195s step_avg:2450.87ms
step:1727/3350 train_time:4233.305s step_avg:2451.25ms
step:1728/3350 train_time:4235.138s step_avg:2450.89ms
step:1729/3350 train_time:4238.248s step_avg:2451.27ms
step:1730/3350 train_time:4240.081s step_avg:2450.91ms
step:1731/3350 train_time:4243.192s step_avg:2451.30ms
step:1732/3350 train_time:4245.031s step_avg:2450.94ms
step:1733/3350 train_time:4248.141s step_avg:2451.32ms
step:1734/3350 train_time:4249.978s step_avg:2450.97ms
step:1735/3350 train_time:4253.089s step_avg:2451.35ms
step:1736/3350 train_time:4254.926s step_avg:2450.99ms
step:1737/3350 train_time:4258.044s step_avg:2451.38ms
step:1738/3350 train_time:4259.881s step_avg:2451.02ms
step:1739/3350 train_time:4262.993s step_avg:2451.40ms
step:1740/3350 train_time:4264.828s step_avg:2451.05ms
step:1741/3350 train_time:4267.942s step_avg:2451.43ms
step:1742/3350 train_time:4269.777s step_avg:2451.08ms
step:1743/3350 train_time:4272.888s step_avg:2451.46ms
step:1744/3350 train_time:4274.724s step_avg:2451.10ms
step:1745/3350 train_time:4277.834s step_avg:2451.48ms
step:1746/3350 train_time:4279.672s step_avg:2451.13ms
step:1747/3350 train_time:4282.781s step_avg:2451.51ms
step:1748/3350 train_time:4284.615s step_avg:2451.15ms
step:1749/3350 train_time:4287.723s step_avg:2451.53ms
step:1750/3350 train_time:4289.914s step_avg:2451.38ms
step:1750/3350 val_loss:3.46515 train_time:4289.914s step_avg:2481.97ms
step:1751/3350 train_time:4293.021s step_avg:2451.75ms
step:1752/3350 train_time:4294.859s step_avg:2451.40ms
step:1753/3350 train_time:4297.971s step_avg:2451.78ms
step:1754/3350 train_time:4299.804s step_avg:2451.43ms
step:1755/3350 train_time:4302.913s step_avg:2451.80ms
step:1756/3350 train_time:4304.750s step_avg:2451.45ms
step:1757/3350 train_time:4307.858s step_avg:2451.83ms
step:1758/3350 train_time:4309.691s step_avg:2451.47ms
step:1759/3350 train_time:4312.799s step_avg:2451.85ms
step:1760/3350 train_time:4314.635s step_avg:2451.50ms
step:1761/3350 train_time:4317.743s step_avg:2451.87ms
step:1762/3350 train_time:4319.578s step_avg:2451.52ms
step:1763/3350 train_time:4322.686s step_avg:2451.89ms
step:1764/3350 train_time:4324.521s step_avg:2451.54ms
step:1765/3350 train_time:4327.630s step_avg:2451.91ms
step:1766/3350 train_time:4329.461s step_avg:2451.56ms
step:1767/3350 train_time:4332.568s step_avg:2451.93ms
step:1768/3350 train_time:4334.406s step_avg:2451.59ms
step:1769/3350 train_time:4337.516s step_avg:2451.96ms
step:1770/3350 train_time:4339.351s step_avg:2451.61ms
step:1771/3350 train_time:4342.459s step_avg:2451.98ms
step:1772/3350 train_time:4344.298s step_avg:2451.64ms
step:1773/3350 train_time:4347.410s step_avg:2452.01ms
step:1774/3350 train_time:4349.244s step_avg:2451.66ms
step:1775/3350 train_time:4352.650s step_avg:2452.20ms
step:1776/3350 train_time:4354.485s step_avg:2451.85ms
step:1777/3350 train_time:4357.593s step_avg:2452.22ms
step:1778/3350 train_time:4359.430s step_avg:2451.87ms
step:1779/3350 train_time:4362.536s step_avg:2452.24ms
step:1780/3350 train_time:4364.373s step_avg:2451.90ms
step:1781/3350 train_time:4367.482s step_avg:2452.26ms
step:1782/3350 train_time:4369.315s step_avg:2451.92ms
step:1783/3350 train_time:4372.420s step_avg:2452.28ms
step:1784/3350 train_time:4374.254s step_avg:2451.94ms
step:1785/3350 train_time:4377.360s step_avg:2452.30ms
step:1786/3350 train_time:4379.195s step_avg:2451.96ms
step:1787/3350 train_time:4382.303s step_avg:2452.32ms
step:1788/3350 train_time:4384.138s step_avg:2451.98ms
step:1789/3350 train_time:4387.247s step_avg:2452.35ms
step:1790/3350 train_time:4389.079s step_avg:2452.00ms
step:1791/3350 train_time:4392.190s step_avg:2452.37ms
step:1792/3350 train_time:4394.026s step_avg:2452.02ms
step:1793/3350 train_time:4397.134s step_avg:2452.39ms
step:1794/3350 train_time:4398.968s step_avg:2452.04ms
step:1795/3350 train_time:4402.079s step_avg:2452.41ms
step:1796/3350 train_time:4403.913s step_avg:2452.07ms
step:1797/3350 train_time:4407.021s step_avg:2452.43ms
step:1798/3350 train_time:4408.854s step_avg:2452.09ms
step:1799/3350 train_time:4411.959s step_avg:2452.45ms
step:1800/3350 train_time:4414.100s step_avg:2452.28ms
step:1801/3350 train_time:4417.202s step_avg:2452.64ms
step:1802/3350 train_time:4419.037s step_avg:2452.30ms
step:1803/3350 train_time:4422.145s step_avg:2452.66ms
step:1804/3350 train_time:4423.982s step_avg:2452.32ms
step:1805/3350 train_time:4427.087s step_avg:2452.68ms
step:1806/3350 train_time:4428.922s step_avg:2452.34ms
step:1807/3350 train_time:4432.030s step_avg:2452.70ms
step:1808/3350 train_time:4433.863s step_avg:2452.36ms
step:1809/3350 train_time:4436.969s step_avg:2452.72ms
step:1810/3350 train_time:4438.803s step_avg:2452.38ms
step:1811/3350 train_time:4441.910s step_avg:2452.74ms
step:1812/3350 train_time:4443.744s step_avg:2452.40ms
step:1813/3350 train_time:4446.852s step_avg:2452.76ms
step:1814/3350 train_time:4448.687s step_avg:2452.42ms
step:1815/3350 train_time:4451.792s step_avg:2452.78ms
step:1816/3350 train_time:4453.629s step_avg:2452.44ms
step:1817/3350 train_time:4456.738s step_avg:2452.80ms
step:1818/3350 train_time:4458.571s step_avg:2452.46ms
step:1819/3350 train_time:4461.677s step_avg:2452.82ms
step:1820/3350 train_time:4463.512s step_avg:2452.48ms
step:1821/3350 train_time:4466.618s step_avg:2452.84ms
step:1822/3350 train_time:4468.452s step_avg:2452.50ms
step:1823/3350 train_time:4471.559s step_avg:2452.86ms
step:1824/3350 train_time:4473.396s step_avg:2452.52ms
step:1825/3350 train_time:4476.792s step_avg:2453.04ms
step:1826/3350 train_time:4478.626s step_avg:2452.70ms
step:1827/3350 train_time:4481.736s step_avg:2453.06ms
step:1828/3350 train_time:4483.571s step_avg:2452.72ms
step:1829/3350 train_time:4486.681s step_avg:2453.08ms
step:1830/3350 train_time:4488.517s step_avg:2452.74ms
step:1831/3350 train_time:4491.627s step_avg:2453.10ms
step:1832/3350 train_time:4493.460s step_avg:2452.76ms
step:1833/3350 train_time:4496.570s step_avg:2453.12ms
step:1834/3350 train_time:4498.402s step_avg:2452.78ms
step:1835/3350 train_time:4501.516s step_avg:2453.14ms
step:1836/3350 train_time:4503.351s step_avg:2452.81ms
step:1837/3350 train_time:4506.461s step_avg:2453.16ms
step:1838/3350 train_time:4508.298s step_avg:2452.83ms
step:1839/3350 train_time:4511.408s step_avg:2453.19ms
step:1840/3350 train_time:4513.244s step_avg:2452.85ms
step:1841/3350 train_time:4516.354s step_avg:2453.21ms
step:1842/3350 train_time:4518.186s step_avg:2452.87ms
step:1843/3350 train_time:4521.296s step_avg:2453.23ms
step:1844/3350 train_time:4523.129s step_avg:2452.89ms
step:1845/3350 train_time:4526.237s step_avg:2453.25ms
step:1846/3350 train_time:4528.069s step_avg:2452.91ms
step:1847/3350 train_time:4531.175s step_avg:2453.26ms
step:1848/3350 train_time:4533.009s step_avg:2452.93ms
step:1849/3350 train_time:4536.124s step_avg:2453.28ms
step:1850/3350 train_time:4538.252s step_avg:2453.11ms
step:1851/3350 train_time:4541.359s step_avg:2453.46ms
step:1852/3350 train_time:4543.196s step_avg:2453.13ms
step:1853/3350 train_time:4546.308s step_avg:2453.49ms
step:1854/3350 train_time:4548.146s step_avg:2453.15ms
step:1855/3350 train_time:4551.259s step_avg:2453.51ms
step:1856/3350 train_time:4553.092s step_avg:2453.17ms
step:1857/3350 train_time:4556.205s step_avg:2453.53ms
step:1858/3350 train_time:4558.043s step_avg:2453.20ms
step:1859/3350 train_time:4561.153s step_avg:2453.55ms
step:1860/3350 train_time:4562.989s step_avg:2453.22ms
step:1861/3350 train_time:4566.106s step_avg:2453.58ms
step:1862/3350 train_time:4567.945s step_avg:2453.25ms
step:1863/3350 train_time:4571.056s step_avg:2453.60ms
step:1864/3350 train_time:4572.890s step_avg:2453.27ms
step:1865/3350 train_time:4576.001s step_avg:2453.62ms
step:1866/3350 train_time:4577.834s step_avg:2453.29ms
step:1867/3350 train_time:4580.940s step_avg:2453.64ms
step:1868/3350 train_time:4582.773s step_avg:2453.30ms
step:1869/3350 train_time:4585.883s step_avg:2453.66ms
step:1870/3350 train_time:4587.717s step_avg:2453.32ms
step:1871/3350 train_time:4590.832s step_avg:2453.68ms
step:1872/3350 train_time:4592.668s step_avg:2453.35ms
step:1873/3350 train_time:4595.785s step_avg:2453.70ms
step:1874/3350 train_time:4597.627s step_avg:2453.38ms
step:1875/3350 train_time:4601.110s step_avg:2453.93ms
step:1875/3350 val_loss:3.44626 train_time:4601.111s step_avg:2489.58ms
step:1876/3350 train_time:4602.950s step_avg:2453.60ms
step:1877/3350 train_time:4606.067s step_avg:2453.95ms
step:1878/3350 train_time:4607.906s step_avg:2453.62ms
step:1879/3350 train_time:4611.019s step_avg:2453.97ms
step:1880/3350 train_time:4612.859s step_avg:2453.65ms
step:1881/3350 train_time:4615.972s step_avg:2454.00ms
step:1882/3350 train_time:4617.813s step_avg:2453.67ms
step:1883/3350 train_time:4620.927s step_avg:2454.02ms
step:1884/3350 train_time:4622.766s step_avg:2453.70ms
step:1885/3350 train_time:4625.882s step_avg:2454.05ms
step:1886/3350 train_time:4627.718s step_avg:2453.72ms
step:1887/3350 train_time:4630.829s step_avg:2454.07ms
step:1888/3350 train_time:4632.668s step_avg:2453.74ms
step:1889/3350 train_time:4635.783s step_avg:2454.09ms
step:1890/3350 train_time:4637.618s step_avg:2453.77ms
step:1891/3350 train_time:4640.734s step_avg:2454.12ms
step:1892/3350 train_time:4642.572s step_avg:2453.79ms
step:1893/3350 train_time:4645.688s step_avg:2454.14ms
step:1894/3350 train_time:4647.526s step_avg:2453.82ms
step:1895/3350 train_time:4650.640s step_avg:2454.16ms
step:1896/3350 train_time:4652.477s step_avg:2453.84ms
step:1897/3350 train_time:4655.592s step_avg:2454.19ms
step:1898/3350 train_time:4657.429s step_avg:2453.86ms
step:1899/3350 train_time:4660.546s step_avg:2454.21ms
step:1900/3350 train_time:4662.699s step_avg:2454.05ms
step:1901/3350 train_time:4665.850s step_avg:2454.42ms
step:1902/3350 train_time:4667.689s step_avg:2454.10ms
step:1903/3350 train_time:4670.801s step_avg:2454.44ms
step:1904/3350 train_time:4672.635s step_avg:2454.11ms
step:1905/3350 train_time:4675.745s step_avg:2454.46ms
step:1906/3350 train_time:4677.578s step_avg:2454.13ms
step:1907/3350 train_time:4680.689s step_avg:2454.48ms
step:1908/3350 train_time:4682.522s step_avg:2454.15ms
step:1909/3350 train_time:4685.632s step_avg:2454.50ms
step:1910/3350 train_time:4687.468s step_avg:2454.17ms
step:1911/3350 train_time:4690.576s step_avg:2454.51ms
step:1912/3350 train_time:4692.411s step_avg:2454.19ms
step:1913/3350 train_time:4695.517s step_avg:2454.53ms
step:1914/3350 train_time:4697.353s step_avg:2454.21ms
step:1915/3350 train_time:4700.461s step_avg:2454.55ms
step:1916/3350 train_time:4702.296s step_avg:2454.23ms
step:1917/3350 train_time:4705.404s step_avg:2454.57ms
step:1918/3350 train_time:4707.237s step_avg:2454.24ms
step:1919/3350 train_time:4710.343s step_avg:2454.58ms
step:1920/3350 train_time:4712.177s step_avg:2454.26ms
step:1921/3350 train_time:4715.286s step_avg:2454.60ms
step:1922/3350 train_time:4717.119s step_avg:2454.28ms
step:1923/3350 train_time:4720.226s step_avg:2454.62ms
step:1924/3350 train_time:4722.059s step_avg:2454.29ms
step:1925/3350 train_time:4725.457s step_avg:2454.78ms
step:1926/3350 train_time:4727.292s step_avg:2454.46ms
step:1927/3350 train_time:4730.400s step_avg:2454.80ms
step:1928/3350 train_time:4732.235s step_avg:2454.48ms
step:1929/3350 train_time:4735.347s step_avg:2454.82ms
step:1930/3350 train_time:4737.184s step_avg:2454.50ms
step:1931/3350 train_time:4740.294s step_avg:2454.84ms
step:1932/3350 train_time:4742.127s step_avg:2454.52ms
step:1933/3350 train_time:4745.238s step_avg:2454.86ms
step:1934/3350 train_time:4747.069s step_avg:2454.53ms
step:1935/3350 train_time:4750.175s step_avg:2454.87ms
step:1936/3350 train_time:4752.010s step_avg:2454.55ms
step:1937/3350 train_time:4755.118s step_avg:2454.89ms
step:1938/3350 train_time:4756.949s step_avg:2454.57ms
step:1939/3350 train_time:4760.054s step_avg:2454.90ms
step:1940/3350 train_time:4761.890s step_avg:2454.58ms
step:1941/3350 train_time:4764.997s step_avg:2454.92ms
step:1942/3350 train_time:4766.832s step_avg:2454.60ms
step:1943/3350 train_time:4769.940s step_avg:2454.94ms
step:1944/3350 train_time:4771.774s step_avg:2454.62ms
step:1945/3350 train_time:4774.884s step_avg:2454.95ms
step:1946/3350 train_time:4776.718s step_avg:2454.63ms
step:1947/3350 train_time:4779.827s step_avg:2454.97ms
step:1948/3350 train_time:4781.665s step_avg:2454.65ms
step:1949/3350 train_time:4784.771s step_avg:2454.99ms
step:1950/3350 train_time:4786.897s step_avg:2454.82ms
step:1951/3350 train_time:4790.002s step_avg:2455.15ms
step:1952/3350 train_time:4791.842s step_avg:2454.84ms
step:1953/3350 train_time:4794.958s step_avg:2455.18ms
step:1954/3350 train_time:4796.792s step_avg:2454.86ms
step:1955/3350 train_time:4799.901s step_avg:2455.19ms
step:1956/3350 train_time:4801.738s step_avg:2454.88ms
step:1957/3350 train_time:4804.852s step_avg:2455.21ms
step:1958/3350 train_time:4806.687s step_avg:2454.90ms
step:1959/3350 train_time:4809.799s step_avg:2455.23ms
step:1960/3350 train_time:4811.637s step_avg:2454.92ms
step:1961/3350 train_time:4814.747s step_avg:2455.25ms
step:1962/3350 train_time:4816.587s step_avg:2454.94ms
step:1963/3350 train_time:4819.697s step_avg:2455.27ms
step:1964/3350 train_time:4821.535s step_avg:2454.96ms
step:1965/3350 train_time:4824.650s step_avg:2455.29ms
step:1966/3350 train_time:4826.485s step_avg:2454.98ms
step:1967/3350 train_time:4829.598s step_avg:2455.31ms
step:1968/3350 train_time:4831.434s step_avg:2455.00ms
step:1969/3350 train_time:4834.548s step_avg:2455.33ms
step:1970/3350 train_time:4836.383s step_avg:2455.02ms
step:1971/3350 train_time:4839.498s step_avg:2455.35ms
step:1972/3350 train_time:4841.336s step_avg:2455.04ms
step:1973/3350 train_time:4844.444s step_avg:2455.37ms
step:1974/3350 train_time:4846.280s step_avg:2455.06ms
step:1975/3350 train_time:4849.683s step_avg:2455.54ms
step:1976/3350 train_time:4851.518s step_avg:2455.22ms
step:1977/3350 train_time:4854.628s step_avg:2455.55ms
step:1978/3350 train_time:4856.467s step_avg:2455.24ms
step:1979/3350 train_time:4859.580s step_avg:2455.57ms
step:1980/3350 train_time:4861.414s step_avg:2455.26ms
step:1981/3350 train_time:4864.524s step_avg:2455.59ms
step:1982/3350 train_time:4866.359s step_avg:2455.28ms
step:1983/3350 train_time:4869.472s step_avg:2455.61ms
step:1984/3350 train_time:4871.306s step_avg:2455.30ms
step:1985/3350 train_time:4874.418s step_avg:2455.63ms
step:1986/3350 train_time:4876.249s step_avg:2455.31ms
step:1987/3350 train_time:4879.353s step_avg:2455.64ms
step:1988/3350 train_time:4881.184s step_avg:2455.32ms
step:1989/3350 train_time:4884.288s step_avg:2455.65ms
step:1990/3350 train_time:4886.122s step_avg:2455.34ms
step:1991/3350 train_time:4889.227s step_avg:2455.66ms
step:1992/3350 train_time:4891.064s step_avg:2455.35ms
step:1993/3350 train_time:4894.171s step_avg:2455.68ms
step:1994/3350 train_time:4896.005s step_avg:2455.37ms
step:1995/3350 train_time:4899.110s step_avg:2455.69ms
step:1996/3350 train_time:4900.945s step_avg:2455.38ms
step:1997/3350 train_time:4904.055s step_avg:2455.71ms
step:1998/3350 train_time:4905.888s step_avg:2455.40ms
step:1999/3350 train_time:4908.994s step_avg:2455.72ms
step:2000/3350 train_time:4911.200s step_avg:2455.60ms
step:2000/3350 val_loss:3.42760 train_time:4911.200s step_avg:2480.71ms
step:2001/3350 train_time:4914.308s step_avg:2455.93ms
step:2002/3350 train_time:4916.142s step_avg:2455.62ms
step:2003/3350 train_time:4919.247s step_avg:2455.94ms
step:2004/3350 train_time:4921.080s step_avg:2455.63ms
step:2005/3350 train_time:4924.189s step_avg:2455.95ms
step:2006/3350 train_time:4926.022s step_avg:2455.64ms
step:2007/3350 train_time:4929.138s step_avg:2455.97ms
step:2008/3350 train_time:4930.973s step_avg:2455.66ms
step:2009/3350 train_time:4934.083s step_avg:2455.99ms
step:2010/3350 train_time:4935.917s step_avg:2455.68ms
step:2011/3350 train_time:4939.023s step_avg:2456.00ms
step:2012/3350 train_time:4940.858s step_avg:2455.69ms
step:2013/3350 train_time:4943.967s step_avg:2456.02ms
step:2014/3350 train_time:4945.798s step_avg:2455.71ms
step:2015/3350 train_time:4948.906s step_avg:2456.03ms
step:2016/3350 train_time:4950.740s step_avg:2455.72ms
step:2017/3350 train_time:4953.847s step_avg:2456.05ms
step:2018/3350 train_time:4955.682s step_avg:2455.74ms
step:2019/3350 train_time:4958.788s step_avg:2456.06ms
step:2020/3350 train_time:4960.624s step_avg:2455.75ms
step:2021/3350 train_time:4963.730s step_avg:2456.08ms
step:2022/3350 train_time:4965.562s step_avg:2455.77ms
step:2023/3350 train_time:4968.667s step_avg:2456.09ms
step:2024/3350 train_time:4970.500s step_avg:2455.78ms
step:2025/3350 train_time:4973.899s step_avg:2456.25ms
step:2026/3350 train_time:4975.736s step_avg:2455.94ms
step:2027/3350 train_time:4978.842s step_avg:2456.26ms
step:2028/3350 train_time:4980.675s step_avg:2455.95ms
step:2029/3350 train_time:4983.781s step_avg:2456.27ms
step:2030/3350 train_time:4985.615s step_avg:2455.97ms
step:2031/3350 train_time:4988.724s step_avg:2456.29ms
step:2032/3350 train_time:4990.559s step_avg:2455.98ms
step:2033/3350 train_time:4993.668s step_avg:2456.30ms
step:2034/3350 train_time:4995.499s step_avg:2456.00ms
step:2035/3350 train_time:4998.605s step_avg:2456.32ms
step:2036/3350 train_time:5000.438s step_avg:2456.01ms
step:2037/3350 train_time:5003.546s step_avg:2456.33ms
step:2038/3350 train_time:5005.376s step_avg:2456.02ms
step:2039/3350 train_time:5008.487s step_avg:2456.34ms
step:2040/3350 train_time:5010.324s step_avg:2456.04ms
step:2041/3350 train_time:5013.429s step_avg:2456.36ms
step:2042/3350 train_time:5015.260s step_avg:2456.05ms
step:2043/3350 train_time:5018.369s step_avg:2456.37ms
step:2044/3350 train_time:5020.205s step_avg:2456.07ms
step:2045/3350 train_time:5023.311s step_avg:2456.39ms
step:2046/3350 train_time:5025.145s step_avg:2456.08ms
step:2047/3350 train_time:5028.251s step_avg:2456.40ms
step:2048/3350 train_time:5030.083s step_avg:2456.10ms
step:2049/3350 train_time:5033.189s step_avg:2456.41ms
step:2050/3350 train_time:5035.311s step_avg:2456.25ms
step:2051/3350 train_time:5038.416s step_avg:2456.57ms
step:2052/3350 train_time:5040.248s step_avg:2456.26ms
step:2053/3350 train_time:5043.357s step_avg:2456.58ms
step:2054/3350 train_time:5045.189s step_avg:2456.28ms
step:2055/3350 train_time:5048.296s step_avg:2456.59ms
step:2056/3350 train_time:5050.130s step_avg:2456.29ms
step:2057/3350 train_time:5053.237s step_avg:2456.61ms
step:2058/3350 train_time:5055.068s step_avg:2456.30ms
step:2059/3350 train_time:5058.181s step_avg:2456.62ms
step:2060/3350 train_time:5060.016s step_avg:2456.32ms
step:2061/3350 train_time:5063.122s step_avg:2456.63ms
step:2062/3350 train_time:5064.957s step_avg:2456.33ms
step:2063/3350 train_time:5068.066s step_avg:2456.65ms
step:2064/3350 train_time:5069.900s step_avg:2456.35ms
step:2065/3350 train_time:5073.010s step_avg:2456.66ms
step:2066/3350 train_time:5074.844s step_avg:2456.36ms
step:2067/3350 train_time:5077.951s step_avg:2456.68ms
step:2068/3350 train_time:5079.782s step_avg:2456.37ms
step:2069/3350 train_time:5082.891s step_avg:2456.69ms
step:2070/3350 train_time:5084.725s step_avg:2456.39ms
step:2071/3350 train_time:5087.833s step_avg:2456.70ms
step:2072/3350 train_time:5089.669s step_avg:2456.40ms
step:2073/3350 train_time:5092.780s step_avg:2456.72ms
step:2074/3350 train_time:5094.613s step_avg:2456.42ms
step:2075/3350 train_time:5098.005s step_avg:2456.87ms
step:2076/3350 train_time:5099.839s step_avg:2456.57ms
step:2077/3350 train_time:5102.944s step_avg:2456.88ms
step:2078/3350 train_time:5104.778s step_avg:2456.58ms
step:2079/3350 train_time:5107.886s step_avg:2456.90ms
step:2080/3350 train_time:5109.716s step_avg:2456.59ms
step:2081/3350 train_time:5112.823s step_avg:2456.91ms
step:2082/3350 train_time:5114.656s step_avg:2456.61ms
step:2083/3350 train_time:5117.765s step_avg:2456.92ms
step:2084/3350 train_time:5119.599s step_avg:2456.62ms
step:2085/3350 train_time:5122.704s step_avg:2456.93ms
step:2086/3350 train_time:5124.535s step_avg:2456.63ms
step:2087/3350 train_time:5127.643s step_avg:2456.94ms
step:2088/3350 train_time:5129.476s step_avg:2456.65ms
step:2089/3350 train_time:5132.585s step_avg:2456.96ms
step:2090/3350 train_time:5134.419s step_avg:2456.66ms
step:2091/3350 train_time:5137.556s step_avg:2456.99ms
step:2092/3350 train_time:5139.388s step_avg:2456.69ms
step:2093/3350 train_time:5142.496s step_avg:2457.00ms
step:2094/3350 train_time:5144.329s step_avg:2456.70ms
step:2095/3350 train_time:5147.438s step_avg:2457.01ms
step:2096/3350 train_time:5149.273s step_avg:2456.71ms
step:2097/3350 train_time:5152.380s step_avg:2457.02ms
step:2098/3350 train_time:5154.214s step_avg:2456.73ms
step:2099/3350 train_time:5157.321s step_avg:2457.04ms
step:2100/3350 train_time:5159.464s step_avg:2456.89ms
step:2101/3350 train_time:5162.565s step_avg:2457.19ms
step:2102/3350 train_time:5164.397s step_avg:2456.90ms
step:2103/3350 train_time:5167.505s step_avg:2457.21ms
step:2104/3350 train_time:5169.338s step_avg:2456.91ms
step:2105/3350 train_time:5172.447s step_avg:2457.22ms
step:2106/3350 train_time:5174.281s step_avg:2456.92ms
step:2107/3350 train_time:5177.387s step_avg:2457.23ms
step:2108/3350 train_time:5179.223s step_avg:2456.94ms
step:2109/3350 train_time:5182.329s step_avg:2457.24ms
step:2110/3350 train_time:5184.164s step_avg:2456.95ms
step:2111/3350 train_time:5187.269s step_avg:2457.26ms
step:2112/3350 train_time:5189.105s step_avg:2456.96ms
step:2113/3350 train_time:5192.212s step_avg:2457.27ms
step:2114/3350 train_time:5194.046s step_avg:2456.98ms
step:2115/3350 train_time:5197.152s step_avg:2457.28ms
step:2116/3350 train_time:5198.988s step_avg:2456.99ms
step:2117/3350 train_time:5202.095s step_avg:2457.30ms
step:2118/3350 train_time:5203.929s step_avg:2457.00ms
step:2119/3350 train_time:5207.039s step_avg:2457.31ms
step:2120/3350 train_time:5208.871s step_avg:2457.01ms
step:2121/3350 train_time:5211.979s step_avg:2457.32ms
step:2122/3350 train_time:5213.814s step_avg:2457.03ms
step:2123/3350 train_time:5216.920s step_avg:2457.33ms
step:2124/3350 train_time:5218.755s step_avg:2457.04ms
step:2125/3350 train_time:5222.215s step_avg:2457.51ms
step:2125/3350 val_loss:3.41042 train_time:5222.215s step_avg:2488.12ms
step:2126/3350 train_time:5224.053s step_avg:2457.22ms
step:2127/3350 train_time:5227.161s step_avg:2457.53ms
step:2128/3350 train_time:5228.994s step_avg:2457.23ms
step:2129/3350 train_time:5232.100s step_avg:2457.54ms
step:2130/3350 train_time:5233.938s step_avg:2457.25ms
step:2131/3350 train_time:5237.043s step_avg:2457.55ms
step:2132/3350 train_time:5238.877s step_avg:2457.26ms
step:2133/3350 train_time:5241.983s step_avg:2457.56ms
step:2134/3350 train_time:5243.822s step_avg:2457.27ms
step:2135/3350 train_time:5246.929s step_avg:2457.58ms
step:2136/3350 train_time:5248.766s step_avg:2457.29ms
step:2137/3350 train_time:5251.877s step_avg:2457.59ms
step:2138/3350 train_time:5253.712s step_avg:2457.30ms
step:2139/3350 train_time:5256.819s step_avg:2457.61ms
step:2140/3350 train_time:5258.656s step_avg:2457.32ms
step:2141/3350 train_time:5261.761s step_avg:2457.62ms
step:2142/3350 train_time:5263.594s step_avg:2457.33ms
step:2143/3350 train_time:5266.700s step_avg:2457.63ms
step:2144/3350 train_time:5268.534s step_avg:2457.34ms
step:2145/3350 train_time:5271.639s step_avg:2457.64ms
step:2146/3350 train_time:5273.472s step_avg:2457.35ms
step:2147/3350 train_time:5276.577s step_avg:2457.65ms
step:2148/3350 train_time:5278.410s step_avg:2457.36ms
step:2149/3350 train_time:5281.514s step_avg:2457.66ms
step:2150/3350 train_time:5283.640s step_avg:2457.51ms
step:2151/3350 train_time:5286.742s step_avg:2457.81ms
step:2152/3350 train_time:5288.576s step_avg:2457.52ms
step:2153/3350 train_time:5291.682s step_avg:2457.82ms
step:2154/3350 train_time:5293.513s step_avg:2457.53ms
step:2155/3350 train_time:5296.619s step_avg:2457.83ms
step:2156/3350 train_time:5298.456s step_avg:2457.54ms
step:2157/3350 train_time:5301.566s step_avg:2457.84ms
step:2158/3350 train_time:5303.404s step_avg:2457.55ms
step:2159/3350 train_time:5306.515s step_avg:2457.86ms
step:2160/3350 train_time:5308.351s step_avg:2457.57ms
step:2161/3350 train_time:5311.460s step_avg:2457.87ms
step:2162/3350 train_time:5313.297s step_avg:2457.58ms
step:2163/3350 train_time:5316.407s step_avg:2457.89ms
step:2164/3350 train_time:5318.243s step_avg:2457.60ms
step:2165/3350 train_time:5321.350s step_avg:2457.90ms
step:2166/3350 train_time:5323.183s step_avg:2457.61ms
step:2167/3350 train_time:5326.292s step_avg:2457.91ms
step:2168/3350 train_time:5328.128s step_avg:2457.62ms
step:2169/3350 train_time:5331.233s step_avg:2457.92ms
step:2170/3350 train_time:5333.067s step_avg:2457.63ms
step:2171/3350 train_time:5336.172s step_avg:2457.93ms
step:2172/3350 train_time:5338.007s step_avg:2457.65ms
step:2173/3350 train_time:5341.116s step_avg:2457.95ms
step:2174/3350 train_time:5342.951s step_avg:2457.66ms
step:2175/3350 train_time:5346.347s step_avg:2458.09ms
step:2176/3350 train_time:5348.187s step_avg:2457.81ms
step:2177/3350 train_time:5351.296s step_avg:2458.11ms
step:2178/3350 train_time:5353.130s step_avg:2457.82ms
step:2179/3350 train_time:5356.240s step_avg:2458.12ms
step:2180/3350 train_time:5358.074s step_avg:2457.83ms
step:2181/3350 train_time:5361.180s step_avg:2458.13ms
step:2182/3350 train_time:5363.015s step_avg:2457.84ms
step:2183/3350 train_time:5366.126s step_avg:2458.14ms
step:2184/3350 train_time:5367.963s step_avg:2457.86ms
step:2185/3350 train_time:5371.070s step_avg:2458.16ms
step:2186/3350 train_time:5372.903s step_avg:2457.87ms
step:2187/3350 train_time:5376.012s step_avg:2458.17ms
step:2188/3350 train_time:5377.848s step_avg:2457.88ms
step:2189/3350 train_time:5380.957s step_avg:2458.18ms
step:2190/3350 train_time:5382.791s step_avg:2457.90ms
step:2191/3350 train_time:5385.904s step_avg:2458.19ms
step:2192/3350 train_time:5387.741s step_avg:2457.91ms
step:2193/3350 train_time:5390.852s step_avg:2458.21ms
step:2194/3350 train_time:5392.685s step_avg:2457.92ms
step:2195/3350 train_time:5395.795s step_avg:2458.22ms
step:2196/3350 train_time:5397.627s step_avg:2457.94ms
step:2197/3350 train_time:5400.737s step_avg:2458.23ms
step:2198/3350 train_time:5402.572s step_avg:2457.95ms
step:2199/3350 train_time:5405.680s step_avg:2458.24ms
step:2200/3350 train_time:5407.824s step_avg:2458.10ms
step:2201/3350 train_time:5410.931s step_avg:2458.40ms
step:2202/3350 train_time:5412.764s step_avg:2458.11ms
step:2203/3350 train_time:5415.877s step_avg:2458.41ms
step:2204/3350 train_time:5417.712s step_avg:2458.13ms
step:2205/3350 train_time:5420.821s step_avg:2458.42ms
step:2206/3350 train_time:5422.653s step_avg:2458.14ms
step:2207/3350 train_time:5425.767s step_avg:2458.44ms
step:2208/3350 train_time:5427.604s step_avg:2458.15ms
step:2209/3350 train_time:5430.715s step_avg:2458.45ms
step:2210/3350 train_time:5432.552s step_avg:2458.17ms
step:2211/3350 train_time:5435.660s step_avg:2458.46ms
step:2212/3350 train_time:5437.493s step_avg:2458.18ms
step:2213/3350 train_time:5440.608s step_avg:2458.48ms
step:2214/3350 train_time:5442.442s step_avg:2458.19ms
step:2215/3350 train_time:5445.552s step_avg:2458.49ms
step:2216/3350 train_time:5447.389s step_avg:2458.21ms
step:2217/3350 train_time:5450.498s step_avg:2458.50ms
step:2218/3350 train_time:5452.333s step_avg:2458.22ms
step:2219/3350 train_time:5455.443s step_avg:2458.51ms
step:2220/3350 train_time:5457.277s step_avg:2458.23ms
step:2221/3350 train_time:5460.385s step_avg:2458.53ms
step:2222/3350 train_time:5462.218s step_avg:2458.24ms
step:2223/3350 train_time:5465.324s step_avg:2458.54ms
step:2224/3350 train_time:5467.157s step_avg:2458.25ms
step:2225/3350 train_time:5470.552s step_avg:2458.67ms
step:2226/3350 train_time:5472.385s step_avg:2458.39ms
step:2227/3350 train_time:5475.493s step_avg:2458.69ms
step:2228/3350 train_time:5477.333s step_avg:2458.41ms
step:2229/3350 train_time:5480.444s step_avg:2458.70ms
step:2230/3350 train_time:5482.277s step_avg:2458.42ms
step:2231/3350 train_time:5485.384s step_avg:2458.71ms
step:2232/3350 train_time:5487.218s step_avg:2458.43ms
step:2233/3350 train_time:5490.328s step_avg:2458.72ms
step:2234/3350 train_time:5492.162s step_avg:2458.44ms
step:2235/3350 train_time:5495.269s step_avg:2458.73ms
step:2236/3350 train_time:5497.104s step_avg:2458.45ms
step:2237/3350 train_time:5500.223s step_avg:2458.75ms
step:2238/3350 train_time:5502.057s step_avg:2458.47ms
step:2239/3350 train_time:5505.167s step_avg:2458.76ms
step:2240/3350 train_time:5507.000s step_avg:2458.48ms
step:2241/3350 train_time:5510.111s step_avg:2458.77ms
step:2242/3350 train_time:5511.944s step_avg:2458.49ms
step:2243/3350 train_time:5515.051s step_avg:2458.78ms
step:2244/3350 train_time:5516.886s step_avg:2458.51ms
step:2245/3350 train_time:5519.994s step_avg:2458.79ms
step:2246/3350 train_time:5521.830s step_avg:2458.52ms
step:2247/3350 train_time:5524.940s step_avg:2458.81ms
step:2248/3350 train_time:5526.774s step_avg:2458.53ms
step:2249/3350 train_time:5529.881s step_avg:2458.82ms
step:2250/3350 train_time:5532.074s step_avg:2458.70ms
step:2250/3350 val_loss:3.39377 train_time:5532.074s step_avg:2478.87ms
step:2251/3350 train_time:5535.176s step_avg:2458.99ms
step:2252/3350 train_time:5537.013s step_avg:2458.71ms
step:2253/3350 train_time:5540.122s step_avg:2459.00ms
step:2254/3350 train_time:5541.959s step_avg:2458.72ms
step:2255/3350 train_time:5545.070s step_avg:2459.01ms
step:2256/3350 train_time:5546.905s step_avg:2458.73ms
step:2257/3350 train_time:5550.015s step_avg:2459.02ms
step:2258/3350 train_time:5551.852s step_avg:2458.75ms
step:2259/3350 train_time:5554.961s step_avg:2459.04ms
step:2260/3350 train_time:5556.797s step_avg:2458.76ms
step:2261/3350 train_time:5559.908s step_avg:2459.05ms
step:2262/3350 train_time:5561.743s step_avg:2458.77ms
step:2263/3350 train_time:5564.854s step_avg:2459.06ms
step:2264/3350 train_time:5566.687s step_avg:2458.78ms
step:2265/3350 train_time:5569.796s step_avg:2459.07ms
step:2266/3350 train_time:5571.626s step_avg:2458.79ms
step:2267/3350 train_time:5574.738s step_avg:2459.08ms
step:2268/3350 train_time:5576.571s step_avg:2458.81ms
step:2269/3350 train_time:5579.681s step_avg:2459.09ms
step:2270/3350 train_time:5581.513s step_avg:2458.82ms
step:2271/3350 train_time:5584.620s step_avg:2459.10ms
step:2272/3350 train_time:5586.453s step_avg:2458.83ms
step:2273/3350 train_time:5589.559s step_avg:2459.11ms
step:2274/3350 train_time:5591.392s step_avg:2458.84ms
step:2275/3350 train_time:5594.795s step_avg:2459.25ms
step:2276/3350 train_time:5596.628s step_avg:2458.98ms
step:2277/3350 train_time:5599.741s step_avg:2459.26ms
step:2278/3350 train_time:5601.573s step_avg:2458.99ms
step:2279/3350 train_time:5604.680s step_avg:2459.27ms
step:2280/3350 train_time:5606.515s step_avg:2459.00ms
step:2281/3350 train_time:5609.653s step_avg:2459.30ms
step:2282/3350 train_time:5611.482s step_avg:2459.02ms
step:2283/3350 train_time:5614.592s step_avg:2459.30ms
step:2284/3350 train_time:5616.427s step_avg:2459.03ms
step:2285/3350 train_time:5619.534s step_avg:2459.31ms
step:2286/3350 train_time:5621.366s step_avg:2459.04ms
step:2287/3350 train_time:5624.475s step_avg:2459.32ms
step:2288/3350 train_time:5626.310s step_avg:2459.05ms
step:2289/3350 train_time:5629.420s step_avg:2459.34ms
step:2290/3350 train_time:5631.252s step_avg:2459.06ms
step:2291/3350 train_time:5634.361s step_avg:2459.35ms
step:2292/3350 train_time:5636.194s step_avg:2459.07ms
step:2293/3350 train_time:5639.308s step_avg:2459.36ms
step:2294/3350 train_time:5641.143s step_avg:2459.09ms
step:2295/3350 train_time:5644.251s step_avg:2459.37ms
step:2296/3350 train_time:5646.084s step_avg:2459.10ms
step:2297/3350 train_time:5649.195s step_avg:2459.38ms
step:2298/3350 train_time:5651.034s step_avg:2459.11ms
step:2299/3350 train_time:5654.141s step_avg:2459.39ms
step:2300/3350 train_time:5656.284s step_avg:2459.25ms
step:2301/3350 train_time:5659.391s step_avg:2459.54ms
step:2302/3350 train_time:5661.230s step_avg:2459.27ms
step:2303/3350 train_time:5664.341s step_avg:2459.55ms
step:2304/3350 train_time:5666.175s step_avg:2459.28ms
step:2305/3350 train_time:5669.281s step_avg:2459.56ms
step:2306/3350 train_time:5671.118s step_avg:2459.29ms
step:2307/3350 train_time:5674.226s step_avg:2459.57ms
step:2308/3350 train_time:5676.061s step_avg:2459.30ms
step:2309/3350 train_time:5679.173s step_avg:2459.58ms
step:2310/3350 train_time:5681.011s step_avg:2459.31ms
step:2311/3350 train_time:5684.122s step_avg:2459.59ms
step:2312/3350 train_time:5685.957s step_avg:2459.32ms
step:2313/3350 train_time:5689.070s step_avg:2459.61ms
step:2314/3350 train_time:5690.904s step_avg:2459.34ms
step:2315/3350 train_time:5694.008s step_avg:2459.61ms
step:2316/3350 train_time:5695.843s step_avg:2459.35ms
step:2317/3350 train_time:5698.957s step_avg:2459.63ms
step:2318/3350 train_time:5700.790s step_avg:2459.36ms
step:2319/3350 train_time:5703.900s step_avg:2459.64ms
step:2320/3350 train_time:5705.733s step_avg:2459.37ms
step:2321/3350 train_time:5708.843s step_avg:2459.65ms
step:2322/3350 train_time:5710.676s step_avg:2459.38ms
step:2323/3350 train_time:5713.783s step_avg:2459.66ms
step:2324/3350 train_time:5715.621s step_avg:2459.39ms
step:2325/3350 train_time:5719.017s step_avg:2459.79ms
step:2326/3350 train_time:5720.850s step_avg:2459.52ms
step:2327/3350 train_time:5723.954s step_avg:2459.80ms
step:2328/3350 train_time:5725.793s step_avg:2459.53ms
step:2329/3350 train_time:5728.896s step_avg:2459.81ms
step:2330/3350 train_time:5730.733s step_avg:2459.54ms
step:2331/3350 train_time:5733.839s step_avg:2459.82ms
step:2332/3350 train_time:5735.679s step_avg:2459.55ms
step:2333/3350 train_time:5738.789s step_avg:2459.83ms
step:2334/3350 train_time:5740.622s step_avg:2459.56ms
step:2335/3350 train_time:5743.727s step_avg:2459.84ms
step:2336/3350 train_time:5745.562s step_avg:2459.57ms
step:2337/3350 train_time:5748.668s step_avg:2459.85ms
step:2338/3350 train_time:5750.502s step_avg:2459.58ms
step:2339/3350 train_time:5753.608s step_avg:2459.86ms
step:2340/3350 train_time:5755.442s step_avg:2459.59ms
step:2341/3350 train_time:5758.550s step_avg:2459.87ms
step:2342/3350 train_time:5760.384s step_avg:2459.60ms
step:2343/3350 train_time:5763.489s step_avg:2459.88ms
step:2344/3350 train_time:5765.323s step_avg:2459.61ms
step:2345/3350 train_time:5768.434s step_avg:2459.89ms
step:2346/3350 train_time:5791.525s step_avg:2468.68ms
[rank0]:W0531 17:29:52.541000 1385059 torch/_dynamo/convert_frame.py:1743] [1/8] torch._dynamo hit config.recompile_limit (8)
[rank0]:W0531 17:29:52.541000 1385059 torch/_dynamo/convert_frame.py:1743] [1/8]    function: 'muon_update' (/workspace/senpai/target/records/track_3_optimization/train_gpt_simple.py:740)
[rank0]:W0531 17:29:52.541000 1385059 torch/_dynamo/convert_frame.py:1743] [1/8]    last reason: 1/7: momentum.size()[0] <= momentum.size()[1]  # if G.size(-2) > G.size(-1):  # orkspace/senpai/target/records/track_3_optimization/train_gpt_simple.py:723 in zeropower_via_newtonschulz5 (_dynamo/variables/tensor.py:1951 in evaluate_expr)
[rank0]:W0531 17:29:52.541000 1385059 torch/_dynamo/convert_frame.py:1743] [1/8] To log all recompilation reasons, use TORCH_LOGS="recompiles".
[rank0]:W0531 17:29:52.541000 1385059 torch/_dynamo/convert_frame.py:1743] [1/8] To diagnose recompilation issues, see https://docs.pytorch.org/docs/main/user_guide/torch_compiler/compile/programming_model.recompilation.html
step:2347/3350 train_time:5801.945s step_avg:2472.07ms
step:2348/3350 train_time:5803.795s step_avg:2471.80ms
step:2349/3350 train_time:5806.921s step_avg:2472.08ms
step:2350/3350 train_time:5809.078s step_avg:2471.95ms
step:2351/3350 train_time:5812.188s step_avg:2472.22ms
step:2352/3350 train_time:5814.050s step_avg:2471.96ms
step:2353/3350 train_time:5817.186s step_avg:2472.24ms
step:2354/3350 train_time:5819.045s step_avg:2471.98ms
step:2355/3350 train_time:5822.173s step_avg:2472.26ms
step:2356/3350 train_time:5824.020s step_avg:2471.99ms
step:2357/3350 train_time:5827.148s step_avg:2472.27ms
step:2358/3350 train_time:5829.003s step_avg:2472.01ms
step:2359/3350 train_time:5832.132s step_avg:2472.29ms
step:2360/3350 train_time:5833.983s step_avg:2472.03ms
step:2361/3350 train_time:5837.101s step_avg:2472.30ms
step:2362/3350 train_time:5838.962s step_avg:2472.04ms
step:2363/3350 train_time:5842.091s step_avg:2472.32ms
step:2364/3350 train_time:5843.952s step_avg:2472.06ms
step:2365/3350 train_time:5847.072s step_avg:2472.33ms
step:2366/3350 train_time:5848.931s step_avg:2472.08ms
step:2367/3350 train_time:5852.053s step_avg:2472.35ms
step:2368/3350 train_time:5853.918s step_avg:2472.09ms
step:2369/3350 train_time:5857.038s step_avg:2472.37ms
step:2370/3350 train_time:5858.896s step_avg:2472.11ms
step:2371/3350 train_time:5862.020s step_avg:2472.38ms
step:2372/3350 train_time:5863.870s step_avg:2472.12ms
step:2373/3350 train_time:5866.998s step_avg:2472.40ms
step:2374/3350 train_time:5868.858s step_avg:2472.14ms
step:2375/3350 train_time:5872.343s step_avg:2472.57ms
step:2375/3350 val_loss:3.37752 train_time:5872.343s step_avg:2722.16ms
step:2376/3350 train_time:5874.195s step_avg:2472.30ms
step:2377/3350 train_time:5877.336s step_avg:2472.59ms
step:2378/3350 train_time:5879.200s step_avg:2472.33ms
step:2379/3350 train_time:5882.343s step_avg:2472.61ms
step:2380/3350 train_time:5884.194s step_avg:2472.35ms
step:2381/3350 train_time:5887.335s step_avg:2472.63ms
step:2382/3350 train_time:5889.193s step_avg:2472.37ms
step:2383/3350 train_time:5892.321s step_avg:2472.65ms
step:2384/3350 train_time:5894.179s step_avg:2472.39ms
step:2385/3350 train_time:5897.316s step_avg:2472.67ms
step:2386/3350 train_time:5899.174s step_avg:2472.41ms
step:2387/3350 train_time:5902.298s step_avg:2472.68ms
step:2388/3350 train_time:5904.157s step_avg:2472.43ms
step:2389/3350 train_time:5907.284s step_avg:2472.70ms
step:2390/3350 train_time:5909.135s step_avg:2472.44ms
step:2391/3350 train_time:5912.261s step_avg:2472.71ms
step:2392/3350 train_time:5914.123s step_avg:2472.46ms
step:2393/3350 train_time:5917.247s step_avg:2472.73ms
step:2394/3350 train_time:5919.106s step_avg:2472.48ms
step:2395/3350 train_time:5922.226s step_avg:2472.75ms
step:2396/3350 train_time:5924.091s step_avg:2472.49ms
step:2397/3350 train_time:5927.227s step_avg:2472.77ms
step:2398/3350 train_time:5929.087s step_avg:2472.51ms
step:2399/3350 train_time:5932.207s step_avg:2472.78ms
step:2400/3350 train_time:5934.370s step_avg:2472.65ms
step:2401/3350 train_time:5937.503s step_avg:2472.93ms
step:2402/3350 train_time:5939.352s step_avg:2472.67ms
step:2403/3350 train_time:5942.487s step_avg:2472.94ms
step:2404/3350 train_time:5944.340s step_avg:2472.69ms
step:2405/3350 train_time:5947.466s step_avg:2472.96ms
step:2406/3350 train_time:5949.314s step_avg:2472.70ms
step:2407/3350 train_time:5952.432s step_avg:2472.97ms
step:2408/3350 train_time:5954.287s step_avg:2472.71ms
step:2409/3350 train_time:5957.425s step_avg:2472.99ms
step:2410/3350 train_time:5959.289s step_avg:2472.73ms
step:2411/3350 train_time:5962.431s step_avg:2473.01ms
step:2412/3350 train_time:5964.280s step_avg:2472.75ms
step:2413/3350 train_time:5967.397s step_avg:2473.02ms
step:2414/3350 train_time:5969.247s step_avg:2472.76ms
step:2415/3350 train_time:5972.387s step_avg:2473.04ms
step:2416/3350 train_time:5974.250s step_avg:2472.79ms
step:2417/3350 train_time:5977.373s step_avg:2473.05ms
step:2418/3350 train_time:5979.225s step_avg:2472.80ms
step:2419/3350 train_time:5982.356s step_avg:2473.07ms
step:2420/3350 train_time:5984.206s step_avg:2472.81ms
step:2421/3350 train_time:5987.324s step_avg:2473.08ms
step:2422/3350 train_time:5989.174s step_avg:2472.82ms
step:2423/3350 train_time:5992.294s step_avg:2473.09ms
step:2424/3350 train_time:5994.145s step_avg:2472.83ms
step:2425/3350 train_time:5997.553s step_avg:2473.22ms
step:2426/3350 train_time:5999.413s step_avg:2472.97ms
step:2427/3350 train_time:6002.544s step_avg:2473.24ms
step:2428/3350 train_time:6004.408s step_avg:2472.99ms
step:2429/3350 train_time:6007.531s step_avg:2473.25ms
step:2430/3350 train_time:6009.388s step_avg:2473.00ms
step:2431/3350 train_time:6012.515s step_avg:2473.27ms
step:2432/3350 train_time:6014.373s step_avg:2473.02ms
step:2433/3350 train_time:6017.492s step_avg:2473.28ms
step:2434/3350 train_time:6019.342s step_avg:2473.02ms
step:2435/3350 train_time:6022.479s step_avg:2473.30ms
step:2436/3350 train_time:6024.342s step_avg:2473.05ms
step:2437/3350 train_time:6027.466s step_avg:2473.31ms
step:2438/3350 train_time:6029.329s step_avg:2473.06ms
step:2439/3350 train_time:6032.460s step_avg:2473.33ms
step:2440/3350 train_time:6034.309s step_avg:2473.08ms
step:2441/3350 train_time:6037.446s step_avg:2473.35ms
step:2442/3350 train_time:6039.299s step_avg:2473.10ms
step:2443/3350 train_time:6042.432s step_avg:2473.37ms
step:2444/3350 train_time:6044.295s step_avg:2473.12ms
step:2445/3350 train_time:6047.430s step_avg:2473.39ms
step:2446/3350 train_time:6049.284s step_avg:2473.13ms
step:2447/3350 train_time:6052.412s step_avg:2473.40ms
step:2448/3350 train_time:6054.263s step_avg:2473.15ms
step:2449/3350 train_time:6057.386s step_avg:2473.41ms
step:2450/3350 train_time:6059.532s step_avg:2473.28ms
step:2451/3350 train_time:6062.669s step_avg:2473.55ms
step:2452/3350 train_time:6064.520s step_avg:2473.30ms
step:2453/3350 train_time:6067.638s step_avg:2473.56ms
step:2454/3350 train_time:6069.499s step_avg:2473.31ms
step:2455/3350 train_time:6072.629s step_avg:2473.58ms
step:2456/3350 train_time:6074.480s step_avg:2473.32ms
step:2457/3350 train_time:6077.608s step_avg:2473.59ms
step:2458/3350 train_time:6079.469s step_avg:2473.34ms
step:2459/3350 train_time:6082.603s step_avg:2473.61ms
step:2460/3350 train_time:6084.462s step_avg:2473.36ms
step:2461/3350 train_time:6087.592s step_avg:2473.63ms
step:2462/3350 train_time:6089.459s step_avg:2473.38ms
step:2463/3350 train_time:6092.601s step_avg:2473.65ms
step:2464/3350 train_time:6094.464s step_avg:2473.40ms
step:2465/3350 train_time:6097.593s step_avg:2473.67ms
step:2466/3350 train_time:6099.445s step_avg:2473.42ms
step:2467/3350 train_time:6102.569s step_avg:2473.68ms
step:2468/3350 train_time:6104.432s step_avg:2473.43ms
step:2469/3350 train_time:6107.567s step_avg:2473.70ms
step:2470/3350 train_time:6109.432s step_avg:2473.45ms
step:2471/3350 train_time:6112.597s step_avg:2473.73ms
step:2472/3350 train_time:6114.448s step_avg:2473.48ms
step:2473/3350 train_time:6117.578s step_avg:2473.75ms
step:2474/3350 train_time:6119.440s step_avg:2473.50ms
step:2475/3350 train_time:6122.864s step_avg:2473.88ms
step:2476/3350 train_time:6124.725s step_avg:2473.64ms
step:2477/3350 train_time:6127.859s step_avg:2473.90ms
step:2478/3350 train_time:6129.711s step_avg:2473.65ms
step:2479/3350 train_time:6132.836s step_avg:2473.92ms
step:2480/3350 train_time:6134.688s step_avg:2473.66ms
step:2481/3350 train_time:6137.819s step_avg:2473.93ms
step:2482/3350 train_time:6139.683s step_avg:2473.68ms
step:2483/3350 train_time:6142.817s step_avg:2473.95ms
step:2484/3350 train_time:6144.667s step_avg:2473.70ms
step:2485/3350 train_time:6147.805s step_avg:2473.97ms
step:2486/3350 train_time:6149.672s step_avg:2473.72ms
step:2487/3350 train_time:6152.811s step_avg:2473.99ms
step:2488/3350 train_time:6154.664s step_avg:2473.74ms
step:2489/3350 train_time:6157.799s step_avg:2474.01ms
step:2490/3350 train_time:6159.651s step_avg:2473.76ms
step:2491/3350 train_time:6162.783s step_avg:2474.02ms
step:2492/3350 train_time:6164.634s step_avg:2473.77ms
step:2493/3350 train_time:6167.766s step_avg:2474.03ms
step:2494/3350 train_time:6169.617s step_avg:2473.78ms
step:2495/3350 train_time:6172.747s step_avg:2474.05ms
step:2496/3350 train_time:6174.606s step_avg:2473.80ms
step:2497/3350 train_time:6177.740s step_avg:2474.07ms
step:2498/3350 train_time:6179.598s step_avg:2473.82ms
step:2499/3350 train_time:6182.736s step_avg:2474.08ms
step:2500/3350 train_time:6184.962s step_avg:2473.98ms
step:2500/3350 val_loss:3.36253 train_time:6184.962s step_avg:2500.95ms
step:2501/3350 train_time:6188.077s step_avg:2474.24ms
step:2502/3350 train_time:6189.931s step_avg:2473.99ms
step:2503/3350 train_time:6193.066s step_avg:2474.26ms
step:2504/3350 train_time:6194.929s step_avg:2474.01ms
step:2505/3350 train_time:6198.061s step_avg:2474.28ms
step:2506/3350 train_time:6199.914s step_avg:2474.03ms
step:2507/3350 train_time:6203.055s step_avg:2474.29ms
step:2508/3350 train_time:6204.909s step_avg:2474.05ms
step:2509/3350 train_time:6208.045s step_avg:2474.31ms
step:2510/3350 train_time:6209.906s step_avg:2474.07ms
step:2511/3350 train_time:6213.038s step_avg:2474.33ms
step:2512/3350 train_time:6214.907s step_avg:2474.09ms
step:2513/3350 train_time:6218.037s step_avg:2474.35ms
step:2514/3350 train_time:6219.889s step_avg:2474.10ms
step:2515/3350 train_time:6223.011s step_avg:2474.36ms
step:2516/3350 train_time:6224.865s step_avg:2474.11ms
step:2517/3350 train_time:6228.010s step_avg:2474.38ms
step:2518/3350 train_time:6229.874s step_avg:2474.14ms
step:2519/3350 train_time:6233.004s step_avg:2474.40ms
step:2520/3350 train_time:6234.857s step_avg:2474.15ms
step:2521/3350 train_time:6237.995s step_avg:2474.41ms
step:2522/3350 train_time:6239.850s step_avg:2474.17ms
step:2523/3350 train_time:6242.986s step_avg:2474.43ms
step:2524/3350 train_time:6244.840s step_avg:2474.18ms
step:2525/3350 train_time:6248.270s step_avg:2474.56ms
step:2526/3350 train_time:6250.127s step_avg:2474.32ms
step:2527/3350 train_time:6253.273s step_avg:2474.58ms
step:2528/3350 train_time:6255.134s step_avg:2474.34ms
step:2529/3350 train_time:6258.267s step_avg:2474.60ms
step:2530/3350 train_time:6260.133s step_avg:2474.36ms
step:2531/3350 train_time:6263.257s step_avg:2474.62ms
step:2532/3350 train_time:6265.105s step_avg:2474.37ms
step:2533/3350 train_time:6268.235s step_avg:2474.63ms
step:2534/3350 train_time:6270.087s step_avg:2474.38ms
step:2535/3350 train_time:6273.218s step_avg:2474.64ms
step:2536/3350 train_time:6275.083s step_avg:2474.40ms
step:2537/3350 train_time:6278.218s step_avg:2474.66ms
step:2538/3350 train_time:6280.080s step_avg:2474.42ms
step:2539/3350 train_time:6283.199s step_avg:2474.67ms
step:2540/3350 train_time:6285.054s step_avg:2474.43ms
step:2541/3350 train_time:6288.186s step_avg:2474.69ms
step:2542/3350 train_time:6290.050s step_avg:2474.45ms
step:2543/3350 train_time:6293.192s step_avg:2474.71ms
step:2544/3350 train_time:6295.055s step_avg:2474.47ms
step:2545/3350 train_time:6298.179s step_avg:2474.73ms
step:2546/3350 train_time:6300.041s step_avg:2474.49ms
step:2547/3350 train_time:6303.171s step_avg:2474.74ms
step:2548/3350 train_time:6305.035s step_avg:2474.50ms
step:2549/3350 train_time:6308.157s step_avg:2474.76ms
step:2550/3350 train_time:6310.306s step_avg:2474.63ms
step:2551/3350 train_time:6313.434s step_avg:2474.89ms
step:2552/3350 train_time:6315.290s step_avg:2474.64ms
step:2553/3350 train_time:6318.432s step_avg:2474.90ms
step:2554/3350 train_time:6320.286s step_avg:2474.66ms
step:2555/3350 train_time:6323.414s step_avg:2474.92ms
step:2556/3350 train_time:6325.266s step_avg:2474.67ms
step:2557/3350 train_time:6328.400s step_avg:2474.93ms
step:2558/3350 train_time:6330.251s step_avg:2474.69ms
step:2559/3350 train_time:6333.376s step_avg:2474.94ms
step:2560/3350 train_time:6335.229s step_avg:2474.70ms
step:2561/3350 train_time:6338.347s step_avg:2474.95ms
step:2562/3350 train_time:6340.213s step_avg:2474.71ms
step:2563/3350 train_time:6343.358s step_avg:2474.97ms
step:2564/3350 train_time:6345.211s step_avg:2474.73ms
step:2565/3350 train_time:6348.334s step_avg:2474.98ms
step:2566/3350 train_time:6350.188s step_avg:2474.74ms
step:2567/3350 train_time:6353.309s step_avg:2474.99ms
step:2568/3350 train_time:6355.174s step_avg:2474.76ms
step:2569/3350 train_time:6358.309s step_avg:2475.01ms
step:2570/3350 train_time:6360.164s step_avg:2474.77ms
step:2571/3350 train_time:6363.306s step_avg:2475.03ms
step:2572/3350 train_time:6365.167s step_avg:2474.79ms
step:2573/3350 train_time:6368.290s step_avg:2475.04ms
step:2574/3350 train_time:6370.144s step_avg:2474.80ms
step:2575/3350 train_time:6373.561s step_avg:2475.17ms
step:2576/3350 train_time:6375.423s step_avg:2474.93ms
step:2577/3350 train_time:6378.544s step_avg:2475.18ms
step:2578/3350 train_time:6380.406s step_avg:2474.94ms
step:2579/3350 train_time:6383.535s step_avg:2475.20ms
step:2580/3350 train_time:6385.394s step_avg:2474.96ms
step:2581/3350 train_time:6388.532s step_avg:2475.22ms
step:2582/3350 train_time:6390.382s step_avg:2474.97ms
step:2583/3350 train_time:6393.507s step_avg:2475.23ms
step:2584/3350 train_time:6395.361s step_avg:2474.98ms
step:2585/3350 train_time:6398.499s step_avg:2475.24ms
step:2586/3350 train_time:6400.361s step_avg:2475.00ms
step:2587/3350 train_time:6403.494s step_avg:2475.26ms
step:2588/3350 train_time:6405.351s step_avg:2475.02ms
step:2589/3350 train_time:6408.476s step_avg:2475.27ms
step:2590/3350 train_time:6410.342s step_avg:2475.04ms
step:2591/3350 train_time:6413.472s step_avg:2475.29ms
step:2592/3350 train_time:6415.334s step_avg:2475.05ms
step:2593/3350 train_time:6418.465s step_avg:2475.30ms
step:2594/3350 train_time:6420.326s step_avg:2475.07ms
step:2595/3350 train_time:6423.453s step_avg:2475.32ms
step:2596/3350 train_time:6425.316s step_avg:2475.08ms
step:2597/3350 train_time:6428.454s step_avg:2475.34ms
step:2598/3350 train_time:6430.316s step_avg:2475.10ms
step:2599/3350 train_time:6433.441s step_avg:2475.35ms
step:2600/3350 train_time:6435.617s step_avg:2475.24ms
step:2601/3350 train_time:6438.745s step_avg:2475.49ms
step:2602/3350 train_time:6440.597s step_avg:2475.25ms
step:2603/3350 train_time:6443.724s step_avg:2475.50ms
step:2604/3350 train_time:6445.582s step_avg:2475.26ms
step:2605/3350 train_time:6448.711s step_avg:2475.51ms
step:2606/3350 train_time:6450.568s step_avg:2475.28ms
step:2607/3350 train_time:6453.692s step_avg:2475.52ms
step:2608/3350 train_time:6455.543s step_avg:2475.28ms
step:2609/3350 train_time:6458.664s step_avg:2475.53ms
step:2610/3350 train_time:6460.522s step_avg:2475.30ms
step:2611/3350 train_time:6463.641s step_avg:2475.54ms
step:2612/3350 train_time:6465.489s step_avg:2475.30ms
step:2613/3350 train_time:6468.626s step_avg:2475.56ms
step:2614/3350 train_time:6470.486s step_avg:2475.32ms
step:2615/3350 train_time:6473.622s step_avg:2475.57ms
step:2616/3350 train_time:6475.472s step_avg:2475.33ms
step:2617/3350 train_time:6478.593s step_avg:2475.58ms
step:2618/3350 train_time:6480.445s step_avg:2475.34ms
step:2619/3350 train_time:6483.580s step_avg:2475.59ms
step:2620/3350 train_time:6485.439s step_avg:2475.36ms
step:2621/3350 train_time:6488.574s step_avg:2475.61ms
step:2622/3350 train_time:6490.434s step_avg:2475.38ms
step:2623/3350 train_time:6493.572s step_avg:2475.63ms
step:2624/3350 train_time:6495.435s step_avg:2475.39ms
step:2625/3350 train_time:6498.925s step_avg:2475.78ms
step:2625/3350 val_loss:3.34481 train_time:6498.926s step_avg:2511.71ms
step:2626/3350 train_time:6500.788s step_avg:2475.55ms
step:2627/3350 train_time:6503.921s step_avg:2475.80ms
step:2628/3350 train_time:6505.790s step_avg:2475.57ms
step:2629/3350 train_time:6508.923s step_avg:2475.82ms
step:2630/3350 train_time:6510.786s step_avg:2475.58ms
step:2631/3350 train_time:6513.926s step_avg:2475.84ms
step:2632/3350 train_time:6515.789s step_avg:2475.60ms
step:2633/3350 train_time:6518.921s step_avg:2475.85ms
step:2634/3350 train_time:6520.786s step_avg:2475.62ms
step:2635/3350 train_time:6523.923s step_avg:2475.87ms
step:2636/3350 train_time:6525.775s step_avg:2475.64ms
step:2637/3350 train_time:6528.917s step_avg:2475.89ms
step:2638/3350 train_time:6530.779s step_avg:2475.66ms
step:2639/3350 train_time:6533.906s step_avg:2475.90ms
step:2640/3350 train_time:6535.770s step_avg:2475.67ms
step:2641/3350 train_time:6538.892s step_avg:2475.92ms
step:2642/3350 train_time:6540.746s step_avg:2475.68ms
step:2643/3350 train_time:6543.880s step_avg:2475.93ms
step:2644/3350 train_time:6545.734s step_avg:2475.69ms
step:2645/3350 train_time:6548.869s step_avg:2475.94ms
step:2646/3350 train_time:6550.718s step_avg:2475.71ms
step:2647/3350 train_time:6553.849s step_avg:2475.95ms
step:2648/3350 train_time:6555.711s step_avg:2475.72ms
step:2649/3350 train_time:6558.852s step_avg:2475.97ms
step:2650/3350 train_time:6561.013s step_avg:2475.85ms
step:2651/3350 train_time:6564.140s step_avg:2476.10ms
step:2652/3350 train_time:6566.003s step_avg:2475.87ms
step:2653/3350 train_time:6569.144s step_avg:2476.12ms
step:2654/3350 train_time:6571.003s step_avg:2475.89ms
step:2655/3350 train_time:6574.134s step_avg:2476.13ms
step:2656/3350 train_time:6575.998s step_avg:2475.90ms
step:2657/3350 train_time:6579.134s step_avg:2476.15ms
step:2658/3350 train_time:6580.995s step_avg:2475.92ms
step:2659/3350 train_time:6584.116s step_avg:2476.16ms
step:2660/3350 train_time:6585.967s step_avg:2475.93ms
step:2661/3350 train_time:6589.129s step_avg:2476.19ms
step:2662/3350 train_time:6590.979s step_avg:2475.95ms
step:2663/3350 train_time:6594.108s step_avg:2476.20ms
step:2664/3350 train_time:6595.966s step_avg:2475.96ms
step:2665/3350 train_time:6599.105s step_avg:2476.21ms
step:2666/3350 train_time:6600.965s step_avg:2475.98ms
step:2667/3350 train_time:6604.089s step_avg:2476.22ms
step:2668/3350 train_time:6605.947s step_avg:2475.99ms
step:2669/3350 train_time:6609.084s step_avg:2476.24ms
step:2670/3350 train_time:6610.947s step_avg:2476.01ms
step:2671/3350 train_time:6614.089s step_avg:2476.26ms
step:2672/3350 train_time:6615.950s step_avg:2476.03ms
step:2673/3350 train_time:6619.077s step_avg:2476.27ms
step:2674/3350 train_time:6620.926s step_avg:2476.04ms
step:2675/3350 train_time:6624.344s step_avg:2476.39ms
step:2676/3350 train_time:6626.207s step_avg:2476.16ms
step:2677/3350 train_time:6629.348s step_avg:2476.41ms
step:2678/3350 train_time:6631.198s step_avg:2476.18ms
step:2679/3350 train_time:6634.325s step_avg:2476.42ms
step:2680/3350 train_time:6636.177s step_avg:2476.19ms
step:2681/3350 train_time:6639.319s step_avg:2476.43ms
step:2682/3350 train_time:6641.185s step_avg:2476.21ms
step:2683/3350 train_time:6644.330s step_avg:2476.46ms
step:2684/3350 train_time:6646.193s step_avg:2476.23ms
step:2685/3350 train_time:6649.332s step_avg:2476.47ms
step:2686/3350 train_time:6651.189s step_avg:2476.24ms
step:2687/3350 train_time:6654.333s step_avg:2476.49ms
step:2688/3350 train_time:6656.198s step_avg:2476.26ms
step:2689/3350 train_time:6659.322s step_avg:2476.51ms
step:2690/3350 train_time:6661.185s step_avg:2476.28ms
step:2691/3350 train_time:6664.311s step_avg:2476.52ms
step:2692/3350 train_time:6666.175s step_avg:2476.29ms
step:2693/3350 train_time:6669.310s step_avg:2476.54ms
step:2694/3350 train_time:6671.171s step_avg:2476.31ms
step:2695/3350 train_time:6674.305s step_avg:2476.55ms
step:2696/3350 train_time:6676.167s step_avg:2476.32ms
step:2697/3350 train_time:6679.296s step_avg:2476.57ms
step:2698/3350 train_time:6681.154s step_avg:2476.34ms
step:2699/3350 train_time:6684.293s step_avg:2476.58ms
step:2700/3350 train_time:6686.447s step_avg:2476.46ms
step:2701/3350 train_time:6689.567s step_avg:2476.70ms
step:2702/3350 train_time:6691.417s step_avg:2476.47ms
step:2703/3350 train_time:6694.559s step_avg:2476.71ms
step:2704/3350 train_time:6696.423s step_avg:2476.49ms
step:2705/3350 train_time:6699.568s step_avg:2476.74ms
step:2706/3350 train_time:6701.432s step_avg:2476.51ms
step:2707/3350 train_time:6704.572s step_avg:2476.75ms
step:2708/3350 train_time:6706.437s step_avg:2476.53ms
step:2709/3350 train_time:6709.574s step_avg:2476.77ms
step:2710/3350 train_time:6711.438s step_avg:2476.55ms
step:2711/3350 train_time:6714.574s step_avg:2476.79ms
step:2712/3350 train_time:6716.435s step_avg:2476.56ms
step:2713/3350 train_time:6719.572s step_avg:2476.80ms
step:2714/3350 train_time:6721.433s step_avg:2476.58ms
step:2715/3350 train_time:6724.565s step_avg:2476.82ms
step:2716/3350 train_time:6726.417s step_avg:2476.59ms
step:2717/3350 train_time:6729.538s step_avg:2476.83ms
step:2718/3350 train_time:6731.402s step_avg:2476.60ms
step:2719/3350 train_time:6734.539s step_avg:2476.84ms
step:2720/3350 train_time:6736.391s step_avg:2476.61ms
step:2721/3350 train_time:6739.534s step_avg:2476.86ms
step:2722/3350 train_time:6741.385s step_avg:2476.63ms
step:2723/3350 train_time:6744.514s step_avg:2476.87ms
step:2724/3350 train_time:6746.368s step_avg:2476.64ms
step:2725/3350 train_time:6749.784s step_avg:2476.98ms
step:2726/3350 train_time:6751.646s step_avg:2476.76ms
step:2727/3350 train_time:6754.771s step_avg:2477.00ms
step:2728/3350 train_time:6756.634s step_avg:2476.77ms
step:2729/3350 train_time:6759.768s step_avg:2477.01ms
step:2730/3350 train_time:6761.620s step_avg:2476.78ms
step:2731/3350 train_time:6764.757s step_avg:2477.03ms
step:2732/3350 train_time:6766.611s step_avg:2476.80ms
step:2733/3350 train_time:6769.737s step_avg:2477.04ms
step:2734/3350 train_time:6771.598s step_avg:2476.81ms
step:2735/3350 train_time:6774.734s step_avg:2477.05ms
step:2736/3350 train_time:6776.595s step_avg:2476.83ms
step:2737/3350 train_time:6779.724s step_avg:2477.06ms
step:2738/3350 train_time:6781.574s step_avg:2476.84ms
step:2739/3350 train_time:6784.710s step_avg:2477.08ms
step:2740/3350 train_time:6786.561s step_avg:2476.85ms
step:2741/3350 train_time:6789.686s step_avg:2477.08ms
step:2742/3350 train_time:6791.537s step_avg:2476.86ms
step:2743/3350 train_time:6794.666s step_avg:2477.09ms
step:2744/3350 train_time:6796.530s step_avg:2476.87ms
step:2745/3350 train_time:6799.663s step_avg:2477.11ms
step:2746/3350 train_time:6801.512s step_avg:2476.88ms
step:2747/3350 train_time:6804.632s step_avg:2477.11ms
step:2748/3350 train_time:6806.494s step_avg:2476.89ms
step:2749/3350 train_time:6809.627s step_avg:2477.13ms
step:2750/3350 train_time:6811.849s step_avg:2477.04ms
step:2750/3350 val_loss:3.32844 train_time:6811.849s step_avg:2503.39ms
step:2751/3350 train_time:6814.963s step_avg:2477.27ms
step:2752/3350 train_time:6816.816s step_avg:2477.04ms
step:2753/3350 train_time:6819.953s step_avg:2477.28ms
step:2754/3350 train_time:6821.818s step_avg:2477.06ms
step:2755/3350 train_time:6824.963s step_avg:2477.30ms
step:2756/3350 train_time:6826.830s step_avg:2477.08ms
step:2757/3350 train_time:6829.953s step_avg:2477.31ms
step:2758/3350 train_time:6831.813s step_avg:2477.09ms
step:2759/3350 train_time:6834.946s step_avg:2477.33ms
step:2760/3350 train_time:6836.813s step_avg:2477.11ms
step:2761/3350 train_time:6839.947s step_avg:2477.34ms
step:2762/3350 train_time:6841.808s step_avg:2477.12ms
step:2763/3350 train_time:6844.927s step_avg:2477.35ms
step:2764/3350 train_time:6846.782s step_avg:2477.13ms
step:2765/3350 train_time:6849.924s step_avg:2477.37ms
step:2766/3350 train_time:6851.776s step_avg:2477.14ms
step:2767/3350 train_time:6854.907s step_avg:2477.38ms
step:2768/3350 train_time:6856.761s step_avg:2477.15ms
step:2769/3350 train_time:6859.895s step_avg:2477.39ms
step:2770/3350 train_time:6861.749s step_avg:2477.17ms
step:2771/3350 train_time:6864.868s step_avg:2477.40ms
step:2772/3350 train_time:6866.732s step_avg:2477.18ms
step:2773/3350 train_time:6869.851s step_avg:2477.41ms
step:2774/3350 train_time:6871.716s step_avg:2477.19ms
step:2775/3350 train_time:6875.146s step_avg:2477.53ms
step:2776/3350 train_time:6876.998s step_avg:2477.30ms
step:2777/3350 train_time:6880.129s step_avg:2477.54ms
step:2778/3350 train_time:6881.992s step_avg:2477.32ms
step:2779/3350 train_time:6885.117s step_avg:2477.55ms
step:2780/3350 train_time:6886.980s step_avg:2477.33ms
step:2781/3350 train_time:6890.117s step_avg:2477.57ms
step:2782/3350 train_time:6891.970s step_avg:2477.34ms
step:2783/3350 train_time:6895.107s step_avg:2477.58ms
step:2784/3350 train_time:6896.972s step_avg:2477.36ms
step:2785/3350 train_time:6900.092s step_avg:2477.59ms
step:2786/3350 train_time:6901.959s step_avg:2477.37ms
step:2787/3350 train_time:6905.085s step_avg:2477.60ms
step:2788/3350 train_time:6906.938s step_avg:2477.38ms
step:2789/3350 train_time:6910.061s step_avg:2477.61ms
step:2790/3350 train_time:6911.925s step_avg:2477.39ms
step:2791/3350 train_time:6915.052s step_avg:2477.63ms
step:2792/3350 train_time:6916.918s step_avg:2477.41ms
step:2793/3350 train_time:6920.056s step_avg:2477.64ms
step:2794/3350 train_time:6921.917s step_avg:2477.42ms
step:2795/3350 train_time:6925.049s step_avg:2477.66ms
step:2796/3350 train_time:6926.898s step_avg:2477.43ms
step:2797/3350 train_time:6930.025s step_avg:2477.66ms
step:2798/3350 train_time:6931.882s step_avg:2477.44ms
step:2799/3350 train_time:6935.009s step_avg:2477.67ms
step:2800/3350 train_time:6937.161s step_avg:2477.56ms
step:2801/3350 train_time:6940.275s step_avg:2477.78ms
step:2802/3350 train_time:6942.123s step_avg:2477.56ms
step:2803/3350 train_time:6945.252s step_avg:2477.79ms
step:2804/3350 train_time:6947.109s step_avg:2477.57ms
step:2805/3350 train_time:6950.234s step_avg:2477.80ms
step:2806/3350 train_time:6952.081s step_avg:2477.58ms
step:2807/3350 train_time:6955.217s step_avg:2477.81ms
step:2808/3350 train_time:6957.079s step_avg:2477.59ms
step:2809/3350 train_time:6960.205s step_avg:2477.82ms
step:2810/3350 train_time:6962.066s step_avg:2477.60ms
step:2811/3350 train_time:6965.195s step_avg:2477.84ms
step:2812/3350 train_time:6967.054s step_avg:2477.62ms
step:2813/3350 train_time:6970.193s step_avg:2477.85ms
step:2814/3350 train_time:6972.045s step_avg:2477.63ms
step:2815/3350 train_time:6975.185s step_avg:2477.86ms
step:2816/3350 train_time:6977.043s step_avg:2477.64ms
step:2817/3350 train_time:6980.174s step_avg:2477.88ms
step:2818/3350 train_time:6982.023s step_avg:2477.65ms
step:2819/3350 train_time:6985.155s step_avg:2477.88ms
step:2820/3350 train_time:6987.012s step_avg:2477.66ms
step:2821/3350 train_time:6990.140s step_avg:2477.89ms
step:2822/3350 train_time:6991.999s step_avg:2477.68ms
step:2823/3350 train_time:6995.135s step_avg:2477.91ms
step:2824/3350 train_time:6996.992s step_avg:2477.69ms
step:2825/3350 train_time:7000.428s step_avg:2478.03ms
step:2826/3350 train_time:7002.277s step_avg:2477.80ms
step:2827/3350 train_time:7005.417s step_avg:2478.04ms
step:2828/3350 train_time:7007.279s step_avg:2477.82ms
step:2829/3350 train_time:7010.399s step_avg:2478.05ms
step:2830/3350 train_time:7012.252s step_avg:2477.83ms
step:2831/3350 train_time:7015.383s step_avg:2478.06ms
step:2832/3350 train_time:7017.231s step_avg:2477.84ms
step:2833/3350 train_time:7020.356s step_avg:2478.06ms
step:2834/3350 train_time:7022.222s step_avg:2477.85ms
step:2835/3350 train_time:7025.356s step_avg:2478.08ms
step:2836/3350 train_time:7027.219s step_avg:2477.86ms
step:2837/3350 train_time:7030.356s step_avg:2478.10ms
step:2838/3350 train_time:7032.217s step_avg:2477.88ms
step:2839/3350 train_time:7035.348s step_avg:2478.11ms
step:2840/3350 train_time:7037.211s step_avg:2477.89ms
step:2841/3350 train_time:7040.346s step_avg:2478.12ms
step:2842/3350 train_time:7042.195s step_avg:2477.90ms
step:2843/3350 train_time:7045.326s step_avg:2478.13ms
step:2844/3350 train_time:7047.190s step_avg:2477.91ms
step:2845/3350 train_time:7050.329s step_avg:2478.15ms
step:2846/3350 train_time:7052.187s step_avg:2477.93ms
step:2847/3350 train_time:7055.325s step_avg:2478.16ms
step:2848/3350 train_time:7057.183s step_avg:2477.94ms
step:2849/3350 train_time:7060.315s step_avg:2478.17ms
step:2850/3350 train_time:7062.480s step_avg:2478.06ms
step:2851/3350 train_time:7065.649s step_avg:2478.31ms
step:2852/3350 train_time:7067.514s step_avg:2478.09ms
step:2853/3350 train_time:7070.640s step_avg:2478.32ms
step:2854/3350 train_time:7072.492s step_avg:2478.10ms
step:2855/3350 train_time:7075.616s step_avg:2478.32ms
step:2856/3350 train_time:7077.466s step_avg:2478.10ms
step:2857/3350 train_time:7080.595s step_avg:2478.33ms
step:2858/3350 train_time:7082.457s step_avg:2478.12ms
step:2859/3350 train_time:7085.588s step_avg:2478.34ms
step:2860/3350 train_time:7087.441s step_avg:2478.13ms
step:2861/3350 train_time:7090.577s step_avg:2478.36ms
step:2862/3350 train_time:7092.438s step_avg:2478.14ms
step:2863/3350 train_time:7095.569s step_avg:2478.37ms
step:2864/3350 train_time:7097.434s step_avg:2478.15ms
step:2865/3350 train_time:7100.563s step_avg:2478.38ms
step:2866/3350 train_time:7102.415s step_avg:2478.16ms
step:2867/3350 train_time:7105.557s step_avg:2478.39ms
step:2868/3350 train_time:7107.409s step_avg:2478.18ms
step:2869/3350 train_time:7110.556s step_avg:2478.41ms
step:2870/3350 train_time:7112.415s step_avg:2478.19ms
step:2871/3350 train_time:7115.542s step_avg:2478.42ms
step:2872/3350 train_time:7117.400s step_avg:2478.20ms
step:2873/3350 train_time:7120.528s step_avg:2478.43ms
step:2874/3350 train_time:7122.375s step_avg:2478.21ms
step:2875/3350 train_time:7125.847s step_avg:2478.56ms
step:2875/3350 val_loss:3.31314 train_time:7125.848s step_avg:2511.99ms
step:2876/3350 train_time:7127.711s step_avg:2478.34ms
step:2877/3350 train_time:7130.845s step_avg:2478.57ms
step:2878/3350 train_time:7132.698s step_avg:2478.35ms
step:2879/3350 train_time:7135.828s step_avg:2478.58ms
step:2880/3350 train_time:7137.691s step_avg:2478.36ms
step:2881/3350 train_time:7140.822s step_avg:2478.59ms
step:2882/3350 train_time:7142.684s step_avg:2478.38ms
step:2883/3350 train_time:7145.826s step_avg:2478.61ms
step:2884/3350 train_time:7147.686s step_avg:2478.39ms
step:2885/3350 train_time:7150.821s step_avg:2478.62ms
step:2886/3350 train_time:7152.679s step_avg:2478.41ms
step:2887/3350 train_time:7155.801s step_avg:2478.63ms
step:2888/3350 train_time:7157.653s step_avg:2478.41ms
step:2889/3350 train_time:7160.795s step_avg:2478.64ms
step:2890/3350 train_time:7162.653s step_avg:2478.43ms
step:2891/3350 train_time:7165.773s step_avg:2478.65ms
step:2892/3350 train_time:7167.624s step_avg:2478.43ms
step:2893/3350 train_time:7170.754s step_avg:2478.66ms
step:2894/3350 train_time:7172.616s step_avg:2478.44ms
step:2895/3350 train_time:7175.745s step_avg:2478.67ms
step:2896/3350 train_time:7177.608s step_avg:2478.46ms
step:2897/3350 train_time:7180.740s step_avg:2478.68ms
step:2898/3350 train_time:7182.602s step_avg:2478.47ms
step:2899/3350 train_time:7185.734s step_avg:2478.69ms
step:2900/3350 train_time:7187.898s step_avg:2478.59ms
step:2901/3350 train_time:7191.011s step_avg:2478.80ms
step:2902/3350 train_time:7192.859s step_avg:2478.59ms
step:2903/3350 train_time:7195.988s step_avg:2478.81ms
step:2904/3350 train_time:7197.851s step_avg:2478.60ms
step:2905/3350 train_time:7200.979s step_avg:2478.82ms
step:2906/3350 train_time:7202.838s step_avg:2478.61ms
step:2907/3350 train_time:7205.965s step_avg:2478.83ms
step:2908/3350 train_time:7207.824s step_avg:2478.62ms
step:2909/3350 train_time:7210.955s step_avg:2478.84ms
step:2910/3350 train_time:7212.806s step_avg:2478.63ms
step:2911/3350 train_time:7215.935s step_avg:2478.85ms
step:2912/3350 train_time:7217.794s step_avg:2478.64ms
step:2913/3350 train_time:7220.919s step_avg:2478.86ms
step:2914/3350 train_time:7222.767s step_avg:2478.64ms
step:2915/3350 train_time:7225.892s step_avg:2478.87ms
step:2916/3350 train_time:7227.740s step_avg:2478.65ms
step:2917/3350 train_time:7230.861s step_avg:2478.87ms
step:2918/3350 train_time:7232.709s step_avg:2478.65ms
step:2919/3350 train_time:7235.827s step_avg:2478.87ms
step:2920/3350 train_time:7237.691s step_avg:2478.66ms
step:2921/3350 train_time:7240.813s step_avg:2478.88ms
step:2922/3350 train_time:7242.674s step_avg:2478.67ms
step:2923/3350 train_time:7245.814s step_avg:2478.90ms
step:2924/3350 train_time:7247.674s step_avg:2478.68ms
step:2925/3350 train_time:7251.083s step_avg:2479.00ms
step:2926/3350 train_time:7252.943s step_avg:2478.79ms
step:2927/3350 train_time:7256.068s step_avg:2479.01ms
step:2928/3350 train_time:7257.930s step_avg:2478.80ms
step:2929/3350 train_time:7261.052s step_avg:2479.02ms
step:2930/3350 train_time:7262.912s step_avg:2478.81ms
step:2931/3350 train_time:7266.036s step_avg:2479.03ms
step:2932/3350 train_time:7267.888s step_avg:2478.82ms
step:2933/3350 train_time:7271.032s step_avg:2479.04ms
step:2934/3350 train_time:7272.893s step_avg:2478.83ms
step:2935/3350 train_time:7276.024s step_avg:2479.05ms
step:2936/3350 train_time:7277.876s step_avg:2478.84ms
step:2937/3350 train_time:7281.008s step_avg:2479.06ms
step:2938/3350 train_time:7282.860s step_avg:2478.85ms
step:2939/3350 train_time:7285.989s step_avg:2479.07ms
step:2940/3350 train_time:7287.857s step_avg:2478.86ms
step:2941/3350 train_time:7290.990s step_avg:2479.09ms
step:2942/3350 train_time:7292.850s step_avg:2478.87ms
step:2943/3350 train_time:7295.972s step_avg:2479.09ms
step:2944/3350 train_time:7297.821s step_avg:2478.88ms
step:2945/3350 train_time:7300.958s step_avg:2479.10ms
step:2946/3350 train_time:7302.818s step_avg:2478.89ms
step:2947/3350 train_time:7305.958s step_avg:2479.12ms
step:2948/3350 train_time:7307.819s step_avg:2478.91ms
step:2949/3350 train_time:7310.948s step_avg:2479.13ms
step:2950/3350 train_time:7313.093s step_avg:2479.01ms
step:2951/3350 train_time:7316.216s step_avg:2479.23ms
step:2952/3350 train_time:7318.064s step_avg:2479.02ms
step:2953/3350 train_time:7321.196s step_avg:2479.24ms
step:2954/3350 train_time:7323.058s step_avg:2479.03ms
step:2955/3350 train_time:7326.178s step_avg:2479.25ms
step:2956/3350 train_time:7328.030s step_avg:2479.04ms
step:2957/3350 train_time:7331.148s step_avg:2479.25ms
step:2958/3350 train_time:7333.008s step_avg:2479.04ms
step:2959/3350 train_time:7336.138s step_avg:2479.26ms
step:2960/3350 train_time:7337.999s step_avg:2479.05ms
step:2961/3350 train_time:7341.132s step_avg:2479.27ms
step:2962/3350 train_time:7342.992s step_avg:2479.07ms
step:2963/3350 train_time:7346.119s step_avg:2479.28ms
step:2964/3350 train_time:7347.976s step_avg:2479.07ms
step:2965/3350 train_time:7351.106s step_avg:2479.29ms
step:2966/3350 train_time:7352.970s step_avg:2479.09ms
step:2967/3350 train_time:7356.095s step_avg:2479.30ms
step:2968/3350 train_time:7357.947s step_avg:2479.09ms
step:2969/3350 train_time:7361.064s step_avg:2479.31ms
step:2970/3350 train_time:7362.915s step_avg:2479.10ms
step:2971/3350 train_time:7366.050s step_avg:2479.32ms
step:2972/3350 train_time:7367.912s step_avg:2479.11ms
step:2973/3350 train_time:7371.041s step_avg:2479.33ms
step:2974/3350 train_time:7372.899s step_avg:2479.12ms
step:2975/3350 train_time:7376.309s step_avg:2479.43ms
step:2976/3350 train_time:7378.161s step_avg:2479.22ms
step:2977/3350 train_time:7381.282s step_avg:2479.44ms
step:2978/3350 train_time:7383.142s step_avg:2479.23ms
step:2979/3350 train_time:7386.262s step_avg:2479.44ms
step:2980/3350 train_time:7388.122s step_avg:2479.24ms
step:2981/3350 train_time:7391.244s step_avg:2479.45ms
step:2982/3350 train_time:7393.104s step_avg:2479.24ms
step:2983/3350 train_time:7396.231s step_avg:2479.46ms
step:2984/3350 train_time:7398.090s step_avg:2479.25ms
step:2985/3350 train_time:7401.229s step_avg:2479.47ms
step:2986/3350 train_time:7403.090s step_avg:2479.27ms
step:2987/3350 train_time:7406.214s step_avg:2479.48ms
step:2988/3350 train_time:7408.063s step_avg:2479.27ms
step:2989/3350 train_time:7411.193s step_avg:2479.49ms
step:2990/3350 train_time:7413.058s step_avg:2479.28ms
step:2991/3350 train_time:7416.192s step_avg:2479.50ms
step:2992/3350 train_time:7418.045s step_avg:2479.29ms
step:2993/3350 train_time:7421.178s step_avg:2479.51ms
step:2994/3350 train_time:7423.026s step_avg:2479.30ms
step:2995/3350 train_time:7426.157s step_avg:2479.52ms
step:2996/3350 train_time:7428.019s step_avg:2479.31ms
step:2997/3350 train_time:7431.136s step_avg:2479.52ms
step:2998/3350 train_time:7432.996s step_avg:2479.32ms
step:2999/3350 train_time:7436.121s step_avg:2479.53ms
step:3000/3350 train_time:7438.359s step_avg:2479.45ms
step:3000/3350 val_loss:3.29738 train_time:7438.360s step_avg:2500.10ms
step:3001/3350 train_time:7441.475s step_avg:2479.66ms
step:3002/3350 train_time:7443.324s step_avg:2479.46ms
step:3003/3350 train_time:7446.456s step_avg:2479.67ms
step:3004/3350 train_time:7448.308s step_avg:2479.46ms
step:3005/3350 train_time:7451.439s step_avg:2479.68ms
step:3006/3350 train_time:7453.291s step_avg:2479.47ms
step:3007/3350 train_time:7456.421s step_avg:2479.69ms
step:3008/3350 train_time:7458.283s step_avg:2479.48ms
step:3009/3350 train_time:7461.400s step_avg:2479.69ms
step:3010/3350 train_time:7463.263s step_avg:2479.49ms
step:3011/3350 train_time:7466.386s step_avg:2479.70ms
step:3012/3350 train_time:7468.237s step_avg:2479.49ms
step:3013/3350 train_time:7471.375s step_avg:2479.71ms
step:3014/3350 train_time:7473.233s step_avg:2479.51ms
step:3015/3350 train_time:7476.358s step_avg:2479.72ms
step:3016/3350 train_time:7478.217s step_avg:2479.51ms
step:3017/3350 train_time:7481.347s step_avg:2479.73ms
step:3018/3350 train_time:7483.211s step_avg:2479.53ms
step:3019/3350 train_time:7486.340s step_avg:2479.74ms
step:3020/3350 train_time:7488.202s step_avg:2479.54ms
step:3021/3350 train_time:7491.335s step_avg:2479.75ms
step:3022/3350 train_time:7493.186s step_avg:2479.55ms
step:3023/3350 train_time:7496.323s step_avg:2479.76ms
step:3024/3350 train_time:7498.182s step_avg:2479.56ms
step:3025/3350 train_time:7501.607s step_avg:2479.87ms
step:3025/3350 val_loss:3.29345 train_time:7501.607s step_avg:2529.90ms
step:3026/3350 train_time:7503.455s step_avg:2479.66ms
step:3027/3350 train_time:7506.595s step_avg:2479.88ms
step:3028/3350 train_time:7508.447s step_avg:2479.67ms
step:3029/3350 train_time:7511.566s step_avg:2479.88ms
step:3030/3350 train_time:7513.417s step_avg:2479.68ms
step:3031/3350 train_time:7516.546s step_avg:2479.89ms
step:3032/3350 train_time:7518.399s step_avg:2479.68ms
step:3033/3350 train_time:7521.538s step_avg:2479.90ms
step:3034/3350 train_time:7523.397s step_avg:2479.70ms
step:3035/3350 train_time:7526.538s step_avg:2479.91ms
step:3036/3350 train_time:7528.387s step_avg:2479.71ms
step:3037/3350 train_time:7531.519s step_avg:2479.92ms
step:3038/3350 train_time:7533.380s step_avg:2479.72ms
step:3039/3350 train_time:7536.511s step_avg:2479.93ms
step:3040/3350 train_time:7538.376s step_avg:2479.73ms
step:3041/3350 train_time:7541.539s step_avg:2479.95ms
step:3042/3350 train_time:7543.390s step_avg:2479.75ms
step:3043/3350 train_time:7546.507s step_avg:2479.96ms
step:3044/3350 train_time:7548.365s step_avg:2479.75ms
step:3045/3350 train_time:7551.496s step_avg:2479.97ms
step:3046/3350 train_time:7553.349s step_avg:2479.76ms
step:3047/3350 train_time:7556.488s step_avg:2479.98ms
step:3048/3350 train_time:7558.353s step_avg:2479.77ms
step:3049/3350 train_time:7561.494s step_avg:2479.99ms
step:3050/3350 train_time:7563.656s step_avg:2479.89ms
step:3050/3350 val_loss:3.29053 train_time:7563.656s step_avg:2481.96ms
step:3051/3350 train_time:7566.774s step_avg:2480.10ms
step:3052/3350 train_time:7568.634s step_avg:2479.89ms
step:3053/3350 train_time:7571.752s step_avg:2480.10ms
step:3054/3350 train_time:7573.602s step_avg:2479.90ms
step:3055/3350 train_time:7576.732s step_avg:2480.11ms
step:3056/3350 train_time:7578.596s step_avg:2479.91ms
step:3057/3350 train_time:7581.729s step_avg:2480.12ms
step:3058/3350 train_time:7583.588s step_avg:2479.92ms
step:3059/3350 train_time:7586.722s step_avg:2480.13ms
step:3060/3350 train_time:7588.582s step_avg:2479.93ms
step:3061/3350 train_time:7591.712s step_avg:2480.14ms
step:3062/3350 train_time:7593.562s step_avg:2479.94ms
step:3063/3350 train_time:7596.679s step_avg:2480.14ms
step:3064/3350 train_time:7598.541s step_avg:2479.94ms
step:3065/3350 train_time:7601.674s step_avg:2480.15ms
step:3066/3350 train_time:7603.525s step_avg:2479.95ms
step:3067/3350 train_time:7606.658s step_avg:2480.16ms
step:3068/3350 train_time:7608.517s step_avg:2479.96ms
step:3069/3350 train_time:7611.656s step_avg:2480.17ms
step:3070/3350 train_time:7613.515s step_avg:2479.97ms
step:3071/3350 train_time:7616.644s step_avg:2480.18ms
step:3072/3350 train_time:7618.492s step_avg:2479.98ms
step:3073/3350 train_time:7621.615s step_avg:2480.19ms
step:3074/3350 train_time:7623.474s step_avg:2479.99ms
step:3075/3350 train_time:7626.894s step_avg:2480.29ms
step:3075/3350 val_loss:3.28753 train_time:7626.895s step_avg:2529.54ms
step:3076/3350 train_time:7628.759s step_avg:2480.09ms
step:3077/3350 train_time:7631.908s step_avg:2480.31ms
step:3078/3350 train_time:7633.758s step_avg:2480.10ms
step:3079/3350 train_time:7636.892s step_avg:2480.32ms
step:3080/3350 train_time:7638.750s step_avg:2480.11ms
step:3081/3350 train_time:7641.885s step_avg:2480.33ms
step:3082/3350 train_time:7643.736s step_avg:2480.12ms
step:3083/3350 train_time:7646.863s step_avg:2480.33ms
step:3084/3350 train_time:7648.722s step_avg:2480.13ms
step:3085/3350 train_time:7651.862s step_avg:2480.34ms
step:3086/3350 train_time:7653.710s step_avg:2480.14ms
step:3087/3350 train_time:7656.848s step_avg:2480.35ms
step:3088/3350 train_time:7658.709s step_avg:2480.15ms
step:3089/3350 train_time:7661.841s step_avg:2480.36ms
step:3090/3350 train_time:7663.701s step_avg:2480.16ms
step:3091/3350 train_time:7666.837s step_avg:2480.37ms
step:3092/3350 train_time:7668.700s step_avg:2480.17ms
step:3093/3350 train_time:7671.827s step_avg:2480.38ms
step:3094/3350 train_time:7673.685s step_avg:2480.18ms
step:3095/3350 train_time:7676.812s step_avg:2480.39ms
step:3096/3350 train_time:7678.670s step_avg:2480.19ms
step:3097/3350 train_time:7681.791s step_avg:2480.40ms
step:3098/3350 train_time:7683.638s step_avg:2480.19ms
step:3099/3350 train_time:7686.769s step_avg:2480.40ms
step:3100/3350 train_time:7688.937s step_avg:2480.30ms
step:3100/3350 val_loss:3.28488 train_time:7688.937s step_avg:2481.68ms
step:3101/3350 train_time:7692.051s step_avg:2480.51ms
step:3102/3350 train_time:7693.910s step_avg:2480.31ms
step:3103/3350 train_time:7697.041s step_avg:2480.52ms
step:3104/3350 train_time:7698.900s step_avg:2480.32ms
step:3105/3350 train_time:7702.020s step_avg:2480.52ms
step:3106/3350 train_time:7703.885s step_avg:2480.32ms
step:3107/3350 train_time:7707.020s step_avg:2480.53ms
step:3108/3350 train_time:7708.877s step_avg:2480.33ms
step:3109/3350 train_time:7711.998s step_avg:2480.54ms
step:3110/3350 train_time:7713.859s step_avg:2480.34ms
step:3111/3350 train_time:7716.986s step_avg:2480.55ms
step:3112/3350 train_time:7718.846s step_avg:2480.35ms
step:3113/3350 train_time:7721.967s step_avg:2480.55ms
step:3114/3350 train_time:7723.821s step_avg:2480.35ms
step:3115/3350 train_time:7726.962s step_avg:2480.57ms
step:3116/3350 train_time:7728.823s step_avg:2480.37ms
step:3117/3350 train_time:7731.952s step_avg:2480.57ms
step:3118/3350 train_time:7733.809s step_avg:2480.37ms
step:3119/3350 train_time:7736.937s step_avg:2480.58ms
step:3120/3350 train_time:7738.796s step_avg:2480.38ms
step:3121/3350 train_time:7741.914s step_avg:2480.59ms
step:3122/3350 train_time:7743.776s step_avg:2480.39ms
step:3123/3350 train_time:7746.897s step_avg:2480.59ms
step:3124/3350 train_time:7748.761s step_avg:2480.40ms
step:3125/3350 train_time:7752.244s step_avg:2480.72ms
step:3125/3350 val_loss:3.28197 train_time:7752.245s step_avg:2532.32ms
step:3126/3350 train_time:7754.106s step_avg:2480.52ms
step:3127/3350 train_time:7757.244s step_avg:2480.73ms
step:3128/3350 train_time:7759.104s step_avg:2480.53ms
step:3129/3350 train_time:7762.228s step_avg:2480.74ms
step:3130/3350 train_time:7764.079s step_avg:2480.54ms
step:3131/3350 train_time:7767.206s step_avg:2480.74ms
step:3132/3350 train_time:7769.071s step_avg:2480.55ms
step:3133/3350 train_time:7772.212s step_avg:2480.76ms
step:3134/3350 train_time:7774.072s step_avg:2480.56ms
step:3135/3350 train_time:7777.204s step_avg:2480.77ms
step:3136/3350 train_time:7779.067s step_avg:2480.57ms
step:3137/3350 train_time:7782.205s step_avg:2480.78ms
step:3138/3350 train_time:7784.053s step_avg:2480.58ms
step:3139/3350 train_time:7787.175s step_avg:2480.78ms
step:3140/3350 train_time:7789.035s step_avg:2480.58ms
step:3141/3350 train_time:7792.160s step_avg:2480.79ms
step:3142/3350 train_time:7794.020s step_avg:2480.59ms
step:3143/3350 train_time:7797.141s step_avg:2480.80ms
step:3144/3350 train_time:7799.000s step_avg:2480.60ms
step:3145/3350 train_time:7802.128s step_avg:2480.80ms
step:3146/3350 train_time:7803.977s step_avg:2480.60ms
step:3147/3350 train_time:7807.104s step_avg:2480.81ms
step:3148/3350 train_time:7808.966s step_avg:2480.61ms
step:3149/3350 train_time:7812.094s step_avg:2480.82ms
step:3150/3350 train_time:7814.232s step_avg:2480.71ms
step:3150/3350 val_loss:3.27884 train_time:7814.233s step_avg:2479.51ms
step:3151/3350 train_time:7817.348s step_avg:2480.91ms
step:3152/3350 train_time:7819.197s step_avg:2480.71ms
step:3153/3350 train_time:7822.322s step_avg:2480.91ms
step:3154/3350 train_time:7824.173s step_avg:2480.71ms
step:3155/3350 train_time:7827.312s step_avg:2480.92ms
step:3156/3350 train_time:7829.175s step_avg:2480.73ms
step:3157/3350 train_time:7832.297s step_avg:2480.93ms
step:3158/3350 train_time:7834.159s step_avg:2480.73ms
step:3159/3350 train_time:7837.282s step_avg:2480.94ms
step:3160/3350 train_time:7839.136s step_avg:2480.74ms
step:3161/3350 train_time:7842.275s step_avg:2480.95ms
step:3162/3350 train_time:7844.126s step_avg:2480.75ms
step:3163/3350 train_time:7847.257s step_avg:2480.95ms
step:3164/3350 train_time:7849.105s step_avg:2480.75ms
step:3165/3350 train_time:7852.240s step_avg:2480.96ms
step:3166/3350 train_time:7854.088s step_avg:2480.76ms
step:3167/3350 train_time:7857.214s step_avg:2480.96ms
step:3168/3350 train_time:7859.061s step_avg:2480.76ms
step:3169/3350 train_time:7862.185s step_avg:2480.97ms
step:3170/3350 train_time:7864.035s step_avg:2480.77ms
step:3171/3350 train_time:7867.169s step_avg:2480.97ms
step:3172/3350 train_time:7869.022s step_avg:2480.78ms
step:3173/3350 train_time:7872.152s step_avg:2480.98ms
step:3174/3350 train_time:7874.001s step_avg:2480.78ms
step:3175/3350 train_time:7877.433s step_avg:2481.08ms
step:3175/3350 val_loss:3.27643 train_time:7877.434s step_avg:2528.03ms
step:3176/3350 train_time:7879.287s step_avg:2480.88ms
step:3177/3350 train_time:7882.427s step_avg:2481.09ms
step:3178/3350 train_time:7884.279s step_avg:2480.89ms
step:3179/3350 train_time:7887.409s step_avg:2481.10ms
step:3180/3350 train_time:7889.262s step_avg:2480.90ms
step:3181/3350 train_time:7892.391s step_avg:2481.10ms
step:3182/3350 train_time:7894.250s step_avg:2480.91ms
step:3183/3350 train_time:7897.371s step_avg:2481.11ms
step:3184/3350 train_time:7899.220s step_avg:2480.91ms
step:3185/3350 train_time:7902.354s step_avg:2481.12ms
step:3186/3350 train_time:7904.202s step_avg:2480.92ms
step:3187/3350 train_time:7907.330s step_avg:2481.12ms
step:3188/3350 train_time:7909.178s step_avg:2480.92ms
step:3189/3350 train_time:7912.294s step_avg:2481.12ms
step:3190/3350 train_time:7914.158s step_avg:2480.93ms
step:3191/3350 train_time:7917.296s step_avg:2481.13ms
step:3192/3350 train_time:7919.154s step_avg:2480.94ms
step:3193/3350 train_time:7922.273s step_avg:2481.14ms
step:3194/3350 train_time:7924.130s step_avg:2480.94ms
step:3195/3350 train_time:7927.250s step_avg:2481.14ms
step:3196/3350 train_time:7929.112s step_avg:2480.95ms
step:3197/3350 train_time:7932.243s step_avg:2481.15ms
step:3198/3350 train_time:7934.107s step_avg:2480.96ms
step:3199/3350 train_time:7937.237s step_avg:2481.16ms
step:3200/3350 train_time:7939.402s step_avg:2481.06ms
step:3200/3350 val_loss:3.27377 train_time:7939.403s step_avg:2478.76ms
step:3201/3350 train_time:7942.522s step_avg:2481.26ms
step:3202/3350 train_time:7944.372s step_avg:2481.07ms
step:3203/3350 train_time:7947.499s step_avg:2481.27ms
step:3204/3350 train_time:7949.350s step_avg:2481.07ms
step:3205/3350 train_time:7952.486s step_avg:2481.27ms
step:3206/3350 train_time:7954.352s step_avg:2481.08ms
step:3207/3350 train_time:7957.487s step_avg:2481.29ms
step:3208/3350 train_time:7959.335s step_avg:2481.09ms
step:3209/3350 train_time:7962.472s step_avg:2481.29ms
step:3210/3350 train_time:7964.333s step_avg:2481.10ms
step:3211/3350 train_time:7967.477s step_avg:2481.31ms
step:3212/3350 train_time:7969.326s step_avg:2481.11ms
step:3213/3350 train_time:7972.451s step_avg:2481.31ms
step:3214/3350 train_time:7974.302s step_avg:2481.11ms
step:3215/3350 train_time:7977.442s step_avg:2481.32ms
step:3216/3350 train_time:7979.297s step_avg:2481.12ms
step:3217/3350 train_time:7982.430s step_avg:2481.33ms
step:3218/3350 train_time:7984.294s step_avg:2481.14ms
step:3219/3350 train_time:7987.415s step_avg:2481.33ms
step:3220/3350 train_time:7989.275s step_avg:2481.14ms
step:3221/3350 train_time:7992.403s step_avg:2481.34ms
step:3222/3350 train_time:7994.264s step_avg:2481.15ms
step:3223/3350 train_time:7997.392s step_avg:2481.35ms
step:3224/3350 train_time:7999.239s step_avg:2481.15ms
step:3225/3350 train_time:8002.650s step_avg:2481.44ms
step:3225/3350 val_loss:3.27136 train_time:8002.650s step_avg:2529.91ms
step:3226/3350 train_time:8004.505s step_avg:2481.25ms
step:3227/3350 train_time:8007.625s step_avg:2481.45ms
step:3228/3350 train_time:8009.474s step_avg:2481.25ms
step:3229/3350 train_time:8012.603s step_avg:2481.45ms
step:3230/3350 train_time:8014.463s step_avg:2481.26ms
step:3231/3350 train_time:8017.626s step_avg:2481.47ms
step:3232/3350 train_time:8019.477s step_avg:2481.27ms
step:3233/3350 train_time:8022.599s step_avg:2481.47ms
step:3234/3350 train_time:8024.450s step_avg:2481.28ms
step:3235/3350 train_time:8027.591s step_avg:2481.48ms
step:3236/3350 train_time:8029.453s step_avg:2481.29ms
step:3237/3350 train_time:8032.591s step_avg:2481.49ms
step:3238/3350 train_time:8034.451s step_avg:2481.30ms
step:3239/3350 train_time:8037.573s step_avg:2481.50ms
step:3240/3350 train_time:8039.440s step_avg:2481.31ms
step:3241/3350 train_time:8042.574s step_avg:2481.51ms
step:3242/3350 train_time:8044.423s step_avg:2481.32ms
step:3243/3350 train_time:8047.562s step_avg:2481.52ms
step:3244/3350 train_time:8049.422s step_avg:2481.33ms
step:3245/3350 train_time:8052.546s step_avg:2481.52ms
step:3246/3350 train_time:8054.400s step_avg:2481.33ms
step:3247/3350 train_time:8057.540s step_avg:2481.53ms
step:3248/3350 train_time:8059.392s step_avg:2481.34ms
step:3249/3350 train_time:8062.517s step_avg:2481.54ms
step:3250/3350 train_time:8064.720s step_avg:2481.45ms
step:3250/3350 val_loss:3.26931 train_time:8064.720s step_avg:2482.80ms
step:3251/3350 train_time:8067.853s step_avg:2481.65ms
step:3252/3350 train_time:8069.716s step_avg:2481.46ms
step:3253/3350 train_time:8072.835s step_avg:2481.66ms
step:3254/3350 train_time:8074.695s step_avg:2481.47ms
step:3255/3350 train_time:8077.812s step_avg:2481.66ms
step:3256/3350 train_time:8079.672s step_avg:2481.47ms
step:3257/3350 train_time:8082.791s step_avg:2481.67ms
step:3258/3350 train_time:8084.637s step_avg:2481.47ms
step:3259/3350 train_time:8087.766s step_avg:2481.67ms
step:3260/3350 train_time:8089.619s step_avg:2481.48ms
step:3261/3350 train_time:8092.750s step_avg:2481.68ms
step:3262/3350 train_time:8094.598s step_avg:2481.48ms
step:3263/3350 train_time:8097.717s step_avg:2481.68ms
step:3264/3350 train_time:8099.574s step_avg:2481.49ms
step:3265/3350 train_time:8102.690s step_avg:2481.68ms
step:3266/3350 train_time:8104.549s step_avg:2481.49ms
step:3267/3350 train_time:8107.674s step_avg:2481.69ms
step:3268/3350 train_time:8109.523s step_avg:2481.49ms
step:3269/3350 train_time:8112.642s step_avg:2481.69ms
step:3270/3350 train_time:8114.492s step_avg:2481.50ms
step:3271/3350 train_time:8117.615s step_avg:2481.69ms
step:3272/3350 train_time:8119.472s step_avg:2481.50ms
step:3273/3350 train_time:8122.595s step_avg:2481.70ms
step:3274/3350 train_time:8124.455s step_avg:2481.51ms
step:3275/3350 train_time:8127.869s step_avg:2481.79ms
step:3275/3350 val_loss:3.26735 train_time:8127.869s step_avg:2525.95ms
step:3276/3350 train_time:8129.720s step_avg:2481.60ms
step:3277/3350 train_time:8132.858s step_avg:2481.80ms
step:3278/3350 train_time:8134.713s step_avg:2481.61ms
step:3279/3350 train_time:8137.849s step_avg:2481.81ms
step:3280/3350 train_time:8139.707s step_avg:2481.62ms
step:3281/3350 train_time:8142.842s step_avg:2481.82ms
step:3282/3350 train_time:8144.704s step_avg:2481.63ms
step:3283/3350 train_time:8147.843s step_avg:2481.83ms
step:3284/3350 train_time:8149.693s step_avg:2481.64ms
step:3285/3350 train_time:8152.834s step_avg:2481.84ms
step:3286/3350 train_time:8154.694s step_avg:2481.65ms
step:3287/3350 train_time:8157.818s step_avg:2481.84ms
step:3288/3350 train_time:8159.683s step_avg:2481.66ms
step:3289/3350 train_time:8162.811s step_avg:2481.85ms
step:3290/3350 train_time:8164.669s step_avg:2481.66ms
step:3291/3350 train_time:8167.791s step_avg:2481.86ms
step:3292/3350 train_time:8169.651s step_avg:2481.67ms
step:3293/3350 train_time:8172.781s step_avg:2481.86ms
step:3294/3350 train_time:8174.633s step_avg:2481.67ms
step:3295/3350 train_time:8177.749s step_avg:2481.87ms
step:3296/3350 train_time:8179.597s step_avg:2481.67ms
step:3297/3350 train_time:8182.726s step_avg:2481.87ms
step:3298/3350 train_time:8184.592s step_avg:2481.68ms
step:3299/3350 train_time:8187.725s step_avg:2481.88ms
step:3300/3350 train_time:8189.902s step_avg:2481.79ms
step:3300/3350 val_loss:3.26564 train_time:8189.903s step_avg:2481.35ms
step:3301/3350 train_time:8193.036s step_avg:2481.99ms
step:3302/3350 train_time:8194.900s step_avg:2481.80ms
step:3303/3350 train_time:8198.047s step_avg:2482.00ms
step:3304/3350 train_time:8199.911s step_avg:2481.81ms
step:3305/3350 train_time:8203.046s step_avg:2482.01ms
step:3306/3350 train_time:8204.897s step_avg:2481.82ms
step:3307/3350 train_time:8208.028s step_avg:2482.02ms
step:3308/3350 train_time:8209.891s step_avg:2481.83ms
step:3309/3350 train_time:8213.016s step_avg:2482.02ms
step:3310/3350 train_time:8214.875s step_avg:2481.84ms
step:3311/3350 train_time:8218.012s step_avg:2482.03ms
step:3312/3350 train_time:8219.860s step_avg:2481.84ms
step:3313/3350 train_time:8223.001s step_avg:2482.04ms
step:3314/3350 train_time:8224.859s step_avg:2481.85ms
step:3315/3350 train_time:8227.982s step_avg:2482.05ms
step:3316/3350 train_time:8229.828s step_avg:2481.85ms
step:3317/3350 train_time:8232.955s step_avg:2482.05ms
step:3318/3350 train_time:8234.814s step_avg:2481.86ms
step:3319/3350 train_time:8237.943s step_avg:2482.06ms
step:3320/3350 train_time:8239.803s step_avg:2481.87ms
step:3321/3350 train_time:8242.940s step_avg:2482.07ms
step:3322/3350 train_time:8244.796s step_avg:2481.88ms
step:3323/3350 train_time:8247.921s step_avg:2482.07ms
step:3324/3350 train_time:8249.782s step_avg:2481.88ms
step:3325/3350 train_time:8253.212s step_avg:2482.17ms
step:3325/3350 val_loss:3.26432 train_time:8253.212s step_avg:2532.38ms
step:3326/3350 train_time:8255.067s step_avg:2481.98ms
step:3327/3350 train_time:8258.195s step_avg:2482.17ms
step:3328/3350 train_time:8260.047s step_avg:2481.99ms
step:3329/3350 train_time:8263.170s step_avg:2482.18ms
step:3330/3350 train_time:8265.035s step_avg:2481.99ms
step:3331/3350 train_time:8268.156s step_avg:2482.18ms
step:3332/3350 train_time:8270.010s step_avg:2482.00ms
step:3333/3350 train_time:8273.145s step_avg:2482.19ms
step:3334/3350 train_time:8275.008s step_avg:2482.01ms
step:3335/3350 train_time:8278.143s step_avg:2482.20ms
step:3336/3350 train_time:8280.009s step_avg:2482.02ms
step:3337/3350 train_time:8283.138s step_avg:2482.21ms
step:3338/3350 train_time:8285.005s step_avg:2482.03ms
step:3339/3350 train_time:8288.129s step_avg:2482.22ms
step:3340/3350 train_time:8289.983s step_avg:2482.03ms
step:3341/3350 train_time:8293.126s step_avg:2482.23ms
step:3342/3350 train_time:8294.987s step_avg:2482.04ms
step:3343/3350 train_time:8298.125s step_avg:2482.24ms
step:3344/3350 train_time:8299.978s step_avg:2482.05ms
step:3345/3350 train_time:8303.103s step_avg:2482.24ms
step:3346/3350 train_time:8304.965s step_avg:2482.06ms
step:3347/3350 train_time:8308.094s step_avg:2482.25ms
step:3348/3350 train_time:8309.959s step_avg:2482.07ms
step:3349/3350 train_time:8313.085s step_avg:2482.26ms
step:3350/3350 train_time:8315.315s step_avg:2482.18ms
step:3350/3350 val_loss:3.26358 train_time:8315.315s step_avg:2484.12ms
trial:0 best_val_loss:3.26358 best_val_step:3350 first_step_to_target:3150
wandb: updating run metadata
wandb: uploading output.log; uploading wandb-summary.json
wandb: 
wandb: Run history:
wandb:                embed/dist_from_init ▁▂▃▃▄▄▅▅▅▆▆▆▆▇▇▇▇▇▇███████████████
wandb:       embed/dist_from_init_mean_abs ▁▂▃▃▄▄▅▅▅▆▆▆▆▇▇▇▇▇▇███████████████
wandb:            embed/init_anchor_lambda ▁▁▁▁▁▁▁▁▁▁▁▁▁▁▁▁▁▁▁▁▁▁▁▁▁▁▁▁▁▁▁▁▁▁
wandb:  newton_muon/R_condition_number_max ▁▅▆▇▇▇▆▆▆▆▆▆▆▆▇▇▇▇▇▇▇▇▇▇▇▇▇▇▇▇▇▇▇▇▇█████
wandb: newton_muon/R_condition_number_mean ▁▂▃▅▅▆▆▆▇▇▇▇▇███▇▇▇▇█▇▇▇▇▇██████████████
wandb:  newton_muon/R_condition_number_min ▁▃███▇███▇▇▇▇▇▆▆▆▆▆▆▆▆▆▆▆▆▆▆▆▆▆▆▆▆▆▆▆▆▆▆
wandb:    newton_muon/R_inv_sqrt_norm_mean █▂▁▁▁▁▁▁▁▁▂▂▂▂▂▂▂▃▃▃▃▃▃▃▃▃▃▃▃▃▃▃▃▃▃▃▃▃▃▃
wandb:   newton_muon/params_preconditioned ▁███████████████████████████████████████
wandb:      newton_muon/precond_ratio_mean ▁▁▂▁▁▁▁▁▁▃▁▂▃▃▃▃▄▄▄▄▅▅▆▆▅▅▆▆▇▆▅▆▆▆▇▇▇██▇
wandb:           newton_muon/r_warmstart_n █▁▁▁▁▁▁▁▁▁▁▁▁▁▁▁▁▁▁▁▁▁▁▁▁▁▁▁▁▁▁▁▁▁▁▁▁▁▁▁
wandb:                              +4,359 ...
wandb: 
wandb: Run summary:
wandb:                embed/dist_from_init 117248
wandb:       embed/dist_from_init_mean_abs 15.0625
wandb:            embed/init_anchor_lambda 0.001
wandb:  newton_muon/R_condition_number_max 554774.9375
wandb: newton_muon/R_condition_number_mean 27503.80334
wandb:  newton_muon/R_condition_number_min 944.47217
wandb:    newton_muon/R_inv_sqrt_norm_mean 77.58884
wandb:   newton_muon/params_preconditioned 72
wandb:      newton_muon/precond_ratio_mean 1.04521
wandb:           newton_muon/r_warmstart_n 0
wandb:                              +4,359 ...
wandb: 
wandb: 🚀 View run g1r4-tanjiro/ns-shape-step-s0 at: https://wandb.ai/wandb-applied-ai-team/modded-nanogpt-senpai/runs/3622x91d
wandb: ⭐️ View project at: https://wandb.ai/wandb-applied-ai-team/modded-nanogpt-senpai
wandb: Synced 6 W&B file(s), 0 media file(s), 0 artifact file(s) and 0 other file(s)
wandb: Find logs at: ./wandb/run-20260531_154923-3622x91d/logs
