logs/ef44a899-8bb6-46c5-ba4a-0f9d14a77609.txt
GRAD_CLIP: max_norm=0.0 (DISABLED)
GRAD_CLIP_PER_GROUP: body=10.0 aux=5.0 (ACTIVE (per-group L2))
EMBED_COOLDOWN_SHAPE: linear_floor (applies to adam_embed only; lm_head/scalars use linear)
ADAMW_BETA2: 0.99 (effective memory ~99 steps)
ADAMW_LR_MULT: embed=1.5 lm_head=1.0 scalar=1.0
  Effective base LRs: embed=0.4500 lm_head=0.003125 scalar=0.0100
MUON_LR_MULT: attn=0.800 mlp=1.200
  Effective Muon base LRs: attn=0.02800 mlp=0.04200
EMBED_INIT_ANCHOR_LAMBDA: 0.001 (ACTIVE)
NEWTON_MUON: use_precond=True lr_scale=1.0 update_period=2 beta=0.95 eps=0.0001 max_d_in=4096 tikhonov_gamma=0.005 r_warmstart=True r_warmstart_k=100
NS_SCHEDULE: ns_iters=12 -> ns_iters_cooldown=16 at fraction 0.7 of train_steps (shape=linear_ramp)
NS_COEF_SCHEDULE: linear_ramp_down
  ns_iters=12: c=[0.7,0.662,0.624,0.585,0.547,0.509,0.471,0.433,0.395,0.356,0.318,0.28] avg_c=0.4900
  ns_iters=16: c=[0.7,0.672,0.644,0.616,0.588,0.56,0.532,0.504,0.476,0.448,0.42,0.392,0.364,0.336,0.308,0.28] avg_c=0.4900
NEWTON_MUON: hooks registered for 72 parameter modules (skipped 0 d_in>4096)
wandb: [wandb.login()] Loaded credentials for https://api.wandb.ai from WANDB_API_KEY.
wandb: W&B API key is configured. Use `wandb login --relogin` to force relogin
wandb: Tracking run with wandb version 0.26.1
wandb: Run data is saved locally in /workspace/senpai/target/wandb/run-20260531_181619-u62ac6qk
wandb: Run `wandb offline` to turn off syncing.
wandb: Syncing run g1r4-tanjiro/ns-shape-linear_ramp-s0
wandb: ⭐️ View project at https://wandb.ai/wandb-applied-ai-team/modded-nanogpt-senpai
wandb: 🚀 View run at https://wandb.ai/wandb-applied-ai-team/modded-nanogpt-senpai/runs/u62ac6qk
EMBED_INIT_ANCHOR: lambda=0.001 snapshot_norm=6208.0000 snapshot_mean_abs=0.7969 snapshot_shape=(50304, 768)
MUON_PARAM_COUNTS: attn=48 mlp=24 (expected 48 attn / 24 mlp for 12-layer block stack)
step:0/3350 val_loss:10.82583 train_time:0.000s step_avg:nanms
step:1/3350 train_time:5.088s step_avg:5087.55ms
step:2/3350 train_time:6.855s step_avg:3427.71ms
step:3/3350 train_time:8.685s step_avg:2894.91ms
step:4/3350 train_time:10.518s step_avg:2629.40ms
step:5/3350 train_time:12.349s step_avg:2469.78ms
step:6/3350 train_time:14.182s step_avg:2363.73ms
step:7/3350 train_time:16.015s step_avg:2287.87ms
step:8/3350 train_time:17.846s step_avg:2230.73ms
step:9/3350 train_time:19.679s step_avg:2186.55ms
step:10/3350 train_time:21.512s step_avg:2151.15ms
step:11/3350 train_time:23.347s step_avg:2122.49ms
step:12/3350 train_time:25.179s step_avg:2098.29ms
step:13/3350 train_time:27.016s step_avg:2078.13ms
step:14/3350 train_time:28.850s step_avg:2060.70ms
step:15/3350 train_time:30.689s step_avg:2045.92ms
step:16/3350 train_time:32.527s step_avg:2032.92ms
step:17/3350 train_time:34.358s step_avg:2021.07ms
step:18/3350 train_time:36.191s step_avg:2010.64ms
step:19/3350 train_time:38.026s step_avg:2001.37ms
step:20/3350 train_time:39.859s step_avg:1992.95ms
step:21/3350 train_time:41.694s step_avg:1985.44ms
step:22/3350 train_time:43.529s step_avg:1978.57ms
step:23/3350 train_time:45.362s step_avg:1972.26ms
step:24/3350 train_time:47.197s step_avg:1966.56ms
step:25/3350 train_time:49.308s step_avg:1972.33ms
step:26/3350 train_time:51.141s step_avg:1966.95ms
step:27/3350 train_time:52.975s step_avg:1962.05ms
step:28/3350 train_time:54.810s step_avg:1957.49ms
step:29/3350 train_time:56.644s step_avg:1953.25ms
step:30/3350 train_time:58.477s step_avg:1949.25ms
step:31/3350 train_time:60.311s step_avg:1945.51ms
step:32/3350 train_time:62.146s step_avg:1942.06ms
step:33/3350 train_time:63.980s step_avg:1938.80ms
step:34/3350 train_time:65.818s step_avg:1935.81ms
step:35/3350 train_time:67.653s step_avg:1932.94ms
step:36/3350 train_time:69.487s step_avg:1930.21ms
step:37/3350 train_time:71.324s step_avg:1927.67ms
step:38/3350 train_time:73.157s step_avg:1925.19ms
step:39/3350 train_time:74.992s step_avg:1922.88ms
step:40/3350 train_time:76.826s step_avg:1920.65ms
step:41/3350 train_time:78.661s step_avg:1918.57ms
step:42/3350 train_time:80.497s step_avg:1916.61ms
step:43/3350 train_time:82.332s step_avg:1914.70ms
step:44/3350 train_time:84.166s step_avg:1912.85ms
step:45/3350 train_time:85.999s step_avg:1911.09ms
step:46/3350 train_time:87.834s step_avg:1909.44ms
step:47/3350 train_time:89.669s step_avg:1907.85ms
step:48/3350 train_time:91.505s step_avg:1906.36ms
step:49/3350 train_time:93.339s step_avg:1904.87ms
step:50/3350 train_time:95.450s step_avg:1909.00ms
step:51/3350 train_time:97.281s step_avg:1907.46ms
step:52/3350 train_time:99.117s step_avg:1906.09ms
step:53/3350 train_time:100.973s step_avg:1905.15ms
step:54/3350 train_time:102.805s step_avg:1903.79ms
step:55/3350 train_time:104.639s step_avg:1902.53ms
step:56/3350 train_time:106.474s step_avg:1901.33ms
step:57/3350 train_time:108.312s step_avg:1900.20ms
step:58/3350 train_time:110.145s step_avg:1899.06ms
step:59/3350 train_time:111.980s step_avg:1897.96ms
step:60/3350 train_time:113.814s step_avg:1896.90ms
step:61/3350 train_time:115.647s step_avg:1895.85ms
step:62/3350 train_time:117.480s step_avg:1894.84ms
step:63/3350 train_time:119.315s step_avg:1893.88ms
step:64/3350 train_time:121.151s step_avg:1892.99ms
step:65/3350 train_time:122.986s step_avg:1892.10ms
step:66/3350 train_time:124.821s step_avg:1891.22ms
step:67/3350 train_time:126.657s step_avg:1890.40ms
step:68/3350 train_time:128.492s step_avg:1889.59ms
step:69/3350 train_time:130.325s step_avg:1888.77ms
step:70/3350 train_time:132.161s step_avg:1888.02ms
step:71/3350 train_time:133.996s step_avg:1887.26ms
step:72/3350 train_time:135.831s step_avg:1886.54ms
step:73/3350 train_time:137.666s step_avg:1885.84ms
step:74/3350 train_time:139.501s step_avg:1885.15ms
step:75/3350 train_time:141.616s step_avg:1888.22ms
step:76/3350 train_time:143.451s step_avg:1887.51ms
step:77/3350 train_time:145.285s step_avg:1886.82ms
step:78/3350 train_time:147.121s step_avg:1886.16ms
step:79/3350 train_time:148.956s step_avg:1885.52ms
step:80/3350 train_time:150.794s step_avg:1884.93ms
step:81/3350 train_time:152.630s step_avg:1884.33ms
step:82/3350 train_time:154.465s step_avg:1883.72ms
step:83/3350 train_time:156.300s step_avg:1883.13ms
step:84/3350 train_time:158.137s step_avg:1882.58ms
step:85/3350 train_time:159.974s step_avg:1882.05ms
step:86/3350 train_time:161.809s step_avg:1881.51ms
step:87/3350 train_time:163.644s step_avg:1880.97ms
step:88/3350 train_time:165.480s step_avg:1880.46ms
step:89/3350 train_time:167.317s step_avg:1879.97ms
step:90/3350 train_time:169.152s step_avg:1879.46ms
step:91/3350 train_time:170.986s step_avg:1878.97ms
step:92/3350 train_time:172.820s step_avg:1878.48ms
step:93/3350 train_time:174.656s step_avg:1878.02ms
step:94/3350 train_time:176.490s step_avg:1877.55ms
step:95/3350 train_time:178.325s step_avg:1877.11ms
step:96/3350 train_time:180.160s step_avg:1876.67ms
step:97/3350 train_time:181.994s step_avg:1876.22ms
step:98/3350 train_time:183.828s step_avg:1875.80ms
step:99/3350 train_time:185.661s step_avg:1875.36ms
step:100/3350 train_time:188.765s step_avg:1887.65ms
step:101/3350 train_time:191.839s step_avg:1899.39ms
step:102/3350 train_time:193.671s step_avg:1898.74ms
step:103/3350 train_time:196.757s step_avg:1910.26ms
step:104/3350 train_time:198.589s step_avg:1909.51ms
step:105/3350 train_time:201.680s step_avg:1920.76ms
step:106/3350 train_time:203.512s step_avg:1919.93ms
step:107/3350 train_time:206.607s step_avg:1930.91ms
step:108/3350 train_time:208.440s step_avg:1930.00ms
step:109/3350 train_time:211.540s step_avg:1940.74ms
step:110/3350 train_time:213.373s step_avg:1939.75ms
step:111/3350 train_time:216.474s step_avg:1950.22ms
step:112/3350 train_time:218.304s step_avg:1949.14ms
step:113/3350 train_time:221.412s step_avg:1959.40ms
step:114/3350 train_time:223.243s step_avg:1958.27ms
step:115/3350 train_time:226.347s step_avg:1968.24ms
step:116/3350 train_time:228.181s step_avg:1967.08ms
step:117/3350 train_time:231.292s step_avg:1976.85ms
step:118/3350 train_time:233.123s step_avg:1975.62ms
step:119/3350 train_time:236.231s step_avg:1985.13ms
step:120/3350 train_time:238.063s step_avg:1983.85ms
step:121/3350 train_time:241.171s step_avg:1993.15ms
step:122/3350 train_time:243.004s step_avg:1991.83ms
step:123/3350 train_time:246.117s step_avg:2000.95ms
step:124/3350 train_time:247.952s step_avg:1999.61ms
step:125/3350 train_time:251.421s step_avg:2011.37ms
step:125/3350 val_loss:4.60965 train_time:251.421s step_avg:2011.37ms
step:126/3350 train_time:253.255s step_avg:2009.96ms
step:127/3350 train_time:256.369s step_avg:2018.65ms
step:128/3350 train_time:258.200s step_avg:2017.18ms
step:129/3350 train_time:261.313s step_avg:2025.68ms
step:130/3350 train_time:263.144s step_avg:2024.18ms
step:131/3350 train_time:266.256s step_avg:2032.49ms
step:132/3350 train_time:268.091s step_avg:2030.99ms
step:133/3350 train_time:271.208s step_avg:2039.16ms
step:134/3350 train_time:273.043s step_avg:2037.63ms
step:135/3350 train_time:276.156s step_avg:2045.60ms
step:136/3350 train_time:277.995s step_avg:2044.08ms
step:137/3350 train_time:281.107s step_avg:2051.87ms
step:138/3350 train_time:282.943s step_avg:2050.31ms
step:139/3350 train_time:286.062s step_avg:2058.00ms
step:140/3350 train_time:287.897s step_avg:2056.41ms
step:141/3350 train_time:291.014s step_avg:2063.93ms
step:142/3350 train_time:292.851s step_avg:2062.33ms
step:143/3350 train_time:295.966s step_avg:2069.69ms
step:144/3350 train_time:297.803s step_avg:2068.07ms
step:145/3350 train_time:300.922s step_avg:2075.32ms
step:146/3350 train_time:302.756s step_avg:2073.67ms
step:147/3350 train_time:305.870s step_avg:2080.74ms
step:148/3350 train_time:307.702s step_avg:2079.07ms
step:149/3350 train_time:310.817s step_avg:2086.02ms
step:150/3350 train_time:312.944s step_avg:2086.30ms
step:151/3350 train_time:316.056s step_avg:2093.08ms
step:152/3350 train_time:317.889s step_avg:2091.37ms
step:153/3350 train_time:321.004s step_avg:2098.07ms
step:154/3350 train_time:322.840s step_avg:2096.36ms
step:155/3350 train_time:325.956s step_avg:2102.94ms
step:156/3350 train_time:327.789s step_avg:2101.21ms
step:157/3350 train_time:330.904s step_avg:2107.67ms
step:158/3350 train_time:332.738s step_avg:2105.94ms
step:159/3350 train_time:335.853s step_avg:2112.28ms
step:160/3350 train_time:337.689s step_avg:2110.56ms
step:161/3350 train_time:340.808s step_avg:2116.82ms
step:162/3350 train_time:342.644s step_avg:2115.08ms
step:163/3350 train_time:345.761s step_avg:2121.23ms
step:164/3350 train_time:347.594s step_avg:2119.47ms
step:165/3350 train_time:350.709s step_avg:2125.51ms
step:166/3350 train_time:352.541s step_avg:2123.74ms
step:167/3350 train_time:355.654s step_avg:2129.66ms
step:168/3350 train_time:357.484s step_avg:2127.88ms
step:169/3350 train_time:360.600s step_avg:2133.73ms
step:170/3350 train_time:362.432s step_avg:2131.95ms
step:171/3350 train_time:365.549s step_avg:2137.71ms
step:172/3350 train_time:367.380s step_avg:2135.93ms
step:173/3350 train_time:370.495s step_avg:2141.59ms
step:174/3350 train_time:372.329s step_avg:2139.82ms
step:175/3350 train_time:375.731s step_avg:2147.03ms
step:176/3350 train_time:377.563s step_avg:2145.25ms
step:177/3350 train_time:380.683s step_avg:2150.75ms
step:178/3350 train_time:382.518s step_avg:2148.98ms
step:179/3350 train_time:385.633s step_avg:2154.37ms
step:180/3350 train_time:387.467s step_avg:2152.59ms
step:181/3350 train_time:390.588s step_avg:2157.95ms
step:182/3350 train_time:392.423s step_avg:2156.17ms
step:183/3350 train_time:395.540s step_avg:2161.42ms
step:184/3350 train_time:397.374s step_avg:2159.64ms
step:185/3350 train_time:400.495s step_avg:2164.84ms
step:186/3350 train_time:402.330s step_avg:2163.06ms
step:187/3350 train_time:405.442s step_avg:2168.14ms
step:188/3350 train_time:407.273s step_avg:2166.35ms
step:189/3350 train_time:410.394s step_avg:2171.39ms
step:190/3350 train_time:412.226s step_avg:2169.61ms
step:191/3350 train_time:415.452s step_avg:2175.14ms
step:192/3350 train_time:417.285s step_avg:2173.36ms
step:193/3350 train_time:420.408s step_avg:2178.28ms
step:194/3350 train_time:422.240s step_avg:2176.50ms
step:195/3350 train_time:425.358s step_avg:2181.32ms
step:196/3350 train_time:427.190s step_avg:2179.54ms
step:197/3350 train_time:430.308s step_avg:2184.31ms
step:198/3350 train_time:432.143s step_avg:2182.54ms
step:199/3350 train_time:435.258s step_avg:2187.23ms
step:200/3350 train_time:437.394s step_avg:2186.97ms
step:201/3350 train_time:440.503s step_avg:2191.56ms
step:202/3350 train_time:442.335s step_avg:2189.78ms
step:203/3350 train_time:445.452s step_avg:2194.34ms
step:204/3350 train_time:447.286s step_avg:2192.58ms
step:205/3350 train_time:450.409s step_avg:2197.12ms
step:206/3350 train_time:452.245s step_avg:2195.37ms
step:207/3350 train_time:455.361s step_avg:2199.81ms
step:208/3350 train_time:457.195s step_avg:2198.05ms
step:209/3350 train_time:460.310s step_avg:2202.44ms
step:210/3350 train_time:462.143s step_avg:2200.68ms
step:211/3350 train_time:465.259s step_avg:2205.02ms
step:212/3350 train_time:467.093s step_avg:2203.27ms
step:213/3350 train_time:470.208s step_avg:2207.55ms
step:214/3350 train_time:472.041s step_avg:2205.80ms
step:215/3350 train_time:475.157s step_avg:2210.03ms
step:216/3350 train_time:476.991s step_avg:2208.29ms
step:217/3350 train_time:480.108s step_avg:2212.48ms
step:218/3350 train_time:481.943s step_avg:2210.75ms
step:219/3350 train_time:485.056s step_avg:2214.87ms
step:220/3350 train_time:486.889s step_avg:2213.13ms
step:221/3350 train_time:490.005s step_avg:2217.22ms
step:222/3350 train_time:491.839s step_avg:2215.49ms
step:223/3350 train_time:494.954s step_avg:2219.52ms
step:224/3350 train_time:496.785s step_avg:2217.79ms
step:225/3350 train_time:500.192s step_avg:2223.08ms
step:226/3350 train_time:502.024s step_avg:2221.34ms
step:227/3350 train_time:505.138s step_avg:2225.28ms
step:228/3350 train_time:506.970s step_avg:2223.55ms
step:229/3350 train_time:510.086s step_avg:2227.45ms
step:230/3350 train_time:511.920s step_avg:2225.74ms
step:231/3350 train_time:515.036s step_avg:2229.59ms
step:232/3350 train_time:516.873s step_avg:2227.90ms
step:233/3350 train_time:519.988s step_avg:2231.71ms
step:234/3350 train_time:521.822s step_avg:2230.01ms
step:235/3350 train_time:524.937s step_avg:2233.78ms
step:236/3350 train_time:526.771s step_avg:2232.08ms
step:237/3350 train_time:529.891s step_avg:2235.83ms
step:238/3350 train_time:531.725s step_avg:2234.14ms
step:239/3350 train_time:534.844s step_avg:2237.84ms
step:240/3350 train_time:536.675s step_avg:2236.15ms
step:241/3350 train_time:539.791s step_avg:2239.80ms
step:242/3350 train_time:541.625s step_avg:2238.12ms
step:243/3350 train_time:544.742s step_avg:2241.74ms
step:244/3350 train_time:546.575s step_avg:2240.06ms
step:245/3350 train_time:549.694s step_avg:2243.65ms
step:246/3350 train_time:551.527s step_avg:2241.98ms
step:247/3350 train_time:554.643s step_avg:2245.52ms
step:248/3350 train_time:556.474s step_avg:2243.85ms
step:249/3350 train_time:559.590s step_avg:2247.35ms
step:250/3350 train_time:561.778s step_avg:2247.11ms
step:250/3350 val_loss:4.06058 train_time:561.778s step_avg:2482.85ms
step:251/3350 train_time:564.894s step_avg:2250.58ms
step:252/3350 train_time:566.729s step_avg:2248.92ms
step:253/3350 train_time:569.848s step_avg:2252.36ms
step:254/3350 train_time:571.684s step_avg:2250.73ms
step:255/3350 train_time:574.806s step_avg:2254.14ms
step:256/3350 train_time:576.640s step_avg:2252.50ms
step:257/3350 train_time:579.759s step_avg:2255.87ms
step:258/3350 train_time:581.594s step_avg:2254.24ms
step:259/3350 train_time:584.710s step_avg:2257.57ms
step:260/3350 train_time:586.544s step_avg:2255.94ms
step:261/3350 train_time:589.665s step_avg:2259.25ms
step:262/3350 train_time:591.499s step_avg:2257.63ms
step:263/3350 train_time:594.615s step_avg:2260.89ms
step:264/3350 train_time:596.448s step_avg:2259.27ms
step:265/3350 train_time:599.566s step_avg:2262.51ms
step:266/3350 train_time:601.400s step_avg:2260.90ms
step:267/3350 train_time:604.516s step_avg:2264.11ms
step:268/3350 train_time:606.348s step_avg:2262.49ms
step:269/3350 train_time:609.466s step_avg:2265.67ms
step:270/3350 train_time:611.301s step_avg:2264.08ms
step:271/3350 train_time:614.418s step_avg:2267.22ms
step:272/3350 train_time:616.249s step_avg:2265.62ms
step:273/3350 train_time:619.368s step_avg:2268.75ms
step:274/3350 train_time:621.199s step_avg:2267.15ms
step:275/3350 train_time:624.607s step_avg:2271.30ms
step:276/3350 train_time:626.443s step_avg:2269.72ms
step:277/3350 train_time:629.561s step_avg:2272.78ms
step:278/3350 train_time:631.394s step_avg:2271.20ms
step:279/3350 train_time:634.515s step_avg:2274.25ms
step:280/3350 train_time:636.349s step_avg:2272.67ms
step:281/3350 train_time:639.467s step_avg:2275.68ms
step:282/3350 train_time:641.299s step_avg:2274.11ms
step:283/3350 train_time:644.418s step_avg:2277.09ms
step:284/3350 train_time:646.254s step_avg:2275.54ms
step:285/3350 train_time:649.372s step_avg:2278.50ms
step:286/3350 train_time:651.205s step_avg:2276.94ms
step:287/3350 train_time:654.325s step_avg:2279.88ms
step:288/3350 train_time:656.158s step_avg:2278.33ms
step:289/3350 train_time:659.276s step_avg:2281.23ms
step:290/3350 train_time:661.110s step_avg:2279.69ms
step:291/3350 train_time:664.227s step_avg:2282.57ms
step:292/3350 train_time:666.059s step_avg:2281.03ms
step:293/3350 train_time:669.174s step_avg:2283.87ms
step:294/3350 train_time:671.008s step_avg:2282.34ms
step:295/3350 train_time:674.125s step_avg:2285.17ms
step:296/3350 train_time:675.959s step_avg:2283.65ms
step:297/3350 train_time:679.081s step_avg:2286.47ms
step:298/3350 train_time:680.912s step_avg:2284.94ms
step:299/3350 train_time:684.033s step_avg:2287.74ms
step:300/3350 train_time:686.170s step_avg:2287.23ms
step:301/3350 train_time:689.285s step_avg:2289.98ms
step:302/3350 train_time:691.121s step_avg:2288.48ms
step:303/3350 train_time:694.239s step_avg:2291.22ms
step:304/3350 train_time:696.072s step_avg:2289.71ms
step:305/3350 train_time:699.194s step_avg:2292.44ms
step:306/3350 train_time:701.026s step_avg:2290.94ms
step:307/3350 train_time:704.145s step_avg:2293.63ms
step:308/3350 train_time:705.979s step_avg:2292.14ms
step:309/3350 train_time:709.104s step_avg:2294.83ms
step:310/3350 train_time:710.941s step_avg:2293.36ms
step:311/3350 train_time:714.061s step_avg:2296.02ms
step:312/3350 train_time:715.892s step_avg:2294.53ms
step:313/3350 train_time:719.019s step_avg:2297.18ms
step:314/3350 train_time:720.852s step_avg:2295.71ms
step:315/3350 train_time:723.971s step_avg:2298.32ms
step:316/3350 train_time:725.802s step_avg:2296.84ms
step:317/3350 train_time:728.922s step_avg:2299.44ms
step:318/3350 train_time:730.755s step_avg:2297.97ms
step:319/3350 train_time:733.881s step_avg:2300.57ms
step:320/3350 train_time:735.710s step_avg:2299.09ms
step:321/3350 train_time:738.828s step_avg:2301.65ms
step:322/3350 train_time:740.662s step_avg:2300.19ms
step:323/3350 train_time:743.777s step_avg:2302.71ms
step:324/3350 train_time:745.610s step_avg:2301.27ms
step:325/3350 train_time:749.022s step_avg:2304.68ms
step:326/3350 train_time:750.856s step_avg:2303.24ms
step:327/3350 train_time:753.973s step_avg:2305.73ms
step:328/3350 train_time:755.805s step_avg:2304.28ms
step:329/3350 train_time:758.925s step_avg:2306.76ms
step:330/3350 train_time:760.759s step_avg:2305.33ms
step:331/3350 train_time:763.877s step_avg:2307.79ms
step:332/3350 train_time:765.710s step_avg:2306.35ms
step:333/3350 train_time:768.828s step_avg:2308.79ms
step:334/3350 train_time:770.661s step_avg:2307.37ms
step:335/3350 train_time:773.779s step_avg:2309.79ms
step:336/3350 train_time:775.608s step_avg:2308.36ms
step:337/3350 train_time:778.729s step_avg:2310.77ms
step:338/3350 train_time:780.562s step_avg:2309.35ms
step:339/3350 train_time:783.680s step_avg:2311.74ms
step:340/3350 train_time:785.511s step_avg:2310.33ms
step:341/3350 train_time:788.629s step_avg:2312.70ms
step:342/3350 train_time:790.464s step_avg:2311.30ms
step:343/3350 train_time:793.582s step_avg:2313.65ms
step:344/3350 train_time:795.411s step_avg:2312.24ms
step:345/3350 train_time:798.532s step_avg:2314.59ms
step:346/3350 train_time:800.371s step_avg:2313.21ms
step:347/3350 train_time:803.490s step_avg:2315.53ms
step:348/3350 train_time:805.324s step_avg:2314.15ms
step:349/3350 train_time:808.441s step_avg:2316.45ms
step:350/3350 train_time:810.569s step_avg:2315.91ms
step:351/3350 train_time:813.683s step_avg:2318.19ms
step:352/3350 train_time:815.514s step_avg:2316.80ms
step:353/3350 train_time:818.633s step_avg:2319.07ms
step:354/3350 train_time:820.469s step_avg:2317.71ms
step:355/3350 train_time:823.586s step_avg:2319.96ms
step:356/3350 train_time:825.419s step_avg:2318.59ms
step:357/3350 train_time:828.536s step_avg:2320.83ms
step:358/3350 train_time:830.372s step_avg:2319.47ms
step:359/3350 train_time:833.488s step_avg:2321.69ms
step:360/3350 train_time:835.319s step_avg:2320.33ms
step:361/3350 train_time:838.437s step_avg:2322.54ms
step:362/3350 train_time:840.273s step_avg:2321.19ms
step:363/3350 train_time:843.396s step_avg:2323.41ms
step:364/3350 train_time:845.228s step_avg:2322.06ms
step:365/3350 train_time:848.347s step_avg:2324.24ms
step:366/3350 train_time:850.183s step_avg:2322.90ms
step:367/3350 train_time:853.303s step_avg:2325.08ms
step:368/3350 train_time:855.138s step_avg:2323.74ms
step:369/3350 train_time:858.257s step_avg:2325.90ms
step:370/3350 train_time:860.091s step_avg:2324.57ms
step:371/3350 train_time:863.210s step_avg:2326.71ms
step:372/3350 train_time:865.046s step_avg:2325.39ms
step:373/3350 train_time:868.162s step_avg:2327.51ms
step:374/3350 train_time:869.996s step_avg:2326.19ms
step:375/3350 train_time:873.471s step_avg:2329.25ms
step:375/3350 val_loss:3.89372 train_time:873.471s step_avg:2493.54ms
step:376/3350 train_time:875.307s step_avg:2327.94ms
step:377/3350 train_time:878.426s step_avg:2330.04ms
step:378/3350 train_time:880.259s step_avg:2328.73ms
step:379/3350 train_time:883.378s step_avg:2330.81ms
step:380/3350 train_time:885.211s step_avg:2329.50ms
step:381/3350 train_time:888.366s step_avg:2331.67ms
step:382/3350 train_time:890.199s step_avg:2330.36ms
step:383/3350 train_time:893.321s step_avg:2332.43ms
step:384/3350 train_time:895.153s step_avg:2331.13ms
step:385/3350 train_time:898.274s step_avg:2333.18ms
step:386/3350 train_time:900.108s step_avg:2331.88ms
step:387/3350 train_time:903.225s step_avg:2333.91ms
step:388/3350 train_time:905.057s step_avg:2332.62ms
step:389/3350 train_time:908.178s step_avg:2334.65ms
step:390/3350 train_time:910.012s step_avg:2333.36ms
step:391/3350 train_time:913.129s step_avg:2335.37ms
step:392/3350 train_time:914.963s step_avg:2334.09ms
step:393/3350 train_time:918.081s step_avg:2336.08ms
step:394/3350 train_time:919.915s step_avg:2334.81ms
step:395/3350 train_time:923.032s step_avg:2336.79ms
step:396/3350 train_time:924.864s step_avg:2335.52ms
step:397/3350 train_time:927.982s step_avg:2337.49ms
step:398/3350 train_time:929.814s step_avg:2336.22ms
step:399/3350 train_time:932.936s step_avg:2338.19ms
step:400/3350 train_time:935.070s step_avg:2337.68ms
step:401/3350 train_time:938.189s step_avg:2339.62ms
step:402/3350 train_time:940.021s step_avg:2338.36ms
step:403/3350 train_time:943.139s step_avg:2340.30ms
step:404/3350 train_time:944.974s step_avg:2339.04ms
step:405/3350 train_time:948.093s step_avg:2340.97ms
step:406/3350 train_time:949.925s step_avg:2339.72ms
step:407/3350 train_time:953.042s step_avg:2341.63ms
step:408/3350 train_time:954.875s step_avg:2340.38ms
step:409/3350 train_time:957.996s step_avg:2342.29ms
step:410/3350 train_time:959.830s step_avg:2341.05ms
step:411/3350 train_time:962.949s step_avg:2342.94ms
step:412/3350 train_time:964.785s step_avg:2341.71ms
step:413/3350 train_time:967.901s step_avg:2343.59ms
step:414/3350 train_time:969.735s step_avg:2342.35ms
step:415/3350 train_time:972.851s step_avg:2344.22ms
step:416/3350 train_time:974.687s step_avg:2343.00ms
step:417/3350 train_time:977.803s step_avg:2344.85ms
step:418/3350 train_time:979.636s step_avg:2343.63ms
step:419/3350 train_time:982.757s step_avg:2345.48ms
step:420/3350 train_time:984.590s step_avg:2344.26ms
step:421/3350 train_time:987.711s step_avg:2346.11ms
step:422/3350 train_time:989.543s step_avg:2344.89ms
step:423/3350 train_time:992.660s step_avg:2346.71ms
step:424/3350 train_time:994.490s step_avg:2345.49ms
step:425/3350 train_time:997.902s step_avg:2348.01ms
step:426/3350 train_time:999.736s step_avg:2346.80ms
step:427/3350 train_time:1002.859s step_avg:2348.62ms
step:428/3350 train_time:1004.690s step_avg:2347.41ms
step:429/3350 train_time:1007.811s step_avg:2349.21ms
step:430/3350 train_time:1009.644s step_avg:2348.01ms
step:431/3350 train_time:1012.762s step_avg:2349.80ms
step:432/3350 train_time:1014.592s step_avg:2348.59ms
step:433/3350 train_time:1017.714s step_avg:2350.38ms
step:434/3350 train_time:1019.548s step_avg:2349.19ms
step:435/3350 train_time:1022.665s step_avg:2350.95ms
step:436/3350 train_time:1024.500s step_avg:2349.77ms
step:437/3350 train_time:1027.617s step_avg:2351.53ms
step:438/3350 train_time:1029.452s step_avg:2350.35ms
step:439/3350 train_time:1032.568s step_avg:2352.09ms
step:440/3350 train_time:1034.401s step_avg:2350.91ms
step:441/3350 train_time:1037.519s step_avg:2352.65ms
step:442/3350 train_time:1039.352s step_avg:2351.47ms
step:443/3350 train_time:1042.470s step_avg:2353.21ms
step:444/3350 train_time:1044.301s step_avg:2352.03ms
step:445/3350 train_time:1047.426s step_avg:2353.77ms
step:446/3350 train_time:1049.263s step_avg:2352.61ms
step:447/3350 train_time:1052.386s step_avg:2354.33ms
step:448/3350 train_time:1054.215s step_avg:2353.16ms
step:449/3350 train_time:1057.337s step_avg:2354.87ms
step:450/3350 train_time:1059.462s step_avg:2354.36ms
step:451/3350 train_time:1062.572s step_avg:2356.04ms
step:452/3350 train_time:1064.404s step_avg:2354.88ms
step:453/3350 train_time:1067.523s step_avg:2356.56ms
step:454/3350 train_time:1069.355s step_avg:2355.41ms
step:455/3350 train_time:1072.473s step_avg:2357.08ms
step:456/3350 train_time:1074.306s step_avg:2355.93ms
step:457/3350 train_time:1077.428s step_avg:2357.61ms
step:458/3350 train_time:1079.264s step_avg:2356.47ms
step:459/3350 train_time:1082.384s step_avg:2358.13ms
step:460/3350 train_time:1084.217s step_avg:2356.99ms
step:461/3350 train_time:1087.334s step_avg:2358.64ms
step:462/3350 train_time:1089.170s step_avg:2357.51ms
step:463/3350 train_time:1092.283s step_avg:2359.14ms
step:464/3350 train_time:1094.118s step_avg:2358.01ms
step:465/3350 train_time:1097.245s step_avg:2359.67ms
step:466/3350 train_time:1099.080s step_avg:2358.54ms
step:467/3350 train_time:1102.200s step_avg:2360.17ms
step:468/3350 train_time:1104.034s step_avg:2359.05ms
step:469/3350 train_time:1107.154s step_avg:2360.67ms
step:470/3350 train_time:1108.990s step_avg:2359.55ms
step:471/3350 train_time:1112.109s step_avg:2361.17ms
step:472/3350 train_time:1113.949s step_avg:2360.06ms
step:473/3350 train_time:1117.067s step_avg:2361.66ms
step:474/3350 train_time:1118.898s step_avg:2360.54ms
step:475/3350 train_time:1122.304s step_avg:2362.75ms
step:476/3350 train_time:1124.141s step_avg:2361.64ms
step:477/3350 train_time:1127.258s step_avg:2363.22ms
step:478/3350 train_time:1129.094s step_avg:2362.12ms
step:479/3350 train_time:1132.210s step_avg:2363.70ms
step:480/3350 train_time:1134.044s step_avg:2362.59ms
step:481/3350 train_time:1137.165s step_avg:2364.17ms
step:482/3350 train_time:1138.999s step_avg:2363.07ms
step:483/3350 train_time:1142.117s step_avg:2364.63ms
step:484/3350 train_time:1143.954s step_avg:2363.54ms
step:485/3350 train_time:1147.084s step_avg:2365.12ms
step:486/3350 train_time:1148.919s step_avg:2364.03ms
step:487/3350 train_time:1152.039s step_avg:2365.58ms
step:488/3350 train_time:1153.876s step_avg:2364.50ms
step:489/3350 train_time:1156.995s step_avg:2366.04ms
step:490/3350 train_time:1158.830s step_avg:2364.96ms
step:491/3350 train_time:1161.953s step_avg:2366.50ms
step:492/3350 train_time:1163.785s step_avg:2365.42ms
step:493/3350 train_time:1166.907s step_avg:2366.95ms
step:494/3350 train_time:1168.743s step_avg:2365.88ms
step:495/3350 train_time:1171.860s step_avg:2367.39ms
step:496/3350 train_time:1173.694s step_avg:2366.32ms
step:497/3350 train_time:1176.813s step_avg:2367.83ms
step:498/3350 train_time:1178.650s step_avg:2366.77ms
step:499/3350 train_time:1181.766s step_avg:2368.27ms
step:500/3350 train_time:1183.967s step_avg:2367.93ms
step:500/3350 val_loss:3.79480 train_time:1183.967s step_avg:2483.97ms
step:501/3350 train_time:1187.079s step_avg:2369.42ms
step:502/3350 train_time:1188.914s step_avg:2368.35ms
step:503/3350 train_time:1192.030s step_avg:2369.84ms
step:504/3350 train_time:1193.863s step_avg:2368.78ms
step:505/3350 train_time:1196.981s step_avg:2370.26ms
step:506/3350 train_time:1198.813s step_avg:2369.19ms
step:507/3350 train_time:1201.933s step_avg:2370.68ms
step:508/3350 train_time:1203.770s step_avg:2369.63ms
step:509/3350 train_time:1206.888s step_avg:2371.10ms
step:510/3350 train_time:1208.722s step_avg:2370.04ms
step:511/3350 train_time:1211.840s step_avg:2371.51ms
step:512/3350 train_time:1213.673s step_avg:2370.45ms
step:513/3350 train_time:1216.791s step_avg:2371.91ms
step:514/3350 train_time:1218.622s step_avg:2370.86ms
step:515/3350 train_time:1221.737s step_avg:2372.31ms
step:516/3350 train_time:1223.569s step_avg:2371.26ms
step:517/3350 train_time:1226.687s step_avg:2372.70ms
step:518/3350 train_time:1228.519s step_avg:2371.66ms
step:519/3350 train_time:1231.636s step_avg:2373.10ms
step:520/3350 train_time:1233.469s step_avg:2372.06ms
step:521/3350 train_time:1236.590s step_avg:2373.49ms
step:522/3350 train_time:1238.424s step_avg:2372.46ms
step:523/3350 train_time:1241.541s step_avg:2373.88ms
step:524/3350 train_time:1243.374s step_avg:2372.85ms
step:525/3350 train_time:1246.776s step_avg:2374.81ms
step:526/3350 train_time:1248.609s step_avg:2373.78ms
step:527/3350 train_time:1251.726s step_avg:2375.19ms
step:528/3350 train_time:1253.559s step_avg:2374.16ms
step:529/3350 train_time:1256.676s step_avg:2375.57ms
step:530/3350 train_time:1258.512s step_avg:2374.55ms
step:531/3350 train_time:1261.628s step_avg:2375.95ms
step:532/3350 train_time:1263.463s step_avg:2374.93ms
step:533/3350 train_time:1266.579s step_avg:2376.32ms
step:534/3350 train_time:1268.413s step_avg:2375.31ms
step:535/3350 train_time:1271.525s step_avg:2376.68ms
step:536/3350 train_time:1273.357s step_avg:2375.67ms
step:537/3350 train_time:1276.476s step_avg:2377.05ms
step:538/3350 train_time:1278.309s step_avg:2376.04ms
step:539/3350 train_time:1281.426s step_avg:2377.41ms
step:540/3350 train_time:1283.261s step_avg:2376.41ms
step:541/3350 train_time:1286.378s step_avg:2377.78ms
step:542/3350 train_time:1288.217s step_avg:2376.78ms
step:543/3350 train_time:1291.331s step_avg:2378.14ms
step:544/3350 train_time:1293.166s step_avg:2377.14ms
step:545/3350 train_time:1296.285s step_avg:2378.50ms
step:546/3350 train_time:1298.123s step_avg:2377.51ms
step:547/3350 train_time:1301.251s step_avg:2378.89ms
step:548/3350 train_time:1303.085s step_avg:2377.89ms
step:549/3350 train_time:1306.204s step_avg:2379.24ms
step:550/3350 train_time:1308.339s step_avg:2378.80ms
step:551/3350 train_time:1311.455s step_avg:2380.14ms
step:552/3350 train_time:1313.287s step_avg:2379.14ms
step:553/3350 train_time:1316.405s step_avg:2380.48ms
step:554/3350 train_time:1318.239s step_avg:2379.49ms
step:555/3350 train_time:1321.362s step_avg:2380.83ms
step:556/3350 train_time:1323.196s step_avg:2379.85ms
step:557/3350 train_time:1326.321s step_avg:2381.19ms
step:558/3350 train_time:1328.156s step_avg:2380.21ms
step:559/3350 train_time:1331.275s step_avg:2381.53ms
step:560/3350 train_time:1333.110s step_avg:2380.55ms
step:561/3350 train_time:1336.227s step_avg:2381.87ms
step:562/3350 train_time:1338.062s step_avg:2380.89ms
step:563/3350 train_time:1341.178s step_avg:2382.20ms
step:564/3350 train_time:1343.010s step_avg:2381.22ms
step:565/3350 train_time:1346.128s step_avg:2382.53ms
step:566/3350 train_time:1347.962s step_avg:2381.56ms
step:567/3350 train_time:1351.076s step_avg:2382.85ms
step:568/3350 train_time:1352.908s step_avg:2381.88ms
step:569/3350 train_time:1356.023s step_avg:2383.17ms
step:570/3350 train_time:1357.855s step_avg:2382.20ms
step:571/3350 train_time:1361.002s step_avg:2383.54ms
step:572/3350 train_time:1362.833s step_avg:2382.58ms
step:573/3350 train_time:1365.953s step_avg:2383.86ms
step:574/3350 train_time:1367.787s step_avg:2382.90ms
step:575/3350 train_time:1371.188s step_avg:2384.68ms
step:576/3350 train_time:1373.021s step_avg:2383.72ms
step:577/3350 train_time:1376.142s step_avg:2384.99ms
step:578/3350 train_time:1377.976s step_avg:2384.04ms
step:579/3350 train_time:1381.093s step_avg:2385.31ms
step:580/3350 train_time:1382.925s step_avg:2384.35ms
step:581/3350 train_time:1386.042s step_avg:2385.61ms
step:582/3350 train_time:1387.875s step_avg:2384.66ms
step:583/3350 train_time:1390.991s step_avg:2385.92ms
step:584/3350 train_time:1392.823s step_avg:2384.97ms
step:585/3350 train_time:1395.941s step_avg:2386.22ms
step:586/3350 train_time:1397.773s step_avg:2385.28ms
step:587/3350 train_time:1400.894s step_avg:2386.53ms
step:588/3350 train_time:1402.733s step_avg:2385.60ms
step:589/3350 train_time:1405.847s step_avg:2386.84ms
step:590/3350 train_time:1407.682s step_avg:2385.90ms
step:591/3350 train_time:1410.801s step_avg:2387.14ms
step:592/3350 train_time:1412.631s step_avg:2386.20ms
step:593/3350 train_time:1415.749s step_avg:2387.44ms
step:594/3350 train_time:1417.583s step_avg:2386.50ms
step:595/3350 train_time:1420.701s step_avg:2387.73ms
step:596/3350 train_time:1422.534s step_avg:2386.80ms
step:597/3350 train_time:1425.656s step_avg:2388.03ms
step:598/3350 train_time:1427.485s step_avg:2387.10ms
step:599/3350 train_time:1430.601s step_avg:2388.31ms
step:600/3350 train_time:1432.739s step_avg:2387.90ms
step:601/3350 train_time:1435.855s step_avg:2389.11ms
step:602/3350 train_time:1437.691s step_avg:2388.19ms
step:603/3350 train_time:1440.808s step_avg:2389.40ms
step:604/3350 train_time:1442.643s step_avg:2388.48ms
step:605/3350 train_time:1445.760s step_avg:2389.69ms
step:606/3350 train_time:1447.594s step_avg:2388.77ms
step:607/3350 train_time:1450.710s step_avg:2389.97ms
step:608/3350 train_time:1452.546s step_avg:2389.06ms
step:609/3350 train_time:1455.664s step_avg:2390.25ms
step:610/3350 train_time:1457.503s step_avg:2389.35ms
step:611/3350 train_time:1460.623s step_avg:2390.54ms
step:612/3350 train_time:1462.459s step_avg:2389.64ms
step:613/3350 train_time:1465.579s step_avg:2390.83ms
step:614/3350 train_time:1467.414s step_avg:2389.92ms
step:615/3350 train_time:1470.530s step_avg:2391.11ms
step:616/3350 train_time:1472.366s step_avg:2390.20ms
step:617/3350 train_time:1475.489s step_avg:2391.39ms
step:618/3350 train_time:1477.323s step_avg:2390.49ms
step:619/3350 train_time:1480.438s step_avg:2391.66ms
step:620/3350 train_time:1482.271s step_avg:2390.76ms
step:621/3350 train_time:1485.396s step_avg:2391.94ms
step:622/3350 train_time:1487.231s step_avg:2391.05ms
step:623/3350 train_time:1490.348s step_avg:2392.21ms
step:624/3350 train_time:1492.183s step_avg:2391.32ms
step:625/3350 train_time:1495.655s step_avg:2393.05ms
step:625/3350 val_loss:3.72812 train_time:1495.655s step_avg:2493.50ms
step:626/3350 train_time:1497.493s step_avg:2392.16ms
step:627/3350 train_time:1500.610s step_avg:2393.32ms
step:628/3350 train_time:1502.444s step_avg:2392.43ms
step:629/3350 train_time:1505.561s step_avg:2393.58ms
step:630/3350 train_time:1507.395s step_avg:2392.69ms
step:631/3350 train_time:1510.513s step_avg:2393.84ms
step:632/3350 train_time:1512.347s step_avg:2392.95ms
step:633/3350 train_time:1515.462s step_avg:2394.09ms
step:634/3350 train_time:1517.296s step_avg:2393.21ms
step:635/3350 train_time:1520.411s step_avg:2394.35ms
step:636/3350 train_time:1522.247s step_avg:2393.47ms
step:637/3350 train_time:1525.364s step_avg:2394.61ms
step:638/3350 train_time:1527.199s step_avg:2393.73ms
step:639/3350 train_time:1530.316s step_avg:2394.86ms
step:640/3350 train_time:1532.150s step_avg:2393.98ms
step:641/3350 train_time:1535.266s step_avg:2395.11ms
step:642/3350 train_time:1537.100s step_avg:2394.24ms
step:643/3350 train_time:1540.223s step_avg:2395.37ms
step:644/3350 train_time:1542.059s step_avg:2394.50ms
step:645/3350 train_time:1545.173s step_avg:2395.62ms
step:646/3350 train_time:1547.007s step_avg:2394.75ms
step:647/3350 train_time:1550.124s step_avg:2395.86ms
step:648/3350 train_time:1551.956s step_avg:2394.99ms
step:649/3350 train_time:1555.075s step_avg:2396.11ms
step:650/3350 train_time:1557.203s step_avg:2395.70ms
step:651/3350 train_time:1560.319s step_avg:2396.80ms
step:652/3350 train_time:1562.154s step_avg:2395.94ms
step:653/3350 train_time:1565.269s step_avg:2397.04ms
step:654/3350 train_time:1567.102s step_avg:2396.18ms
step:655/3350 train_time:1570.218s step_avg:2397.28ms
step:656/3350 train_time:1572.051s step_avg:2396.42ms
step:657/3350 train_time:1575.173s step_avg:2397.52ms
step:658/3350 train_time:1577.008s step_avg:2396.67ms
step:659/3350 train_time:1580.134s step_avg:2397.78ms
step:660/3350 train_time:1581.970s step_avg:2396.92ms
step:661/3350 train_time:1585.085s step_avg:2398.01ms
step:662/3350 train_time:1586.921s step_avg:2397.16ms
step:663/3350 train_time:1590.042s step_avg:2398.25ms
step:664/3350 train_time:1591.877s step_avg:2397.41ms
step:665/3350 train_time:1594.994s step_avg:2398.49ms
step:666/3350 train_time:1596.829s step_avg:2397.64ms
step:667/3350 train_time:1599.948s step_avg:2398.72ms
step:668/3350 train_time:1601.788s step_avg:2397.89ms
step:669/3350 train_time:1604.907s step_avg:2398.96ms
step:670/3350 train_time:1606.744s step_avg:2398.12ms
step:671/3350 train_time:1609.857s step_avg:2399.19ms
step:672/3350 train_time:1611.692s step_avg:2398.35ms
step:673/3350 train_time:1614.806s step_avg:2399.41ms
step:674/3350 train_time:1616.642s step_avg:2398.58ms
step:675/3350 train_time:1620.055s step_avg:2400.08ms
step:676/3350 train_time:1621.888s step_avg:2399.24ms
step:677/3350 train_time:1625.007s step_avg:2400.31ms
step:678/3350 train_time:1626.842s step_avg:2399.47ms
step:679/3350 train_time:1629.958s step_avg:2400.53ms
step:680/3350 train_time:1631.790s step_avg:2399.69ms
step:681/3350 train_time:1634.908s step_avg:2400.75ms
step:682/3350 train_time:1636.745s step_avg:2399.92ms
step:683/3350 train_time:1639.858s step_avg:2400.96ms
step:684/3350 train_time:1641.691s step_avg:2400.13ms
step:685/3350 train_time:1644.811s step_avg:2401.18ms
step:686/3350 train_time:1646.642s step_avg:2400.35ms
step:687/3350 train_time:1649.758s step_avg:2401.39ms
step:688/3350 train_time:1651.590s step_avg:2400.57ms
step:689/3350 train_time:1654.703s step_avg:2401.60ms
step:690/3350 train_time:1656.537s step_avg:2400.78ms
step:691/3350 train_time:1659.657s step_avg:2401.82ms
step:692/3350 train_time:1661.494s step_avg:2401.00ms
step:693/3350 train_time:1664.607s step_avg:2402.03ms
step:694/3350 train_time:1666.441s step_avg:2401.21ms
step:695/3350 train_time:1669.553s step_avg:2402.23ms
step:696/3350 train_time:1671.392s step_avg:2401.43ms
step:697/3350 train_time:1674.508s step_avg:2402.45ms
step:698/3350 train_time:1676.342s step_avg:2401.64ms
step:699/3350 train_time:1679.465s step_avg:2402.67ms
step:700/3350 train_time:1681.603s step_avg:2402.29ms
step:701/3350 train_time:1684.716s step_avg:2403.30ms
step:702/3350 train_time:1686.550s step_avg:2402.49ms
step:703/3350 train_time:1689.665s step_avg:2403.51ms
step:704/3350 train_time:1691.500s step_avg:2402.70ms
step:705/3350 train_time:1694.615s step_avg:2403.71ms
step:706/3350 train_time:1696.449s step_avg:2402.90ms
step:707/3350 train_time:1699.565s step_avg:2403.91ms
step:708/3350 train_time:1701.401s step_avg:2403.11ms
step:709/3350 train_time:1704.518s step_avg:2404.12ms
step:710/3350 train_time:1706.355s step_avg:2403.32ms
step:711/3350 train_time:1709.471s step_avg:2404.32ms
step:712/3350 train_time:1711.305s step_avg:2403.52ms
step:713/3350 train_time:1714.420s step_avg:2404.52ms
step:714/3350 train_time:1716.255s step_avg:2403.72ms
step:715/3350 train_time:1719.372s step_avg:2404.72ms
step:716/3350 train_time:1721.207s step_avg:2403.92ms
step:717/3350 train_time:1724.322s step_avg:2404.91ms
step:718/3350 train_time:1726.160s step_avg:2404.12ms
step:719/3350 train_time:1729.274s step_avg:2405.11ms
step:720/3350 train_time:1731.108s step_avg:2404.32ms
step:721/3350 train_time:1734.219s step_avg:2405.30ms
step:722/3350 train_time:1736.055s step_avg:2404.51ms
step:723/3350 train_time:1739.168s step_avg:2405.49ms
step:724/3350 train_time:1741.005s step_avg:2404.70ms
step:725/3350 train_time:1744.412s step_avg:2406.09ms
step:726/3350 train_time:1746.246s step_avg:2405.30ms
step:727/3350 train_time:1749.362s step_avg:2406.28ms
step:728/3350 train_time:1751.195s step_avg:2405.49ms
step:729/3350 train_time:1754.312s step_avg:2406.46ms
step:730/3350 train_time:1756.147s step_avg:2405.68ms
step:731/3350 train_time:1759.262s step_avg:2406.65ms
step:732/3350 train_time:1761.098s step_avg:2405.87ms
step:733/3350 train_time:1764.216s step_avg:2406.84ms
step:734/3350 train_time:1766.050s step_avg:2406.06ms
step:735/3350 train_time:1769.165s step_avg:2407.03ms
step:736/3350 train_time:1770.999s step_avg:2406.25ms
step:737/3350 train_time:1774.114s step_avg:2407.21ms
step:738/3350 train_time:1775.950s step_avg:2406.44ms
step:739/3350 train_time:1779.064s step_avg:2407.39ms
step:740/3350 train_time:1780.899s step_avg:2406.62ms
step:741/3350 train_time:1784.013s step_avg:2407.58ms
step:742/3350 train_time:1785.847s step_avg:2406.80ms
step:743/3350 train_time:1788.966s step_avg:2407.76ms
step:744/3350 train_time:1790.800s step_avg:2406.99ms
step:745/3350 train_time:1793.917s step_avg:2407.94ms
step:746/3350 train_time:1795.754s step_avg:2407.18ms
step:747/3350 train_time:1798.869s step_avg:2408.12ms
step:748/3350 train_time:1800.704s step_avg:2407.36ms
step:749/3350 train_time:1803.823s step_avg:2408.31ms
step:750/3350 train_time:1806.014s step_avg:2408.02ms
step:750/3350 val_loss:3.68551 train_time:1806.014s step_avg:2482.87ms
step:751/3350 train_time:1809.123s step_avg:2408.95ms
step:752/3350 train_time:1810.959s step_avg:2408.19ms
step:753/3350 train_time:1814.074s step_avg:2409.13ms
step:754/3350 train_time:1815.909s step_avg:2408.37ms
step:755/3350 train_time:1819.023s step_avg:2409.30ms
step:756/3350 train_time:1820.858s step_avg:2408.54ms
step:757/3350 train_time:1823.971s step_avg:2409.47ms
step:758/3350 train_time:1825.805s step_avg:2408.71ms
step:759/3350 train_time:1828.922s step_avg:2409.65ms
step:760/3350 train_time:1830.761s step_avg:2408.90ms
step:761/3350 train_time:1833.906s step_avg:2409.86ms
step:762/3350 train_time:1835.738s step_avg:2409.11ms
step:763/3350 train_time:1838.854s step_avg:2410.03ms
step:764/3350 train_time:1840.689s step_avg:2409.28ms
step:765/3350 train_time:1843.803s step_avg:2410.20ms
step:766/3350 train_time:1845.638s step_avg:2409.45ms
step:767/3350 train_time:1848.752s step_avg:2410.37ms
step:768/3350 train_time:1850.589s step_avg:2409.62ms
step:769/3350 train_time:1853.703s step_avg:2410.54ms
step:770/3350 train_time:1855.538s step_avg:2409.79ms
step:771/3350 train_time:1858.655s step_avg:2410.71ms
step:772/3350 train_time:1860.489s step_avg:2409.96ms
step:773/3350 train_time:1863.606s step_avg:2410.87ms
step:774/3350 train_time:1865.439s step_avg:2410.13ms
step:775/3350 train_time:1868.838s step_avg:2411.40ms
step:776/3350 train_time:1870.673s step_avg:2410.66ms
step:777/3350 train_time:1873.793s step_avg:2411.57ms
step:778/3350 train_time:1875.627s step_avg:2410.83ms
step:779/3350 train_time:1878.745s step_avg:2411.74ms
step:780/3350 train_time:1880.578s step_avg:2411.00ms
step:781/3350 train_time:1883.691s step_avg:2411.90ms
step:782/3350 train_time:1885.526s step_avg:2411.16ms
step:783/3350 train_time:1888.640s step_avg:2412.06ms
step:784/3350 train_time:1890.476s step_avg:2411.32ms
step:785/3350 train_time:1893.592s step_avg:2412.22ms
step:786/3350 train_time:1895.424s step_avg:2411.48ms
step:787/3350 train_time:1898.538s step_avg:2412.37ms
step:788/3350 train_time:1900.373s step_avg:2411.64ms
step:789/3350 train_time:1903.494s step_avg:2412.54ms
step:790/3350 train_time:1905.329s step_avg:2411.81ms
step:791/3350 train_time:1908.442s step_avg:2412.70ms
step:792/3350 train_time:1910.275s step_avg:2411.96ms
step:793/3350 train_time:1913.389s step_avg:2412.85ms
step:794/3350 train_time:1915.222s step_avg:2412.12ms
step:795/3350 train_time:1918.334s step_avg:2413.00ms
step:796/3350 train_time:1920.167s step_avg:2412.27ms
step:797/3350 train_time:1923.282s step_avg:2413.15ms
step:798/3350 train_time:1925.113s step_avg:2412.42ms
step:799/3350 train_time:1928.226s step_avg:2413.30ms
step:800/3350 train_time:1930.362s step_avg:2412.95ms
step:801/3350 train_time:1933.472s step_avg:2413.82ms
step:802/3350 train_time:1935.304s step_avg:2413.10ms
step:803/3350 train_time:1938.419s step_avg:2413.97ms
step:804/3350 train_time:1940.256s step_avg:2413.25ms
step:805/3350 train_time:1943.375s step_avg:2414.13ms
step:806/3350 train_time:1945.208s step_avg:2413.41ms
step:807/3350 train_time:1948.322s step_avg:2414.28ms
step:808/3350 train_time:1950.158s step_avg:2413.56ms
step:809/3350 train_time:1953.271s step_avg:2414.43ms
step:810/3350 train_time:1955.106s step_avg:2413.71ms
step:811/3350 train_time:1958.226s step_avg:2414.58ms
step:812/3350 train_time:1960.060s step_avg:2413.87ms
step:813/3350 train_time:1963.174s step_avg:2414.73ms
step:814/3350 train_time:1965.006s step_avg:2414.01ms
step:815/3350 train_time:1968.123s step_avg:2414.87ms
step:816/3350 train_time:1969.960s step_avg:2414.17ms
step:817/3350 train_time:1973.081s step_avg:2415.03ms
step:818/3350 train_time:1974.917s step_avg:2414.32ms
step:819/3350 train_time:1978.035s step_avg:2415.18ms
step:820/3350 train_time:1979.872s step_avg:2414.48ms
step:821/3350 train_time:1982.991s step_avg:2415.34ms
step:822/3350 train_time:1984.832s step_avg:2414.64ms
step:823/3350 train_time:1987.953s step_avg:2415.50ms
step:824/3350 train_time:1989.790s step_avg:2414.79ms
step:825/3350 train_time:1993.200s step_avg:2416.00ms
step:826/3350 train_time:1995.034s step_avg:2415.30ms
step:827/3350 train_time:1998.151s step_avg:2416.14ms
step:828/3350 train_time:1999.985s step_avg:2415.44ms
step:829/3350 train_time:2003.098s step_avg:2416.28ms
step:830/3350 train_time:2004.934s step_avg:2415.58ms
step:831/3350 train_time:2008.056s step_avg:2416.43ms
step:832/3350 train_time:2009.892s step_avg:2415.74ms
step:833/3350 train_time:2013.006s step_avg:2416.57ms
step:834/3350 train_time:2014.842s step_avg:2415.88ms
step:835/3350 train_time:2017.960s step_avg:2416.72ms
step:836/3350 train_time:2019.797s step_avg:2416.03ms
step:837/3350 train_time:2022.914s step_avg:2416.86ms
step:838/3350 train_time:2024.750s step_avg:2416.17ms
step:839/3350 train_time:2027.866s step_avg:2417.00ms
step:840/3350 train_time:2029.700s step_avg:2416.31ms
step:841/3350 train_time:2032.817s step_avg:2417.14ms
step:842/3350 train_time:2034.654s step_avg:2416.45ms
step:843/3350 train_time:2037.769s step_avg:2417.28ms
step:844/3350 train_time:2039.604s step_avg:2416.59ms
step:845/3350 train_time:2042.718s step_avg:2417.42ms
step:846/3350 train_time:2044.553s step_avg:2416.73ms
step:847/3350 train_time:2047.668s step_avg:2417.55ms
step:848/3350 train_time:2049.503s step_avg:2416.87ms
step:849/3350 train_time:2052.622s step_avg:2417.69ms
step:850/3350 train_time:2054.751s step_avg:2417.35ms
step:851/3350 train_time:2057.861s step_avg:2418.17ms
step:852/3350 train_time:2059.694s step_avg:2417.48ms
step:853/3350 train_time:2062.814s step_avg:2418.30ms
step:854/3350 train_time:2064.649s step_avg:2417.62ms
step:855/3350 train_time:2067.765s step_avg:2418.44ms
step:856/3350 train_time:2069.602s step_avg:2417.76ms
step:857/3350 train_time:2072.716s step_avg:2418.57ms
step:858/3350 train_time:2074.547s step_avg:2417.89ms
step:859/3350 train_time:2077.664s step_avg:2418.70ms
step:860/3350 train_time:2079.503s step_avg:2418.03ms
step:861/3350 train_time:2082.618s step_avg:2418.84ms
step:862/3350 train_time:2084.453s step_avg:2418.16ms
step:863/3350 train_time:2087.565s step_avg:2418.96ms
step:864/3350 train_time:2089.400s step_avg:2418.29ms
step:865/3350 train_time:2092.515s step_avg:2419.09ms
step:866/3350 train_time:2094.349s step_avg:2418.42ms
step:867/3350 train_time:2097.465s step_avg:2419.22ms
step:868/3350 train_time:2099.301s step_avg:2418.55ms
step:869/3350 train_time:2102.417s step_avg:2419.35ms
step:870/3350 train_time:2104.251s step_avg:2418.68ms
step:871/3350 train_time:2107.364s step_avg:2419.48ms
step:872/3350 train_time:2109.199s step_avg:2418.81ms
step:873/3350 train_time:2112.318s step_avg:2419.61ms
step:874/3350 train_time:2114.152s step_avg:2418.94ms
step:875/3350 train_time:2117.617s step_avg:2420.13ms
step:875/3350 val_loss:3.64724 train_time:2117.618s step_avg:2492.83ms
step:876/3350 train_time:2119.457s step_avg:2419.47ms
step:877/3350 train_time:2122.573s step_avg:2420.27ms
step:878/3350 train_time:2124.404s step_avg:2419.59ms
step:879/3350 train_time:2127.519s step_avg:2420.39ms
step:880/3350 train_time:2129.358s step_avg:2419.72ms
step:881/3350 train_time:2132.472s step_avg:2420.51ms
step:882/3350 train_time:2134.305s step_avg:2419.85ms
step:883/3350 train_time:2137.419s step_avg:2420.63ms
step:884/3350 train_time:2139.254s step_avg:2419.97ms
step:885/3350 train_time:2142.370s step_avg:2420.76ms
step:886/3350 train_time:2144.203s step_avg:2420.09ms
step:887/3350 train_time:2147.315s step_avg:2420.87ms
step:888/3350 train_time:2149.152s step_avg:2420.22ms
step:889/3350 train_time:2152.267s step_avg:2421.00ms
step:890/3350 train_time:2154.100s step_avg:2420.34ms
step:891/3350 train_time:2157.214s step_avg:2421.12ms
step:892/3350 train_time:2159.076s step_avg:2420.49ms
step:893/3350 train_time:2162.185s step_avg:2421.26ms
step:894/3350 train_time:2164.020s step_avg:2420.60ms
step:895/3350 train_time:2167.133s step_avg:2421.38ms
step:896/3350 train_time:2168.968s step_avg:2420.72ms
step:897/3350 train_time:2172.082s step_avg:2421.50ms
step:898/3350 train_time:2173.915s step_avg:2420.84ms
step:899/3350 train_time:2177.030s step_avg:2421.61ms
step:900/3350 train_time:2179.168s step_avg:2421.30ms
step:901/3350 train_time:2182.277s step_avg:2422.06ms
step:902/3350 train_time:2184.111s step_avg:2421.41ms
step:903/3350 train_time:2187.225s step_avg:2422.18ms
step:904/3350 train_time:2189.060s step_avg:2421.53ms
step:905/3350 train_time:2192.178s step_avg:2422.30ms
step:906/3350 train_time:2194.013s step_avg:2421.65ms
step:907/3350 train_time:2197.127s step_avg:2422.41ms
step:908/3350 train_time:2198.962s step_avg:2421.76ms
step:909/3350 train_time:2202.078s step_avg:2422.53ms
step:910/3350 train_time:2203.914s step_avg:2421.88ms
step:911/3350 train_time:2207.031s step_avg:2422.65ms
step:912/3350 train_time:2208.867s step_avg:2422.00ms
step:913/3350 train_time:2211.982s step_avg:2422.76ms
step:914/3350 train_time:2213.817s step_avg:2422.12ms
step:915/3350 train_time:2216.930s step_avg:2422.87ms
step:916/3350 train_time:2218.764s step_avg:2422.23ms
step:917/3350 train_time:2221.879s step_avg:2422.99ms
step:918/3350 train_time:2223.714s step_avg:2422.35ms
step:919/3350 train_time:2226.826s step_avg:2423.10ms
step:920/3350 train_time:2228.658s step_avg:2422.45ms
step:921/3350 train_time:2231.774s step_avg:2423.21ms
step:922/3350 train_time:2233.608s step_avg:2422.57ms
step:923/3350 train_time:2236.720s step_avg:2423.32ms
step:924/3350 train_time:2238.556s step_avg:2422.68ms
step:925/3350 train_time:2241.956s step_avg:2423.74ms
step:926/3350 train_time:2243.791s step_avg:2423.10ms
step:927/3350 train_time:2246.905s step_avg:2423.85ms
step:928/3350 train_time:2248.740s step_avg:2423.21ms
step:929/3350 train_time:2251.855s step_avg:2423.96ms
step:930/3350 train_time:2253.694s step_avg:2423.33ms
step:931/3350 train_time:2256.810s step_avg:2424.07ms
step:932/3350 train_time:2258.645s step_avg:2423.44ms
step:933/3350 train_time:2261.761s step_avg:2424.18ms
step:934/3350 train_time:2263.599s step_avg:2423.55ms
step:935/3350 train_time:2266.712s step_avg:2424.29ms
step:936/3350 train_time:2268.548s step_avg:2423.66ms
step:937/3350 train_time:2271.666s step_avg:2424.40ms
step:938/3350 train_time:2273.503s step_avg:2423.78ms
step:939/3350 train_time:2276.628s step_avg:2424.52ms
step:940/3350 train_time:2278.462s step_avg:2423.90ms
step:941/3350 train_time:2281.583s step_avg:2424.64ms
step:942/3350 train_time:2283.422s step_avg:2424.01ms
step:943/3350 train_time:2286.539s step_avg:2424.75ms
step:944/3350 train_time:2288.376s step_avg:2424.13ms
step:945/3350 train_time:2291.492s step_avg:2424.86ms
step:946/3350 train_time:2293.331s step_avg:2424.24ms
step:947/3350 train_time:2296.446s step_avg:2424.97ms
step:948/3350 train_time:2298.279s step_avg:2424.34ms
step:949/3350 train_time:2301.391s step_avg:2425.07ms
step:950/3350 train_time:2303.522s step_avg:2424.76ms
step:951/3350 train_time:2306.673s step_avg:2425.52ms
step:952/3350 train_time:2308.507s step_avg:2424.90ms
step:953/3350 train_time:2311.627s step_avg:2425.63ms
step:954/3350 train_time:2313.466s step_avg:2425.02ms
step:955/3350 train_time:2316.584s step_avg:2425.74ms
step:956/3350 train_time:2318.420s step_avg:2425.13ms
step:957/3350 train_time:2321.540s step_avg:2425.85ms
step:958/3350 train_time:2323.375s step_avg:2425.23ms
step:959/3350 train_time:2326.491s step_avg:2425.96ms
step:960/3350 train_time:2328.328s step_avg:2425.34ms
step:961/3350 train_time:2331.445s step_avg:2426.06ms
step:962/3350 train_time:2333.283s step_avg:2425.45ms
step:963/3350 train_time:2336.400s step_avg:2426.17ms
step:964/3350 train_time:2338.238s step_avg:2425.56ms
step:965/3350 train_time:2341.362s step_avg:2426.28ms
step:966/3350 train_time:2343.198s step_avg:2425.67ms
step:967/3350 train_time:2346.309s step_avg:2426.38ms
step:968/3350 train_time:2348.145s step_avg:2425.77ms
step:969/3350 train_time:2351.260s step_avg:2426.48ms
step:970/3350 train_time:2353.099s step_avg:2425.88ms
step:971/3350 train_time:2356.215s step_avg:2426.59ms
step:972/3350 train_time:2358.050s step_avg:2425.98ms
step:973/3350 train_time:2361.164s step_avg:2426.68ms
step:974/3350 train_time:2363.000s step_avg:2426.08ms
step:975/3350 train_time:2366.416s step_avg:2427.09ms
step:976/3350 train_time:2368.256s step_avg:2426.49ms
step:977/3350 train_time:2371.373s step_avg:2427.20ms
step:978/3350 train_time:2373.210s step_avg:2426.60ms
step:979/3350 train_time:2376.326s step_avg:2427.30ms
step:980/3350 train_time:2378.161s step_avg:2426.69ms
step:981/3350 train_time:2381.279s step_avg:2427.40ms
step:982/3350 train_time:2383.119s step_avg:2426.80ms
step:983/3350 train_time:2386.231s step_avg:2427.50ms
step:984/3350 train_time:2388.066s step_avg:2426.90ms
step:985/3350 train_time:2391.180s step_avg:2427.59ms
step:986/3350 train_time:2393.014s step_avg:2426.99ms
step:987/3350 train_time:2396.136s step_avg:2427.70ms
step:988/3350 train_time:2397.970s step_avg:2427.10ms
step:989/3350 train_time:2401.084s step_avg:2427.79ms
step:990/3350 train_time:2402.919s step_avg:2427.19ms
step:991/3350 train_time:2406.029s step_avg:2427.88ms
step:992/3350 train_time:2407.866s step_avg:2427.28ms
step:993/3350 train_time:2410.978s step_avg:2427.97ms
step:994/3350 train_time:2412.813s step_avg:2427.38ms
step:995/3350 train_time:2415.925s step_avg:2428.06ms
step:996/3350 train_time:2417.759s step_avg:2427.47ms
step:997/3350 train_time:2420.872s step_avg:2428.16ms
step:998/3350 train_time:2422.708s step_avg:2427.56ms
step:999/3350 train_time:2425.821s step_avg:2428.25ms
step:1000/3350 train_time:2428.025s step_avg:2428.03ms
step:1000/3350 val_loss:3.61323 train_time:2428.025s step_avg:2483.26ms
step:1001/3350 train_time:2431.137s step_avg:2428.71ms
step:1002/3350 train_time:2432.970s step_avg:2428.11ms
step:1003/3350 train_time:2436.082s step_avg:2428.80ms
step:1004/3350 train_time:2437.916s step_avg:2428.20ms
step:1005/3350 train_time:2441.028s step_avg:2428.88ms
step:1006/3350 train_time:2442.864s step_avg:2428.29ms
step:1007/3350 train_time:2445.975s step_avg:2428.97ms
step:1008/3350 train_time:2447.811s step_avg:2428.38ms
step:1009/3350 train_time:2450.925s step_avg:2429.06ms
step:1010/3350 train_time:2452.758s step_avg:2428.47ms
step:1011/3350 train_time:2455.870s step_avg:2429.15ms
step:1012/3350 train_time:2457.732s step_avg:2428.59ms
step:1013/3350 train_time:2460.843s step_avg:2429.26ms
step:1014/3350 train_time:2462.675s step_avg:2428.67ms
step:1015/3350 train_time:2465.790s step_avg:2429.35ms
step:1016/3350 train_time:2467.629s step_avg:2428.77ms
step:1017/3350 train_time:2470.740s step_avg:2429.44ms
step:1018/3350 train_time:2472.574s step_avg:2428.85ms
step:1019/3350 train_time:2475.693s step_avg:2429.53ms
step:1020/3350 train_time:2477.529s step_avg:2428.95ms
step:1021/3350 train_time:2480.640s step_avg:2429.62ms
step:1022/3350 train_time:2482.473s step_avg:2429.03ms
step:1023/3350 train_time:2485.584s step_avg:2429.70ms
step:1024/3350 train_time:2487.420s step_avg:2429.12ms
step:1025/3350 train_time:2490.818s step_avg:2430.07ms
step:1026/3350 train_time:2492.653s step_avg:2429.49ms
step:1027/3350 train_time:2495.767s step_avg:2430.15ms
step:1028/3350 train_time:2497.606s step_avg:2429.58ms
step:1029/3350 train_time:2500.715s step_avg:2430.24ms
step:1030/3350 train_time:2502.551s step_avg:2429.66ms
step:1031/3350 train_time:2505.664s step_avg:2430.32ms
step:1032/3350 train_time:2507.500s step_avg:2429.75ms
step:1033/3350 train_time:2510.614s step_avg:2430.41ms
step:1034/3350 train_time:2512.449s step_avg:2429.83ms
step:1035/3350 train_time:2515.560s step_avg:2430.49ms
step:1036/3350 train_time:2517.396s step_avg:2429.92ms
step:1037/3350 train_time:2520.509s step_avg:2430.58ms
step:1038/3350 train_time:2522.344s step_avg:2430.00ms
step:1039/3350 train_time:2525.455s step_avg:2430.66ms
step:1040/3350 train_time:2527.293s step_avg:2430.09ms
step:1041/3350 train_time:2530.403s step_avg:2430.74ms
step:1042/3350 train_time:2532.240s step_avg:2430.17ms
step:1043/3350 train_time:2535.354s step_avg:2430.83ms
step:1044/3350 train_time:2537.192s step_avg:2430.26ms
step:1045/3350 train_time:2540.304s step_avg:2430.91ms
step:1046/3350 train_time:2542.141s step_avg:2430.35ms
step:1047/3350 train_time:2545.253s step_avg:2431.00ms
step:1048/3350 train_time:2547.089s step_avg:2430.43ms
step:1049/3350 train_time:2550.205s step_avg:2431.08ms
step:1050/3350 train_time:2552.336s step_avg:2430.80ms
step:1051/3350 train_time:2555.445s step_avg:2431.44ms
step:1052/3350 train_time:2557.281s step_avg:2430.88ms
step:1053/3350 train_time:2560.393s step_avg:2431.52ms
step:1054/3350 train_time:2562.228s step_avg:2430.96ms
step:1055/3350 train_time:2565.339s step_avg:2431.60ms
step:1056/3350 train_time:2567.175s step_avg:2431.04ms
step:1057/3350 train_time:2570.289s step_avg:2431.68ms
step:1058/3350 train_time:2572.120s step_avg:2431.12ms
step:1059/3350 train_time:2575.231s step_avg:2431.76ms
step:1060/3350 train_time:2577.063s step_avg:2431.19ms
step:1061/3350 train_time:2580.174s step_avg:2431.83ms
step:1062/3350 train_time:2582.011s step_avg:2431.27ms
step:1063/3350 train_time:2585.125s step_avg:2431.91ms
step:1064/3350 train_time:2586.960s step_avg:2431.35ms
step:1065/3350 train_time:2590.079s step_avg:2432.00ms
step:1066/3350 train_time:2591.918s step_avg:2431.44ms
step:1067/3350 train_time:2595.034s step_avg:2432.08ms
step:1068/3350 train_time:2596.869s step_avg:2431.53ms
step:1069/3350 train_time:2599.991s step_avg:2432.17ms
step:1070/3350 train_time:2601.827s step_avg:2431.61ms
step:1071/3350 train_time:2604.940s step_avg:2432.25ms
step:1072/3350 train_time:2606.777s step_avg:2431.70ms
step:1073/3350 train_time:2609.889s step_avg:2432.33ms
step:1074/3350 train_time:2611.727s step_avg:2431.78ms
step:1075/3350 train_time:2615.136s step_avg:2432.68ms
step:1076/3350 train_time:2616.974s step_avg:2432.13ms
step:1077/3350 train_time:2620.093s step_avg:2432.77ms
step:1078/3350 train_time:2621.928s step_avg:2432.21ms
step:1079/3350 train_time:2625.043s step_avg:2432.85ms
step:1080/3350 train_time:2626.877s step_avg:2432.29ms
step:1081/3350 train_time:2629.992s step_avg:2432.93ms
step:1082/3350 train_time:2631.828s step_avg:2432.37ms
step:1083/3350 train_time:2634.941s step_avg:2433.00ms
step:1084/3350 train_time:2636.776s step_avg:2432.45ms
step:1085/3350 train_time:2639.895s step_avg:2433.08ms
step:1086/3350 train_time:2641.733s step_avg:2432.54ms
step:1087/3350 train_time:2644.849s step_avg:2433.16ms
step:1088/3350 train_time:2646.686s step_avg:2432.62ms
step:1089/3350 train_time:2649.802s step_avg:2433.24ms
step:1090/3350 train_time:2651.637s step_avg:2432.69ms
step:1091/3350 train_time:2654.759s step_avg:2433.33ms
step:1092/3350 train_time:2656.597s step_avg:2432.78ms
step:1093/3350 train_time:2659.711s step_avg:2433.40ms
step:1094/3350 train_time:2661.549s step_avg:2432.86ms
step:1095/3350 train_time:2664.665s step_avg:2433.48ms
step:1096/3350 train_time:2666.500s step_avg:2432.94ms
step:1097/3350 train_time:2669.618s step_avg:2433.56ms
step:1098/3350 train_time:2671.453s step_avg:2433.02ms
step:1099/3350 train_time:2674.568s step_avg:2433.64ms
step:1100/3350 train_time:2676.711s step_avg:2433.37ms
step:1101/3350 train_time:2679.819s step_avg:2433.99ms
step:1102/3350 train_time:2681.654s step_avg:2433.44ms
step:1103/3350 train_time:2684.767s step_avg:2434.06ms
step:1104/3350 train_time:2686.603s step_avg:2433.52ms
step:1105/3350 train_time:2689.716s step_avg:2434.13ms
step:1106/3350 train_time:2691.555s step_avg:2433.59ms
step:1107/3350 train_time:2694.669s step_avg:2434.21ms
step:1108/3350 train_time:2696.506s step_avg:2433.67ms
step:1109/3350 train_time:2699.619s step_avg:2434.28ms
step:1110/3350 train_time:2701.452s step_avg:2433.74ms
step:1111/3350 train_time:2704.563s step_avg:2434.35ms
step:1112/3350 train_time:2706.398s step_avg:2433.81ms
step:1113/3350 train_time:2709.508s step_avg:2434.42ms
step:1114/3350 train_time:2711.345s step_avg:2433.88ms
step:1115/3350 train_time:2714.463s step_avg:2434.50ms
step:1116/3350 train_time:2716.300s step_avg:2433.96ms
step:1117/3350 train_time:2719.417s step_avg:2434.57ms
step:1118/3350 train_time:2721.253s step_avg:2434.04ms
step:1119/3350 train_time:2724.368s step_avg:2434.65ms
step:1120/3350 train_time:2726.202s step_avg:2434.11ms
step:1121/3350 train_time:2729.317s step_avg:2434.72ms
step:1122/3350 train_time:2731.152s step_avg:2434.18ms
step:1123/3350 train_time:2734.259s step_avg:2434.78ms
step:1124/3350 train_time:2736.095s step_avg:2434.25ms
step:1125/3350 train_time:2739.560s step_avg:2435.16ms
step:1125/3350 val_loss:3.58630 train_time:2739.560s step_avg:2492.28ms
step:1126/3350 train_time:2741.395s step_avg:2434.63ms
step:1127/3350 train_time:2744.508s step_avg:2435.23ms
step:1128/3350 train_time:2746.343s step_avg:2434.70ms
step:1129/3350 train_time:2749.454s step_avg:2435.30ms
step:1130/3350 train_time:2751.288s step_avg:2434.77ms
step:1131/3350 train_time:2754.400s step_avg:2435.37ms
step:1132/3350 train_time:2756.235s step_avg:2434.84ms
step:1133/3350 train_time:2759.354s step_avg:2435.44ms
step:1134/3350 train_time:2761.188s step_avg:2434.91ms
step:1135/3350 train_time:2764.309s step_avg:2435.51ms
step:1136/3350 train_time:2766.143s step_avg:2434.98ms
step:1137/3350 train_time:2769.256s step_avg:2435.58ms
step:1138/3350 train_time:2771.090s step_avg:2435.05ms
step:1139/3350 train_time:2774.203s step_avg:2435.65ms
step:1140/3350 train_time:2776.037s step_avg:2435.12ms
step:1141/3350 train_time:2779.181s step_avg:2435.74ms
step:1142/3350 train_time:2781.011s step_avg:2435.21ms
step:1143/3350 train_time:2784.123s step_avg:2435.80ms
step:1144/3350 train_time:2785.958s step_avg:2435.28ms
step:1145/3350 train_time:2789.067s step_avg:2435.87ms
step:1146/3350 train_time:2790.900s step_avg:2435.34ms
step:1147/3350 train_time:2794.013s step_avg:2435.93ms
step:1148/3350 train_time:2795.849s step_avg:2435.41ms
step:1149/3350 train_time:2798.958s step_avg:2435.99ms
step:1150/3350 train_time:2801.086s step_avg:2435.73ms
step:1151/3350 train_time:2804.198s step_avg:2436.31ms
step:1152/3350 train_time:2806.034s step_avg:2435.79ms
step:1153/3350 train_time:2809.143s step_avg:2436.38ms
step:1154/3350 train_time:2810.977s step_avg:2435.86ms
step:1155/3350 train_time:2814.091s step_avg:2436.44ms
step:1156/3350 train_time:2815.929s step_avg:2435.92ms
step:1157/3350 train_time:2819.036s step_avg:2436.50ms
step:1158/3350 train_time:2820.870s step_avg:2435.98ms
step:1159/3350 train_time:2823.983s step_avg:2436.57ms
step:1160/3350 train_time:2825.818s step_avg:2436.05ms
step:1161/3350 train_time:2828.927s step_avg:2436.63ms
step:1162/3350 train_time:2830.762s step_avg:2436.11ms
step:1163/3350 train_time:2833.874s step_avg:2436.69ms
step:1164/3350 train_time:2835.713s step_avg:2436.18ms
step:1165/3350 train_time:2838.827s step_avg:2436.76ms
step:1166/3350 train_time:2840.664s step_avg:2436.25ms
step:1167/3350 train_time:2843.776s step_avg:2436.83ms
step:1168/3350 train_time:2845.615s step_avg:2436.31ms
step:1169/3350 train_time:2848.726s step_avg:2436.89ms
step:1170/3350 train_time:2850.563s step_avg:2436.38ms
step:1171/3350 train_time:2853.674s step_avg:2436.96ms
step:1172/3350 train_time:2855.511s step_avg:2436.44ms
step:1173/3350 train_time:2858.619s step_avg:2437.02ms
step:1174/3350 train_time:2860.455s step_avg:2436.50ms
step:1175/3350 train_time:2863.854s step_avg:2437.32ms
step:1176/3350 train_time:2865.690s step_avg:2436.81ms
step:1177/3350 train_time:2868.801s step_avg:2437.38ms
step:1178/3350 train_time:2870.631s step_avg:2436.87ms
step:1179/3350 train_time:2873.744s step_avg:2437.44ms
step:1180/3350 train_time:2875.583s step_avg:2436.93ms
step:1181/3350 train_time:2878.692s step_avg:2437.50ms
step:1182/3350 train_time:2880.525s step_avg:2436.99ms
step:1183/3350 train_time:2883.636s step_avg:2437.56ms
step:1184/3350 train_time:2885.474s step_avg:2437.06ms
step:1185/3350 train_time:2888.582s step_avg:2437.62ms
step:1186/3350 train_time:2890.415s step_avg:2437.11ms
step:1187/3350 train_time:2893.523s step_avg:2437.68ms
step:1188/3350 train_time:2895.358s step_avg:2437.17ms
step:1189/3350 train_time:2898.474s step_avg:2437.74ms
step:1190/3350 train_time:2900.307s step_avg:2437.23ms
step:1191/3350 train_time:2903.423s step_avg:2437.80ms
step:1192/3350 train_time:2905.254s step_avg:2437.29ms
step:1193/3350 train_time:2908.370s step_avg:2437.86ms
step:1194/3350 train_time:2910.207s step_avg:2437.36ms
step:1195/3350 train_time:2913.319s step_avg:2437.92ms
step:1196/3350 train_time:2915.155s step_avg:2437.42ms
step:1197/3350 train_time:2918.274s step_avg:2437.99ms
step:1198/3350 train_time:2920.109s step_avg:2437.49ms
step:1199/3350 train_time:2923.220s step_avg:2438.05ms
step:1200/3350 train_time:2925.363s step_avg:2437.80ms
step:1201/3350 train_time:2928.471s step_avg:2438.36ms
step:1202/3350 train_time:2930.308s step_avg:2437.86ms
step:1203/3350 train_time:2933.422s step_avg:2438.42ms
step:1204/3350 train_time:2935.259s step_avg:2437.92ms
step:1205/3350 train_time:2938.369s step_avg:2438.48ms
step:1206/3350 train_time:2940.203s step_avg:2437.98ms
step:1207/3350 train_time:2943.321s step_avg:2438.54ms
step:1208/3350 train_time:2945.156s step_avg:2438.04ms
step:1209/3350 train_time:2948.268s step_avg:2438.60ms
step:1210/3350 train_time:2950.102s step_avg:2438.10ms
step:1211/3350 train_time:2953.222s step_avg:2438.66ms
step:1212/3350 train_time:2955.054s step_avg:2438.16ms
step:1213/3350 train_time:2958.173s step_avg:2438.72ms
step:1214/3350 train_time:2960.006s step_avg:2438.23ms
step:1215/3350 train_time:2963.121s step_avg:2438.78ms
step:1216/3350 train_time:2964.953s step_avg:2438.28ms
step:1217/3350 train_time:2968.066s step_avg:2438.84ms
step:1218/3350 train_time:2969.901s step_avg:2438.34ms
step:1219/3350 train_time:2973.016s step_avg:2438.90ms
step:1220/3350 train_time:2974.851s step_avg:2438.40ms
step:1221/3350 train_time:2977.961s step_avg:2438.95ms
step:1222/3350 train_time:2979.796s step_avg:2438.46ms
step:1223/3350 train_time:2982.906s step_avg:2439.01ms
step:1224/3350 train_time:2984.742s step_avg:2438.51ms
step:1225/3350 train_time:2988.142s step_avg:2439.30ms
step:1226/3350 train_time:2989.975s step_avg:2438.81ms
step:1227/3350 train_time:2993.090s step_avg:2439.36ms
step:1228/3350 train_time:2994.923s step_avg:2438.86ms
step:1229/3350 train_time:2998.043s step_avg:2439.42ms
step:1230/3350 train_time:2999.879s step_avg:2438.93ms
step:1231/3350 train_time:3002.993s step_avg:2439.47ms
step:1232/3350 train_time:3004.828s step_avg:2438.98ms
step:1233/3350 train_time:3007.942s step_avg:2439.53ms
step:1234/3350 train_time:3009.780s step_avg:2439.04ms
step:1235/3350 train_time:3012.894s step_avg:2439.59ms
step:1236/3350 train_time:3014.729s step_avg:2439.10ms
step:1237/3350 train_time:3017.841s step_avg:2439.64ms
step:1238/3350 train_time:3019.676s step_avg:2439.16ms
step:1239/3350 train_time:3022.786s step_avg:2439.70ms
step:1240/3350 train_time:3024.623s step_avg:2439.21ms
step:1241/3350 train_time:3027.733s step_avg:2439.75ms
step:1242/3350 train_time:3029.571s step_avg:2439.27ms
step:1243/3350 train_time:3032.683s step_avg:2439.81ms
step:1244/3350 train_time:3034.517s step_avg:2439.32ms
step:1245/3350 train_time:3037.633s step_avg:2439.87ms
step:1246/3350 train_time:3039.468s step_avg:2439.38ms
step:1247/3350 train_time:3042.580s step_avg:2439.92ms
step:1248/3350 train_time:3044.414s step_avg:2439.43ms
step:1249/3350 train_time:3047.528s step_avg:2439.97ms
step:1250/3350 train_time:3049.724s step_avg:2439.78ms
step:1250/3350 val_loss:3.55630 train_time:3049.724s step_avg:2481.31ms
step:1251/3350 train_time:3052.834s step_avg:2440.31ms
step:1252/3350 train_time:3054.669s step_avg:2439.83ms
step:1253/3350 train_time:3057.779s step_avg:2440.37ms
step:1254/3350 train_time:3059.615s step_avg:2439.88ms
step:1255/3350 train_time:3062.732s step_avg:2440.42ms
step:1256/3350 train_time:3064.569s step_avg:2439.94ms
step:1257/3350 train_time:3067.679s step_avg:2440.48ms
step:1258/3350 train_time:3069.513s step_avg:2439.99ms
step:1259/3350 train_time:3072.622s step_avg:2440.53ms
step:1260/3350 train_time:3074.458s step_avg:2440.05ms
step:1261/3350 train_time:3077.568s step_avg:2440.58ms
step:1262/3350 train_time:3079.403s step_avg:2440.10ms
step:1263/3350 train_time:3082.517s step_avg:2440.63ms
step:1264/3350 train_time:3084.351s step_avg:2440.15ms
step:1265/3350 train_time:3087.465s step_avg:2440.68ms
step:1266/3350 train_time:3089.305s step_avg:2440.21ms
step:1267/3350 train_time:3092.423s step_avg:2440.74ms
step:1268/3350 train_time:3094.256s step_avg:2440.27ms
step:1269/3350 train_time:3097.372s step_avg:2440.80ms
step:1270/3350 train_time:3099.206s step_avg:2440.32ms
step:1271/3350 train_time:3102.318s step_avg:2440.85ms
step:1272/3350 train_time:3104.155s step_avg:2440.37ms
step:1273/3350 train_time:3107.269s step_avg:2440.90ms
step:1274/3350 train_time:3109.104s step_avg:2440.43ms
step:1275/3350 train_time:3112.509s step_avg:2441.18ms
step:1276/3350 train_time:3114.344s step_avg:2440.71ms
step:1277/3350 train_time:3117.456s step_avg:2441.23ms
step:1278/3350 train_time:3119.291s step_avg:2440.76ms
step:1279/3350 train_time:3122.401s step_avg:2441.28ms
step:1280/3350 train_time:3124.236s step_avg:2440.81ms
step:1281/3350 train_time:3127.346s step_avg:2441.33ms
step:1282/3350 train_time:3129.182s step_avg:2440.86ms
step:1283/3350 train_time:3132.294s step_avg:2441.38ms
step:1284/3350 train_time:3134.132s step_avg:2440.91ms
step:1285/3350 train_time:3137.250s step_avg:2441.44ms
step:1286/3350 train_time:3139.083s step_avg:2440.97ms
step:1287/3350 train_time:3142.194s step_avg:2441.49ms
step:1288/3350 train_time:3144.028s step_avg:2441.02ms
step:1289/3350 train_time:3147.138s step_avg:2441.53ms
step:1290/3350 train_time:3148.975s step_avg:2441.07ms
step:1291/3350 train_time:3152.088s step_avg:2441.59ms
step:1292/3350 train_time:3153.924s step_avg:2441.12ms
step:1293/3350 train_time:3157.035s step_avg:2441.64ms
step:1294/3350 train_time:3158.870s step_avg:2441.17ms
step:1295/3350 train_time:3161.981s step_avg:2441.68ms
step:1296/3350 train_time:3163.812s step_avg:2441.21ms
step:1297/3350 train_time:3166.924s step_avg:2441.73ms
step:1298/3350 train_time:3168.756s step_avg:2441.26ms
step:1299/3350 train_time:3171.867s step_avg:2441.78ms
step:1300/3350 train_time:3174.007s step_avg:2441.54ms
step:1301/3350 train_time:3177.116s step_avg:2442.06ms
step:1302/3350 train_time:3178.950s step_avg:2441.59ms
step:1303/3350 train_time:3182.059s step_avg:2442.10ms
step:1304/3350 train_time:3183.898s step_avg:2441.64ms
step:1305/3350 train_time:3187.011s step_avg:2442.15ms
step:1306/3350 train_time:3188.847s step_avg:2441.69ms
step:1307/3350 train_time:3191.960s step_avg:2442.20ms
step:1308/3350 train_time:3193.797s step_avg:2441.74ms
step:1309/3350 train_time:3196.907s step_avg:2442.25ms
step:1310/3350 train_time:3198.740s step_avg:2441.79ms
step:1311/3350 train_time:3201.858s step_avg:2442.30ms
step:1312/3350 train_time:3203.698s step_avg:2441.84ms
step:1313/3350 train_time:3206.809s step_avg:2442.35ms
step:1314/3350 train_time:3208.644s step_avg:2441.89ms
step:1315/3350 train_time:3211.753s step_avg:2442.40ms
step:1316/3350 train_time:3213.586s step_avg:2441.93ms
step:1317/3350 train_time:3216.699s step_avg:2442.44ms
step:1318/3350 train_time:3218.535s step_avg:2441.98ms
step:1319/3350 train_time:3221.646s step_avg:2442.49ms
step:1320/3350 train_time:3223.480s step_avg:2442.03ms
step:1321/3350 train_time:3226.587s step_avg:2442.53ms
step:1322/3350 train_time:3228.420s step_avg:2442.07ms
step:1323/3350 train_time:3231.532s step_avg:2442.58ms
step:1324/3350 train_time:3233.370s step_avg:2442.12ms
step:1325/3350 train_time:3236.767s step_avg:2442.84ms
step:1326/3350 train_time:3238.601s step_avg:2442.38ms
step:1327/3350 train_time:3241.712s step_avg:2442.89ms
step:1328/3350 train_time:3243.546s step_avg:2442.43ms
step:1329/3350 train_time:3246.656s step_avg:2442.93ms
step:1330/3350 train_time:3248.491s step_avg:2442.47ms
step:1331/3350 train_time:3251.636s step_avg:2443.00ms
step:1332/3350 train_time:3253.475s step_avg:2442.55ms
step:1333/3350 train_time:3256.586s step_avg:2443.05ms
step:1334/3350 train_time:3258.419s step_avg:2442.59ms
step:1335/3350 train_time:3261.526s step_avg:2443.09ms
step:1336/3350 train_time:3263.357s step_avg:2442.63ms
step:1337/3350 train_time:3266.466s step_avg:2443.13ms
step:1338/3350 train_time:3268.301s step_avg:2442.68ms
step:1339/3350 train_time:3271.416s step_avg:2443.18ms
step:1340/3350 train_time:3273.248s step_avg:2442.72ms
step:1341/3350 train_time:3276.362s step_avg:2443.22ms
step:1342/3350 train_time:3278.199s step_avg:2442.77ms
step:1343/3350 train_time:3281.315s step_avg:2443.27ms
step:1344/3350 train_time:3283.151s step_avg:2442.82ms
step:1345/3350 train_time:3286.261s step_avg:2443.32ms
step:1346/3350 train_time:3288.097s step_avg:2442.87ms
step:1347/3350 train_time:3291.207s step_avg:2443.36ms
step:1348/3350 train_time:3293.041s step_avg:2442.91ms
step:1349/3350 train_time:3296.149s step_avg:2443.40ms
step:1350/3350 train_time:3298.283s step_avg:2443.17ms
step:1351/3350 train_time:3301.388s step_avg:2443.66ms
step:1352/3350 train_time:3303.224s step_avg:2443.21ms
step:1353/3350 train_time:3306.333s step_avg:2443.71ms
step:1354/3350 train_time:3308.167s step_avg:2443.25ms
step:1355/3350 train_time:3311.287s step_avg:2443.75ms
step:1356/3350 train_time:3313.122s step_avg:2443.31ms
step:1357/3350 train_time:3316.230s step_avg:2443.79ms
step:1358/3350 train_time:3318.066s step_avg:2443.35ms
step:1359/3350 train_time:3321.175s step_avg:2443.84ms
step:1360/3350 train_time:3323.008s step_avg:2443.39ms
step:1361/3350 train_time:3326.118s step_avg:2443.88ms
step:1362/3350 train_time:3327.951s step_avg:2443.43ms
step:1363/3350 train_time:3331.066s step_avg:2443.92ms
step:1364/3350 train_time:3332.904s step_avg:2443.48ms
step:1365/3350 train_time:3336.016s step_avg:2443.97ms
step:1366/3350 train_time:3337.851s step_avg:2443.52ms
step:1367/3350 train_time:3340.965s step_avg:2444.01ms
step:1368/3350 train_time:3342.799s step_avg:2443.57ms
step:1369/3350 train_time:3345.918s step_avg:2444.06ms
step:1370/3350 train_time:3347.752s step_avg:2443.61ms
step:1371/3350 train_time:3350.865s step_avg:2444.10ms
step:1372/3350 train_time:3352.700s step_avg:2443.66ms
step:1373/3350 train_time:3355.812s step_avg:2444.15ms
step:1374/3350 train_time:3357.646s step_avg:2443.70ms
step:1375/3350 train_time:3361.106s step_avg:2444.44ms
step:1375/3350 val_loss:3.53200 train_time:3361.107s step_avg:2491.06ms
step:1376/3350 train_time:3362.948s step_avg:2444.00ms
step:1377/3350 train_time:3366.063s step_avg:2444.49ms
step:1378/3350 train_time:3367.897s step_avg:2444.05ms
step:1379/3350 train_time:3371.004s step_avg:2444.53ms
step:1380/3350 train_time:3372.841s step_avg:2444.09ms
step:1381/3350 train_time:3375.950s step_avg:2444.57ms
step:1382/3350 train_time:3377.785s step_avg:2444.13ms
step:1383/3350 train_time:3380.900s step_avg:2444.61ms
step:1384/3350 train_time:3382.735s step_avg:2444.17ms
step:1385/3350 train_time:3385.845s step_avg:2444.65ms
step:1386/3350 train_time:3387.677s step_avg:2444.21ms
step:1387/3350 train_time:3390.786s step_avg:2444.69ms
step:1388/3350 train_time:3392.621s step_avg:2444.25ms
step:1389/3350 train_time:3395.728s step_avg:2444.73ms
step:1390/3350 train_time:3397.563s step_avg:2444.29ms
step:1391/3350 train_time:3400.674s step_avg:2444.77ms
step:1392/3350 train_time:3402.507s step_avg:2444.33ms
step:1393/3350 train_time:3405.618s step_avg:2444.81ms
step:1394/3350 train_time:3407.453s step_avg:2444.37ms
step:1395/3350 train_time:3410.563s step_avg:2444.85ms
step:1396/3350 train_time:3412.397s step_avg:2444.41ms
step:1397/3350 train_time:3415.506s step_avg:2444.89ms
step:1398/3350 train_time:3417.341s step_avg:2444.45ms
step:1399/3350 train_time:3420.452s step_avg:2444.93ms
step:1400/3350 train_time:3422.592s step_avg:2444.71ms
step:1401/3350 train_time:3425.697s step_avg:2445.18ms
step:1402/3350 train_time:3427.530s step_avg:2444.74ms
step:1403/3350 train_time:3430.644s step_avg:2445.22ms
step:1404/3350 train_time:3432.479s step_avg:2444.79ms
step:1405/3350 train_time:3435.586s step_avg:2445.26ms
step:1406/3350 train_time:3437.421s step_avg:2444.82ms
step:1407/3350 train_time:3440.532s step_avg:2445.30ms
step:1408/3350 train_time:3442.371s step_avg:2444.87ms
step:1409/3350 train_time:3445.482s step_avg:2445.34ms
step:1410/3350 train_time:3447.315s step_avg:2444.90ms
step:1411/3350 train_time:3450.425s step_avg:2445.38ms
step:1412/3350 train_time:3452.260s step_avg:2444.94ms
step:1413/3350 train_time:3455.367s step_avg:2445.41ms
step:1414/3350 train_time:3457.200s step_avg:2444.98ms
step:1415/3350 train_time:3460.309s step_avg:2445.45ms
step:1416/3350 train_time:3462.147s step_avg:2445.02ms
step:1417/3350 train_time:3465.256s step_avg:2445.49ms
step:1418/3350 train_time:3467.091s step_avg:2445.06ms
step:1419/3350 train_time:3470.199s step_avg:2445.52ms
step:1420/3350 train_time:3472.033s step_avg:2445.09ms
step:1421/3350 train_time:3475.146s step_avg:2445.56ms
step:1422/3350 train_time:3476.983s step_avg:2445.14ms
step:1423/3350 train_time:3480.095s step_avg:2445.60ms
step:1424/3350 train_time:3481.927s step_avg:2445.17ms
step:1425/3350 train_time:3485.320s step_avg:2445.84ms
step:1426/3350 train_time:3487.155s step_avg:2445.41ms
step:1427/3350 train_time:3490.266s step_avg:2445.88ms
step:1428/3350 train_time:3492.103s step_avg:2445.45ms
step:1429/3350 train_time:3495.220s step_avg:2445.92ms
step:1430/3350 train_time:3497.056s step_avg:2445.49ms
step:1431/3350 train_time:3500.166s step_avg:2445.96ms
step:1432/3350 train_time:3502.000s step_avg:2445.53ms
step:1433/3350 train_time:3505.111s step_avg:2446.00ms
step:1434/3350 train_time:3506.946s step_avg:2445.57ms
step:1435/3350 train_time:3510.056s step_avg:2446.03ms
step:1436/3350 train_time:3511.892s step_avg:2445.61ms
step:1437/3350 train_time:3515.008s step_avg:2446.07ms
step:1438/3350 train_time:3516.843s step_avg:2445.65ms
step:1439/3350 train_time:3519.955s step_avg:2446.11ms
step:1440/3350 train_time:3521.788s step_avg:2445.69ms
step:1441/3350 train_time:3524.897s step_avg:2446.15ms
step:1442/3350 train_time:3526.731s step_avg:2445.72ms
step:1443/3350 train_time:3529.845s step_avg:2446.18ms
step:1444/3350 train_time:3531.681s step_avg:2445.76ms
step:1445/3350 train_time:3534.793s step_avg:2446.22ms
step:1446/3350 train_time:3536.627s step_avg:2445.80ms
step:1447/3350 train_time:3539.738s step_avg:2446.26ms
step:1448/3350 train_time:3541.572s step_avg:2445.84ms
step:1449/3350 train_time:3544.679s step_avg:2446.29ms
step:1450/3350 train_time:3546.807s step_avg:2446.07ms
step:1451/3350 train_time:3549.911s step_avg:2446.53ms
step:1452/3350 train_time:3551.747s step_avg:2446.11ms
step:1453/3350 train_time:3554.855s step_avg:2446.56ms
step:1454/3350 train_time:3556.689s step_avg:2446.14ms
step:1455/3350 train_time:3559.802s step_avg:2446.60ms
step:1456/3350 train_time:3561.638s step_avg:2446.18ms
step:1457/3350 train_time:3564.751s step_avg:2446.64ms
step:1458/3350 train_time:3566.584s step_avg:2446.22ms
step:1459/3350 train_time:3569.693s step_avg:2446.67ms
step:1460/3350 train_time:3571.527s step_avg:2446.25ms
step:1461/3350 train_time:3574.637s step_avg:2446.71ms
step:1462/3350 train_time:3576.470s step_avg:2446.29ms
step:1463/3350 train_time:3579.582s step_avg:2446.74ms
step:1464/3350 train_time:3581.415s step_avg:2446.32ms
step:1465/3350 train_time:3584.527s step_avg:2446.78ms
step:1466/3350 train_time:3586.361s step_avg:2446.36ms
step:1467/3350 train_time:3589.468s step_avg:2446.81ms
step:1468/3350 train_time:3591.305s step_avg:2446.39ms
step:1469/3350 train_time:3594.415s step_avg:2446.85ms
step:1470/3350 train_time:3596.250s step_avg:2446.43ms
step:1471/3350 train_time:3599.362s step_avg:2446.88ms
step:1472/3350 train_time:3601.195s step_avg:2446.46ms
step:1473/3350 train_time:3604.306s step_avg:2446.91ms
step:1474/3350 train_time:3606.139s step_avg:2446.50ms
step:1475/3350 train_time:3609.534s step_avg:2447.14ms
step:1476/3350 train_time:3611.365s step_avg:2446.72ms
step:1477/3350 train_time:3614.474s step_avg:2447.17ms
step:1478/3350 train_time:3616.308s step_avg:2446.76ms
step:1479/3350 train_time:3619.424s step_avg:2447.21ms
step:1480/3350 train_time:3621.257s step_avg:2446.80ms
step:1481/3350 train_time:3624.368s step_avg:2447.24ms
step:1482/3350 train_time:3626.203s step_avg:2446.83ms
step:1483/3350 train_time:3629.312s step_avg:2447.28ms
step:1484/3350 train_time:3631.149s step_avg:2446.87ms
step:1485/3350 train_time:3634.257s step_avg:2447.31ms
step:1486/3350 train_time:3636.092s step_avg:2446.90ms
step:1487/3350 train_time:3639.199s step_avg:2447.34ms
step:1488/3350 train_time:3641.034s step_avg:2446.93ms
step:1489/3350 train_time:3644.145s step_avg:2447.38ms
step:1490/3350 train_time:3645.978s step_avg:2446.97ms
step:1491/3350 train_time:3649.085s step_avg:2447.41ms
step:1492/3350 train_time:3650.917s step_avg:2447.00ms
step:1493/3350 train_time:3654.029s step_avg:2447.44ms
step:1494/3350 train_time:3655.863s step_avg:2447.03ms
step:1495/3350 train_time:3658.972s step_avg:2447.47ms
step:1496/3350 train_time:3660.806s step_avg:2447.06ms
step:1497/3350 train_time:3663.917s step_avg:2447.51ms
step:1498/3350 train_time:3665.756s step_avg:2447.10ms
step:1499/3350 train_time:3668.866s step_avg:2447.54ms
step:1500/3350 train_time:3671.076s step_avg:2447.38ms
step:1500/3350 val_loss:3.50404 train_time:3671.076s step_avg:2479.75ms
step:1501/3350 train_time:3674.182s step_avg:2447.82ms
step:1502/3350 train_time:3676.020s step_avg:2447.42ms
step:1503/3350 train_time:3679.130s step_avg:2447.86ms
step:1504/3350 train_time:3680.967s step_avg:2447.45ms
step:1505/3350 train_time:3684.077s step_avg:2447.89ms
step:1506/3350 train_time:3685.912s step_avg:2447.48ms
step:1507/3350 train_time:3689.024s step_avg:2447.93ms
step:1508/3350 train_time:3690.859s step_avg:2447.52ms
step:1509/3350 train_time:3693.965s step_avg:2447.96ms
step:1510/3350 train_time:3695.801s step_avg:2447.55ms
step:1511/3350 train_time:3698.910s step_avg:2447.99ms
step:1512/3350 train_time:3700.745s step_avg:2447.58ms
step:1513/3350 train_time:3703.852s step_avg:2448.02ms
step:1514/3350 train_time:3705.688s step_avg:2447.61ms
step:1515/3350 train_time:3708.799s step_avg:2448.05ms
step:1516/3350 train_time:3710.636s step_avg:2447.65ms
step:1517/3350 train_time:3713.748s step_avg:2448.09ms
step:1518/3350 train_time:3715.587s step_avg:2447.69ms
step:1519/3350 train_time:3718.697s step_avg:2448.12ms
step:1520/3350 train_time:3720.529s step_avg:2447.72ms
step:1521/3350 train_time:3723.673s step_avg:2448.17ms
step:1522/3350 train_time:3725.508s step_avg:2447.77ms
step:1523/3350 train_time:3728.624s step_avg:2448.21ms
step:1524/3350 train_time:3730.460s step_avg:2447.81ms
step:1525/3350 train_time:3733.853s step_avg:2448.43ms
step:1526/3350 train_time:3735.685s step_avg:2448.02ms
step:1527/3350 train_time:3738.794s step_avg:2448.46ms
step:1528/3350 train_time:3740.634s step_avg:2448.06ms
step:1529/3350 train_time:3743.744s step_avg:2448.49ms
step:1530/3350 train_time:3745.581s step_avg:2448.09ms
step:1531/3350 train_time:3748.686s step_avg:2448.52ms
step:1532/3350 train_time:3750.523s step_avg:2448.12ms
step:1533/3350 train_time:3753.631s step_avg:2448.55ms
step:1534/3350 train_time:3755.466s step_avg:2448.15ms
step:1535/3350 train_time:3758.572s step_avg:2448.58ms
step:1536/3350 train_time:3760.406s step_avg:2448.18ms
step:1537/3350 train_time:3763.513s step_avg:2448.61ms
step:1538/3350 train_time:3765.347s step_avg:2448.21ms
step:1539/3350 train_time:3768.457s step_avg:2448.64ms
step:1540/3350 train_time:3770.292s step_avg:2448.24ms
step:1541/3350 train_time:3773.400s step_avg:2448.67ms
step:1542/3350 train_time:3775.236s step_avg:2448.27ms
step:1543/3350 train_time:3778.347s step_avg:2448.70ms
step:1544/3350 train_time:3780.183s step_avg:2448.30ms
step:1545/3350 train_time:3783.293s step_avg:2448.73ms
step:1546/3350 train_time:3785.127s step_avg:2448.34ms
step:1547/3350 train_time:3788.241s step_avg:2448.77ms
step:1548/3350 train_time:3790.079s step_avg:2448.37ms
step:1549/3350 train_time:3793.189s step_avg:2448.80ms
step:1550/3350 train_time:3795.324s step_avg:2448.60ms
step:1551/3350 train_time:3798.428s step_avg:2449.02ms
step:1552/3350 train_time:3800.265s step_avg:2448.62ms
step:1553/3350 train_time:3803.375s step_avg:2449.05ms
step:1554/3350 train_time:3805.214s step_avg:2448.66ms
step:1555/3350 train_time:3808.323s step_avg:2449.08ms
step:1556/3350 train_time:3810.160s step_avg:2448.69ms
step:1557/3350 train_time:3813.271s step_avg:2449.11ms
step:1558/3350 train_time:3815.107s step_avg:2448.72ms
step:1559/3350 train_time:3818.219s step_avg:2449.15ms
step:1560/3350 train_time:3820.054s step_avg:2448.75ms
step:1561/3350 train_time:3823.164s step_avg:2449.18ms
step:1562/3350 train_time:3825.006s step_avg:2448.79ms
step:1563/3350 train_time:3828.117s step_avg:2449.21ms
step:1564/3350 train_time:3829.952s step_avg:2448.82ms
step:1565/3350 train_time:3833.067s step_avg:2449.24ms
step:1566/3350 train_time:3834.902s step_avg:2448.85ms
step:1567/3350 train_time:3838.014s step_avg:2449.28ms
step:1568/3350 train_time:3839.849s step_avg:2448.88ms
step:1569/3350 train_time:3842.959s step_avg:2449.30ms
step:1570/3350 train_time:3844.794s step_avg:2448.91ms
step:1571/3350 train_time:3847.906s step_avg:2449.34ms
step:1572/3350 train_time:3849.740s step_avg:2448.94ms
step:1573/3350 train_time:3852.849s step_avg:2449.36ms
step:1574/3350 train_time:3854.684s step_avg:2448.97ms
step:1575/3350 train_time:3858.084s step_avg:2449.58ms
step:1576/3350 train_time:3859.916s step_avg:2449.19ms
step:1577/3350 train_time:3863.024s step_avg:2449.60ms
step:1578/3350 train_time:3864.859s step_avg:2449.21ms
step:1579/3350 train_time:3867.966s step_avg:2449.63ms
step:1580/3350 train_time:3869.802s step_avg:2449.24ms
step:1581/3350 train_time:3872.913s step_avg:2449.66ms
step:1582/3350 train_time:3874.746s step_avg:2449.27ms
step:1583/3350 train_time:3877.859s step_avg:2449.69ms
step:1584/3350 train_time:3879.693s step_avg:2449.30ms
step:1585/3350 train_time:3882.802s step_avg:2449.72ms
step:1586/3350 train_time:3884.635s step_avg:2449.33ms
step:1587/3350 train_time:3887.752s step_avg:2449.75ms
step:1588/3350 train_time:3889.591s step_avg:2449.36ms
step:1589/3350 train_time:3892.701s step_avg:2449.78ms
step:1590/3350 train_time:3894.536s step_avg:2449.39ms
step:1591/3350 train_time:3897.641s step_avg:2449.81ms
step:1592/3350 train_time:3899.472s step_avg:2449.42ms
step:1593/3350 train_time:3902.584s step_avg:2449.83ms
step:1594/3350 train_time:3904.420s step_avg:2449.45ms
step:1595/3350 train_time:3907.527s step_avg:2449.86ms
step:1596/3350 train_time:3909.362s step_avg:2449.47ms
step:1597/3350 train_time:3912.471s step_avg:2449.89ms
step:1598/3350 train_time:3914.305s step_avg:2449.50ms
step:1599/3350 train_time:3917.415s step_avg:2449.92ms
step:1600/3350 train_time:3919.552s step_avg:2449.72ms
step:1601/3350 train_time:3922.663s step_avg:2450.13ms
step:1602/3350 train_time:3924.499s step_avg:2449.75ms
step:1603/3350 train_time:3927.609s step_avg:2450.16ms
step:1604/3350 train_time:3929.447s step_avg:2449.78ms
step:1605/3350 train_time:3932.553s step_avg:2450.19ms
step:1606/3350 train_time:3934.388s step_avg:2449.81ms
step:1607/3350 train_time:3937.501s step_avg:2450.22ms
step:1608/3350 train_time:3939.342s step_avg:2449.84ms
step:1609/3350 train_time:3942.450s step_avg:2450.25ms
step:1610/3350 train_time:3944.286s step_avg:2449.87ms
step:1611/3350 train_time:3947.401s step_avg:2450.28ms
step:1612/3350 train_time:3949.239s step_avg:2449.90ms
step:1613/3350 train_time:3952.348s step_avg:2450.31ms
step:1614/3350 train_time:3954.185s step_avg:2449.93ms
step:1615/3350 train_time:3957.295s step_avg:2450.34ms
step:1616/3350 train_time:3959.130s step_avg:2449.96ms
step:1617/3350 train_time:3962.237s step_avg:2450.36ms
step:1618/3350 train_time:3964.073s step_avg:2449.98ms
step:1619/3350 train_time:3967.181s step_avg:2450.39ms
step:1620/3350 train_time:3969.016s step_avg:2450.01ms
step:1621/3350 train_time:3972.124s step_avg:2450.42ms
step:1622/3350 train_time:3973.961s step_avg:2450.04ms
step:1623/3350 train_time:3977.074s step_avg:2450.45ms
step:1624/3350 train_time:3978.909s step_avg:2450.07ms
step:1625/3350 train_time:3982.371s step_avg:2450.69ms
step:1625/3350 val_loss:3.48571 train_time:3982.371s step_avg:2490.36ms
step:1626/3350 train_time:3984.208s step_avg:2450.31ms
step:1627/3350 train_time:3987.316s step_avg:2450.72ms
step:1628/3350 train_time:3989.153s step_avg:2450.34ms
step:1629/3350 train_time:3992.258s step_avg:2450.74ms
step:1630/3350 train_time:3994.094s step_avg:2450.36ms
step:1631/3350 train_time:3997.204s step_avg:2450.77ms
step:1632/3350 train_time:3999.039s step_avg:2450.39ms
step:1633/3350 train_time:4002.149s step_avg:2450.80ms
step:1634/3350 train_time:4003.990s step_avg:2450.42ms
step:1635/3350 train_time:4007.102s step_avg:2450.83ms
step:1636/3350 train_time:4008.937s step_avg:2450.45ms
step:1637/3350 train_time:4012.044s step_avg:2450.85ms
step:1638/3350 train_time:4013.881s step_avg:2450.48ms
step:1639/3350 train_time:4016.990s step_avg:2450.88ms
step:1640/3350 train_time:4018.827s step_avg:2450.50ms
step:1641/3350 train_time:4021.939s step_avg:2450.91ms
step:1642/3350 train_time:4023.772s step_avg:2450.53ms
step:1643/3350 train_time:4026.886s step_avg:2450.93ms
step:1644/3350 train_time:4028.719s step_avg:2450.56ms
step:1645/3350 train_time:4031.830s step_avg:2450.96ms
step:1646/3350 train_time:4033.667s step_avg:2450.59ms
step:1647/3350 train_time:4036.775s step_avg:2450.99ms
step:1648/3350 train_time:4038.613s step_avg:2450.61ms
step:1649/3350 train_time:4041.720s step_avg:2451.01ms
step:1650/3350 train_time:4043.846s step_avg:2450.82ms
step:1651/3350 train_time:4046.950s step_avg:2451.21ms
step:1652/3350 train_time:4048.785s step_avg:2450.84ms
step:1653/3350 train_time:4051.899s step_avg:2451.24ms
step:1654/3350 train_time:4053.735s step_avg:2450.87ms
step:1655/3350 train_time:4056.845s step_avg:2451.27ms
step:1656/3350 train_time:4058.679s step_avg:2450.89ms
step:1657/3350 train_time:4061.787s step_avg:2451.29ms
step:1658/3350 train_time:4063.620s step_avg:2450.92ms
step:1659/3350 train_time:4066.727s step_avg:2451.31ms
step:1660/3350 train_time:4068.563s step_avg:2450.94ms
step:1661/3350 train_time:4071.673s step_avg:2451.34ms
step:1662/3350 train_time:4073.507s step_avg:2450.97ms
step:1663/3350 train_time:4076.614s step_avg:2451.36ms
step:1664/3350 train_time:4078.451s step_avg:2450.99ms
step:1665/3350 train_time:4081.560s step_avg:2451.39ms
step:1666/3350 train_time:4083.395s step_avg:2451.02ms
step:1667/3350 train_time:4086.505s step_avg:2451.41ms
step:1668/3350 train_time:4088.340s step_avg:2451.04ms
step:1669/3350 train_time:4091.445s step_avg:2451.44ms
step:1670/3350 train_time:4093.280s step_avg:2451.07ms
step:1671/3350 train_time:4096.390s step_avg:2451.46ms
step:1672/3350 train_time:4098.229s step_avg:2451.09ms
step:1673/3350 train_time:4101.337s step_avg:2451.49ms
step:1674/3350 train_time:4103.170s step_avg:2451.12ms
step:1675/3350 train_time:4106.571s step_avg:2451.68ms
step:1676/3350 train_time:4108.407s step_avg:2451.32ms
step:1677/3350 train_time:4111.521s step_avg:2451.71ms
step:1678/3350 train_time:4113.355s step_avg:2451.34ms
step:1679/3350 train_time:4116.464s step_avg:2451.74ms
step:1680/3350 train_time:4118.303s step_avg:2451.37ms
step:1681/3350 train_time:4121.405s step_avg:2451.76ms
step:1682/3350 train_time:4123.239s step_avg:2451.39ms
step:1683/3350 train_time:4126.349s step_avg:2451.78ms
step:1684/3350 train_time:4128.179s step_avg:2451.41ms
step:1685/3350 train_time:4131.290s step_avg:2451.80ms
step:1686/3350 train_time:4133.126s step_avg:2451.44ms
step:1687/3350 train_time:4136.236s step_avg:2451.83ms
step:1688/3350 train_time:4138.075s step_avg:2451.47ms
step:1689/3350 train_time:4141.180s step_avg:2451.85ms
step:1690/3350 train_time:4143.017s step_avg:2451.49ms
step:1691/3350 train_time:4146.123s step_avg:2451.88ms
step:1692/3350 train_time:4147.960s step_avg:2451.51ms
step:1693/3350 train_time:4151.070s step_avg:2451.90ms
step:1694/3350 train_time:4152.904s step_avg:2451.54ms
step:1695/3350 train_time:4156.015s step_avg:2451.93ms
step:1696/3350 train_time:4157.853s step_avg:2451.56ms
step:1697/3350 train_time:4160.960s step_avg:2451.95ms
step:1698/3350 train_time:4162.793s step_avg:2451.59ms
step:1699/3350 train_time:4165.901s step_avg:2451.97ms
step:1700/3350 train_time:4168.040s step_avg:2451.79ms
step:1701/3350 train_time:4171.144s step_avg:2452.17ms
step:1702/3350 train_time:4172.979s step_avg:2451.81ms
step:1703/3350 train_time:4176.086s step_avg:2452.19ms
step:1704/3350 train_time:4177.919s step_avg:2451.83ms
step:1705/3350 train_time:4181.026s step_avg:2452.21ms
step:1706/3350 train_time:4182.860s step_avg:2451.85ms
step:1707/3350 train_time:4185.969s step_avg:2452.24ms
step:1708/3350 train_time:4187.801s step_avg:2451.87ms
step:1709/3350 train_time:4190.910s step_avg:2452.26ms
step:1710/3350 train_time:4192.744s step_avg:2451.90ms
step:1711/3350 train_time:4195.882s step_avg:2452.30ms
step:1712/3350 train_time:4197.718s step_avg:2451.94ms
step:1713/3350 train_time:4200.825s step_avg:2452.32ms
step:1714/3350 train_time:4202.659s step_avg:2451.96ms
step:1715/3350 train_time:4205.764s step_avg:2452.34ms
step:1716/3350 train_time:4207.597s step_avg:2451.98ms
step:1717/3350 train_time:4210.703s step_avg:2452.36ms
step:1718/3350 train_time:4212.534s step_avg:2452.00ms
step:1719/3350 train_time:4215.644s step_avg:2452.38ms
step:1720/3350 train_time:4217.481s step_avg:2452.02ms
step:1721/3350 train_time:4220.594s step_avg:2452.41ms
step:1722/3350 train_time:4222.427s step_avg:2452.05ms
step:1723/3350 train_time:4225.536s step_avg:2452.43ms
step:1724/3350 train_time:4227.368s step_avg:2452.07ms
step:1725/3350 train_time:4230.767s step_avg:2452.62ms
step:1726/3350 train_time:4232.603s step_avg:2452.26ms
step:1727/3350 train_time:4235.707s step_avg:2452.64ms
step:1728/3350 train_time:4237.542s step_avg:2452.28ms
step:1729/3350 train_time:4240.650s step_avg:2452.66ms
step:1730/3350 train_time:4242.483s step_avg:2452.30ms
step:1731/3350 train_time:4245.589s step_avg:2452.68ms
step:1732/3350 train_time:4247.422s step_avg:2452.32ms
step:1733/3350 train_time:4250.533s step_avg:2452.70ms
step:1734/3350 train_time:4252.366s step_avg:2452.34ms
step:1735/3350 train_time:4255.472s step_avg:2452.72ms
step:1736/3350 train_time:4257.304s step_avg:2452.36ms
step:1737/3350 train_time:4260.419s step_avg:2452.75ms
step:1738/3350 train_time:4262.254s step_avg:2452.39ms
step:1739/3350 train_time:4265.363s step_avg:2452.77ms
step:1740/3350 train_time:4267.199s step_avg:2452.41ms
step:1741/3350 train_time:4270.312s step_avg:2452.79ms
step:1742/3350 train_time:4272.146s step_avg:2452.44ms
step:1743/3350 train_time:4275.256s step_avg:2452.81ms
step:1744/3350 train_time:4277.093s step_avg:2452.46ms
step:1745/3350 train_time:4280.202s step_avg:2452.84ms
step:1746/3350 train_time:4282.041s step_avg:2452.49ms
step:1747/3350 train_time:4285.151s step_avg:2452.86ms
step:1748/3350 train_time:4286.987s step_avg:2452.51ms
step:1749/3350 train_time:4290.098s step_avg:2452.89ms
step:1750/3350 train_time:4292.292s step_avg:2452.74ms
step:1750/3350 val_loss:3.46495 train_time:4292.293s step_avg:2479.37ms
step:1751/3350 train_time:4295.396s step_avg:2453.11ms
step:1752/3350 train_time:4297.235s step_avg:2452.76ms
step:1753/3350 train_time:4300.345s step_avg:2453.13ms
step:1754/3350 train_time:4302.180s step_avg:2452.78ms
step:1755/3350 train_time:4305.286s step_avg:2453.15ms
step:1756/3350 train_time:4307.123s step_avg:2452.80ms
step:1757/3350 train_time:4310.230s step_avg:2453.18ms
step:1758/3350 train_time:4312.066s step_avg:2452.82ms
step:1759/3350 train_time:4315.174s step_avg:2453.20ms
step:1760/3350 train_time:4317.009s step_avg:2452.85ms
step:1761/3350 train_time:4320.115s step_avg:2453.22ms
step:1762/3350 train_time:4321.952s step_avg:2452.87ms
step:1763/3350 train_time:4325.059s step_avg:2453.24ms
step:1764/3350 train_time:4326.898s step_avg:2452.89ms
step:1765/3350 train_time:4330.007s step_avg:2453.26ms
step:1766/3350 train_time:4331.842s step_avg:2452.91ms
step:1767/3350 train_time:4334.948s step_avg:2453.28ms
step:1768/3350 train_time:4336.783s step_avg:2452.93ms
step:1769/3350 train_time:4339.894s step_avg:2453.30ms
step:1770/3350 train_time:4341.732s step_avg:2452.96ms
step:1771/3350 train_time:4344.842s step_avg:2453.33ms
step:1772/3350 train_time:4346.677s step_avg:2452.98ms
step:1773/3350 train_time:4349.785s step_avg:2453.35ms
step:1774/3350 train_time:4351.619s step_avg:2453.00ms
step:1775/3350 train_time:4355.020s step_avg:2453.53ms
step:1776/3350 train_time:4356.855s step_avg:2453.18ms
step:1777/3350 train_time:4359.966s step_avg:2453.55ms
step:1778/3350 train_time:4361.803s step_avg:2453.21ms
step:1779/3350 train_time:4364.913s step_avg:2453.58ms
step:1780/3350 train_time:4366.752s step_avg:2453.23ms
step:1781/3350 train_time:4369.861s step_avg:2453.60ms
step:1782/3350 train_time:4371.700s step_avg:2453.25ms
step:1783/3350 train_time:4374.811s step_avg:2453.62ms
step:1784/3350 train_time:4376.646s step_avg:2453.28ms
step:1785/3350 train_time:4379.753s step_avg:2453.64ms
step:1786/3350 train_time:4381.589s step_avg:2453.30ms
step:1787/3350 train_time:4384.699s step_avg:2453.66ms
step:1788/3350 train_time:4386.534s step_avg:2453.32ms
step:1789/3350 train_time:4389.646s step_avg:2453.69ms
step:1790/3350 train_time:4391.483s step_avg:2453.34ms
step:1791/3350 train_time:4394.594s step_avg:2453.71ms
step:1792/3350 train_time:4396.430s step_avg:2453.36ms
step:1793/3350 train_time:4399.540s step_avg:2453.73ms
step:1794/3350 train_time:4401.375s step_avg:2453.39ms
step:1795/3350 train_time:4404.486s step_avg:2453.75ms
step:1796/3350 train_time:4406.331s step_avg:2453.41ms
step:1797/3350 train_time:4409.442s step_avg:2453.78ms
step:1798/3350 train_time:4411.281s step_avg:2453.44ms
step:1799/3350 train_time:4414.388s step_avg:2453.80ms
step:1800/3350 train_time:4416.532s step_avg:2453.63ms
step:1801/3350 train_time:4419.639s step_avg:2453.99ms
step:1802/3350 train_time:4421.479s step_avg:2453.65ms
step:1803/3350 train_time:4424.590s step_avg:2454.02ms
step:1804/3350 train_time:4426.430s step_avg:2453.68ms
step:1805/3350 train_time:4429.539s step_avg:2454.04ms
step:1806/3350 train_time:4431.374s step_avg:2453.70ms
step:1807/3350 train_time:4434.484s step_avg:2454.06ms
step:1808/3350 train_time:4436.323s step_avg:2453.72ms
step:1809/3350 train_time:4439.437s step_avg:2454.08ms
step:1810/3350 train_time:4441.275s step_avg:2453.74ms
step:1811/3350 train_time:4444.382s step_avg:2454.10ms
step:1812/3350 train_time:4446.219s step_avg:2453.76ms
step:1813/3350 train_time:4449.327s step_avg:2454.12ms
step:1814/3350 train_time:4451.163s step_avg:2453.78ms
step:1815/3350 train_time:4454.269s step_avg:2454.14ms
step:1816/3350 train_time:4456.105s step_avg:2453.80ms
step:1817/3350 train_time:4459.215s step_avg:2454.16ms
step:1818/3350 train_time:4461.051s step_avg:2453.82ms
step:1819/3350 train_time:4464.158s step_avg:2454.18ms
step:1820/3350 train_time:4465.996s step_avg:2453.84ms
step:1821/3350 train_time:4469.103s step_avg:2454.20ms
step:1822/3350 train_time:4470.939s step_avg:2453.86ms
step:1823/3350 train_time:4474.047s step_avg:2454.22ms
step:1824/3350 train_time:4475.882s step_avg:2453.88ms
step:1825/3350 train_time:4479.283s step_avg:2454.40ms
step:1826/3350 train_time:4481.121s step_avg:2454.06ms
step:1827/3350 train_time:4484.228s step_avg:2454.42ms
step:1828/3350 train_time:4486.064s step_avg:2454.08ms
step:1829/3350 train_time:4489.176s step_avg:2454.44ms
step:1830/3350 train_time:4491.013s step_avg:2454.11ms
step:1831/3350 train_time:4494.121s step_avg:2454.46ms
step:1832/3350 train_time:4495.958s step_avg:2454.13ms
step:1833/3350 train_time:4499.069s step_avg:2454.48ms
step:1834/3350 train_time:4500.908s step_avg:2454.15ms
step:1835/3350 train_time:4504.018s step_avg:2454.51ms
step:1836/3350 train_time:4505.857s step_avg:2454.17ms
step:1837/3350 train_time:4508.965s step_avg:2454.53ms
step:1838/3350 train_time:4510.801s step_avg:2454.19ms
step:1839/3350 train_time:4513.907s step_avg:2454.54ms
step:1840/3350 train_time:4515.745s step_avg:2454.21ms
step:1841/3350 train_time:4518.854s step_avg:2454.56ms
step:1842/3350 train_time:4520.685s step_avg:2454.23ms
step:1843/3350 train_time:4523.792s step_avg:2454.58ms
step:1844/3350 train_time:4525.628s step_avg:2454.24ms
step:1845/3350 train_time:4528.735s step_avg:2454.60ms
step:1846/3350 train_time:4530.570s step_avg:2454.26ms
step:1847/3350 train_time:4533.677s step_avg:2454.62ms
step:1848/3350 train_time:4535.510s step_avg:2454.28ms
step:1849/3350 train_time:4538.620s step_avg:2454.64ms
step:1850/3350 train_time:4540.748s step_avg:2454.46ms
step:1851/3350 train_time:4543.854s step_avg:2454.81ms
step:1852/3350 train_time:4545.689s step_avg:2454.48ms
step:1853/3350 train_time:4548.797s step_avg:2454.83ms
step:1854/3350 train_time:4550.631s step_avg:2454.49ms
step:1855/3350 train_time:4553.736s step_avg:2454.84ms
step:1856/3350 train_time:4555.572s step_avg:2454.51ms
step:1857/3350 train_time:4558.678s step_avg:2454.86ms
step:1858/3350 train_time:4560.512s step_avg:2454.53ms
step:1859/3350 train_time:4563.618s step_avg:2454.88ms
step:1860/3350 train_time:4565.454s step_avg:2454.54ms
step:1861/3350 train_time:4568.562s step_avg:2454.90ms
step:1862/3350 train_time:4570.397s step_avg:2454.56ms
step:1863/3350 train_time:4573.505s step_avg:2454.91ms
step:1864/3350 train_time:4575.342s step_avg:2454.58ms
step:1865/3350 train_time:4578.452s step_avg:2454.93ms
step:1866/3350 train_time:4580.288s step_avg:2454.60ms
step:1867/3350 train_time:4583.397s step_avg:2454.95ms
step:1868/3350 train_time:4585.231s step_avg:2454.62ms
step:1869/3350 train_time:4588.344s step_avg:2454.97ms
step:1870/3350 train_time:4590.180s step_avg:2454.64ms
step:1871/3350 train_time:4593.287s step_avg:2454.99ms
step:1872/3350 train_time:4595.122s step_avg:2454.66ms
step:1873/3350 train_time:4598.231s step_avg:2455.01ms
step:1874/3350 train_time:4600.065s step_avg:2454.68ms
step:1875/3350 train_time:4603.526s step_avg:2455.21ms
step:1875/3350 val_loss:3.44613 train_time:4603.526s step_avg:2489.87ms
step:1876/3350 train_time:4605.366s step_avg:2454.89ms
step:1877/3350 train_time:4608.471s step_avg:2455.23ms
step:1878/3350 train_time:4610.305s step_avg:2454.90ms
step:1879/3350 train_time:4613.415s step_avg:2455.25ms
step:1880/3350 train_time:4615.249s step_avg:2454.92ms
step:1881/3350 train_time:4618.358s step_avg:2455.27ms
step:1882/3350 train_time:4620.192s step_avg:2454.94ms
step:1883/3350 train_time:4623.300s step_avg:2455.28ms
step:1884/3350 train_time:4625.135s step_avg:2454.95ms
step:1885/3350 train_time:4628.245s step_avg:2455.30ms
step:1886/3350 train_time:4630.081s step_avg:2454.97ms
step:1887/3350 train_time:4633.187s step_avg:2455.32ms
step:1888/3350 train_time:4635.023s step_avg:2454.99ms
step:1889/3350 train_time:4638.133s step_avg:2455.34ms
step:1890/3350 train_time:4639.968s step_avg:2455.01ms
step:1891/3350 train_time:4643.073s step_avg:2455.35ms
step:1892/3350 train_time:4644.909s step_avg:2455.03ms
step:1893/3350 train_time:4648.015s step_avg:2455.37ms
step:1894/3350 train_time:4649.850s step_avg:2455.04ms
step:1895/3350 train_time:4652.956s step_avg:2455.39ms
step:1896/3350 train_time:4654.793s step_avg:2455.06ms
step:1897/3350 train_time:4657.907s step_avg:2455.41ms
step:1898/3350 train_time:4659.745s step_avg:2455.08ms
step:1899/3350 train_time:4662.853s step_avg:2455.43ms
step:1900/3350 train_time:4664.992s step_avg:2455.26ms
step:1901/3350 train_time:4668.139s step_avg:2455.62ms
step:1902/3350 train_time:4669.974s step_avg:2455.30ms
step:1903/3350 train_time:4673.083s step_avg:2455.64ms
step:1904/3350 train_time:4674.920s step_avg:2455.32ms
step:1905/3350 train_time:4678.030s step_avg:2455.66ms
step:1906/3350 train_time:4679.863s step_avg:2455.33ms
step:1907/3350 train_time:4682.973s step_avg:2455.68ms
step:1908/3350 train_time:4684.810s step_avg:2455.35ms
step:1909/3350 train_time:4687.917s step_avg:2455.69ms
step:1910/3350 train_time:4689.754s step_avg:2455.37ms
step:1911/3350 train_time:4692.862s step_avg:2455.71ms
step:1912/3350 train_time:4694.697s step_avg:2455.39ms
step:1913/3350 train_time:4697.804s step_avg:2455.73ms
step:1914/3350 train_time:4699.638s step_avg:2455.40ms
step:1915/3350 train_time:4702.744s step_avg:2455.74ms
step:1916/3350 train_time:4704.577s step_avg:2455.42ms
step:1917/3350 train_time:4707.687s step_avg:2455.76ms
step:1918/3350 train_time:4709.521s step_avg:2455.43ms
step:1919/3350 train_time:4712.633s step_avg:2455.78ms
step:1920/3350 train_time:4714.469s step_avg:2455.45ms
step:1921/3350 train_time:4717.574s step_avg:2455.79ms
step:1922/3350 train_time:4719.407s step_avg:2455.47ms
step:1923/3350 train_time:4722.513s step_avg:2455.80ms
step:1924/3350 train_time:4724.346s step_avg:2455.48ms
step:1925/3350 train_time:4727.744s step_avg:2455.97ms
step:1926/3350 train_time:4729.579s step_avg:2455.65ms
step:1927/3350 train_time:4732.684s step_avg:2455.99ms
step:1928/3350 train_time:4734.519s step_avg:2455.66ms
step:1929/3350 train_time:4737.632s step_avg:2456.00ms
step:1930/3350 train_time:4739.466s step_avg:2455.68ms
step:1931/3350 train_time:4742.573s step_avg:2456.02ms
step:1932/3350 train_time:4744.408s step_avg:2455.70ms
step:1933/3350 train_time:4747.520s step_avg:2456.04ms
step:1934/3350 train_time:4749.355s step_avg:2455.72ms
step:1935/3350 train_time:4752.462s step_avg:2456.05ms
step:1936/3350 train_time:4754.297s step_avg:2455.73ms
step:1937/3350 train_time:4757.410s step_avg:2456.07ms
step:1938/3350 train_time:4759.244s step_avg:2455.75ms
step:1939/3350 train_time:4762.350s step_avg:2456.09ms
step:1940/3350 train_time:4764.184s step_avg:2455.76ms
step:1941/3350 train_time:4767.289s step_avg:2456.10ms
step:1942/3350 train_time:4769.123s step_avg:2455.78ms
step:1943/3350 train_time:4772.228s step_avg:2456.11ms
step:1944/3350 train_time:4774.061s step_avg:2455.79ms
step:1945/3350 train_time:4777.168s step_avg:2456.13ms
step:1946/3350 train_time:4779.001s step_avg:2455.81ms
step:1947/3350 train_time:4782.106s step_avg:2456.14ms
step:1948/3350 train_time:4783.943s step_avg:2455.82ms
step:1949/3350 train_time:4787.053s step_avg:2456.16ms
step:1950/3350 train_time:4789.177s step_avg:2455.99ms
step:1951/3350 train_time:4792.281s step_avg:2456.32ms
step:1952/3350 train_time:4794.116s step_avg:2456.00ms
step:1953/3350 train_time:4797.226s step_avg:2456.34ms
step:1954/3350 train_time:4799.060s step_avg:2456.02ms
step:1955/3350 train_time:4802.168s step_avg:2456.35ms
step:1956/3350 train_time:4804.003s step_avg:2456.03ms
step:1957/3350 train_time:4807.112s step_avg:2456.37ms
step:1958/3350 train_time:4808.948s step_avg:2456.05ms
step:1959/3350 train_time:4812.057s step_avg:2456.38ms
step:1960/3350 train_time:4813.891s step_avg:2456.07ms
step:1961/3350 train_time:4816.999s step_avg:2456.40ms
step:1962/3350 train_time:4818.834s step_avg:2456.08ms
step:1963/3350 train_time:4821.939s step_avg:2456.41ms
step:1964/3350 train_time:4823.772s step_avg:2456.10ms
step:1965/3350 train_time:4826.882s step_avg:2456.43ms
step:1966/3350 train_time:4828.716s step_avg:2456.11ms
step:1967/3350 train_time:4831.823s step_avg:2456.44ms
step:1968/3350 train_time:4833.660s step_avg:2456.13ms
step:1969/3350 train_time:4836.775s step_avg:2456.46ms
step:1970/3350 train_time:4838.608s step_avg:2456.15ms
step:1971/3350 train_time:4841.723s step_avg:2456.48ms
step:1972/3350 train_time:4843.557s step_avg:2456.16ms
step:1973/3350 train_time:4846.664s step_avg:2456.49ms
step:1974/3350 train_time:4848.500s step_avg:2456.18ms
step:1975/3350 train_time:4851.893s step_avg:2456.65ms
step:1976/3350 train_time:4853.728s step_avg:2456.34ms
step:1977/3350 train_time:4856.833s step_avg:2456.67ms
step:1978/3350 train_time:4858.668s step_avg:2456.35ms
step:1979/3350 train_time:4861.775s step_avg:2456.68ms
step:1980/3350 train_time:4863.609s step_avg:2456.37ms
step:1981/3350 train_time:4866.720s step_avg:2456.70ms
step:1982/3350 train_time:4868.553s step_avg:2456.38ms
step:1983/3350 train_time:4871.665s step_avg:2456.71ms
step:1984/3350 train_time:4873.498s step_avg:2456.40ms
step:1985/3350 train_time:4876.609s step_avg:2456.73ms
step:1986/3350 train_time:4878.443s step_avg:2456.42ms
step:1987/3350 train_time:4881.547s step_avg:2456.74ms
step:1988/3350 train_time:4883.381s step_avg:2456.43ms
step:1989/3350 train_time:4886.489s step_avg:2456.76ms
step:1990/3350 train_time:4888.326s step_avg:2456.45ms
step:1991/3350 train_time:4891.431s step_avg:2456.77ms
step:1992/3350 train_time:4893.271s step_avg:2456.46ms
step:1993/3350 train_time:4896.381s step_avg:2456.79ms
step:1994/3350 train_time:4898.219s step_avg:2456.48ms
step:1995/3350 train_time:4901.322s step_avg:2456.80ms
step:1996/3350 train_time:4903.158s step_avg:2456.49ms
step:1997/3350 train_time:4906.267s step_avg:2456.82ms
step:1998/3350 train_time:4908.102s step_avg:2456.51ms
step:1999/3350 train_time:4911.208s step_avg:2456.83ms
step:2000/3350 train_time:4913.413s step_avg:2456.71ms
step:2000/3350 val_loss:3.42589 train_time:4913.413s step_avg:2479.09ms
step:2001/3350 train_time:4916.516s step_avg:2457.03ms
step:2002/3350 train_time:4918.350s step_avg:2456.72ms
step:2003/3350 train_time:4921.455s step_avg:2457.04ms
step:2004/3350 train_time:4923.290s step_avg:2456.73ms
step:2005/3350 train_time:4926.400s step_avg:2457.06ms
step:2006/3350 train_time:4928.234s step_avg:2456.75ms
step:2007/3350 train_time:4931.347s step_avg:2457.07ms
step:2008/3350 train_time:4933.182s step_avg:2456.76ms
step:2009/3350 train_time:4936.290s step_avg:2457.09ms
step:2010/3350 train_time:4938.129s step_avg:2456.78ms
step:2011/3350 train_time:4941.238s step_avg:2457.10ms
step:2012/3350 train_time:4943.074s step_avg:2456.80ms
step:2013/3350 train_time:4946.182s step_avg:2457.12ms
step:2014/3350 train_time:4948.018s step_avg:2456.81ms
step:2015/3350 train_time:4951.132s step_avg:2457.14ms
step:2016/3350 train_time:4952.966s step_avg:2456.83ms
step:2017/3350 train_time:4956.073s step_avg:2457.15ms
step:2018/3350 train_time:4957.908s step_avg:2456.84ms
step:2019/3350 train_time:4961.013s step_avg:2457.16ms
step:2020/3350 train_time:4962.851s step_avg:2456.86ms
step:2021/3350 train_time:4965.955s step_avg:2457.18ms
step:2022/3350 train_time:4967.789s step_avg:2456.87ms
step:2023/3350 train_time:4970.894s step_avg:2457.19ms
step:2024/3350 train_time:4972.733s step_avg:2456.88ms
step:2025/3350 train_time:4976.126s step_avg:2457.35ms
step:2026/3350 train_time:4977.962s step_avg:2457.04ms
step:2027/3350 train_time:4981.068s step_avg:2457.36ms
step:2028/3350 train_time:4982.903s step_avg:2457.05ms
step:2029/3350 train_time:4986.007s step_avg:2457.37ms
step:2030/3350 train_time:4987.845s step_avg:2457.07ms
step:2031/3350 train_time:4990.949s step_avg:2457.38ms
step:2032/3350 train_time:4992.783s step_avg:2457.08ms
step:2033/3350 train_time:4995.891s step_avg:2457.40ms
step:2034/3350 train_time:4997.731s step_avg:2457.09ms
step:2035/3350 train_time:5000.843s step_avg:2457.42ms
step:2036/3350 train_time:5002.680s step_avg:2457.11ms
step:2037/3350 train_time:5005.793s step_avg:2457.43ms
step:2038/3350 train_time:5007.630s step_avg:2457.13ms
step:2039/3350 train_time:5010.739s step_avg:2457.45ms
step:2040/3350 train_time:5012.574s step_avg:2457.14ms
step:2041/3350 train_time:5015.682s step_avg:2457.46ms
step:2042/3350 train_time:5017.519s step_avg:2457.16ms
step:2043/3350 train_time:5020.629s step_avg:2457.48ms
step:2044/3350 train_time:5022.467s step_avg:2457.18ms
step:2045/3350 train_time:5025.573s step_avg:2457.49ms
step:2046/3350 train_time:5027.410s step_avg:2457.19ms
step:2047/3350 train_time:5030.515s step_avg:2457.51ms
step:2048/3350 train_time:5032.351s step_avg:2457.20ms
step:2049/3350 train_time:5035.458s step_avg:2457.52ms
step:2050/3350 train_time:5037.589s step_avg:2457.36ms
step:2051/3350 train_time:5040.694s step_avg:2457.68ms
step:2052/3350 train_time:5042.530s step_avg:2457.37ms
step:2053/3350 train_time:5045.641s step_avg:2457.69ms
step:2054/3350 train_time:5047.476s step_avg:2457.39ms
step:2055/3350 train_time:5050.589s step_avg:2457.71ms
step:2056/3350 train_time:5052.426s step_avg:2457.41ms
step:2057/3350 train_time:5055.537s step_avg:2457.72ms
step:2058/3350 train_time:5057.371s step_avg:2457.42ms
step:2059/3350 train_time:5060.484s step_avg:2457.74ms
step:2060/3350 train_time:5062.320s step_avg:2457.44ms
step:2061/3350 train_time:5065.433s step_avg:2457.75ms
step:2062/3350 train_time:5067.271s step_avg:2457.45ms
step:2063/3350 train_time:5070.382s step_avg:2457.77ms
step:2064/3350 train_time:5072.215s step_avg:2457.47ms
step:2065/3350 train_time:5075.324s step_avg:2457.78ms
step:2066/3350 train_time:5077.160s step_avg:2457.48ms
step:2067/3350 train_time:5080.265s step_avg:2457.80ms
step:2068/3350 train_time:5082.102s step_avg:2457.50ms
step:2069/3350 train_time:5085.209s step_avg:2457.81ms
step:2070/3350 train_time:5087.042s step_avg:2457.51ms
step:2071/3350 train_time:5090.149s step_avg:2457.82ms
step:2072/3350 train_time:5091.985s step_avg:2457.52ms
step:2073/3350 train_time:5095.094s step_avg:2457.84ms
step:2074/3350 train_time:5096.929s step_avg:2457.54ms
step:2075/3350 train_time:5100.321s step_avg:2457.99ms
step:2076/3350 train_time:5102.154s step_avg:2457.68ms
step:2077/3350 train_time:5105.262s step_avg:2458.00ms
step:2078/3350 train_time:5107.099s step_avg:2457.70ms
step:2079/3350 train_time:5110.206s step_avg:2458.01ms
step:2080/3350 train_time:5112.042s step_avg:2457.71ms
step:2081/3350 train_time:5115.147s step_avg:2458.02ms
step:2082/3350 train_time:5116.985s step_avg:2457.73ms
step:2083/3350 train_time:5120.093s step_avg:2458.04ms
step:2084/3350 train_time:5121.929s step_avg:2457.74ms
step:2085/3350 train_time:5125.038s step_avg:2458.05ms
step:2086/3350 train_time:5126.872s step_avg:2457.75ms
step:2087/3350 train_time:5129.980s step_avg:2458.06ms
step:2088/3350 train_time:5131.812s step_avg:2457.76ms
step:2089/3350 train_time:5134.923s step_avg:2458.08ms
step:2090/3350 train_time:5136.760s step_avg:2457.78ms
step:2091/3350 train_time:5139.899s step_avg:2458.11ms
step:2092/3350 train_time:5141.735s step_avg:2457.81ms
step:2093/3350 train_time:5144.843s step_avg:2458.12ms
step:2094/3350 train_time:5146.677s step_avg:2457.82ms
step:2095/3350 train_time:5149.785s step_avg:2458.13ms
step:2096/3350 train_time:5151.617s step_avg:2457.83ms
step:2097/3350 train_time:5154.725s step_avg:2458.14ms
step:2098/3350 train_time:5156.559s step_avg:2457.84ms
step:2099/3350 train_time:5159.664s step_avg:2458.15ms
step:2100/3350 train_time:5161.801s step_avg:2458.00ms
step:2101/3350 train_time:5164.903s step_avg:2458.31ms
step:2102/3350 train_time:5166.737s step_avg:2458.01ms
step:2103/3350 train_time:5169.849s step_avg:2458.32ms
step:2104/3350 train_time:5171.686s step_avg:2458.03ms
step:2105/3350 train_time:5174.795s step_avg:2458.33ms
step:2106/3350 train_time:5176.631s step_avg:2458.04ms
step:2107/3350 train_time:5179.738s step_avg:2458.35ms
step:2108/3350 train_time:5181.572s step_avg:2458.05ms
step:2109/3350 train_time:5184.680s step_avg:2458.36ms
step:2110/3350 train_time:5186.519s step_avg:2458.07ms
step:2111/3350 train_time:5189.629s step_avg:2458.37ms
step:2112/3350 train_time:5191.463s step_avg:2458.08ms
step:2113/3350 train_time:5194.576s step_avg:2458.39ms
step:2114/3350 train_time:5196.415s step_avg:2458.10ms
step:2115/3350 train_time:5199.520s step_avg:2458.40ms
step:2116/3350 train_time:5201.354s step_avg:2458.11ms
step:2117/3350 train_time:5204.468s step_avg:2458.42ms
step:2118/3350 train_time:5206.306s step_avg:2458.12ms
step:2119/3350 train_time:5209.414s step_avg:2458.43ms
step:2120/3350 train_time:5211.248s step_avg:2458.14ms
step:2121/3350 train_time:5214.359s step_avg:2458.44ms
step:2122/3350 train_time:5216.194s step_avg:2458.15ms
step:2123/3350 train_time:5219.301s step_avg:2458.46ms
step:2124/3350 train_time:5221.134s step_avg:2458.16ms
step:2125/3350 train_time:5224.605s step_avg:2458.64ms
step:2125/3350 val_loss:3.40964 train_time:5224.605s step_avg:2489.54ms
step:2126/3350 train_time:5226.442s step_avg:2458.35ms
step:2127/3350 train_time:5229.551s step_avg:2458.65ms
step:2128/3350 train_time:5231.385s step_avg:2458.36ms
step:2129/3350 train_time:5234.496s step_avg:2458.66ms
step:2130/3350 train_time:5236.328s step_avg:2458.37ms
step:2131/3350 train_time:5239.437s step_avg:2458.68ms
step:2132/3350 train_time:5241.274s step_avg:2458.38ms
step:2133/3350 train_time:5244.383s step_avg:2458.69ms
step:2134/3350 train_time:5246.216s step_avg:2458.40ms
step:2135/3350 train_time:5249.322s step_avg:2458.70ms
step:2136/3350 train_time:5251.160s step_avg:2458.41ms
step:2137/3350 train_time:5254.270s step_avg:2458.71ms
step:2138/3350 train_time:5256.105s step_avg:2458.42ms
step:2139/3350 train_time:5259.216s step_avg:2458.73ms
step:2140/3350 train_time:5261.051s step_avg:2458.44ms
step:2141/3350 train_time:5264.158s step_avg:2458.74ms
step:2142/3350 train_time:5265.992s step_avg:2458.45ms
step:2143/3350 train_time:5269.099s step_avg:2458.75ms
step:2144/3350 train_time:5270.932s step_avg:2458.46ms
step:2145/3350 train_time:5274.044s step_avg:2458.76ms
step:2146/3350 train_time:5275.876s step_avg:2458.47ms
step:2147/3350 train_time:5278.982s step_avg:2458.77ms
step:2148/3350 train_time:5280.815s step_avg:2458.48ms
step:2149/3350 train_time:5283.920s step_avg:2458.78ms
step:2150/3350 train_time:5286.044s step_avg:2458.62ms
step:2151/3350 train_time:5289.149s step_avg:2458.93ms
step:2152/3350 train_time:5290.984s step_avg:2458.64ms
step:2153/3350 train_time:5294.092s step_avg:2458.94ms
step:2154/3350 train_time:5295.929s step_avg:2458.65ms
step:2155/3350 train_time:5299.036s step_avg:2458.95ms
step:2156/3350 train_time:5300.871s step_avg:2458.66ms
step:2157/3350 train_time:5303.976s step_avg:2458.96ms
step:2158/3350 train_time:5305.812s step_avg:2458.67ms
step:2159/3350 train_time:5308.920s step_avg:2458.97ms
step:2160/3350 train_time:5310.754s step_avg:2458.68ms
step:2161/3350 train_time:5313.860s step_avg:2458.98ms
step:2162/3350 train_time:5315.695s step_avg:2458.69ms
step:2163/3350 train_time:5318.803s step_avg:2458.99ms
step:2164/3350 train_time:5320.638s step_avg:2458.71ms
step:2165/3350 train_time:5323.744s step_avg:2459.00ms
step:2166/3350 train_time:5325.581s step_avg:2458.72ms
step:2167/3350 train_time:5328.690s step_avg:2459.02ms
step:2168/3350 train_time:5330.525s step_avg:2458.73ms
step:2169/3350 train_time:5333.635s step_avg:2459.03ms
step:2170/3350 train_time:5335.469s step_avg:2458.74ms
step:2171/3350 train_time:5338.571s step_avg:2459.04ms
step:2172/3350 train_time:5340.408s step_avg:2458.75ms
step:2173/3350 train_time:5343.513s step_avg:2459.05ms
step:2174/3350 train_time:5345.350s step_avg:2458.76ms
step:2175/3350 train_time:5348.742s step_avg:2459.19ms
step:2176/3350 train_time:5350.575s step_avg:2458.90ms
step:2177/3350 train_time:5353.683s step_avg:2459.20ms
step:2178/3350 train_time:5355.519s step_avg:2458.92ms
step:2179/3350 train_time:5358.628s step_avg:2459.21ms
step:2180/3350 train_time:5360.462s step_avg:2458.93ms
step:2181/3350 train_time:5363.567s step_avg:2459.22ms
step:2182/3350 train_time:5365.401s step_avg:2458.94ms
step:2183/3350 train_time:5368.512s step_avg:2459.24ms
step:2184/3350 train_time:5370.348s step_avg:2458.95ms
step:2185/3350 train_time:5373.455s step_avg:2459.25ms
step:2186/3350 train_time:5375.294s step_avg:2458.96ms
step:2187/3350 train_time:5378.403s step_avg:2459.26ms
step:2188/3350 train_time:5380.239s step_avg:2458.98ms
step:2189/3350 train_time:5383.347s step_avg:2459.27ms
step:2190/3350 train_time:5385.182s step_avg:2458.99ms
step:2191/3350 train_time:5388.291s step_avg:2459.28ms
step:2192/3350 train_time:5390.127s step_avg:2459.00ms
step:2193/3350 train_time:5393.232s step_avg:2459.29ms
step:2194/3350 train_time:5395.070s step_avg:2459.01ms
step:2195/3350 train_time:5398.176s step_avg:2459.31ms
step:2196/3350 train_time:5400.011s step_avg:2459.02ms
step:2197/3350 train_time:5403.119s step_avg:2459.32ms
step:2198/3350 train_time:5404.956s step_avg:2459.03ms
step:2199/3350 train_time:5408.061s step_avg:2459.33ms
step:2200/3350 train_time:5410.196s step_avg:2459.18ms
step:2201/3350 train_time:5413.301s step_avg:2459.47ms
step:2202/3350 train_time:5415.137s step_avg:2459.19ms
step:2203/3350 train_time:5418.248s step_avg:2459.49ms
step:2204/3350 train_time:5420.080s step_avg:2459.20ms
step:2205/3350 train_time:5423.191s step_avg:2459.50ms
step:2206/3350 train_time:5425.029s step_avg:2459.22ms
step:2207/3350 train_time:5428.135s step_avg:2459.51ms
step:2208/3350 train_time:5429.972s step_avg:2459.23ms
step:2209/3350 train_time:5433.088s step_avg:2459.52ms
step:2210/3350 train_time:5434.926s step_avg:2459.24ms
step:2211/3350 train_time:5438.034s step_avg:2459.54ms
step:2212/3350 train_time:5439.868s step_avg:2459.25ms
step:2213/3350 train_time:5442.978s step_avg:2459.55ms
step:2214/3350 train_time:5444.813s step_avg:2459.27ms
step:2215/3350 train_time:5447.925s step_avg:2459.56ms
step:2216/3350 train_time:5449.760s step_avg:2459.28ms
step:2217/3350 train_time:5452.870s step_avg:2459.57ms
step:2218/3350 train_time:5454.705s step_avg:2459.29ms
step:2219/3350 train_time:5457.814s step_avg:2459.58ms
step:2220/3350 train_time:5459.650s step_avg:2459.30ms
step:2221/3350 train_time:5462.765s step_avg:2459.60ms
step:2222/3350 train_time:5464.599s step_avg:2459.32ms
step:2223/3350 train_time:5467.703s step_avg:2459.61ms
step:2224/3350 train_time:5469.541s step_avg:2459.33ms
step:2225/3350 train_time:5472.940s step_avg:2459.75ms
step:2226/3350 train_time:5474.776s step_avg:2459.47ms
step:2227/3350 train_time:5477.880s step_avg:2459.76ms
step:2228/3350 train_time:5479.714s step_avg:2459.48ms
step:2229/3350 train_time:5482.825s step_avg:2459.77ms
step:2230/3350 train_time:5484.662s step_avg:2459.49ms
step:2231/3350 train_time:5487.767s step_avg:2459.78ms
step:2232/3350 train_time:5489.603s step_avg:2459.50ms
step:2233/3350 train_time:5492.710s step_avg:2459.79ms
step:2234/3350 train_time:5494.548s step_avg:2459.51ms
step:2235/3350 train_time:5497.655s step_avg:2459.80ms
step:2236/3350 train_time:5499.491s step_avg:2459.52ms
step:2237/3350 train_time:5502.611s step_avg:2459.82ms
step:2238/3350 train_time:5504.445s step_avg:2459.54ms
step:2239/3350 train_time:5507.555s step_avg:2459.83ms
step:2240/3350 train_time:5509.389s step_avg:2459.55ms
step:2241/3350 train_time:5512.500s step_avg:2459.84ms
step:2242/3350 train_time:5514.334s step_avg:2459.56ms
step:2243/3350 train_time:5517.444s step_avg:2459.85ms
step:2244/3350 train_time:5519.279s step_avg:2459.57ms
step:2245/3350 train_time:5522.387s step_avg:2459.86ms
step:2246/3350 train_time:5524.224s step_avg:2459.58ms
step:2247/3350 train_time:5527.331s step_avg:2459.87ms
step:2248/3350 train_time:5529.166s step_avg:2459.59ms
step:2249/3350 train_time:5532.271s step_avg:2459.88ms
step:2250/3350 train_time:5534.464s step_avg:2459.76ms
step:2250/3350 val_loss:3.39323 train_time:5534.465s step_avg:2478.88ms
step:2251/3350 train_time:5537.565s step_avg:2460.05ms
step:2252/3350 train_time:5539.399s step_avg:2459.77ms
step:2253/3350 train_time:5542.505s step_avg:2460.06ms
step:2254/3350 train_time:5544.342s step_avg:2459.78ms
step:2255/3350 train_time:5547.449s step_avg:2460.07ms
step:2256/3350 train_time:5549.284s step_avg:2459.79ms
step:2257/3350 train_time:5552.396s step_avg:2460.08ms
step:2258/3350 train_time:5554.231s step_avg:2459.80ms
step:2259/3350 train_time:5557.339s step_avg:2460.09ms
step:2260/3350 train_time:5559.172s step_avg:2459.81ms
step:2261/3350 train_time:5562.280s step_avg:2460.10ms
step:2262/3350 train_time:5564.115s step_avg:2459.82ms
step:2263/3350 train_time:5567.225s step_avg:2460.11ms
step:2264/3350 train_time:5569.061s step_avg:2459.83ms
step:2265/3350 train_time:5572.169s step_avg:2460.12ms
step:2266/3350 train_time:5574.004s step_avg:2459.84ms
step:2267/3350 train_time:5577.113s step_avg:2460.13ms
step:2268/3350 train_time:5578.948s step_avg:2459.85ms
step:2269/3350 train_time:5582.056s step_avg:2460.14ms
step:2270/3350 train_time:5583.891s step_avg:2459.86ms
step:2271/3350 train_time:5586.999s step_avg:2460.15ms
step:2272/3350 train_time:5588.833s step_avg:2459.87ms
step:2273/3350 train_time:5591.941s step_avg:2460.16ms
step:2274/3350 train_time:5593.774s step_avg:2459.88ms
step:2275/3350 train_time:5597.171s step_avg:2460.29ms
step:2276/3350 train_time:5599.009s step_avg:2460.02ms
step:2277/3350 train_time:5602.123s step_avg:2460.31ms
step:2278/3350 train_time:5603.957s step_avg:2460.03ms
step:2279/3350 train_time:5607.067s step_avg:2460.32ms
step:2280/3350 train_time:5608.901s step_avg:2460.04ms
step:2281/3350 train_time:5612.039s step_avg:2460.34ms
step:2282/3350 train_time:5613.875s step_avg:2460.07ms
step:2283/3350 train_time:5616.985s step_avg:2460.35ms
step:2284/3350 train_time:5618.819s step_avg:2460.08ms
step:2285/3350 train_time:5621.925s step_avg:2460.36ms
step:2286/3350 train_time:5623.759s step_avg:2460.09ms
step:2287/3350 train_time:5626.865s step_avg:2460.37ms
step:2288/3350 train_time:5628.702s step_avg:2460.10ms
step:2289/3350 train_time:5631.809s step_avg:2460.38ms
step:2290/3350 train_time:5633.645s step_avg:2460.11ms
step:2291/3350 train_time:5636.752s step_avg:2460.39ms
step:2292/3350 train_time:5638.584s step_avg:2460.12ms
step:2293/3350 train_time:5641.695s step_avg:2460.40ms
step:2294/3350 train_time:5643.531s step_avg:2460.13ms
step:2295/3350 train_time:5646.640s step_avg:2460.41ms
step:2296/3350 train_time:5648.475s step_avg:2460.14ms
step:2297/3350 train_time:5651.586s step_avg:2460.42ms
step:2298/3350 train_time:5653.422s step_avg:2460.15ms
step:2299/3350 train_time:5656.530s step_avg:2460.43ms
step:2300/3350 train_time:5658.669s step_avg:2460.29ms
step:2301/3350 train_time:5661.773s step_avg:2460.57ms
step:2302/3350 train_time:5663.607s step_avg:2460.30ms
step:2303/3350 train_time:5666.715s step_avg:2460.58ms
step:2304/3350 train_time:5668.548s step_avg:2460.31ms
step:2305/3350 train_time:5671.655s step_avg:2460.59ms
step:2306/3350 train_time:5673.490s step_avg:2460.32ms
step:2307/3350 train_time:5676.603s step_avg:2460.60ms
step:2308/3350 train_time:5678.438s step_avg:2460.33ms
step:2309/3350 train_time:5681.549s step_avg:2460.61ms
step:2310/3350 train_time:5683.385s step_avg:2460.34ms
step:2311/3350 train_time:5686.496s step_avg:2460.62ms
step:2312/3350 train_time:5688.333s step_avg:2460.35ms
step:2313/3350 train_time:5691.449s step_avg:2460.63ms
step:2314/3350 train_time:5693.284s step_avg:2460.36ms
step:2315/3350 train_time:5696.390s step_avg:2460.64ms
step:2316/3350 train_time:5698.224s step_avg:2460.37ms
step:2317/3350 train_time:5701.343s step_avg:2460.66ms
step:2318/3350 train_time:5703.181s step_avg:2460.39ms
step:2319/3350 train_time:5706.290s step_avg:2460.67ms
step:2320/3350 train_time:5708.125s step_avg:2460.40ms
step:2321/3350 train_time:5711.237s step_avg:2460.68ms
step:2322/3350 train_time:5713.072s step_avg:2460.41ms
step:2323/3350 train_time:5716.178s step_avg:2460.69ms
step:2324/3350 train_time:5718.013s step_avg:2460.42ms
step:2325/3350 train_time:5721.410s step_avg:2460.82ms
step:2326/3350 train_time:5723.247s step_avg:2460.55ms
step:2327/3350 train_time:5726.355s step_avg:2460.83ms
step:2328/3350 train_time:5728.191s step_avg:2460.56ms
step:2329/3350 train_time:5731.299s step_avg:2460.84ms
step:2330/3350 train_time:5733.140s step_avg:2460.58ms
step:2331/3350 train_time:5736.247s step_avg:2460.85ms
step:2332/3350 train_time:5738.087s step_avg:2460.59ms
step:2333/3350 train_time:5741.199s step_avg:2460.87ms
step:2334/3350 train_time:5743.035s step_avg:2460.60ms
step:2335/3350 train_time:5746.142s step_avg:2460.87ms
step:2336/3350 train_time:5747.981s step_avg:2460.61ms
step:2337/3350 train_time:5751.089s step_avg:2460.89ms
step:2338/3350 train_time:5752.927s step_avg:2460.62ms
step:2339/3350 train_time:5756.035s step_avg:2460.90ms
step:2340/3350 train_time:5757.872s step_avg:2460.63ms
step:2341/3350 train_time:5760.980s step_avg:2460.91ms
step:2342/3350 train_time:5762.821s step_avg:2460.64ms
step:2343/3350 train_time:5765.928s step_avg:2460.92ms
step:2344/3350 train_time:5767.763s step_avg:2460.65ms
step:2345/3350 train_time:5770.873s step_avg:2460.93ms
step:2346/3350 train_time:5784.129s step_avg:2465.53ms
[rank0]:W0531 19:56:34.643000 1392763 torch/_dynamo/convert_frame.py:1743] [1/8] torch._dynamo hit config.recompile_limit (8)
[rank0]:W0531 19:56:34.643000 1392763 torch/_dynamo/convert_frame.py:1743] [1/8]    function: 'muon_update' (/workspace/senpai/target/records/track_3_optimization/train_gpt_simple.py:740)
[rank0]:W0531 19:56:34.643000 1392763 torch/_dynamo/convert_frame.py:1743] [1/8]    last reason: 1/7: momentum.size()[0] <= momentum.size()[1]  # if G.size(-2) > G.size(-1):  # orkspace/senpai/target/records/track_3_optimization/train_gpt_simple.py:723 in zeropower_via_newtonschulz5 (_dynamo/variables/tensor.py:1951 in evaluate_expr)
[rank0]:W0531 19:56:34.643000 1392763 torch/_dynamo/convert_frame.py:1743] [1/8] To log all recompilation reasons, use TORCH_LOGS="recompiles".
[rank0]:W0531 19:56:34.643000 1392763 torch/_dynamo/convert_frame.py:1743] [1/8] To diagnose recompilation issues, see https://docs.pytorch.org/docs/main/user_guide/torch_compiler/compile/programming_model.recompilation.html
step:2347/3350 train_time:5787.847s step_avg:2466.06ms
step:2348/3350 train_time:5789.679s step_avg:2465.79ms
step:2349/3350 train_time:5792.782s step_avg:2466.06ms
step:2350/3350 train_time:5794.926s step_avg:2465.93ms
step:2351/3350 train_time:5798.020s step_avg:2466.19ms
step:2352/3350 train_time:5799.856s step_avg:2465.93ms
step:2353/3350 train_time:5802.974s step_avg:2466.20ms
step:2354/3350 train_time:5804.819s step_avg:2465.94ms
step:2355/3350 train_time:5807.927s step_avg:2466.21ms
step:2356/3350 train_time:5809.759s step_avg:2465.94ms
step:2357/3350 train_time:5812.861s step_avg:2466.21ms
step:2358/3350 train_time:5814.696s step_avg:2465.94ms
step:2359/3350 train_time:5817.802s step_avg:2466.22ms
step:2360/3350 train_time:5819.638s step_avg:2465.95ms
step:2361/3350 train_time:5822.740s step_avg:2466.22ms
step:2362/3350 train_time:5824.579s step_avg:2465.95ms
step:2363/3350 train_time:5827.683s step_avg:2466.22ms
step:2364/3350 train_time:5829.520s step_avg:2465.96ms
step:2365/3350 train_time:5832.623s step_avg:2466.23ms
step:2366/3350 train_time:5834.472s step_avg:2465.96ms
step:2367/3350 train_time:5837.570s step_avg:2466.23ms
step:2368/3350 train_time:5839.405s step_avg:2465.96ms
step:2369/3350 train_time:5842.510s step_avg:2466.23ms
step:2370/3350 train_time:5844.347s step_avg:2465.97ms
step:2371/3350 train_time:5847.449s step_avg:2466.24ms
step:2372/3350 train_time:5849.283s step_avg:2465.97ms
step:2373/3350 train_time:5852.390s step_avg:2466.24ms
step:2374/3350 train_time:5854.227s step_avg:2465.98ms
step:2375/3350 train_time:5857.697s step_avg:2466.40ms
step:2375/3350 val_loss:3.37677 train_time:5857.697s step_avg:2585.86ms
step:2376/3350 train_time:5859.525s step_avg:2466.13ms
step:2377/3350 train_time:5862.634s step_avg:2466.40ms
step:2378/3350 train_time:5864.481s step_avg:2466.14ms
step:2379/3350 train_time:5867.604s step_avg:2466.42ms
step:2380/3350 train_time:5869.433s step_avg:2466.15ms
step:2381/3350 train_time:5872.556s step_avg:2466.42ms
step:2382/3350 train_time:5874.391s step_avg:2466.16ms
step:2383/3350 train_time:5877.507s step_avg:2466.43ms
step:2384/3350 train_time:5879.341s step_avg:2466.17ms
step:2385/3350 train_time:5882.459s step_avg:2466.44ms
step:2386/3350 train_time:5884.297s step_avg:2466.18ms
step:2387/3350 train_time:5887.400s step_avg:2466.44ms
step:2388/3350 train_time:5889.250s step_avg:2466.19ms
step:2389/3350 train_time:5892.356s step_avg:2466.45ms
step:2390/3350 train_time:5894.188s step_avg:2466.19ms
step:2391/3350 train_time:5897.290s step_avg:2466.45ms
step:2392/3350 train_time:5899.138s step_avg:2466.19ms
step:2393/3350 train_time:5902.241s step_avg:2466.46ms
step:2394/3350 train_time:5904.086s step_avg:2466.20ms
step:2395/3350 train_time:5907.188s step_avg:2466.47ms
step:2396/3350 train_time:5909.035s step_avg:2466.21ms
step:2397/3350 train_time:5912.156s step_avg:2466.48ms
step:2398/3350 train_time:5914.001s step_avg:2466.22ms
step:2399/3350 train_time:5917.101s step_avg:2466.49ms
step:2400/3350 train_time:5919.249s step_avg:2466.35ms
step:2401/3350 train_time:5922.366s step_avg:2466.62ms
step:2402/3350 train_time:5924.196s step_avg:2466.36ms
step:2403/3350 train_time:5927.311s step_avg:2466.63ms
step:2404/3350 train_time:5929.148s step_avg:2466.37ms
step:2405/3350 train_time:5932.253s step_avg:2466.63ms
step:2406/3350 train_time:5934.083s step_avg:2466.37ms
step:2407/3350 train_time:5937.183s step_avg:2466.63ms
step:2408/3350 train_time:5939.012s step_avg:2466.37ms
step:2409/3350 train_time:5942.133s step_avg:2466.64ms
step:2410/3350 train_time:5943.991s step_avg:2466.39ms
step:2411/3350 train_time:5947.115s step_avg:2466.66ms
step:2412/3350 train_time:5948.945s step_avg:2466.40ms
step:2413/3350 train_time:5952.046s step_avg:2466.66ms
step:2414/3350 train_time:5953.874s step_avg:2466.39ms
step:2415/3350 train_time:5957.001s step_avg:2466.67ms
step:2416/3350 train_time:5958.854s step_avg:2466.41ms
step:2417/3350 train_time:5961.952s step_avg:2466.67ms
step:2418/3350 train_time:5963.787s step_avg:2466.41ms
step:2419/3350 train_time:5966.901s step_avg:2466.68ms
step:2420/3350 train_time:5968.731s step_avg:2466.42ms
step:2421/3350 train_time:5971.835s step_avg:2466.68ms
step:2422/3350 train_time:5973.662s step_avg:2466.42ms
step:2423/3350 train_time:5976.764s step_avg:2466.68ms
step:2424/3350 train_time:5978.594s step_avg:2466.42ms
step:2425/3350 train_time:5981.981s step_avg:2466.80ms
step:2426/3350 train_time:5983.834s step_avg:2466.54ms
step:2427/3350 train_time:5986.950s step_avg:2466.81ms
step:2428/3350 train_time:5988.805s step_avg:2466.56ms
step:2429/3350 train_time:5991.908s step_avg:2466.82ms
step:2430/3350 train_time:5993.756s step_avg:2466.57ms
step:2431/3350 train_time:5996.885s step_avg:2466.84ms
step:2432/3350 train_time:5998.732s step_avg:2466.58ms
step:2433/3350 train_time:6001.834s step_avg:2466.84ms
step:2434/3350 train_time:6003.662s step_avg:2466.58ms
step:2435/3350 train_time:6006.782s step_avg:2466.85ms
step:2436/3350 train_time:6008.634s step_avg:2466.60ms
step:2437/3350 train_time:6011.734s step_avg:2466.86ms
step:2438/3350 train_time:6013.588s step_avg:2466.61ms
step:2439/3350 train_time:6016.694s step_avg:2466.87ms
step:2440/3350 train_time:6018.524s step_avg:2466.61ms
step:2441/3350 train_time:6021.649s step_avg:2466.88ms
step:2442/3350 train_time:6023.484s step_avg:2466.62ms
step:2443/3350 train_time:6026.604s step_avg:2466.89ms
step:2444/3350 train_time:6028.462s step_avg:2466.64ms
step:2445/3350 train_time:6031.578s step_avg:2466.90ms
step:2446/3350 train_time:6033.406s step_avg:2466.64ms
step:2447/3350 train_time:6036.523s step_avg:2466.91ms
step:2448/3350 train_time:6038.359s step_avg:2466.65ms
step:2449/3350 train_time:6041.458s step_avg:2466.91ms
step:2450/3350 train_time:6043.577s step_avg:2466.77ms
step:2451/3350 train_time:6046.702s step_avg:2467.03ms
step:2452/3350 train_time:6048.530s step_avg:2466.77ms
step:2453/3350 train_time:6051.631s step_avg:2467.03ms
step:2454/3350 train_time:6053.483s step_avg:2466.78ms
step:2455/3350 train_time:6056.605s step_avg:2467.05ms
step:2456/3350 train_time:6058.440s step_avg:2466.79ms
step:2457/3350 train_time:6061.548s step_avg:2467.05ms
step:2458/3350 train_time:6063.398s step_avg:2466.80ms
step:2459/3350 train_time:6066.522s step_avg:2467.07ms
step:2460/3350 train_time:6068.372s step_avg:2466.82ms
step:2461/3350 train_time:6071.496s step_avg:2467.08ms
step:2462/3350 train_time:6073.351s step_avg:2466.84ms
step:2463/3350 train_time:6076.471s step_avg:2467.10ms
step:2464/3350 train_time:6078.320s step_avg:2466.85ms
step:2465/3350 train_time:6081.422s step_avg:2467.11ms
step:2466/3350 train_time:6083.256s step_avg:2466.85ms
step:2467/3350 train_time:6086.366s step_avg:2467.11ms
step:2468/3350 train_time:6088.223s step_avg:2466.86ms
step:2469/3350 train_time:6091.329s step_avg:2467.12ms
step:2470/3350 train_time:6093.180s step_avg:2466.87ms
step:2471/3350 train_time:6096.332s step_avg:2467.15ms
step:2472/3350 train_time:6098.161s step_avg:2466.89ms
step:2473/3350 train_time:6101.281s step_avg:2467.16ms
step:2474/3350 train_time:6103.126s step_avg:2466.91ms
step:2475/3350 train_time:6106.532s step_avg:2467.29ms
step:2476/3350 train_time:6108.384s step_avg:2467.04ms
step:2477/3350 train_time:6111.495s step_avg:2467.30ms
step:2478/3350 train_time:6113.323s step_avg:2467.04ms
step:2479/3350 train_time:6116.430s step_avg:2467.30ms
step:2480/3350 train_time:6118.260s step_avg:2467.04ms
step:2481/3350 train_time:6121.374s step_avg:2467.30ms
step:2482/3350 train_time:6123.221s step_avg:2467.05ms
step:2483/3350 train_time:6126.332s step_avg:2467.31ms
step:2484/3350 train_time:6128.163s step_avg:2467.05ms
step:2485/3350 train_time:6131.286s step_avg:2467.32ms
step:2486/3350 train_time:6133.139s step_avg:2467.07ms
step:2487/3350 train_time:6136.256s step_avg:2467.33ms
step:2488/3350 train_time:6138.091s step_avg:2467.08ms
step:2489/3350 train_time:6141.203s step_avg:2467.34ms
step:2490/3350 train_time:6143.030s step_avg:2467.08ms
step:2491/3350 train_time:6146.151s step_avg:2467.34ms
step:2492/3350 train_time:6147.980s step_avg:2467.09ms
step:2493/3350 train_time:6151.093s step_avg:2467.35ms
step:2494/3350 train_time:6152.922s step_avg:2467.09ms
step:2495/3350 train_time:6156.037s step_avg:2467.35ms
step:2496/3350 train_time:6157.882s step_avg:2467.10ms
step:2497/3350 train_time:6160.992s step_avg:2467.36ms
step:2498/3350 train_time:6162.838s step_avg:2467.11ms
step:2499/3350 train_time:6165.956s step_avg:2467.37ms
step:2500/3350 train_time:6168.166s step_avg:2467.27ms
step:2500/3350 val_loss:3.36079 train_time:6168.167s step_avg:2483.76ms
step:2501/3350 train_time:6171.266s step_avg:2467.52ms
step:2502/3350 train_time:6173.095s step_avg:2467.26ms
step:2503/3350 train_time:6176.212s step_avg:2467.52ms
step:2504/3350 train_time:6178.064s step_avg:2467.28ms
step:2505/3350 train_time:6181.166s step_avg:2467.53ms
step:2506/3350 train_time:6183.001s step_avg:2467.28ms
step:2507/3350 train_time:6186.123s step_avg:2467.54ms
step:2508/3350 train_time:6187.957s step_avg:2467.29ms
step:2509/3350 train_time:6191.073s step_avg:2467.55ms
step:2510/3350 train_time:6192.920s step_avg:2467.30ms
step:2511/3350 train_time:6196.035s step_avg:2467.56ms
step:2512/3350 train_time:6197.886s step_avg:2467.31ms
step:2513/3350 train_time:6200.992s step_avg:2467.57ms
step:2514/3350 train_time:6202.820s step_avg:2467.31ms
step:2515/3350 train_time:6205.921s step_avg:2467.56ms
step:2516/3350 train_time:6207.749s step_avg:2467.31ms
step:2517/3350 train_time:6210.877s step_avg:2467.57ms
step:2518/3350 train_time:6212.724s step_avg:2467.33ms
step:2519/3350 train_time:6215.841s step_avg:2467.58ms
step:2520/3350 train_time:6217.670s step_avg:2467.33ms
step:2521/3350 train_time:6220.796s step_avg:2467.59ms
step:2522/3350 train_time:6222.633s step_avg:2467.34ms
step:2523/3350 train_time:6225.748s step_avg:2467.60ms
step:2524/3350 train_time:6227.584s step_avg:2467.35ms
step:2525/3350 train_time:6230.987s step_avg:2467.72ms
step:2526/3350 train_time:6232.821s step_avg:2467.47ms
step:2527/3350 train_time:6235.945s step_avg:2467.73ms
step:2528/3350 train_time:6237.790s step_avg:2467.48ms
step:2529/3350 train_time:6240.903s step_avg:2467.74ms
step:2530/3350 train_time:6242.757s step_avg:2467.49ms
step:2531/3350 train_time:6245.856s step_avg:2467.74ms
step:2532/3350 train_time:6247.684s step_avg:2467.49ms
step:2533/3350 train_time:6250.807s step_avg:2467.75ms
step:2534/3350 train_time:6252.641s step_avg:2467.50ms
step:2535/3350 train_time:6255.765s step_avg:2467.76ms
step:2536/3350 train_time:6257.621s step_avg:2467.52ms
step:2537/3350 train_time:6260.747s step_avg:2467.78ms
step:2538/3350 train_time:6262.595s step_avg:2467.53ms
step:2539/3350 train_time:6265.705s step_avg:2467.78ms
step:2540/3350 train_time:6267.550s step_avg:2467.54ms
step:2541/3350 train_time:6270.667s step_avg:2467.79ms
step:2542/3350 train_time:6272.522s step_avg:2467.55ms
step:2543/3350 train_time:6275.649s step_avg:2467.81ms
step:2544/3350 train_time:6277.509s step_avg:2467.57ms
step:2545/3350 train_time:6280.615s step_avg:2467.83ms
step:2546/3350 train_time:6282.476s step_avg:2467.59ms
step:2547/3350 train_time:6285.593s step_avg:2467.84ms
step:2548/3350 train_time:6287.445s step_avg:2467.60ms
step:2549/3350 train_time:6290.554s step_avg:2467.85ms
step:2550/3350 train_time:6292.695s step_avg:2467.72ms
step:2551/3350 train_time:6295.809s step_avg:2467.98ms
step:2552/3350 train_time:6297.654s step_avg:2467.73ms
step:2553/3350 train_time:6300.785s step_avg:2467.99ms
step:2554/3350 train_time:6302.620s step_avg:2467.74ms
step:2555/3350 train_time:6305.745s step_avg:2468.00ms
step:2556/3350 train_time:6307.578s step_avg:2467.75ms
step:2557/3350 train_time:6310.698s step_avg:2468.01ms
step:2558/3350 train_time:6312.531s step_avg:2467.76ms
step:2559/3350 train_time:6315.648s step_avg:2468.01ms
step:2560/3350 train_time:6317.482s step_avg:2467.77ms
step:2561/3350 train_time:6320.588s step_avg:2468.02ms
step:2562/3350 train_time:6322.447s step_avg:2467.78ms
step:2563/3350 train_time:6325.576s step_avg:2468.04ms
step:2564/3350 train_time:6327.409s step_avg:2467.79ms
step:2565/3350 train_time:6330.524s step_avg:2468.04ms
step:2566/3350 train_time:6332.359s step_avg:2467.79ms
step:2567/3350 train_time:6335.473s step_avg:2468.05ms
step:2568/3350 train_time:6337.330s step_avg:2467.81ms
step:2569/3350 train_time:6340.452s step_avg:2468.06ms
step:2570/3350 train_time:6342.296s step_avg:2467.82ms
step:2571/3350 train_time:6345.419s step_avg:2468.07ms
step:2572/3350 train_time:6347.267s step_avg:2467.83ms
step:2573/3350 train_time:6350.383s step_avg:2468.09ms
step:2574/3350 train_time:6352.229s step_avg:2467.84ms
step:2575/3350 train_time:6355.620s step_avg:2468.20ms
step:2576/3350 train_time:6357.469s step_avg:2467.96ms
step:2577/3350 train_time:6360.577s step_avg:2468.21ms
step:2578/3350 train_time:6362.428s step_avg:2467.97ms
step:2579/3350 train_time:6365.551s step_avg:2468.22ms
step:2580/3350 train_time:6367.401s step_avg:2467.98ms
step:2581/3350 train_time:6370.522s step_avg:2468.24ms
step:2582/3350 train_time:6372.368s step_avg:2468.00ms
step:2583/3350 train_time:6375.483s step_avg:2468.25ms
step:2584/3350 train_time:6377.331s step_avg:2468.01ms
step:2585/3350 train_time:6380.460s step_avg:2468.26ms
step:2586/3350 train_time:6382.309s step_avg:2468.02ms
step:2587/3350 train_time:6385.427s step_avg:2468.28ms
step:2588/3350 train_time:6387.273s step_avg:2468.03ms
step:2589/3350 train_time:6390.388s step_avg:2468.28ms
step:2590/3350 train_time:6392.246s step_avg:2468.05ms
step:2591/3350 train_time:6395.363s step_avg:2468.30ms
step:2592/3350 train_time:6397.212s step_avg:2468.06ms
step:2593/3350 train_time:6400.337s step_avg:2468.31ms
step:2594/3350 train_time:6402.191s step_avg:2468.08ms
step:2595/3350 train_time:6405.304s step_avg:2468.33ms
step:2596/3350 train_time:6407.161s step_avg:2468.09ms
step:2597/3350 train_time:6410.289s step_avg:2468.34ms
step:2598/3350 train_time:6412.143s step_avg:2468.11ms
step:2599/3350 train_time:6415.256s step_avg:2468.36ms
step:2600/3350 train_time:6417.421s step_avg:2468.24ms
step:2601/3350 train_time:6420.535s step_avg:2468.49ms
step:2602/3350 train_time:6422.370s step_avg:2468.24ms
step:2603/3350 train_time:6425.490s step_avg:2468.49ms
step:2604/3350 train_time:6427.344s step_avg:2468.26ms
step:2605/3350 train_time:6430.467s step_avg:2468.51ms
step:2606/3350 train_time:6432.320s step_avg:2468.27ms
step:2607/3350 train_time:6435.433s step_avg:2468.52ms
step:2608/3350 train_time:6437.280s step_avg:2468.28ms
step:2609/3350 train_time:6440.390s step_avg:2468.53ms
step:2610/3350 train_time:6442.243s step_avg:2468.29ms
step:2611/3350 train_time:6445.349s step_avg:2468.54ms
step:2612/3350 train_time:6447.183s step_avg:2468.29ms
step:2613/3350 train_time:6450.309s step_avg:2468.55ms
step:2614/3350 train_time:6452.161s step_avg:2468.31ms
step:2615/3350 train_time:6455.291s step_avg:2468.56ms
step:2616/3350 train_time:6457.136s step_avg:2468.32ms
step:2617/3350 train_time:6460.239s step_avg:2468.57ms
step:2618/3350 train_time:6462.084s step_avg:2468.33ms
step:2619/3350 train_time:6465.200s step_avg:2468.58ms
step:2620/3350 train_time:6467.053s step_avg:2468.34ms
step:2621/3350 train_time:6470.180s step_avg:2468.59ms
step:2622/3350 train_time:6472.032s step_avg:2468.36ms
step:2623/3350 train_time:6475.158s step_avg:2468.61ms
step:2624/3350 train_time:6477.017s step_avg:2468.38ms
step:2625/3350 train_time:6480.487s step_avg:2468.76ms
step:2625/3350 val_loss:3.34375 train_time:6480.488s step_avg:2498.57ms
step:2626/3350 train_time:6482.334s step_avg:2468.52ms
step:2627/3350 train_time:6485.457s step_avg:2468.77ms
step:2628/3350 train_time:6487.320s step_avg:2468.54ms
step:2629/3350 train_time:6490.440s step_avg:2468.79ms
step:2630/3350 train_time:6492.288s step_avg:2468.55ms
step:2631/3350 train_time:6495.415s step_avg:2468.80ms
step:2632/3350 train_time:6497.261s step_avg:2468.56ms
step:2633/3350 train_time:6500.385s step_avg:2468.81ms
step:2634/3350 train_time:6502.243s step_avg:2468.58ms
step:2635/3350 train_time:6505.360s step_avg:2468.83ms
step:2636/3350 train_time:6507.207s step_avg:2468.59ms
step:2637/3350 train_time:6510.334s step_avg:2468.84ms
step:2638/3350 train_time:6512.189s step_avg:2468.61ms
step:2639/3350 train_time:6515.305s step_avg:2468.85ms
step:2640/3350 train_time:6517.153s step_avg:2468.62ms
step:2641/3350 train_time:6520.262s step_avg:2468.86ms
step:2642/3350 train_time:6522.106s step_avg:2468.62ms
step:2643/3350 train_time:6525.228s step_avg:2468.87ms
step:2644/3350 train_time:6527.073s step_avg:2468.64ms
step:2645/3350 train_time:6530.190s step_avg:2468.88ms
step:2646/3350 train_time:6532.027s step_avg:2468.64ms
step:2647/3350 train_time:6535.150s step_avg:2468.89ms
step:2648/3350 train_time:6537.004s step_avg:2468.66ms
step:2649/3350 train_time:6540.131s step_avg:2468.91ms
step:2650/3350 train_time:6542.267s step_avg:2468.78ms
step:2651/3350 train_time:6545.386s step_avg:2469.03ms
step:2652/3350 train_time:6547.247s step_avg:2468.80ms
step:2653/3350 train_time:6550.373s step_avg:2469.04ms
step:2654/3350 train_time:6552.221s step_avg:2468.81ms
step:2655/3350 train_time:6555.349s step_avg:2469.06ms
step:2656/3350 train_time:6557.209s step_avg:2468.83ms
step:2657/3350 train_time:6560.334s step_avg:2469.08ms
step:2658/3350 train_time:6562.187s step_avg:2468.84ms
step:2659/3350 train_time:6565.304s step_avg:2469.09ms
step:2660/3350 train_time:6567.148s step_avg:2468.85ms
step:2661/3350 train_time:6570.308s step_avg:2469.11ms
step:2662/3350 train_time:6572.151s step_avg:2468.88ms
step:2663/3350 train_time:6575.279s step_avg:2469.12ms
step:2664/3350 train_time:6577.133s step_avg:2468.89ms
step:2665/3350 train_time:6580.265s step_avg:2469.14ms
step:2666/3350 train_time:6582.124s step_avg:2468.91ms
step:2667/3350 train_time:6585.244s step_avg:2469.16ms
step:2668/3350 train_time:6587.098s step_avg:2468.93ms
step:2669/3350 train_time:6590.230s step_avg:2469.18ms
step:2670/3350 train_time:6592.088s step_avg:2468.95ms
step:2671/3350 train_time:6595.214s step_avg:2469.19ms
step:2672/3350 train_time:6597.073s step_avg:2468.96ms
step:2673/3350 train_time:6600.192s step_avg:2469.21ms
step:2674/3350 train_time:6602.039s step_avg:2468.97ms
step:2675/3350 train_time:6605.464s step_avg:2469.33ms
step:2676/3350 train_time:6607.325s step_avg:2469.11ms
step:2677/3350 train_time:6610.446s step_avg:2469.35ms
step:2678/3350 train_time:6612.292s step_avg:2469.12ms
step:2679/3350 train_time:6615.412s step_avg:2469.36ms
step:2680/3350 train_time:6617.265s step_avg:2469.13ms
step:2681/3350 train_time:6620.392s step_avg:2469.37ms
step:2682/3350 train_time:6622.253s step_avg:2469.15ms
step:2683/3350 train_time:6625.380s step_avg:2469.39ms
step:2684/3350 train_time:6627.241s step_avg:2469.17ms
step:2685/3350 train_time:6630.360s step_avg:2469.41ms
step:2686/3350 train_time:6632.214s step_avg:2469.18ms
step:2687/3350 train_time:6635.345s step_avg:2469.43ms
step:2688/3350 train_time:6637.197s step_avg:2469.20ms
step:2689/3350 train_time:6640.307s step_avg:2469.43ms
step:2690/3350 train_time:6642.168s step_avg:2469.21ms
step:2691/3350 train_time:6645.282s step_avg:2469.45ms
step:2692/3350 train_time:6647.141s step_avg:2469.22ms
step:2693/3350 train_time:6650.268s step_avg:2469.46ms
step:2694/3350 train_time:6652.119s step_avg:2469.24ms
step:2695/3350 train_time:6655.236s step_avg:2469.48ms
step:2696/3350 train_time:6657.095s step_avg:2469.25ms
step:2697/3350 train_time:6660.207s step_avg:2469.49ms
step:2698/3350 train_time:6662.052s step_avg:2469.26ms
step:2699/3350 train_time:6665.185s step_avg:2469.50ms
step:2700/3350 train_time:6667.333s step_avg:2469.38ms
step:2701/3350 train_time:6670.446s step_avg:2469.62ms
step:2702/3350 train_time:6672.291s step_avg:2469.39ms
step:2703/3350 train_time:6675.421s step_avg:2469.63ms
step:2704/3350 train_time:6677.282s step_avg:2469.41ms
step:2705/3350 train_time:6680.414s step_avg:2469.65ms
step:2706/3350 train_time:6682.273s step_avg:2469.43ms
step:2707/3350 train_time:6685.405s step_avg:2469.67ms
step:2708/3350 train_time:6687.264s step_avg:2469.45ms
step:2709/3350 train_time:6690.387s step_avg:2469.69ms
step:2710/3350 train_time:6692.245s step_avg:2469.46ms
step:2711/3350 train_time:6695.371s step_avg:2469.71ms
step:2712/3350 train_time:6697.224s step_avg:2469.48ms
step:2713/3350 train_time:6700.353s step_avg:2469.72ms
step:2714/3350 train_time:6702.214s step_avg:2469.50ms
step:2715/3350 train_time:6705.348s step_avg:2469.74ms
step:2716/3350 train_time:6707.194s step_avg:2469.51ms
step:2717/3350 train_time:6710.311s step_avg:2469.75ms
step:2718/3350 train_time:6712.166s step_avg:2469.52ms
step:2719/3350 train_time:6715.291s step_avg:2469.76ms
step:2720/3350 train_time:6717.143s step_avg:2469.54ms
step:2721/3350 train_time:6720.274s step_avg:2469.78ms
step:2722/3350 train_time:6722.120s step_avg:2469.55ms
step:2723/3350 train_time:6725.241s step_avg:2469.79ms
step:2724/3350 train_time:6727.092s step_avg:2469.56ms
step:2725/3350 train_time:6730.494s step_avg:2469.91ms
step:2726/3350 train_time:6732.354s step_avg:2469.68ms
step:2727/3350 train_time:6735.473s step_avg:2469.92ms
step:2728/3350 train_time:6737.332s step_avg:2469.70ms
step:2729/3350 train_time:6740.457s step_avg:2469.94ms
step:2730/3350 train_time:6742.302s step_avg:2469.71ms
step:2731/3350 train_time:6745.429s step_avg:2469.95ms
step:2732/3350 train_time:6747.277s step_avg:2469.72ms
step:2733/3350 train_time:6750.389s step_avg:2469.96ms
step:2734/3350 train_time:6752.246s step_avg:2469.73ms
step:2735/3350 train_time:6755.377s step_avg:2469.97ms
step:2736/3350 train_time:6757.236s step_avg:2469.75ms
step:2737/3350 train_time:6760.350s step_avg:2469.99ms
step:2738/3350 train_time:6762.198s step_avg:2469.76ms
step:2739/3350 train_time:6765.329s step_avg:2470.00ms
step:2740/3350 train_time:6767.177s step_avg:2469.77ms
step:2741/3350 train_time:6770.296s step_avg:2470.01ms
step:2742/3350 train_time:6772.140s step_avg:2469.78ms
step:2743/3350 train_time:6775.268s step_avg:2470.02ms
step:2744/3350 train_time:6777.123s step_avg:2469.80ms
step:2745/3350 train_time:6780.242s step_avg:2470.03ms
step:2746/3350 train_time:6782.086s step_avg:2469.81ms
step:2747/3350 train_time:6785.204s step_avg:2470.04ms
step:2748/3350 train_time:6787.062s step_avg:2469.82ms
step:2749/3350 train_time:6790.189s step_avg:2470.06ms
step:2750/3350 train_time:6792.398s step_avg:2469.96ms
step:2750/3350 val_loss:3.32750 train_time:6792.398s step_avg:2495.29ms
step:2751/3350 train_time:6795.508s step_avg:2470.20ms
step:2752/3350 train_time:6797.356s step_avg:2469.97ms
step:2753/3350 train_time:6800.488s step_avg:2470.21ms
step:2754/3350 train_time:6802.348s step_avg:2469.99ms
step:2755/3350 train_time:6805.480s step_avg:2470.23ms
step:2756/3350 train_time:6807.340s step_avg:2470.01ms
step:2757/3350 train_time:6810.458s step_avg:2470.24ms
step:2758/3350 train_time:6812.314s step_avg:2470.02ms
step:2759/3350 train_time:6815.445s step_avg:2470.26ms
step:2760/3350 train_time:6817.305s step_avg:2470.04ms
step:2761/3350 train_time:6820.437s step_avg:2470.28ms
step:2762/3350 train_time:6822.298s step_avg:2470.06ms
step:2763/3350 train_time:6825.417s step_avg:2470.29ms
step:2764/3350 train_time:6827.269s step_avg:2470.07ms
step:2765/3350 train_time:6830.400s step_avg:2470.31ms
step:2766/3350 train_time:6832.250s step_avg:2470.08ms
step:2767/3350 train_time:6835.380s step_avg:2470.32ms
step:2768/3350 train_time:6837.228s step_avg:2470.10ms
step:2769/3350 train_time:6840.360s step_avg:2470.34ms
step:2770/3350 train_time:6842.208s step_avg:2470.11ms
step:2771/3350 train_time:6845.325s step_avg:2470.34ms
step:2772/3350 train_time:6847.182s step_avg:2470.12ms
step:2773/3350 train_time:6850.295s step_avg:2470.36ms
step:2774/3350 train_time:6852.149s step_avg:2470.13ms
step:2775/3350 train_time:6855.558s step_avg:2470.47ms
step:2776/3350 train_time:6857.403s step_avg:2470.25ms
step:2777/3350 train_time:6860.531s step_avg:2470.48ms
step:2778/3350 train_time:6862.390s step_avg:2470.26ms
step:2779/3350 train_time:6865.511s step_avg:2470.50ms
step:2780/3350 train_time:6867.370s step_avg:2470.28ms
step:2781/3350 train_time:6870.502s step_avg:2470.51ms
step:2782/3350 train_time:6872.352s step_avg:2470.29ms
step:2783/3350 train_time:6875.476s step_avg:2470.53ms
step:2784/3350 train_time:6877.331s step_avg:2470.31ms
step:2785/3350 train_time:6880.447s step_avg:2470.54ms
step:2786/3350 train_time:6882.307s step_avg:2470.32ms
step:2787/3350 train_time:6885.432s step_avg:2470.55ms
step:2788/3350 train_time:6887.280s step_avg:2470.33ms
step:2789/3350 train_time:6890.405s step_avg:2470.56ms
step:2790/3350 train_time:6892.263s step_avg:2470.35ms
step:2791/3350 train_time:6895.388s step_avg:2470.58ms
step:2792/3350 train_time:6897.254s step_avg:2470.36ms
step:2793/3350 train_time:6900.383s step_avg:2470.60ms
step:2794/3350 train_time:6902.243s step_avg:2470.38ms
step:2795/3350 train_time:6905.371s step_avg:2470.62ms
step:2796/3350 train_time:6907.226s step_avg:2470.40ms
step:2797/3350 train_time:6910.350s step_avg:2470.63ms
step:2798/3350 train_time:6912.211s step_avg:2470.41ms
step:2799/3350 train_time:6915.340s step_avg:2470.65ms
step:2800/3350 train_time:6917.492s step_avg:2470.53ms
step:2801/3350 train_time:6920.605s step_avg:2470.76ms
step:2802/3350 train_time:6922.454s step_avg:2470.54ms
step:2803/3350 train_time:6925.586s step_avg:2470.78ms
step:2804/3350 train_time:6927.445s step_avg:2470.56ms
step:2805/3350 train_time:6930.572s step_avg:2470.79ms
step:2806/3350 train_time:6932.418s step_avg:2470.57ms
step:2807/3350 train_time:6935.555s step_avg:2470.81ms
step:2808/3350 train_time:6937.420s step_avg:2470.59ms
step:2809/3350 train_time:6940.538s step_avg:2470.82ms
step:2810/3350 train_time:6942.398s step_avg:2470.60ms
step:2811/3350 train_time:6945.525s step_avg:2470.84ms
step:2812/3350 train_time:6947.386s step_avg:2470.62ms
step:2813/3350 train_time:6950.523s step_avg:2470.86ms
step:2814/3350 train_time:6952.376s step_avg:2470.64ms
step:2815/3350 train_time:6955.510s step_avg:2470.87ms
step:2816/3350 train_time:6957.370s step_avg:2470.66ms
step:2817/3350 train_time:6960.501s step_avg:2470.89ms
step:2818/3350 train_time:6962.356s step_avg:2470.67ms
step:2819/3350 train_time:6965.488s step_avg:2470.91ms
step:2820/3350 train_time:6967.350s step_avg:2470.69ms
step:2821/3350 train_time:6970.472s step_avg:2470.92ms
step:2822/3350 train_time:6972.330s step_avg:2470.71ms
step:2823/3350 train_time:6975.455s step_avg:2470.94ms
step:2824/3350 train_time:6977.315s step_avg:2470.72ms
step:2825/3350 train_time:6980.738s step_avg:2471.06ms
step:2826/3350 train_time:6982.591s step_avg:2470.84ms
step:2827/3350 train_time:6985.725s step_avg:2471.07ms
step:2828/3350 train_time:6987.582s step_avg:2470.86ms
step:2829/3350 train_time:6990.704s step_avg:2471.09ms
step:2830/3350 train_time:6992.560s step_avg:2470.87ms
step:2831/3350 train_time:6995.688s step_avg:2471.10ms
step:2832/3350 train_time:6997.537s step_avg:2470.88ms
step:2833/3350 train_time:7000.664s step_avg:2471.11ms
step:2834/3350 train_time:7002.529s step_avg:2470.90ms
step:2835/3350 train_time:7005.662s step_avg:2471.13ms
step:2836/3350 train_time:7007.529s step_avg:2470.92ms
step:2837/3350 train_time:7010.658s step_avg:2471.15ms
step:2838/3350 train_time:7012.519s step_avg:2470.94ms
step:2839/3350 train_time:7015.649s step_avg:2471.17ms
step:2840/3350 train_time:7017.515s step_avg:2470.96ms
step:2841/3350 train_time:7020.643s step_avg:2471.19ms
step:2842/3350 train_time:7022.492s step_avg:2470.97ms
step:2843/3350 train_time:7025.620s step_avg:2471.20ms
step:2844/3350 train_time:7027.484s step_avg:2470.99ms
step:2845/3350 train_time:7030.611s step_avg:2471.22ms
step:2846/3350 train_time:7032.469s step_avg:2471.00ms
step:2847/3350 train_time:7035.606s step_avg:2471.24ms
step:2848/3350 train_time:7037.465s step_avg:2471.02ms
step:2849/3350 train_time:7040.590s step_avg:2471.25ms
step:2850/3350 train_time:7042.749s step_avg:2471.14ms
step:2851/3350 train_time:7045.915s step_avg:2471.38ms
step:2852/3350 train_time:7047.781s step_avg:2471.17ms
step:2853/3350 train_time:7050.901s step_avg:2471.40ms
step:2854/3350 train_time:7052.752s step_avg:2471.18ms
step:2855/3350 train_time:7055.869s step_avg:2471.41ms
step:2856/3350 train_time:7057.725s step_avg:2471.19ms
step:2857/3350 train_time:7060.847s step_avg:2471.42ms
step:2858/3350 train_time:7062.708s step_avg:2471.21ms
step:2859/3350 train_time:7065.833s step_avg:2471.44ms
step:2860/3350 train_time:7067.685s step_avg:2471.22ms
step:2861/3350 train_time:7070.811s step_avg:2471.45ms
step:2862/3350 train_time:7072.669s step_avg:2471.23ms
step:2863/3350 train_time:7075.798s step_avg:2471.46ms
step:2864/3350 train_time:7077.663s step_avg:2471.25ms
step:2865/3350 train_time:7080.787s step_avg:2471.48ms
step:2866/3350 train_time:7082.641s step_avg:2471.26ms
step:2867/3350 train_time:7085.777s step_avg:2471.50ms
step:2868/3350 train_time:7087.630s step_avg:2471.28ms
step:2869/3350 train_time:7090.768s step_avg:2471.51ms
step:2870/3350 train_time:7092.628s step_avg:2471.30ms
step:2871/3350 train_time:7095.751s step_avg:2471.53ms
step:2872/3350 train_time:7097.609s step_avg:2471.31ms
step:2873/3350 train_time:7100.736s step_avg:2471.54ms
step:2874/3350 train_time:7102.582s step_avg:2471.32ms
step:2875/3350 train_time:7106.057s step_avg:2471.67ms
step:2875/3350 val_loss:3.31220 train_time:7106.058s step_avg:2509.27ms
step:2876/3350 train_time:7107.924s step_avg:2471.46ms
step:2877/3350 train_time:7111.058s step_avg:2471.69ms
step:2878/3350 train_time:7112.905s step_avg:2471.48ms
step:2879/3350 train_time:7116.038s step_avg:2471.70ms
step:2880/3350 train_time:7117.904s step_avg:2471.49ms
step:2881/3350 train_time:7121.034s step_avg:2471.72ms
step:2882/3350 train_time:7122.900s step_avg:2471.51ms
step:2883/3350 train_time:7126.042s step_avg:2471.75ms
step:2884/3350 train_time:7127.899s step_avg:2471.53ms
step:2885/3350 train_time:7131.038s step_avg:2471.76ms
step:2886/3350 train_time:7132.895s step_avg:2471.55ms
step:2887/3350 train_time:7136.017s step_avg:2471.78ms
step:2888/3350 train_time:7137.872s step_avg:2471.56ms
step:2889/3350 train_time:7141.006s step_avg:2471.79ms
step:2890/3350 train_time:7142.865s step_avg:2471.58ms
step:2891/3350 train_time:7145.987s step_avg:2471.80ms
step:2892/3350 train_time:7147.839s step_avg:2471.59ms
step:2893/3350 train_time:7150.979s step_avg:2471.82ms
step:2894/3350 train_time:7152.848s step_avg:2471.61ms
step:2895/3350 train_time:7155.977s step_avg:2471.84ms
step:2896/3350 train_time:7157.841s step_avg:2471.63ms
step:2897/3350 train_time:7160.976s step_avg:2471.86ms
step:2898/3350 train_time:7162.846s step_avg:2471.65ms
step:2899/3350 train_time:7165.976s step_avg:2471.88ms
step:2900/3350 train_time:7168.136s step_avg:2471.77ms
step:2901/3350 train_time:7171.251s step_avg:2471.99ms
step:2902/3350 train_time:7173.097s step_avg:2471.78ms
step:2903/3350 train_time:7176.227s step_avg:2472.00ms
step:2904/3350 train_time:7178.093s step_avg:2471.80ms
step:2905/3350 train_time:7181.218s step_avg:2472.02ms
step:2906/3350 train_time:7183.076s step_avg:2471.81ms
step:2907/3350 train_time:7186.205s step_avg:2472.03ms
step:2908/3350 train_time:7188.061s step_avg:2471.82ms
step:2909/3350 train_time:7191.191s step_avg:2472.05ms
step:2910/3350 train_time:7193.043s step_avg:2471.84ms
step:2911/3350 train_time:7196.168s step_avg:2472.06ms
step:2912/3350 train_time:7198.025s step_avg:2471.85ms
step:2913/3350 train_time:7201.152s step_avg:2472.07ms
step:2914/3350 train_time:7203.005s step_avg:2471.86ms
step:2915/3350 train_time:7206.131s step_avg:2472.09ms
step:2916/3350 train_time:7207.981s step_avg:2471.87ms
step:2917/3350 train_time:7211.105s step_avg:2472.10ms
step:2918/3350 train_time:7212.956s step_avg:2471.88ms
step:2919/3350 train_time:7216.084s step_avg:2472.11ms
step:2920/3350 train_time:7217.952s step_avg:2471.90ms
step:2921/3350 train_time:7221.074s step_avg:2472.12ms
step:2922/3350 train_time:7222.944s step_avg:2471.92ms
step:2923/3350 train_time:7226.086s step_avg:2472.15ms
step:2924/3350 train_time:7227.950s step_avg:2471.94ms
step:2925/3350 train_time:7231.368s step_avg:2472.26ms
step:2926/3350 train_time:7233.231s step_avg:2472.05ms
step:2927/3350 train_time:7236.361s step_avg:2472.28ms
step:2928/3350 train_time:7238.219s step_avg:2472.07ms
step:2929/3350 train_time:7241.354s step_avg:2472.30ms
step:2930/3350 train_time:7243.220s step_avg:2472.09ms
step:2931/3350 train_time:7246.349s step_avg:2472.31ms
step:2932/3350 train_time:7248.206s step_avg:2472.10ms
step:2933/3350 train_time:7251.348s step_avg:2472.33ms
step:2934/3350 train_time:7253.204s step_avg:2472.12ms
step:2935/3350 train_time:7256.339s step_avg:2472.35ms
step:2936/3350 train_time:7258.201s step_avg:2472.14ms
step:2937/3350 train_time:7261.340s step_avg:2472.37ms
step:2938/3350 train_time:7263.201s step_avg:2472.16ms
step:2939/3350 train_time:7266.332s step_avg:2472.38ms
step:2940/3350 train_time:7268.203s step_avg:2472.18ms
step:2941/3350 train_time:7271.342s step_avg:2472.40ms
step:2942/3350 train_time:7273.203s step_avg:2472.20ms
step:2943/3350 train_time:7276.335s step_avg:2472.42ms
step:2944/3350 train_time:7278.197s step_avg:2472.21ms
step:2945/3350 train_time:7281.340s step_avg:2472.44ms
step:2946/3350 train_time:7283.204s step_avg:2472.23ms
step:2947/3350 train_time:7286.344s step_avg:2472.46ms
step:2948/3350 train_time:7288.207s step_avg:2472.25ms
step:2949/3350 train_time:7291.341s step_avg:2472.48ms
step:2950/3350 train_time:7293.499s step_avg:2472.37ms
step:2951/3350 train_time:7296.625s step_avg:2472.59ms
step:2952/3350 train_time:7298.484s step_avg:2472.39ms
step:2953/3350 train_time:7301.626s step_avg:2472.61ms
step:2954/3350 train_time:7303.498s step_avg:2472.41ms
step:2955/3350 train_time:7306.625s step_avg:2472.63ms
step:2956/3350 train_time:7308.482s step_avg:2472.42ms
step:2957/3350 train_time:7311.609s step_avg:2472.64ms
step:2958/3350 train_time:7313.470s step_avg:2472.44ms
step:2959/3350 train_time:7316.610s step_avg:2472.66ms
step:2960/3350 train_time:7318.472s step_avg:2472.46ms
step:2961/3350 train_time:7321.618s step_avg:2472.68ms
step:2962/3350 train_time:7323.477s step_avg:2472.48ms
step:2963/3350 train_time:7326.609s step_avg:2472.70ms
step:2964/3350 train_time:7328.468s step_avg:2472.49ms
step:2965/3350 train_time:7331.614s step_avg:2472.72ms
step:2966/3350 train_time:7333.484s step_avg:2472.52ms
step:2967/3350 train_time:7336.609s step_avg:2472.74ms
step:2968/3350 train_time:7338.463s step_avg:2472.53ms
step:2969/3350 train_time:7341.589s step_avg:2472.75ms
step:2970/3350 train_time:7343.446s step_avg:2472.54ms
step:2971/3350 train_time:7346.571s step_avg:2472.76ms
step:2972/3350 train_time:7348.442s step_avg:2472.56ms
step:2973/3350 train_time:7351.573s step_avg:2472.78ms
step:2974/3350 train_time:7353.430s step_avg:2472.57ms
step:2975/3350 train_time:7356.845s step_avg:2472.89ms
step:2976/3350 train_time:7358.702s step_avg:2472.68ms
step:2977/3350 train_time:7361.827s step_avg:2472.90ms
step:2978/3350 train_time:7363.685s step_avg:2472.69ms
step:2979/3350 train_time:7366.812s step_avg:2472.91ms
step:2980/3350 train_time:7368.680s step_avg:2472.71ms
step:2981/3350 train_time:7371.802s step_avg:2472.93ms
step:2982/3350 train_time:7373.665s step_avg:2472.72ms
step:2983/3350 train_time:7376.796s step_avg:2472.95ms
step:2984/3350 train_time:7378.659s step_avg:2472.74ms
step:2985/3350 train_time:7381.801s step_avg:2472.97ms
step:2986/3350 train_time:7383.659s step_avg:2472.76ms
step:2987/3350 train_time:7386.788s step_avg:2472.98ms
step:2988/3350 train_time:7388.642s step_avg:2472.77ms
step:2989/3350 train_time:7391.779s step_avg:2472.99ms
step:2990/3350 train_time:7393.649s step_avg:2472.79ms
step:2991/3350 train_time:7396.779s step_avg:2473.01ms
step:2992/3350 train_time:7398.632s step_avg:2472.80ms
step:2993/3350 train_time:7401.757s step_avg:2473.02ms
step:2994/3350 train_time:7403.609s step_avg:2472.82ms
step:2995/3350 train_time:7406.745s step_avg:2473.04ms
step:2996/3350 train_time:7408.602s step_avg:2472.83ms
step:2997/3350 train_time:7411.727s step_avg:2473.05ms
step:2998/3350 train_time:7413.592s step_avg:2472.85ms
step:2999/3350 train_time:7416.716s step_avg:2473.06ms
step:3000/3350 train_time:7418.951s step_avg:2472.98ms
step:3000/3350 val_loss:3.29625 train_time:7418.951s step_avg:2503.15ms
step:3001/3350 train_time:7422.076s step_avg:2473.20ms
step:3002/3350 train_time:7423.934s step_avg:2473.00ms
step:3003/3350 train_time:7427.066s step_avg:2473.22ms
step:3004/3350 train_time:7428.928s step_avg:2473.01ms
step:3005/3350 train_time:7432.061s step_avg:2473.23ms
step:3006/3350 train_time:7433.918s step_avg:2473.03ms
step:3007/3350 train_time:7437.048s step_avg:2473.25ms
step:3008/3350 train_time:7438.914s step_avg:2473.04ms
step:3009/3350 train_time:7442.042s step_avg:2473.26ms
step:3010/3350 train_time:7443.913s step_avg:2473.06ms
step:3011/3350 train_time:7447.043s step_avg:2473.28ms
step:3012/3350 train_time:7448.897s step_avg:2473.07ms
step:3013/3350 train_time:7452.039s step_avg:2473.30ms
step:3014/3350 train_time:7453.905s step_avg:2473.09ms
step:3015/3350 train_time:7457.036s step_avg:2473.31ms
step:3016/3350 train_time:7458.905s step_avg:2473.11ms
step:3017/3350 train_time:7462.042s step_avg:2473.33ms
step:3018/3350 train_time:7463.914s step_avg:2473.13ms
step:3019/3350 train_time:7467.047s step_avg:2473.35ms
step:3020/3350 train_time:7468.918s step_avg:2473.15ms
step:3021/3350 train_time:7472.054s step_avg:2473.37ms
step:3022/3350 train_time:7473.905s step_avg:2473.17ms
step:3023/3350 train_time:7477.046s step_avg:2473.39ms
step:3024/3350 train_time:7478.914s step_avg:2473.19ms
step:3025/3350 train_time:7482.340s step_avg:2473.50ms
step:3025/3350 val_loss:3.29243 train_time:7482.340s step_avg:2535.55ms
step:3026/3350 train_time:7484.198s step_avg:2473.30ms
step:3027/3350 train_time:7487.338s step_avg:2473.52ms
step:3028/3350 train_time:7489.192s step_avg:2473.31ms
step:3029/3350 train_time:7492.316s step_avg:2473.53ms
step:3030/3350 train_time:7494.169s step_avg:2473.32ms
step:3031/3350 train_time:7497.300s step_avg:2473.54ms
step:3032/3350 train_time:7499.157s step_avg:2473.34ms
step:3033/3350 train_time:7502.295s step_avg:2473.56ms
step:3034/3350 train_time:7504.161s step_avg:2473.36ms
step:3035/3350 train_time:7507.301s step_avg:2473.58ms
step:3036/3350 train_time:7509.152s step_avg:2473.37ms
step:3037/3350 train_time:7512.297s step_avg:2473.59ms
step:3038/3350 train_time:7514.163s step_avg:2473.39ms
step:3039/3350 train_time:7517.303s step_avg:2473.61ms
step:3040/3350 train_time:7519.174s step_avg:2473.41ms
step:3041/3350 train_time:7522.350s step_avg:2473.64ms
step:3042/3350 train_time:7524.206s step_avg:2473.44ms
step:3043/3350 train_time:7527.330s step_avg:2473.65ms
step:3044/3350 train_time:7529.197s step_avg:2473.46ms
step:3045/3350 train_time:7532.333s step_avg:2473.67ms
step:3046/3350 train_time:7534.190s step_avg:2473.47ms
step:3047/3350 train_time:7537.333s step_avg:2473.69ms
step:3048/3350 train_time:7539.201s step_avg:2473.49ms
step:3049/3350 train_time:7542.350s step_avg:2473.71ms
step:3050/3350 train_time:7544.515s step_avg:2473.61ms
step:3050/3350 val_loss:3.28947 train_time:7544.515s step_avg:2487.00ms
step:3051/3350 train_time:7547.644s step_avg:2473.83ms
step:3052/3350 train_time:7549.510s step_avg:2473.63ms
step:3053/3350 train_time:7552.640s step_avg:2473.84ms
step:3054/3350 train_time:7554.497s step_avg:2473.64ms
step:3055/3350 train_time:7557.642s step_avg:2473.86ms
step:3056/3350 train_time:7559.515s step_avg:2473.66ms
step:3057/3350 train_time:7562.661s step_avg:2473.88ms
step:3058/3350 train_time:7564.537s step_avg:2473.69ms
step:3059/3350 train_time:7567.684s step_avg:2473.91ms
step:3060/3350 train_time:7569.550s step_avg:2473.71ms
step:3061/3350 train_time:7572.695s step_avg:2473.93ms
step:3062/3350 train_time:7574.554s step_avg:2473.73ms
step:3063/3350 train_time:7577.684s step_avg:2473.94ms
step:3064/3350 train_time:7579.559s step_avg:2473.75ms
step:3065/3350 train_time:7582.699s step_avg:2473.96ms
step:3066/3350 train_time:7584.558s step_avg:2473.76ms
step:3067/3350 train_time:7587.698s step_avg:2473.98ms
step:3068/3350 train_time:7589.568s step_avg:2473.78ms
step:3069/3350 train_time:7592.711s step_avg:2474.00ms
step:3070/3350 train_time:7594.579s step_avg:2473.80ms
step:3071/3350 train_time:7597.720s step_avg:2474.02ms
step:3072/3350 train_time:7599.578s step_avg:2473.82ms
step:3073/3350 train_time:7602.705s step_avg:2474.03ms
step:3074/3350 train_time:7604.576s step_avg:2473.84ms
step:3075/3350 train_time:7608.006s step_avg:2474.15ms
step:3075/3350 val_loss:3.28658 train_time:7608.007s step_avg:2539.65ms
step:3076/3350 train_time:7609.879s step_avg:2473.95ms
step:3077/3350 train_time:7613.024s step_avg:2474.17ms
step:3078/3350 train_time:7614.884s step_avg:2473.97ms
step:3079/3350 train_time:7618.032s step_avg:2474.19ms
step:3080/3350 train_time:7619.894s step_avg:2473.99ms
step:3081/3350 train_time:7623.041s step_avg:2474.21ms
step:3082/3350 train_time:7624.897s step_avg:2474.01ms
step:3083/3350 train_time:7628.036s step_avg:2474.23ms
step:3084/3350 train_time:7629.906s step_avg:2474.03ms
step:3085/3350 train_time:7633.052s step_avg:2474.25ms
step:3086/3350 train_time:7634.908s step_avg:2474.05ms
step:3087/3350 train_time:7638.051s step_avg:2474.26ms
step:3088/3350 train_time:7639.917s step_avg:2474.07ms
step:3089/3350 train_time:7643.054s step_avg:2474.28ms
step:3090/3350 train_time:7644.919s step_avg:2474.08ms
step:3091/3350 train_time:7648.064s step_avg:2474.30ms
step:3092/3350 train_time:7649.936s step_avg:2474.11ms
step:3093/3350 train_time:7653.063s step_avg:2474.32ms
step:3094/3350 train_time:7654.928s step_avg:2474.12ms
step:3095/3350 train_time:7658.059s step_avg:2474.33ms
step:3096/3350 train_time:7659.923s step_avg:2474.14ms
step:3097/3350 train_time:7663.053s step_avg:2474.35ms
step:3098/3350 train_time:7664.911s step_avg:2474.15ms
step:3099/3350 train_time:7668.056s step_avg:2474.36ms
step:3100/3350 train_time:7670.231s step_avg:2474.27ms
step:3100/3350 val_loss:3.28381 train_time:7670.231s step_avg:2489.00ms
step:3101/3350 train_time:7673.359s step_avg:2474.48ms
step:3102/3350 train_time:7675.225s step_avg:2474.28ms
step:3103/3350 train_time:7678.366s step_avg:2474.50ms
step:3104/3350 train_time:7680.239s step_avg:2474.30ms
step:3105/3350 train_time:7683.371s step_avg:2474.52ms
step:3106/3350 train_time:7685.242s step_avg:2474.32ms
step:3107/3350 train_time:7688.384s step_avg:2474.54ms
step:3108/3350 train_time:7690.253s step_avg:2474.34ms
step:3109/3350 train_time:7693.396s step_avg:2474.56ms
step:3110/3350 train_time:7695.272s step_avg:2474.36ms
step:3111/3350 train_time:7698.400s step_avg:2474.57ms
step:3112/3350 train_time:7700.264s step_avg:2474.38ms
step:3113/3350 train_time:7703.397s step_avg:2474.59ms
step:3114/3350 train_time:7705.255s step_avg:2474.39ms
step:3115/3350 train_time:7708.397s step_avg:2474.61ms
step:3116/3350 train_time:7710.260s step_avg:2474.41ms
step:3117/3350 train_time:7713.400s step_avg:2474.62ms
step:3118/3350 train_time:7715.271s step_avg:2474.43ms
step:3119/3350 train_time:7718.418s step_avg:2474.65ms
step:3120/3350 train_time:7720.281s step_avg:2474.45ms
step:3121/3350 train_time:7723.415s step_avg:2474.66ms
step:3122/3350 train_time:7725.292s step_avg:2474.47ms
step:3123/3350 train_time:7728.426s step_avg:2474.68ms
step:3124/3350 train_time:7730.303s step_avg:2474.49ms
step:3125/3350 train_time:7733.799s step_avg:2474.82ms
step:3125/3350 val_loss:3.28090 train_time:7733.799s step_avg:2542.71ms
step:3126/3350 train_time:7735.674s step_avg:2474.62ms
step:3127/3350 train_time:7738.829s step_avg:2474.84ms
step:3128/3350 train_time:7740.699s step_avg:2474.65ms
step:3129/3350 train_time:7743.833s step_avg:2474.86ms
step:3130/3350 train_time:7745.696s step_avg:2474.66ms
step:3131/3350 train_time:7748.827s step_avg:2474.87ms
step:3132/3350 train_time:7750.703s step_avg:2474.68ms
step:3133/3350 train_time:7753.853s step_avg:2474.90ms
step:3134/3350 train_time:7755.718s step_avg:2474.70ms
step:3135/3350 train_time:7758.859s step_avg:2474.92ms
step:3136/3350 train_time:7760.725s step_avg:2474.72ms
step:3137/3350 train_time:7763.873s step_avg:2474.94ms
step:3138/3350 train_time:7765.734s step_avg:2474.74ms
step:3139/3350 train_time:7768.864s step_avg:2474.95ms
step:3140/3350 train_time:7770.737s step_avg:2474.76ms
step:3141/3350 train_time:7773.870s step_avg:2474.97ms
step:3142/3350 train_time:7775.743s step_avg:2474.78ms
step:3143/3350 train_time:7778.873s step_avg:2474.98ms
step:3144/3350 train_time:7780.740s step_avg:2474.79ms
step:3145/3350 train_time:7783.882s step_avg:2475.00ms
step:3146/3350 train_time:7785.743s step_avg:2474.81ms
step:3147/3350 train_time:7788.876s step_avg:2475.02ms
step:3148/3350 train_time:7790.754s step_avg:2474.83ms
step:3149/3350 train_time:7793.887s step_avg:2475.04ms
step:3150/3350 train_time:7796.040s step_avg:2474.93ms
step:3150/3350 val_loss:3.27782 train_time:7796.040s step_avg:2489.64ms
step:3151/3350 train_time:7799.170s step_avg:2475.14ms
step:3152/3350 train_time:7801.031s step_avg:2474.95ms
step:3153/3350 train_time:7804.168s step_avg:2475.16ms
step:3154/3350 train_time:7806.030s step_avg:2474.96ms
step:3155/3350 train_time:7809.177s step_avg:2475.17ms
step:3156/3350 train_time:7811.056s step_avg:2474.99ms
step:3157/3350 train_time:7814.192s step_avg:2475.20ms
step:3158/3350 train_time:7816.067s step_avg:2475.01ms
step:3159/3350 train_time:7819.210s step_avg:2475.22ms
step:3160/3350 train_time:7821.073s step_avg:2475.02ms
step:3161/3350 train_time:7824.224s step_avg:2475.24ms
step:3162/3350 train_time:7826.084s step_avg:2475.04ms
step:3163/3350 train_time:7829.227s step_avg:2475.25ms
step:3164/3350 train_time:7831.090s step_avg:2475.06ms
step:3165/3350 train_time:7834.235s step_avg:2475.27ms
step:3166/3350 train_time:7836.095s step_avg:2475.08ms
step:3167/3350 train_time:7839.241s step_avg:2475.29ms
step:3168/3350 train_time:7841.103s step_avg:2475.10ms
step:3169/3350 train_time:7844.231s step_avg:2475.30ms
step:3170/3350 train_time:7846.101s step_avg:2475.11ms
step:3171/3350 train_time:7849.243s step_avg:2475.32ms
step:3172/3350 train_time:7851.114s step_avg:2475.13ms
step:3173/3350 train_time:7854.265s step_avg:2475.34ms
step:3174/3350 train_time:7856.134s step_avg:2475.15ms
step:3175/3350 train_time:7859.577s step_avg:2475.46ms
step:3175/3350 val_loss:3.27518 train_time:7859.577s step_avg:2541.47ms
step:3176/3350 train_time:7861.436s step_avg:2475.26ms
step:3177/3350 train_time:7864.596s step_avg:2475.48ms
step:3178/3350 train_time:7866.458s step_avg:2475.29ms
step:3179/3350 train_time:7869.602s step_avg:2475.50ms
step:3180/3350 train_time:7871.472s step_avg:2475.31ms
step:3181/3350 train_time:7874.623s step_avg:2475.52ms
step:3182/3350 train_time:7876.498s step_avg:2475.33ms
step:3183/3350 train_time:7879.633s step_avg:2475.54ms
step:3184/3350 train_time:7881.502s step_avg:2475.35ms
step:3185/3350 train_time:7884.652s step_avg:2475.56ms
step:3186/3350 train_time:7886.515s step_avg:2475.37ms
step:3187/3350 train_time:7889.663s step_avg:2475.58ms
step:3188/3350 train_time:7891.520s step_avg:2475.38ms
step:3189/3350 train_time:7894.648s step_avg:2475.59ms
step:3190/3350 train_time:7896.526s step_avg:2475.40ms
step:3191/3350 train_time:7899.677s step_avg:2475.61ms
step:3192/3350 train_time:7901.551s step_avg:2475.42ms
step:3193/3350 train_time:7904.687s step_avg:2475.63ms
step:3194/3350 train_time:7906.559s step_avg:2475.44ms
step:3195/3350 train_time:7909.691s step_avg:2475.65ms
step:3196/3350 train_time:7911.570s step_avg:2475.46ms
step:3197/3350 train_time:7914.709s step_avg:2475.67ms
step:3198/3350 train_time:7916.586s step_avg:2475.48ms
step:3199/3350 train_time:7919.724s step_avg:2475.69ms
step:3200/3350 train_time:7921.896s step_avg:2475.59ms
step:3200/3350 val_loss:3.27261 train_time:7921.897s step_avg:2492.77ms
step:3201/3350 train_time:7925.023s step_avg:2475.80ms
step:3202/3350 train_time:7926.883s step_avg:2475.60ms
step:3203/3350 train_time:7930.025s step_avg:2475.81ms
step:3204/3350 train_time:7931.885s step_avg:2475.62ms
step:3205/3350 train_time:7935.031s step_avg:2475.83ms
step:3206/3350 train_time:7936.914s step_avg:2475.64ms
step:3207/3350 train_time:7940.061s step_avg:2475.85ms
step:3208/3350 train_time:7941.925s step_avg:2475.66ms
step:3209/3350 train_time:7945.078s step_avg:2475.87ms
step:3210/3350 train_time:7946.950s step_avg:2475.69ms
step:3211/3350 train_time:7950.105s step_avg:2475.90ms
step:3212/3350 train_time:7951.972s step_avg:2475.71ms
step:3213/3350 train_time:7955.104s step_avg:2475.91ms
step:3214/3350 train_time:7956.972s step_avg:2475.72ms
step:3215/3350 train_time:7960.123s step_avg:2475.93ms
step:3216/3350 train_time:7961.995s step_avg:2475.74ms
step:3217/3350 train_time:7965.147s step_avg:2475.95ms
step:3218/3350 train_time:7967.029s step_avg:2475.77ms
step:3219/3350 train_time:7970.165s step_avg:2475.98ms
step:3220/3350 train_time:7972.040s step_avg:2475.79ms
step:3221/3350 train_time:7975.183s step_avg:2476.00ms
step:3222/3350 train_time:7977.058s step_avg:2475.81ms
step:3223/3350 train_time:7980.203s step_avg:2476.02ms
step:3224/3350 train_time:7982.065s step_avg:2475.83ms
step:3225/3350 train_time:7985.507s step_avg:2476.13ms
step:3225/3350 val_loss:3.27028 train_time:7985.508s step_avg:2544.44ms
step:3226/3350 train_time:7987.380s step_avg:2475.94ms
step:3227/3350 train_time:7990.512s step_avg:2476.14ms
step:3228/3350 train_time:7992.372s step_avg:2475.95ms
step:3229/3350 train_time:7995.514s step_avg:2476.16ms
step:3230/3350 train_time:7997.393s step_avg:2475.97ms
step:3231/3350 train_time:8000.566s step_avg:2476.19ms
step:3232/3350 train_time:8002.430s step_avg:2476.00ms
step:3233/3350 train_time:8005.561s step_avg:2476.20ms
step:3234/3350 train_time:8007.426s step_avg:2476.01ms
step:3235/3350 train_time:8010.575s step_avg:2476.22ms
step:3236/3350 train_time:8012.453s step_avg:2476.04ms
step:3237/3350 train_time:8015.591s step_avg:2476.24ms
step:3238/3350 train_time:8017.469s step_avg:2476.06ms
step:3239/3350 train_time:8020.595s step_avg:2476.26ms
step:3240/3350 train_time:8022.471s step_avg:2476.07ms
step:3241/3350 train_time:8025.611s step_avg:2476.28ms
step:3242/3350 train_time:8027.469s step_avg:2476.09ms
step:3243/3350 train_time:8030.610s step_avg:2476.29ms
step:3244/3350 train_time:8032.477s step_avg:2476.10ms
step:3245/3350 train_time:8035.607s step_avg:2476.30ms
step:3246/3350 train_time:8037.472s step_avg:2476.12ms
step:3247/3350 train_time:8040.622s step_avg:2476.32ms
step:3248/3350 train_time:8042.490s step_avg:2476.14ms
step:3249/3350 train_time:8045.628s step_avg:2476.34ms
step:3250/3350 train_time:8047.841s step_avg:2476.26ms
step:3250/3350 val_loss:3.26816 train_time:8047.842s step_avg:2493.37ms
step:3251/3350 train_time:8050.988s step_avg:2476.47ms
step:3252/3350 train_time:8052.866s step_avg:2476.28ms
step:3253/3350 train_time:8055.994s step_avg:2476.48ms
step:3254/3350 train_time:8057.870s step_avg:2476.30ms
step:3255/3350 train_time:8061.002s step_avg:2476.50ms
step:3256/3350 train_time:8062.874s step_avg:2476.31ms
step:3257/3350 train_time:8066.004s step_avg:2476.51ms
step:3258/3350 train_time:8067.864s step_avg:2476.32ms
step:3259/3350 train_time:8071.010s step_avg:2476.53ms
step:3260/3350 train_time:8072.873s step_avg:2476.34ms
step:3261/3350 train_time:8076.015s step_avg:2476.55ms
step:3262/3350 train_time:8077.873s step_avg:2476.36ms
step:3263/3350 train_time:8081.004s step_avg:2476.56ms
step:3264/3350 train_time:8082.872s step_avg:2476.37ms
step:3265/3350 train_time:8086.004s step_avg:2476.57ms
step:3266/3350 train_time:8087.876s step_avg:2476.39ms
step:3267/3350 train_time:8091.020s step_avg:2476.59ms
step:3268/3350 train_time:8092.877s step_avg:2476.40ms
step:3269/3350 train_time:8096.014s step_avg:2476.60ms
step:3270/3350 train_time:8097.872s step_avg:2476.41ms
step:3271/3350 train_time:8101.016s step_avg:2476.62ms
step:3272/3350 train_time:8102.885s step_avg:2476.43ms
step:3273/3350 train_time:8106.030s step_avg:2476.64ms
step:3274/3350 train_time:8107.899s step_avg:2476.45ms
step:3275/3350 train_time:8111.326s step_avg:2476.74ms
step:3275/3350 val_loss:3.26627 train_time:8111.327s step_avg:2539.41ms
step:3276/3350 train_time:8113.187s step_avg:2476.55ms
step:3277/3350 train_time:8116.333s step_avg:2476.76ms
step:3278/3350 train_time:8118.192s step_avg:2476.57ms
step:3279/3350 train_time:8121.347s step_avg:2476.78ms
step:3280/3350 train_time:8123.220s step_avg:2476.59ms
step:3281/3350 train_time:8126.366s step_avg:2476.80ms
step:3282/3350 train_time:8128.242s step_avg:2476.61ms
step:3283/3350 train_time:8131.392s step_avg:2476.82ms
step:3284/3350 train_time:8133.249s step_avg:2476.63ms
step:3285/3350 train_time:8136.401s step_avg:2476.83ms
step:3286/3350 train_time:8138.272s step_avg:2476.65ms
step:3287/3350 train_time:8141.410s step_avg:2476.85ms
step:3288/3350 train_time:8143.286s step_avg:2476.67ms
step:3289/3350 train_time:8146.422s step_avg:2476.87ms
step:3290/3350 train_time:8148.297s step_avg:2476.69ms
step:3291/3350 train_time:8151.434s step_avg:2476.89ms
step:3292/3350 train_time:8153.313s step_avg:2476.71ms
step:3293/3350 train_time:8156.456s step_avg:2476.91ms
step:3294/3350 train_time:8158.322s step_avg:2476.72ms
step:3295/3350 train_time:8161.458s step_avg:2476.92ms
step:3296/3350 train_time:8163.326s step_avg:2476.74ms
step:3297/3350 train_time:8166.472s step_avg:2476.94ms
step:3298/3350 train_time:8168.354s step_avg:2476.76ms
step:3299/3350 train_time:8171.497s step_avg:2476.96ms
step:3300/3350 train_time:8173.683s step_avg:2476.87ms
step:3300/3350 val_loss:3.26461 train_time:8173.683s step_avg:2494.24ms
step:3301/3350 train_time:8176.832s step_avg:2477.08ms
step:3302/3350 train_time:8178.714s step_avg:2476.90ms
step:3303/3350 train_time:8181.869s step_avg:2477.10ms
step:3304/3350 train_time:8183.750s step_avg:2476.92ms
step:3305/3350 train_time:8186.898s step_avg:2477.12ms
step:3306/3350 train_time:8188.769s step_avg:2476.94ms
step:3307/3350 train_time:8191.920s step_avg:2477.15ms
step:3308/3350 train_time:8193.804s step_avg:2476.97ms
step:3309/3350 train_time:8196.941s step_avg:2477.17ms
step:3310/3350 train_time:8198.821s step_avg:2476.99ms
step:3311/3350 train_time:8201.975s step_avg:2477.19ms
step:3312/3350 train_time:8203.842s step_avg:2477.01ms
step:3313/3350 train_time:8206.997s step_avg:2477.21ms
step:3314/3350 train_time:8208.869s step_avg:2477.03ms
step:3315/3350 train_time:8212.012s step_avg:2477.23ms
step:3316/3350 train_time:8213.878s step_avg:2477.04ms
step:3317/3350 train_time:8217.018s step_avg:2477.24ms
step:3318/3350 train_time:8218.891s step_avg:2477.06ms
step:3319/3350 train_time:8222.041s step_avg:2477.26ms
step:3320/3350 train_time:8223.915s step_avg:2477.08ms
step:3321/3350 train_time:8227.070s step_avg:2477.29ms
step:3322/3350 train_time:8228.945s step_avg:2477.11ms
step:3323/3350 train_time:8232.086s step_avg:2477.31ms
step:3324/3350 train_time:8233.969s step_avg:2477.13ms
step:3325/3350 train_time:8237.422s step_avg:2477.42ms
step:3325/3350 val_loss:3.26332 train_time:8237.423s step_avg:2549.59ms
step:3326/3350 train_time:8239.293s step_avg:2477.24ms
step:3327/3350 train_time:8242.439s step_avg:2477.44ms
step:3328/3350 train_time:8244.309s step_avg:2477.26ms
step:3329/3350 train_time:8247.451s step_avg:2477.46ms
step:3330/3350 train_time:8249.327s step_avg:2477.28ms
step:3331/3350 train_time:8252.470s step_avg:2477.48ms
step:3332/3350 train_time:8254.339s step_avg:2477.29ms
step:3333/3350 train_time:8257.492s step_avg:2477.50ms
step:3334/3350 train_time:8259.375s step_avg:2477.32ms
step:3335/3350 train_time:8262.528s step_avg:2477.52ms
step:3336/3350 train_time:8264.416s step_avg:2477.34ms
step:3337/3350 train_time:8267.565s step_avg:2477.54ms
step:3338/3350 train_time:8269.451s step_avg:2477.37ms
step:3339/3350 train_time:8272.594s step_avg:2477.57ms
step:3340/3350 train_time:8274.468s step_avg:2477.39ms
step:3341/3350 train_time:8277.618s step_avg:2477.59ms
step:3342/3350 train_time:8279.494s step_avg:2477.41ms
step:3343/3350 train_time:8282.658s step_avg:2477.61ms
step:3344/3350 train_time:8284.530s step_avg:2477.43ms
step:3345/3350 train_time:8287.677s step_avg:2477.63ms
step:3346/3350 train_time:8289.558s step_avg:2477.45ms
step:3347/3350 train_time:8292.702s step_avg:2477.65ms
step:3348/3350 train_time:8294.581s step_avg:2477.47ms
step:3349/3350 train_time:8297.719s step_avg:2477.67ms
step:3350/3350 train_time:8299.953s step_avg:2477.60ms
step:3350/3350 val_loss:3.26257 train_time:8299.954s step_avg:2501.23ms
trial:0 best_val_loss:3.26257 best_val_step:3350 first_step_to_target:3150
wandb: updating run metadata
wandb: uploading wandb-summary.json; uploading config.yaml; uploading output.log
wandb: 
wandb: Run history:
wandb:                embed/dist_from_init ▁▂▃▃▄▄▅▅▅▆▆▆▆▇▇▇▇▇▇███████████████
wandb:       embed/dist_from_init_mean_abs ▁▂▃▃▄▄▅▅▅▆▆▆▆▇▇▇▇▇▇███████████████
wandb:            embed/init_anchor_lambda ▁▁▁▁▁▁▁▁▁▁▁▁▁▁▁▁▁▁▁▁▁▁▁▁▁▁▁▁▁▁▁▁▁▁
wandb:  newton_muon/R_condition_number_max ▁▅▅▅▆▇█▇▇████████▇▇██▇▇▇▇▇▇▇▇▇▇▇▇▇▇▇▇▇▇▇
wandb: newton_muon/R_condition_number_mean ▁▃▄▅▆▆▆▆▆▇▆▇▇▇▇▇▇▇▇█████████████████████
wandb:  newton_muon/R_condition_number_min ▁▃▄▆▇███▇▇▆▅▅▅▅▄▄▄▃▄▃▃▃▃▃▃▃▃▃▃▃▃▃▃▃▃▃▃▃▃
wandb:    newton_muon/R_inv_sqrt_norm_mean █▃▃▂▁▁▁▁▁▂▂▂▃▃▃▃▃▃▃▄▄▄▄▄▄▄▄▄▄▄▅▄▄▄▄▄▄▄▄▄
wandb:   newton_muon/params_preconditioned ▁▁██████████████████████████████████████
wandb:      newton_muon/precond_ratio_mean ▂▂▁▁▂▂▂▂▂▂▃▂▃▃▃▃▄▅▄▅▄▅▆▆▆▆▆▆▆▆▇▇▇▇▇▇███▇
wandb:           newton_muon/r_warmstart_n ▁▁█▁▁▁▁▁▁▁▁▁▁▁▁▁▁▁▁▁▁▁▁▁▁▁▁▁▁▁▁▁▁▁▁▁▁▁▁▁
wandb:                              +4,359 ...
wandb: 
wandb: Run summary:
wandb:                embed/dist_from_init 117248
wandb:       embed/dist_from_init_mean_abs 15.0625
wandb:            embed/init_anchor_lambda 0.001
wandb:  newton_muon/R_condition_number_max 551294.625
wandb: newton_muon/R_condition_number_mean 24269.68601
wandb:  newton_muon/R_condition_number_min 867.7019
wandb:    newton_muon/R_inv_sqrt_norm_mean 77.90025
wandb:   newton_muon/params_preconditioned 72
wandb:      newton_muon/precond_ratio_mean 1.08526
wandb:           newton_muon/r_warmstart_n 0
wandb:                              +4,359 ...
wandb: 
wandb: 🚀 View run g1r4-tanjiro/ns-shape-linear_ramp-s0 at: https://wandb.ai/wandb-applied-ai-team/modded-nanogpt-senpai/runs/u62ac6qk
wandb: ⭐️ View project at: https://wandb.ai/wandb-applied-ai-team/modded-nanogpt-senpai
wandb: Synced 6 W&B file(s), 0 media file(s), 0 artifact file(s) and 0 other file(s)
wandb: Find logs at: ./wandb/run-20260531_181619-u62ac6qk/logs
