logs/67f16270-e9d1-414a-b7c5-17db754c03e5.txt
GRAD_CLIP: max_norm=0.0 (DISABLED)
GRAD_CLIP_PER_GROUP: body=10.0 aux=5.0 (ACTIVE (per-group L2))
EMBED_COOLDOWN_SHAPE: linear_floor (applies to adam_embed only; lm_head/scalars use linear)
ADAMW_BETA2: 0.99 (effective memory ~99 steps)
ADAMW_LR_MULT: embed=1.5 lm_head=1.0 scalar=1.0
  Effective base LRs: embed=0.4500 lm_head=0.003125 scalar=0.0100
MUON_LR_MULT: attn=0.800 mlp=1.200
  Effective Muon base LRs: attn=0.02800 mlp=0.04200
EMBED_INIT_ANCHOR_LAMBDA: 0.001 (ACTIVE)
NEWTON_MUON: use_precond=True lr_scale=1.0 update_period=2 beta=0.95 eps=0.0001 max_d_in=4096 tikhonov_gamma=0.005 r_warmstart=True r_warmstart_k=100
NS_SCHEDULE: ns_iters=12 -> ns_iters_cooldown=16 at fraction 0.7 of train_steps (shape=late_peak)
NS_COEF_SCHEDULE: linear_ramp_down
  ns_iters=12: c=[0.7,0.662,0.624,0.585,0.547,0.509,0.471,0.433,0.395,0.356,0.318,0.28] avg_c=0.4900
  ns_iters=16: c=[0.7,0.672,0.644,0.616,0.588,0.56,0.532,0.504,0.476,0.448,0.42,0.392,0.364,0.336,0.308,0.28] avg_c=0.4900
NEWTON_MUON: hooks registered for 72 parameter modules (skipped 0 d_in>4096)
wandb: [wandb.login()] Loaded credentials for https://api.wandb.ai from WANDB_API_KEY.
wandb: W&B API key is configured. Use `wandb login --relogin` to force relogin
wandb: Tracking run with wandb version 0.26.1
wandb: Run data is saved locally in /workspace/senpai/target/wandb/run-20260531_132219-fza0czb9
wandb: Run `wandb offline` to turn off syncing.
wandb: Syncing run g1r4-tanjiro/ns-shape-late_peak-s0
wandb: ⭐️ View project at https://wandb.ai/wandb-applied-ai-team/modded-nanogpt-senpai
wandb: 🚀 View run at https://wandb.ai/wandb-applied-ai-team/modded-nanogpt-senpai/runs/fza0czb9
EMBED_INIT_ANCHOR: lambda=0.001 snapshot_norm=6208.0000 snapshot_mean_abs=0.7969 snapshot_shape=(50304, 768)
MUON_PARAM_COUNTS: attn=48 mlp=24 (expected 48 attn / 24 mlp for 12-layer block stack)
step:0/3350 val_loss:10.82583 train_time:0.000s step_avg:nanms
step:1/3350 train_time:5.098s step_avg:5097.85ms
step:2/3350 train_time:6.864s step_avg:3432.22ms
step:3/3350 train_time:8.694s step_avg:2897.84ms
step:4/3350 train_time:10.523s step_avg:2630.69ms
step:5/3350 train_time:12.353s step_avg:2470.54ms
step:6/3350 train_time:14.184s step_avg:2364.02ms
step:7/3350 train_time:16.014s step_avg:2287.76ms
step:8/3350 train_time:17.845s step_avg:2230.64ms
step:9/3350 train_time:19.678s step_avg:2186.41ms
step:10/3350 train_time:21.509s step_avg:2150.93ms
step:11/3350 train_time:23.341s step_avg:2121.95ms
step:12/3350 train_time:25.176s step_avg:2098.00ms
step:13/3350 train_time:27.011s step_avg:2077.77ms
step:14/3350 train_time:28.844s step_avg:2060.30ms
step:15/3350 train_time:30.684s step_avg:2045.63ms
step:16/3350 train_time:32.521s step_avg:2032.57ms
step:17/3350 train_time:34.356s step_avg:2020.97ms
step:18/3350 train_time:36.192s step_avg:2010.65ms
step:19/3350 train_time:38.026s step_avg:2001.35ms
step:20/3350 train_time:39.863s step_avg:1993.14ms
step:21/3350 train_time:41.698s step_avg:1985.63ms
step:22/3350 train_time:43.532s step_avg:1978.75ms
step:23/3350 train_time:45.367s step_avg:1972.48ms
step:24/3350 train_time:47.202s step_avg:1966.76ms
step:25/3350 train_time:49.315s step_avg:1972.58ms
step:26/3350 train_time:51.147s step_avg:1967.18ms
step:27/3350 train_time:52.982s step_avg:1962.29ms
step:28/3350 train_time:54.817s step_avg:1957.76ms
step:29/3350 train_time:56.651s step_avg:1953.47ms
step:30/3350 train_time:58.485s step_avg:1949.49ms
step:31/3350 train_time:60.320s step_avg:1945.81ms
step:32/3350 train_time:62.156s step_avg:1942.39ms
step:33/3350 train_time:63.990s step_avg:1939.09ms
step:34/3350 train_time:65.823s step_avg:1935.98ms
step:35/3350 train_time:67.657s step_avg:1933.06ms
step:36/3350 train_time:69.490s step_avg:1930.29ms
step:37/3350 train_time:71.325s step_avg:1927.71ms
step:38/3350 train_time:73.161s step_avg:1925.29ms
step:39/3350 train_time:74.995s step_avg:1922.95ms
step:40/3350 train_time:76.829s step_avg:1920.74ms
step:41/3350 train_time:78.664s step_avg:1918.64ms
step:42/3350 train_time:80.498s step_avg:1916.61ms
step:43/3350 train_time:82.334s step_avg:1914.74ms
step:44/3350 train_time:84.168s step_avg:1912.92ms
step:45/3350 train_time:86.001s step_avg:1911.13ms
step:46/3350 train_time:87.836s step_avg:1909.48ms
step:47/3350 train_time:89.672s step_avg:1907.91ms
step:48/3350 train_time:91.508s step_avg:1906.42ms
step:49/3350 train_time:93.342s step_avg:1904.94ms
step:50/3350 train_time:95.454s step_avg:1909.07ms
step:51/3350 train_time:97.285s step_avg:1907.55ms
step:52/3350 train_time:99.118s step_avg:1906.12ms
step:53/3350 train_time:100.953s step_avg:1904.77ms
step:54/3350 train_time:102.790s step_avg:1903.52ms
step:55/3350 train_time:104.624s step_avg:1902.25ms
step:56/3350 train_time:106.458s step_avg:1901.03ms
step:57/3350 train_time:108.295s step_avg:1899.91ms
step:58/3350 train_time:110.129s step_avg:1898.77ms
step:59/3350 train_time:111.963s step_avg:1897.68ms
step:60/3350 train_time:113.797s step_avg:1896.62ms
step:61/3350 train_time:115.632s step_avg:1895.61ms
step:62/3350 train_time:117.466s step_avg:1894.62ms
step:63/3350 train_time:119.301s step_avg:1893.67ms
step:64/3350 train_time:121.137s step_avg:1892.76ms
step:65/3350 train_time:122.971s step_avg:1891.86ms
step:66/3350 train_time:124.806s step_avg:1890.99ms
step:67/3350 train_time:126.641s step_avg:1890.17ms
step:68/3350 train_time:128.475s step_avg:1889.34ms
step:69/3350 train_time:130.310s step_avg:1888.54ms
step:70/3350 train_time:132.146s step_avg:1887.79ms
step:71/3350 train_time:133.979s step_avg:1887.03ms
step:72/3350 train_time:135.814s step_avg:1886.30ms
step:73/3350 train_time:137.648s step_avg:1885.59ms
step:74/3350 train_time:139.481s step_avg:1884.88ms
step:75/3350 train_time:141.599s step_avg:1887.98ms
step:76/3350 train_time:143.430s step_avg:1887.24ms
step:77/3350 train_time:145.266s step_avg:1886.57ms
step:78/3350 train_time:147.098s step_avg:1885.87ms
step:79/3350 train_time:148.932s step_avg:1885.21ms
step:80/3350 train_time:150.765s step_avg:1884.56ms
step:81/3350 train_time:152.600s step_avg:1883.95ms
step:82/3350 train_time:154.434s step_avg:1883.34ms
step:83/3350 train_time:156.269s step_avg:1882.76ms
step:84/3350 train_time:158.102s step_avg:1882.16ms
step:85/3350 train_time:159.936s step_avg:1881.60ms
step:86/3350 train_time:161.772s step_avg:1881.07ms
step:87/3350 train_time:163.604s step_avg:1880.51ms
step:88/3350 train_time:165.437s step_avg:1879.97ms
step:89/3350 train_time:167.273s step_avg:1879.47ms
step:90/3350 train_time:169.107s step_avg:1878.97ms
step:91/3350 train_time:170.941s step_avg:1878.47ms
step:92/3350 train_time:172.775s step_avg:1877.99ms
step:93/3350 train_time:174.610s step_avg:1877.53ms
step:94/3350 train_time:176.443s step_avg:1877.06ms
step:95/3350 train_time:178.276s step_avg:1876.59ms
step:96/3350 train_time:180.112s step_avg:1876.16ms
step:97/3350 train_time:181.946s step_avg:1875.74ms
step:98/3350 train_time:183.779s step_avg:1875.30ms
step:99/3350 train_time:185.615s step_avg:1874.90ms
step:100/3350 train_time:188.723s step_avg:1887.23ms
step:101/3350 train_time:191.794s step_avg:1898.95ms
step:102/3350 train_time:193.628s step_avg:1898.32ms
step:103/3350 train_time:196.713s step_avg:1909.84ms
step:104/3350 train_time:198.545s step_avg:1909.09ms
step:105/3350 train_time:201.635s step_avg:1920.34ms
step:106/3350 train_time:203.469s step_avg:1919.52ms
step:107/3350 train_time:206.563s step_avg:1930.50ms
step:108/3350 train_time:208.395s step_avg:1929.58ms
step:109/3350 train_time:211.494s step_avg:1940.31ms
step:110/3350 train_time:213.326s step_avg:1939.33ms
step:111/3350 train_time:216.425s step_avg:1949.77ms
step:112/3350 train_time:218.256s step_avg:1948.72ms
step:113/3350 train_time:221.360s step_avg:1958.94ms
step:114/3350 train_time:223.193s step_avg:1957.83ms
step:115/3350 train_time:226.295s step_avg:1967.79ms
step:116/3350 train_time:228.128s step_avg:1966.62ms
step:117/3350 train_time:231.236s step_avg:1976.38ms
step:118/3350 train_time:233.069s step_avg:1975.16ms
step:119/3350 train_time:236.173s step_avg:1984.65ms
step:120/3350 train_time:238.005s step_avg:1983.37ms
step:121/3350 train_time:241.111s step_avg:1992.65ms
step:122/3350 train_time:242.945s step_avg:1991.35ms
step:123/3350 train_time:246.055s step_avg:2000.45ms
step:124/3350 train_time:247.888s step_avg:1999.10ms
step:125/3350 train_time:251.352s step_avg:2010.82ms
step:125/3350 val_loss:4.58447 train_time:251.353s step_avg:2010.82ms
step:126/3350 train_time:253.186s step_avg:2009.41ms
step:127/3350 train_time:256.296s step_avg:2018.08ms
step:128/3350 train_time:258.126s step_avg:2016.61ms
step:129/3350 train_time:261.237s step_avg:2025.09ms
step:130/3350 train_time:263.069s step_avg:2023.61ms
step:131/3350 train_time:266.178s step_avg:2031.89ms
step:132/3350 train_time:268.012s step_avg:2030.39ms
step:133/3350 train_time:271.127s step_avg:2038.55ms
step:134/3350 train_time:272.959s step_avg:2037.01ms
step:135/3350 train_time:276.071s step_avg:2044.97ms
step:136/3350 train_time:277.906s step_avg:2043.43ms
step:137/3350 train_time:281.018s step_avg:2051.23ms
step:138/3350 train_time:282.852s step_avg:2049.65ms
step:139/3350 train_time:285.964s step_avg:2057.29ms
step:140/3350 train_time:287.796s step_avg:2055.69ms
step:141/3350 train_time:290.911s step_avg:2063.20ms
step:142/3350 train_time:292.744s step_avg:2061.58ms
step:143/3350 train_time:295.853s step_avg:2068.90ms
step:144/3350 train_time:297.684s step_avg:2067.25ms
step:145/3350 train_time:300.801s step_avg:2074.49ms
step:146/3350 train_time:302.633s step_avg:2072.83ms
step:147/3350 train_time:305.747s step_avg:2079.91ms
step:148/3350 train_time:307.579s step_avg:2078.23ms
step:149/3350 train_time:310.692s step_avg:2085.18ms
step:150/3350 train_time:312.818s step_avg:2085.45ms
step:151/3350 train_time:315.929s step_avg:2092.25ms
step:152/3350 train_time:317.761s step_avg:2090.53ms
step:153/3350 train_time:320.873s step_avg:2097.21ms
step:154/3350 train_time:322.704s step_avg:2095.48ms
step:155/3350 train_time:325.818s step_avg:2102.05ms
step:156/3350 train_time:327.649s step_avg:2100.32ms
step:157/3350 train_time:330.764s step_avg:2106.78ms
step:158/3350 train_time:332.595s step_avg:2105.03ms
step:159/3350 train_time:335.708s step_avg:2111.37ms
step:160/3350 train_time:337.542s step_avg:2109.63ms
step:161/3350 train_time:340.662s step_avg:2115.91ms
step:162/3350 train_time:342.494s step_avg:2114.16ms
step:163/3350 train_time:345.608s step_avg:2120.29ms
step:164/3350 train_time:347.438s step_avg:2118.52ms
step:165/3350 train_time:350.552s step_avg:2124.56ms
step:166/3350 train_time:352.384s step_avg:2122.79ms
step:167/3350 train_time:355.497s step_avg:2128.73ms
step:168/3350 train_time:357.328s step_avg:2126.95ms
step:169/3350 train_time:360.445s step_avg:2132.81ms
step:170/3350 train_time:362.281s step_avg:2131.06ms
step:171/3350 train_time:365.397s step_avg:2136.83ms
step:172/3350 train_time:367.228s step_avg:2135.05ms
step:173/3350 train_time:370.341s step_avg:2140.70ms
step:174/3350 train_time:372.176s step_avg:2138.94ms
step:175/3350 train_time:375.576s step_avg:2146.15ms
step:176/3350 train_time:377.410s step_avg:2144.37ms
step:177/3350 train_time:380.527s step_avg:2149.87ms
step:178/3350 train_time:382.360s step_avg:2148.09ms
step:179/3350 train_time:385.473s step_avg:2153.48ms
step:180/3350 train_time:387.307s step_avg:2151.70ms
step:181/3350 train_time:390.425s step_avg:2157.04ms
step:182/3350 train_time:392.257s step_avg:2155.26ms
step:183/3350 train_time:395.371s step_avg:2160.50ms
step:184/3350 train_time:397.205s step_avg:2158.72ms
step:185/3350 train_time:400.320s step_avg:2163.89ms
step:186/3350 train_time:402.156s step_avg:2162.13ms
step:187/3350 train_time:405.269s step_avg:2167.21ms
step:188/3350 train_time:407.099s step_avg:2165.42ms
step:189/3350 train_time:410.217s step_avg:2170.46ms
step:190/3350 train_time:412.052s step_avg:2168.69ms
step:191/3350 train_time:415.279s step_avg:2174.24ms
step:192/3350 train_time:417.112s step_avg:2172.46ms
step:193/3350 train_time:420.231s step_avg:2177.36ms
step:194/3350 train_time:422.066s step_avg:2175.60ms
step:195/3350 train_time:425.181s step_avg:2180.41ms
step:196/3350 train_time:427.013s step_avg:2178.64ms
step:197/3350 train_time:430.132s step_avg:2183.41ms
step:198/3350 train_time:431.969s step_avg:2181.66ms
step:199/3350 train_time:435.084s step_avg:2186.35ms
step:200/3350 train_time:437.221s step_avg:2186.10ms
step:201/3350 train_time:440.334s step_avg:2190.72ms
step:202/3350 train_time:442.168s step_avg:2188.95ms
step:203/3350 train_time:445.284s step_avg:2193.52ms
step:204/3350 train_time:447.115s step_avg:2191.74ms
step:205/3350 train_time:450.233s step_avg:2196.26ms
step:206/3350 train_time:452.067s step_avg:2194.50ms
step:207/3350 train_time:455.181s step_avg:2198.94ms
step:208/3350 train_time:457.016s step_avg:2197.19ms
step:209/3350 train_time:460.130s step_avg:2201.58ms
step:210/3350 train_time:461.961s step_avg:2199.82ms
step:211/3350 train_time:465.077s step_avg:2204.16ms
step:212/3350 train_time:466.912s step_avg:2202.42ms
step:213/3350 train_time:470.026s step_avg:2206.69ms
step:214/3350 train_time:471.857s step_avg:2204.94ms
step:215/3350 train_time:474.973s step_avg:2209.18ms
step:216/3350 train_time:476.810s step_avg:2207.45ms
step:217/3350 train_time:479.925s step_avg:2211.63ms
step:218/3350 train_time:481.759s step_avg:2209.90ms
step:219/3350 train_time:484.873s step_avg:2214.03ms
step:220/3350 train_time:486.702s step_avg:2212.28ms
step:221/3350 train_time:489.815s step_avg:2216.36ms
step:222/3350 train_time:491.650s step_avg:2214.64ms
step:223/3350 train_time:494.768s step_avg:2218.69ms
step:224/3350 train_time:496.602s step_avg:2216.97ms
step:225/3350 train_time:500.007s step_avg:2222.25ms
step:226/3350 train_time:501.843s step_avg:2220.54ms
step:227/3350 train_time:504.961s step_avg:2224.50ms
step:228/3350 train_time:506.794s step_avg:2222.78ms
step:229/3350 train_time:509.910s step_avg:2226.68ms
step:230/3350 train_time:511.746s step_avg:2224.98ms
step:231/3350 train_time:514.857s step_avg:2228.82ms
step:232/3350 train_time:516.692s step_avg:2227.12ms
step:233/3350 train_time:519.809s step_avg:2230.94ms
step:234/3350 train_time:521.641s step_avg:2229.24ms
step:235/3350 train_time:524.751s step_avg:2232.98ms
step:236/3350 train_time:526.583s step_avg:2231.28ms
step:237/3350 train_time:529.695s step_avg:2235.00ms
step:238/3350 train_time:531.530s step_avg:2233.32ms
step:239/3350 train_time:534.647s step_avg:2237.02ms
step:240/3350 train_time:536.480s step_avg:2235.33ms
step:241/3350 train_time:539.593s step_avg:2238.97ms
step:242/3350 train_time:541.427s step_avg:2237.30ms
step:243/3350 train_time:544.539s step_avg:2240.90ms
step:244/3350 train_time:546.371s step_avg:2239.23ms
step:245/3350 train_time:549.488s step_avg:2242.81ms
step:246/3350 train_time:551.322s step_avg:2241.15ms
step:247/3350 train_time:554.432s step_avg:2244.66ms
step:248/3350 train_time:556.266s step_avg:2243.01ms
step:249/3350 train_time:559.384s step_avg:2246.52ms
step:250/3350 train_time:561.574s step_avg:2246.30ms
step:250/3350 val_loss:4.06109 train_time:561.575s step_avg:2481.77ms
step:251/3350 train_time:564.682s step_avg:2249.73ms
step:252/3350 train_time:566.518s step_avg:2248.09ms
step:253/3350 train_time:569.633s step_avg:2251.52ms
step:254/3350 train_time:571.470s step_avg:2249.88ms
step:255/3350 train_time:574.584s step_avg:2253.27ms
step:256/3350 train_time:576.415s step_avg:2251.62ms
step:257/3350 train_time:579.530s step_avg:2254.98ms
step:258/3350 train_time:581.366s step_avg:2253.36ms
step:259/3350 train_time:584.482s step_avg:2256.69ms
step:260/3350 train_time:586.319s step_avg:2255.07ms
step:261/3350 train_time:589.430s step_avg:2258.35ms
step:262/3350 train_time:591.269s step_avg:2256.75ms
step:263/3350 train_time:594.382s step_avg:2260.01ms
step:264/3350 train_time:596.218s step_avg:2258.40ms
step:265/3350 train_time:599.332s step_avg:2261.63ms
step:266/3350 train_time:601.168s step_avg:2260.03ms
step:267/3350 train_time:604.283s step_avg:2263.23ms
step:268/3350 train_time:606.121s step_avg:2261.64ms
step:269/3350 train_time:609.232s step_avg:2264.80ms
step:270/3350 train_time:611.069s step_avg:2263.22ms
step:271/3350 train_time:614.185s step_avg:2266.36ms
step:272/3350 train_time:616.022s step_avg:2264.79ms
step:273/3350 train_time:619.135s step_avg:2267.89ms
step:274/3350 train_time:620.971s step_avg:2266.32ms
step:275/3350 train_time:624.380s step_avg:2270.47ms
step:276/3350 train_time:626.215s step_avg:2268.90ms
step:277/3350 train_time:629.326s step_avg:2271.94ms
step:278/3350 train_time:631.162s step_avg:2270.37ms
step:279/3350 train_time:634.278s step_avg:2273.40ms
step:280/3350 train_time:636.113s step_avg:2271.83ms
step:281/3350 train_time:639.227s step_avg:2274.83ms
step:282/3350 train_time:641.064s step_avg:2273.28ms
step:283/3350 train_time:644.180s step_avg:2276.26ms
step:284/3350 train_time:646.015s step_avg:2274.70ms
step:285/3350 train_time:649.127s step_avg:2277.64ms
step:286/3350 train_time:650.967s step_avg:2276.11ms
step:287/3350 train_time:654.080s step_avg:2279.02ms
step:288/3350 train_time:655.915s step_avg:2277.48ms
step:289/3350 train_time:659.026s step_avg:2280.37ms
step:290/3350 train_time:660.863s step_avg:2278.84ms
step:291/3350 train_time:663.977s step_avg:2281.71ms
step:292/3350 train_time:665.814s step_avg:2280.19ms
step:293/3350 train_time:668.922s step_avg:2283.01ms
step:294/3350 train_time:670.760s step_avg:2281.50ms
step:295/3350 train_time:673.872s step_avg:2284.31ms
step:296/3350 train_time:675.708s step_avg:2282.80ms
step:297/3350 train_time:678.824s step_avg:2285.60ms
step:298/3350 train_time:680.662s step_avg:2284.10ms
step:299/3350 train_time:683.777s step_avg:2286.88ms
step:300/3350 train_time:685.928s step_avg:2286.43ms
step:301/3350 train_time:689.036s step_avg:2289.16ms
step:302/3350 train_time:690.872s step_avg:2287.65ms
step:303/3350 train_time:693.989s step_avg:2290.39ms
step:304/3350 train_time:695.824s step_avg:2288.90ms
step:305/3350 train_time:698.937s step_avg:2291.60ms
step:306/3350 train_time:700.772s step_avg:2290.10ms
step:307/3350 train_time:703.887s step_avg:2292.79ms
step:308/3350 train_time:705.721s step_avg:2291.30ms
step:309/3350 train_time:708.836s step_avg:2293.97ms
step:310/3350 train_time:710.675s step_avg:2292.50ms
step:311/3350 train_time:713.793s step_avg:2295.15ms
step:312/3350 train_time:715.625s step_avg:2293.67ms
step:313/3350 train_time:718.742s step_avg:2296.30ms
step:314/3350 train_time:720.578s step_avg:2294.83ms
step:315/3350 train_time:723.695s step_avg:2297.44ms
step:316/3350 train_time:725.528s step_avg:2295.97ms
step:317/3350 train_time:728.641s step_avg:2298.55ms
step:318/3350 train_time:730.480s step_avg:2297.11ms
step:319/3350 train_time:733.600s step_avg:2299.69ms
step:320/3350 train_time:735.434s step_avg:2298.23ms
step:321/3350 train_time:738.553s step_avg:2300.79ms
step:322/3350 train_time:740.388s step_avg:2299.34ms
step:323/3350 train_time:743.502s step_avg:2301.87ms
step:324/3350 train_time:745.340s step_avg:2300.43ms
step:325/3350 train_time:748.750s step_avg:2303.85ms
step:326/3350 train_time:750.589s step_avg:2302.42ms
step:327/3350 train_time:753.704s step_avg:2304.91ms
step:328/3350 train_time:755.543s step_avg:2303.48ms
step:329/3350 train_time:758.657s step_avg:2305.95ms
step:330/3350 train_time:760.496s step_avg:2304.53ms
step:331/3350 train_time:763.611s step_avg:2306.98ms
step:332/3350 train_time:765.443s step_avg:2305.55ms
step:333/3350 train_time:768.556s step_avg:2307.98ms
step:334/3350 train_time:770.390s step_avg:2306.56ms
step:335/3350 train_time:773.502s step_avg:2308.96ms
step:336/3350 train_time:775.338s step_avg:2307.55ms
step:337/3350 train_time:778.453s step_avg:2309.95ms
step:338/3350 train_time:780.288s step_avg:2308.55ms
step:339/3350 train_time:783.400s step_avg:2310.92ms
step:340/3350 train_time:785.237s step_avg:2309.52ms
step:341/3350 train_time:788.347s step_avg:2311.87ms
step:342/3350 train_time:790.183s step_avg:2310.48ms
step:343/3350 train_time:793.297s step_avg:2312.82ms
step:344/3350 train_time:795.127s step_avg:2311.42ms
step:345/3350 train_time:798.238s step_avg:2313.73ms
step:346/3350 train_time:800.076s step_avg:2312.36ms
step:347/3350 train_time:803.189s step_avg:2314.67ms
step:348/3350 train_time:805.021s step_avg:2313.28ms
step:349/3350 train_time:808.132s step_avg:2315.56ms
step:350/3350 train_time:810.261s step_avg:2315.03ms
step:351/3350 train_time:813.363s step_avg:2317.27ms
step:352/3350 train_time:815.197s step_avg:2315.90ms
step:353/3350 train_time:818.311s step_avg:2318.16ms
step:354/3350 train_time:820.146s step_avg:2316.80ms
step:355/3350 train_time:823.258s step_avg:2319.04ms
step:356/3350 train_time:825.095s step_avg:2317.68ms
step:357/3350 train_time:828.206s step_avg:2319.91ms
step:358/3350 train_time:830.039s step_avg:2318.55ms
step:359/3350 train_time:833.151s step_avg:2320.76ms
step:360/3350 train_time:834.983s step_avg:2319.40ms
step:361/3350 train_time:838.092s step_avg:2321.59ms
step:362/3350 train_time:839.929s step_avg:2320.25ms
step:363/3350 train_time:843.045s step_avg:2322.44ms
step:364/3350 train_time:844.878s step_avg:2321.09ms
step:365/3350 train_time:847.990s step_avg:2323.26ms
step:366/3350 train_time:849.825s step_avg:2321.93ms
step:367/3350 train_time:852.938s step_avg:2324.08ms
step:368/3350 train_time:854.772s step_avg:2322.75ms
step:369/3350 train_time:857.883s step_avg:2324.89ms
step:370/3350 train_time:859.719s step_avg:2323.56ms
step:371/3350 train_time:862.832s step_avg:2325.69ms
step:372/3350 train_time:864.665s step_avg:2324.37ms
step:373/3350 train_time:867.778s step_avg:2326.48ms
step:374/3350 train_time:869.615s step_avg:2325.17ms
step:375/3350 train_time:873.084s step_avg:2328.22ms
step:375/3350 val_loss:3.89248 train_time:873.084s step_avg:2492.08ms
step:376/3350 train_time:874.921s step_avg:2326.92ms
step:377/3350 train_time:878.035s step_avg:2329.01ms
step:378/3350 train_time:879.870s step_avg:2327.70ms
step:379/3350 train_time:882.985s step_avg:2329.77ms
step:380/3350 train_time:884.820s step_avg:2328.47ms
step:381/3350 train_time:887.966s step_avg:2330.62ms
step:382/3350 train_time:889.803s step_avg:2329.33ms
step:383/3350 train_time:892.915s step_avg:2331.37ms
step:384/3350 train_time:894.751s step_avg:2330.08ms
step:385/3350 train_time:897.862s step_avg:2332.11ms
step:386/3350 train_time:899.696s step_avg:2330.82ms
step:387/3350 train_time:902.806s step_avg:2332.83ms
step:388/3350 train_time:904.643s step_avg:2331.55ms
step:389/3350 train_time:907.756s step_avg:2333.56ms
step:390/3350 train_time:909.592s step_avg:2332.29ms
step:391/3350 train_time:912.703s step_avg:2334.28ms
step:392/3350 train_time:914.538s step_avg:2333.00ms
step:393/3350 train_time:917.654s step_avg:2335.00ms
step:394/3350 train_time:919.488s step_avg:2333.73ms
step:395/3350 train_time:922.600s step_avg:2335.70ms
step:396/3350 train_time:924.434s step_avg:2334.43ms
step:397/3350 train_time:927.545s step_avg:2336.39ms
step:398/3350 train_time:929.380s step_avg:2335.13ms
step:399/3350 train_time:932.496s step_avg:2337.08ms
step:400/3350 train_time:934.639s step_avg:2336.60ms
step:401/3350 train_time:937.752s step_avg:2338.53ms
step:402/3350 train_time:939.590s step_avg:2337.29ms
step:403/3350 train_time:942.703s step_avg:2339.21ms
step:404/3350 train_time:944.535s step_avg:2337.96ms
step:405/3350 train_time:947.647s step_avg:2339.87ms
step:406/3350 train_time:949.483s step_avg:2338.63ms
step:407/3350 train_time:952.594s step_avg:2340.53ms
step:408/3350 train_time:954.429s step_avg:2339.29ms
step:409/3350 train_time:957.539s step_avg:2341.17ms
step:410/3350 train_time:959.373s step_avg:2339.93ms
step:411/3350 train_time:962.482s step_avg:2341.81ms
step:412/3350 train_time:964.315s step_avg:2340.57ms
step:413/3350 train_time:967.423s step_avg:2342.43ms
step:414/3350 train_time:969.253s step_avg:2341.19ms
step:415/3350 train_time:972.363s step_avg:2343.04ms
step:416/3350 train_time:974.201s step_avg:2341.83ms
step:417/3350 train_time:977.312s step_avg:2343.67ms
step:418/3350 train_time:979.147s step_avg:2342.46ms
step:419/3350 train_time:982.262s step_avg:2344.30ms
step:420/3350 train_time:984.205s step_avg:2343.34ms
step:421/3350 train_time:987.352s step_avg:2345.25ms
step:422/3350 train_time:989.278s step_avg:2344.26ms
step:423/3350 train_time:995.012s step_avg:2352.28ms
step:424/3350 train_time:999.049s step_avg:2356.25ms
step:425/3350 train_time:1011.038s step_avg:2378.91ms
step:426/3350 train_time:1014.903s step_avg:2382.40ms
step:427/3350 train_time:1018.413s step_avg:2385.04ms
step:428/3350 train_time:1020.472s step_avg:2384.28ms
step:429/3350 train_time:1023.983s step_avg:2386.91ms
step:430/3350 train_time:1026.041s step_avg:2386.14ms
step:431/3350 train_time:1029.586s step_avg:2388.83ms
step:432/3350 train_time:1031.652s step_avg:2388.08ms
step:433/3350 train_time:1035.146s step_avg:2390.64ms
step:434/3350 train_time:1037.204s step_avg:2389.87ms
step:435/3350 train_time:1041.769s step_avg:2394.87ms
step:436/3350 train_time:1045.758s step_avg:2398.53ms
step:437/3350 train_time:1048.889s step_avg:2400.20ms
step:438/3350 train_time:1050.725s step_avg:2398.92ms
step:439/3350 train_time:1053.833s step_avg:2400.53ms
step:440/3350 train_time:1055.672s step_avg:2399.25ms
step:441/3350 train_time:1058.778s step_avg:2400.86ms
step:442/3350 train_time:1060.612s step_avg:2399.57ms
step:443/3350 train_time:1063.721s step_avg:2401.18ms
step:444/3350 train_time:1065.559s step_avg:2399.91ms
step:445/3350 train_time:1068.674s step_avg:2401.51ms
step:446/3350 train_time:1070.509s step_avg:2400.24ms
step:447/3350 train_time:1073.620s step_avg:2401.84ms
step:448/3350 train_time:1075.454s step_avg:2400.57ms
step:449/3350 train_time:1078.567s step_avg:2402.15ms
step:450/3350 train_time:1080.693s step_avg:2401.54ms
step:451/3350 train_time:1083.801s step_avg:2403.11ms
step:452/3350 train_time:1085.635s step_avg:2401.85ms
step:453/3350 train_time:1088.746s step_avg:2403.41ms
step:454/3350 train_time:1090.582s step_avg:2402.16ms
step:455/3350 train_time:1093.693s step_avg:2403.72ms
step:456/3350 train_time:1095.528s step_avg:2402.47ms
step:457/3350 train_time:1098.641s step_avg:2404.03ms
step:458/3350 train_time:1100.476s step_avg:2402.79ms
step:459/3350 train_time:1103.587s step_avg:2404.33ms
step:460/3350 train_time:1105.418s step_avg:2403.08ms
step:461/3350 train_time:1108.532s step_avg:2404.62ms
step:462/3350 train_time:1110.364s step_avg:2403.38ms
step:463/3350 train_time:1113.473s step_avg:2404.91ms
step:464/3350 train_time:1115.309s step_avg:2403.68ms
step:465/3350 train_time:1118.420s step_avg:2405.20ms
step:466/3350 train_time:1120.254s step_avg:2403.98ms
step:467/3350 train_time:1123.366s step_avg:2405.50ms
step:468/3350 train_time:1125.202s step_avg:2404.28ms
step:469/3350 train_time:1128.315s step_avg:2405.79ms
step:470/3350 train_time:1130.151s step_avg:2404.58ms
step:471/3350 train_time:1133.262s step_avg:2406.08ms
step:472/3350 train_time:1135.099s step_avg:2404.87ms
step:473/3350 train_time:1138.212s step_avg:2406.37ms
step:474/3350 train_time:1140.047s step_avg:2405.16ms
step:475/3350 train_time:1143.445s step_avg:2407.25ms
step:476/3350 train_time:1145.279s step_avg:2406.05ms
step:477/3350 train_time:1148.392s step_avg:2407.53ms
step:478/3350 train_time:1150.224s step_avg:2406.33ms
step:479/3350 train_time:1153.334s step_avg:2407.80ms
step:480/3350 train_time:1155.168s step_avg:2406.60ms
step:481/3350 train_time:1158.282s step_avg:2408.07ms
step:482/3350 train_time:1160.116s step_avg:2406.88ms
step:483/3350 train_time:1163.224s step_avg:2408.33ms
step:484/3350 train_time:1165.057s step_avg:2407.14ms
step:485/3350 train_time:1168.176s step_avg:2408.61ms
step:486/3350 train_time:1170.010s step_avg:2407.43ms
step:487/3350 train_time:1173.122s step_avg:2408.87ms
step:488/3350 train_time:1174.956s step_avg:2407.70ms
step:489/3350 train_time:1178.067s step_avg:2409.13ms
step:490/3350 train_time:1179.902s step_avg:2407.96ms
step:491/3350 train_time:1183.019s step_avg:2409.41ms
step:492/3350 train_time:1184.855s step_avg:2408.24ms
step:493/3350 train_time:1187.969s step_avg:2409.67ms
step:494/3350 train_time:1189.803s step_avg:2408.51ms
step:495/3350 train_time:1192.915s step_avg:2409.93ms
step:496/3350 train_time:1194.748s step_avg:2408.77ms
step:497/3350 train_time:1197.861s step_avg:2410.18ms
step:498/3350 train_time:1199.694s step_avg:2409.02ms
step:499/3350 train_time:1202.806s step_avg:2410.43ms
step:500/3350 train_time:1205.006s step_avg:2410.01ms
step:500/3350 val_loss:3.79288 train_time:1205.006s step_avg:2655.37ms
step:501/3350 train_time:1208.111s step_avg:2411.40ms
step:502/3350 train_time:1209.942s step_avg:2410.24ms
step:503/3350 train_time:1213.053s step_avg:2411.64ms
step:504/3350 train_time:1214.885s step_avg:2410.49ms
step:505/3350 train_time:1217.995s step_avg:2411.87ms
step:506/3350 train_time:1219.828s step_avg:2410.73ms
step:507/3350 train_time:1222.939s step_avg:2412.11ms
step:508/3350 train_time:1224.774s step_avg:2410.97ms
step:509/3350 train_time:1227.883s step_avg:2412.34ms
step:510/3350 train_time:1229.716s step_avg:2411.21ms
step:511/3350 train_time:1232.829s step_avg:2412.58ms
step:512/3350 train_time:1234.664s step_avg:2411.45ms
step:513/3350 train_time:1237.780s step_avg:2412.83ms
step:514/3350 train_time:1239.616s step_avg:2411.70ms
step:515/3350 train_time:1242.726s step_avg:2413.06ms
step:516/3350 train_time:1244.560s step_avg:2411.94ms
step:517/3350 train_time:1247.675s step_avg:2413.30ms
step:518/3350 train_time:1249.510s step_avg:2412.18ms
step:519/3350 train_time:1252.619s step_avg:2413.53ms
step:520/3350 train_time:1254.455s step_avg:2412.41ms
step:521/3350 train_time:1257.570s step_avg:2413.76ms
step:522/3350 train_time:1259.405s step_avg:2412.65ms
step:523/3350 train_time:1262.519s step_avg:2413.99ms
step:524/3350 train_time:1264.358s step_avg:2412.90ms
step:525/3350 train_time:1267.773s step_avg:2414.81ms
step:526/3350 train_time:1269.609s step_avg:2413.70ms
step:527/3350 train_time:1272.723s step_avg:2415.03ms
step:528/3350 train_time:1274.559s step_avg:2413.94ms
step:529/3350 train_time:1277.678s step_avg:2415.27ms
step:530/3350 train_time:1279.515s step_avg:2414.18ms
step:531/3350 train_time:1282.634s step_avg:2415.51ms
step:532/3350 train_time:1284.467s step_avg:2414.41ms
step:533/3350 train_time:1287.579s step_avg:2415.72ms
step:534/3350 train_time:1289.419s step_avg:2414.64ms
step:535/3350 train_time:1292.531s step_avg:2415.95ms
step:536/3350 train_time:1294.365s step_avg:2414.86ms
step:537/3350 train_time:1297.481s step_avg:2416.17ms
step:538/3350 train_time:1299.316s step_avg:2415.09ms
step:539/3350 train_time:1302.430s step_avg:2416.38ms
step:540/3350 train_time:1304.269s step_avg:2415.31ms
step:541/3350 train_time:1307.380s step_avg:2416.60ms
step:542/3350 train_time:1309.214s step_avg:2415.52ms
step:543/3350 train_time:1312.326s step_avg:2416.81ms
step:544/3350 train_time:1314.165s step_avg:2415.74ms
step:545/3350 train_time:1317.277s step_avg:2417.02ms
step:546/3350 train_time:1319.112s step_avg:2415.96ms
step:547/3350 train_time:1322.237s step_avg:2417.25ms
step:548/3350 train_time:1324.073s step_avg:2416.19ms
step:549/3350 train_time:1327.183s step_avg:2417.46ms
step:550/3350 train_time:1329.305s step_avg:2416.92ms
step:551/3350 train_time:1332.414s step_avg:2418.17ms
step:552/3350 train_time:1334.250s step_avg:2417.12ms
step:553/3350 train_time:1337.361s step_avg:2418.37ms
step:554/3350 train_time:1339.195s step_avg:2417.32ms
step:555/3350 train_time:1342.315s step_avg:2418.59ms
step:556/3350 train_time:1344.149s step_avg:2417.54ms
step:557/3350 train_time:1347.272s step_avg:2418.80ms
step:558/3350 train_time:1349.108s step_avg:2417.76ms
step:559/3350 train_time:1352.226s step_avg:2419.01ms
step:560/3350 train_time:1354.063s step_avg:2417.97ms
step:561/3350 train_time:1357.180s step_avg:2419.22ms
step:562/3350 train_time:1359.014s step_avg:2418.18ms
step:563/3350 train_time:1362.128s step_avg:2419.41ms
step:564/3350 train_time:1363.961s step_avg:2418.37ms
step:565/3350 train_time:1367.075s step_avg:2419.60ms
step:566/3350 train_time:1368.910s step_avg:2418.57ms
step:567/3350 train_time:1372.022s step_avg:2419.79ms
step:568/3350 train_time:1373.858s step_avg:2418.76ms
step:569/3350 train_time:1376.970s step_avg:2419.98ms
step:570/3350 train_time:1378.803s step_avg:2418.95ms
step:571/3350 train_time:1381.952s step_avg:2420.23ms
step:572/3350 train_time:1383.788s step_avg:2419.21ms
step:573/3350 train_time:1386.901s step_avg:2420.42ms
step:574/3350 train_time:1388.736s step_avg:2419.40ms
step:575/3350 train_time:1392.138s step_avg:2421.11ms
step:576/3350 train_time:1393.973s step_avg:2420.09ms
step:577/3350 train_time:1397.089s step_avg:2421.30ms
step:578/3350 train_time:1398.925s step_avg:2420.29ms
step:579/3350 train_time:1402.040s step_avg:2421.48ms
step:580/3350 train_time:1403.871s step_avg:2420.47ms
step:581/3350 train_time:1406.985s step_avg:2421.66ms
step:582/3350 train_time:1408.821s step_avg:2420.66ms
step:583/3350 train_time:1411.936s step_avg:2421.85ms
step:584/3350 train_time:1413.769s step_avg:2420.84ms
step:585/3350 train_time:1416.886s step_avg:2422.03ms
step:586/3350 train_time:1418.719s step_avg:2421.02ms
step:587/3350 train_time:1421.835s step_avg:2422.21ms
step:588/3350 train_time:1423.670s step_avg:2421.21ms
step:589/3350 train_time:1426.784s step_avg:2422.38ms
step:590/3350 train_time:1428.618s step_avg:2421.39ms
step:591/3350 train_time:1431.733s step_avg:2422.56ms
step:592/3350 train_time:1433.566s step_avg:2421.56ms
step:593/3350 train_time:1436.679s step_avg:2422.73ms
step:594/3350 train_time:1438.511s step_avg:2421.74ms
step:595/3350 train_time:1441.629s step_avg:2422.91ms
step:596/3350 train_time:1443.467s step_avg:2421.92ms
step:597/3350 train_time:1446.585s step_avg:2423.09ms
step:598/3350 train_time:1448.419s step_avg:2422.11ms
step:599/3350 train_time:1451.535s step_avg:2423.26ms
step:600/3350 train_time:1453.673s step_avg:2422.79ms
step:601/3350 train_time:1456.783s step_avg:2423.93ms
step:602/3350 train_time:1458.616s step_avg:2422.95ms
step:603/3350 train_time:1461.732s step_avg:2424.10ms
step:604/3350 train_time:1463.570s step_avg:2423.13ms
step:605/3350 train_time:1466.686s step_avg:2424.27ms
step:606/3350 train_time:1468.519s step_avg:2423.30ms
step:607/3350 train_time:1471.633s step_avg:2424.44ms
step:608/3350 train_time:1473.466s step_avg:2423.46ms
step:609/3350 train_time:1476.580s step_avg:2424.60ms
step:610/3350 train_time:1478.416s step_avg:2423.63ms
step:611/3350 train_time:1481.531s step_avg:2424.76ms
step:612/3350 train_time:1483.365s step_avg:2423.80ms
step:613/3350 train_time:1486.480s step_avg:2424.93ms
step:614/3350 train_time:1488.312s step_avg:2423.96ms
step:615/3350 train_time:1491.427s step_avg:2425.08ms
step:616/3350 train_time:1493.264s step_avg:2424.13ms
step:617/3350 train_time:1496.383s step_avg:2425.26ms
step:618/3350 train_time:1498.222s step_avg:2424.31ms
step:619/3350 train_time:1501.337s step_avg:2425.42ms
step:620/3350 train_time:1503.178s step_avg:2424.48ms
step:621/3350 train_time:1506.290s step_avg:2425.59ms
step:622/3350 train_time:1508.125s step_avg:2424.64ms
step:623/3350 train_time:1511.240s step_avg:2425.75ms
step:624/3350 train_time:1513.075s step_avg:2424.80ms
step:625/3350 train_time:1516.543s step_avg:2426.47ms
step:625/3350 val_loss:3.72656 train_time:1516.543s step_avg:2492.30ms
step:626/3350 train_time:1518.378s step_avg:2425.52ms
step:627/3350 train_time:1521.493s step_avg:2426.62ms
step:628/3350 train_time:1523.326s step_avg:2425.68ms
step:629/3350 train_time:1526.438s step_avg:2426.77ms
step:630/3350 train_time:1528.271s step_avg:2425.83ms
step:631/3350 train_time:1531.387s step_avg:2426.92ms
step:632/3350 train_time:1533.221s step_avg:2425.98ms
step:633/3350 train_time:1536.336s step_avg:2427.07ms
step:634/3350 train_time:1538.172s step_avg:2426.14ms
step:635/3350 train_time:1541.286s step_avg:2427.22ms
step:636/3350 train_time:1543.123s step_avg:2426.29ms
step:637/3350 train_time:1546.236s step_avg:2427.37ms
step:638/3350 train_time:1548.072s step_avg:2426.45ms
step:639/3350 train_time:1551.187s step_avg:2427.52ms
step:640/3350 train_time:1553.022s step_avg:2426.60ms
step:641/3350 train_time:1556.137s step_avg:2427.67ms
step:642/3350 train_time:1557.969s step_avg:2426.74ms
step:643/3350 train_time:1561.087s step_avg:2427.82ms
step:644/3350 train_time:1562.923s step_avg:2426.90ms
step:645/3350 train_time:1566.036s step_avg:2427.96ms
step:646/3350 train_time:1567.869s step_avg:2427.04ms
step:647/3350 train_time:1570.982s step_avg:2428.10ms
step:648/3350 train_time:1572.818s step_avg:2427.19ms
step:649/3350 train_time:1575.931s step_avg:2428.24ms
step:650/3350 train_time:1578.060s step_avg:2427.78ms
step:651/3350 train_time:1581.175s step_avg:2428.84ms
step:652/3350 train_time:1583.011s step_avg:2427.93ms
step:653/3350 train_time:1586.127s step_avg:2428.99ms
step:654/3350 train_time:1587.960s step_avg:2428.07ms
step:655/3350 train_time:1591.078s step_avg:2429.13ms
step:656/3350 train_time:1592.915s step_avg:2428.22ms
step:657/3350 train_time:1596.030s step_avg:2429.27ms
step:658/3350 train_time:1597.866s step_avg:2428.37ms
step:659/3350 train_time:1600.987s step_avg:2429.42ms
step:660/3350 train_time:1602.827s step_avg:2428.53ms
step:661/3350 train_time:1605.945s step_avg:2429.57ms
step:662/3350 train_time:1607.782s step_avg:2428.67ms
step:663/3350 train_time:1610.900s step_avg:2429.71ms
step:664/3350 train_time:1612.739s step_avg:2428.82ms
step:665/3350 train_time:1615.857s step_avg:2429.86ms
step:666/3350 train_time:1617.690s step_avg:2428.96ms
step:667/3350 train_time:1620.807s step_avg:2430.00ms
step:668/3350 train_time:1622.641s step_avg:2429.10ms
step:669/3350 train_time:1625.761s step_avg:2430.14ms
step:670/3350 train_time:1627.601s step_avg:2429.26ms
step:671/3350 train_time:1630.717s step_avg:2430.28ms
step:672/3350 train_time:1632.557s step_avg:2429.40ms
step:673/3350 train_time:1635.671s step_avg:2430.42ms
step:674/3350 train_time:1637.504s step_avg:2429.53ms
step:675/3350 train_time:1640.910s step_avg:2430.98ms
step:676/3350 train_time:1642.745s step_avg:2430.10ms
step:677/3350 train_time:1645.862s step_avg:2431.11ms
step:678/3350 train_time:1647.695s step_avg:2430.23ms
step:679/3350 train_time:1650.809s step_avg:2431.24ms
step:680/3350 train_time:1652.644s step_avg:2430.36ms
step:681/3350 train_time:1655.765s step_avg:2431.37ms
step:682/3350 train_time:1657.598s step_avg:2430.50ms
step:683/3350 train_time:1660.714s step_avg:2431.50ms
step:684/3350 train_time:1662.551s step_avg:2430.63ms
step:685/3350 train_time:1665.665s step_avg:2431.63ms
step:686/3350 train_time:1667.500s step_avg:2430.76ms
step:687/3350 train_time:1670.620s step_avg:2431.76ms
step:688/3350 train_time:1672.455s step_avg:2430.89ms
step:689/3350 train_time:1675.566s step_avg:2431.88ms
step:690/3350 train_time:1677.401s step_avg:2431.02ms
step:691/3350 train_time:1680.513s step_avg:2432.00ms
step:692/3350 train_time:1682.348s step_avg:2431.14ms
step:693/3350 train_time:1685.462s step_avg:2432.12ms
step:694/3350 train_time:1687.294s step_avg:2431.26ms
step:695/3350 train_time:1690.410s step_avg:2432.24ms
step:696/3350 train_time:1692.246s step_avg:2431.39ms
step:697/3350 train_time:1695.357s step_avg:2432.36ms
step:698/3350 train_time:1697.191s step_avg:2431.51ms
step:699/3350 train_time:1700.316s step_avg:2432.50ms
step:700/3350 train_time:1702.456s step_avg:2432.08ms
step:701/3350 train_time:1705.569s step_avg:2433.05ms
step:702/3350 train_time:1707.403s step_avg:2432.20ms
step:703/3350 train_time:1710.521s step_avg:2433.17ms
step:704/3350 train_time:1712.356s step_avg:2432.32ms
step:705/3350 train_time:1715.473s step_avg:2433.29ms
step:706/3350 train_time:1717.311s step_avg:2432.45ms
step:707/3350 train_time:1720.430s step_avg:2433.42ms
step:708/3350 train_time:1722.264s step_avg:2432.58ms
step:709/3350 train_time:1725.380s step_avg:2433.54ms
step:710/3350 train_time:1727.213s step_avg:2432.69ms
step:711/3350 train_time:1730.329s step_avg:2433.66ms
step:712/3350 train_time:1732.164s step_avg:2432.81ms
step:713/3350 train_time:1735.279s step_avg:2433.77ms
step:714/3350 train_time:1737.113s step_avg:2432.93ms
step:715/3350 train_time:1740.228s step_avg:2433.89ms
step:716/3350 train_time:1742.063s step_avg:2433.05ms
step:717/3350 train_time:1745.179s step_avg:2434.00ms
step:718/3350 train_time:1747.012s step_avg:2433.16ms
step:719/3350 train_time:1750.129s step_avg:2434.12ms
step:720/3350 train_time:1751.963s step_avg:2433.28ms
step:721/3350 train_time:1755.078s step_avg:2434.23ms
step:722/3350 train_time:1756.911s step_avg:2433.39ms
step:723/3350 train_time:1760.026s step_avg:2434.34ms
step:724/3350 train_time:1761.859s step_avg:2433.51ms
step:725/3350 train_time:1765.267s step_avg:2434.85ms
step:726/3350 train_time:1767.101s step_avg:2434.02ms
step:727/3350 train_time:1770.217s step_avg:2434.96ms
step:728/3350 train_time:1772.053s step_avg:2434.14ms
step:729/3350 train_time:1775.172s step_avg:2435.08ms
step:730/3350 train_time:1777.008s step_avg:2434.26ms
step:731/3350 train_time:1780.126s step_avg:2435.19ms
step:732/3350 train_time:1781.965s step_avg:2434.38ms
step:733/3350 train_time:1785.079s step_avg:2435.31ms
step:734/3350 train_time:1786.914s step_avg:2434.49ms
step:735/3350 train_time:1790.035s step_avg:2435.42ms
step:736/3350 train_time:1791.871s step_avg:2434.61ms
step:737/3350 train_time:1794.986s step_avg:2435.53ms
step:738/3350 train_time:1796.820s step_avg:2434.72ms
step:739/3350 train_time:1799.937s step_avg:2435.64ms
step:740/3350 train_time:1801.774s step_avg:2434.83ms
step:741/3350 train_time:1804.891s step_avg:2435.75ms
step:742/3350 train_time:1806.728s step_avg:2434.94ms
step:743/3350 train_time:1809.846s step_avg:2435.86ms
step:744/3350 train_time:1811.681s step_avg:2435.05ms
step:745/3350 train_time:1814.793s step_avg:2435.96ms
step:746/3350 train_time:1816.631s step_avg:2435.16ms
step:747/3350 train_time:1819.749s step_avg:2436.08ms
step:748/3350 train_time:1821.585s step_avg:2435.27ms
step:749/3350 train_time:1824.703s step_avg:2436.19ms
step:750/3350 train_time:1826.903s step_avg:2435.87ms
step:750/3350 val_loss:3.68528 train_time:1826.903s step_avg:2482.88ms
step:751/3350 train_time:1830.017s step_avg:2436.77ms
step:752/3350 train_time:1831.855s step_avg:2435.98ms
step:753/3350 train_time:1834.972s step_avg:2436.88ms
step:754/3350 train_time:1836.810s step_avg:2436.09ms
step:755/3350 train_time:1839.930s step_avg:2436.99ms
step:756/3350 train_time:1841.768s step_avg:2436.20ms
step:757/3350 train_time:1844.888s step_avg:2437.10ms
step:758/3350 train_time:1846.724s step_avg:2436.31ms
step:759/3350 train_time:1849.847s step_avg:2437.22ms
step:760/3350 train_time:1851.686s step_avg:2436.43ms
step:761/3350 train_time:1854.841s step_avg:2437.37ms
step:762/3350 train_time:1856.680s step_avg:2436.59ms
step:763/3350 train_time:1859.801s step_avg:2437.49ms
step:764/3350 train_time:1861.639s step_avg:2436.70ms
step:765/3350 train_time:1864.758s step_avg:2437.59ms
step:766/3350 train_time:1866.597s step_avg:2436.81ms
step:767/3350 train_time:1869.720s step_avg:2437.71ms
step:768/3350 train_time:1871.556s step_avg:2436.92ms
step:769/3350 train_time:1874.679s step_avg:2437.81ms
step:770/3350 train_time:1876.518s step_avg:2437.04ms
step:771/3350 train_time:1879.643s step_avg:2437.93ms
step:772/3350 train_time:1881.481s step_avg:2437.15ms
step:773/3350 train_time:1884.607s step_avg:2438.04ms
step:774/3350 train_time:1886.447s step_avg:2437.27ms
step:775/3350 train_time:1889.863s step_avg:2438.53ms
step:776/3350 train_time:1891.701s step_avg:2437.76ms
step:777/3350 train_time:1894.824s step_avg:2438.64ms
step:778/3350 train_time:1896.659s step_avg:2437.86ms
step:779/3350 train_time:1899.777s step_avg:2438.74ms
step:780/3350 train_time:1901.613s step_avg:2437.97ms
step:781/3350 train_time:1904.729s step_avg:2438.83ms
step:782/3350 train_time:1906.564s step_avg:2438.06ms
step:783/3350 train_time:1909.677s step_avg:2438.92ms
step:784/3350 train_time:1911.511s step_avg:2438.15ms
step:785/3350 train_time:1914.627s step_avg:2439.02ms
step:786/3350 train_time:1916.462s step_avg:2438.25ms
step:787/3350 train_time:1919.580s step_avg:2439.11ms
step:788/3350 train_time:1921.414s step_avg:2438.34ms
step:789/3350 train_time:1924.535s step_avg:2439.21ms
step:790/3350 train_time:1926.371s step_avg:2438.44ms
step:791/3350 train_time:1929.488s step_avg:2439.30ms
step:792/3350 train_time:1931.325s step_avg:2438.54ms
step:793/3350 train_time:1934.443s step_avg:2439.40ms
step:794/3350 train_time:1936.278s step_avg:2438.64ms
step:795/3350 train_time:1939.392s step_avg:2439.49ms
step:796/3350 train_time:1941.228s step_avg:2438.73ms
step:797/3350 train_time:1944.345s step_avg:2439.58ms
step:798/3350 train_time:1946.175s step_avg:2438.82ms
step:799/3350 train_time:1949.292s step_avg:2439.66ms
step:800/3350 train_time:1951.433s step_avg:2439.29ms
step:801/3350 train_time:1954.546s step_avg:2440.13ms
step:802/3350 train_time:1956.380s step_avg:2439.38ms
step:803/3350 train_time:1959.499s step_avg:2440.22ms
step:804/3350 train_time:1961.333s step_avg:2439.47ms
step:805/3350 train_time:1964.451s step_avg:2440.31ms
step:806/3350 train_time:1966.288s step_avg:2439.56ms
step:807/3350 train_time:1969.406s step_avg:2440.40ms
step:808/3350 train_time:1971.242s step_avg:2439.66ms
step:809/3350 train_time:1974.360s step_avg:2440.49ms
step:810/3350 train_time:1976.199s step_avg:2439.75ms
step:811/3350 train_time:1979.317s step_avg:2440.59ms
step:812/3350 train_time:1981.154s step_avg:2439.84ms
step:813/3350 train_time:1984.272s step_avg:2440.68ms
step:814/3350 train_time:1986.108s step_avg:2439.94ms
step:815/3350 train_time:1989.227s step_avg:2440.77ms
step:816/3350 train_time:1991.066s step_avg:2440.03ms
step:817/3350 train_time:1994.191s step_avg:2440.87ms
step:818/3350 train_time:1996.030s step_avg:2440.13ms
step:819/3350 train_time:1999.152s step_avg:2440.97ms
step:820/3350 train_time:2000.988s step_avg:2440.23ms
step:821/3350 train_time:2004.110s step_avg:2441.06ms
step:822/3350 train_time:2005.948s step_avg:2440.33ms
step:823/3350 train_time:2009.065s step_avg:2441.15ms
step:824/3350 train_time:2010.898s step_avg:2440.41ms
step:825/3350 train_time:2014.310s step_avg:2441.59ms
step:826/3350 train_time:2016.144s step_avg:2440.85ms
step:827/3350 train_time:2019.265s step_avg:2441.67ms
step:828/3350 train_time:2021.103s step_avg:2440.95ms
step:829/3350 train_time:2024.220s step_avg:2441.76ms
step:830/3350 train_time:2026.054s step_avg:2441.03ms
step:831/3350 train_time:2029.171s step_avg:2441.84ms
step:832/3350 train_time:2031.009s step_avg:2441.12ms
step:833/3350 train_time:2034.123s step_avg:2441.92ms
step:834/3350 train_time:2035.958s step_avg:2441.20ms
step:835/3350 train_time:2039.076s step_avg:2442.01ms
step:836/3350 train_time:2040.911s step_avg:2441.28ms
step:837/3350 train_time:2044.031s step_avg:2442.09ms
step:838/3350 train_time:2045.865s step_avg:2441.37ms
step:839/3350 train_time:2048.982s step_avg:2442.17ms
step:840/3350 train_time:2050.815s step_avg:2441.45ms
step:841/3350 train_time:2053.931s step_avg:2442.25ms
step:842/3350 train_time:2055.769s step_avg:2441.53ms
step:843/3350 train_time:2058.887s step_avg:2442.33ms
step:844/3350 train_time:2060.721s step_avg:2441.61ms
step:845/3350 train_time:2063.836s step_avg:2442.41ms
step:846/3350 train_time:2065.673s step_avg:2441.69ms
step:847/3350 train_time:2068.792s step_avg:2442.49ms
step:848/3350 train_time:2070.628s step_avg:2441.78ms
step:849/3350 train_time:2073.741s step_avg:2442.57ms
step:850/3350 train_time:2075.868s step_avg:2442.20ms
step:851/3350 train_time:2078.980s step_avg:2442.98ms
step:852/3350 train_time:2080.813s step_avg:2442.27ms
step:853/3350 train_time:2083.926s step_avg:2443.06ms
step:854/3350 train_time:2085.762s step_avg:2442.34ms
step:855/3350 train_time:2088.876s step_avg:2443.13ms
step:856/3350 train_time:2090.712s step_avg:2442.42ms
step:857/3350 train_time:2093.827s step_avg:2443.21ms
step:858/3350 train_time:2095.658s step_avg:2442.49ms
step:859/3350 train_time:2098.778s step_avg:2443.28ms
step:860/3350 train_time:2100.610s step_avg:2442.57ms
step:861/3350 train_time:2103.726s step_avg:2443.35ms
step:862/3350 train_time:2105.557s step_avg:2442.64ms
step:863/3350 train_time:2108.674s step_avg:2443.42ms
step:864/3350 train_time:2110.508s step_avg:2442.72ms
step:865/3350 train_time:2113.625s step_avg:2443.50ms
step:866/3350 train_time:2115.458s step_avg:2442.79ms
step:867/3350 train_time:2118.575s step_avg:2443.57ms
step:868/3350 train_time:2120.412s step_avg:2442.87ms
step:869/3350 train_time:2123.528s step_avg:2443.65ms
step:870/3350 train_time:2125.363s step_avg:2442.95ms
step:871/3350 train_time:2128.481s step_avg:2443.72ms
step:872/3350 train_time:2130.314s step_avg:2443.02ms
step:873/3350 train_time:2133.430s step_avg:2443.79ms
step:874/3350 train_time:2135.266s step_avg:2443.10ms
step:875/3350 train_time:2138.734s step_avg:2444.27ms
step:875/3350 val_loss:3.64647 train_time:2138.734s step_avg:2494.65ms
step:876/3350 train_time:2140.571s step_avg:2443.57ms
step:877/3350 train_time:2143.689s step_avg:2444.34ms
step:878/3350 train_time:2145.523s step_avg:2443.65ms
step:879/3350 train_time:2148.637s step_avg:2444.41ms
step:880/3350 train_time:2150.472s step_avg:2443.72ms
step:881/3350 train_time:2153.593s step_avg:2444.49ms
step:882/3350 train_time:2155.432s step_avg:2443.80ms
step:883/3350 train_time:2158.545s step_avg:2444.56ms
step:884/3350 train_time:2160.378s step_avg:2443.87ms
step:885/3350 train_time:2163.495s step_avg:2444.63ms
step:886/3350 train_time:2165.332s step_avg:2443.94ms
step:887/3350 train_time:2168.449s step_avg:2444.70ms
step:888/3350 train_time:2170.286s step_avg:2444.02ms
step:889/3350 train_time:2173.404s step_avg:2444.77ms
step:890/3350 train_time:2175.242s step_avg:2444.09ms
step:891/3350 train_time:2178.356s step_avg:2444.84ms
step:892/3350 train_time:2180.193s step_avg:2444.16ms
step:893/3350 train_time:2183.310s step_avg:2444.92ms
step:894/3350 train_time:2185.149s step_avg:2444.24ms
step:895/3350 train_time:2188.265s step_avg:2444.99ms
step:896/3350 train_time:2190.100s step_avg:2444.31ms
step:897/3350 train_time:2193.216s step_avg:2445.06ms
step:898/3350 train_time:2195.055s step_avg:2444.38ms
step:899/3350 train_time:2198.172s step_avg:2445.13ms
step:900/3350 train_time:2200.319s step_avg:2444.80ms
step:901/3350 train_time:2203.429s step_avg:2445.54ms
step:902/3350 train_time:2205.267s step_avg:2444.86ms
step:903/3350 train_time:2208.383s step_avg:2445.61ms
step:904/3350 train_time:2210.219s step_avg:2444.93ms
step:905/3350 train_time:2213.335s step_avg:2445.67ms
step:906/3350 train_time:2215.170s step_avg:2445.00ms
step:907/3350 train_time:2218.287s step_avg:2445.74ms
step:908/3350 train_time:2220.127s step_avg:2445.07ms
step:909/3350 train_time:2223.245s step_avg:2445.81ms
step:910/3350 train_time:2225.080s step_avg:2445.14ms
step:911/3350 train_time:2228.201s step_avg:2445.89ms
step:912/3350 train_time:2230.038s step_avg:2445.22ms
step:913/3350 train_time:2233.155s step_avg:2445.95ms
step:914/3350 train_time:2234.992s step_avg:2445.29ms
step:915/3350 train_time:2238.107s step_avg:2446.02ms
step:916/3350 train_time:2239.944s step_avg:2445.35ms
step:917/3350 train_time:2243.061s step_avg:2446.09ms
step:918/3350 train_time:2244.898s step_avg:2445.42ms
step:919/3350 train_time:2248.009s step_avg:2446.15ms
step:920/3350 train_time:2249.844s step_avg:2445.48ms
step:921/3350 train_time:2252.958s step_avg:2446.21ms
step:922/3350 train_time:2254.791s step_avg:2445.54ms
step:923/3350 train_time:2257.903s step_avg:2446.27ms
step:924/3350 train_time:2259.742s step_avg:2445.61ms
step:925/3350 train_time:2263.141s step_avg:2446.64ms
step:926/3350 train_time:2264.973s step_avg:2445.97ms
step:927/3350 train_time:2268.086s step_avg:2446.69ms
step:928/3350 train_time:2269.921s step_avg:2446.04ms
step:929/3350 train_time:2273.037s step_avg:2446.76ms
step:930/3350 train_time:2274.870s step_avg:2446.10ms
step:931/3350 train_time:2277.984s step_avg:2446.81ms
step:932/3350 train_time:2279.819s step_avg:2446.16ms
step:933/3350 train_time:2282.933s step_avg:2446.87ms
step:934/3350 train_time:2284.767s step_avg:2446.22ms
step:935/3350 train_time:2287.880s step_avg:2446.93ms
step:936/3350 train_time:2289.714s step_avg:2446.28ms
step:937/3350 train_time:2292.830s step_avg:2446.99ms
step:938/3350 train_time:2294.667s step_avg:2446.34ms
step:939/3350 train_time:2297.792s step_avg:2447.06ms
step:940/3350 train_time:2299.629s step_avg:2446.41ms
step:941/3350 train_time:2302.742s step_avg:2447.12ms
step:942/3350 train_time:2304.576s step_avg:2446.47ms
step:943/3350 train_time:2307.694s step_avg:2447.18ms
step:944/3350 train_time:2309.526s step_avg:2446.53ms
step:945/3350 train_time:2312.641s step_avg:2447.24ms
step:946/3350 train_time:2314.473s step_avg:2446.59ms
step:947/3350 train_time:2317.584s step_avg:2447.29ms
step:948/3350 train_time:2319.422s step_avg:2446.65ms
step:949/3350 train_time:2322.535s step_avg:2447.35ms
step:950/3350 train_time:2324.664s step_avg:2447.01ms
step:951/3350 train_time:2327.808s step_avg:2447.75ms
step:952/3350 train_time:2329.647s step_avg:2447.11ms
step:953/3350 train_time:2332.762s step_avg:2447.81ms
step:954/3350 train_time:2334.599s step_avg:2447.17ms
step:955/3350 train_time:2337.717s step_avg:2447.87ms
step:956/3350 train_time:2339.552s step_avg:2447.23ms
step:957/3350 train_time:2342.665s step_avg:2447.93ms
step:958/3350 train_time:2344.500s step_avg:2447.29ms
step:959/3350 train_time:2347.616s step_avg:2447.98ms
step:960/3350 train_time:2349.451s step_avg:2447.34ms
step:961/3350 train_time:2352.565s step_avg:2448.04ms
step:962/3350 train_time:2354.397s step_avg:2447.40ms
step:963/3350 train_time:2357.513s step_avg:2448.09ms
step:964/3350 train_time:2359.351s step_avg:2447.46ms
step:965/3350 train_time:2362.471s step_avg:2448.16ms
step:966/3350 train_time:2364.305s step_avg:2447.52ms
step:967/3350 train_time:2367.416s step_avg:2448.21ms
step:968/3350 train_time:2369.252s step_avg:2447.57ms
step:969/3350 train_time:2372.363s step_avg:2448.26ms
step:970/3350 train_time:2374.195s step_avg:2447.62ms
step:971/3350 train_time:2377.313s step_avg:2448.31ms
step:972/3350 train_time:2379.148s step_avg:2447.68ms
step:973/3350 train_time:2382.260s step_avg:2448.37ms
step:974/3350 train_time:2384.097s step_avg:2447.74ms
step:975/3350 train_time:2387.505s step_avg:2448.72ms
step:976/3350 train_time:2389.341s step_avg:2448.09ms
step:977/3350 train_time:2392.458s step_avg:2448.78ms
step:978/3350 train_time:2394.294s step_avg:2448.15ms
step:979/3350 train_time:2397.409s step_avg:2448.83ms
step:980/3350 train_time:2399.246s step_avg:2448.21ms
step:981/3350 train_time:2402.365s step_avg:2448.89ms
step:982/3350 train_time:2404.201s step_avg:2448.27ms
step:983/3350 train_time:2407.313s step_avg:2448.94ms
step:984/3350 train_time:2409.148s step_avg:2448.32ms
step:985/3350 train_time:2412.263s step_avg:2449.00ms
step:986/3350 train_time:2414.095s step_avg:2448.37ms
step:987/3350 train_time:2417.214s step_avg:2449.05ms
step:988/3350 train_time:2419.051s step_avg:2448.43ms
step:989/3350 train_time:2422.163s step_avg:2449.10ms
step:990/3350 train_time:2423.998s step_avg:2448.48ms
step:991/3350 train_time:2427.108s step_avg:2449.15ms
step:992/3350 train_time:2428.941s step_avg:2448.53ms
step:993/3350 train_time:2432.056s step_avg:2449.20ms
step:994/3350 train_time:2433.891s step_avg:2448.58ms
step:995/3350 train_time:2437.002s step_avg:2449.25ms
step:996/3350 train_time:2438.839s step_avg:2448.63ms
step:997/3350 train_time:2441.948s step_avg:2449.30ms
step:998/3350 train_time:2443.782s step_avg:2448.68ms
step:999/3350 train_time:2446.896s step_avg:2449.35ms
step:1000/3350 train_time:2449.109s step_avg:2449.11ms
step:1000/3350 val_loss:3.61474 train_time:2449.109s step_avg:2483.00ms
step:1001/3350 train_time:2452.220s step_avg:2449.77ms
step:1002/3350 train_time:2454.055s step_avg:2449.16ms
step:1003/3350 train_time:2457.168s step_avg:2449.82ms
step:1004/3350 train_time:2459.006s step_avg:2449.21ms
step:1005/3350 train_time:2462.117s step_avg:2449.87ms
step:1006/3350 train_time:2463.952s step_avg:2449.26ms
step:1007/3350 train_time:2467.064s step_avg:2449.91ms
step:1008/3350 train_time:2468.900s step_avg:2449.31ms
step:1009/3350 train_time:2472.017s step_avg:2449.97ms
step:1010/3350 train_time:2473.850s step_avg:2449.36ms
step:1011/3350 train_time:2476.964s step_avg:2450.01ms
step:1012/3350 train_time:2478.802s step_avg:2449.41ms
step:1013/3350 train_time:2481.915s step_avg:2450.06ms
step:1014/3350 train_time:2483.751s step_avg:2449.46ms
step:1015/3350 train_time:2486.866s step_avg:2450.11ms
step:1016/3350 train_time:2488.699s step_avg:2449.51ms
step:1017/3350 train_time:2491.811s step_avg:2450.16ms
step:1018/3350 train_time:2493.648s step_avg:2449.56ms
step:1019/3350 train_time:2496.767s step_avg:2450.21ms
step:1020/3350 train_time:2498.603s step_avg:2449.61ms
step:1021/3350 train_time:2501.714s step_avg:2450.26ms
step:1022/3350 train_time:2503.550s step_avg:2449.66ms
step:1023/3350 train_time:2506.664s step_avg:2450.31ms
step:1024/3350 train_time:2508.503s step_avg:2449.71ms
step:1025/3350 train_time:2511.911s step_avg:2450.64ms
step:1026/3350 train_time:2513.744s step_avg:2450.04ms
step:1027/3350 train_time:2516.857s step_avg:2450.69ms
step:1028/3350 train_time:2518.696s step_avg:2450.09ms
step:1029/3350 train_time:2521.806s step_avg:2450.73ms
step:1030/3350 train_time:2523.639s step_avg:2450.14ms
step:1031/3350 train_time:2526.754s step_avg:2450.78ms
step:1032/3350 train_time:2528.593s step_avg:2450.19ms
step:1033/3350 train_time:2531.708s step_avg:2450.83ms
step:1034/3350 train_time:2533.548s step_avg:2450.24ms
step:1035/3350 train_time:2536.662s step_avg:2450.88ms
step:1036/3350 train_time:2538.499s step_avg:2450.29ms
step:1037/3350 train_time:2541.617s step_avg:2450.93ms
step:1038/3350 train_time:2543.450s step_avg:2450.34ms
step:1039/3350 train_time:2546.562s step_avg:2450.97ms
step:1040/3350 train_time:2548.399s step_avg:2450.38ms
step:1041/3350 train_time:2551.511s step_avg:2451.02ms
step:1042/3350 train_time:2553.349s step_avg:2450.43ms
step:1043/3350 train_time:2556.465s step_avg:2451.07ms
step:1044/3350 train_time:2558.305s step_avg:2450.48ms
step:1045/3350 train_time:2561.416s step_avg:2451.12ms
step:1046/3350 train_time:2563.256s step_avg:2450.53ms
step:1047/3350 train_time:2566.372s step_avg:2451.17ms
step:1048/3350 train_time:2568.206s step_avg:2450.58ms
step:1049/3350 train_time:2571.321s step_avg:2451.21ms
step:1050/3350 train_time:2573.456s step_avg:2450.91ms
step:1051/3350 train_time:2576.566s step_avg:2451.54ms
step:1052/3350 train_time:2578.406s step_avg:2450.96ms
step:1053/3350 train_time:2581.520s step_avg:2451.59ms
step:1054/3350 train_time:2583.359s step_avg:2451.00ms
step:1055/3350 train_time:2586.472s step_avg:2451.63ms
step:1056/3350 train_time:2588.308s step_avg:2451.05ms
step:1057/3350 train_time:2591.422s step_avg:2451.68ms
step:1058/3350 train_time:2593.258s step_avg:2451.09ms
step:1059/3350 train_time:2596.372s step_avg:2451.72ms
step:1060/3350 train_time:2598.208s step_avg:2451.14ms
step:1061/3350 train_time:2601.320s step_avg:2451.76ms
step:1062/3350 train_time:2603.161s step_avg:2451.19ms
step:1063/3350 train_time:2606.272s step_avg:2451.81ms
step:1064/3350 train_time:2608.109s step_avg:2451.23ms
step:1065/3350 train_time:2611.227s step_avg:2451.86ms
step:1066/3350 train_time:2613.060s step_avg:2451.28ms
step:1067/3350 train_time:2616.173s step_avg:2451.90ms
step:1068/3350 train_time:2618.008s step_avg:2451.32ms
step:1069/3350 train_time:2621.127s step_avg:2451.94ms
step:1070/3350 train_time:2622.962s step_avg:2451.37ms
step:1071/3350 train_time:2626.077s step_avg:2451.99ms
step:1072/3350 train_time:2627.915s step_avg:2451.41ms
step:1073/3350 train_time:2631.027s step_avg:2452.03ms
step:1074/3350 train_time:2632.861s step_avg:2451.45ms
step:1075/3350 train_time:2636.278s step_avg:2452.35ms
step:1076/3350 train_time:2638.114s step_avg:2451.78ms
step:1077/3350 train_time:2641.231s step_avg:2452.40ms
step:1078/3350 train_time:2643.065s step_avg:2451.82ms
step:1079/3350 train_time:2646.181s step_avg:2452.44ms
step:1080/3350 train_time:2648.018s step_avg:2451.87ms
step:1081/3350 train_time:2651.132s step_avg:2452.48ms
step:1082/3350 train_time:2652.973s step_avg:2451.92ms
step:1083/3350 train_time:2656.084s step_avg:2452.52ms
step:1084/3350 train_time:2657.920s step_avg:2451.96ms
step:1085/3350 train_time:2661.037s step_avg:2452.57ms
step:1086/3350 train_time:2662.873s step_avg:2452.00ms
step:1087/3350 train_time:2665.991s step_avg:2452.61ms
step:1088/3350 train_time:2667.826s step_avg:2452.05ms
step:1089/3350 train_time:2670.942s step_avg:2452.66ms
step:1090/3350 train_time:2672.777s step_avg:2452.09ms
step:1091/3350 train_time:2675.894s step_avg:2452.70ms
step:1092/3350 train_time:2677.732s step_avg:2452.14ms
step:1093/3350 train_time:2680.846s step_avg:2452.74ms
step:1094/3350 train_time:2682.682s step_avg:2452.18ms
step:1095/3350 train_time:2685.797s step_avg:2452.78ms
step:1096/3350 train_time:2687.634s step_avg:2452.22ms
step:1097/3350 train_time:2690.751s step_avg:2452.83ms
step:1098/3350 train_time:2692.591s step_avg:2452.27ms
step:1099/3350 train_time:2695.704s step_avg:2452.87ms
step:1100/3350 train_time:2697.849s step_avg:2452.59ms
step:1101/3350 train_time:2700.958s step_avg:2453.19ms
step:1102/3350 train_time:2702.795s step_avg:2452.63ms
step:1103/3350 train_time:2705.909s step_avg:2453.23ms
step:1104/3350 train_time:2707.745s step_avg:2452.67ms
step:1105/3350 train_time:2710.858s step_avg:2453.27ms
step:1106/3350 train_time:2712.696s step_avg:2452.71ms
step:1107/3350 train_time:2715.808s step_avg:2453.30ms
step:1108/3350 train_time:2717.644s step_avg:2452.75ms
step:1109/3350 train_time:2720.756s step_avg:2453.34ms
step:1110/3350 train_time:2722.590s step_avg:2452.78ms
step:1111/3350 train_time:2725.700s step_avg:2453.38ms
step:1112/3350 train_time:2727.537s step_avg:2452.82ms
step:1113/3350 train_time:2730.648s step_avg:2453.41ms
step:1114/3350 train_time:2732.488s step_avg:2452.86ms
step:1115/3350 train_time:2735.607s step_avg:2453.46ms
step:1116/3350 train_time:2737.445s step_avg:2452.91ms
step:1117/3350 train_time:2740.566s step_avg:2453.51ms
step:1118/3350 train_time:2742.402s step_avg:2452.95ms
step:1119/3350 train_time:2745.520s step_avg:2453.55ms
step:1120/3350 train_time:2747.356s step_avg:2453.00ms
step:1121/3350 train_time:2750.471s step_avg:2453.59ms
step:1122/3350 train_time:2752.308s step_avg:2453.04ms
step:1123/3350 train_time:2755.423s step_avg:2453.63ms
step:1124/3350 train_time:2757.259s step_avg:2453.08ms
step:1125/3350 train_time:2760.739s step_avg:2453.99ms
step:1125/3350 val_loss:3.58664 train_time:2760.740s step_avg:2493.04ms
step:1126/3350 train_time:2762.575s step_avg:2453.44ms
step:1127/3350 train_time:2765.688s step_avg:2454.03ms
step:1128/3350 train_time:2767.527s step_avg:2453.48ms
step:1129/3350 train_time:2770.638s step_avg:2454.06ms
step:1130/3350 train_time:2772.477s step_avg:2453.52ms
step:1131/3350 train_time:2775.589s step_avg:2454.10ms
step:1132/3350 train_time:2777.424s step_avg:2453.56ms
step:1133/3350 train_time:2780.542s step_avg:2454.14ms
step:1134/3350 train_time:2782.376s step_avg:2453.59ms
step:1135/3350 train_time:2785.496s step_avg:2454.18ms
step:1136/3350 train_time:2787.332s step_avg:2453.64ms
step:1137/3350 train_time:2790.442s step_avg:2454.21ms
step:1138/3350 train_time:2792.281s step_avg:2453.67ms
step:1139/3350 train_time:2795.394s step_avg:2454.25ms
step:1140/3350 train_time:2797.231s step_avg:2453.71ms
step:1141/3350 train_time:2800.375s step_avg:2454.32ms
step:1142/3350 train_time:2802.213s step_avg:2453.78ms
step:1143/3350 train_time:2805.324s step_avg:2454.35ms
step:1144/3350 train_time:2807.163s step_avg:2453.81ms
step:1145/3350 train_time:2810.274s step_avg:2454.39ms
step:1146/3350 train_time:2812.111s step_avg:2453.85ms
step:1147/3350 train_time:2815.224s step_avg:2454.42ms
step:1148/3350 train_time:2817.062s step_avg:2453.89ms
step:1149/3350 train_time:2820.173s step_avg:2454.46ms
step:1150/3350 train_time:2822.312s step_avg:2454.18ms
step:1151/3350 train_time:2825.419s step_avg:2454.75ms
step:1152/3350 train_time:2827.251s step_avg:2454.21ms
step:1153/3350 train_time:2830.362s step_avg:2454.78ms
step:1154/3350 train_time:2832.196s step_avg:2454.24ms
step:1155/3350 train_time:2835.305s step_avg:2454.81ms
step:1156/3350 train_time:2837.141s step_avg:2454.27ms
step:1157/3350 train_time:2840.250s step_avg:2454.84ms
step:1158/3350 train_time:2842.086s step_avg:2454.31ms
step:1159/3350 train_time:2845.195s step_avg:2454.87ms
step:1160/3350 train_time:2847.032s step_avg:2454.34ms
step:1161/3350 train_time:2850.142s step_avg:2454.90ms
step:1162/3350 train_time:2851.974s step_avg:2454.37ms
step:1163/3350 train_time:2855.086s step_avg:2454.93ms
step:1164/3350 train_time:2856.923s step_avg:2454.40ms
step:1165/3350 train_time:2860.035s step_avg:2454.97ms
step:1166/3350 train_time:2861.870s step_avg:2454.43ms
step:1167/3350 train_time:2864.980s step_avg:2455.00ms
step:1168/3350 train_time:2866.814s step_avg:2454.46ms
step:1169/3350 train_time:2869.924s step_avg:2455.02ms
step:1170/3350 train_time:2871.759s step_avg:2454.49ms
step:1171/3350 train_time:2874.872s step_avg:2455.06ms
step:1172/3350 train_time:2876.707s step_avg:2454.53ms
step:1173/3350 train_time:2879.813s step_avg:2455.08ms
step:1174/3350 train_time:2881.648s step_avg:2454.56ms
step:1175/3350 train_time:2885.045s step_avg:2455.36ms
step:1176/3350 train_time:2886.880s step_avg:2454.83ms
step:1177/3350 train_time:2889.988s step_avg:2455.38ms
step:1178/3350 train_time:2891.821s step_avg:2454.86ms
step:1179/3350 train_time:2894.932s step_avg:2455.41ms
step:1180/3350 train_time:2896.772s step_avg:2454.89ms
step:1181/3350 train_time:2899.885s step_avg:2455.45ms
step:1182/3350 train_time:2901.719s step_avg:2454.92ms
step:1183/3350 train_time:2904.830s step_avg:2455.48ms
step:1184/3350 train_time:2906.667s step_avg:2454.96ms
step:1185/3350 train_time:2909.779s step_avg:2455.51ms
step:1186/3350 train_time:2911.617s step_avg:2454.99ms
step:1187/3350 train_time:2914.727s step_avg:2455.54ms
step:1188/3350 train_time:2916.562s step_avg:2455.02ms
step:1189/3350 train_time:2919.680s step_avg:2455.58ms
step:1190/3350 train_time:2921.516s step_avg:2455.06ms
step:1191/3350 train_time:2924.629s step_avg:2455.61ms
step:1192/3350 train_time:2926.466s step_avg:2455.09ms
step:1193/3350 train_time:2929.583s step_avg:2455.64ms
step:1194/3350 train_time:2931.420s step_avg:2455.13ms
step:1195/3350 train_time:2934.537s step_avg:2455.68ms
step:1196/3350 train_time:2936.374s step_avg:2455.16ms
step:1197/3350 train_time:2939.492s step_avg:2455.72ms
step:1198/3350 train_time:2941.327s step_avg:2455.20ms
step:1199/3350 train_time:2944.439s step_avg:2455.75ms
step:1200/3350 train_time:2946.578s step_avg:2455.48ms
step:1201/3350 train_time:2949.689s step_avg:2456.03ms
step:1202/3350 train_time:2951.527s step_avg:2455.51ms
step:1203/3350 train_time:2954.644s step_avg:2456.06ms
step:1204/3350 train_time:2956.483s step_avg:2455.55ms
step:1205/3350 train_time:2959.596s step_avg:2456.10ms
step:1206/3350 train_time:2961.430s step_avg:2455.58ms
step:1207/3350 train_time:2964.544s step_avg:2456.13ms
step:1208/3350 train_time:2966.383s step_avg:2455.61ms
step:1209/3350 train_time:2969.495s step_avg:2456.16ms
step:1210/3350 train_time:2971.331s step_avg:2455.65ms
step:1211/3350 train_time:2974.454s step_avg:2456.20ms
step:1212/3350 train_time:2976.289s step_avg:2455.68ms
step:1213/3350 train_time:2979.408s step_avg:2456.23ms
step:1214/3350 train_time:2981.245s step_avg:2455.72ms
step:1215/3350 train_time:2984.363s step_avg:2456.27ms
step:1216/3350 train_time:2986.202s step_avg:2455.76ms
step:1217/3350 train_time:2989.316s step_avg:2456.30ms
step:1218/3350 train_time:2991.153s step_avg:2455.79ms
step:1219/3350 train_time:2994.269s step_avg:2456.33ms
step:1220/3350 train_time:2996.105s step_avg:2455.82ms
step:1221/3350 train_time:2999.218s step_avg:2456.36ms
step:1222/3350 train_time:3001.055s step_avg:2455.86ms
step:1223/3350 train_time:3004.174s step_avg:2456.40ms
step:1224/3350 train_time:3006.009s step_avg:2455.89ms
step:1225/3350 train_time:3009.426s step_avg:2456.67ms
step:1226/3350 train_time:3011.262s step_avg:2456.17ms
step:1227/3350 train_time:3014.381s step_avg:2456.71ms
step:1228/3350 train_time:3016.217s step_avg:2456.20ms
step:1229/3350 train_time:3019.336s step_avg:2456.74ms
step:1230/3350 train_time:3021.173s step_avg:2456.24ms
step:1231/3350 train_time:3024.285s step_avg:2456.77ms
step:1232/3350 train_time:3026.121s step_avg:2456.27ms
step:1233/3350 train_time:3029.232s step_avg:2456.80ms
step:1234/3350 train_time:3031.067s step_avg:2456.29ms
step:1235/3350 train_time:3034.177s step_avg:2456.82ms
step:1236/3350 train_time:3036.012s step_avg:2456.32ms
step:1237/3350 train_time:3039.120s step_avg:2456.85ms
step:1238/3350 train_time:3040.953s step_avg:2456.34ms
step:1239/3350 train_time:3044.061s step_avg:2456.87ms
step:1240/3350 train_time:3045.895s step_avg:2456.37ms
step:1241/3350 train_time:3049.004s step_avg:2456.89ms
step:1242/3350 train_time:3050.842s step_avg:2456.39ms
step:1243/3350 train_time:3053.953s step_avg:2456.92ms
step:1244/3350 train_time:3055.788s step_avg:2456.42ms
step:1245/3350 train_time:3058.903s step_avg:2456.95ms
step:1246/3350 train_time:3060.736s step_avg:2456.45ms
step:1247/3350 train_time:3063.852s step_avg:2456.98ms
step:1248/3350 train_time:3065.689s step_avg:2456.48ms
step:1249/3350 train_time:3068.799s step_avg:2457.01ms
step:1250/3350 train_time:3070.994s step_avg:2456.80ms
step:1250/3350 val_loss:3.55814 train_time:3070.994s step_avg:2482.04ms
step:1251/3350 train_time:3074.105s step_avg:2457.32ms
step:1252/3350 train_time:3075.943s step_avg:2456.82ms
step:1253/3350 train_time:3079.057s step_avg:2457.35ms
step:1254/3350 train_time:3080.893s step_avg:2456.85ms
step:1255/3350 train_time:3084.011s step_avg:2457.38ms
step:1256/3350 train_time:3085.848s step_avg:2456.89ms
step:1257/3350 train_time:3088.958s step_avg:2457.41ms
step:1258/3350 train_time:3090.792s step_avg:2456.91ms
step:1259/3350 train_time:3093.907s step_avg:2457.43ms
step:1260/3350 train_time:3095.745s step_avg:2456.94ms
step:1261/3350 train_time:3098.855s step_avg:2457.46ms
step:1262/3350 train_time:3100.687s step_avg:2456.96ms
step:1263/3350 train_time:3103.800s step_avg:2457.48ms
step:1264/3350 train_time:3105.634s step_avg:2456.99ms
step:1265/3350 train_time:3108.747s step_avg:2457.51ms
step:1266/3350 train_time:3110.584s step_avg:2457.02ms
step:1267/3350 train_time:3113.705s step_avg:2457.54ms
step:1268/3350 train_time:3115.539s step_avg:2457.05ms
step:1269/3350 train_time:3118.652s step_avg:2457.57ms
step:1270/3350 train_time:3120.488s step_avg:2457.08ms
step:1271/3350 train_time:3123.599s step_avg:2457.59ms
step:1272/3350 train_time:3125.433s step_avg:2457.10ms
step:1273/3350 train_time:3128.549s step_avg:2457.62ms
step:1274/3350 train_time:3130.384s step_avg:2457.13ms
step:1275/3350 train_time:3133.783s step_avg:2457.87ms
step:1276/3350 train_time:3135.617s step_avg:2457.38ms
step:1277/3350 train_time:3138.728s step_avg:2457.89ms
step:1278/3350 train_time:3140.562s step_avg:2457.40ms
step:1279/3350 train_time:3143.676s step_avg:2457.92ms
step:1280/3350 train_time:3145.514s step_avg:2457.43ms
step:1281/3350 train_time:3148.624s step_avg:2457.94ms
step:1282/3350 train_time:3150.457s step_avg:2457.45ms
step:1283/3350 train_time:3153.568s step_avg:2457.96ms
step:1284/3350 train_time:3155.401s step_avg:2457.48ms
step:1285/3350 train_time:3158.519s step_avg:2457.99ms
step:1286/3350 train_time:3160.355s step_avg:2457.51ms
step:1287/3350 train_time:3163.466s step_avg:2458.02ms
step:1288/3350 train_time:3165.300s step_avg:2457.53ms
step:1289/3350 train_time:3168.411s step_avg:2458.04ms
step:1290/3350 train_time:3170.246s step_avg:2457.56ms
step:1291/3350 train_time:3173.358s step_avg:2458.06ms
step:1292/3350 train_time:3175.192s step_avg:2457.58ms
step:1293/3350 train_time:3178.305s step_avg:2458.09ms
step:1294/3350 train_time:3180.139s step_avg:2457.60ms
step:1295/3350 train_time:3183.255s step_avg:2458.11ms
step:1296/3350 train_time:3185.091s step_avg:2457.63ms
step:1297/3350 train_time:3188.203s step_avg:2458.14ms
step:1298/3350 train_time:3190.036s step_avg:2457.65ms
step:1299/3350 train_time:3193.147s step_avg:2458.16ms
step:1300/3350 train_time:3195.285s step_avg:2457.91ms
step:1301/3350 train_time:3198.393s step_avg:2458.41ms
step:1302/3350 train_time:3200.225s step_avg:2457.93ms
step:1303/3350 train_time:3203.337s step_avg:2458.43ms
step:1304/3350 train_time:3205.172s step_avg:2457.95ms
step:1305/3350 train_time:3208.286s step_avg:2458.46ms
step:1306/3350 train_time:3210.122s step_avg:2457.98ms
step:1307/3350 train_time:3213.236s step_avg:2458.48ms
step:1308/3350 train_time:3215.071s step_avg:2458.00ms
step:1309/3350 train_time:3218.183s step_avg:2458.51ms
step:1310/3350 train_time:3220.018s step_avg:2458.03ms
step:1311/3350 train_time:3223.138s step_avg:2458.53ms
step:1312/3350 train_time:3224.972s step_avg:2458.06ms
step:1313/3350 train_time:3228.087s step_avg:2458.56ms
step:1314/3350 train_time:3229.923s step_avg:2458.08ms
step:1315/3350 train_time:3233.039s step_avg:2458.58ms
step:1316/3350 train_time:3234.873s step_avg:2458.11ms
step:1317/3350 train_time:3237.989s step_avg:2458.61ms
step:1318/3350 train_time:3239.824s step_avg:2458.14ms
step:1319/3350 train_time:3242.935s step_avg:2458.63ms
step:1320/3350 train_time:3244.767s step_avg:2458.16ms
step:1321/3350 train_time:3247.878s step_avg:2458.65ms
step:1322/3350 train_time:3249.712s step_avg:2458.18ms
step:1323/3350 train_time:3252.826s step_avg:2458.67ms
step:1324/3350 train_time:3254.664s step_avg:2458.21ms
step:1325/3350 train_time:3258.064s step_avg:2458.92ms
step:1326/3350 train_time:3259.897s step_avg:2458.44ms
step:1327/3350 train_time:3263.011s step_avg:2458.94ms
step:1328/3350 train_time:3264.845s step_avg:2458.47ms
step:1329/3350 train_time:3267.955s step_avg:2458.96ms
step:1330/3350 train_time:3269.790s step_avg:2458.49ms
step:1331/3350 train_time:3272.936s step_avg:2459.01ms
step:1332/3350 train_time:3274.771s step_avg:2458.54ms
step:1333/3350 train_time:3277.883s step_avg:2459.03ms
step:1334/3350 train_time:3279.715s step_avg:2458.56ms
step:1335/3350 train_time:3282.826s step_avg:2459.05ms
step:1336/3350 train_time:3284.668s step_avg:2458.58ms
step:1337/3350 train_time:3287.782s step_avg:2459.07ms
step:1338/3350 train_time:3289.618s step_avg:2458.61ms
step:1339/3350 train_time:3292.733s step_avg:2459.10ms
step:1340/3350 train_time:3294.569s step_avg:2458.63ms
step:1341/3350 train_time:3297.683s step_avg:2459.12ms
step:1342/3350 train_time:3299.520s step_avg:2458.66ms
step:1343/3350 train_time:3302.641s step_avg:2459.15ms
step:1344/3350 train_time:3304.474s step_avg:2458.69ms
step:1345/3350 train_time:3307.584s step_avg:2459.17ms
step:1346/3350 train_time:3309.418s step_avg:2458.71ms
step:1347/3350 train_time:3312.526s step_avg:2459.19ms
step:1348/3350 train_time:3314.360s step_avg:2458.72ms
step:1349/3350 train_time:3317.470s step_avg:2459.21ms
step:1350/3350 train_time:3319.599s step_avg:2458.96ms
step:1351/3350 train_time:3322.705s step_avg:2459.44ms
step:1352/3350 train_time:3324.541s step_avg:2458.98ms
step:1353/3350 train_time:3327.652s step_avg:2459.46ms
step:1354/3350 train_time:3329.489s step_avg:2459.00ms
step:1355/3350 train_time:3332.606s step_avg:2459.49ms
step:1356/3350 train_time:3334.444s step_avg:2459.03ms
step:1357/3350 train_time:3337.553s step_avg:2459.51ms
step:1358/3350 train_time:3339.384s step_avg:2459.05ms
step:1359/3350 train_time:3342.497s step_avg:2459.53ms
step:1360/3350 train_time:3344.333s step_avg:2459.07ms
step:1361/3350 train_time:3347.444s step_avg:2459.55ms
step:1362/3350 train_time:3349.278s step_avg:2459.09ms
step:1363/3350 train_time:3352.392s step_avg:2459.57ms
step:1364/3350 train_time:3354.228s step_avg:2459.11ms
step:1365/3350 train_time:3357.337s step_avg:2459.59ms
step:1366/3350 train_time:3359.170s step_avg:2459.13ms
step:1367/3350 train_time:3362.285s step_avg:2459.61ms
step:1368/3350 train_time:3364.116s step_avg:2459.15ms
step:1369/3350 train_time:3367.235s step_avg:2459.63ms
step:1370/3350 train_time:3369.068s step_avg:2459.17ms
step:1371/3350 train_time:3372.183s step_avg:2459.65ms
step:1372/3350 train_time:3374.018s step_avg:2459.20ms
step:1373/3350 train_time:3377.128s step_avg:2459.67ms
step:1374/3350 train_time:3378.961s step_avg:2459.21ms
step:1375/3350 train_time:3382.425s step_avg:2459.95ms
step:1375/3350 val_loss:3.53246 train_time:3382.426s step_avg:2491.45ms
step:1376/3350 train_time:3384.264s step_avg:2459.49ms
step:1377/3350 train_time:3387.378s step_avg:2459.97ms
step:1378/3350 train_time:3389.211s step_avg:2459.51ms
step:1379/3350 train_time:3392.322s step_avg:2459.99ms
step:1380/3350 train_time:3394.157s step_avg:2459.53ms
step:1381/3350 train_time:3397.268s step_avg:2460.01ms
step:1382/3350 train_time:3399.103s step_avg:2459.55ms
step:1383/3350 train_time:3402.217s step_avg:2460.03ms
step:1384/3350 train_time:3404.053s step_avg:2459.58ms
step:1385/3350 train_time:3407.165s step_avg:2460.05ms
step:1386/3350 train_time:3408.999s step_avg:2459.60ms
step:1387/3350 train_time:3412.110s step_avg:2460.07ms
step:1388/3350 train_time:3413.942s step_avg:2459.61ms
step:1389/3350 train_time:3417.053s step_avg:2460.08ms
step:1390/3350 train_time:3418.887s step_avg:2459.63ms
step:1391/3350 train_time:3422.000s step_avg:2460.10ms
step:1392/3350 train_time:3423.836s step_avg:2459.65ms
step:1393/3350 train_time:3426.947s step_avg:2460.12ms
step:1394/3350 train_time:3428.781s step_avg:2459.67ms
step:1395/3350 train_time:3431.893s step_avg:2460.14ms
step:1396/3350 train_time:3433.728s step_avg:2459.69ms
step:1397/3350 train_time:3436.840s step_avg:2460.16ms
step:1398/3350 train_time:3438.673s step_avg:2459.71ms
step:1399/3350 train_time:3441.790s step_avg:2460.18ms
step:1400/3350 train_time:3443.928s step_avg:2459.95ms
step:1401/3350 train_time:3447.034s step_avg:2460.41ms
step:1402/3350 train_time:3448.870s step_avg:2459.96ms
step:1403/3350 train_time:3451.986s step_avg:2460.43ms
step:1404/3350 train_time:3453.822s step_avg:2459.99ms
step:1405/3350 train_time:3456.934s step_avg:2460.45ms
step:1406/3350 train_time:3458.769s step_avg:2460.01ms
step:1407/3350 train_time:3461.885s step_avg:2460.47ms
step:1408/3350 train_time:3463.717s step_avg:2460.03ms
step:1409/3350 train_time:3466.828s step_avg:2460.49ms
step:1410/3350 train_time:3468.661s step_avg:2460.04ms
step:1411/3350 train_time:3471.774s step_avg:2460.51ms
step:1412/3350 train_time:3473.609s step_avg:2460.06ms
step:1413/3350 train_time:3476.717s step_avg:2460.52ms
step:1414/3350 train_time:3478.551s step_avg:2460.08ms
step:1415/3350 train_time:3481.662s step_avg:2460.54ms
step:1416/3350 train_time:3483.500s step_avg:2460.10ms
step:1417/3350 train_time:3486.614s step_avg:2460.56ms
step:1418/3350 train_time:3488.449s step_avg:2460.12ms
step:1419/3350 train_time:3491.559s step_avg:2460.58ms
step:1420/3350 train_time:3493.391s step_avg:2460.13ms
step:1421/3350 train_time:3496.501s step_avg:2460.59ms
step:1422/3350 train_time:3498.336s step_avg:2460.15ms
step:1423/3350 train_time:3501.444s step_avg:2460.61ms
step:1424/3350 train_time:3503.282s step_avg:2460.17ms
step:1425/3350 train_time:3506.678s step_avg:2460.83ms
step:1426/3350 train_time:3508.511s step_avg:2460.39ms
step:1427/3350 train_time:3511.626s step_avg:2460.84ms
step:1428/3350 train_time:3513.461s step_avg:2460.41ms
step:1429/3350 train_time:3516.578s step_avg:2460.87ms
step:1430/3350 train_time:3518.411s step_avg:2460.43ms
step:1431/3350 train_time:3521.523s step_avg:2460.88ms
step:1432/3350 train_time:3523.357s step_avg:2460.44ms
step:1433/3350 train_time:3526.467s step_avg:2460.90ms
step:1434/3350 train_time:3528.303s step_avg:2460.46ms
step:1435/3350 train_time:3531.413s step_avg:2460.91ms
step:1436/3350 train_time:3533.248s step_avg:2460.48ms
step:1437/3350 train_time:3536.360s step_avg:2460.93ms
step:1438/3350 train_time:3538.194s step_avg:2460.50ms
step:1439/3350 train_time:3541.304s step_avg:2460.95ms
step:1440/3350 train_time:3543.146s step_avg:2460.52ms
step:1441/3350 train_time:3546.254s step_avg:2460.97ms
step:1442/3350 train_time:3548.092s step_avg:2460.54ms
step:1443/3350 train_time:3551.199s step_avg:2460.98ms
step:1444/3350 train_time:3553.036s step_avg:2460.55ms
step:1445/3350 train_time:3556.147s step_avg:2461.00ms
step:1446/3350 train_time:3557.983s step_avg:2460.57ms
step:1447/3350 train_time:3561.089s step_avg:2461.01ms
step:1448/3350 train_time:3562.925s step_avg:2460.58ms
step:1449/3350 train_time:3566.032s step_avg:2461.03ms
step:1450/3350 train_time:3568.158s step_avg:2460.80ms
step:1451/3350 train_time:3571.260s step_avg:2461.24ms
step:1452/3350 train_time:3573.095s step_avg:2460.81ms
step:1453/3350 train_time:3576.200s step_avg:2461.25ms
step:1454/3350 train_time:3578.036s step_avg:2460.82ms
step:1455/3350 train_time:3581.145s step_avg:2461.27ms
step:1456/3350 train_time:3582.977s step_avg:2460.84ms
step:1457/3350 train_time:3586.088s step_avg:2461.28ms
step:1458/3350 train_time:3587.921s step_avg:2460.85ms
step:1459/3350 train_time:3591.029s step_avg:2461.29ms
step:1460/3350 train_time:3592.863s step_avg:2460.87ms
step:1461/3350 train_time:3595.975s step_avg:2461.31ms
step:1462/3350 train_time:3597.813s step_avg:2460.88ms
step:1463/3350 train_time:3600.923s step_avg:2461.33ms
step:1464/3350 train_time:3602.757s step_avg:2460.90ms
step:1465/3350 train_time:3605.865s step_avg:2461.34ms
step:1466/3350 train_time:3607.701s step_avg:2460.91ms
step:1467/3350 train_time:3610.815s step_avg:2461.36ms
step:1468/3350 train_time:3612.650s step_avg:2460.93ms
step:1469/3350 train_time:3615.760s step_avg:2461.38ms
step:1470/3350 train_time:3617.593s step_avg:2460.95ms
step:1471/3350 train_time:3620.702s step_avg:2461.39ms
step:1472/3350 train_time:3622.538s step_avg:2460.96ms
step:1473/3350 train_time:3625.645s step_avg:2461.40ms
step:1474/3350 train_time:3627.479s step_avg:2460.98ms
step:1475/3350 train_time:3630.874s step_avg:2461.61ms
step:1476/3350 train_time:3632.709s step_avg:2461.19ms
step:1477/3350 train_time:3635.818s step_avg:2461.62ms
step:1478/3350 train_time:3637.652s step_avg:2461.20ms
step:1479/3350 train_time:3640.765s step_avg:2461.64ms
step:1480/3350 train_time:3642.600s step_avg:2461.22ms
step:1481/3350 train_time:3645.708s step_avg:2461.65ms
step:1482/3350 train_time:3647.541s step_avg:2461.23ms
step:1483/3350 train_time:3650.647s step_avg:2461.66ms
step:1484/3350 train_time:3652.484s step_avg:2461.24ms
step:1485/3350 train_time:3655.590s step_avg:2461.68ms
step:1486/3350 train_time:3657.426s step_avg:2461.26ms
step:1487/3350 train_time:3660.536s step_avg:2461.69ms
step:1488/3350 train_time:3662.373s step_avg:2461.27ms
step:1489/3350 train_time:3665.484s step_avg:2461.71ms
step:1490/3350 train_time:3667.320s step_avg:2461.29ms
step:1491/3350 train_time:3670.432s step_avg:2461.73ms
step:1492/3350 train_time:3672.271s step_avg:2461.31ms
step:1493/3350 train_time:3675.385s step_avg:2461.75ms
step:1494/3350 train_time:3677.223s step_avg:2461.33ms
step:1495/3350 train_time:3680.336s step_avg:2461.76ms
step:1496/3350 train_time:3682.175s step_avg:2461.35ms
step:1497/3350 train_time:3685.289s step_avg:2461.78ms
step:1498/3350 train_time:3687.123s step_avg:2461.36ms
step:1499/3350 train_time:3690.236s step_avg:2461.80ms
step:1500/3350 train_time:3692.448s step_avg:2461.63ms
step:1500/3350 val_loss:3.50546 train_time:3692.448s step_avg:2480.18ms
step:1501/3350 train_time:3695.551s step_avg:2462.06ms
step:1502/3350 train_time:3697.388s step_avg:2461.64ms
step:1503/3350 train_time:3700.501s step_avg:2462.08ms
step:1504/3350 train_time:3702.333s step_avg:2461.66ms
step:1505/3350 train_time:3705.444s step_avg:2462.09ms
step:1506/3350 train_time:3707.277s step_avg:2461.67ms
step:1507/3350 train_time:3710.386s step_avg:2462.10ms
step:1508/3350 train_time:3712.223s step_avg:2461.69ms
step:1509/3350 train_time:3715.333s step_avg:2462.12ms
step:1510/3350 train_time:3717.166s step_avg:2461.70ms
step:1511/3350 train_time:3720.276s step_avg:2462.13ms
step:1512/3350 train_time:3722.112s step_avg:2461.71ms
step:1513/3350 train_time:3725.221s step_avg:2462.14ms
step:1514/3350 train_time:3727.057s step_avg:2461.73ms
step:1515/3350 train_time:3730.165s step_avg:2462.15ms
step:1516/3350 train_time:3731.999s step_avg:2461.74ms
step:1517/3350 train_time:3735.107s step_avg:2462.17ms
step:1518/3350 train_time:3736.938s step_avg:2461.75ms
step:1519/3350 train_time:3740.050s step_avg:2462.18ms
step:1520/3350 train_time:3741.884s step_avg:2461.77ms
step:1521/3350 train_time:3745.025s step_avg:2462.21ms
step:1522/3350 train_time:3746.860s step_avg:2461.80ms
step:1523/3350 train_time:3749.975s step_avg:2462.23ms
step:1524/3350 train_time:3751.810s step_avg:2461.82ms
step:1525/3350 train_time:3755.205s step_avg:2462.43ms
step:1526/3350 train_time:3757.040s step_avg:2462.02ms
step:1527/3350 train_time:3760.151s step_avg:2462.44ms
step:1528/3350 train_time:3761.985s step_avg:2462.03ms
step:1529/3350 train_time:3765.096s step_avg:2462.46ms
step:1530/3350 train_time:3766.931s step_avg:2462.05ms
step:1531/3350 train_time:3770.041s step_avg:2462.47ms
step:1532/3350 train_time:3771.876s step_avg:2462.06ms
step:1533/3350 train_time:3774.987s step_avg:2462.48ms
step:1534/3350 train_time:3776.820s step_avg:2462.07ms
step:1535/3350 train_time:3779.930s step_avg:2462.50ms
step:1536/3350 train_time:3781.766s step_avg:2462.09ms
step:1537/3350 train_time:3784.874s step_avg:2462.51ms
step:1538/3350 train_time:3786.709s step_avg:2462.10ms
step:1539/3350 train_time:3789.822s step_avg:2462.52ms
step:1540/3350 train_time:3791.658s step_avg:2462.12ms
step:1541/3350 train_time:3794.769s step_avg:2462.54ms
step:1542/3350 train_time:3796.605s step_avg:2462.13ms
step:1543/3350 train_time:3799.713s step_avg:2462.55ms
step:1544/3350 train_time:3801.547s step_avg:2462.14ms
step:1545/3350 train_time:3804.659s step_avg:2462.56ms
step:1546/3350 train_time:3806.496s step_avg:2462.16ms
step:1547/3350 train_time:3809.605s step_avg:2462.58ms
step:1548/3350 train_time:3811.445s step_avg:2462.17ms
step:1549/3350 train_time:3814.553s step_avg:2462.59ms
step:1550/3350 train_time:3816.680s step_avg:2462.37ms
step:1551/3350 train_time:3819.780s step_avg:2462.79ms
step:1552/3350 train_time:3821.616s step_avg:2462.38ms
step:1553/3350 train_time:3824.724s step_avg:2462.80ms
step:1554/3350 train_time:3826.561s step_avg:2462.39ms
step:1555/3350 train_time:3829.668s step_avg:2462.81ms
step:1556/3350 train_time:3831.505s step_avg:2462.41ms
step:1557/3350 train_time:3834.614s step_avg:2462.82ms
step:1558/3350 train_time:3836.446s step_avg:2462.42ms
step:1559/3350 train_time:3839.557s step_avg:2462.83ms
step:1560/3350 train_time:3841.392s step_avg:2462.43ms
step:1561/3350 train_time:3844.501s step_avg:2462.85ms
step:1562/3350 train_time:3846.338s step_avg:2462.44ms
step:1563/3350 train_time:3849.447s step_avg:2462.86ms
step:1564/3350 train_time:3851.281s step_avg:2462.46ms
step:1565/3350 train_time:3854.392s step_avg:2462.87ms
step:1566/3350 train_time:3856.227s step_avg:2462.47ms
step:1567/3350 train_time:3859.336s step_avg:2462.88ms
step:1568/3350 train_time:3861.173s step_avg:2462.48ms
step:1569/3350 train_time:3864.282s step_avg:2462.90ms
step:1570/3350 train_time:3866.113s step_avg:2462.49ms
step:1571/3350 train_time:3869.222s step_avg:2462.90ms
step:1572/3350 train_time:3871.058s step_avg:2462.50ms
step:1573/3350 train_time:3874.167s step_avg:2462.92ms
step:1574/3350 train_time:3876.002s step_avg:2462.52ms
step:1575/3350 train_time:3879.396s step_avg:2463.11ms
step:1576/3350 train_time:3881.231s step_avg:2462.71ms
step:1577/3350 train_time:3884.340s step_avg:2463.12ms
step:1578/3350 train_time:3886.175s step_avg:2462.72ms
step:1579/3350 train_time:3889.285s step_avg:2463.13ms
step:1580/3350 train_time:3891.119s step_avg:2462.73ms
step:1581/3350 train_time:3894.227s step_avg:2463.14ms
step:1582/3350 train_time:3896.062s step_avg:2462.74ms
step:1583/3350 train_time:3899.174s step_avg:2463.15ms
step:1584/3350 train_time:3901.010s step_avg:2462.76ms
step:1585/3350 train_time:3904.115s step_avg:2463.16ms
step:1586/3350 train_time:3905.948s step_avg:2462.77ms
step:1587/3350 train_time:3909.062s step_avg:2463.18ms
step:1588/3350 train_time:3910.896s step_avg:2462.78ms
step:1589/3350 train_time:3914.003s step_avg:2463.19ms
step:1590/3350 train_time:3915.836s step_avg:2462.79ms
step:1591/3350 train_time:3918.943s step_avg:2463.19ms
step:1592/3350 train_time:3920.778s step_avg:2462.80ms
step:1593/3350 train_time:3923.888s step_avg:2463.21ms
step:1594/3350 train_time:3925.726s step_avg:2462.81ms
step:1595/3350 train_time:3928.834s step_avg:2463.22ms
step:1596/3350 train_time:3930.670s step_avg:2462.83ms
step:1597/3350 train_time:3933.778s step_avg:2463.23ms
step:1598/3350 train_time:3935.610s step_avg:2462.83ms
step:1599/3350 train_time:3938.717s step_avg:2463.24ms
step:1600/3350 train_time:3940.855s step_avg:2463.03ms
step:1601/3350 train_time:3943.961s step_avg:2463.44ms
step:1602/3350 train_time:3945.798s step_avg:2463.04ms
step:1603/3350 train_time:3948.912s step_avg:2463.45ms
step:1604/3350 train_time:3950.747s step_avg:2463.06ms
step:1605/3350 train_time:3953.853s step_avg:2463.46ms
step:1606/3350 train_time:3955.683s step_avg:2463.07ms
step:1607/3350 train_time:3958.793s step_avg:2463.47ms
step:1608/3350 train_time:3960.634s step_avg:2463.08ms
step:1609/3350 train_time:3963.741s step_avg:2463.48ms
step:1610/3350 train_time:3965.576s step_avg:2463.09ms
step:1611/3350 train_time:3968.687s step_avg:2463.49ms
step:1612/3350 train_time:3970.521s step_avg:2463.10ms
step:1613/3350 train_time:3973.628s step_avg:2463.50ms
step:1614/3350 train_time:3975.464s step_avg:2463.11ms
step:1615/3350 train_time:3978.572s step_avg:2463.51ms
step:1616/3350 train_time:3980.433s step_avg:2463.14ms
step:1617/3350 train_time:3983.541s step_avg:2463.54ms
step:1618/3350 train_time:3985.374s step_avg:2463.15ms
step:1619/3350 train_time:3988.481s step_avg:2463.55ms
step:1620/3350 train_time:3990.319s step_avg:2463.16ms
step:1621/3350 train_time:3993.425s step_avg:2463.56ms
step:1622/3350 train_time:3995.257s step_avg:2463.17ms
step:1623/3350 train_time:3998.368s step_avg:2463.57ms
step:1624/3350 train_time:4000.206s step_avg:2463.18ms
step:1625/3350 train_time:4003.666s step_avg:2463.79ms
step:1625/3350 val_loss:3.48544 train_time:4003.667s step_avg:2489.75ms
step:1626/3350 train_time:4005.502s step_avg:2463.41ms
step:1627/3350 train_time:4008.610s step_avg:2463.80ms
step:1628/3350 train_time:4010.444s step_avg:2463.42ms
step:1629/3350 train_time:4013.549s step_avg:2463.81ms
step:1630/3350 train_time:4015.383s step_avg:2463.43ms
step:1631/3350 train_time:4018.491s step_avg:2463.82ms
step:1632/3350 train_time:4020.328s step_avg:2463.44ms
step:1633/3350 train_time:4023.434s step_avg:2463.83ms
step:1634/3350 train_time:4025.272s step_avg:2463.45ms
step:1635/3350 train_time:4028.381s step_avg:2463.84ms
step:1636/3350 train_time:4030.218s step_avg:2463.46ms
step:1637/3350 train_time:4033.324s step_avg:2463.85ms
step:1638/3350 train_time:4035.160s step_avg:2463.47ms
step:1639/3350 train_time:4038.266s step_avg:2463.86ms
step:1640/3350 train_time:4040.106s step_avg:2463.48ms
step:1641/3350 train_time:4043.217s step_avg:2463.87ms
step:1642/3350 train_time:4045.046s step_avg:2463.49ms
step:1643/3350 train_time:4048.160s step_avg:2463.88ms
step:1644/3350 train_time:4049.995s step_avg:2463.50ms
step:1645/3350 train_time:4053.104s step_avg:2463.89ms
step:1646/3350 train_time:4054.938s step_avg:2463.51ms
step:1647/3350 train_time:4058.048s step_avg:2463.90ms
step:1648/3350 train_time:4059.882s step_avg:2463.52ms
step:1649/3350 train_time:4062.990s step_avg:2463.91ms
step:1650/3350 train_time:4065.120s step_avg:2463.71ms
step:1651/3350 train_time:4068.222s step_avg:2464.10ms
step:1652/3350 train_time:4070.058s step_avg:2463.72ms
step:1653/3350 train_time:4073.168s step_avg:2464.11ms
step:1654/3350 train_time:4075.001s step_avg:2463.72ms
step:1655/3350 train_time:4078.109s step_avg:2464.11ms
step:1656/3350 train_time:4079.946s step_avg:2463.74ms
step:1657/3350 train_time:4083.056s step_avg:2464.13ms
step:1658/3350 train_time:4084.889s step_avg:2463.74ms
step:1659/3350 train_time:4087.992s step_avg:2464.13ms
step:1660/3350 train_time:4089.827s step_avg:2463.75ms
step:1661/3350 train_time:4092.933s step_avg:2464.14ms
step:1662/3350 train_time:4094.769s step_avg:2463.76ms
step:1663/3350 train_time:4097.878s step_avg:2464.15ms
step:1664/3350 train_time:4099.711s step_avg:2463.77ms
step:1665/3350 train_time:4102.816s step_avg:2464.15ms
step:1666/3350 train_time:4104.652s step_avg:2463.78ms
step:1667/3350 train_time:4107.761s step_avg:2464.16ms
step:1668/3350 train_time:4109.593s step_avg:2463.78ms
step:1669/3350 train_time:4112.696s step_avg:2464.17ms
step:1670/3350 train_time:4114.530s step_avg:2463.79ms
step:1671/3350 train_time:4117.637s step_avg:2464.18ms
step:1672/3350 train_time:4119.469s step_avg:2463.80ms
step:1673/3350 train_time:4122.575s step_avg:2464.18ms
step:1674/3350 train_time:4124.412s step_avg:2463.81ms
step:1675/3350 train_time:4127.809s step_avg:2464.36ms
step:1676/3350 train_time:4129.646s step_avg:2463.99ms
step:1677/3350 train_time:4132.758s step_avg:2464.38ms
step:1678/3350 train_time:4134.592s step_avg:2464.00ms
step:1679/3350 train_time:4137.700s step_avg:2464.38ms
step:1680/3350 train_time:4139.536s step_avg:2464.01ms
step:1681/3350 train_time:4142.642s step_avg:2464.39ms
step:1682/3350 train_time:4144.478s step_avg:2464.02ms
step:1683/3350 train_time:4147.579s step_avg:2464.40ms
step:1684/3350 train_time:4149.416s step_avg:2464.02ms
step:1685/3350 train_time:4152.522s step_avg:2464.40ms
step:1686/3350 train_time:4154.355s step_avg:2464.03ms
step:1687/3350 train_time:4157.467s step_avg:2464.41ms
step:1688/3350 train_time:4159.299s step_avg:2464.04ms
step:1689/3350 train_time:4162.405s step_avg:2464.42ms
step:1690/3350 train_time:4164.239s step_avg:2464.05ms
step:1691/3350 train_time:4167.347s step_avg:2464.43ms
step:1692/3350 train_time:4169.183s step_avg:2464.06ms
step:1693/3350 train_time:4172.294s step_avg:2464.44ms
step:1694/3350 train_time:4174.126s step_avg:2464.07ms
step:1695/3350 train_time:4177.236s step_avg:2464.45ms
step:1696/3350 train_time:4179.070s step_avg:2464.07ms
step:1697/3350 train_time:4182.177s step_avg:2464.45ms
step:1698/3350 train_time:4184.011s step_avg:2464.08ms
step:1699/3350 train_time:4187.117s step_avg:2464.46ms
step:1700/3350 train_time:4189.260s step_avg:2464.27ms
step:1701/3350 train_time:4192.362s step_avg:2464.65ms
step:1702/3350 train_time:4194.198s step_avg:2464.28ms
step:1703/3350 train_time:4197.306s step_avg:2464.65ms
step:1704/3350 train_time:4199.141s step_avg:2464.28ms
step:1705/3350 train_time:4202.245s step_avg:2464.66ms
step:1706/3350 train_time:4204.080s step_avg:2464.29ms
step:1707/3350 train_time:4207.189s step_avg:2464.67ms
step:1708/3350 train_time:4209.023s step_avg:2464.30ms
step:1709/3350 train_time:4212.132s step_avg:2464.68ms
step:1710/3350 train_time:4213.966s step_avg:2464.31ms
step:1711/3350 train_time:4217.100s step_avg:2464.70ms
step:1712/3350 train_time:4218.935s step_avg:2464.33ms
step:1713/3350 train_time:4222.040s step_avg:2464.71ms
step:1714/3350 train_time:4223.874s step_avg:2464.34ms
step:1715/3350 train_time:4226.979s step_avg:2464.71ms
step:1716/3350 train_time:4228.812s step_avg:2464.34ms
step:1717/3350 train_time:4231.921s step_avg:2464.72ms
step:1718/3350 train_time:4233.752s step_avg:2464.35ms
step:1719/3350 train_time:4236.860s step_avg:2464.72ms
step:1720/3350 train_time:4238.698s step_avg:2464.36ms
step:1721/3350 train_time:4241.806s step_avg:2464.73ms
step:1722/3350 train_time:4243.639s step_avg:2464.37ms
step:1723/3350 train_time:4246.749s step_avg:2464.74ms
step:1724/3350 train_time:4248.583s step_avg:2464.38ms
step:1725/3350 train_time:4251.979s step_avg:2464.92ms
step:1726/3350 train_time:4253.816s step_avg:2464.55ms
step:1727/3350 train_time:4256.925s step_avg:2464.92ms
step:1728/3350 train_time:4258.763s step_avg:2464.56ms
step:1729/3350 train_time:4261.874s step_avg:2464.94ms
step:1730/3350 train_time:4263.707s step_avg:2464.57ms
step:1731/3350 train_time:4266.821s step_avg:2464.95ms
step:1732/3350 train_time:4268.659s step_avg:2464.58ms
step:1733/3350 train_time:4271.768s step_avg:2464.96ms
step:1734/3350 train_time:4273.604s step_avg:2464.59ms
step:1735/3350 train_time:4276.713s step_avg:2464.96ms
step:1736/3350 train_time:4278.546s step_avg:2464.60ms
step:1737/3350 train_time:4281.667s step_avg:2464.98ms
step:1738/3350 train_time:4283.502s step_avg:2464.62ms
step:1739/3350 train_time:4286.615s step_avg:2464.99ms
step:1740/3350 train_time:4288.448s step_avg:2464.63ms
step:1741/3350 train_time:4291.562s step_avg:2465.00ms
step:1742/3350 train_time:4293.394s step_avg:2464.63ms
step:1743/3350 train_time:4296.503s step_avg:2465.00ms
step:1744/3350 train_time:4298.340s step_avg:2464.64ms
step:1745/3350 train_time:4301.445s step_avg:2465.01ms
step:1746/3350 train_time:4303.280s step_avg:2464.65ms
step:1747/3350 train_time:4306.388s step_avg:2465.02ms
step:1748/3350 train_time:4308.223s step_avg:2464.66ms
step:1749/3350 train_time:4311.331s step_avg:2465.03ms
step:1750/3350 train_time:4313.526s step_avg:2464.87ms
step:1750/3350 val_loss:3.46600 train_time:4313.526s step_avg:2478.88ms
step:1751/3350 train_time:4316.628s step_avg:2465.24ms
step:1752/3350 train_time:4318.466s step_avg:2464.88ms
step:1753/3350 train_time:4321.570s step_avg:2465.24ms
step:1754/3350 train_time:4323.405s step_avg:2464.88ms
step:1755/3350 train_time:4326.510s step_avg:2465.25ms
step:1756/3350 train_time:4328.344s step_avg:2464.89ms
step:1757/3350 train_time:4331.452s step_avg:2465.25ms
step:1758/3350 train_time:4333.287s step_avg:2464.90ms
step:1759/3350 train_time:4336.395s step_avg:2465.26ms
step:1760/3350 train_time:4338.229s step_avg:2464.90ms
step:1761/3350 train_time:4341.333s step_avg:2465.27ms
step:1762/3350 train_time:4343.167s step_avg:2464.91ms
step:1763/3350 train_time:4346.271s step_avg:2465.27ms
step:1764/3350 train_time:4348.106s step_avg:2464.91ms
step:1765/3350 train_time:4351.212s step_avg:2465.28ms
step:1766/3350 train_time:4353.046s step_avg:2464.92ms
step:1767/3350 train_time:4356.157s step_avg:2465.28ms
step:1768/3350 train_time:4357.990s step_avg:2464.93ms
step:1769/3350 train_time:4361.098s step_avg:2465.29ms
step:1770/3350 train_time:4362.932s step_avg:2464.93ms
step:1771/3350 train_time:4366.038s step_avg:2465.30ms
step:1772/3350 train_time:4367.876s step_avg:2464.94ms
step:1773/3350 train_time:4370.982s step_avg:2465.30ms
step:1774/3350 train_time:4372.821s step_avg:2464.95ms
step:1775/3350 train_time:4376.217s step_avg:2465.47ms
step:1776/3350 train_time:4378.054s step_avg:2465.12ms
step:1777/3350 train_time:4381.166s step_avg:2465.48ms
step:1778/3350 train_time:4382.998s step_avg:2465.13ms
step:1779/3350 train_time:4386.102s step_avg:2465.49ms
step:1780/3350 train_time:4387.940s step_avg:2465.13ms
step:1781/3350 train_time:4391.048s step_avg:2465.50ms
step:1782/3350 train_time:4392.884s step_avg:2465.14ms
step:1783/3350 train_time:4395.989s step_avg:2465.50ms
step:1784/3350 train_time:4397.825s step_avg:2465.15ms
step:1785/3350 train_time:4400.931s step_avg:2465.51ms
step:1786/3350 train_time:4402.766s step_avg:2465.15ms
step:1787/3350 train_time:4405.875s step_avg:2465.51ms
step:1788/3350 train_time:4407.710s step_avg:2465.16ms
step:1789/3350 train_time:4410.816s step_avg:2465.52ms
step:1790/3350 train_time:4412.650s step_avg:2465.17ms
step:1791/3350 train_time:4415.759s step_avg:2465.53ms
step:1792/3350 train_time:4417.597s step_avg:2465.18ms
step:1793/3350 train_time:4420.704s step_avg:2465.54ms
step:1794/3350 train_time:4422.541s step_avg:2465.18ms
step:1795/3350 train_time:4425.652s step_avg:2465.54ms
step:1796/3350 train_time:4427.488s step_avg:2465.19ms
step:1797/3350 train_time:4430.596s step_avg:2465.55ms
step:1798/3350 train_time:4432.430s step_avg:2465.20ms
step:1799/3350 train_time:4435.535s step_avg:2465.56ms
step:1800/3350 train_time:4437.678s step_avg:2465.38ms
step:1801/3350 train_time:4440.781s step_avg:2465.73ms
step:1802/3350 train_time:4442.616s step_avg:2465.38ms
step:1803/3350 train_time:4445.727s step_avg:2465.74ms
step:1804/3350 train_time:4447.563s step_avg:2465.39ms
step:1805/3350 train_time:4450.668s step_avg:2465.74ms
step:1806/3350 train_time:4452.504s step_avg:2465.40ms
step:1807/3350 train_time:4455.612s step_avg:2465.75ms
step:1808/3350 train_time:4457.445s step_avg:2465.40ms
step:1809/3350 train_time:4460.553s step_avg:2465.76ms
step:1810/3350 train_time:4462.387s step_avg:2465.41ms
step:1811/3350 train_time:4465.494s step_avg:2465.76ms
step:1812/3350 train_time:4467.330s step_avg:2465.41ms
step:1813/3350 train_time:4470.437s step_avg:2465.77ms
step:1814/3350 train_time:4472.271s step_avg:2465.42ms
step:1815/3350 train_time:4475.379s step_avg:2465.77ms
step:1816/3350 train_time:4477.214s step_avg:2465.43ms
step:1817/3350 train_time:4480.325s step_avg:2465.78ms
step:1818/3350 train_time:4482.159s step_avg:2465.43ms
step:1819/3350 train_time:4485.267s step_avg:2465.79ms
step:1820/3350 train_time:4487.101s step_avg:2465.44ms
step:1821/3350 train_time:4490.207s step_avg:2465.79ms
step:1822/3350 train_time:4492.040s step_avg:2465.44ms
step:1823/3350 train_time:4495.148s step_avg:2465.80ms
step:1824/3350 train_time:4496.986s step_avg:2465.45ms
step:1825/3350 train_time:4500.382s step_avg:2465.96ms
step:1826/3350 train_time:4502.215s step_avg:2465.62ms
step:1827/3350 train_time:4505.323s step_avg:2465.97ms
step:1828/3350 train_time:4507.158s step_avg:2465.62ms
step:1829/3350 train_time:4510.267s step_avg:2465.97ms
step:1830/3350 train_time:4512.101s step_avg:2465.63ms
step:1831/3350 train_time:4515.209s step_avg:2465.98ms
step:1832/3350 train_time:4517.044s step_avg:2465.64ms
step:1833/3350 train_time:4520.155s step_avg:2465.99ms
step:1834/3350 train_time:4521.991s step_avg:2465.64ms
step:1835/3350 train_time:4525.101s step_avg:2465.99ms
step:1836/3350 train_time:4526.938s step_avg:2465.65ms
step:1837/3350 train_time:4530.047s step_avg:2466.00ms
step:1838/3350 train_time:4531.881s step_avg:2465.66ms
step:1839/3350 train_time:4534.990s step_avg:2466.01ms
step:1840/3350 train_time:4536.830s step_avg:2465.67ms
step:1841/3350 train_time:4539.937s step_avg:2466.02ms
step:1842/3350 train_time:4541.770s step_avg:2465.67ms
step:1843/3350 train_time:4544.875s step_avg:2466.02ms
step:1844/3350 train_time:4546.710s step_avg:2465.68ms
step:1845/3350 train_time:4549.819s step_avg:2466.03ms
step:1846/3350 train_time:4551.655s step_avg:2465.69ms
step:1847/3350 train_time:4554.762s step_avg:2466.03ms
step:1848/3350 train_time:4556.600s step_avg:2465.69ms
step:1849/3350 train_time:4559.706s step_avg:2466.04ms
step:1850/3350 train_time:4561.839s step_avg:2465.86ms
step:1851/3350 train_time:4564.946s step_avg:2466.21ms
step:1852/3350 train_time:4566.808s step_avg:2465.88ms
step:1853/3350 train_time:4569.911s step_avg:2466.22ms
step:1854/3350 train_time:4571.749s step_avg:2465.88ms
step:1855/3350 train_time:4574.856s step_avg:2466.23ms
step:1856/3350 train_time:4576.694s step_avg:2465.89ms
step:1857/3350 train_time:4579.798s step_avg:2466.23ms
step:1858/3350 train_time:4581.631s step_avg:2465.89ms
step:1859/3350 train_time:4584.739s step_avg:2466.24ms
step:1860/3350 train_time:4586.575s step_avg:2465.90ms
step:1861/3350 train_time:4589.685s step_avg:2466.25ms
step:1862/3350 train_time:4591.519s step_avg:2465.91ms
step:1863/3350 train_time:4594.627s step_avg:2466.25ms
step:1864/3350 train_time:4596.464s step_avg:2465.91ms
step:1865/3350 train_time:4599.575s step_avg:2466.26ms
step:1866/3350 train_time:4601.410s step_avg:2465.92ms
step:1867/3350 train_time:4604.520s step_avg:2466.27ms
step:1868/3350 train_time:4606.355s step_avg:2465.93ms
step:1869/3350 train_time:4609.463s step_avg:2466.27ms
step:1870/3350 train_time:4611.299s step_avg:2465.94ms
step:1871/3350 train_time:4614.407s step_avg:2466.28ms
step:1872/3350 train_time:4616.244s step_avg:2465.94ms
step:1873/3350 train_time:4619.355s step_avg:2466.29ms
step:1874/3350 train_time:4621.195s step_avg:2465.95ms
step:1875/3350 train_time:4624.669s step_avg:2466.49ms
step:1875/3350 val_loss:3.44595 train_time:4624.669s step_avg:2489.14ms
step:1876/3350 train_time:4626.503s step_avg:2466.15ms
step:1877/3350 train_time:4629.612s step_avg:2466.50ms
step:1878/3350 train_time:4631.449s step_avg:2466.16ms
step:1879/3350 train_time:4634.551s step_avg:2466.50ms
step:1880/3350 train_time:4636.389s step_avg:2466.16ms
step:1881/3350 train_time:4639.493s step_avg:2466.50ms
step:1882/3350 train_time:4641.330s step_avg:2466.17ms
step:1883/3350 train_time:4644.436s step_avg:2466.51ms
step:1884/3350 train_time:4646.272s step_avg:2466.17ms
step:1885/3350 train_time:4649.380s step_avg:2466.51ms
step:1886/3350 train_time:4651.216s step_avg:2466.18ms
step:1887/3350 train_time:4654.323s step_avg:2466.52ms
step:1888/3350 train_time:4656.159s step_avg:2466.19ms
step:1889/3350 train_time:4659.266s step_avg:2466.52ms
step:1890/3350 train_time:4661.101s step_avg:2466.19ms
step:1891/3350 train_time:4664.206s step_avg:2466.53ms
step:1892/3350 train_time:4666.042s step_avg:2466.20ms
step:1893/3350 train_time:4669.149s step_avg:2466.53ms
step:1894/3350 train_time:4670.986s step_avg:2466.20ms
step:1895/3350 train_time:4674.093s step_avg:2466.54ms
step:1896/3350 train_time:4675.930s step_avg:2466.21ms
step:1897/3350 train_time:4679.041s step_avg:2466.55ms
step:1898/3350 train_time:4680.877s step_avg:2466.22ms
step:1899/3350 train_time:4683.983s step_avg:2466.55ms
step:1900/3350 train_time:4686.129s step_avg:2466.38ms
step:1901/3350 train_time:4689.269s step_avg:2466.74ms
step:1902/3350 train_time:4691.107s step_avg:2466.41ms
step:1903/3350 train_time:4694.214s step_avg:2466.74ms
step:1904/3350 train_time:4696.050s step_avg:2466.41ms
step:1905/3350 train_time:4699.160s step_avg:2466.75ms
step:1906/3350 train_time:4700.996s step_avg:2466.42ms
step:1907/3350 train_time:4704.103s step_avg:2466.76ms
step:1908/3350 train_time:4705.938s step_avg:2466.42ms
step:1909/3350 train_time:4709.048s step_avg:2466.76ms
step:1910/3350 train_time:4710.882s step_avg:2466.43ms
step:1911/3350 train_time:4713.989s step_avg:2466.77ms
step:1912/3350 train_time:4715.824s step_avg:2466.44ms
step:1913/3350 train_time:4718.932s step_avg:2466.77ms
step:1914/3350 train_time:4720.766s step_avg:2466.44ms
step:1915/3350 train_time:4723.873s step_avg:2466.77ms
step:1916/3350 train_time:4725.708s step_avg:2466.44ms
step:1917/3350 train_time:4728.822s step_avg:2466.78ms
step:1918/3350 train_time:4730.659s step_avg:2466.45ms
step:1919/3350 train_time:4733.766s step_avg:2466.79ms
step:1920/3350 train_time:4735.606s step_avg:2466.46ms
step:1921/3350 train_time:4738.715s step_avg:2466.80ms
step:1922/3350 train_time:4740.550s step_avg:2466.47ms
step:1923/3350 train_time:4743.661s step_avg:2466.80ms
step:1924/3350 train_time:4745.499s step_avg:2466.48ms
step:1925/3350 train_time:4748.902s step_avg:2466.96ms
step:1926/3350 train_time:4750.738s step_avg:2466.63ms
step:1927/3350 train_time:4753.844s step_avg:2466.97ms
step:1928/3350 train_time:4755.680s step_avg:2466.64ms
step:1929/3350 train_time:4758.796s step_avg:2466.98ms
step:1930/3350 train_time:4760.633s step_avg:2466.65ms
step:1931/3350 train_time:4763.748s step_avg:2466.98ms
step:1932/3350 train_time:4765.585s step_avg:2466.66ms
step:1933/3350 train_time:4768.694s step_avg:2466.99ms
step:1934/3350 train_time:4770.532s step_avg:2466.67ms
step:1935/3350 train_time:4773.642s step_avg:2467.00ms
step:1936/3350 train_time:4775.483s step_avg:2466.67ms
step:1937/3350 train_time:4778.592s step_avg:2467.01ms
step:1938/3350 train_time:4780.429s step_avg:2466.68ms
step:1939/3350 train_time:4783.536s step_avg:2467.01ms
step:1940/3350 train_time:4785.370s step_avg:2466.69ms
step:1941/3350 train_time:4788.478s step_avg:2467.02ms
step:1942/3350 train_time:4790.314s step_avg:2466.69ms
step:1943/3350 train_time:4793.422s step_avg:2467.02ms
step:1944/3350 train_time:4795.259s step_avg:2466.70ms
step:1945/3350 train_time:4798.367s step_avg:2467.03ms
step:1946/3350 train_time:4800.205s step_avg:2466.70ms
step:1947/3350 train_time:4803.313s step_avg:2467.03ms
step:1948/3350 train_time:4805.148s step_avg:2466.71ms
step:1949/3350 train_time:4808.258s step_avg:2467.04ms
step:1950/3350 train_time:4810.388s step_avg:2466.87ms
step:1951/3350 train_time:4813.491s step_avg:2467.19ms
step:1952/3350 train_time:4815.328s step_avg:2466.87ms
step:1953/3350 train_time:4818.439s step_avg:2467.20ms
step:1954/3350 train_time:4820.277s step_avg:2466.88ms
step:1955/3350 train_time:4823.387s step_avg:2467.21ms
step:1956/3350 train_time:4825.221s step_avg:2466.88ms
step:1957/3350 train_time:4828.332s step_avg:2467.21ms
step:1958/3350 train_time:4830.173s step_avg:2466.89ms
step:1959/3350 train_time:4833.283s step_avg:2467.22ms
step:1960/3350 train_time:4835.120s step_avg:2466.90ms
step:1961/3350 train_time:4838.231s step_avg:2467.23ms
step:1962/3350 train_time:4840.066s step_avg:2466.90ms
step:1963/3350 train_time:4843.177s step_avg:2467.23ms
step:1964/3350 train_time:4845.011s step_avg:2466.91ms
step:1965/3350 train_time:4848.123s step_avg:2467.24ms
step:1966/3350 train_time:4849.959s step_avg:2466.92ms
step:1967/3350 train_time:4853.070s step_avg:2467.24ms
step:1968/3350 train_time:4854.909s step_avg:2466.93ms
step:1969/3350 train_time:4858.023s step_avg:2467.25ms
step:1970/3350 train_time:4859.860s step_avg:2466.93ms
step:1971/3350 train_time:4862.973s step_avg:2467.26ms
step:1972/3350 train_time:4864.806s step_avg:2466.94ms
step:1973/3350 train_time:4867.911s step_avg:2467.26ms
step:1974/3350 train_time:4869.749s step_avg:2466.94ms
step:1975/3350 train_time:4873.141s step_avg:2467.41ms
step:1976/3350 train_time:4874.979s step_avg:2467.09ms
step:1977/3350 train_time:4878.085s step_avg:2467.42ms
step:1978/3350 train_time:4879.920s step_avg:2467.10ms
step:1979/3350 train_time:4883.027s step_avg:2467.42ms
step:1980/3350 train_time:4884.864s step_avg:2467.10ms
step:1981/3350 train_time:4887.972s step_avg:2467.43ms
step:1982/3350 train_time:4889.809s step_avg:2467.11ms
step:1983/3350 train_time:4892.920s step_avg:2467.43ms
step:1984/3350 train_time:4894.755s step_avg:2467.11ms
step:1985/3350 train_time:4897.867s step_avg:2467.44ms
step:1986/3350 train_time:4899.705s step_avg:2467.12ms
step:1987/3350 train_time:4902.809s step_avg:2467.44ms
step:1988/3350 train_time:4904.645s step_avg:2467.13ms
step:1989/3350 train_time:4907.751s step_avg:2467.45ms
step:1990/3350 train_time:4909.585s step_avg:2467.13ms
step:1991/3350 train_time:4912.691s step_avg:2467.45ms
step:1992/3350 train_time:4914.529s step_avg:2467.13ms
step:1993/3350 train_time:4917.636s step_avg:2467.45ms
step:1994/3350 train_time:4919.472s step_avg:2467.14ms
step:1995/3350 train_time:4922.576s step_avg:2467.46ms
step:1996/3350 train_time:4924.411s step_avg:2467.14ms
step:1997/3350 train_time:4927.519s step_avg:2467.46ms
step:1998/3350 train_time:4929.356s step_avg:2467.15ms
step:1999/3350 train_time:4932.463s step_avg:2467.47ms
step:2000/3350 train_time:4934.674s step_avg:2467.34ms
step:2000/3350 val_loss:3.42698 train_time:4934.674s step_avg:2480.04ms
step:2001/3350 train_time:4937.778s step_avg:2467.66ms
step:2002/3350 train_time:4939.612s step_avg:2467.34ms
step:2003/3350 train_time:4942.715s step_avg:2467.66ms
step:2004/3350 train_time:4944.550s step_avg:2467.34ms
step:2005/3350 train_time:4947.656s step_avg:2467.66ms
step:2006/3350 train_time:4949.493s step_avg:2467.34ms
step:2007/3350 train_time:4952.604s step_avg:2467.67ms
step:2008/3350 train_time:4954.439s step_avg:2467.35ms
step:2009/3350 train_time:4957.545s step_avg:2467.67ms
step:2010/3350 train_time:4959.385s step_avg:2467.36ms
step:2011/3350 train_time:4962.490s step_avg:2467.67ms
step:2012/3350 train_time:4964.325s step_avg:2467.36ms
step:2013/3350 train_time:4967.431s step_avg:2467.68ms
step:2014/3350 train_time:4969.266s step_avg:2467.36ms
step:2015/3350 train_time:4972.373s step_avg:2467.68ms
step:2016/3350 train_time:4974.209s step_avg:2467.37ms
step:2017/3350 train_time:4977.315s step_avg:2467.68ms
step:2018/3350 train_time:4979.151s step_avg:2467.37ms
step:2019/3350 train_time:4982.258s step_avg:2467.69ms
step:2020/3350 train_time:4984.093s step_avg:2467.37ms
step:2021/3350 train_time:4987.202s step_avg:2467.69ms
step:2022/3350 train_time:4989.037s step_avg:2467.38ms
step:2023/3350 train_time:4992.141s step_avg:2467.69ms
step:2024/3350 train_time:4993.985s step_avg:2467.38ms
step:2025/3350 train_time:4997.381s step_avg:2467.84ms
step:2026/3350 train_time:4999.215s step_avg:2467.53ms
step:2027/3350 train_time:5002.324s step_avg:2467.85ms
step:2028/3350 train_time:5004.161s step_avg:2467.54ms
step:2029/3350 train_time:5007.265s step_avg:2467.85ms
step:2030/3350 train_time:5009.102s step_avg:2467.54ms
step:2031/3350 train_time:5012.209s step_avg:2467.85ms
step:2032/3350 train_time:5014.045s step_avg:2467.54ms
step:2033/3350 train_time:5017.151s step_avg:2467.86ms
step:2034/3350 train_time:5018.987s step_avg:2467.55ms
step:2035/3350 train_time:5022.093s step_avg:2467.86ms
step:2036/3350 train_time:5023.928s step_avg:2467.55ms
step:2037/3350 train_time:5027.037s step_avg:2467.86ms
step:2038/3350 train_time:5028.869s step_avg:2467.55ms
step:2039/3350 train_time:5031.973s step_avg:2467.86ms
step:2040/3350 train_time:5033.807s step_avg:2467.55ms
step:2041/3350 train_time:5036.915s step_avg:2467.87ms
step:2042/3350 train_time:5038.750s step_avg:2467.56ms
step:2043/3350 train_time:5041.857s step_avg:2467.87ms
step:2044/3350 train_time:5043.693s step_avg:2467.56ms
step:2045/3350 train_time:5046.800s step_avg:2467.87ms
step:2046/3350 train_time:5048.635s step_avg:2467.56ms
step:2047/3350 train_time:5051.742s step_avg:2467.88ms
step:2048/3350 train_time:5053.577s step_avg:2467.57ms
step:2049/3350 train_time:5056.686s step_avg:2467.88ms
step:2050/3350 train_time:5058.813s step_avg:2467.71ms
step:2051/3350 train_time:5061.917s step_avg:2468.02ms
step:2052/3350 train_time:5063.757s step_avg:2467.72ms
step:2053/3350 train_time:5066.864s step_avg:2468.03ms
step:2054/3350 train_time:5068.698s step_avg:2467.72ms
step:2055/3350 train_time:5071.806s step_avg:2468.03ms
step:2056/3350 train_time:5073.643s step_avg:2467.73ms
step:2057/3350 train_time:5076.751s step_avg:2468.04ms
step:2058/3350 train_time:5078.586s step_avg:2467.73ms
step:2059/3350 train_time:5081.697s step_avg:2468.04ms
step:2060/3350 train_time:5083.533s step_avg:2467.73ms
step:2061/3350 train_time:5086.642s step_avg:2468.05ms
step:2062/3350 train_time:5088.478s step_avg:2467.74ms
step:2063/3350 train_time:5091.588s step_avg:2468.05ms
step:2064/3350 train_time:5093.422s step_avg:2467.74ms
step:2065/3350 train_time:5096.530s step_avg:2468.05ms
step:2066/3350 train_time:5098.365s step_avg:2467.75ms
step:2067/3350 train_time:5101.472s step_avg:2468.06ms
step:2068/3350 train_time:5103.308s step_avg:2467.75ms
step:2069/3350 train_time:5106.417s step_avg:2468.06ms
step:2070/3350 train_time:5108.254s step_avg:2467.76ms
step:2071/3350 train_time:5111.361s step_avg:2468.06ms
step:2072/3350 train_time:5113.200s step_avg:2467.76ms
step:2073/3350 train_time:5116.307s step_avg:2468.07ms
step:2074/3350 train_time:5118.141s step_avg:2467.76ms
step:2075/3350 train_time:5121.534s step_avg:2468.21ms
step:2076/3350 train_time:5123.370s step_avg:2467.90ms
step:2077/3350 train_time:5126.479s step_avg:2468.21ms
step:2078/3350 train_time:5128.312s step_avg:2467.91ms
step:2079/3350 train_time:5131.418s step_avg:2468.21ms
step:2080/3350 train_time:5133.252s step_avg:2467.91ms
step:2081/3350 train_time:5136.357s step_avg:2468.22ms
step:2082/3350 train_time:5138.193s step_avg:2467.91ms
step:2083/3350 train_time:5141.301s step_avg:2468.22ms
step:2084/3350 train_time:5143.138s step_avg:2467.92ms
step:2085/3350 train_time:5146.239s step_avg:2468.22ms
step:2086/3350 train_time:5148.073s step_avg:2467.92ms
step:2087/3350 train_time:5151.181s step_avg:2468.22ms
step:2088/3350 train_time:5153.018s step_avg:2467.92ms
step:2089/3350 train_time:5156.127s step_avg:2468.23ms
step:2090/3350 train_time:5157.964s step_avg:2467.93ms
step:2091/3350 train_time:5161.101s step_avg:2468.25ms
step:2092/3350 train_time:5162.934s step_avg:2467.94ms
step:2093/3350 train_time:5166.044s step_avg:2468.25ms
step:2094/3350 train_time:5167.881s step_avg:2467.95ms
step:2095/3350 train_time:5170.988s step_avg:2468.25ms
step:2096/3350 train_time:5172.823s step_avg:2467.95ms
step:2097/3350 train_time:5175.930s step_avg:2468.25ms
step:2098/3350 train_time:5177.767s step_avg:2467.95ms
step:2099/3350 train_time:5180.872s step_avg:2468.26ms
step:2100/3350 train_time:5183.015s step_avg:2468.10ms
step:2101/3350 train_time:5186.116s step_avg:2468.40ms
step:2102/3350 train_time:5187.947s step_avg:2468.10ms
step:2103/3350 train_time:5191.057s step_avg:2468.41ms
step:2104/3350 train_time:5192.893s step_avg:2468.11ms
step:2105/3350 train_time:5195.999s step_avg:2468.41ms
step:2106/3350 train_time:5197.834s step_avg:2468.11ms
step:2107/3350 train_time:5200.942s step_avg:2468.41ms
step:2108/3350 train_time:5202.777s step_avg:2468.11ms
step:2109/3350 train_time:5205.886s step_avg:2468.41ms
step:2110/3350 train_time:5207.723s step_avg:2468.12ms
step:2111/3350 train_time:5210.828s step_avg:2468.42ms
step:2112/3350 train_time:5212.665s step_avg:2468.12ms
step:2113/3350 train_time:5215.772s step_avg:2468.42ms
step:2114/3350 train_time:5217.609s step_avg:2468.12ms
step:2115/3350 train_time:5220.713s step_avg:2468.42ms
step:2116/3350 train_time:5222.548s step_avg:2468.12ms
step:2117/3350 train_time:5225.657s step_avg:2468.43ms
step:2118/3350 train_time:5227.492s step_avg:2468.13ms
step:2119/3350 train_time:5230.599s step_avg:2468.43ms
step:2120/3350 train_time:5232.432s step_avg:2468.13ms
step:2121/3350 train_time:5235.540s step_avg:2468.43ms
step:2122/3350 train_time:5237.376s step_avg:2468.13ms
step:2123/3350 train_time:5240.479s step_avg:2468.43ms
step:2124/3350 train_time:5242.313s step_avg:2468.13ms
step:2125/3350 train_time:5245.781s step_avg:2468.60ms
step:2125/3350 val_loss:3.40993 train_time:5245.781s step_avg:2488.86ms
step:2126/3350 train_time:5247.617s step_avg:2468.31ms
step:2127/3350 train_time:5250.723s step_avg:2468.60ms
step:2128/3350 train_time:5252.557s step_avg:2468.31ms
step:2129/3350 train_time:5255.660s step_avg:2468.61ms
step:2130/3350 train_time:5257.495s step_avg:2468.31ms
step:2131/3350 train_time:5260.598s step_avg:2468.61ms
step:2132/3350 train_time:5262.431s step_avg:2468.31ms
step:2133/3350 train_time:5265.539s step_avg:2468.61ms
step:2134/3350 train_time:5267.372s step_avg:2468.31ms
step:2135/3350 train_time:5270.475s step_avg:2468.61ms
step:2136/3350 train_time:5272.310s step_avg:2468.31ms
step:2137/3350 train_time:5275.416s step_avg:2468.61ms
step:2138/3350 train_time:5277.250s step_avg:2468.31ms
step:2139/3350 train_time:5280.356s step_avg:2468.61ms
step:2140/3350 train_time:5282.191s step_avg:2468.31ms
step:2141/3350 train_time:5285.294s step_avg:2468.61ms
step:2142/3350 train_time:5287.128s step_avg:2468.31ms
step:2143/3350 train_time:5290.233s step_avg:2468.61ms
step:2144/3350 train_time:5292.069s step_avg:2468.32ms
step:2145/3350 train_time:5295.176s step_avg:2468.61ms
step:2146/3350 train_time:5297.009s step_avg:2468.32ms
step:2147/3350 train_time:5300.115s step_avg:2468.61ms
step:2148/3350 train_time:5301.952s step_avg:2468.32ms
step:2149/3350 train_time:5305.059s step_avg:2468.62ms
step:2150/3350 train_time:5307.190s step_avg:2468.46ms
step:2151/3350 train_time:5310.294s step_avg:2468.76ms
step:2152/3350 train_time:5312.131s step_avg:2468.46ms
step:2153/3350 train_time:5315.237s step_avg:2468.76ms
step:2154/3350 train_time:5317.072s step_avg:2468.46ms
step:2155/3350 train_time:5320.178s step_avg:2468.76ms
step:2156/3350 train_time:5322.013s step_avg:2468.47ms
step:2157/3350 train_time:5325.120s step_avg:2468.76ms
step:2158/3350 train_time:5326.956s step_avg:2468.47ms
step:2159/3350 train_time:5330.062s step_avg:2468.76ms
step:2160/3350 train_time:5331.899s step_avg:2468.47ms
step:2161/3350 train_time:5335.003s step_avg:2468.77ms
step:2162/3350 train_time:5336.838s step_avg:2468.47ms
step:2163/3350 train_time:5339.944s step_avg:2468.77ms
step:2164/3350 train_time:5341.780s step_avg:2468.48ms
step:2165/3350 train_time:5344.883s step_avg:2468.77ms
step:2166/3350 train_time:5346.719s step_avg:2468.48ms
step:2167/3350 train_time:5349.821s step_avg:2468.77ms
step:2168/3350 train_time:5351.660s step_avg:2468.48ms
step:2169/3350 train_time:5354.766s step_avg:2468.77ms
step:2170/3350 train_time:5356.599s step_avg:2468.48ms
step:2171/3350 train_time:5359.704s step_avg:2468.77ms
step:2172/3350 train_time:5361.539s step_avg:2468.48ms
step:2173/3350 train_time:5364.645s step_avg:2468.77ms
step:2174/3350 train_time:5366.480s step_avg:2468.48ms
step:2175/3350 train_time:5369.878s step_avg:2468.91ms
step:2176/3350 train_time:5371.715s step_avg:2468.62ms
step:2177/3350 train_time:5374.822s step_avg:2468.91ms
step:2178/3350 train_time:5376.656s step_avg:2468.62ms
step:2179/3350 train_time:5379.763s step_avg:2468.91ms
step:2180/3350 train_time:5381.599s step_avg:2468.62ms
step:2181/3350 train_time:5384.711s step_avg:2468.92ms
step:2182/3350 train_time:5386.549s step_avg:2468.63ms
step:2183/3350 train_time:5389.658s step_avg:2468.92ms
step:2184/3350 train_time:5391.496s step_avg:2468.63ms
step:2185/3350 train_time:5394.605s step_avg:2468.93ms
step:2186/3350 train_time:5396.443s step_avg:2468.64ms
step:2187/3350 train_time:5399.549s step_avg:2468.93ms
step:2188/3350 train_time:5401.387s step_avg:2468.64ms
step:2189/3350 train_time:5404.496s step_avg:2468.93ms
step:2190/3350 train_time:5406.333s step_avg:2468.65ms
step:2191/3350 train_time:5409.440s step_avg:2468.94ms
step:2192/3350 train_time:5411.277s step_avg:2468.65ms
step:2193/3350 train_time:5414.387s step_avg:2468.94ms
step:2194/3350 train_time:5416.225s step_avg:2468.65ms
step:2195/3350 train_time:5419.333s step_avg:2468.94ms
step:2196/3350 train_time:5421.173s step_avg:2468.66ms
step:2197/3350 train_time:5424.283s step_avg:2468.95ms
step:2198/3350 train_time:5426.121s step_avg:2468.66ms
step:2199/3350 train_time:5429.231s step_avg:2468.95ms
step:2200/3350 train_time:5431.381s step_avg:2468.81ms
step:2201/3350 train_time:5434.485s step_avg:2469.10ms
step:2202/3350 train_time:5436.323s step_avg:2468.81ms
step:2203/3350 train_time:5439.435s step_avg:2469.10ms
step:2204/3350 train_time:5441.269s step_avg:2468.82ms
step:2205/3350 train_time:5444.380s step_avg:2469.11ms
step:2206/3350 train_time:5446.219s step_avg:2468.82ms
step:2207/3350 train_time:5449.329s step_avg:2469.11ms
step:2208/3350 train_time:5451.164s step_avg:2468.82ms
step:2209/3350 train_time:5454.276s step_avg:2469.12ms
step:2210/3350 train_time:5456.114s step_avg:2468.83ms
step:2211/3350 train_time:5459.223s step_avg:2469.12ms
step:2212/3350 train_time:5461.061s step_avg:2468.83ms
step:2213/3350 train_time:5464.172s step_avg:2469.12ms
step:2214/3350 train_time:5466.011s step_avg:2468.84ms
step:2215/3350 train_time:5469.120s step_avg:2469.13ms
step:2216/3350 train_time:5470.957s step_avg:2468.84ms
step:2217/3350 train_time:5474.067s step_avg:2469.13ms
step:2218/3350 train_time:5475.904s step_avg:2468.85ms
step:2219/3350 train_time:5479.016s step_avg:2469.14ms
step:2220/3350 train_time:5480.855s step_avg:2468.85ms
step:2221/3350 train_time:5483.965s step_avg:2469.14ms
step:2222/3350 train_time:5485.805s step_avg:2468.86ms
step:2223/3350 train_time:5488.911s step_avg:2469.15ms
step:2224/3350 train_time:5490.751s step_avg:2468.86ms
step:2225/3350 train_time:5494.154s step_avg:2469.28ms
step:2226/3350 train_time:5495.992s step_avg:2469.00ms
step:2227/3350 train_time:5499.099s step_avg:2469.29ms
step:2228/3350 train_time:5500.935s step_avg:2469.00ms
step:2229/3350 train_time:5504.045s step_avg:2469.29ms
step:2230/3350 train_time:5505.883s step_avg:2469.01ms
step:2231/3350 train_time:5508.990s step_avg:2469.29ms
step:2232/3350 train_time:5510.827s step_avg:2469.01ms
step:2233/3350 train_time:5513.935s step_avg:2469.29ms
step:2234/3350 train_time:5515.774s step_avg:2469.01ms
step:2235/3350 train_time:5518.881s step_avg:2469.30ms
step:2236/3350 train_time:5520.719s step_avg:2469.02ms
step:2237/3350 train_time:5523.830s step_avg:2469.30ms
step:2238/3350 train_time:5525.667s step_avg:2469.02ms
step:2239/3350 train_time:5528.773s step_avg:2469.30ms
step:2240/3350 train_time:5530.608s step_avg:2469.02ms
step:2241/3350 train_time:5533.719s step_avg:2469.31ms
step:2242/3350 train_time:5535.558s step_avg:2469.03ms
step:2243/3350 train_time:5538.663s step_avg:2469.31ms
step:2244/3350 train_time:5540.505s step_avg:2469.03ms
step:2245/3350 train_time:5543.607s step_avg:2469.31ms
step:2246/3350 train_time:5545.448s step_avg:2469.03ms
step:2247/3350 train_time:5548.559s step_avg:2469.32ms
step:2248/3350 train_time:5550.394s step_avg:2469.04ms
step:2249/3350 train_time:5553.498s step_avg:2469.32ms
step:2250/3350 train_time:5555.704s step_avg:2469.20ms
step:2250/3350 val_loss:3.39422 train_time:5555.705s step_avg:2479.39ms
step:2251/3350 train_time:5558.808s step_avg:2469.48ms
step:2252/3350 train_time:5560.648s step_avg:2469.20ms
step:2253/3350 train_time:5563.757s step_avg:2469.49ms
step:2254/3350 train_time:5565.592s step_avg:2469.21ms
step:2255/3350 train_time:5568.701s step_avg:2469.49ms
step:2256/3350 train_time:5570.539s step_avg:2469.21ms
step:2257/3350 train_time:5573.647s step_avg:2469.49ms
step:2258/3350 train_time:5575.484s step_avg:2469.21ms
step:2259/3350 train_time:5578.590s step_avg:2469.50ms
step:2260/3350 train_time:5580.426s step_avg:2469.21ms
step:2261/3350 train_time:5583.534s step_avg:2469.50ms
step:2262/3350 train_time:5585.372s step_avg:2469.22ms
step:2263/3350 train_time:5588.481s step_avg:2469.50ms
step:2264/3350 train_time:5590.316s step_avg:2469.22ms
step:2265/3350 train_time:5593.428s step_avg:2469.50ms
step:2266/3350 train_time:5595.267s step_avg:2469.23ms
step:2267/3350 train_time:5598.378s step_avg:2469.51ms
step:2268/3350 train_time:5600.216s step_avg:2469.23ms
step:2269/3350 train_time:5603.325s step_avg:2469.51ms
step:2270/3350 train_time:5605.162s step_avg:2469.23ms
step:2271/3350 train_time:5608.268s step_avg:2469.51ms
step:2272/3350 train_time:5610.111s step_avg:2469.24ms
step:2273/3350 train_time:5613.216s step_avg:2469.52ms
step:2274/3350 train_time:5615.054s step_avg:2469.24ms
step:2275/3350 train_time:5618.460s step_avg:2469.65ms
step:2276/3350 train_time:5620.296s step_avg:2469.37ms
step:2277/3350 train_time:5623.408s step_avg:2469.66ms
step:2278/3350 train_time:5625.246s step_avg:2469.38ms
step:2279/3350 train_time:5628.354s step_avg:2469.66ms
step:2280/3350 train_time:5630.195s step_avg:2469.38ms
step:2281/3350 train_time:5633.329s step_avg:2469.68ms
step:2282/3350 train_time:5635.168s step_avg:2469.40ms
step:2283/3350 train_time:5638.279s step_avg:2469.68ms
step:2284/3350 train_time:5640.116s step_avg:2469.40ms
step:2285/3350 train_time:5643.224s step_avg:2469.68ms
step:2286/3350 train_time:5645.063s step_avg:2469.41ms
step:2287/3350 train_time:5648.170s step_avg:2469.69ms
step:2288/3350 train_time:5650.009s step_avg:2469.41ms
step:2289/3350 train_time:5653.113s step_avg:2469.69ms
step:2290/3350 train_time:5654.954s step_avg:2469.41ms
step:2291/3350 train_time:5658.062s step_avg:2469.69ms
step:2292/3350 train_time:5659.898s step_avg:2469.41ms
step:2293/3350 train_time:5663.006s step_avg:2469.69ms
step:2294/3350 train_time:5664.843s step_avg:2469.42ms
step:2295/3350 train_time:5667.950s step_avg:2469.70ms
step:2296/3350 train_time:5669.787s step_avg:2469.42ms
step:2297/3350 train_time:5672.897s step_avg:2469.70ms
step:2298/3350 train_time:5674.736s step_avg:2469.42ms
step:2299/3350 train_time:5677.844s step_avg:2469.70ms
step:2300/3350 train_time:5679.985s step_avg:2469.56ms
step:2301/3350 train_time:5683.087s step_avg:2469.83ms
step:2302/3350 train_time:5684.925s step_avg:2469.56ms
step:2303/3350 train_time:5688.036s step_avg:2469.84ms
step:2304/3350 train_time:5689.873s step_avg:2469.56ms
step:2305/3350 train_time:5692.975s step_avg:2469.84ms
step:2306/3350 train_time:5694.813s step_avg:2469.56ms
step:2307/3350 train_time:5697.926s step_avg:2469.84ms
step:2308/3350 train_time:5699.764s step_avg:2469.57ms
step:2309/3350 train_time:5702.870s step_avg:2469.84ms
step:2310/3350 train_time:5704.706s step_avg:2469.57ms
step:2311/3350 train_time:5707.820s step_avg:2469.85ms
step:2312/3350 train_time:5709.660s step_avg:2469.58ms
step:2313/3350 train_time:5712.776s step_avg:2469.86ms
step:2314/3350 train_time:5714.617s step_avg:2469.58ms
step:2315/3350 train_time:5717.727s step_avg:2469.86ms
step:2316/3350 train_time:5719.562s step_avg:2469.59ms
step:2317/3350 train_time:5722.676s step_avg:2469.86ms
step:2318/3350 train_time:5724.516s step_avg:2469.59ms
step:2319/3350 train_time:5727.629s step_avg:2469.87ms
step:2320/3350 train_time:5729.463s step_avg:2469.60ms
step:2321/3350 train_time:5732.573s step_avg:2469.87ms
step:2322/3350 train_time:5734.408s step_avg:2469.60ms
step:2323/3350 train_time:5737.519s step_avg:2469.87ms
step:2324/3350 train_time:5739.359s step_avg:2469.60ms
step:2325/3350 train_time:5742.764s step_avg:2470.01ms
step:2326/3350 train_time:5744.602s step_avg:2469.73ms
step:2327/3350 train_time:5747.707s step_avg:2470.01ms
step:2328/3350 train_time:5749.538s step_avg:2469.73ms
step:2329/3350 train_time:5752.644s step_avg:2470.01ms
step:2330/3350 train_time:5754.476s step_avg:2469.73ms
step:2331/3350 train_time:5757.580s step_avg:2470.00ms
step:2332/3350 train_time:5759.416s step_avg:2469.73ms
step:2333/3350 train_time:5762.522s step_avg:2470.00ms
step:2334/3350 train_time:5764.355s step_avg:2469.73ms
step:2335/3350 train_time:5767.458s step_avg:2470.00ms
step:2336/3350 train_time:5769.294s step_avg:2469.73ms
step:2337/3350 train_time:5772.401s step_avg:2470.00ms
step:2338/3350 train_time:5774.239s step_avg:2469.73ms
step:2339/3350 train_time:5777.344s step_avg:2470.01ms
step:2340/3350 train_time:5779.182s step_avg:2469.74ms
step:2341/3350 train_time:5782.285s step_avg:2470.01ms
step:2342/3350 train_time:5784.117s step_avg:2469.73ms
step:2343/3350 train_time:5787.224s step_avg:2470.01ms
step:2344/3350 train_time:5789.057s step_avg:2469.73ms
step:2345/3350 train_time:5792.162s step_avg:2470.01ms
step:2346/3350 train_time:5805.366s step_avg:2474.58ms
[rank0]:W0531 15:02:55.841000 1376561 torch/_dynamo/convert_frame.py:1743] [1/8] torch._dynamo hit config.recompile_limit (8)
[rank0]:W0531 15:02:55.841000 1376561 torch/_dynamo/convert_frame.py:1743] [1/8]    function: 'muon_update' (/workspace/senpai/target/records/track_3_optimization/train_gpt_simple.py:740)
[rank0]:W0531 15:02:55.841000 1376561 torch/_dynamo/convert_frame.py:1743] [1/8]    last reason: 1/7: momentum.size()[0] <= momentum.size()[1]  # if G.size(-2) > G.size(-1):  # orkspace/senpai/target/records/track_3_optimization/train_gpt_simple.py:723 in zeropower_via_newtonschulz5 (_dynamo/variables/tensor.py:1951 in evaluate_expr)
[rank0]:W0531 15:02:55.841000 1376561 torch/_dynamo/convert_frame.py:1743] [1/8] To log all recompilation reasons, use TORCH_LOGS="recompiles".
[rank0]:W0531 15:02:55.841000 1376561 torch/_dynamo/convert_frame.py:1743] [1/8] To diagnose recompilation issues, see https://docs.pytorch.org/docs/main/user_guide/torch_compiler/compile/programming_model.recompilation.html
step:2347/3350 train_time:5809.072s step_avg:2475.11ms
step:2348/3350 train_time:5810.905s step_avg:2474.83ms
step:2349/3350 train_time:5814.009s step_avg:2475.10ms
step:2350/3350 train_time:5816.151s step_avg:2474.96ms
step:2351/3350 train_time:5819.243s step_avg:2475.22ms
step:2352/3350 train_time:5821.077s step_avg:2474.95ms
step:2353/3350 train_time:5824.194s step_avg:2475.22ms
step:2354/3350 train_time:5826.039s step_avg:2474.95ms
step:2355/3350 train_time:5829.142s step_avg:2475.22ms
step:2356/3350 train_time:5830.972s step_avg:2474.95ms
step:2357/3350 train_time:5834.074s step_avg:2475.21ms
step:2358/3350 train_time:5835.908s step_avg:2474.94ms
step:2359/3350 train_time:5839.013s step_avg:2475.21ms
step:2360/3350 train_time:5840.850s step_avg:2474.94ms
step:2361/3350 train_time:5843.947s step_avg:2475.20ms
step:2362/3350 train_time:5845.784s step_avg:2474.93ms
step:2363/3350 train_time:5848.891s step_avg:2475.20ms
step:2364/3350 train_time:5850.727s step_avg:2474.93ms
step:2365/3350 train_time:5853.827s step_avg:2475.19ms
step:2366/3350 train_time:5855.674s step_avg:2474.93ms
step:2367/3350 train_time:5858.773s step_avg:2475.19ms
step:2368/3350 train_time:5860.609s step_avg:2474.92ms
step:2369/3350 train_time:5863.713s step_avg:2475.18ms
step:2370/3350 train_time:5865.550s step_avg:2474.92ms
step:2371/3350 train_time:5868.648s step_avg:2475.18ms
step:2372/3350 train_time:5870.483s step_avg:2474.91ms
step:2373/3350 train_time:5873.586s step_avg:2475.17ms
step:2374/3350 train_time:5875.419s step_avg:2474.90ms
step:2375/3350 train_time:5878.887s step_avg:2475.32ms
step:2375/3350 val_loss:3.37733 train_time:5878.888s step_avg:2585.46ms
step:2376/3350 train_time:5880.716s step_avg:2475.05ms
step:2377/3350 train_time:5883.822s step_avg:2475.31ms
step:2378/3350 train_time:5885.668s step_avg:2475.05ms
step:2379/3350 train_time:5888.791s step_avg:2475.32ms
step:2380/3350 train_time:5890.620s step_avg:2475.05ms
step:2381/3350 train_time:5893.740s step_avg:2475.32ms
step:2382/3350 train_time:5895.577s step_avg:2475.05ms
step:2383/3350 train_time:5898.690s step_avg:2475.32ms
step:2384/3350 train_time:5900.525s step_avg:2475.05ms
step:2385/3350 train_time:5903.642s step_avg:2475.32ms
step:2386/3350 train_time:5905.476s step_avg:2475.05ms
step:2387/3350 train_time:5908.576s step_avg:2475.31ms
step:2388/3350 train_time:5910.422s step_avg:2475.05ms
step:2389/3350 train_time:5913.526s step_avg:2475.31ms
step:2390/3350 train_time:5915.355s step_avg:2475.04ms
step:2391/3350 train_time:5918.454s step_avg:2475.30ms
step:2392/3350 train_time:5920.305s step_avg:2475.04ms
step:2393/3350 train_time:5923.406s step_avg:2475.31ms
step:2394/3350 train_time:5925.253s step_avg:2475.04ms
step:2395/3350 train_time:5928.353s step_avg:2475.30ms
step:2396/3350 train_time:5930.200s step_avg:2475.04ms
step:2397/3350 train_time:5933.316s step_avg:2475.31ms
step:2398/3350 train_time:5935.163s step_avg:2475.05ms
step:2399/3350 train_time:5938.261s step_avg:2475.31ms
step:2400/3350 train_time:5940.411s step_avg:2475.17ms
step:2401/3350 train_time:5943.523s step_avg:2475.44ms
step:2402/3350 train_time:5945.354s step_avg:2475.17ms
step:2403/3350 train_time:5948.468s step_avg:2475.43ms
step:2404/3350 train_time:5950.301s step_avg:2475.17ms
step:2405/3350 train_time:5953.404s step_avg:2475.43ms
step:2406/3350 train_time:5955.237s step_avg:2475.16ms
step:2407/3350 train_time:5958.335s step_avg:2475.42ms
step:2408/3350 train_time:5960.166s step_avg:2475.15ms
step:2409/3350 train_time:5963.284s step_avg:2475.42ms
step:2410/3350 train_time:5965.135s step_avg:2475.16ms
step:2411/3350 train_time:5968.256s step_avg:2475.43ms
step:2412/3350 train_time:5970.091s step_avg:2475.16ms
step:2413/3350 train_time:5973.189s step_avg:2475.42ms
step:2414/3350 train_time:5975.025s step_avg:2475.16ms
step:2415/3350 train_time:5978.142s step_avg:2475.42ms
step:2416/3350 train_time:5979.992s step_avg:2475.16ms
step:2417/3350 train_time:5983.094s step_avg:2475.42ms
step:2418/3350 train_time:5984.923s step_avg:2475.15ms
step:2419/3350 train_time:5988.030s step_avg:2475.42ms
step:2420/3350 train_time:5989.864s step_avg:2475.15ms
step:2421/3350 train_time:5992.962s step_avg:2475.41ms
step:2422/3350 train_time:5994.796s step_avg:2475.14ms
step:2423/3350 train_time:5997.894s step_avg:2475.40ms
step:2424/3350 train_time:5999.727s step_avg:2475.14ms
step:2425/3350 train_time:6003.117s step_avg:2475.51ms
step:2426/3350 train_time:6004.961s step_avg:2475.25ms
step:2427/3350 train_time:6008.063s step_avg:2475.51ms
step:2428/3350 train_time:6009.909s step_avg:2475.25ms
step:2429/3350 train_time:6013.012s step_avg:2475.51ms
step:2430/3350 train_time:6014.858s step_avg:2475.25ms
step:2431/3350 train_time:6017.970s step_avg:2475.51ms
step:2432/3350 train_time:6019.805s step_avg:2475.25ms
step:2433/3350 train_time:6022.911s step_avg:2475.51ms
step:2434/3350 train_time:6024.744s step_avg:2475.24ms
step:2435/3350 train_time:6027.864s step_avg:2475.51ms
step:2436/3350 train_time:6029.712s step_avg:2475.25ms
step:2437/3350 train_time:6032.816s step_avg:2475.51ms
step:2438/3350 train_time:6034.662s step_avg:2475.25ms
step:2439/3350 train_time:6037.763s step_avg:2475.51ms
step:2440/3350 train_time:6039.597s step_avg:2475.24ms
step:2441/3350 train_time:6042.712s step_avg:2475.51ms
step:2442/3350 train_time:6044.541s step_avg:2475.24ms
step:2443/3350 train_time:6047.656s step_avg:2475.50ms
step:2444/3350 train_time:6049.501s step_avg:2475.25ms
step:2445/3350 train_time:6052.617s step_avg:2475.51ms
step:2446/3350 train_time:6054.449s step_avg:2475.24ms
step:2447/3350 train_time:6057.551s step_avg:2475.50ms
step:2448/3350 train_time:6059.380s step_avg:2475.24ms
step:2449/3350 train_time:6062.483s step_avg:2475.49ms
step:2450/3350 train_time:6064.608s step_avg:2475.35ms
step:2451/3350 train_time:6067.719s step_avg:2475.61ms
step:2452/3350 train_time:6069.553s step_avg:2475.35ms
step:2453/3350 train_time:6072.651s step_avg:2475.60ms
step:2454/3350 train_time:6074.499s step_avg:2475.35ms
step:2455/3350 train_time:6077.609s step_avg:2475.60ms
step:2456/3350 train_time:6079.438s step_avg:2475.34ms
step:2457/3350 train_time:6082.539s step_avg:2475.60ms
step:2458/3350 train_time:6084.386s step_avg:2475.34ms
step:2459/3350 train_time:6087.497s step_avg:2475.60ms
step:2460/3350 train_time:6089.334s step_avg:2475.34ms
step:2461/3350 train_time:6092.450s step_avg:2475.60ms
step:2462/3350 train_time:6094.299s step_avg:2475.35ms
step:2463/3350 train_time:6097.413s step_avg:2475.60ms
step:2464/3350 train_time:6099.250s step_avg:2475.34ms
step:2465/3350 train_time:6102.349s step_avg:2475.60ms
step:2466/3350 train_time:6104.178s step_avg:2475.34ms
step:2467/3350 train_time:6107.276s step_avg:2475.59ms
step:2468/3350 train_time:6109.128s step_avg:2475.34ms
step:2469/3350 train_time:6112.228s step_avg:2475.59ms
step:2470/3350 train_time:6114.074s step_avg:2475.33ms
step:2471/3350 train_time:6117.221s step_avg:2475.61ms
step:2472/3350 train_time:6119.057s step_avg:2475.35ms
step:2473/3350 train_time:6122.169s step_avg:2475.60ms
step:2474/3350 train_time:6124.006s step_avg:2475.35ms
step:2475/3350 train_time:6127.406s step_avg:2475.72ms
step:2476/3350 train_time:6129.252s step_avg:2475.47ms
step:2477/3350 train_time:6132.351s step_avg:2475.72ms
step:2478/3350 train_time:6134.183s step_avg:2475.46ms
step:2479/3350 train_time:6137.280s step_avg:2475.71ms
step:2480/3350 train_time:6139.113s step_avg:2475.45ms
step:2481/3350 train_time:6142.214s step_avg:2475.70ms
step:2482/3350 train_time:6144.049s step_avg:2475.44ms
step:2483/3350 train_time:6147.152s step_avg:2475.70ms
step:2484/3350 train_time:6148.987s step_avg:2475.44ms
step:2485/3350 train_time:6152.099s step_avg:2475.69ms
step:2486/3350 train_time:6153.949s step_avg:2475.44ms
step:2487/3350 train_time:6157.064s step_avg:2475.70ms
step:2488/3350 train_time:6158.895s step_avg:2475.44ms
step:2489/3350 train_time:6162.000s step_avg:2475.69ms
step:2490/3350 train_time:6163.837s step_avg:2475.44ms
step:2491/3350 train_time:6166.937s step_avg:2475.69ms
step:2492/3350 train_time:6168.772s step_avg:2475.43ms
step:2493/3350 train_time:6171.875s step_avg:2475.68ms
step:2494/3350 train_time:6173.710s step_avg:2475.43ms
step:2495/3350 train_time:6176.813s step_avg:2475.68ms
step:2496/3350 train_time:6178.648s step_avg:2475.42ms
step:2497/3350 train_time:6181.753s step_avg:2475.67ms
step:2498/3350 train_time:6183.588s step_avg:2475.42ms
step:2499/3350 train_time:6186.707s step_avg:2475.67ms
step:2500/3350 train_time:6188.910s step_avg:2475.56ms
step:2500/3350 val_loss:3.36086 train_time:6188.910s step_avg:2480.18ms
step:2501/3350 train_time:6192.002s step_avg:2475.81ms
step:2502/3350 train_time:6193.835s step_avg:2475.55ms
step:2503/3350 train_time:6196.937s step_avg:2475.80ms
step:2504/3350 train_time:6198.784s step_avg:2475.55ms
step:2505/3350 train_time:6201.887s step_avg:2475.80ms
step:2506/3350 train_time:6203.715s step_avg:2475.54ms
step:2507/3350 train_time:6206.834s step_avg:2475.80ms
step:2508/3350 train_time:6208.663s step_avg:2475.54ms
step:2509/3350 train_time:6211.768s step_avg:2475.79ms
step:2510/3350 train_time:6213.616s step_avg:2475.54ms
step:2511/3350 train_time:6216.721s step_avg:2475.80ms
step:2512/3350 train_time:6218.568s step_avg:2475.54ms
step:2513/3350 train_time:6221.670s step_avg:2475.79ms
step:2514/3350 train_time:6223.504s step_avg:2475.54ms
step:2515/3350 train_time:6226.600s step_avg:2475.79ms
step:2516/3350 train_time:6228.434s step_avg:2475.53ms
step:2517/3350 train_time:6231.553s step_avg:2475.79ms
step:2518/3350 train_time:6233.400s step_avg:2475.54ms
step:2519/3350 train_time:6236.506s step_avg:2475.79ms
step:2520/3350 train_time:6238.339s step_avg:2475.53ms
step:2521/3350 train_time:6241.460s step_avg:2475.79ms
step:2522/3350 train_time:6243.289s step_avg:2475.53ms
step:2523/3350 train_time:6246.397s step_avg:2475.78ms
step:2524/3350 train_time:6248.227s step_avg:2475.53ms
step:2525/3350 train_time:6251.620s step_avg:2475.89ms
step:2526/3350 train_time:6253.455s step_avg:2475.64ms
step:2527/3350 train_time:6256.581s step_avg:2475.89ms
step:2528/3350 train_time:6258.415s step_avg:2475.64ms
step:2529/3350 train_time:6261.525s step_avg:2475.89ms
step:2530/3350 train_time:6263.376s step_avg:2475.64ms
step:2531/3350 train_time:6266.481s step_avg:2475.89ms
step:2532/3350 train_time:6268.314s step_avg:2475.64ms
step:2533/3350 train_time:6271.426s step_avg:2475.89ms
step:2534/3350 train_time:6273.257s step_avg:2475.63ms
step:2535/3350 train_time:6276.380s step_avg:2475.89ms
step:2536/3350 train_time:6278.227s step_avg:2475.64ms
step:2537/3350 train_time:6281.348s step_avg:2475.90ms
step:2538/3350 train_time:6283.184s step_avg:2475.64ms
step:2539/3350 train_time:6286.286s step_avg:2475.89ms
step:2540/3350 train_time:6288.116s step_avg:2475.64ms
step:2541/3350 train_time:6291.224s step_avg:2475.89ms
step:2542/3350 train_time:6293.069s step_avg:2475.64ms
step:2543/3350 train_time:6296.192s step_avg:2475.89ms
step:2544/3350 train_time:6298.039s step_avg:2475.64ms
step:2545/3350 train_time:6301.151s step_avg:2475.89ms
step:2546/3350 train_time:6302.999s step_avg:2475.65ms
step:2547/3350 train_time:6306.106s step_avg:2475.90ms
step:2548/3350 train_time:6307.951s step_avg:2475.65ms
step:2549/3350 train_time:6311.053s step_avg:2475.89ms
step:2550/3350 train_time:6313.175s step_avg:2475.75ms
step:2551/3350 train_time:6316.285s step_avg:2476.00ms
step:2552/3350 train_time:6318.114s step_avg:2475.75ms
step:2553/3350 train_time:6321.240s step_avg:2476.00ms
step:2554/3350 train_time:6323.072s step_avg:2475.75ms
step:2555/3350 train_time:6326.193s step_avg:2476.00ms
step:2556/3350 train_time:6328.027s step_avg:2475.75ms
step:2557/3350 train_time:6331.132s step_avg:2476.00ms
step:2558/3350 train_time:6332.966s step_avg:2475.75ms
step:2559/3350 train_time:6336.064s step_avg:2475.99ms
step:2560/3350 train_time:6337.900s step_avg:2475.74ms
step:2561/3350 train_time:6341.005s step_avg:2475.99ms
step:2562/3350 train_time:6342.853s step_avg:2475.74ms
step:2563/3350 train_time:6345.979s step_avg:2476.00ms
step:2564/3350 train_time:6347.813s step_avg:2475.75ms
step:2565/3350 train_time:6350.912s step_avg:2475.99ms
step:2566/3350 train_time:6352.746s step_avg:2475.74ms
step:2567/3350 train_time:6355.852s step_avg:2475.98ms
step:2568/3350 train_time:6357.698s step_avg:2475.74ms
step:2569/3350 train_time:6360.820s step_avg:2475.99ms
step:2570/3350 train_time:6362.648s step_avg:2475.74ms
step:2571/3350 train_time:6365.770s step_avg:2475.99ms
step:2572/3350 train_time:6367.606s step_avg:2475.74ms
step:2573/3350 train_time:6370.709s step_avg:2475.98ms
step:2574/3350 train_time:6372.539s step_avg:2475.73ms
step:2575/3350 train_time:6375.934s step_avg:2476.09ms
step:2576/3350 train_time:6377.771s step_avg:2475.84ms
step:2577/3350 train_time:6380.878s step_avg:2476.09ms
step:2578/3350 train_time:6382.725s step_avg:2475.84ms
step:2579/3350 train_time:6385.835s step_avg:2476.09ms
step:2580/3350 train_time:6387.669s step_avg:2475.84ms
step:2581/3350 train_time:6390.780s step_avg:2476.09ms
step:2582/3350 train_time:6392.610s step_avg:2475.84ms
step:2583/3350 train_time:6395.713s step_avg:2476.08ms
step:2584/3350 train_time:6397.542s step_avg:2475.83ms
step:2585/3350 train_time:6400.670s step_avg:2476.08ms
step:2586/3350 train_time:6402.508s step_avg:2475.83ms
step:2587/3350 train_time:6405.619s step_avg:2476.08ms
step:2588/3350 train_time:6407.453s step_avg:2475.83ms
step:2589/3350 train_time:6410.556s step_avg:2476.07ms
step:2590/3350 train_time:6412.405s step_avg:2475.83ms
step:2591/3350 train_time:6415.516s step_avg:2476.08ms
step:2592/3350 train_time:6417.353s step_avg:2475.83ms
step:2593/3350 train_time:6420.470s step_avg:2476.08ms
step:2594/3350 train_time:6422.317s step_avg:2475.84ms
step:2595/3350 train_time:6425.429s step_avg:2476.08ms
step:2596/3350 train_time:6427.280s step_avg:2475.84ms
step:2597/3350 train_time:6430.403s step_avg:2476.09ms
step:2598/3350 train_time:6432.250s step_avg:2475.85ms
step:2599/3350 train_time:6435.352s step_avg:2476.09ms
step:2600/3350 train_time:6437.518s step_avg:2475.97ms
step:2601/3350 train_time:6440.626s step_avg:2476.21ms
step:2602/3350 train_time:6442.459s step_avg:2475.96ms
step:2603/3350 train_time:6445.560s step_avg:2476.20ms
step:2604/3350 train_time:6447.404s step_avg:2475.96ms
step:2605/3350 train_time:6450.518s step_avg:2476.21ms
step:2606/3350 train_time:6452.364s step_avg:2475.96ms
step:2607/3350 train_time:6455.465s step_avg:2476.20ms
step:2608/3350 train_time:6457.294s step_avg:2475.96ms
step:2609/3350 train_time:6460.396s step_avg:2476.20ms
step:2610/3350 train_time:6462.239s step_avg:2475.95ms
step:2611/3350 train_time:6465.345s step_avg:2476.19ms
step:2612/3350 train_time:6467.179s step_avg:2475.95ms
step:2613/3350 train_time:6470.301s step_avg:2476.20ms
step:2614/3350 train_time:6472.137s step_avg:2475.95ms
step:2615/3350 train_time:6475.261s step_avg:2476.20ms
step:2616/3350 train_time:6477.091s step_avg:2475.95ms
step:2617/3350 train_time:6480.197s step_avg:2476.19ms
step:2618/3350 train_time:6482.026s step_avg:2475.95ms
step:2619/3350 train_time:6485.131s step_avg:2476.19ms
step:2620/3350 train_time:6486.977s step_avg:2475.95ms
step:2621/3350 train_time:6490.095s step_avg:2476.19ms
step:2622/3350 train_time:6491.943s step_avg:2475.95ms
step:2623/3350 train_time:6495.070s step_avg:2476.20ms
step:2624/3350 train_time:6496.917s step_avg:2475.96ms
step:2625/3350 train_time:6500.388s step_avg:2476.34ms
step:2625/3350 val_loss:3.34430 train_time:6500.388s step_avg:2491.82ms
step:2626/3350 train_time:6502.225s step_avg:2476.09ms
step:2627/3350 train_time:6505.335s step_avg:2476.34ms
step:2628/3350 train_time:6507.186s step_avg:2476.10ms
step:2629/3350 train_time:6510.305s step_avg:2476.34ms
step:2630/3350 train_time:6512.143s step_avg:2476.10ms
step:2631/3350 train_time:6515.274s step_avg:2476.35ms
step:2632/3350 train_time:6517.112s step_avg:2476.11ms
step:2633/3350 train_time:6520.222s step_avg:2476.35ms
step:2634/3350 train_time:6522.068s step_avg:2476.11ms
step:2635/3350 train_time:6525.172s step_avg:2476.35ms
step:2636/3350 train_time:6527.003s step_avg:2476.10ms
step:2637/3350 train_time:6530.122s step_avg:2476.35ms
step:2638/3350 train_time:6531.966s step_avg:2476.11ms
step:2639/3350 train_time:6535.067s step_avg:2476.34ms
step:2640/3350 train_time:6536.903s step_avg:2476.10ms
step:2641/3350 train_time:6540.005s step_avg:2476.34ms
step:2642/3350 train_time:6541.836s step_avg:2476.09ms
step:2643/3350 train_time:6544.942s step_avg:2476.33ms
step:2644/3350 train_time:6546.772s step_avg:2476.09ms
step:2645/3350 train_time:6549.880s step_avg:2476.33ms
step:2646/3350 train_time:6551.713s step_avg:2476.08ms
step:2647/3350 train_time:6554.830s step_avg:2476.32ms
step:2648/3350 train_time:6556.677s step_avg:2476.09ms
step:2649/3350 train_time:6559.797s step_avg:2476.33ms
step:2650/3350 train_time:6561.920s step_avg:2476.20ms
step:2651/3350 train_time:6565.036s step_avg:2476.44ms
step:2652/3350 train_time:6566.886s step_avg:2476.20ms
step:2653/3350 train_time:6570.005s step_avg:2476.44ms
step:2654/3350 train_time:6571.842s step_avg:2476.20ms
step:2655/3350 train_time:6574.958s step_avg:2476.44ms
step:2656/3350 train_time:6576.806s step_avg:2476.21ms
step:2657/3350 train_time:6579.926s step_avg:2476.45ms
step:2658/3350 train_time:6581.774s step_avg:2476.21ms
step:2659/3350 train_time:6584.873s step_avg:2476.45ms
step:2660/3350 train_time:6586.703s step_avg:2476.20ms
step:2661/3350 train_time:6589.851s step_avg:2476.46ms
step:2662/3350 train_time:6591.686s step_avg:2476.22ms
step:2663/3350 train_time:6594.799s step_avg:2476.45ms
step:2664/3350 train_time:6596.634s step_avg:2476.21ms
step:2665/3350 train_time:6599.757s step_avg:2476.46ms
step:2666/3350 train_time:6601.603s step_avg:2476.22ms
step:2667/3350 train_time:6604.708s step_avg:2476.46ms
step:2668/3350 train_time:6606.543s step_avg:2476.22ms
step:2669/3350 train_time:6609.671s step_avg:2476.46ms
step:2670/3350 train_time:6611.516s step_avg:2476.22ms
step:2671/3350 train_time:6614.639s step_avg:2476.47ms
step:2672/3350 train_time:6616.486s step_avg:2476.23ms
step:2673/3350 train_time:6619.587s step_avg:2476.46ms
step:2674/3350 train_time:6621.423s step_avg:2476.22ms
step:2675/3350 train_time:6624.823s step_avg:2476.57ms
step:2676/3350 train_time:6626.671s step_avg:2476.33ms
step:2677/3350 train_time:6629.781s step_avg:2476.57ms
step:2678/3350 train_time:6631.612s step_avg:2476.33ms
step:2679/3350 train_time:6634.714s step_avg:2476.56ms
step:2680/3350 train_time:6636.550s step_avg:2476.32ms
step:2681/3350 train_time:6639.674s step_avg:2476.57ms
step:2682/3350 train_time:6641.522s step_avg:2476.33ms
step:2683/3350 train_time:6644.642s step_avg:2476.57ms
step:2684/3350 train_time:6646.491s step_avg:2476.34ms
step:2685/3350 train_time:6649.600s step_avg:2476.57ms
step:2686/3350 train_time:6651.434s step_avg:2476.33ms
step:2687/3350 train_time:6654.554s step_avg:2476.57ms
step:2688/3350 train_time:6656.390s step_avg:2476.34ms
step:2689/3350 train_time:6659.491s step_avg:2476.57ms
step:2690/3350 train_time:6661.339s step_avg:2476.33ms
step:2691/3350 train_time:6664.442s step_avg:2476.57ms
step:2692/3350 train_time:6666.295s step_avg:2476.34ms
step:2693/3350 train_time:6669.410s step_avg:2476.57ms
step:2694/3350 train_time:6671.246s step_avg:2476.33ms
step:2695/3350 train_time:6674.352s step_avg:2476.57ms
step:2696/3350 train_time:6676.203s step_avg:2476.34ms
step:2697/3350 train_time:6679.307s step_avg:2476.57ms
step:2698/3350 train_time:6681.138s step_avg:2476.33ms
step:2699/3350 train_time:6684.261s step_avg:2476.57ms
step:2700/3350 train_time:6686.401s step_avg:2476.44ms
step:2701/3350 train_time:6689.497s step_avg:2476.67ms
step:2702/3350 train_time:6691.333s step_avg:2476.44ms
step:2703/3350 train_time:6694.459s step_avg:2476.68ms
step:2704/3350 train_time:6696.312s step_avg:2476.45ms
step:2705/3350 train_time:6699.435s step_avg:2476.69ms
step:2706/3350 train_time:6701.284s step_avg:2476.45ms
step:2707/3350 train_time:6704.400s step_avg:2476.69ms
step:2708/3350 train_time:6706.249s step_avg:2476.46ms
step:2709/3350 train_time:6709.357s step_avg:2476.69ms
step:2710/3350 train_time:6711.207s step_avg:2476.46ms
step:2711/3350 train_time:6714.311s step_avg:2476.69ms
step:2712/3350 train_time:6716.147s step_avg:2476.46ms
step:2713/3350 train_time:6719.272s step_avg:2476.69ms
step:2714/3350 train_time:6721.122s step_avg:2476.46ms
step:2715/3350 train_time:6724.229s step_avg:2476.70ms
step:2716/3350 train_time:6726.066s step_avg:2476.46ms
step:2717/3350 train_time:6729.166s step_avg:2476.69ms
step:2718/3350 train_time:6731.004s step_avg:2476.45ms
step:2719/3350 train_time:6734.109s step_avg:2476.69ms
step:2720/3350 train_time:6735.939s step_avg:2476.45ms
step:2721/3350 train_time:6739.061s step_avg:2476.69ms
step:2722/3350 train_time:6740.895s step_avg:2476.45ms
step:2723/3350 train_time:6743.995s step_avg:2476.68ms
step:2724/3350 train_time:6745.825s step_avg:2476.44ms
step:2725/3350 train_time:6749.227s step_avg:2476.78ms
step:2726/3350 train_time:6751.079s step_avg:2476.55ms
step:2727/3350 train_time:6754.185s step_avg:2476.78ms
step:2728/3350 train_time:6756.034s step_avg:2476.55ms
step:2729/3350 train_time:6759.141s step_avg:2476.78ms
step:2730/3350 train_time:6760.972s step_avg:2476.55ms
step:2731/3350 train_time:6764.079s step_avg:2476.78ms
step:2732/3350 train_time:6765.910s step_avg:2476.54ms
step:2733/3350 train_time:6769.014s step_avg:2476.77ms
step:2734/3350 train_time:6770.860s step_avg:2476.54ms
step:2735/3350 train_time:6773.978s step_avg:2476.77ms
step:2736/3350 train_time:6775.827s step_avg:2476.54ms
step:2737/3350 train_time:6778.929s step_avg:2476.77ms
step:2738/3350 train_time:6780.764s step_avg:2476.54ms
step:2739/3350 train_time:6783.881s step_avg:2476.77ms
step:2740/3350 train_time:6785.711s step_avg:2476.54ms
step:2741/3350 train_time:6788.814s step_avg:2476.77ms
step:2742/3350 train_time:6790.644s step_avg:2476.53ms
step:2743/3350 train_time:6793.744s step_avg:2476.76ms
step:2744/3350 train_time:6795.580s step_avg:2476.52ms
step:2745/3350 train_time:6798.688s step_avg:2476.75ms
step:2746/3350 train_time:6800.525s step_avg:2476.52ms
step:2747/3350 train_time:6803.625s step_avg:2476.75ms
step:2748/3350 train_time:6805.474s step_avg:2476.52ms
step:2749/3350 train_time:6808.586s step_avg:2476.75ms
step:2750/3350 train_time:6810.787s step_avg:2476.65ms
step:2750/3350 val_loss:3.32794 train_time:6810.788s step_avg:2483.20ms
step:2751/3350 train_time:6813.887s step_avg:2476.88ms
step:2752/3350 train_time:6815.724s step_avg:2476.64ms
step:2753/3350 train_time:6818.843s step_avg:2476.88ms
step:2754/3350 train_time:6820.693s step_avg:2476.65ms
step:2755/3350 train_time:6823.825s step_avg:2476.89ms
step:2756/3350 train_time:6825.673s step_avg:2476.66ms
step:2757/3350 train_time:6828.780s step_avg:2476.89ms
step:2758/3350 train_time:6830.617s step_avg:2476.66ms
step:2759/3350 train_time:6833.729s step_avg:2476.89ms
step:2760/3350 train_time:6835.579s step_avg:2476.66ms
step:2761/3350 train_time:6838.693s step_avg:2476.89ms
step:2762/3350 train_time:6840.542s step_avg:2476.66ms
step:2763/3350 train_time:6843.637s step_avg:2476.89ms
step:2764/3350 train_time:6845.468s step_avg:2476.65ms
step:2765/3350 train_time:6848.589s step_avg:2476.89ms
step:2766/3350 train_time:6850.423s step_avg:2476.65ms
step:2767/3350 train_time:6853.532s step_avg:2476.88ms
step:2768/3350 train_time:6855.368s step_avg:2476.65ms
step:2769/3350 train_time:6858.486s step_avg:2476.88ms
step:2770/3350 train_time:6860.321s step_avg:2476.65ms
step:2771/3350 train_time:6863.422s step_avg:2476.88ms
step:2772/3350 train_time:6865.261s step_avg:2476.65ms
step:2773/3350 train_time:6868.364s step_avg:2476.87ms
step:2774/3350 train_time:6870.201s step_avg:2476.64ms
step:2775/3350 train_time:6873.599s step_avg:2476.97ms
step:2776/3350 train_time:6875.433s step_avg:2476.74ms
step:2777/3350 train_time:6878.543s step_avg:2476.97ms
step:2778/3350 train_time:6880.389s step_avg:2476.74ms
step:2779/3350 train_time:6883.489s step_avg:2476.97ms
step:2780/3350 train_time:6885.337s step_avg:2476.74ms
step:2781/3350 train_time:6888.454s step_avg:2476.97ms
step:2782/3350 train_time:6890.285s step_avg:2476.74ms
step:2783/3350 train_time:6893.391s step_avg:2476.96ms
step:2784/3350 train_time:6895.230s step_avg:2476.74ms
step:2785/3350 train_time:6898.333s step_avg:2476.96ms
step:2786/3350 train_time:6900.170s step_avg:2476.73ms
step:2787/3350 train_time:6903.271s step_avg:2476.95ms
step:2788/3350 train_time:6905.106s step_avg:2476.72ms
step:2789/3350 train_time:6908.205s step_avg:2476.95ms
step:2790/3350 train_time:6910.045s step_avg:2476.72ms
step:2791/3350 train_time:6913.146s step_avg:2476.94ms
step:2792/3350 train_time:6914.996s step_avg:2476.72ms
step:2793/3350 train_time:6918.106s step_avg:2476.94ms
step:2794/3350 train_time:6919.951s step_avg:2476.72ms
step:2795/3350 train_time:6923.059s step_avg:2476.94ms
step:2796/3350 train_time:6924.890s step_avg:2476.71ms
step:2797/3350 train_time:6927.992s step_avg:2476.94ms
step:2798/3350 train_time:6929.829s step_avg:2476.71ms
step:2799/3350 train_time:6932.941s step_avg:2476.93ms
step:2800/3350 train_time:6935.080s step_avg:2476.81ms
step:2801/3350 train_time:6938.178s step_avg:2477.04ms
step:2802/3350 train_time:6940.013s step_avg:2476.81ms
step:2803/3350 train_time:6943.127s step_avg:2477.03ms
step:2804/3350 train_time:6944.963s step_avg:2476.81ms
step:2805/3350 train_time:6948.068s step_avg:2477.03ms
step:2806/3350 train_time:6949.904s step_avg:2476.80ms
step:2807/3350 train_time:6953.028s step_avg:2477.03ms
step:2808/3350 train_time:6954.878s step_avg:2476.81ms
step:2809/3350 train_time:6957.985s step_avg:2477.03ms
step:2810/3350 train_time:6959.825s step_avg:2476.81ms
step:2811/3350 train_time:6962.934s step_avg:2477.03ms
step:2812/3350 train_time:6964.776s step_avg:2476.81ms
step:2813/3350 train_time:6967.896s step_avg:2477.03ms
step:2814/3350 train_time:6969.728s step_avg:2476.80ms
step:2815/3350 train_time:6972.850s step_avg:2477.03ms
step:2816/3350 train_time:6974.700s step_avg:2476.81ms
step:2817/3350 train_time:6977.814s step_avg:2477.04ms
step:2818/3350 train_time:6979.645s step_avg:2476.81ms
step:2819/3350 train_time:6982.752s step_avg:2477.03ms
step:2820/3350 train_time:6984.599s step_avg:2476.81ms
step:2821/3350 train_time:6987.699s step_avg:2477.03ms
step:2822/3350 train_time:6989.537s step_avg:2476.80ms
step:2823/3350 train_time:6992.644s step_avg:2477.03ms
step:2824/3350 train_time:6994.480s step_avg:2476.80ms
step:2825/3350 train_time:6997.895s step_avg:2477.13ms
step:2826/3350 train_time:6999.727s step_avg:2476.90ms
step:2827/3350 train_time:7002.849s step_avg:2477.13ms
step:2828/3350 train_time:7004.697s step_avg:2476.91ms
step:2829/3350 train_time:7007.798s step_avg:2477.13ms
step:2830/3350 train_time:7009.632s step_avg:2476.90ms
step:2831/3350 train_time:7012.744s step_avg:2477.13ms
step:2832/3350 train_time:7014.579s step_avg:2476.90ms
step:2833/3350 train_time:7017.677s step_avg:2477.12ms
step:2834/3350 train_time:7019.525s step_avg:2476.90ms
step:2835/3350 train_time:7022.633s step_avg:2477.12ms
step:2836/3350 train_time:7024.484s step_avg:2476.90ms
step:2837/3350 train_time:7027.605s step_avg:2477.13ms
step:2838/3350 train_time:7029.455s step_avg:2476.90ms
step:2839/3350 train_time:7032.565s step_avg:2477.13ms
step:2840/3350 train_time:7034.415s step_avg:2476.91ms
step:2841/3350 train_time:7037.536s step_avg:2477.13ms
step:2842/3350 train_time:7039.371s step_avg:2476.91ms
step:2843/3350 train_time:7042.484s step_avg:2477.13ms
step:2844/3350 train_time:7044.333s step_avg:2476.91ms
step:2845/3350 train_time:7047.438s step_avg:2477.13ms
step:2846/3350 train_time:7049.286s step_avg:2476.91ms
step:2847/3350 train_time:7052.403s step_avg:2477.13ms
step:2848/3350 train_time:7054.252s step_avg:2476.91ms
step:2849/3350 train_time:7057.397s step_avg:2477.15ms
step:2850/3350 train_time:7059.573s step_avg:2477.04ms
step:2851/3350 train_time:7062.752s step_avg:2477.29ms
step:2852/3350 train_time:7064.636s step_avg:2477.08ms
step:2853/3350 train_time:7067.770s step_avg:2477.31ms
step:2854/3350 train_time:7069.641s step_avg:2477.10ms
step:2855/3350 train_time:7072.779s step_avg:2477.33ms
step:2856/3350 train_time:7074.653s step_avg:2477.12ms
step:2857/3350 train_time:7077.798s step_avg:2477.35ms
step:2858/3350 train_time:7079.677s step_avg:2477.14ms
step:2859/3350 train_time:7082.828s step_avg:2477.38ms
step:2860/3350 train_time:7084.697s step_avg:2477.17ms
step:2861/3350 train_time:7087.849s step_avg:2477.40ms
step:2862/3350 train_time:7089.733s step_avg:2477.20ms
step:2863/3350 train_time:7092.881s step_avg:2477.43ms
step:2864/3350 train_time:7094.766s step_avg:2477.22ms
step:2865/3350 train_time:7097.908s step_avg:2477.45ms
step:2866/3350 train_time:7099.778s step_avg:2477.24ms
step:2867/3350 train_time:7102.933s step_avg:2477.48ms
step:2868/3350 train_time:7104.804s step_avg:2477.27ms
step:2869/3350 train_time:7107.957s step_avg:2477.50ms
step:2870/3350 train_time:7109.834s step_avg:2477.29ms
step:2871/3350 train_time:7112.979s step_avg:2477.53ms
step:2872/3350 train_time:7114.854s step_avg:2477.32ms
step:2873/3350 train_time:7118.001s step_avg:2477.55ms
step:2874/3350 train_time:7119.868s step_avg:2477.34ms
step:2875/3350 train_time:7123.361s step_avg:2477.69ms
step:2875/3350 val_loss:3.31266 train_time:7123.361s step_avg:2500.59ms
step:2876/3350 train_time:7125.246s step_avg:2477.48ms
step:2877/3350 train_time:7128.397s step_avg:2477.72ms
step:2878/3350 train_time:7130.264s step_avg:2477.51ms
step:2879/3350 train_time:7133.415s step_avg:2477.74ms
step:2880/3350 train_time:7135.302s step_avg:2477.54ms
step:2881/3350 train_time:7138.452s step_avg:2477.77ms
step:2882/3350 train_time:7140.339s step_avg:2477.56ms
step:2883/3350 train_time:7143.496s step_avg:2477.80ms
step:2884/3350 train_time:7145.380s step_avg:2477.59ms
step:2885/3350 train_time:7148.536s step_avg:2477.83ms
step:2886/3350 train_time:7150.412s step_avg:2477.62ms
step:2887/3350 train_time:7153.559s step_avg:2477.85ms
step:2888/3350 train_time:7155.432s step_avg:2477.64ms
step:2889/3350 train_time:7158.587s step_avg:2477.88ms
step:2890/3350 train_time:7160.468s step_avg:2477.67ms
step:2891/3350 train_time:7163.613s step_avg:2477.90ms
step:2892/3350 train_time:7165.488s step_avg:2477.69ms
step:2893/3350 train_time:7168.634s step_avg:2477.92ms
step:2894/3350 train_time:7170.521s step_avg:2477.72ms
step:2895/3350 train_time:7173.668s step_avg:2477.95ms
step:2896/3350 train_time:7175.557s step_avg:2477.75ms
step:2897/3350 train_time:7178.706s step_avg:2477.98ms
step:2898/3350 train_time:7180.592s step_avg:2477.77ms
step:2899/3350 train_time:7183.744s step_avg:2478.01ms
step:2900/3350 train_time:7185.927s step_avg:2477.91ms
step:2901/3350 train_time:7189.063s step_avg:2478.13ms
step:2902/3350 train_time:7190.929s step_avg:2477.92ms
step:2903/3350 train_time:7194.081s step_avg:2478.15ms
step:2904/3350 train_time:7195.969s step_avg:2477.95ms
step:2905/3350 train_time:7199.114s step_avg:2478.18ms
step:2906/3350 train_time:7200.991s step_avg:2477.97ms
step:2907/3350 train_time:7204.137s step_avg:2478.20ms
step:2908/3350 train_time:7206.011s step_avg:2478.00ms
step:2909/3350 train_time:7209.161s step_avg:2478.23ms
step:2910/3350 train_time:7211.031s step_avg:2478.02ms
step:2911/3350 train_time:7214.180s step_avg:2478.25ms
step:2912/3350 train_time:7216.055s step_avg:2478.04ms
step:2913/3350 train_time:7219.196s step_avg:2478.27ms
step:2914/3350 train_time:7221.062s step_avg:2478.06ms
step:2915/3350 train_time:7224.211s step_avg:2478.29ms
step:2916/3350 train_time:7226.080s step_avg:2478.08ms
step:2917/3350 train_time:7229.220s step_avg:2478.31ms
step:2918/3350 train_time:7231.088s step_avg:2478.10ms
step:2919/3350 train_time:7234.230s step_avg:2478.32ms
step:2920/3350 train_time:7236.115s step_avg:2478.12ms
step:2921/3350 train_time:7239.256s step_avg:2478.35ms
step:2922/3350 train_time:7241.140s step_avg:2478.15ms
step:2923/3350 train_time:7244.295s step_avg:2478.38ms
step:2924/3350 train_time:7246.176s step_avg:2478.17ms
step:2925/3350 train_time:7249.610s step_avg:2478.50ms
step:2926/3350 train_time:7251.493s step_avg:2478.30ms
step:2927/3350 train_time:7254.636s step_avg:2478.52ms
step:2928/3350 train_time:7256.510s step_avg:2478.32ms
step:2929/3350 train_time:7259.655s step_avg:2478.54ms
step:2930/3350 train_time:7261.541s step_avg:2478.34ms
step:2931/3350 train_time:7264.682s step_avg:2478.57ms
step:2932/3350 train_time:7266.554s step_avg:2478.36ms
step:2933/3350 train_time:7269.708s step_avg:2478.59ms
step:2934/3350 train_time:7271.582s step_avg:2478.39ms
step:2935/3350 train_time:7274.733s step_avg:2478.61ms
step:2936/3350 train_time:7276.606s step_avg:2478.41ms
step:2937/3350 train_time:7279.756s step_avg:2478.64ms
step:2938/3350 train_time:7281.625s step_avg:2478.43ms
step:2939/3350 train_time:7284.764s step_avg:2478.65ms
step:2940/3350 train_time:7286.650s step_avg:2478.45ms
step:2941/3350 train_time:7289.801s step_avg:2478.68ms
step:2942/3350 train_time:7291.676s step_avg:2478.48ms
step:2943/3350 train_time:7294.816s step_avg:2478.70ms
step:2944/3350 train_time:7296.691s step_avg:2478.50ms
step:2945/3350 train_time:7299.843s step_avg:2478.72ms
step:2946/3350 train_time:7301.716s step_avg:2478.52ms
step:2947/3350 train_time:7304.872s step_avg:2478.75ms
step:2948/3350 train_time:7306.747s step_avg:2478.54ms
step:2949/3350 train_time:7309.892s step_avg:2478.77ms
step:2950/3350 train_time:7312.054s step_avg:2478.66ms
step:2951/3350 train_time:7315.188s step_avg:2478.88ms
step:2952/3350 train_time:7317.053s step_avg:2478.68ms
step:2953/3350 train_time:7320.201s step_avg:2478.90ms
step:2954/3350 train_time:7322.085s step_avg:2478.70ms
step:2955/3350 train_time:7325.218s step_avg:2478.92ms
step:2956/3350 train_time:7327.087s step_avg:2478.72ms
step:2957/3350 train_time:7330.225s step_avg:2478.94ms
step:2958/3350 train_time:7332.099s step_avg:2478.74ms
step:2959/3350 train_time:7335.249s step_avg:2478.96ms
step:2960/3350 train_time:7337.121s step_avg:2478.76ms
step:2961/3350 train_time:7340.275s step_avg:2478.99ms
step:2962/3350 train_time:7342.148s step_avg:2478.78ms
step:2963/3350 train_time:7345.291s step_avg:2479.00ms
step:2964/3350 train_time:7347.164s step_avg:2478.80ms
step:2965/3350 train_time:7350.314s step_avg:2479.03ms
step:2966/3350 train_time:7352.201s step_avg:2478.83ms
step:2967/3350 train_time:7355.341s step_avg:2479.05ms
step:2968/3350 train_time:7357.207s step_avg:2478.84ms
step:2969/3350 train_time:7360.344s step_avg:2479.07ms
step:2970/3350 train_time:7362.216s step_avg:2478.86ms
step:2971/3350 train_time:7365.360s step_avg:2479.08ms
step:2972/3350 train_time:7367.240s step_avg:2478.88ms
step:2973/3350 train_time:7370.380s step_avg:2479.11ms
step:2974/3350 train_time:7372.257s step_avg:2478.90ms
step:2975/3350 train_time:7375.689s step_avg:2479.22ms
step:2976/3350 train_time:7377.559s step_avg:2479.02ms
step:2977/3350 train_time:7380.694s step_avg:2479.24ms
step:2978/3350 train_time:7382.568s step_avg:2479.04ms
step:2979/3350 train_time:7385.709s step_avg:2479.26ms
step:2980/3350 train_time:7387.589s step_avg:2479.06ms
step:2981/3350 train_time:7390.728s step_avg:2479.28ms
step:2982/3350 train_time:7392.601s step_avg:2479.07ms
step:2983/3350 train_time:7395.746s step_avg:2479.30ms
step:2984/3350 train_time:7397.621s step_avg:2479.10ms
step:2985/3350 train_time:7400.774s step_avg:2479.32ms
step:2986/3350 train_time:7402.648s step_avg:2479.12ms
step:2987/3350 train_time:7405.790s step_avg:2479.34ms
step:2988/3350 train_time:7407.655s step_avg:2479.13ms
step:2989/3350 train_time:7410.803s step_avg:2479.36ms
step:2990/3350 train_time:7412.685s step_avg:2479.16ms
step:2991/3350 train_time:7415.829s step_avg:2479.38ms
step:2992/3350 train_time:7417.699s step_avg:2479.18ms
step:2993/3350 train_time:7420.844s step_avg:2479.40ms
step:2994/3350 train_time:7422.714s step_avg:2479.20ms
step:2995/3350 train_time:7425.868s step_avg:2479.42ms
step:2996/3350 train_time:7427.741s step_avg:2479.22ms
step:2997/3350 train_time:7430.878s step_avg:2479.44ms
step:2998/3350 train_time:7432.756s step_avg:2479.24ms
step:2999/3350 train_time:7435.897s step_avg:2479.46ms
step:3000/3350 train_time:7438.150s step_avg:2479.38ms
step:3000/3350 val_loss:3.29660 train_time:7438.150s step_avg:2518.31ms
step:3001/3350 train_time:7441.284s step_avg:2479.60ms
step:3002/3350 train_time:7443.156s step_avg:2479.40ms
step:3003/3350 train_time:7446.301s step_avg:2479.62ms
step:3004/3350 train_time:7448.173s step_avg:2479.42ms
step:3005/3350 train_time:7451.321s step_avg:2479.64ms
step:3006/3350 train_time:7453.188s step_avg:2479.44ms
step:3007/3350 train_time:7456.334s step_avg:2479.66ms
step:3008/3350 train_time:7458.211s step_avg:2479.46ms
step:3009/3350 train_time:7461.345s step_avg:2479.68ms
step:3010/3350 train_time:7463.229s step_avg:2479.48ms
step:3011/3350 train_time:7466.366s step_avg:2479.70ms
step:3012/3350 train_time:7468.232s step_avg:2479.49ms
step:3013/3350 train_time:7471.387s step_avg:2479.72ms
step:3014/3350 train_time:7473.266s step_avg:2479.52ms
step:3015/3350 train_time:7476.406s step_avg:2479.74ms
step:3016/3350 train_time:7478.289s step_avg:2479.54ms
step:3017/3350 train_time:7481.435s step_avg:2479.76ms
step:3018/3350 train_time:7483.317s step_avg:2479.56ms
step:3019/3350 train_time:7486.461s step_avg:2479.78ms
step:3020/3350 train_time:7488.345s step_avg:2479.58ms
step:3021/3350 train_time:7491.499s step_avg:2479.81ms
step:3022/3350 train_time:7493.368s step_avg:2479.61ms
step:3023/3350 train_time:7496.520s step_avg:2479.83ms
step:3024/3350 train_time:7498.401s step_avg:2479.63ms
step:3025/3350 train_time:7501.845s step_avg:2479.95ms
step:3025/3350 val_loss:3.29299 train_time:7501.846s step_avg:2547.81ms
step:3026/3350 train_time:7503.720s step_avg:2479.75ms
step:3027/3350 train_time:7506.878s step_avg:2479.97ms
step:3028/3350 train_time:7508.746s step_avg:2479.77ms
step:3029/3350 train_time:7511.884s step_avg:2479.99ms
step:3030/3350 train_time:7513.751s step_avg:2479.79ms
step:3031/3350 train_time:7516.891s step_avg:2480.00ms
step:3032/3350 train_time:7518.760s step_avg:2479.80ms
step:3033/3350 train_time:7521.916s step_avg:2480.03ms
step:3034/3350 train_time:7523.795s step_avg:2479.83ms
step:3035/3350 train_time:7526.950s step_avg:2480.05ms
step:3036/3350 train_time:7528.819s step_avg:2479.85ms
step:3037/3350 train_time:7531.975s step_avg:2480.07ms
step:3038/3350 train_time:7533.849s step_avg:2479.87ms
step:3039/3350 train_time:7537.000s step_avg:2480.09ms
step:3040/3350 train_time:7538.883s step_avg:2479.90ms
step:3041/3350 train_time:7542.068s step_avg:2480.13ms
step:3042/3350 train_time:7543.934s step_avg:2479.93ms
step:3043/3350 train_time:7547.070s step_avg:2480.14ms
step:3044/3350 train_time:7548.948s step_avg:2479.94ms
step:3045/3350 train_time:7552.093s step_avg:2480.16ms
step:3046/3350 train_time:7553.967s step_avg:2479.96ms
step:3047/3350 train_time:7557.121s step_avg:2480.18ms
step:3048/3350 train_time:7559.006s step_avg:2479.99ms
step:3049/3350 train_time:7562.162s step_avg:2480.21ms
step:3050/3350 train_time:7564.341s step_avg:2480.11ms
step:3050/3350 val_loss:3.28996 train_time:7564.342s step_avg:2499.84ms
step:3051/3350 train_time:7567.473s step_avg:2480.33ms
step:3052/3350 train_time:7569.347s step_avg:2480.13ms
step:3053/3350 train_time:7572.483s step_avg:2480.34ms
step:3054/3350 train_time:7574.352s step_avg:2480.14ms
step:3055/3350 train_time:7577.504s step_avg:2480.36ms
step:3056/3350 train_time:7579.388s step_avg:2480.17ms
step:3057/3350 train_time:7582.537s step_avg:2480.39ms
step:3058/3350 train_time:7584.418s step_avg:2480.19ms
step:3059/3350 train_time:7587.574s step_avg:2480.41ms
step:3060/3350 train_time:7589.448s step_avg:2480.21ms
step:3061/3350 train_time:7592.590s step_avg:2480.43ms
step:3062/3350 train_time:7594.457s step_avg:2480.23ms
step:3063/3350 train_time:7597.594s step_avg:2480.44ms
step:3064/3350 train_time:7599.475s step_avg:2480.25ms
step:3065/3350 train_time:7602.625s step_avg:2480.46ms
step:3066/3350 train_time:7604.496s step_avg:2480.27ms
step:3067/3350 train_time:7607.645s step_avg:2480.48ms
step:3068/3350 train_time:7609.526s step_avg:2480.29ms
step:3069/3350 train_time:7612.679s step_avg:2480.51ms
step:3070/3350 train_time:7614.556s step_avg:2480.31ms
step:3071/3350 train_time:7617.699s step_avg:2480.53ms
step:3072/3350 train_time:7619.572s step_avg:2480.33ms
step:3073/3350 train_time:7622.711s step_avg:2480.54ms
step:3074/3350 train_time:7624.591s step_avg:2480.35ms
step:3075/3350 train_time:7628.028s step_avg:2480.66ms
step:3075/3350 val_loss:3.28707 train_time:7628.028s step_avg:2547.45ms
step:3076/3350 train_time:7629.916s step_avg:2480.47ms
step:3077/3350 train_time:7633.073s step_avg:2480.69ms
step:3078/3350 train_time:7634.942s step_avg:2480.49ms
step:3079/3350 train_time:7638.108s step_avg:2480.71ms
step:3080/3350 train_time:7639.985s step_avg:2480.51ms
step:3081/3350 train_time:7643.139s step_avg:2480.73ms
step:3082/3350 train_time:7645.009s step_avg:2480.53ms
step:3083/3350 train_time:7648.152s step_avg:2480.75ms
step:3084/3350 train_time:7650.033s step_avg:2480.56ms
step:3085/3350 train_time:7653.189s step_avg:2480.77ms
step:3086/3350 train_time:7655.059s step_avg:2480.58ms
step:3087/3350 train_time:7658.213s step_avg:2480.79ms
step:3088/3350 train_time:7660.086s step_avg:2480.60ms
step:3089/3350 train_time:7663.233s step_avg:2480.81ms
step:3090/3350 train_time:7665.103s step_avg:2480.62ms
step:3091/3350 train_time:7668.251s step_avg:2480.83ms
step:3092/3350 train_time:7670.134s step_avg:2480.64ms
step:3093/3350 train_time:7673.269s step_avg:2480.85ms
step:3094/3350 train_time:7675.145s step_avg:2480.65ms
step:3095/3350 train_time:7678.283s step_avg:2480.87ms
step:3096/3350 train_time:7680.159s step_avg:2480.67ms
step:3097/3350 train_time:7683.299s step_avg:2480.88ms
step:3098/3350 train_time:7685.171s step_avg:2480.69ms
step:3099/3350 train_time:7688.319s step_avg:2480.90ms
step:3100/3350 train_time:7690.513s step_avg:2480.81ms
step:3100/3350 val_loss:3.28409 train_time:7690.514s step_avg:2499.43ms
step:3101/3350 train_time:7693.651s step_avg:2481.02ms
step:3102/3350 train_time:7695.527s step_avg:2480.83ms
step:3103/3350 train_time:7698.682s step_avg:2481.04ms
step:3104/3350 train_time:7700.566s step_avg:2480.85ms
step:3105/3350 train_time:7703.709s step_avg:2481.07ms
step:3106/3350 train_time:7705.594s step_avg:2480.87ms
step:3107/3350 train_time:7708.744s step_avg:2481.09ms
step:3108/3350 train_time:7710.627s step_avg:2480.90ms
step:3109/3350 train_time:7713.764s step_avg:2481.11ms
step:3110/3350 train_time:7715.647s step_avg:2480.92ms
step:3111/3350 train_time:7718.784s step_avg:2481.13ms
step:3112/3350 train_time:7720.657s step_avg:2480.93ms
step:3113/3350 train_time:7723.797s step_avg:2481.14ms
step:3114/3350 train_time:7725.669s step_avg:2480.95ms
step:3115/3350 train_time:7728.821s step_avg:2481.16ms
step:3116/3350 train_time:7730.695s step_avg:2480.97ms
step:3117/3350 train_time:7733.843s step_avg:2481.18ms
step:3118/3350 train_time:7735.724s step_avg:2480.99ms
step:3119/3350 train_time:7738.884s step_avg:2481.21ms
step:3120/3350 train_time:7740.762s step_avg:2481.01ms
step:3121/3350 train_time:7743.897s step_avg:2481.22ms
step:3122/3350 train_time:7745.782s step_avg:2481.03ms
step:3123/3350 train_time:7748.925s step_avg:2481.24ms
step:3124/3350 train_time:7750.813s step_avg:2481.05ms
step:3125/3350 train_time:7754.327s step_avg:2481.38ms
step:3125/3350 val_loss:3.28128 train_time:7754.327s step_avg:2552.55ms
step:3126/3350 train_time:7756.212s step_avg:2481.19ms
step:3127/3350 train_time:7759.379s step_avg:2481.41ms
step:3128/3350 train_time:7761.257s step_avg:2481.22ms
step:3129/3350 train_time:7764.413s step_avg:2481.44ms
step:3130/3350 train_time:7766.292s step_avg:2481.24ms
step:3131/3350 train_time:7769.439s step_avg:2481.46ms
step:3132/3350 train_time:7771.325s step_avg:2481.27ms
step:3133/3350 train_time:7774.487s step_avg:2481.48ms
step:3134/3350 train_time:7776.364s step_avg:2481.29ms
step:3135/3350 train_time:7779.521s step_avg:2481.51ms
step:3136/3350 train_time:7781.394s step_avg:2481.31ms
step:3137/3350 train_time:7784.561s step_avg:2481.53ms
step:3138/3350 train_time:7786.429s step_avg:2481.34ms
step:3139/3350 train_time:7789.580s step_avg:2481.55ms
step:3140/3350 train_time:7791.463s step_avg:2481.36ms
step:3141/3350 train_time:7794.614s step_avg:2481.57ms
step:3142/3350 train_time:7796.499s step_avg:2481.38ms
step:3143/3350 train_time:7799.643s step_avg:2481.59ms
step:3144/3350 train_time:7801.520s step_avg:2481.40ms
step:3145/3350 train_time:7804.672s step_avg:2481.61ms
step:3146/3350 train_time:7806.543s step_avg:2481.42ms
step:3147/3350 train_time:7809.694s step_avg:2481.63ms
step:3148/3350 train_time:7811.576s step_avg:2481.44ms
step:3149/3350 train_time:7814.717s step_avg:2481.65ms
step:3150/3350 train_time:7816.891s step_avg:2481.55ms
step:3150/3350 val_loss:3.27811 train_time:7816.891s step_avg:2502.56ms
step:3151/3350 train_time:7820.030s step_avg:2481.76ms
step:3152/3350 train_time:7821.901s step_avg:2481.57ms
step:3153/3350 train_time:7825.050s step_avg:2481.78ms
step:3154/3350 train_time:7826.924s step_avg:2481.59ms
step:3155/3350 train_time:7830.081s step_avg:2481.80ms
step:3156/3350 train_time:7831.967s step_avg:2481.61ms
step:3157/3350 train_time:7835.110s step_avg:2481.82ms
step:3158/3350 train_time:7836.994s step_avg:2481.63ms
step:3159/3350 train_time:7840.133s step_avg:2481.84ms
step:3160/3350 train_time:7842.007s step_avg:2481.65ms
step:3161/3350 train_time:7845.170s step_avg:2481.86ms
step:3162/3350 train_time:7847.044s step_avg:2481.67ms
step:3163/3350 train_time:7850.199s step_avg:2481.88ms
step:3164/3350 train_time:7852.069s step_avg:2481.69ms
step:3165/3350 train_time:7855.224s step_avg:2481.90ms
step:3166/3350 train_time:7857.098s step_avg:2481.71ms
step:3167/3350 train_time:7860.248s step_avg:2481.92ms
step:3168/3350 train_time:7862.117s step_avg:2481.73ms
step:3169/3350 train_time:7865.261s step_avg:2481.94ms
step:3170/3350 train_time:7867.136s step_avg:2481.75ms
step:3171/3350 train_time:7870.284s step_avg:2481.96ms
step:3172/3350 train_time:7872.161s step_avg:2481.77ms
step:3173/3350 train_time:7875.315s step_avg:2481.98ms
step:3174/3350 train_time:7877.191s step_avg:2481.79ms
step:3175/3350 train_time:7880.640s step_avg:2482.09ms
step:3175/3350 val_loss:3.27558 train_time:7880.641s step_avg:2549.96ms
step:3176/3350 train_time:7882.511s step_avg:2481.90ms
step:3177/3350 train_time:7885.665s step_avg:2482.11ms
step:3178/3350 train_time:7887.536s step_avg:2481.92ms
step:3179/3350 train_time:7890.681s step_avg:2482.13ms
step:3180/3350 train_time:7892.556s step_avg:2481.94ms
step:3181/3350 train_time:7895.709s step_avg:2482.15ms
step:3182/3350 train_time:7897.592s step_avg:2481.96ms
step:3183/3350 train_time:7900.738s step_avg:2482.17ms
step:3184/3350 train_time:7902.616s step_avg:2481.98ms
step:3185/3350 train_time:7905.778s step_avg:2482.19ms
step:3186/3350 train_time:7907.647s step_avg:2482.00ms
step:3187/3350 train_time:7910.800s step_avg:2482.21ms
step:3188/3350 train_time:7912.666s step_avg:2482.02ms
step:3189/3350 train_time:7915.812s step_avg:2482.22ms
step:3190/3350 train_time:7917.695s step_avg:2482.04ms
step:3191/3350 train_time:7920.857s step_avg:2482.25ms
step:3192/3350 train_time:7922.738s step_avg:2482.06ms
step:3193/3350 train_time:7925.886s step_avg:2482.27ms
step:3194/3350 train_time:7927.767s step_avg:2482.08ms
step:3195/3350 train_time:7930.907s step_avg:2482.29ms
step:3196/3350 train_time:7932.790s step_avg:2482.10ms
step:3197/3350 train_time:7935.932s step_avg:2482.31ms
step:3198/3350 train_time:7937.817s step_avg:2482.12ms
step:3199/3350 train_time:7940.953s step_avg:2482.32ms
step:3200/3350 train_time:7943.133s step_avg:2482.23ms
step:3200/3350 val_loss:3.27304 train_time:7943.133s step_avg:2499.70ms
step:3201/3350 train_time:7946.267s step_avg:2482.43ms
step:3202/3350 train_time:7948.133s step_avg:2482.24ms
step:3203/3350 train_time:7951.280s step_avg:2482.45ms
step:3204/3350 train_time:7953.145s step_avg:2482.26ms
step:3205/3350 train_time:7956.290s step_avg:2482.46ms
step:3206/3350 train_time:7958.171s step_avg:2482.27ms
step:3207/3350 train_time:7961.312s step_avg:2482.48ms
step:3208/3350 train_time:7963.178s step_avg:2482.29ms
step:3209/3350 train_time:7966.330s step_avg:2482.50ms
step:3210/3350 train_time:7968.205s step_avg:2482.31ms
step:3211/3350 train_time:7971.357s step_avg:2482.52ms
step:3212/3350 train_time:7973.225s step_avg:2482.32ms
step:3213/3350 train_time:7976.362s step_avg:2482.53ms
step:3214/3350 train_time:7978.232s step_avg:2482.34ms
step:3215/3350 train_time:7981.379s step_avg:2482.54ms
step:3216/3350 train_time:7983.254s step_avg:2482.36ms
step:3217/3350 train_time:7986.408s step_avg:2482.56ms
step:3218/3350 train_time:7988.294s step_avg:2482.38ms
step:3219/3350 train_time:7991.440s step_avg:2482.58ms
step:3220/3350 train_time:7993.318s step_avg:2482.40ms
step:3221/3350 train_time:7996.457s step_avg:2482.60ms
step:3222/3350 train_time:7998.337s step_avg:2482.41ms
step:3223/3350 train_time:8001.483s step_avg:2482.62ms
step:3224/3350 train_time:8003.352s step_avg:2482.43ms
step:3225/3350 train_time:8006.787s step_avg:2482.72ms
step:3225/3350 val_loss:3.27073 train_time:8006.788s step_avg:2546.19ms
step:3226/3350 train_time:8008.662s step_avg:2482.54ms
step:3227/3350 train_time:8011.797s step_avg:2482.74ms
step:3228/3350 train_time:8013.664s step_avg:2482.55ms
step:3229/3350 train_time:8016.814s step_avg:2482.75ms
step:3230/3350 train_time:8018.697s step_avg:2482.57ms
step:3231/3350 train_time:8021.869s step_avg:2482.78ms
step:3232/3350 train_time:8023.740s step_avg:2482.59ms
step:3233/3350 train_time:8026.879s step_avg:2482.80ms
step:3234/3350 train_time:8028.751s step_avg:2482.61ms
step:3235/3350 train_time:8031.909s step_avg:2482.82ms
step:3236/3350 train_time:8033.794s step_avg:2482.63ms
step:3237/3350 train_time:8036.936s step_avg:2482.83ms
step:3238/3350 train_time:8038.821s step_avg:2482.65ms
step:3239/3350 train_time:8041.958s step_avg:2482.85ms
step:3240/3350 train_time:8043.845s step_avg:2482.67ms
step:3241/3350 train_time:8046.993s step_avg:2482.87ms
step:3242/3350 train_time:8048.861s step_avg:2482.68ms
step:3243/3350 train_time:8052.002s step_avg:2482.89ms
step:3244/3350 train_time:8053.877s step_avg:2482.70ms
step:3245/3350 train_time:8057.012s step_avg:2482.90ms
step:3246/3350 train_time:8058.880s step_avg:2482.71ms
step:3247/3350 train_time:8062.030s step_avg:2482.92ms
step:3248/3350 train_time:8063.902s step_avg:2482.73ms
step:3249/3350 train_time:8067.046s step_avg:2482.93ms
step:3250/3350 train_time:8069.269s step_avg:2482.85ms
step:3250/3350 val_loss:3.26865 train_time:8069.269s step_avg:2499.26ms
step:3251/3350 train_time:8072.413s step_avg:2483.06ms
step:3252/3350 train_time:8074.297s step_avg:2482.87ms
step:3253/3350 train_time:8077.433s step_avg:2483.07ms
step:3254/3350 train_time:8079.309s step_avg:2482.89ms
step:3255/3350 train_time:8082.450s step_avg:2483.09ms
step:3256/3350 train_time:8084.329s step_avg:2482.90ms
step:3257/3350 train_time:8087.472s step_avg:2483.10ms
step:3258/3350 train_time:8089.337s step_avg:2482.92ms
step:3259/3350 train_time:8092.482s step_avg:2483.12ms
step:3260/3350 train_time:8094.352s step_avg:2482.93ms
step:3261/3350 train_time:8097.507s step_avg:2483.14ms
step:3262/3350 train_time:8099.374s step_avg:2482.95ms
step:3263/3350 train_time:8102.507s step_avg:2483.15ms
step:3264/3350 train_time:8104.382s step_avg:2482.96ms
step:3265/3350 train_time:8107.518s step_avg:2483.16ms
step:3266/3350 train_time:8109.397s step_avg:2482.98ms
step:3267/3350 train_time:8112.543s step_avg:2483.18ms
step:3268/3350 train_time:8114.411s step_avg:2482.99ms
step:3269/3350 train_time:8117.550s step_avg:2483.19ms
step:3270/3350 train_time:8119.418s step_avg:2483.00ms
step:3271/3350 train_time:8122.555s step_avg:2483.20ms
step:3272/3350 train_time:8124.431s step_avg:2483.02ms
step:3273/3350 train_time:8127.580s step_avg:2483.22ms
step:3274/3350 train_time:8129.458s step_avg:2483.04ms
step:3275/3350 train_time:8132.898s step_avg:2483.33ms
step:3275/3350 val_loss:3.26666 train_time:8132.898s step_avg:2545.14ms
step:3276/3350 train_time:8134.764s step_avg:2483.14ms
step:3277/3350 train_time:8137.909s step_avg:2483.34ms
step:3278/3350 train_time:8139.775s step_avg:2483.15ms
step:3279/3350 train_time:8142.933s step_avg:2483.36ms
step:3280/3350 train_time:8144.804s step_avg:2483.17ms
step:3281/3350 train_time:8147.948s step_avg:2483.37ms
step:3282/3350 train_time:8149.828s step_avg:2483.19ms
step:3283/3350 train_time:8152.977s step_avg:2483.39ms
step:3284/3350 train_time:8154.845s step_avg:2483.21ms
step:3285/3350 train_time:8157.997s step_avg:2483.41ms
step:3286/3350 train_time:8159.878s step_avg:2483.23ms
step:3287/3350 train_time:8163.016s step_avg:2483.42ms
step:3288/3350 train_time:8164.902s step_avg:2483.24ms
step:3289/3350 train_time:8168.043s step_avg:2483.44ms
step:3290/3350 train_time:8169.921s step_avg:2483.26ms
step:3291/3350 train_time:8173.055s step_avg:2483.46ms
step:3292/3350 train_time:8174.934s step_avg:2483.27ms
step:3293/3350 train_time:8178.078s step_avg:2483.47ms
step:3294/3350 train_time:8179.943s step_avg:2483.29ms
step:3295/3350 train_time:8183.082s step_avg:2483.48ms
step:3296/3350 train_time:8184.947s step_avg:2483.30ms
step:3297/3350 train_time:8188.094s step_avg:2483.50ms
step:3298/3350 train_time:8189.980s step_avg:2483.32ms
step:3299/3350 train_time:8193.120s step_avg:2483.52ms
step:3300/3350 train_time:8195.306s step_avg:2483.43ms
step:3300/3350 val_loss:3.26498 train_time:8195.307s step_avg:2496.34ms
step:3301/3350 train_time:8198.450s step_avg:2483.63ms
step:3302/3350 train_time:8200.334s step_avg:2483.44ms
step:3303/3350 train_time:8203.484s step_avg:2483.65ms
step:3304/3350 train_time:8205.367s step_avg:2483.46ms
step:3305/3350 train_time:8208.519s step_avg:2483.67ms
step:3306/3350 train_time:8210.390s step_avg:2483.48ms
step:3307/3350 train_time:8213.538s step_avg:2483.68ms
step:3308/3350 train_time:8215.421s step_avg:2483.50ms
step:3309/3350 train_time:8218.555s step_avg:2483.70ms
step:3310/3350 train_time:8220.434s step_avg:2483.51ms
step:3311/3350 train_time:8223.586s step_avg:2483.72ms
step:3312/3350 train_time:8225.457s step_avg:2483.53ms
step:3313/3350 train_time:8228.606s step_avg:2483.73ms
step:3314/3350 train_time:8230.477s step_avg:2483.55ms
step:3315/3350 train_time:8233.615s step_avg:2483.75ms
step:3316/3350 train_time:8235.484s step_avg:2483.56ms
step:3317/3350 train_time:8238.623s step_avg:2483.76ms
step:3318/3350 train_time:8240.496s step_avg:2483.57ms
step:3319/3350 train_time:8243.644s step_avg:2483.77ms
step:3320/3350 train_time:8245.517s step_avg:2483.59ms
step:3321/3350 train_time:8248.667s step_avg:2483.79ms
step:3322/3350 train_time:8250.544s step_avg:2483.61ms
step:3323/3350 train_time:8253.687s step_avg:2483.81ms
step:3324/3350 train_time:8255.568s step_avg:2483.62ms
step:3325/3350 train_time:8259.009s step_avg:2483.91ms
step:3325/3350 val_loss:3.26369 train_time:8259.010s step_avg:2548.15ms
step:3326/3350 train_time:8260.879s step_avg:2483.73ms
step:3327/3350 train_time:8264.020s step_avg:2483.93ms
step:3328/3350 train_time:8265.890s step_avg:2483.74ms
step:3329/3350 train_time:8269.028s step_avg:2483.94ms
step:3330/3350 train_time:8270.904s step_avg:2483.76ms
step:3331/3350 train_time:8274.042s step_avg:2483.95ms
step:3332/3350 train_time:8275.911s step_avg:2483.77ms
step:3333/3350 train_time:8279.064s step_avg:2483.97ms
step:3334/3350 train_time:8280.948s step_avg:2483.79ms
step:3335/3350 train_time:8284.095s step_avg:2483.99ms
step:3336/3350 train_time:8285.983s step_avg:2483.81ms
step:3337/3350 train_time:8289.126s step_avg:2484.01ms
step:3338/3350 train_time:8291.012s step_avg:2483.83ms
step:3339/3350 train_time:8294.152s step_avg:2484.02ms
step:3340/3350 train_time:8296.025s step_avg:2483.84ms
step:3341/3350 train_time:8299.174s step_avg:2484.04ms
step:3342/3350 train_time:8301.052s step_avg:2483.86ms
step:3343/3350 train_time:8304.207s step_avg:2484.06ms
step:3344/3350 train_time:8306.079s step_avg:2483.88ms
step:3345/3350 train_time:8309.219s step_avg:2484.07ms
step:3346/3350 train_time:8311.104s step_avg:2483.89ms
step:3347/3350 train_time:8314.248s step_avg:2484.09ms
step:3348/3350 train_time:8316.133s step_avg:2483.91ms
step:3349/3350 train_time:8319.271s step_avg:2484.11ms
step:3350/3350 train_time:8321.516s step_avg:2484.03ms
step:3350/3350 val_loss:3.26296 train_time:8321.516s step_avg:2500.23ms
trial:0 best_val_loss:3.26296 best_val_step:3350 first_step_to_target:3150
wandb: updating run metadata
wandb: uploading output.log; uploading wandb-summary.json; uploading config.yaml
wandb: uploading history steps 143-143, summary, console lines 3395-3396
wandb: 
wandb: Run history:
wandb:                embed/dist_from_init ▁▂▃▃▄▄▅▅▅▆▆▆▇▇▇▇▇▇▇███████████████
wandb:       embed/dist_from_init_mean_abs ▁▂▃▃▄▄▅▅▅▆▆▆▆▇▇▇▇▇▇███████████████
wandb:            embed/init_anchor_lambda ▁▁▁▁▁▁▁▁▁▁▁▁▁▁▁▁▁▁▁▁▁▁▁▁▁▁▁▁▁▁▁▁▁▁
wandb:  newton_muon/R_condition_number_max ▁▁▃▃▄▄▅▅▆▆▆▇▇▇▇▇▇▇▇▇▇▇▇▇▇▇▇█████████████
wandb: newton_muon/R_condition_number_mean ▁▂▃▄▄▆▆▆▇▇▇▇▇███████████████████████████
wandb:  newton_muon/R_condition_number_min ▁▅▇██▇▇▇▇▇██▇▇▇▇▇▇▇▇▇▆▆▆▆▆▆▆▆▆▆▆▆▆▆▆▆▆▆▆
wandb:    newton_muon/R_inv_sqrt_norm_mean █▁▁▁▁▁▁▁▁▁▁▁▁▁▁▁▁▁▁▁▁▁▁▁▁▂▂▂▂▂▂▂▂▂▂▂▁▁▁▂
wandb:   newton_muon/params_preconditioned ▁███████████████████████████████████████
wandb:      newton_muon/precond_ratio_mean ▂▁▁▁▂▂▃▂▃▂▃▃▃▃▄▄▄▅▄▄▅▅▅▆▅▆▆▆▆▆▇▇▇▇▇█▇▆█▇
wandb:           newton_muon/r_warmstart_n ▁▁▁▁▁▁▁▁▁▁▁▁▁▁▁▁▁▁▁▁▁▁▁▁▁▁▁▁▁▁▁▁▁▁▁▁▁▁▁▁
wandb:                              +4,359 ...
wandb: 
wandb: Run summary:
wandb:                embed/dist_from_init 117248
wandb:       embed/dist_from_init_mean_abs 15.0625
wandb:            embed/init_anchor_lambda 0.001
wandb:  newton_muon/R_condition_number_max 492275.65625
wandb: newton_muon/R_condition_number_mean 25811.53791
wandb:  newton_muon/R_condition_number_min 1053.65503
wandb:    newton_muon/R_inv_sqrt_norm_mean 79.60379
wandb:   newton_muon/params_preconditioned 72
wandb:      newton_muon/precond_ratio_mean 1.07047
wandb:           newton_muon/r_warmstart_n 0
wandb:                              +4,359 ...
wandb: 
wandb: 🚀 View run g1r4-tanjiro/ns-shape-late_peak-s0 at: https://wandb.ai/wandb-applied-ai-team/modded-nanogpt-senpai/runs/fza0czb9
wandb: ⭐️ View project at: https://wandb.ai/wandb-applied-ai-team/modded-nanogpt-senpai
wandb: Synced 6 W&B file(s), 0 media file(s), 0 artifact file(s) and 0 other file(s)
wandb: Find logs at: ./wandb/run-20260531_132219-fza0czb9/logs
