===== START arm_B attn_mult=0.65 2026-06-01T10:55:00Z =====
logs/24f8f5ee-1e34-4305-a945-48b3fbab6b19.txt
GRAD_CLIP: max_norm=0.0 (DISABLED)
GRAD_CLIP_PER_GROUP: body=10.0 aux=5.0 (ACTIVE (per-group L2))
EMBED_COOLDOWN_SHAPE: linear_floor (applies to adam_embed only; lm_head/scalars use linear)
ADAMW_BETA2: 0.99 (effective memory ~99 steps)
ADAMW_LR_MULT: embed=1.5 lm_head=1.0 scalar=1.0
  Effective base LRs: embed=0.4500 lm_head=0.003125 scalar=0.0100
MUON_LR_MULT: attn=0.650 mlp=1.200
  Effective Muon base LRs: attn=0.02275 mlp=0.04200
EMBED_INIT_ANCHOR_LAMBDA: 0.001 (ACTIVE)
NEWTON_MUON: use_precond=True lr_scale=1.0 update_period=2 beta=0.95 eps=0.0001 max_d_in=4096 tikhonov_gamma=0.005 r_warmstart=True r_warmstart_k=100
NS_SCHEDULE: ns_iters=12 -> ns_iters_cooldown=16 at fraction 0.7 of train_steps (shape=late_peak)
NS_COEF_SCHEDULE: linear_ramp_down
  ns_iters=12: c=[0.7,0.662,0.624,0.585,0.547,0.509,0.471,0.433,0.395,0.356,0.318,0.28] avg_c=0.4900
  ns_iters=16: c=[0.7,0.672,0.644,0.616,0.588,0.56,0.532,0.504,0.476,0.448,0.42,0.392,0.364,0.336,0.308,0.28] avg_c=0.4900
NEWTON_MUON: hooks registered for 72 parameter modules (skipped 0 d_in>4096)
wandb: [wandb.login()] Loaded credentials for https://api.wandb.ai from WANDB_API_KEY.
wandb: W&B API key is configured. Use `wandb login --relogin` to force relogin
wandb: Tracking run with wandb version 0.26.1
wandb: Run data is saved locally in /workspace/senpai/target/wandb/run-20260601_105505-knap1mmo
wandb: Run `wandb offline` to turn off syncing.
wandb: Syncing run g1r4-fern/muon-attn-lr-mult-B-s0
wandb: ⭐️ View project at https://wandb.ai/wandb-applied-ai-team/modded-nanogpt-senpai
wandb: 🚀 View run at https://wandb.ai/wandb-applied-ai-team/modded-nanogpt-senpai/runs/knap1mmo
EMBED_INIT_ANCHOR: lambda=0.001 snapshot_norm=6208.0000 snapshot_mean_abs=0.7969 snapshot_shape=(50304, 768)
MUON_PARAM_COUNTS: attn=48 mlp=24 (expected 48 attn / 24 mlp for 12-layer block stack)
step:0/3350 val_loss:10.82583 train_time:0.000s step_avg:nanms
step:1/3350 train_time:5.091s step_avg:5090.91ms
step:2/3350 train_time:6.859s step_avg:3429.65ms
step:3/3350 train_time:8.697s step_avg:2899.07ms
step:4/3350 train_time:10.532s step_avg:2632.91ms
step:5/3350 train_time:12.367s step_avg:2473.48ms
step:6/3350 train_time:14.203s step_avg:2367.21ms
step:7/3350 train_time:16.036s step_avg:2290.88ms
step:8/3350 train_time:17.875s step_avg:2234.37ms
step:9/3350 train_time:19.712s step_avg:2190.26ms
step:10/3350 train_time:21.550s step_avg:2154.98ms
step:11/3350 train_time:23.383s step_avg:2125.71ms
step:12/3350 train_time:25.215s step_avg:2101.22ms
step:13/3350 train_time:27.052s step_avg:2080.90ms
step:14/3350 train_time:28.889s step_avg:2063.51ms
step:15/3350 train_time:30.722s step_avg:2048.10ms
step:16/3350 train_time:32.557s step_avg:2034.79ms
step:17/3350 train_time:34.390s step_avg:2022.96ms
step:18/3350 train_time:36.249s step_avg:2013.86ms
step:19/3350 train_time:38.082s step_avg:2004.33ms
step:20/3350 train_time:39.920s step_avg:1995.98ms
step:21/3350 train_time:41.757s step_avg:1988.41ms
step:22/3350 train_time:43.590s step_avg:1981.37ms
step:23/3350 train_time:45.424s step_avg:1974.96ms
step:24/3350 train_time:47.261s step_avg:1969.23ms
step:25/3350 train_time:49.380s step_avg:1975.20ms
step:26/3350 train_time:51.213s step_avg:1969.71ms
step:27/3350 train_time:53.048s step_avg:1964.76ms
step:28/3350 train_time:54.884s step_avg:1960.15ms
step:29/3350 train_time:56.718s step_avg:1955.80ms
step:30/3350 train_time:58.555s step_avg:1951.84ms
step:31/3350 train_time:60.392s step_avg:1948.13ms
step:32/3350 train_time:62.230s step_avg:1944.67ms
step:33/3350 train_time:64.066s step_avg:1941.40ms
step:34/3350 train_time:65.899s step_avg:1938.22ms
step:35/3350 train_time:67.735s step_avg:1935.29ms
step:36/3350 train_time:69.572s step_avg:1932.55ms
step:37/3350 train_time:71.407s step_avg:1929.92ms
step:38/3350 train_time:73.244s step_avg:1927.48ms
step:39/3350 train_time:75.080s step_avg:1925.14ms
step:40/3350 train_time:76.916s step_avg:1922.91ms
step:41/3350 train_time:78.754s step_avg:1920.82ms
step:42/3350 train_time:80.589s step_avg:1918.78ms
step:43/3350 train_time:82.422s step_avg:1916.79ms
step:44/3350 train_time:84.257s step_avg:1914.94ms
step:45/3350 train_time:86.090s step_avg:1913.11ms
step:46/3350 train_time:87.927s step_avg:1911.45ms
step:47/3350 train_time:89.762s step_avg:1909.84ms
step:48/3350 train_time:91.595s step_avg:1908.23ms
step:49/3350 train_time:93.428s step_avg:1906.69ms
step:50/3350 train_time:95.537s step_avg:1910.75ms
step:51/3350 train_time:97.368s step_avg:1909.17ms
step:52/3350 train_time:99.202s step_avg:1907.73ms
step:53/3350 train_time:101.036s step_avg:1906.34ms
step:54/3350 train_time:102.869s step_avg:1904.98ms
step:55/3350 train_time:104.701s step_avg:1903.65ms
step:56/3350 train_time:106.533s step_avg:1902.38ms
step:57/3350 train_time:108.366s step_avg:1901.16ms
step:58/3350 train_time:110.200s step_avg:1900.00ms
step:59/3350 train_time:112.032s step_avg:1898.85ms
step:60/3350 train_time:113.865s step_avg:1897.74ms
step:61/3350 train_time:115.700s step_avg:1896.72ms
step:62/3350 train_time:117.533s step_avg:1895.69ms
step:63/3350 train_time:119.364s step_avg:1894.66ms
step:64/3350 train_time:121.196s step_avg:1893.68ms
step:65/3350 train_time:123.027s step_avg:1892.72ms
step:66/3350 train_time:124.859s step_avg:1891.80ms
step:67/3350 train_time:126.691s step_avg:1890.92ms
step:68/3350 train_time:128.525s step_avg:1890.07ms
step:69/3350 train_time:130.356s step_avg:1889.22ms
step:70/3350 train_time:132.188s step_avg:1888.40ms
step:71/3350 train_time:134.020s step_avg:1887.61ms
step:72/3350 train_time:135.855s step_avg:1886.88ms
step:73/3350 train_time:137.688s step_avg:1886.13ms
step:74/3350 train_time:139.519s step_avg:1885.39ms
step:75/3350 train_time:141.628s step_avg:1888.37ms
step:76/3350 train_time:143.457s step_avg:1887.59ms
step:77/3350 train_time:145.289s step_avg:1886.87ms
step:78/3350 train_time:147.120s step_avg:1886.16ms
step:79/3350 train_time:148.954s step_avg:1885.49ms
step:80/3350 train_time:150.786s step_avg:1884.82ms
step:81/3350 train_time:152.619s step_avg:1884.18ms
step:82/3350 train_time:154.453s step_avg:1883.57ms
step:83/3350 train_time:156.285s step_avg:1882.95ms
step:84/3350 train_time:158.116s step_avg:1882.33ms
step:85/3350 train_time:159.947s step_avg:1881.73ms
step:86/3350 train_time:161.780s step_avg:1881.16ms
step:87/3350 train_time:163.611s step_avg:1880.59ms
step:88/3350 train_time:165.442s step_avg:1880.02ms
step:89/3350 train_time:167.276s step_avg:1879.50ms
step:90/3350 train_time:169.109s step_avg:1878.99ms
step:91/3350 train_time:170.940s step_avg:1878.46ms
step:92/3350 train_time:172.774s step_avg:1877.98ms
step:93/3350 train_time:174.610s step_avg:1877.52ms
step:94/3350 train_time:176.441s step_avg:1877.03ms
step:95/3350 train_time:178.278s step_avg:1876.61ms
step:96/3350 train_time:180.112s step_avg:1876.17ms
step:97/3350 train_time:181.947s step_avg:1875.74ms
step:98/3350 train_time:183.783s step_avg:1875.33ms
step:99/3350 train_time:185.614s step_avg:1874.89ms
step:100/3350 train_time:188.734s step_avg:1887.34ms
step:101/3350 train_time:191.802s step_avg:1899.03ms
step:102/3350 train_time:193.636s step_avg:1898.40ms
step:103/3350 train_time:196.717s step_avg:1909.87ms
step:104/3350 train_time:198.548s step_avg:1909.11ms
step:105/3350 train_time:201.633s step_avg:1920.32ms
step:106/3350 train_time:203.463s step_avg:1919.47ms
step:107/3350 train_time:206.553s step_avg:1930.40ms
step:108/3350 train_time:208.382s step_avg:1929.47ms
step:109/3350 train_time:211.477s step_avg:1940.16ms
step:110/3350 train_time:213.305s step_avg:1939.13ms
step:111/3350 train_time:216.399s step_avg:1949.54ms
step:112/3350 train_time:218.231s step_avg:1948.49ms
step:113/3350 train_time:221.329s step_avg:1958.66ms
step:114/3350 train_time:223.157s step_avg:1957.52ms
step:115/3350 train_time:226.257s step_avg:1967.45ms
step:116/3350 train_time:228.086s step_avg:1966.26ms
step:117/3350 train_time:231.190s step_avg:1975.98ms
step:118/3350 train_time:233.019s step_avg:1974.74ms
step:119/3350 train_time:236.119s step_avg:1984.20ms
step:120/3350 train_time:237.949s step_avg:1982.91ms
step:121/3350 train_time:241.050s step_avg:1992.15ms
step:122/3350 train_time:242.878s step_avg:1990.81ms
step:123/3350 train_time:245.985s step_avg:1999.88ms
step:124/3350 train_time:247.816s step_avg:1998.52ms
step:125/3350 train_time:251.274s step_avg:2010.19ms
step:125/3350 val_loss:4.61242 train_time:251.274s step_avg:2010.19ms
step:126/3350 train_time:253.103s step_avg:2008.76ms
step:127/3350 train_time:256.211s step_avg:2017.41ms
step:128/3350 train_time:258.040s step_avg:2015.94ms
step:129/3350 train_time:261.147s step_avg:2024.40ms
step:130/3350 train_time:262.977s step_avg:2022.90ms
step:131/3350 train_time:266.087s step_avg:2031.20ms
step:132/3350 train_time:267.916s step_avg:2029.66ms
step:133/3350 train_time:271.025s step_avg:2037.78ms
step:134/3350 train_time:272.855s step_avg:2036.23ms
step:135/3350 train_time:275.967s step_avg:2044.20ms
step:136/3350 train_time:277.798s step_avg:2042.63ms
step:137/3350 train_time:280.904s step_avg:2050.39ms
step:138/3350 train_time:282.736s step_avg:2048.81ms
step:139/3350 train_time:285.849s step_avg:2056.46ms
step:140/3350 train_time:287.681s step_avg:2054.86ms
step:141/3350 train_time:290.792s step_avg:2062.36ms
step:142/3350 train_time:292.620s step_avg:2060.70ms
step:143/3350 train_time:295.730s step_avg:2068.04ms
step:144/3350 train_time:297.561s step_avg:2066.39ms
step:145/3350 train_time:300.673s step_avg:2073.61ms
step:146/3350 train_time:302.505s step_avg:2071.95ms
step:147/3350 train_time:305.619s step_avg:2079.04ms
step:148/3350 train_time:307.448s step_avg:2077.35ms
step:149/3350 train_time:310.562s step_avg:2084.31ms
step:150/3350 train_time:312.685s step_avg:2084.57ms
step:151/3350 train_time:315.796s step_avg:2091.36ms
step:152/3350 train_time:317.625s step_avg:2089.64ms
step:153/3350 train_time:320.737s step_avg:2096.32ms
step:154/3350 train_time:322.566s step_avg:2094.59ms
step:155/3350 train_time:325.680s step_avg:2101.16ms
step:156/3350 train_time:327.513s step_avg:2099.44ms
step:157/3350 train_time:330.624s step_avg:2105.89ms
step:158/3350 train_time:332.453s step_avg:2104.13ms
step:159/3350 train_time:335.568s step_avg:2110.49ms
step:160/3350 train_time:337.397s step_avg:2108.73ms
step:161/3350 train_time:340.511s step_avg:2114.98ms
step:162/3350 train_time:342.344s step_avg:2113.23ms
step:163/3350 train_time:345.461s step_avg:2119.39ms
step:164/3350 train_time:347.290s step_avg:2117.62ms
step:165/3350 train_time:350.400s step_avg:2123.64ms
step:166/3350 train_time:352.232s step_avg:2121.88ms
step:167/3350 train_time:355.347s step_avg:2127.83ms
step:168/3350 train_time:357.178s step_avg:2126.06ms
step:169/3350 train_time:360.291s step_avg:2131.90ms
step:170/3350 train_time:362.120s step_avg:2130.12ms
step:171/3350 train_time:365.241s step_avg:2135.91ms
step:172/3350 train_time:367.071s step_avg:2134.14ms
step:173/3350 train_time:370.185s step_avg:2139.80ms
step:174/3350 train_time:372.013s step_avg:2138.01ms
step:175/3350 train_time:375.417s step_avg:2145.24ms
step:176/3350 train_time:377.249s step_avg:2143.46ms
step:177/3350 train_time:380.360s step_avg:2148.93ms
step:178/3350 train_time:382.192s step_avg:2147.15ms
step:179/3350 train_time:385.310s step_avg:2152.57ms
step:180/3350 train_time:387.140s step_avg:2150.78ms
step:181/3350 train_time:390.255s step_avg:2156.11ms
step:182/3350 train_time:392.083s step_avg:2154.30ms
step:183/3350 train_time:395.199s step_avg:2159.56ms
step:184/3350 train_time:397.032s step_avg:2157.78ms
step:185/3350 train_time:400.147s step_avg:2162.95ms
step:186/3350 train_time:401.978s step_avg:2161.17ms
step:187/3350 train_time:405.090s step_avg:2166.26ms
step:188/3350 train_time:406.922s step_avg:2164.48ms
step:189/3350 train_time:410.035s step_avg:2169.50ms
step:190/3350 train_time:411.866s step_avg:2167.72ms
step:191/3350 train_time:415.093s step_avg:2173.26ms
step:192/3350 train_time:416.923s step_avg:2171.47ms
step:193/3350 train_time:420.037s step_avg:2176.36ms
step:194/3350 train_time:421.869s step_avg:2174.58ms
step:195/3350 train_time:424.985s step_avg:2179.41ms
step:196/3350 train_time:426.816s step_avg:2177.64ms
step:197/3350 train_time:429.933s step_avg:2182.40ms
step:198/3350 train_time:431.766s step_avg:2180.64ms
step:199/3350 train_time:434.879s step_avg:2185.32ms
step:200/3350 train_time:437.015s step_avg:2185.08ms
step:201/3350 train_time:440.123s step_avg:2189.67ms
step:202/3350 train_time:441.956s step_avg:2187.90ms
step:203/3350 train_time:445.072s step_avg:2192.47ms
step:204/3350 train_time:446.905s step_avg:2190.71ms
step:205/3350 train_time:450.019s step_avg:2195.22ms
step:206/3350 train_time:451.850s step_avg:2193.44ms
step:207/3350 train_time:454.964s step_avg:2197.89ms
step:208/3350 train_time:456.797s step_avg:2196.14ms
step:209/3350 train_time:459.909s step_avg:2200.52ms
step:210/3350 train_time:461.741s step_avg:2198.77ms
step:211/3350 train_time:464.858s step_avg:2203.12ms
step:212/3350 train_time:466.690s step_avg:2201.37ms
step:213/3350 train_time:469.803s step_avg:2205.65ms
step:214/3350 train_time:471.633s step_avg:2203.89ms
step:215/3350 train_time:474.748s step_avg:2208.13ms
step:216/3350 train_time:476.577s step_avg:2206.38ms
step:217/3350 train_time:479.688s step_avg:2210.54ms
step:218/3350 train_time:481.521s step_avg:2208.81ms
step:219/3350 train_time:484.637s step_avg:2212.95ms
step:220/3350 train_time:486.470s step_avg:2211.23ms
step:221/3350 train_time:489.582s step_avg:2215.30ms
step:222/3350 train_time:491.418s step_avg:2213.59ms
step:223/3350 train_time:494.531s step_avg:2217.63ms
step:224/3350 train_time:496.366s step_avg:2215.92ms
step:225/3350 train_time:499.775s step_avg:2221.22ms
step:226/3350 train_time:501.607s step_avg:2219.50ms
step:227/3350 train_time:504.722s step_avg:2223.44ms
step:228/3350 train_time:506.555s step_avg:2221.73ms
step:229/3350 train_time:509.668s step_avg:2225.63ms
step:230/3350 train_time:511.499s step_avg:2223.91ms
step:231/3350 train_time:514.612s step_avg:2227.76ms
step:232/3350 train_time:516.449s step_avg:2226.07ms
step:233/3350 train_time:519.560s step_avg:2229.87ms
step:234/3350 train_time:521.392s step_avg:2228.17ms
step:235/3350 train_time:524.506s step_avg:2231.94ms
step:236/3350 train_time:526.340s step_avg:2230.25ms
step:237/3350 train_time:529.454s step_avg:2233.98ms
step:238/3350 train_time:531.286s step_avg:2232.29ms
step:239/3350 train_time:534.402s step_avg:2235.99ms
step:240/3350 train_time:536.241s step_avg:2234.34ms
step:241/3350 train_time:539.356s step_avg:2237.99ms
step:242/3350 train_time:541.188s step_avg:2236.31ms
step:243/3350 train_time:544.304s step_avg:2239.93ms
step:244/3350 train_time:546.137s step_avg:2238.27ms
step:245/3350 train_time:549.250s step_avg:2241.84ms
step:246/3350 train_time:551.085s step_avg:2240.18ms
step:247/3350 train_time:554.199s step_avg:2243.72ms
step:248/3350 train_time:556.031s step_avg:2242.06ms
step:249/3350 train_time:559.148s step_avg:2245.57ms
step:250/3350 train_time:561.342s step_avg:2245.37ms
step:250/3350 val_loss:4.06131 train_time:561.343s step_avg:2480.55ms
step:251/3350 train_time:564.452s step_avg:2248.81ms
step:252/3350 train_time:566.286s step_avg:2247.17ms
step:253/3350 train_time:569.400s step_avg:2250.59ms
step:254/3350 train_time:571.234s step_avg:2248.95ms
step:255/3350 train_time:574.350s step_avg:2252.35ms
step:256/3350 train_time:576.184s step_avg:2250.72ms
step:257/3350 train_time:579.298s step_avg:2254.08ms
step:258/3350 train_time:581.133s step_avg:2252.46ms
step:259/3350 train_time:584.247s step_avg:2255.78ms
step:260/3350 train_time:586.082s step_avg:2254.16ms
step:261/3350 train_time:589.194s step_avg:2257.45ms
step:262/3350 train_time:591.026s step_avg:2255.82ms
step:263/3350 train_time:594.140s step_avg:2259.09ms
step:264/3350 train_time:595.974s step_avg:2257.48ms
step:265/3350 train_time:599.087s step_avg:2260.70ms
step:266/3350 train_time:600.922s step_avg:2259.10ms
step:267/3350 train_time:604.035s step_avg:2262.30ms
step:268/3350 train_time:605.868s step_avg:2260.70ms
step:269/3350 train_time:608.982s step_avg:2263.87ms
step:270/3350 train_time:610.814s step_avg:2262.27ms
step:271/3350 train_time:613.932s step_avg:2265.43ms
step:272/3350 train_time:615.764s step_avg:2263.84ms
step:273/3350 train_time:618.880s step_avg:2266.96ms
step:274/3350 train_time:620.715s step_avg:2265.38ms
step:275/3350 train_time:624.125s step_avg:2269.55ms
step:276/3350 train_time:625.961s step_avg:2267.97ms
step:277/3350 train_time:629.074s step_avg:2271.03ms
step:278/3350 train_time:630.906s step_avg:2269.45ms
step:279/3350 train_time:634.020s step_avg:2272.47ms
step:280/3350 train_time:635.852s step_avg:2270.90ms
step:281/3350 train_time:638.966s step_avg:2273.90ms
step:282/3350 train_time:640.798s step_avg:2272.33ms
step:283/3350 train_time:643.913s step_avg:2275.31ms
step:284/3350 train_time:645.746s step_avg:2273.75ms
step:285/3350 train_time:648.858s step_avg:2276.69ms
step:286/3350 train_time:650.689s step_avg:2275.13ms
step:287/3350 train_time:653.800s step_avg:2278.05ms
step:288/3350 train_time:655.636s step_avg:2276.51ms
step:289/3350 train_time:658.747s step_avg:2279.40ms
step:290/3350 train_time:660.577s step_avg:2277.85ms
step:291/3350 train_time:663.692s step_avg:2280.73ms
step:292/3350 train_time:665.526s step_avg:2279.20ms
step:293/3350 train_time:668.634s step_avg:2282.03ms
step:294/3350 train_time:670.464s step_avg:2280.49ms
step:295/3350 train_time:673.577s step_avg:2283.31ms
step:296/3350 train_time:675.407s step_avg:2281.78ms
step:297/3350 train_time:678.517s step_avg:2284.57ms
step:298/3350 train_time:680.349s step_avg:2283.05ms
step:299/3350 train_time:683.462s step_avg:2285.82ms
step:300/3350 train_time:685.603s step_avg:2285.34ms
step:301/3350 train_time:688.714s step_avg:2288.09ms
step:302/3350 train_time:690.550s step_avg:2286.59ms
step:303/3350 train_time:693.660s step_avg:2289.31ms
step:304/3350 train_time:695.493s step_avg:2287.81ms
step:305/3350 train_time:698.607s step_avg:2290.51ms
step:306/3350 train_time:700.440s step_avg:2289.02ms
step:307/3350 train_time:703.554s step_avg:2291.71ms
step:308/3350 train_time:705.388s step_avg:2290.22ms
step:309/3350 train_time:708.501s step_avg:2292.88ms
step:310/3350 train_time:710.333s step_avg:2291.40ms
step:311/3350 train_time:713.448s step_avg:2294.05ms
step:312/3350 train_time:715.284s step_avg:2292.58ms
step:313/3350 train_time:718.397s step_avg:2295.20ms
step:314/3350 train_time:720.234s step_avg:2293.74ms
step:315/3350 train_time:723.349s step_avg:2296.35ms
step:316/3350 train_time:725.183s step_avg:2294.88ms
step:317/3350 train_time:728.299s step_avg:2297.47ms
step:318/3350 train_time:730.130s step_avg:2296.01ms
step:319/3350 train_time:733.248s step_avg:2298.58ms
step:320/3350 train_time:735.083s step_avg:2297.13ms
step:321/3350 train_time:738.198s step_avg:2299.68ms
step:322/3350 train_time:740.029s step_avg:2298.23ms
step:323/3350 train_time:743.139s step_avg:2300.74ms
step:324/3350 train_time:744.972s step_avg:2299.30ms
step:325/3350 train_time:748.378s step_avg:2302.70ms
step:326/3350 train_time:750.214s step_avg:2301.27ms
step:327/3350 train_time:753.325s step_avg:2303.75ms
step:328/3350 train_time:755.156s step_avg:2302.31ms
step:329/3350 train_time:758.272s step_avg:2304.78ms
step:330/3350 train_time:760.105s step_avg:2303.35ms
step:331/3350 train_time:763.215s step_avg:2305.78ms
step:332/3350 train_time:765.051s step_avg:2304.37ms
step:333/3350 train_time:768.164s step_avg:2306.80ms
step:334/3350 train_time:769.998s step_avg:2305.38ms
step:335/3350 train_time:773.110s step_avg:2307.79ms
step:336/3350 train_time:774.945s step_avg:2306.38ms
step:337/3350 train_time:778.058s step_avg:2308.78ms
step:338/3350 train_time:779.892s step_avg:2307.37ms
step:339/3350 train_time:783.003s step_avg:2309.74ms
step:340/3350 train_time:784.837s step_avg:2308.34ms
step:341/3350 train_time:787.945s step_avg:2310.69ms
step:342/3350 train_time:789.778s step_avg:2309.29ms
step:343/3350 train_time:792.891s step_avg:2311.64ms
step:344/3350 train_time:794.724s step_avg:2310.24ms
step:345/3350 train_time:797.836s step_avg:2312.57ms
step:346/3350 train_time:799.670s step_avg:2311.18ms
step:347/3350 train_time:802.783s step_avg:2313.49ms
step:348/3350 train_time:804.617s step_avg:2312.12ms
step:349/3350 train_time:807.726s step_avg:2314.40ms
step:350/3350 train_time:809.856s step_avg:2313.87ms
step:351/3350 train_time:812.958s step_avg:2316.12ms
step:352/3350 train_time:814.791s step_avg:2314.75ms
step:353/3350 train_time:817.904s step_avg:2317.01ms
step:354/3350 train_time:819.738s step_avg:2315.65ms
step:355/3350 train_time:822.847s step_avg:2317.88ms
step:356/3350 train_time:824.681s step_avg:2316.52ms
step:357/3350 train_time:827.792s step_avg:2318.75ms
step:358/3350 train_time:829.623s step_avg:2317.38ms
step:359/3350 train_time:832.735s step_avg:2319.60ms
step:360/3350 train_time:834.566s step_avg:2318.24ms
step:361/3350 train_time:837.672s step_avg:2320.42ms
step:362/3350 train_time:839.504s step_avg:2319.07ms
step:363/3350 train_time:842.621s step_avg:2321.27ms
step:364/3350 train_time:844.452s step_avg:2319.92ms
step:365/3350 train_time:847.566s step_avg:2322.10ms
step:366/3350 train_time:849.398s step_avg:2320.76ms
step:367/3350 train_time:852.510s step_avg:2322.91ms
step:368/3350 train_time:854.344s step_avg:2321.59ms
step:369/3350 train_time:857.453s step_avg:2323.72ms
step:370/3350 train_time:859.284s step_avg:2322.39ms
step:371/3350 train_time:862.396s step_avg:2324.52ms
step:372/3350 train_time:864.230s step_avg:2323.20ms
step:373/3350 train_time:867.337s step_avg:2325.30ms
step:374/3350 train_time:869.173s step_avg:2323.99ms
step:375/3350 train_time:872.662s step_avg:2327.10ms
step:375/3350 val_loss:3.89053 train_time:872.662s step_avg:2490.56ms
step:376/3350 train_time:874.497s step_avg:2325.79ms
step:377/3350 train_time:877.607s step_avg:2327.87ms
step:378/3350 train_time:879.442s step_avg:2326.57ms
step:379/3350 train_time:882.553s step_avg:2328.63ms
step:380/3350 train_time:884.386s step_avg:2327.33ms
step:381/3350 train_time:887.533s step_avg:2329.48ms
step:382/3350 train_time:889.369s step_avg:2328.19ms
step:383/3350 train_time:892.481s step_avg:2330.24ms
step:384/3350 train_time:894.318s step_avg:2328.95ms
step:385/3350 train_time:897.432s step_avg:2330.99ms
step:386/3350 train_time:899.265s step_avg:2329.70ms
step:387/3350 train_time:902.381s step_avg:2331.73ms
step:388/3350 train_time:904.211s step_avg:2330.44ms
step:389/3350 train_time:907.325s step_avg:2332.45ms
step:390/3350 train_time:909.158s step_avg:2331.17ms
step:391/3350 train_time:912.269s step_avg:2333.17ms
step:392/3350 train_time:914.102s step_avg:2331.89ms
step:393/3350 train_time:917.214s step_avg:2333.88ms
step:394/3350 train_time:919.048s step_avg:2332.61ms
step:395/3350 train_time:922.159s step_avg:2334.58ms
step:396/3350 train_time:923.992s step_avg:2333.31ms
step:397/3350 train_time:927.105s step_avg:2335.28ms
step:398/3350 train_time:928.938s step_avg:2334.01ms
step:399/3350 train_time:932.056s step_avg:2335.98ms
step:400/3350 train_time:934.195s step_avg:2335.49ms
step:401/3350 train_time:937.305s step_avg:2337.42ms
step:402/3350 train_time:939.138s step_avg:2336.17ms
step:403/3350 train_time:942.251s step_avg:2338.09ms
step:404/3350 train_time:944.087s step_avg:2336.85ms
step:405/3350 train_time:947.201s step_avg:2338.77ms
step:406/3350 train_time:949.037s step_avg:2337.53ms
step:407/3350 train_time:952.150s step_avg:2339.43ms
step:408/3350 train_time:953.982s step_avg:2338.19ms
step:409/3350 train_time:957.090s step_avg:2340.07ms
step:410/3350 train_time:958.922s step_avg:2338.84ms
step:411/3350 train_time:962.036s step_avg:2340.72ms
step:412/3350 train_time:963.873s step_avg:2339.50ms
step:413/3350 train_time:966.985s step_avg:2341.37ms
step:414/3350 train_time:968.816s step_avg:2340.13ms
step:415/3350 train_time:971.927s step_avg:2341.99ms
step:416/3350 train_time:973.757s step_avg:2340.76ms
step:417/3350 train_time:976.866s step_avg:2342.60ms
step:418/3350 train_time:978.696s step_avg:2341.38ms
step:419/3350 train_time:981.809s step_avg:2343.22ms
step:420/3350 train_time:983.639s step_avg:2342.00ms
step:421/3350 train_time:986.753s step_avg:2343.83ms
step:422/3350 train_time:988.585s step_avg:2342.62ms
step:423/3350 train_time:991.696s step_avg:2344.43ms
step:424/3350 train_time:993.530s step_avg:2343.23ms
step:425/3350 train_time:996.926s step_avg:2345.71ms
step:426/3350 train_time:998.758s step_avg:2344.50ms
step:427/3350 train_time:1001.872s step_avg:2346.30ms
step:428/3350 train_time:1003.706s step_avg:2345.11ms
step:429/3350 train_time:1006.820s step_avg:2346.90ms
step:430/3350 train_time:1008.651s step_avg:2345.70ms
step:431/3350 train_time:1011.764s step_avg:2347.48ms
step:432/3350 train_time:1013.597s step_avg:2346.29ms
step:433/3350 train_time:1016.711s step_avg:2348.06ms
step:434/3350 train_time:1018.539s step_avg:2346.86ms
step:435/3350 train_time:1021.655s step_avg:2348.63ms
step:436/3350 train_time:1023.485s step_avg:2347.44ms
step:437/3350 train_time:1026.597s step_avg:2349.19ms
step:438/3350 train_time:1028.429s step_avg:2348.01ms
step:439/3350 train_time:1031.539s step_avg:2349.75ms
step:440/3350 train_time:1033.373s step_avg:2348.57ms
step:441/3350 train_time:1036.483s step_avg:2350.30ms
step:442/3350 train_time:1038.315s step_avg:2349.13ms
step:443/3350 train_time:1041.423s step_avg:2350.84ms
step:444/3350 train_time:1043.255s step_avg:2349.67ms
step:445/3350 train_time:1046.369s step_avg:2351.39ms
step:446/3350 train_time:1048.198s step_avg:2350.22ms
step:447/3350 train_time:1051.315s step_avg:2351.93ms
step:448/3350 train_time:1053.150s step_avg:2350.78ms
step:449/3350 train_time:1056.260s step_avg:2352.47ms
step:450/3350 train_time:1058.387s step_avg:2351.97ms
step:451/3350 train_time:1061.492s step_avg:2353.64ms
step:452/3350 train_time:1063.322s step_avg:2352.48ms
step:453/3350 train_time:1066.432s step_avg:2354.15ms
step:454/3350 train_time:1068.265s step_avg:2353.01ms
step:455/3350 train_time:1071.376s step_avg:2354.67ms
step:456/3350 train_time:1073.208s step_avg:2353.53ms
step:457/3350 train_time:1076.319s step_avg:2355.18ms
step:458/3350 train_time:1078.149s step_avg:2354.04ms
step:459/3350 train_time:1081.259s step_avg:2355.68ms
step:460/3350 train_time:1083.094s step_avg:2354.55ms
step:461/3350 train_time:1086.207s step_avg:2356.20ms
step:462/3350 train_time:1088.041s step_avg:2355.07ms
step:463/3350 train_time:1091.154s step_avg:2356.70ms
step:464/3350 train_time:1092.984s step_avg:2355.57ms
step:465/3350 train_time:1096.094s step_avg:2357.19ms
step:466/3350 train_time:1097.926s step_avg:2356.06ms
step:467/3350 train_time:1101.039s step_avg:2357.69ms
step:468/3350 train_time:1102.869s step_avg:2356.56ms
step:469/3350 train_time:1105.977s step_avg:2358.16ms
step:470/3350 train_time:1107.808s step_avg:2357.04ms
step:471/3350 train_time:1110.922s step_avg:2358.65ms
step:472/3350 train_time:1112.755s step_avg:2357.53ms
step:473/3350 train_time:1115.868s step_avg:2359.13ms
step:474/3350 train_time:1117.701s step_avg:2358.02ms
step:475/3350 train_time:1121.101s step_avg:2360.21ms
step:476/3350 train_time:1122.933s step_avg:2359.10ms
step:477/3350 train_time:1126.045s step_avg:2360.68ms
step:478/3350 train_time:1127.876s step_avg:2359.57ms
step:479/3350 train_time:1130.994s step_avg:2361.16ms
step:480/3350 train_time:1132.827s step_avg:2360.06ms
step:481/3350 train_time:1135.939s step_avg:2361.62ms
step:482/3350 train_time:1137.772s step_avg:2360.52ms
step:483/3350 train_time:1140.882s step_avg:2362.07ms
step:484/3350 train_time:1142.714s step_avg:2360.98ms
step:485/3350 train_time:1145.833s step_avg:2362.54ms
step:486/3350 train_time:1147.665s step_avg:2361.45ms
step:487/3350 train_time:1150.778s step_avg:2362.99ms
step:488/3350 train_time:1152.610s step_avg:2361.91ms
step:489/3350 train_time:1155.721s step_avg:2363.44ms
step:490/3350 train_time:1157.555s step_avg:2362.36ms
step:491/3350 train_time:1160.672s step_avg:2363.89ms
step:492/3350 train_time:1162.505s step_avg:2362.82ms
step:493/3350 train_time:1165.618s step_avg:2364.34ms
step:494/3350 train_time:1167.448s step_avg:2363.26ms
step:495/3350 train_time:1170.560s step_avg:2364.77ms
step:496/3350 train_time:1172.395s step_avg:2363.70ms
step:497/3350 train_time:1175.508s step_avg:2365.21ms
step:498/3350 train_time:1177.346s step_avg:2364.15ms
step:499/3350 train_time:1180.456s step_avg:2365.64ms
step:500/3350 train_time:1182.659s step_avg:2365.32ms
step:500/3350 val_loss:3.79409 train_time:1182.659s step_avg:2479.97ms
step:501/3350 train_time:1185.766s step_avg:2366.80ms
step:502/3350 train_time:1187.599s step_avg:2365.74ms
step:503/3350 train_time:1190.710s step_avg:2367.22ms
step:504/3350 train_time:1192.542s step_avg:2366.15ms
step:505/3350 train_time:1195.655s step_avg:2367.63ms
step:506/3350 train_time:1197.485s step_avg:2366.57ms
step:507/3350 train_time:1200.599s step_avg:2368.05ms
step:508/3350 train_time:1202.429s step_avg:2366.99ms
step:509/3350 train_time:1205.539s step_avg:2368.45ms
step:510/3350 train_time:1207.375s step_avg:2367.40ms
step:511/3350 train_time:1210.491s step_avg:2368.87ms
step:512/3350 train_time:1212.324s step_avg:2367.82ms
step:513/3350 train_time:1215.440s step_avg:2369.28ms
step:514/3350 train_time:1217.271s step_avg:2368.23ms
step:515/3350 train_time:1220.388s step_avg:2369.69ms
step:516/3350 train_time:1222.221s step_avg:2368.64ms
step:517/3350 train_time:1225.332s step_avg:2370.08ms
step:518/3350 train_time:1227.162s step_avg:2369.04ms
step:519/3350 train_time:1230.276s step_avg:2370.47ms
step:520/3350 train_time:1232.106s step_avg:2369.43ms
step:521/3350 train_time:1235.218s step_avg:2370.86ms
step:522/3350 train_time:1237.052s step_avg:2369.83ms
step:523/3350 train_time:1240.167s step_avg:2371.26ms
step:524/3350 train_time:1242.000s step_avg:2370.23ms
step:525/3350 train_time:1245.400s step_avg:2372.19ms
step:526/3350 train_time:1247.233s step_avg:2371.17ms
step:527/3350 train_time:1250.347s step_avg:2372.58ms
step:528/3350 train_time:1252.179s step_avg:2371.55ms
step:529/3350 train_time:1255.294s step_avg:2372.96ms
step:530/3350 train_time:1257.124s step_avg:2371.93ms
step:531/3350 train_time:1260.238s step_avg:2373.33ms
step:532/3350 train_time:1262.070s step_avg:2372.31ms
step:533/3350 train_time:1265.180s step_avg:2373.70ms
step:534/3350 train_time:1267.014s step_avg:2372.69ms
step:535/3350 train_time:1270.125s step_avg:2374.07ms
step:536/3350 train_time:1271.959s step_avg:2373.06ms
step:537/3350 train_time:1275.074s step_avg:2374.44ms
step:538/3350 train_time:1276.905s step_avg:2373.43ms
step:539/3350 train_time:1280.018s step_avg:2374.80ms
step:540/3350 train_time:1281.847s step_avg:2373.79ms
step:541/3350 train_time:1284.961s step_avg:2375.16ms
step:542/3350 train_time:1286.789s step_avg:2374.15ms
step:543/3350 train_time:1289.902s step_avg:2375.51ms
step:544/3350 train_time:1291.737s step_avg:2374.52ms
step:545/3350 train_time:1294.851s step_avg:2375.87ms
step:546/3350 train_time:1296.682s step_avg:2374.87ms
step:547/3350 train_time:1299.800s step_avg:2376.23ms
step:548/3350 train_time:1301.635s step_avg:2375.25ms
step:549/3350 train_time:1304.747s step_avg:2376.59ms
step:550/3350 train_time:1306.872s step_avg:2376.13ms
step:551/3350 train_time:1309.982s step_avg:2377.46ms
step:552/3350 train_time:1311.818s step_avg:2376.48ms
step:553/3350 train_time:1314.932s step_avg:2377.82ms
step:554/3350 train_time:1316.764s step_avg:2376.83ms
step:555/3350 train_time:1319.884s step_avg:2378.17ms
step:556/3350 train_time:1321.716s step_avg:2377.19ms
step:557/3350 train_time:1324.839s step_avg:2378.53ms
step:558/3350 train_time:1326.670s step_avg:2377.54ms
step:559/3350 train_time:1329.792s step_avg:2378.88ms
step:560/3350 train_time:1331.623s step_avg:2377.90ms
step:561/3350 train_time:1334.734s step_avg:2379.21ms
step:562/3350 train_time:1336.567s step_avg:2378.23ms
step:563/3350 train_time:1339.679s step_avg:2379.54ms
step:564/3350 train_time:1341.513s step_avg:2378.57ms
step:565/3350 train_time:1344.629s step_avg:2379.87ms
step:566/3350 train_time:1346.462s step_avg:2378.91ms
step:567/3350 train_time:1349.577s step_avg:2380.21ms
step:568/3350 train_time:1351.410s step_avg:2379.24ms
step:569/3350 train_time:1354.519s step_avg:2380.53ms
step:570/3350 train_time:1356.351s step_avg:2379.56ms
step:571/3350 train_time:1359.503s step_avg:2380.92ms
step:572/3350 train_time:1361.333s step_avg:2379.95ms
step:573/3350 train_time:1364.447s step_avg:2381.23ms
step:574/3350 train_time:1366.280s step_avg:2380.28ms
step:575/3350 train_time:1369.678s step_avg:2382.05ms
step:576/3350 train_time:1371.512s step_avg:2381.10ms
step:577/3350 train_time:1374.627s step_avg:2382.37ms
step:578/3350 train_time:1376.459s step_avg:2381.42ms
step:579/3350 train_time:1379.571s step_avg:2382.68ms
step:580/3350 train_time:1381.404s step_avg:2381.73ms
step:581/3350 train_time:1384.514s step_avg:2382.98ms
step:582/3350 train_time:1386.347s step_avg:2382.04ms
step:583/3350 train_time:1389.457s step_avg:2383.29ms
step:584/3350 train_time:1391.287s step_avg:2382.34ms
step:585/3350 train_time:1394.401s step_avg:2383.59ms
step:586/3350 train_time:1396.232s step_avg:2382.65ms
step:587/3350 train_time:1399.349s step_avg:2383.90ms
step:588/3350 train_time:1401.181s step_avg:2382.96ms
step:589/3350 train_time:1404.295s step_avg:2384.20ms
step:590/3350 train_time:1406.126s step_avg:2383.26ms
step:591/3350 train_time:1409.239s step_avg:2384.50ms
step:592/3350 train_time:1411.070s step_avg:2383.56ms
step:593/3350 train_time:1414.182s step_avg:2384.79ms
step:594/3350 train_time:1416.013s step_avg:2383.86ms
step:595/3350 train_time:1419.128s step_avg:2385.09ms
step:596/3350 train_time:1420.960s step_avg:2384.16ms
step:597/3350 train_time:1424.071s step_avg:2385.38ms
step:598/3350 train_time:1425.902s step_avg:2384.45ms
step:599/3350 train_time:1429.014s step_avg:2385.67ms
step:600/3350 train_time:1431.150s step_avg:2385.25ms
step:601/3350 train_time:1434.254s step_avg:2386.45ms
step:602/3350 train_time:1436.085s step_avg:2385.52ms
step:603/3350 train_time:1439.200s step_avg:2386.73ms
step:604/3350 train_time:1441.034s step_avg:2385.82ms
step:605/3350 train_time:1444.145s step_avg:2387.02ms
step:606/3350 train_time:1445.978s step_avg:2386.10ms
step:607/3350 train_time:1449.090s step_avg:2387.30ms
step:608/3350 train_time:1450.923s step_avg:2386.39ms
step:609/3350 train_time:1454.033s step_avg:2387.57ms
step:610/3350 train_time:1455.863s step_avg:2386.66ms
step:611/3350 train_time:1458.974s step_avg:2387.85ms
step:612/3350 train_time:1460.806s step_avg:2386.94ms
step:613/3350 train_time:1463.917s step_avg:2388.12ms
step:614/3350 train_time:1465.747s step_avg:2387.21ms
step:615/3350 train_time:1468.862s step_avg:2388.39ms
step:616/3350 train_time:1470.695s step_avg:2387.49ms
step:617/3350 train_time:1473.810s step_avg:2388.67ms
step:618/3350 train_time:1475.644s step_avg:2387.77ms
step:619/3350 train_time:1478.756s step_avg:2388.94ms
step:620/3350 train_time:1480.587s step_avg:2388.04ms
step:621/3350 train_time:1483.697s step_avg:2389.21ms
step:622/3350 train_time:1485.528s step_avg:2388.31ms
step:623/3350 train_time:1488.639s step_avg:2389.47ms
step:624/3350 train_time:1490.471s step_avg:2388.58ms
step:625/3350 train_time:1493.937s step_avg:2390.30ms
step:625/3350 val_loss:3.72736 train_time:1493.938s step_avg:2490.23ms
step:626/3350 train_time:1495.773s step_avg:2389.41ms
step:627/3350 train_time:1498.888s step_avg:2390.57ms
step:628/3350 train_time:1500.726s step_avg:2389.69ms
step:629/3350 train_time:1503.841s step_avg:2390.84ms
step:630/3350 train_time:1505.676s step_avg:2389.96ms
step:631/3350 train_time:1508.792s step_avg:2391.11ms
step:632/3350 train_time:1510.623s step_avg:2390.23ms
step:633/3350 train_time:1513.732s step_avg:2391.36ms
step:634/3350 train_time:1515.562s step_avg:2390.48ms
step:635/3350 train_time:1518.674s step_avg:2391.61ms
step:636/3350 train_time:1520.507s step_avg:2390.73ms
step:637/3350 train_time:1523.619s step_avg:2391.87ms
step:638/3350 train_time:1525.452s step_avg:2390.99ms
step:639/3350 train_time:1528.571s step_avg:2392.13ms
step:640/3350 train_time:1530.406s step_avg:2391.26ms
step:641/3350 train_time:1533.516s step_avg:2392.38ms
step:642/3350 train_time:1535.347s step_avg:2391.51ms
step:643/3350 train_time:1538.465s step_avg:2392.64ms
step:644/3350 train_time:1540.292s step_avg:2391.76ms
step:645/3350 train_time:1543.404s step_avg:2392.87ms
step:646/3350 train_time:1545.234s step_avg:2392.00ms
step:647/3350 train_time:1548.348s step_avg:2393.12ms
step:648/3350 train_time:1550.181s step_avg:2392.25ms
step:649/3350 train_time:1553.295s step_avg:2393.37ms
step:650/3350 train_time:1555.417s step_avg:2392.95ms
step:651/3350 train_time:1558.528s step_avg:2394.05ms
step:652/3350 train_time:1560.360s step_avg:2393.19ms
step:653/3350 train_time:1563.468s step_avg:2394.29ms
step:654/3350 train_time:1565.300s step_avg:2393.42ms
step:655/3350 train_time:1568.413s step_avg:2394.52ms
step:656/3350 train_time:1570.246s step_avg:2393.67ms
step:657/3350 train_time:1573.360s step_avg:2394.76ms
step:658/3350 train_time:1575.191s step_avg:2393.91ms
step:659/3350 train_time:1578.310s step_avg:2395.01ms
step:660/3350 train_time:1580.142s step_avg:2394.15ms
step:661/3350 train_time:1583.251s step_avg:2395.24ms
step:662/3350 train_time:1585.081s step_avg:2394.38ms
step:663/3350 train_time:1588.196s step_avg:2395.47ms
step:664/3350 train_time:1590.028s step_avg:2394.62ms
step:665/3350 train_time:1593.142s step_avg:2395.70ms
step:666/3350 train_time:1594.975s step_avg:2394.86ms
step:667/3350 train_time:1598.089s step_avg:2395.94ms
step:668/3350 train_time:1599.923s step_avg:2395.09ms
step:669/3350 train_time:1603.037s step_avg:2396.17ms
step:670/3350 train_time:1604.868s step_avg:2395.33ms
step:671/3350 train_time:1607.979s step_avg:2396.39ms
step:672/3350 train_time:1609.810s step_avg:2395.55ms
step:673/3350 train_time:1612.923s step_avg:2396.62ms
step:674/3350 train_time:1614.753s step_avg:2395.78ms
step:675/3350 train_time:1618.153s step_avg:2397.26ms
step:676/3350 train_time:1619.986s step_avg:2396.43ms
step:677/3350 train_time:1623.099s step_avg:2397.49ms
step:678/3350 train_time:1624.930s step_avg:2396.65ms
step:679/3350 train_time:1628.043s step_avg:2397.71ms
step:680/3350 train_time:1629.875s step_avg:2396.88ms
step:681/3350 train_time:1632.986s step_avg:2397.92ms
step:682/3350 train_time:1634.814s step_avg:2397.09ms
step:683/3350 train_time:1637.926s step_avg:2398.14ms
step:684/3350 train_time:1639.761s step_avg:2397.31ms
step:685/3350 train_time:1642.873s step_avg:2398.35ms
step:686/3350 train_time:1644.704s step_avg:2397.53ms
step:687/3350 train_time:1647.818s step_avg:2398.57ms
step:688/3350 train_time:1649.649s step_avg:2397.75ms
step:689/3350 train_time:1652.759s step_avg:2398.78ms
step:690/3350 train_time:1654.589s step_avg:2397.96ms
step:691/3350 train_time:1657.702s step_avg:2398.99ms
step:692/3350 train_time:1659.536s step_avg:2398.17ms
step:693/3350 train_time:1662.645s step_avg:2399.20ms
step:694/3350 train_time:1664.475s step_avg:2398.38ms
step:695/3350 train_time:1667.587s step_avg:2399.41ms
step:696/3350 train_time:1669.419s step_avg:2398.59ms
step:697/3350 train_time:1672.532s step_avg:2399.62ms
step:698/3350 train_time:1674.364s step_avg:2398.80ms
step:699/3350 train_time:1677.484s step_avg:2399.83ms
step:700/3350 train_time:1679.620s step_avg:2399.46ms
step:701/3350 train_time:1682.728s step_avg:2400.47ms
step:702/3350 train_time:1684.557s step_avg:2399.65ms
step:703/3350 train_time:1687.669s step_avg:2400.67ms
step:704/3350 train_time:1689.499s step_avg:2399.86ms
step:705/3350 train_time:1692.610s step_avg:2400.86ms
step:706/3350 train_time:1694.439s step_avg:2400.06ms
step:707/3350 train_time:1697.554s step_avg:2401.07ms
step:708/3350 train_time:1699.386s step_avg:2400.26ms
step:709/3350 train_time:1702.496s step_avg:2401.26ms
step:710/3350 train_time:1704.326s step_avg:2400.46ms
step:711/3350 train_time:1707.437s step_avg:2401.46ms
step:712/3350 train_time:1709.270s step_avg:2400.66ms
step:713/3350 train_time:1712.382s step_avg:2401.66ms
step:714/3350 train_time:1714.211s step_avg:2400.86ms
step:715/3350 train_time:1717.323s step_avg:2401.85ms
step:716/3350 train_time:1719.152s step_avg:2401.05ms
step:717/3350 train_time:1722.265s step_avg:2402.04ms
step:718/3350 train_time:1724.098s step_avg:2401.25ms
step:719/3350 train_time:1727.215s step_avg:2402.25ms
step:720/3350 train_time:1729.046s step_avg:2401.45ms
step:721/3350 train_time:1732.154s step_avg:2402.43ms
step:722/3350 train_time:1733.989s step_avg:2401.65ms
step:723/3350 train_time:1737.101s step_avg:2402.63ms
step:724/3350 train_time:1738.931s step_avg:2401.84ms
step:725/3350 train_time:1742.330s step_avg:2403.21ms
step:726/3350 train_time:1744.163s step_avg:2402.43ms
step:727/3350 train_time:1747.277s step_avg:2403.41ms
step:728/3350 train_time:1749.109s step_avg:2402.62ms
step:729/3350 train_time:1752.219s step_avg:2403.59ms
step:730/3350 train_time:1754.051s step_avg:2402.81ms
step:731/3350 train_time:1757.164s step_avg:2403.78ms
step:732/3350 train_time:1758.997s step_avg:2403.00ms
step:733/3350 train_time:1762.107s step_avg:2403.97ms
step:734/3350 train_time:1763.938s step_avg:2403.19ms
step:735/3350 train_time:1767.051s step_avg:2404.15ms
step:736/3350 train_time:1768.883s step_avg:2403.37ms
step:737/3350 train_time:1771.994s step_avg:2404.33ms
step:738/3350 train_time:1773.825s step_avg:2403.56ms
step:739/3350 train_time:1776.936s step_avg:2404.51ms
step:740/3350 train_time:1778.767s step_avg:2403.74ms
step:741/3350 train_time:1781.882s step_avg:2404.70ms
step:742/3350 train_time:1783.717s step_avg:2403.93ms
step:743/3350 train_time:1786.828s step_avg:2404.88ms
step:744/3350 train_time:1788.660s step_avg:2404.11ms
step:745/3350 train_time:1791.769s step_avg:2405.06ms
step:746/3350 train_time:1793.605s step_avg:2404.30ms
step:747/3350 train_time:1796.718s step_avg:2405.24ms
step:748/3350 train_time:1798.551s step_avg:2404.48ms
step:749/3350 train_time:1801.664s step_avg:2405.43ms
step:750/3350 train_time:1803.853s step_avg:2405.14ms
step:750/3350 val_loss:3.67932 train_time:1803.853s step_avg:2479.32ms
step:751/3350 train_time:1806.961s step_avg:2406.07ms
step:752/3350 train_time:1808.795s step_avg:2405.31ms
step:753/3350 train_time:1811.906s step_avg:2406.25ms
step:754/3350 train_time:1813.735s step_avg:2405.48ms
step:755/3350 train_time:1816.847s step_avg:2406.42ms
step:756/3350 train_time:1818.677s step_avg:2405.66ms
step:757/3350 train_time:1821.787s step_avg:2406.59ms
step:758/3350 train_time:1823.619s step_avg:2405.83ms
step:759/3350 train_time:1826.732s step_avg:2406.76ms
step:760/3350 train_time:1828.565s step_avg:2406.01ms
step:761/3350 train_time:1831.707s step_avg:2406.97ms
step:762/3350 train_time:1833.539s step_avg:2406.22ms
step:763/3350 train_time:1836.653s step_avg:2407.15ms
step:764/3350 train_time:1838.484s step_avg:2406.39ms
step:765/3350 train_time:1841.596s step_avg:2407.31ms
step:766/3350 train_time:1843.428s step_avg:2406.56ms
step:767/3350 train_time:1846.540s step_avg:2407.48ms
step:768/3350 train_time:1848.370s step_avg:2406.73ms
step:769/3350 train_time:1851.481s step_avg:2407.65ms
step:770/3350 train_time:1853.312s step_avg:2406.90ms
step:771/3350 train_time:1856.427s step_avg:2407.82ms
step:772/3350 train_time:1858.257s step_avg:2407.07ms
step:773/3350 train_time:1861.369s step_avg:2407.98ms
step:774/3350 train_time:1863.201s step_avg:2407.24ms
step:775/3350 train_time:1866.601s step_avg:2408.52ms
step:776/3350 train_time:1868.432s step_avg:2407.77ms
step:777/3350 train_time:1871.548s step_avg:2408.69ms
step:778/3350 train_time:1873.378s step_avg:2407.94ms
step:779/3350 train_time:1876.491s step_avg:2408.85ms
step:780/3350 train_time:1878.323s step_avg:2408.11ms
step:781/3350 train_time:1881.433s step_avg:2409.01ms
step:782/3350 train_time:1883.267s step_avg:2408.27ms
step:783/3350 train_time:1886.377s step_avg:2409.17ms
step:784/3350 train_time:1888.209s step_avg:2408.43ms
step:785/3350 train_time:1891.321s step_avg:2409.33ms
step:786/3350 train_time:1893.150s step_avg:2408.59ms
step:787/3350 train_time:1896.263s step_avg:2409.48ms
step:788/3350 train_time:1898.092s step_avg:2408.75ms
step:789/3350 train_time:1901.201s step_avg:2409.63ms
step:790/3350 train_time:1903.035s step_avg:2408.91ms
step:791/3350 train_time:1906.147s step_avg:2409.79ms
step:792/3350 train_time:1907.980s step_avg:2409.07ms
step:793/3350 train_time:1911.089s step_avg:2409.95ms
step:794/3350 train_time:1912.919s step_avg:2409.22ms
step:795/3350 train_time:1916.029s step_avg:2410.10ms
step:796/3350 train_time:1917.861s step_avg:2409.37ms
step:797/3350 train_time:1920.976s step_avg:2410.26ms
step:798/3350 train_time:1922.802s step_avg:2409.53ms
step:799/3350 train_time:1925.910s step_avg:2410.40ms
step:800/3350 train_time:1928.047s step_avg:2410.06ms
step:801/3350 train_time:1931.149s step_avg:2410.92ms
step:802/3350 train_time:1932.980s step_avg:2410.20ms
step:803/3350 train_time:1936.093s step_avg:2411.07ms
step:804/3350 train_time:1937.922s step_avg:2410.35ms
step:805/3350 train_time:1941.033s step_avg:2411.22ms
step:806/3350 train_time:1942.862s step_avg:2410.50ms
step:807/3350 train_time:1945.973s step_avg:2411.37ms
step:808/3350 train_time:1947.804s step_avg:2410.65ms
step:809/3350 train_time:1950.913s step_avg:2411.51ms
step:810/3350 train_time:1952.742s step_avg:2410.79ms
step:811/3350 train_time:1955.854s step_avg:2411.66ms
step:812/3350 train_time:1957.687s step_avg:2410.94ms
step:813/3350 train_time:1960.796s step_avg:2411.80ms
step:814/3350 train_time:1962.629s step_avg:2411.09ms
step:815/3350 train_time:1965.744s step_avg:2411.96ms
step:816/3350 train_time:1967.575s step_avg:2411.24ms
step:817/3350 train_time:1970.691s step_avg:2412.11ms
step:818/3350 train_time:1972.522s step_avg:2411.40ms
step:819/3350 train_time:1975.635s step_avg:2412.25ms
step:820/3350 train_time:1977.470s step_avg:2411.55ms
step:821/3350 train_time:1980.582s step_avg:2412.40ms
step:822/3350 train_time:1982.412s step_avg:2411.69ms
step:823/3350 train_time:1985.523s step_avg:2412.54ms
step:824/3350 train_time:1987.357s step_avg:2411.84ms
step:825/3350 train_time:1990.754s step_avg:2413.04ms
step:826/3350 train_time:1992.589s step_avg:2412.33ms
step:827/3350 train_time:1995.699s step_avg:2413.18ms
step:828/3350 train_time:1997.532s step_avg:2412.48ms
step:829/3350 train_time:2000.642s step_avg:2413.32ms
step:830/3350 train_time:2002.473s step_avg:2412.62ms
step:831/3350 train_time:2005.581s step_avg:2413.45ms
step:832/3350 train_time:2007.412s step_avg:2412.76ms
step:833/3350 train_time:2010.520s step_avg:2413.59ms
step:834/3350 train_time:2012.355s step_avg:2412.90ms
step:835/3350 train_time:2015.467s step_avg:2413.73ms
step:836/3350 train_time:2017.300s step_avg:2413.04ms
step:837/3350 train_time:2020.415s step_avg:2413.88ms
step:838/3350 train_time:2022.248s step_avg:2413.18ms
step:839/3350 train_time:2025.358s step_avg:2414.01ms
step:840/3350 train_time:2027.190s step_avg:2413.32ms
step:841/3350 train_time:2030.301s step_avg:2414.15ms
step:842/3350 train_time:2032.132s step_avg:2413.46ms
step:843/3350 train_time:2035.243s step_avg:2414.29ms
step:844/3350 train_time:2037.075s step_avg:2413.60ms
step:845/3350 train_time:2040.185s step_avg:2414.42ms
step:846/3350 train_time:2042.016s step_avg:2413.73ms
step:847/3350 train_time:2045.128s step_avg:2414.55ms
step:848/3350 train_time:2046.961s step_avg:2413.87ms
step:849/3350 train_time:2050.073s step_avg:2414.69ms
step:850/3350 train_time:2052.193s step_avg:2414.34ms
step:851/3350 train_time:2055.296s step_avg:2415.15ms
step:852/3350 train_time:2057.135s step_avg:2414.48ms
step:853/3350 train_time:2060.245s step_avg:2415.29ms
step:854/3350 train_time:2062.078s step_avg:2414.61ms
step:855/3350 train_time:2065.192s step_avg:2415.43ms
step:856/3350 train_time:2067.031s step_avg:2414.76ms
step:857/3350 train_time:2070.140s step_avg:2415.57ms
step:858/3350 train_time:2071.971s step_avg:2414.88ms
step:859/3350 train_time:2075.085s step_avg:2415.70ms
step:860/3350 train_time:2076.922s step_avg:2415.03ms
step:861/3350 train_time:2080.032s step_avg:2415.83ms
step:862/3350 train_time:2081.865s step_avg:2415.16ms
step:863/3350 train_time:2084.976s step_avg:2415.96ms
step:864/3350 train_time:2086.815s step_avg:2415.30ms
step:865/3350 train_time:2089.925s step_avg:2416.10ms
step:866/3350 train_time:2091.757s step_avg:2415.42ms
step:867/3350 train_time:2094.868s step_avg:2416.23ms
step:868/3350 train_time:2096.701s step_avg:2415.55ms
step:869/3350 train_time:2099.814s step_avg:2416.36ms
step:870/3350 train_time:2101.648s step_avg:2415.69ms
step:871/3350 train_time:2104.760s step_avg:2416.49ms
step:872/3350 train_time:2106.594s step_avg:2415.82ms
step:873/3350 train_time:2109.706s step_avg:2416.62ms
step:874/3350 train_time:2111.537s step_avg:2415.95ms
step:875/3350 train_time:2115.006s step_avg:2417.15ms
step:875/3350 val_loss:3.64137 train_time:2115.006s step_avg:2489.23ms
step:876/3350 train_time:2116.844s step_avg:2416.49ms
step:877/3350 train_time:2119.958s step_avg:2417.28ms
step:878/3350 train_time:2121.792s step_avg:2416.62ms
step:879/3350 train_time:2124.907s step_avg:2417.41ms
step:880/3350 train_time:2126.742s step_avg:2416.75ms
step:881/3350 train_time:2129.856s step_avg:2417.54ms
step:882/3350 train_time:2131.690s step_avg:2416.88ms
step:883/3350 train_time:2134.801s step_avg:2417.67ms
step:884/3350 train_time:2136.637s step_avg:2417.01ms
step:885/3350 train_time:2139.750s step_avg:2417.80ms
step:886/3350 train_time:2141.587s step_avg:2417.14ms
step:887/3350 train_time:2144.697s step_avg:2417.92ms
step:888/3350 train_time:2146.530s step_avg:2417.26ms
step:889/3350 train_time:2149.641s step_avg:2418.04ms
step:890/3350 train_time:2151.474s step_avg:2417.39ms
step:891/3350 train_time:2154.584s step_avg:2418.16ms
step:892/3350 train_time:2156.416s step_avg:2417.51ms
step:893/3350 train_time:2159.527s step_avg:2418.28ms
step:894/3350 train_time:2161.360s step_avg:2417.63ms
step:895/3350 train_time:2164.470s step_avg:2418.40ms
step:896/3350 train_time:2166.304s step_avg:2417.75ms
step:897/3350 train_time:2169.413s step_avg:2418.52ms
step:898/3350 train_time:2171.244s step_avg:2417.87ms
step:899/3350 train_time:2174.351s step_avg:2418.63ms
step:900/3350 train_time:2176.485s step_avg:2418.32ms
step:901/3350 train_time:2179.589s step_avg:2419.08ms
step:902/3350 train_time:2181.419s step_avg:2418.42ms
step:903/3350 train_time:2184.527s step_avg:2419.19ms
step:904/3350 train_time:2186.361s step_avg:2418.54ms
step:905/3350 train_time:2189.471s step_avg:2419.30ms
step:906/3350 train_time:2191.303s step_avg:2418.66ms
step:907/3350 train_time:2194.413s step_avg:2419.42ms
step:908/3350 train_time:2196.247s step_avg:2418.77ms
step:909/3350 train_time:2199.364s step_avg:2419.54ms
step:910/3350 train_time:2201.197s step_avg:2418.90ms
step:911/3350 train_time:2204.313s step_avg:2419.66ms
step:912/3350 train_time:2206.144s step_avg:2419.02ms
step:913/3350 train_time:2209.252s step_avg:2419.77ms
step:914/3350 train_time:2211.083s step_avg:2419.13ms
step:915/3350 train_time:2214.194s step_avg:2419.88ms
step:916/3350 train_time:2216.026s step_avg:2419.24ms
step:917/3350 train_time:2219.132s step_avg:2419.99ms
step:918/3350 train_time:2220.965s step_avg:2419.35ms
step:919/3350 train_time:2224.072s step_avg:2420.10ms
step:920/3350 train_time:2225.905s step_avg:2419.46ms
step:921/3350 train_time:2229.016s step_avg:2420.21ms
step:922/3350 train_time:2230.845s step_avg:2419.57ms
step:923/3350 train_time:2233.954s step_avg:2420.32ms
step:924/3350 train_time:2235.787s step_avg:2419.68ms
step:925/3350 train_time:2239.184s step_avg:2420.74ms
step:926/3350 train_time:2241.014s step_avg:2420.10ms
step:927/3350 train_time:2244.124s step_avg:2420.85ms
step:928/3350 train_time:2245.954s step_avg:2420.21ms
step:929/3350 train_time:2249.064s step_avg:2420.95ms
step:930/3350 train_time:2250.894s step_avg:2420.32ms
step:931/3350 train_time:2254.006s step_avg:2421.06ms
step:932/3350 train_time:2255.837s step_avg:2420.43ms
step:933/3350 train_time:2258.947s step_avg:2421.16ms
step:934/3350 train_time:2260.779s step_avg:2420.53ms
step:935/3350 train_time:2263.887s step_avg:2421.27ms
step:936/3350 train_time:2265.718s step_avg:2420.64ms
step:937/3350 train_time:2268.831s step_avg:2421.38ms
step:938/3350 train_time:2270.665s step_avg:2420.75ms
step:939/3350 train_time:2273.788s step_avg:2421.50ms
step:940/3350 train_time:2275.621s step_avg:2420.87ms
step:941/3350 train_time:2278.732s step_avg:2421.61ms
step:942/3350 train_time:2280.563s step_avg:2420.98ms
step:943/3350 train_time:2283.675s step_avg:2421.71ms
step:944/3350 train_time:2285.507s step_avg:2421.09ms
step:945/3350 train_time:2288.616s step_avg:2421.82ms
step:946/3350 train_time:2290.447s step_avg:2421.19ms
step:947/3350 train_time:2293.558s step_avg:2421.92ms
step:948/3350 train_time:2295.393s step_avg:2421.30ms
step:949/3350 train_time:2298.501s step_avg:2422.02ms
step:950/3350 train_time:2300.624s step_avg:2421.71ms
step:951/3350 train_time:2303.765s step_avg:2422.47ms
step:952/3350 train_time:2305.600s step_avg:2421.85ms
step:953/3350 train_time:2308.712s step_avg:2422.57ms
step:954/3350 train_time:2310.544s step_avg:2421.95ms
step:955/3350 train_time:2313.660s step_avg:2422.68ms
step:956/3350 train_time:2315.492s step_avg:2422.06ms
step:957/3350 train_time:2318.600s step_avg:2422.78ms
step:958/3350 train_time:2320.432s step_avg:2422.16ms
step:959/3350 train_time:2323.545s step_avg:2422.88ms
step:960/3350 train_time:2325.377s step_avg:2422.27ms
step:961/3350 train_time:2328.488s step_avg:2422.98ms
step:962/3350 train_time:2330.320s step_avg:2422.37ms
step:963/3350 train_time:2333.435s step_avg:2423.09ms
step:964/3350 train_time:2335.267s step_avg:2422.48ms
step:965/3350 train_time:2338.380s step_avg:2423.19ms
step:966/3350 train_time:2340.212s step_avg:2422.58ms
step:967/3350 train_time:2343.320s step_avg:2423.29ms
step:968/3350 train_time:2345.154s step_avg:2422.68ms
step:969/3350 train_time:2348.263s step_avg:2423.39ms
step:970/3350 train_time:2350.094s step_avg:2422.78ms
step:971/3350 train_time:2353.207s step_avg:2423.49ms
step:972/3350 train_time:2355.046s step_avg:2422.89ms
step:973/3350 train_time:2358.156s step_avg:2423.59ms
step:974/3350 train_time:2359.991s step_avg:2422.99ms
step:975/3350 train_time:2363.402s step_avg:2424.00ms
step:976/3350 train_time:2365.239s step_avg:2423.40ms
step:977/3350 train_time:2368.355s step_avg:2424.11ms
step:978/3350 train_time:2370.189s step_avg:2423.51ms
step:979/3350 train_time:2373.304s step_avg:2424.21ms
step:980/3350 train_time:2375.146s step_avg:2423.62ms
step:981/3350 train_time:2378.262s step_avg:2424.32ms
step:982/3350 train_time:2380.097s step_avg:2423.72ms
step:983/3350 train_time:2383.209s step_avg:2424.42ms
step:984/3350 train_time:2385.042s step_avg:2423.82ms
step:985/3350 train_time:2388.154s step_avg:2424.52ms
step:986/3350 train_time:2389.989s step_avg:2423.92ms
step:987/3350 train_time:2393.107s step_avg:2424.63ms
step:988/3350 train_time:2394.940s step_avg:2424.03ms
step:989/3350 train_time:2398.050s step_avg:2424.72ms
step:990/3350 train_time:2399.885s step_avg:2424.13ms
step:991/3350 train_time:2402.997s step_avg:2424.82ms
step:992/3350 train_time:2404.831s step_avg:2424.22ms
step:993/3350 train_time:2407.943s step_avg:2424.92ms
step:994/3350 train_time:2409.777s step_avg:2424.32ms
step:995/3350 train_time:2412.891s step_avg:2425.02ms
step:996/3350 train_time:2414.726s step_avg:2424.42ms
step:997/3350 train_time:2417.836s step_avg:2425.11ms
step:998/3350 train_time:2419.668s step_avg:2424.52ms
step:999/3350 train_time:2422.784s step_avg:2425.21ms
step:1000/3350 train_time:2424.999s step_avg:2425.00ms
step:1000/3350 val_loss:3.60902 train_time:2425.000s step_avg:2479.95ms
step:1001/3350 train_time:2428.115s step_avg:2425.69ms
step:1002/3350 train_time:2429.952s step_avg:2425.10ms
step:1003/3350 train_time:2433.058s step_avg:2425.78ms
step:1004/3350 train_time:2434.892s step_avg:2425.19ms
step:1005/3350 train_time:2438.006s step_avg:2425.88ms
step:1006/3350 train_time:2439.838s step_avg:2425.29ms
step:1007/3350 train_time:2442.944s step_avg:2425.96ms
step:1008/3350 train_time:2444.779s step_avg:2425.38ms
step:1009/3350 train_time:2447.892s step_avg:2426.06ms
step:1010/3350 train_time:2449.727s step_avg:2425.47ms
step:1011/3350 train_time:2452.833s step_avg:2426.15ms
step:1012/3350 train_time:2454.667s step_avg:2425.56ms
step:1013/3350 train_time:2457.779s step_avg:2426.24ms
step:1014/3350 train_time:2459.608s step_avg:2425.65ms
step:1015/3350 train_time:2462.721s step_avg:2426.33ms
step:1016/3350 train_time:2464.555s step_avg:2425.74ms
step:1017/3350 train_time:2467.666s step_avg:2426.42ms
step:1018/3350 train_time:2469.499s step_avg:2425.83ms
step:1019/3350 train_time:2472.612s step_avg:2426.51ms
step:1020/3350 train_time:2474.445s step_avg:2425.93ms
step:1021/3350 train_time:2477.557s step_avg:2426.60ms
step:1022/3350 train_time:2479.390s step_avg:2426.02ms
step:1023/3350 train_time:2482.497s step_avg:2426.68ms
step:1024/3350 train_time:2484.332s step_avg:2426.11ms
step:1025/3350 train_time:2487.734s step_avg:2427.06ms
step:1026/3350 train_time:2489.567s step_avg:2426.48ms
step:1027/3350 train_time:2492.674s step_avg:2427.14ms
step:1028/3350 train_time:2494.510s step_avg:2426.57ms
step:1029/3350 train_time:2497.617s step_avg:2427.23ms
step:1030/3350 train_time:2499.449s step_avg:2426.65ms
step:1031/3350 train_time:2502.557s step_avg:2427.31ms
step:1032/3350 train_time:2504.393s step_avg:2426.74ms
step:1033/3350 train_time:2507.506s step_avg:2427.40ms
step:1034/3350 train_time:2509.339s step_avg:2426.83ms
step:1035/3350 train_time:2512.446s step_avg:2427.48ms
step:1036/3350 train_time:2514.279s step_avg:2426.91ms
step:1037/3350 train_time:2517.389s step_avg:2427.57ms
step:1038/3350 train_time:2519.220s step_avg:2426.99ms
step:1039/3350 train_time:2522.331s step_avg:2427.65ms
step:1040/3350 train_time:2524.165s step_avg:2427.08ms
step:1041/3350 train_time:2527.273s step_avg:2427.74ms
step:1042/3350 train_time:2529.104s step_avg:2427.16ms
step:1043/3350 train_time:2532.215s step_avg:2427.82ms
step:1044/3350 train_time:2534.049s step_avg:2427.25ms
step:1045/3350 train_time:2537.158s step_avg:2427.90ms
step:1046/3350 train_time:2538.993s step_avg:2427.34ms
step:1047/3350 train_time:2542.102s step_avg:2427.99ms
step:1048/3350 train_time:2543.936s step_avg:2427.42ms
step:1049/3350 train_time:2547.047s step_avg:2428.07ms
step:1050/3350 train_time:2549.173s step_avg:2427.78ms
step:1051/3350 train_time:2552.278s step_avg:2428.43ms
step:1052/3350 train_time:2554.111s step_avg:2427.86ms
step:1053/3350 train_time:2557.217s step_avg:2428.51ms
step:1054/3350 train_time:2559.052s step_avg:2427.94ms
step:1055/3350 train_time:2562.163s step_avg:2428.59ms
step:1056/3350 train_time:2563.997s step_avg:2428.03ms
step:1057/3350 train_time:2567.104s step_avg:2428.67ms
step:1058/3350 train_time:2568.938s step_avg:2428.11ms
step:1059/3350 train_time:2572.047s step_avg:2428.75ms
step:1060/3350 train_time:2573.882s step_avg:2428.19ms
step:1061/3350 train_time:2576.988s step_avg:2428.83ms
step:1062/3350 train_time:2578.822s step_avg:2428.27ms
step:1063/3350 train_time:2581.929s step_avg:2428.91ms
step:1064/3350 train_time:2583.762s step_avg:2428.35ms
step:1065/3350 train_time:2586.879s step_avg:2428.99ms
step:1066/3350 train_time:2588.713s step_avg:2428.44ms
step:1067/3350 train_time:2591.824s step_avg:2429.08ms
step:1068/3350 train_time:2593.660s step_avg:2428.52ms
step:1069/3350 train_time:2596.778s step_avg:2429.17ms
step:1070/3350 train_time:2598.611s step_avg:2428.61ms
step:1071/3350 train_time:2601.723s step_avg:2429.25ms
step:1072/3350 train_time:2603.556s step_avg:2428.69ms
step:1073/3350 train_time:2606.664s step_avg:2429.32ms
step:1074/3350 train_time:2608.495s step_avg:2428.77ms
step:1075/3350 train_time:2611.899s step_avg:2429.67ms
step:1076/3350 train_time:2613.734s step_avg:2429.12ms
step:1077/3350 train_time:2616.848s step_avg:2429.76ms
step:1078/3350 train_time:2618.681s step_avg:2429.20ms
step:1079/3350 train_time:2621.795s step_avg:2429.84ms
step:1080/3350 train_time:2623.632s step_avg:2429.29ms
step:1081/3350 train_time:2626.741s step_avg:2429.92ms
step:1082/3350 train_time:2628.576s step_avg:2429.37ms
step:1083/3350 train_time:2631.685s step_avg:2430.00ms
step:1084/3350 train_time:2633.522s step_avg:2429.45ms
step:1085/3350 train_time:2636.637s step_avg:2430.08ms
step:1086/3350 train_time:2638.468s step_avg:2429.53ms
step:1087/3350 train_time:2641.583s step_avg:2430.16ms
step:1088/3350 train_time:2643.417s step_avg:2429.61ms
step:1089/3350 train_time:2646.528s step_avg:2430.24ms
step:1090/3350 train_time:2648.360s step_avg:2429.69ms
step:1091/3350 train_time:2651.474s step_avg:2430.32ms
step:1092/3350 train_time:2653.312s step_avg:2429.77ms
step:1093/3350 train_time:2656.420s step_avg:2430.39ms
step:1094/3350 train_time:2658.253s step_avg:2429.85ms
step:1095/3350 train_time:2661.362s step_avg:2430.47ms
step:1096/3350 train_time:2663.198s step_avg:2429.93ms
step:1097/3350 train_time:2666.312s step_avg:2430.55ms
step:1098/3350 train_time:2668.144s step_avg:2430.00ms
step:1099/3350 train_time:2671.257s step_avg:2430.63ms
step:1100/3350 train_time:2673.403s step_avg:2430.37ms
step:1101/3350 train_time:2676.505s step_avg:2430.98ms
step:1102/3350 train_time:2678.339s step_avg:2430.43ms
step:1103/3350 train_time:2681.451s step_avg:2431.05ms
step:1104/3350 train_time:2683.287s step_avg:2430.51ms
step:1105/3350 train_time:2686.395s step_avg:2431.13ms
step:1106/3350 train_time:2688.229s step_avg:2430.59ms
step:1107/3350 train_time:2691.335s step_avg:2431.20ms
step:1108/3350 train_time:2693.170s step_avg:2430.66ms
step:1109/3350 train_time:2696.275s step_avg:2431.27ms
step:1110/3350 train_time:2698.108s step_avg:2430.73ms
step:1111/3350 train_time:2701.220s step_avg:2431.34ms
step:1112/3350 train_time:2703.053s step_avg:2430.80ms
step:1113/3350 train_time:2706.157s step_avg:2431.41ms
step:1114/3350 train_time:2707.993s step_avg:2430.87ms
step:1115/3350 train_time:2711.107s step_avg:2431.49ms
step:1116/3350 train_time:2712.944s step_avg:2430.95ms
step:1117/3350 train_time:2716.062s step_avg:2431.57ms
step:1118/3350 train_time:2717.896s step_avg:2431.03ms
step:1119/3350 train_time:2721.010s step_avg:2431.64ms
step:1120/3350 train_time:2722.842s step_avg:2431.11ms
step:1121/3350 train_time:2725.955s step_avg:2431.72ms
step:1122/3350 train_time:2727.786s step_avg:2431.18ms
step:1123/3350 train_time:2730.896s step_avg:2431.79ms
step:1124/3350 train_time:2732.729s step_avg:2431.25ms
step:1125/3350 train_time:2736.204s step_avg:2432.18ms
step:1125/3350 val_loss:3.58173 train_time:2736.205s step_avg:2489.64ms
step:1126/3350 train_time:2738.039s step_avg:2431.65ms
step:1127/3350 train_time:2741.151s step_avg:2432.25ms
step:1128/3350 train_time:2742.986s step_avg:2431.73ms
step:1129/3350 train_time:2746.091s step_avg:2432.32ms
step:1130/3350 train_time:2747.925s step_avg:2431.79ms
step:1131/3350 train_time:2751.034s step_avg:2432.39ms
step:1132/3350 train_time:2752.868s step_avg:2431.86ms
step:1133/3350 train_time:2755.981s step_avg:2432.46ms
step:1134/3350 train_time:2757.814s step_avg:2431.93ms
step:1135/3350 train_time:2760.933s step_avg:2432.54ms
step:1136/3350 train_time:2762.767s step_avg:2432.01ms
step:1137/3350 train_time:2765.876s step_avg:2432.61ms
step:1138/3350 train_time:2767.708s step_avg:2432.08ms
step:1139/3350 train_time:2770.814s step_avg:2432.67ms
step:1140/3350 train_time:2772.649s step_avg:2432.15ms
step:1141/3350 train_time:2775.790s step_avg:2432.77ms
step:1142/3350 train_time:2777.620s step_avg:2432.24ms
step:1143/3350 train_time:2780.726s step_avg:2432.83ms
step:1144/3350 train_time:2782.562s step_avg:2432.31ms
step:1145/3350 train_time:2785.671s step_avg:2432.90ms
step:1146/3350 train_time:2787.499s step_avg:2432.37ms
step:1147/3350 train_time:2790.608s step_avg:2432.96ms
step:1148/3350 train_time:2792.446s step_avg:2432.44ms
step:1149/3350 train_time:2795.553s step_avg:2433.03ms
step:1150/3350 train_time:2797.679s step_avg:2432.76ms
step:1151/3350 train_time:2800.781s step_avg:2433.35ms
step:1152/3350 train_time:2802.617s step_avg:2432.83ms
step:1153/3350 train_time:2805.722s step_avg:2433.41ms
step:1154/3350 train_time:2807.553s step_avg:2432.89ms
step:1155/3350 train_time:2810.661s step_avg:2433.47ms
step:1156/3350 train_time:2812.495s step_avg:2432.95ms
step:1157/3350 train_time:2815.603s step_avg:2433.54ms
step:1158/3350 train_time:2817.439s step_avg:2433.02ms
step:1159/3350 train_time:2820.550s step_avg:2433.61ms
step:1160/3350 train_time:2822.385s step_avg:2433.09ms
step:1161/3350 train_time:2825.491s step_avg:2433.67ms
step:1162/3350 train_time:2827.328s step_avg:2433.16ms
step:1163/3350 train_time:2830.436s step_avg:2433.74ms
step:1164/3350 train_time:2832.269s step_avg:2433.22ms
step:1165/3350 train_time:2835.377s step_avg:2433.80ms
step:1166/3350 train_time:2837.208s step_avg:2433.28ms
step:1167/3350 train_time:2840.318s step_avg:2433.86ms
step:1168/3350 train_time:2842.151s step_avg:2433.35ms
step:1169/3350 train_time:2845.259s step_avg:2433.93ms
step:1170/3350 train_time:2847.089s step_avg:2433.41ms
step:1171/3350 train_time:2850.201s step_avg:2433.99ms
step:1172/3350 train_time:2852.035s step_avg:2433.48ms
step:1173/3350 train_time:2855.142s step_avg:2434.05ms
step:1174/3350 train_time:2856.975s step_avg:2433.54ms
step:1175/3350 train_time:2860.375s step_avg:2434.36ms
step:1176/3350 train_time:2862.212s step_avg:2433.85ms
step:1177/3350 train_time:2865.321s step_avg:2434.43ms
step:1178/3350 train_time:2867.159s step_avg:2433.92ms
step:1179/3350 train_time:2870.268s step_avg:2434.49ms
step:1180/3350 train_time:2872.105s step_avg:2433.99ms
step:1181/3350 train_time:2875.214s step_avg:2434.56ms
step:1182/3350 train_time:2877.048s step_avg:2434.05ms
step:1183/3350 train_time:2880.155s step_avg:2434.62ms
step:1184/3350 train_time:2881.989s step_avg:2434.11ms
step:1185/3350 train_time:2885.092s step_avg:2434.68ms
step:1186/3350 train_time:2886.925s step_avg:2434.17ms
step:1187/3350 train_time:2890.028s step_avg:2434.73ms
step:1188/3350 train_time:2891.861s step_avg:2434.23ms
step:1189/3350 train_time:2894.973s step_avg:2434.80ms
step:1190/3350 train_time:2896.804s step_avg:2434.29ms
step:1191/3350 train_time:2899.912s step_avg:2434.85ms
step:1192/3350 train_time:2901.744s step_avg:2434.35ms
step:1193/3350 train_time:2904.855s step_avg:2434.92ms
step:1194/3350 train_time:2906.689s step_avg:2434.41ms
step:1195/3350 train_time:2909.799s step_avg:2434.98ms
step:1196/3350 train_time:2911.635s step_avg:2434.48ms
step:1197/3350 train_time:2914.748s step_avg:2435.04ms
step:1198/3350 train_time:2916.586s step_avg:2434.55ms
step:1199/3350 train_time:2919.696s step_avg:2435.11ms
step:1200/3350 train_time:2921.843s step_avg:2434.87ms
step:1201/3350 train_time:2924.950s step_avg:2435.43ms
step:1202/3350 train_time:2926.787s step_avg:2434.93ms
step:1203/3350 train_time:2929.897s step_avg:2435.49ms
step:1204/3350 train_time:2931.732s step_avg:2434.99ms
step:1205/3350 train_time:2934.840s step_avg:2435.55ms
step:1206/3350 train_time:2936.672s step_avg:2435.05ms
step:1207/3350 train_time:2939.781s step_avg:2435.61ms
step:1208/3350 train_time:2941.614s step_avg:2435.11ms
step:1209/3350 train_time:2944.724s step_avg:2435.67ms
step:1210/3350 train_time:2946.557s step_avg:2435.17ms
step:1211/3350 train_time:2949.671s step_avg:2435.73ms
step:1212/3350 train_time:2951.506s step_avg:2435.24ms
step:1213/3350 train_time:2954.622s step_avg:2435.80ms
step:1214/3350 train_time:2956.455s step_avg:2435.30ms
step:1215/3350 train_time:2959.562s step_avg:2435.85ms
step:1216/3350 train_time:2961.394s step_avg:2435.36ms
step:1217/3350 train_time:2964.504s step_avg:2435.91ms
step:1218/3350 train_time:2966.338s step_avg:2435.42ms
step:1219/3350 train_time:2969.444s step_avg:2435.97ms
step:1220/3350 train_time:2971.278s step_avg:2435.47ms
step:1221/3350 train_time:2974.385s step_avg:2436.02ms
step:1222/3350 train_time:2976.217s step_avg:2435.53ms
step:1223/3350 train_time:2979.326s step_avg:2436.08ms
step:1224/3350 train_time:2981.160s step_avg:2435.59ms
step:1225/3350 train_time:2984.561s step_avg:2436.38ms
step:1226/3350 train_time:2986.393s step_avg:2435.88ms
step:1227/3350 train_time:2989.506s step_avg:2436.44ms
step:1228/3350 train_time:2991.342s step_avg:2435.95ms
step:1229/3350 train_time:2994.457s step_avg:2436.50ms
step:1230/3350 train_time:2996.291s step_avg:2436.01ms
step:1231/3350 train_time:2999.400s step_avg:2436.56ms
step:1232/3350 train_time:3001.234s step_avg:2436.07ms
step:1233/3350 train_time:3004.345s step_avg:2436.61ms
step:1234/3350 train_time:3006.178s step_avg:2436.12ms
step:1235/3350 train_time:3009.288s step_avg:2436.67ms
step:1236/3350 train_time:3011.122s step_avg:2436.18ms
step:1237/3350 train_time:3014.231s step_avg:2436.73ms
step:1238/3350 train_time:3016.062s step_avg:2436.24ms
step:1239/3350 train_time:3019.164s step_avg:2436.77ms
step:1240/3350 train_time:3020.997s step_avg:2436.29ms
step:1241/3350 train_time:3024.105s step_avg:2436.83ms
step:1242/3350 train_time:3025.936s step_avg:2436.34ms
step:1243/3350 train_time:3029.043s step_avg:2436.88ms
step:1244/3350 train_time:3030.875s step_avg:2436.39ms
step:1245/3350 train_time:3033.987s step_avg:2436.94ms
step:1246/3350 train_time:3035.818s step_avg:2436.45ms
step:1247/3350 train_time:3038.926s step_avg:2436.99ms
step:1248/3350 train_time:3040.760s step_avg:2436.51ms
step:1249/3350 train_time:3043.868s step_avg:2437.04ms
step:1250/3350 train_time:3046.058s step_avg:2436.85ms
step:1250/3350 val_loss:3.55345 train_time:3046.058s step_avg:2478.83ms
step:1251/3350 train_time:3049.161s step_avg:2437.38ms
step:1252/3350 train_time:3050.996s step_avg:2436.90ms
step:1253/3350 train_time:3054.105s step_avg:2437.43ms
step:1254/3350 train_time:3055.938s step_avg:2436.95ms
step:1255/3350 train_time:3059.044s step_avg:2437.49ms
step:1256/3350 train_time:3060.878s step_avg:2437.00ms
step:1257/3350 train_time:3063.985s step_avg:2437.54ms
step:1258/3350 train_time:3065.815s step_avg:2437.05ms
step:1259/3350 train_time:3068.923s step_avg:2437.59ms
step:1260/3350 train_time:3070.753s step_avg:2437.11ms
step:1261/3350 train_time:3073.857s step_avg:2437.63ms
step:1262/3350 train_time:3075.690s step_avg:2437.16ms
step:1263/3350 train_time:3078.799s step_avg:2437.69ms
step:1264/3350 train_time:3080.629s step_avg:2437.21ms
step:1265/3350 train_time:3083.736s step_avg:2437.74ms
step:1266/3350 train_time:3085.569s step_avg:2437.26ms
step:1267/3350 train_time:3088.680s step_avg:2437.79ms
step:1268/3350 train_time:3090.513s step_avg:2437.31ms
step:1269/3350 train_time:3093.622s step_avg:2437.84ms
step:1270/3350 train_time:3095.453s step_avg:2437.36ms
step:1271/3350 train_time:3098.559s step_avg:2437.89ms
step:1272/3350 train_time:3100.394s step_avg:2437.42ms
step:1273/3350 train_time:3103.498s step_avg:2437.94ms
step:1274/3350 train_time:3105.332s step_avg:2437.47ms
step:1275/3350 train_time:3108.722s step_avg:2438.21ms
step:1276/3350 train_time:3110.552s step_avg:2437.74ms
step:1277/3350 train_time:3113.661s step_avg:2438.26ms
step:1278/3350 train_time:3115.493s step_avg:2437.79ms
step:1279/3350 train_time:3118.598s step_avg:2438.31ms
step:1280/3350 train_time:3120.432s step_avg:2437.84ms
step:1281/3350 train_time:3123.540s step_avg:2438.36ms
step:1282/3350 train_time:3125.368s step_avg:2437.88ms
step:1283/3350 train_time:3128.470s step_avg:2438.40ms
step:1284/3350 train_time:3130.304s step_avg:2437.93ms
step:1285/3350 train_time:3133.417s step_avg:2438.46ms
step:1286/3350 train_time:3135.249s step_avg:2437.99ms
step:1287/3350 train_time:3138.355s step_avg:2438.50ms
step:1288/3350 train_time:3140.185s step_avg:2438.03ms
step:1289/3350 train_time:3143.290s step_avg:2438.55ms
step:1290/3350 train_time:3145.119s step_avg:2438.08ms
step:1291/3350 train_time:3148.226s step_avg:2438.59ms
step:1292/3350 train_time:3150.059s step_avg:2438.13ms
step:1293/3350 train_time:3153.166s step_avg:2438.64ms
step:1294/3350 train_time:3154.995s step_avg:2438.17ms
step:1295/3350 train_time:3158.099s step_avg:2438.69ms
step:1296/3350 train_time:3159.930s step_avg:2438.22ms
step:1297/3350 train_time:3163.037s step_avg:2438.73ms
step:1298/3350 train_time:3164.872s step_avg:2438.27ms
step:1299/3350 train_time:3167.975s step_avg:2438.78ms
step:1300/3350 train_time:3170.112s step_avg:2438.55ms
step:1301/3350 train_time:3173.215s step_avg:2439.06ms
step:1302/3350 train_time:3175.049s step_avg:2438.59ms
step:1303/3350 train_time:3178.159s step_avg:2439.11ms
step:1304/3350 train_time:3179.997s step_avg:2438.65ms
step:1305/3350 train_time:3183.107s step_avg:2439.16ms
step:1306/3350 train_time:3184.944s step_avg:2438.70ms
step:1307/3350 train_time:3188.051s step_avg:2439.21ms
step:1308/3350 train_time:3189.885s step_avg:2438.75ms
step:1309/3350 train_time:3192.992s step_avg:2439.26ms
step:1310/3350 train_time:3194.824s step_avg:2438.80ms
step:1311/3350 train_time:3197.941s step_avg:2439.31ms
step:1312/3350 train_time:3199.773s step_avg:2438.85ms
step:1313/3350 train_time:3202.878s step_avg:2439.36ms
step:1314/3350 train_time:3204.712s step_avg:2438.90ms
step:1315/3350 train_time:3207.819s step_avg:2439.41ms
step:1316/3350 train_time:3209.652s step_avg:2438.95ms
step:1317/3350 train_time:3212.760s step_avg:2439.45ms
step:1318/3350 train_time:3214.591s step_avg:2438.99ms
step:1319/3350 train_time:3217.695s step_avg:2439.50ms
step:1320/3350 train_time:3219.528s step_avg:2439.04ms
step:1321/3350 train_time:3222.632s step_avg:2439.54ms
step:1322/3350 train_time:3224.466s step_avg:2439.08ms
step:1323/3350 train_time:3227.574s step_avg:2439.59ms
step:1324/3350 train_time:3229.408s step_avg:2439.13ms
step:1325/3350 train_time:3232.803s step_avg:2439.85ms
step:1326/3350 train_time:3234.635s step_avg:2439.39ms
step:1327/3350 train_time:3237.740s step_avg:2439.89ms
step:1328/3350 train_time:3239.572s step_avg:2439.44ms
step:1329/3350 train_time:3242.676s step_avg:2439.94ms
step:1330/3350 train_time:3244.510s step_avg:2439.48ms
step:1331/3350 train_time:3247.647s step_avg:2440.00ms
step:1332/3350 train_time:3249.479s step_avg:2439.55ms
step:1333/3350 train_time:3252.583s step_avg:2440.05ms
step:1334/3350 train_time:3254.413s step_avg:2439.59ms
step:1335/3350 train_time:3257.515s step_avg:2440.09ms
step:1336/3350 train_time:3259.348s step_avg:2439.63ms
step:1337/3350 train_time:3262.452s step_avg:2440.13ms
step:1338/3350 train_time:3264.284s step_avg:2439.67ms
step:1339/3350 train_time:3267.398s step_avg:2440.18ms
step:1340/3350 train_time:3269.230s step_avg:2439.72ms
step:1341/3350 train_time:3272.339s step_avg:2440.22ms
step:1342/3350 train_time:3274.167s step_avg:2439.77ms
step:1343/3350 train_time:3277.279s step_avg:2440.27ms
step:1344/3350 train_time:3279.112s step_avg:2439.82ms
step:1345/3350 train_time:3282.218s step_avg:2440.31ms
step:1346/3350 train_time:3284.052s step_avg:2439.86ms
step:1347/3350 train_time:3287.155s step_avg:2440.35ms
step:1348/3350 train_time:3288.989s step_avg:2439.90ms
step:1349/3350 train_time:3292.093s step_avg:2440.39ms
step:1350/3350 train_time:3294.216s step_avg:2440.16ms
step:1351/3350 train_time:3297.315s step_avg:2440.65ms
step:1352/3350 train_time:3299.148s step_avg:2440.20ms
step:1353/3350 train_time:3302.252s step_avg:2440.69ms
step:1354/3350 train_time:3304.085s step_avg:2440.24ms
step:1355/3350 train_time:3307.200s step_avg:2440.74ms
step:1356/3350 train_time:3309.032s step_avg:2440.29ms
step:1357/3350 train_time:3312.135s step_avg:2440.78ms
step:1358/3350 train_time:3313.966s step_avg:2440.33ms
step:1359/3350 train_time:3317.073s step_avg:2440.82ms
step:1360/3350 train_time:3318.906s step_avg:2440.37ms
step:1361/3350 train_time:3322.009s step_avg:2440.86ms
step:1362/3350 train_time:3323.841s step_avg:2440.41ms
step:1363/3350 train_time:3326.952s step_avg:2440.90ms
step:1364/3350 train_time:3328.783s step_avg:2440.46ms
step:1365/3350 train_time:3331.892s step_avg:2440.95ms
step:1366/3350 train_time:3333.722s step_avg:2440.50ms
step:1367/3350 train_time:3336.833s step_avg:2440.99ms
step:1368/3350 train_time:3338.665s step_avg:2440.54ms
step:1369/3350 train_time:3341.778s step_avg:2441.04ms
step:1370/3350 train_time:3343.611s step_avg:2440.59ms
step:1371/3350 train_time:3346.717s step_avg:2441.08ms
step:1372/3350 train_time:3348.554s step_avg:2440.64ms
step:1373/3350 train_time:3351.663s step_avg:2441.12ms
step:1374/3350 train_time:3353.493s step_avg:2440.68ms
step:1375/3350 train_time:3356.956s step_avg:2441.42ms
step:1375/3350 val_loss:3.52943 train_time:3356.957s step_avg:2487.19ms
step:1376/3350 train_time:3358.790s step_avg:2440.98ms
step:1377/3350 train_time:3361.899s step_avg:2441.47ms
step:1378/3350 train_time:3363.733s step_avg:2441.03ms
step:1379/3350 train_time:3366.840s step_avg:2441.51ms
step:1380/3350 train_time:3368.674s step_avg:2441.07ms
step:1381/3350 train_time:3371.780s step_avg:2441.55ms
step:1382/3350 train_time:3373.613s step_avg:2441.11ms
step:1383/3350 train_time:3376.724s step_avg:2441.59ms
step:1384/3350 train_time:3378.558s step_avg:2441.15ms
step:1385/3350 train_time:3381.664s step_avg:2441.64ms
step:1386/3350 train_time:3383.498s step_avg:2441.20ms
step:1387/3350 train_time:3386.605s step_avg:2441.68ms
step:1388/3350 train_time:3388.438s step_avg:2441.24ms
step:1389/3350 train_time:3391.545s step_avg:2441.72ms
step:1390/3350 train_time:3393.376s step_avg:2441.28ms
step:1391/3350 train_time:3396.486s step_avg:2441.76ms
step:1392/3350 train_time:3398.319s step_avg:2441.32ms
step:1393/3350 train_time:3401.428s step_avg:2441.80ms
step:1394/3350 train_time:3403.262s step_avg:2441.36ms
step:1395/3350 train_time:3406.373s step_avg:2441.84ms
step:1396/3350 train_time:3408.213s step_avg:2441.41ms
step:1397/3350 train_time:3411.321s step_avg:2441.89ms
step:1398/3350 train_time:3413.155s step_avg:2441.46ms
step:1399/3350 train_time:3416.264s step_avg:2441.93ms
step:1400/3350 train_time:3418.405s step_avg:2441.72ms
step:1401/3350 train_time:3421.510s step_avg:2442.19ms
step:1402/3350 train_time:3423.341s step_avg:2441.76ms
step:1403/3350 train_time:3426.453s step_avg:2442.23ms
step:1404/3350 train_time:3428.287s step_avg:2441.80ms
step:1405/3350 train_time:3431.391s step_avg:2442.27ms
step:1406/3350 train_time:3433.221s step_avg:2441.84ms
step:1407/3350 train_time:3436.328s step_avg:2442.31ms
step:1408/3350 train_time:3438.157s step_avg:2441.87ms
step:1409/3350 train_time:3441.265s step_avg:2442.35ms
step:1410/3350 train_time:3443.098s step_avg:2441.91ms
step:1411/3350 train_time:3446.207s step_avg:2442.39ms
step:1412/3350 train_time:3448.039s step_avg:2441.95ms
step:1413/3350 train_time:3451.147s step_avg:2442.43ms
step:1414/3350 train_time:3452.981s step_avg:2442.00ms
step:1415/3350 train_time:3456.089s step_avg:2442.47ms
step:1416/3350 train_time:3457.921s step_avg:2442.03ms
step:1417/3350 train_time:3461.030s step_avg:2442.50ms
step:1418/3350 train_time:3462.858s step_avg:2442.07ms
step:1419/3350 train_time:3465.960s step_avg:2442.54ms
step:1420/3350 train_time:3467.795s step_avg:2442.11ms
step:1421/3350 train_time:3470.901s step_avg:2442.58ms
step:1422/3350 train_time:3472.731s step_avg:2442.15ms
step:1423/3350 train_time:3475.836s step_avg:2442.61ms
step:1424/3350 train_time:3477.669s step_avg:2442.18ms
step:1425/3350 train_time:3481.061s step_avg:2442.85ms
step:1426/3350 train_time:3482.893s step_avg:2442.42ms
step:1427/3350 train_time:3486.000s step_avg:2442.89ms
step:1428/3350 train_time:3487.834s step_avg:2442.46ms
step:1429/3350 train_time:3490.944s step_avg:2442.93ms
step:1430/3350 train_time:3492.775s step_avg:2442.50ms
step:1431/3350 train_time:3495.883s step_avg:2442.96ms
step:1432/3350 train_time:3497.716s step_avg:2442.54ms
step:1433/3350 train_time:3500.821s step_avg:2443.00ms
step:1434/3350 train_time:3502.652s step_avg:2442.57ms
step:1435/3350 train_time:3505.759s step_avg:2443.04ms
step:1436/3350 train_time:3507.593s step_avg:2442.61ms
step:1437/3350 train_time:3510.700s step_avg:2443.08ms
step:1438/3350 train_time:3512.532s step_avg:2442.65ms
step:1439/3350 train_time:3515.635s step_avg:2443.11ms
step:1440/3350 train_time:3517.468s step_avg:2442.69ms
step:1441/3350 train_time:3520.572s step_avg:2443.15ms
step:1442/3350 train_time:3522.403s step_avg:2442.72ms
step:1443/3350 train_time:3525.509s step_avg:2443.18ms
step:1444/3350 train_time:3527.343s step_avg:2442.76ms
step:1445/3350 train_time:3530.450s step_avg:2443.22ms
step:1446/3350 train_time:3532.282s step_avg:2442.80ms
step:1447/3350 train_time:3535.384s step_avg:2443.25ms
step:1448/3350 train_time:3537.217s step_avg:2442.83ms
step:1449/3350 train_time:3540.319s step_avg:2443.28ms
step:1450/3350 train_time:3542.441s step_avg:2443.06ms
step:1451/3350 train_time:3545.543s step_avg:2443.52ms
step:1452/3350 train_time:3547.375s step_avg:2443.10ms
step:1453/3350 train_time:3550.478s step_avg:2443.55ms
step:1454/3350 train_time:3552.310s step_avg:2443.13ms
step:1455/3350 train_time:3555.416s step_avg:2443.59ms
step:1456/3350 train_time:3557.249s step_avg:2443.17ms
step:1457/3350 train_time:3560.358s step_avg:2443.62ms
step:1458/3350 train_time:3562.193s step_avg:2443.20ms
step:1459/3350 train_time:3565.298s step_avg:2443.66ms
step:1460/3350 train_time:3567.133s step_avg:2443.24ms
step:1461/3350 train_time:3570.237s step_avg:2443.69ms
step:1462/3350 train_time:3572.068s step_avg:2443.27ms
step:1463/3350 train_time:3575.175s step_avg:2443.73ms
step:1464/3350 train_time:3577.008s step_avg:2443.31ms
step:1465/3350 train_time:3580.115s step_avg:2443.76ms
step:1466/3350 train_time:3581.947s step_avg:2443.35ms
step:1467/3350 train_time:3585.052s step_avg:2443.80ms
step:1468/3350 train_time:3586.884s step_avg:2443.38ms
step:1469/3350 train_time:3589.992s step_avg:2443.83ms
step:1470/3350 train_time:3591.823s step_avg:2443.42ms
step:1471/3350 train_time:3594.935s step_avg:2443.87ms
step:1472/3350 train_time:3596.769s step_avg:2443.46ms
step:1473/3350 train_time:3599.875s step_avg:2443.91ms
step:1474/3350 train_time:3601.707s step_avg:2443.49ms
step:1475/3350 train_time:3605.096s step_avg:2444.13ms
step:1476/3350 train_time:3606.930s step_avg:2443.72ms
step:1477/3350 train_time:3610.038s step_avg:2444.17ms
step:1478/3350 train_time:3611.871s step_avg:2443.76ms
step:1479/3350 train_time:3614.982s step_avg:2444.21ms
step:1480/3350 train_time:3616.814s step_avg:2443.79ms
step:1481/3350 train_time:3619.918s step_avg:2444.24ms
step:1482/3350 train_time:3621.750s step_avg:2443.83ms
step:1483/3350 train_time:3624.854s step_avg:2444.27ms
step:1484/3350 train_time:3626.687s step_avg:2443.86ms
step:1485/3350 train_time:3629.791s step_avg:2444.30ms
step:1486/3350 train_time:3631.623s step_avg:2443.89ms
step:1487/3350 train_time:3634.733s step_avg:2444.34ms
step:1488/3350 train_time:3636.566s step_avg:2443.93ms
step:1489/3350 train_time:3639.676s step_avg:2444.38ms
step:1490/3350 train_time:3641.508s step_avg:2443.97ms
step:1491/3350 train_time:3644.614s step_avg:2444.41ms
step:1492/3350 train_time:3646.449s step_avg:2444.00ms
step:1493/3350 train_time:3649.560s step_avg:2444.45ms
step:1494/3350 train_time:3651.392s step_avg:2444.04ms
step:1495/3350 train_time:3654.499s step_avg:2444.48ms
step:1496/3350 train_time:3656.332s step_avg:2444.07ms
step:1497/3350 train_time:3659.442s step_avg:2444.52ms
step:1498/3350 train_time:3661.277s step_avg:2444.11ms
step:1499/3350 train_time:3664.386s step_avg:2444.55ms
step:1500/3350 train_time:3666.591s step_avg:2444.39ms
step:1500/3350 val_loss:3.50039 train_time:3666.591s step_avg:2477.08ms
step:1501/3350 train_time:3669.697s step_avg:2444.83ms
step:1502/3350 train_time:3671.528s step_avg:2444.43ms
step:1503/3350 train_time:3674.637s step_avg:2444.87ms
step:1504/3350 train_time:3676.469s step_avg:2444.46ms
step:1505/3350 train_time:3679.574s step_avg:2444.90ms
step:1506/3350 train_time:3681.405s step_avg:2444.49ms
step:1507/3350 train_time:3684.511s step_avg:2444.93ms
step:1508/3350 train_time:3686.345s step_avg:2444.53ms
step:1509/3350 train_time:3689.450s step_avg:2444.96ms
step:1510/3350 train_time:3691.283s step_avg:2444.56ms
step:1511/3350 train_time:3694.388s step_avg:2445.00ms
step:1512/3350 train_time:3696.220s step_avg:2444.59ms
step:1513/3350 train_time:3699.324s step_avg:2445.03ms
step:1514/3350 train_time:3701.154s step_avg:2444.62ms
step:1515/3350 train_time:3704.259s step_avg:2445.06ms
step:1516/3350 train_time:3706.092s step_avg:2444.65ms
step:1517/3350 train_time:3709.200s step_avg:2445.09ms
step:1518/3350 train_time:3711.031s step_avg:2444.68ms
step:1519/3350 train_time:3714.137s step_avg:2445.12ms
step:1520/3350 train_time:3715.969s step_avg:2444.72ms
step:1521/3350 train_time:3719.105s step_avg:2445.17ms
step:1522/3350 train_time:3720.937s step_avg:2444.77ms
step:1523/3350 train_time:3724.045s step_avg:2445.20ms
step:1524/3350 train_time:3725.880s step_avg:2444.80ms
step:1525/3350 train_time:3729.268s step_avg:2445.42ms
step:1526/3350 train_time:3731.099s step_avg:2445.02ms
step:1527/3350 train_time:3734.204s step_avg:2445.45ms
step:1528/3350 train_time:3736.038s step_avg:2445.05ms
step:1529/3350 train_time:3739.144s step_avg:2445.48ms
step:1530/3350 train_time:3740.976s step_avg:2445.08ms
step:1531/3350 train_time:3744.083s step_avg:2445.51ms
step:1532/3350 train_time:3745.915s step_avg:2445.11ms
step:1533/3350 train_time:3749.019s step_avg:2445.54ms
step:1534/3350 train_time:3750.852s step_avg:2445.14ms
step:1535/3350 train_time:3753.956s step_avg:2445.57ms
step:1536/3350 train_time:3755.790s step_avg:2445.18ms
step:1537/3350 train_time:3758.897s step_avg:2445.61ms
step:1538/3350 train_time:3760.731s step_avg:2445.21ms
step:1539/3350 train_time:3763.840s step_avg:2445.64ms
step:1540/3350 train_time:3765.674s step_avg:2445.24ms
step:1541/3350 train_time:3768.778s step_avg:2445.67ms
step:1542/3350 train_time:3770.611s step_avg:2445.27ms
step:1543/3350 train_time:3773.721s step_avg:2445.70ms
step:1544/3350 train_time:3775.555s step_avg:2445.31ms
step:1545/3350 train_time:3778.663s step_avg:2445.74ms
step:1546/3350 train_time:3780.494s step_avg:2445.34ms
step:1547/3350 train_time:3783.604s step_avg:2445.77ms
step:1548/3350 train_time:3785.440s step_avg:2445.37ms
step:1549/3350 train_time:3788.543s step_avg:2445.80ms
step:1550/3350 train_time:3790.666s step_avg:2445.59ms
step:1551/3350 train_time:3793.769s step_avg:2446.02ms
step:1552/3350 train_time:3795.602s step_avg:2445.62ms
step:1553/3350 train_time:3798.711s step_avg:2446.05ms
step:1554/3350 train_time:3800.546s step_avg:2445.65ms
step:1555/3350 train_time:3803.648s step_avg:2446.08ms
step:1556/3350 train_time:3805.483s step_avg:2445.68ms
step:1557/3350 train_time:3808.589s step_avg:2446.11ms
step:1558/3350 train_time:3810.419s step_avg:2445.71ms
step:1559/3350 train_time:3813.527s step_avg:2446.14ms
step:1560/3350 train_time:3815.359s step_avg:2445.74ms
step:1561/3350 train_time:3818.466s step_avg:2446.17ms
step:1562/3350 train_time:3820.300s step_avg:2445.77ms
step:1563/3350 train_time:3823.405s step_avg:2446.20ms
step:1564/3350 train_time:3825.234s step_avg:2445.80ms
step:1565/3350 train_time:3828.342s step_avg:2446.22ms
step:1566/3350 train_time:3830.174s step_avg:2445.83ms
step:1567/3350 train_time:3833.280s step_avg:2446.25ms
step:1568/3350 train_time:3835.114s step_avg:2445.86ms
step:1569/3350 train_time:3838.217s step_avg:2446.28ms
step:1570/3350 train_time:3840.048s step_avg:2445.89ms
step:1571/3350 train_time:3843.156s step_avg:2446.31ms
step:1572/3350 train_time:3844.987s step_avg:2445.92ms
step:1573/3350 train_time:3848.092s step_avg:2446.34ms
step:1574/3350 train_time:3849.926s step_avg:2445.95ms
step:1575/3350 train_time:3853.321s step_avg:2446.55ms
step:1576/3350 train_time:3855.157s step_avg:2446.17ms
step:1577/3350 train_time:3858.261s step_avg:2446.58ms
step:1578/3350 train_time:3860.092s step_avg:2446.19ms
step:1579/3350 train_time:3863.197s step_avg:2446.61ms
step:1580/3350 train_time:3865.032s step_avg:2446.22ms
step:1581/3350 train_time:3868.136s step_avg:2446.64ms
step:1582/3350 train_time:3869.971s step_avg:2446.25ms
step:1583/3350 train_time:3873.077s step_avg:2446.67ms
step:1584/3350 train_time:3874.910s step_avg:2446.28ms
step:1585/3350 train_time:3878.016s step_avg:2446.70ms
step:1586/3350 train_time:3879.846s step_avg:2446.31ms
step:1587/3350 train_time:3882.955s step_avg:2446.73ms
step:1588/3350 train_time:3884.788s step_avg:2446.34ms
step:1589/3350 train_time:3887.897s step_avg:2446.76ms
step:1590/3350 train_time:3889.728s step_avg:2446.37ms
step:1591/3350 train_time:3892.832s step_avg:2446.78ms
step:1592/3350 train_time:3894.665s step_avg:2446.40ms
step:1593/3350 train_time:3897.771s step_avg:2446.81ms
step:1594/3350 train_time:3899.602s step_avg:2446.43ms
step:1595/3350 train_time:3902.709s step_avg:2446.84ms
step:1596/3350 train_time:3904.543s step_avg:2446.46ms
step:1597/3350 train_time:3907.648s step_avg:2446.87ms
step:1598/3350 train_time:3909.479s step_avg:2446.48ms
step:1599/3350 train_time:3912.583s step_avg:2446.89ms
step:1600/3350 train_time:3914.719s step_avg:2446.70ms
step:1601/3350 train_time:3917.823s step_avg:2447.11ms
step:1602/3350 train_time:3919.655s step_avg:2446.73ms
step:1603/3350 train_time:3922.764s step_avg:2447.14ms
step:1604/3350 train_time:3924.595s step_avg:2446.76ms
step:1605/3350 train_time:3927.699s step_avg:2447.16ms
step:1606/3350 train_time:3929.530s step_avg:2446.78ms
step:1607/3350 train_time:3932.637s step_avg:2447.19ms
step:1608/3350 train_time:3934.470s step_avg:2446.81ms
step:1609/3350 train_time:3937.578s step_avg:2447.22ms
step:1610/3350 train_time:3939.408s step_avg:2446.84ms
step:1611/3350 train_time:3942.514s step_avg:2447.25ms
step:1612/3350 train_time:3944.342s step_avg:2446.86ms
step:1613/3350 train_time:3947.447s step_avg:2447.27ms
step:1614/3350 train_time:3949.277s step_avg:2446.89ms
step:1615/3350 train_time:3952.384s step_avg:2447.30ms
step:1616/3350 train_time:3954.215s step_avg:2446.92ms
step:1617/3350 train_time:3957.322s step_avg:2447.32ms
step:1618/3350 train_time:3959.156s step_avg:2446.94ms
step:1619/3350 train_time:3962.261s step_avg:2447.35ms
step:1620/3350 train_time:3964.091s step_avg:2446.97ms
step:1621/3350 train_time:3967.196s step_avg:2447.38ms
step:1622/3350 train_time:3969.030s step_avg:2447.00ms
step:1623/3350 train_time:3972.141s step_avg:2447.41ms
step:1624/3350 train_time:3973.975s step_avg:2447.03ms
step:1625/3350 train_time:3977.431s step_avg:2447.65ms
step:1625/3350 val_loss:3.48222 train_time:3977.431s step_avg:2486.72ms
step:1626/3350 train_time:3979.266s step_avg:2447.27ms
step:1627/3350 train_time:3982.370s step_avg:2447.68ms
step:1628/3350 train_time:3984.203s step_avg:2447.30ms
step:1629/3350 train_time:3987.309s step_avg:2447.70ms
step:1630/3350 train_time:3989.144s step_avg:2447.33ms
step:1631/3350 train_time:3992.249s step_avg:2447.73ms
step:1632/3350 train_time:3994.082s step_avg:2447.35ms
step:1633/3350 train_time:3997.188s step_avg:2447.76ms
step:1634/3350 train_time:3999.020s step_avg:2447.38ms
step:1635/3350 train_time:4002.126s step_avg:2447.78ms
step:1636/3350 train_time:4003.960s step_avg:2447.41ms
step:1637/3350 train_time:4007.066s step_avg:2447.81ms
step:1638/3350 train_time:4008.898s step_avg:2447.43ms
step:1639/3350 train_time:4012.004s step_avg:2447.84ms
step:1640/3350 train_time:4013.837s step_avg:2447.46ms
step:1641/3350 train_time:4016.947s step_avg:2447.87ms
step:1642/3350 train_time:4018.781s step_avg:2447.49ms
step:1643/3350 train_time:4021.891s step_avg:2447.89ms
step:1644/3350 train_time:4023.723s step_avg:2447.52ms
step:1645/3350 train_time:4026.838s step_avg:2447.93ms
step:1646/3350 train_time:4028.672s step_avg:2447.55ms
step:1647/3350 train_time:4031.783s step_avg:2447.96ms
step:1648/3350 train_time:4033.616s step_avg:2447.58ms
step:1649/3350 train_time:4036.726s step_avg:2447.98ms
step:1650/3350 train_time:4038.852s step_avg:2447.79ms
step:1651/3350 train_time:4041.953s step_avg:2448.18ms
step:1652/3350 train_time:4043.784s step_avg:2447.81ms
step:1653/3350 train_time:4046.895s step_avg:2448.21ms
step:1654/3350 train_time:4048.726s step_avg:2447.84ms
step:1655/3350 train_time:4051.835s step_avg:2448.24ms
step:1656/3350 train_time:4053.670s step_avg:2447.87ms
step:1657/3350 train_time:4056.776s step_avg:2448.27ms
step:1658/3350 train_time:4058.608s step_avg:2447.89ms
step:1659/3350 train_time:4061.713s step_avg:2448.29ms
step:1660/3350 train_time:4063.545s step_avg:2447.92ms
step:1661/3350 train_time:4066.651s step_avg:2448.32ms
step:1662/3350 train_time:4068.485s step_avg:2447.95ms
step:1663/3350 train_time:4071.591s step_avg:2448.34ms
step:1664/3350 train_time:4073.423s step_avg:2447.97ms
step:1665/3350 train_time:4076.527s step_avg:2448.36ms
step:1666/3350 train_time:4078.358s step_avg:2447.99ms
step:1667/3350 train_time:4081.463s step_avg:2448.39ms
step:1668/3350 train_time:4083.296s step_avg:2448.02ms
step:1669/3350 train_time:4086.400s step_avg:2448.41ms
step:1670/3350 train_time:4088.231s step_avg:2448.04ms
step:1671/3350 train_time:4091.336s step_avg:2448.44ms
step:1672/3350 train_time:4093.169s step_avg:2448.07ms
step:1673/3350 train_time:4096.273s step_avg:2448.46ms
step:1674/3350 train_time:4098.107s step_avg:2448.09ms
step:1675/3350 train_time:4101.502s step_avg:2448.66ms
step:1676/3350 train_time:4103.337s step_avg:2448.29ms
step:1677/3350 train_time:4106.450s step_avg:2448.69ms
step:1678/3350 train_time:4108.281s step_avg:2448.32ms
step:1679/3350 train_time:4111.390s step_avg:2448.71ms
step:1680/3350 train_time:4113.222s step_avg:2448.35ms
step:1681/3350 train_time:4116.326s step_avg:2448.74ms
step:1682/3350 train_time:4118.157s step_avg:2448.37ms
step:1683/3350 train_time:4121.259s step_avg:2448.76ms
step:1684/3350 train_time:4123.091s step_avg:2448.39ms
step:1685/3350 train_time:4126.197s step_avg:2448.78ms
step:1686/3350 train_time:4128.027s step_avg:2448.41ms
step:1687/3350 train_time:4131.135s step_avg:2448.81ms
step:1688/3350 train_time:4132.966s step_avg:2448.44ms
step:1689/3350 train_time:4136.070s step_avg:2448.83ms
step:1690/3350 train_time:4137.903s step_avg:2448.46ms
step:1691/3350 train_time:4141.006s step_avg:2448.85ms
step:1692/3350 train_time:4142.840s step_avg:2448.49ms
step:1693/3350 train_time:4145.948s step_avg:2448.88ms
step:1694/3350 train_time:4147.781s step_avg:2448.51ms
step:1695/3350 train_time:4150.887s step_avg:2448.90ms
step:1696/3350 train_time:4152.716s step_avg:2448.54ms
step:1697/3350 train_time:4155.824s step_avg:2448.92ms
step:1698/3350 train_time:4157.656s step_avg:2448.56ms
step:1699/3350 train_time:4160.763s step_avg:2448.95ms
step:1700/3350 train_time:4162.902s step_avg:2448.77ms
step:1701/3350 train_time:4166.006s step_avg:2449.15ms
step:1702/3350 train_time:4167.855s step_avg:2448.80ms
step:1703/3350 train_time:4170.958s step_avg:2449.18ms
step:1704/3350 train_time:4172.791s step_avg:2448.82ms
step:1705/3350 train_time:4175.901s step_avg:2449.21ms
step:1706/3350 train_time:4177.733s step_avg:2448.85ms
step:1707/3350 train_time:4180.840s step_avg:2449.23ms
step:1708/3350 train_time:4182.673s step_avg:2448.87ms
step:1709/3350 train_time:4185.777s step_avg:2449.25ms
step:1710/3350 train_time:4187.611s step_avg:2448.90ms
step:1711/3350 train_time:4190.755s step_avg:2449.30ms
step:1712/3350 train_time:4192.591s step_avg:2448.94ms
step:1713/3350 train_time:4195.700s step_avg:2449.33ms
step:1714/3350 train_time:4197.531s step_avg:2448.97ms
step:1715/3350 train_time:4200.634s step_avg:2449.35ms
step:1716/3350 train_time:4202.468s step_avg:2448.99ms
step:1717/3350 train_time:4205.573s step_avg:2449.37ms
step:1718/3350 train_time:4207.406s step_avg:2449.01ms
step:1719/3350 train_time:4210.512s step_avg:2449.40ms
step:1720/3350 train_time:4212.345s step_avg:2449.04ms
step:1721/3350 train_time:4215.451s step_avg:2449.42ms
step:1722/3350 train_time:4217.283s step_avg:2449.06ms
step:1723/3350 train_time:4220.389s step_avg:2449.44ms
step:1724/3350 train_time:4222.222s step_avg:2449.08ms
step:1725/3350 train_time:4225.615s step_avg:2449.63ms
step:1726/3350 train_time:4227.447s step_avg:2449.27ms
step:1727/3350 train_time:4230.557s step_avg:2449.66ms
step:1728/3350 train_time:4232.391s step_avg:2449.30ms
step:1729/3350 train_time:4235.497s step_avg:2449.68ms
step:1730/3350 train_time:4237.336s step_avg:2449.33ms
step:1731/3350 train_time:4240.444s step_avg:2449.71ms
step:1732/3350 train_time:4242.276s step_avg:2449.35ms
step:1733/3350 train_time:4245.382s step_avg:2449.73ms
step:1734/3350 train_time:4247.216s step_avg:2449.37ms
step:1735/3350 train_time:4250.326s step_avg:2449.76ms
step:1736/3350 train_time:4252.164s step_avg:2449.40ms
step:1737/3350 train_time:4255.278s step_avg:2449.79ms
step:1738/3350 train_time:4257.112s step_avg:2449.43ms
step:1739/3350 train_time:4260.221s step_avg:2449.81ms
step:1740/3350 train_time:4262.054s step_avg:2449.46ms
step:1741/3350 train_time:4265.166s step_avg:2449.84ms
step:1742/3350 train_time:4267.002s step_avg:2449.48ms
step:1743/3350 train_time:4270.112s step_avg:2449.86ms
step:1744/3350 train_time:4271.948s step_avg:2449.51ms
step:1745/3350 train_time:4275.053s step_avg:2449.89ms
step:1746/3350 train_time:4276.890s step_avg:2449.54ms
step:1747/3350 train_time:4279.997s step_avg:2449.91ms
step:1748/3350 train_time:4281.834s step_avg:2449.56ms
step:1749/3350 train_time:4284.938s step_avg:2449.94ms
step:1750/3350 train_time:4287.139s step_avg:2449.79ms
step:1750/3350 val_loss:3.46014 train_time:4287.140s step_avg:2477.67ms
step:1751/3350 train_time:4290.240s step_avg:2450.17ms
step:1752/3350 train_time:4292.073s step_avg:2449.81ms
step:1753/3350 train_time:4295.179s step_avg:2450.19ms
step:1754/3350 train_time:4297.010s step_avg:2449.83ms
step:1755/3350 train_time:4300.115s step_avg:2450.21ms
step:1756/3350 train_time:4301.946s step_avg:2449.86ms
step:1757/3350 train_time:4305.054s step_avg:2450.23ms
step:1758/3350 train_time:4306.885s step_avg:2449.88ms
step:1759/3350 train_time:4309.991s step_avg:2450.25ms
step:1760/3350 train_time:4311.822s step_avg:2449.90ms
step:1761/3350 train_time:4314.924s step_avg:2450.27ms
step:1762/3350 train_time:4316.756s step_avg:2449.92ms
step:1763/3350 train_time:4319.863s step_avg:2450.29ms
step:1764/3350 train_time:4321.695s step_avg:2449.94ms
step:1765/3350 train_time:4324.799s step_avg:2450.31ms
step:1766/3350 train_time:4326.631s step_avg:2449.96ms
step:1767/3350 train_time:4329.737s step_avg:2450.33ms
step:1768/3350 train_time:4331.570s step_avg:2449.98ms
step:1769/3350 train_time:4334.678s step_avg:2450.35ms
step:1770/3350 train_time:4336.509s step_avg:2450.01ms
step:1771/3350 train_time:4339.620s step_avg:2450.38ms
step:1772/3350 train_time:4341.455s step_avg:2450.03ms
step:1773/3350 train_time:4344.558s step_avg:2450.40ms
step:1774/3350 train_time:4346.390s step_avg:2450.05ms
step:1775/3350 train_time:4349.784s step_avg:2450.58ms
step:1776/3350 train_time:4351.617s step_avg:2450.24ms
step:1777/3350 train_time:4354.723s step_avg:2450.60ms
step:1778/3350 train_time:4356.554s step_avg:2450.26ms
step:1779/3350 train_time:4359.657s step_avg:2450.62ms
step:1780/3350 train_time:4361.491s step_avg:2450.28ms
step:1781/3350 train_time:4364.596s step_avg:2450.64ms
step:1782/3350 train_time:4366.430s step_avg:2450.30ms
step:1783/3350 train_time:4369.537s step_avg:2450.67ms
step:1784/3350 train_time:4371.370s step_avg:2450.32ms
step:1785/3350 train_time:4374.475s step_avg:2450.69ms
step:1786/3350 train_time:4376.305s step_avg:2450.34ms
step:1787/3350 train_time:4379.411s step_avg:2450.71ms
step:1788/3350 train_time:4381.242s step_avg:2450.36ms
step:1789/3350 train_time:4384.348s step_avg:2450.73ms
step:1790/3350 train_time:4386.178s step_avg:2450.38ms
step:1791/3350 train_time:4389.286s step_avg:2450.75ms
step:1792/3350 train_time:4391.118s step_avg:2450.40ms
step:1793/3350 train_time:4394.223s step_avg:2450.77ms
step:1794/3350 train_time:4396.053s step_avg:2450.42ms
step:1795/3350 train_time:4399.161s step_avg:2450.79ms
step:1796/3350 train_time:4400.995s step_avg:2450.44ms
step:1797/3350 train_time:4404.106s step_avg:2450.81ms
step:1798/3350 train_time:4405.937s step_avg:2450.47ms
step:1799/3350 train_time:4409.042s step_avg:2450.83ms
step:1800/3350 train_time:4411.177s step_avg:2450.65ms
step:1801/3350 train_time:4414.279s step_avg:2451.02ms
step:1802/3350 train_time:4416.112s step_avg:2450.67ms
step:1803/3350 train_time:4419.217s step_avg:2451.04ms
step:1804/3350 train_time:4421.048s step_avg:2450.69ms
step:1805/3350 train_time:4424.155s step_avg:2451.06ms
step:1806/3350 train_time:4425.986s step_avg:2450.71ms
step:1807/3350 train_time:4429.091s step_avg:2451.07ms
step:1808/3350 train_time:4430.926s step_avg:2450.73ms
step:1809/3350 train_time:4434.029s step_avg:2451.09ms
step:1810/3350 train_time:4435.860s step_avg:2450.75ms
step:1811/3350 train_time:4438.963s step_avg:2451.11ms
step:1812/3350 train_time:4440.794s step_avg:2450.77ms
step:1813/3350 train_time:4443.900s step_avg:2451.13ms
step:1814/3350 train_time:4445.733s step_avg:2450.79ms
step:1815/3350 train_time:4448.838s step_avg:2451.15ms
step:1816/3350 train_time:4450.666s step_avg:2450.81ms
step:1817/3350 train_time:4453.772s step_avg:2451.17ms
step:1818/3350 train_time:4455.602s step_avg:2450.83ms
step:1819/3350 train_time:4458.706s step_avg:2451.19ms
step:1820/3350 train_time:4460.538s step_avg:2450.85ms
step:1821/3350 train_time:4463.642s step_avg:2451.20ms
step:1822/3350 train_time:4465.474s step_avg:2450.86ms
step:1823/3350 train_time:4468.578s step_avg:2451.22ms
step:1824/3350 train_time:4470.408s step_avg:2450.88ms
step:1825/3350 train_time:4473.799s step_avg:2451.40ms
step:1826/3350 train_time:4475.630s step_avg:2451.06ms
step:1827/3350 train_time:4478.737s step_avg:2451.42ms
step:1828/3350 train_time:4480.567s step_avg:2451.08ms
step:1829/3350 train_time:4483.679s step_avg:2451.44ms
step:1830/3350 train_time:4485.511s step_avg:2451.10ms
step:1831/3350 train_time:4488.617s step_avg:2451.46ms
step:1832/3350 train_time:4490.448s step_avg:2451.12ms
step:1833/3350 train_time:4493.557s step_avg:2451.48ms
step:1834/3350 train_time:4495.389s step_avg:2451.14ms
step:1835/3350 train_time:4498.496s step_avg:2451.50ms
step:1836/3350 train_time:4500.326s step_avg:2451.16ms
step:1837/3350 train_time:4503.435s step_avg:2451.52ms
step:1838/3350 train_time:4505.266s step_avg:2451.18ms
step:1839/3350 train_time:4508.371s step_avg:2451.53ms
step:1840/3350 train_time:4510.203s step_avg:2451.20ms
step:1841/3350 train_time:4513.306s step_avg:2451.55ms
step:1842/3350 train_time:4515.137s step_avg:2451.21ms
step:1843/3350 train_time:4518.243s step_avg:2451.57ms
step:1844/3350 train_time:4520.074s step_avg:2451.23ms
step:1845/3350 train_time:4523.182s step_avg:2451.59ms
step:1846/3350 train_time:4525.015s step_avg:2451.25ms
step:1847/3350 train_time:4528.118s step_avg:2451.61ms
step:1848/3350 train_time:4529.950s step_avg:2451.27ms
step:1849/3350 train_time:4533.055s step_avg:2451.63ms
step:1850/3350 train_time:4535.176s step_avg:2451.45ms
step:1851/3350 train_time:4538.277s step_avg:2451.80ms
step:1852/3350 train_time:4540.111s step_avg:2451.46ms
step:1853/3350 train_time:4543.217s step_avg:2451.82ms
step:1854/3350 train_time:4545.046s step_avg:2451.48ms
step:1855/3350 train_time:4548.150s step_avg:2451.83ms
step:1856/3350 train_time:4549.980s step_avg:2451.50ms
step:1857/3350 train_time:4553.086s step_avg:2451.85ms
step:1858/3350 train_time:4554.917s step_avg:2451.52ms
step:1859/3350 train_time:4558.021s step_avg:2451.87ms
step:1860/3350 train_time:4559.853s step_avg:2451.53ms
step:1861/3350 train_time:4562.963s step_avg:2451.89ms
step:1862/3350 train_time:4564.795s step_avg:2451.55ms
step:1863/3350 train_time:4567.905s step_avg:2451.91ms
step:1864/3350 train_time:4569.737s step_avg:2451.58ms
step:1865/3350 train_time:4572.849s step_avg:2451.93ms
step:1866/3350 train_time:4574.682s step_avg:2451.60ms
step:1867/3350 train_time:4577.788s step_avg:2451.95ms
step:1868/3350 train_time:4579.620s step_avg:2451.62ms
step:1869/3350 train_time:4582.731s step_avg:2451.97ms
step:1870/3350 train_time:4584.564s step_avg:2451.64ms
step:1871/3350 train_time:4587.669s step_avg:2451.99ms
step:1872/3350 train_time:4589.504s step_avg:2451.66ms
step:1873/3350 train_time:4592.609s step_avg:2452.01ms
step:1874/3350 train_time:4594.444s step_avg:2451.68ms
step:1875/3350 train_time:4597.906s step_avg:2452.22ms
step:1875/3350 val_loss:3.44095 train_time:4597.906s step_avg:2486.13ms
step:1876/3350 train_time:4599.741s step_avg:2451.89ms
step:1877/3350 train_time:4602.848s step_avg:2452.24ms
step:1878/3350 train_time:4604.682s step_avg:2451.91ms
step:1879/3350 train_time:4607.786s step_avg:2452.25ms
step:1880/3350 train_time:4609.620s step_avg:2451.93ms
step:1881/3350 train_time:4612.727s step_avg:2452.27ms
step:1882/3350 train_time:4614.559s step_avg:2451.94ms
step:1883/3350 train_time:4617.667s step_avg:2452.29ms
step:1884/3350 train_time:4619.503s step_avg:2451.97ms
step:1885/3350 train_time:4622.612s step_avg:2452.31ms
step:1886/3350 train_time:4624.444s step_avg:2451.99ms
step:1887/3350 train_time:4627.549s step_avg:2452.33ms
step:1888/3350 train_time:4629.383s step_avg:2452.00ms
step:1889/3350 train_time:4632.493s step_avg:2452.35ms
step:1890/3350 train_time:4634.326s step_avg:2452.02ms
step:1891/3350 train_time:4637.431s step_avg:2452.37ms
step:1892/3350 train_time:4639.266s step_avg:2452.04ms
step:1893/3350 train_time:4642.371s step_avg:2452.39ms
step:1894/3350 train_time:4644.203s step_avg:2452.06ms
step:1895/3350 train_time:4647.308s step_avg:2452.41ms
step:1896/3350 train_time:4649.144s step_avg:2452.08ms
step:1897/3350 train_time:4652.253s step_avg:2452.43ms
step:1898/3350 train_time:4654.090s step_avg:2452.10ms
step:1899/3350 train_time:4657.198s step_avg:2452.45ms
step:1900/3350 train_time:4659.347s step_avg:2452.29ms
step:1901/3350 train_time:4662.489s step_avg:2452.65ms
step:1902/3350 train_time:4664.322s step_avg:2452.32ms
step:1903/3350 train_time:4667.427s step_avg:2452.67ms
step:1904/3350 train_time:4669.260s step_avg:2452.34ms
step:1905/3350 train_time:4672.372s step_avg:2452.69ms
step:1906/3350 train_time:4674.204s step_avg:2452.36ms
step:1907/3350 train_time:4677.311s step_avg:2452.71ms
step:1908/3350 train_time:4679.144s step_avg:2452.38ms
step:1909/3350 train_time:4682.250s step_avg:2452.72ms
step:1910/3350 train_time:4684.081s step_avg:2452.40ms
step:1911/3350 train_time:4687.188s step_avg:2452.74ms
step:1912/3350 train_time:4689.022s step_avg:2452.42ms
step:1913/3350 train_time:4692.130s step_avg:2452.76ms
step:1914/3350 train_time:4693.965s step_avg:2452.44ms
step:1915/3350 train_time:4697.071s step_avg:2452.78ms
step:1916/3350 train_time:4698.902s step_avg:2452.45ms
step:1917/3350 train_time:4702.013s step_avg:2452.80ms
step:1918/3350 train_time:4703.846s step_avg:2452.47ms
step:1919/3350 train_time:4706.953s step_avg:2452.82ms
step:1920/3350 train_time:4708.786s step_avg:2452.49ms
step:1921/3350 train_time:4711.894s step_avg:2452.83ms
step:1922/3350 train_time:4713.726s step_avg:2452.51ms
step:1923/3350 train_time:4716.832s step_avg:2452.85ms
step:1924/3350 train_time:4718.664s step_avg:2452.53ms
step:1925/3350 train_time:4722.060s step_avg:2453.02ms
step:1926/3350 train_time:4723.893s step_avg:2452.70ms
step:1927/3350 train_time:4726.996s step_avg:2453.03ms
step:1928/3350 train_time:4728.831s step_avg:2452.71ms
step:1929/3350 train_time:4731.941s step_avg:2453.05ms
step:1930/3350 train_time:4733.773s step_avg:2452.73ms
step:1931/3350 train_time:4736.882s step_avg:2453.07ms
step:1932/3350 train_time:4738.717s step_avg:2452.75ms
step:1933/3350 train_time:4741.822s step_avg:2453.09ms
step:1934/3350 train_time:4743.653s step_avg:2452.77ms
step:1935/3350 train_time:4746.757s step_avg:2453.10ms
step:1936/3350 train_time:4748.587s step_avg:2452.78ms
step:1937/3350 train_time:4751.697s step_avg:2453.12ms
step:1938/3350 train_time:4753.528s step_avg:2452.80ms
step:1939/3350 train_time:4756.632s step_avg:2453.14ms
step:1940/3350 train_time:4758.464s step_avg:2452.82ms
step:1941/3350 train_time:4761.570s step_avg:2453.15ms
step:1942/3350 train_time:4763.402s step_avg:2452.83ms
step:1943/3350 train_time:4766.507s step_avg:2453.17ms
step:1944/3350 train_time:4768.339s step_avg:2452.85ms
step:1945/3350 train_time:4771.443s step_avg:2453.18ms
step:1946/3350 train_time:4773.276s step_avg:2452.87ms
step:1947/3350 train_time:4776.383s step_avg:2453.20ms
step:1948/3350 train_time:4778.216s step_avg:2452.88ms
step:1949/3350 train_time:4781.326s step_avg:2453.22ms
step:1950/3350 train_time:4783.452s step_avg:2453.05ms
step:1951/3350 train_time:4786.553s step_avg:2453.38ms
step:1952/3350 train_time:4788.387s step_avg:2453.07ms
step:1953/3350 train_time:4791.498s step_avg:2453.40ms
step:1954/3350 train_time:4793.332s step_avg:2453.09ms
step:1955/3350 train_time:4796.439s step_avg:2453.42ms
step:1956/3350 train_time:4798.271s step_avg:2453.10ms
step:1957/3350 train_time:4801.384s step_avg:2453.44ms
step:1958/3350 train_time:4803.217s step_avg:2453.12ms
step:1959/3350 train_time:4806.326s step_avg:2453.46ms
step:1960/3350 train_time:4808.159s step_avg:2453.14ms
step:1961/3350 train_time:4811.267s step_avg:2453.48ms
step:1962/3350 train_time:4813.103s step_avg:2453.16ms
step:1963/3350 train_time:4816.209s step_avg:2453.49ms
step:1964/3350 train_time:4818.040s step_avg:2453.18ms
step:1965/3350 train_time:4821.153s step_avg:2453.51ms
step:1966/3350 train_time:4822.986s step_avg:2453.20ms
step:1967/3350 train_time:4826.094s step_avg:2453.53ms
step:1968/3350 train_time:4827.927s step_avg:2453.21ms
step:1969/3350 train_time:4831.043s step_avg:2453.55ms
step:1970/3350 train_time:4832.876s step_avg:2453.24ms
step:1971/3350 train_time:4835.991s step_avg:2453.57ms
step:1972/3350 train_time:4837.823s step_avg:2453.26ms
step:1973/3350 train_time:4840.931s step_avg:2453.59ms
step:1974/3350 train_time:4842.765s step_avg:2453.28ms
step:1975/3350 train_time:4846.156s step_avg:2453.75ms
step:1976/3350 train_time:4847.984s step_avg:2453.43ms
step:1977/3350 train_time:4851.091s step_avg:2453.76ms
step:1978/3350 train_time:4852.923s step_avg:2453.45ms
step:1979/3350 train_time:4856.028s step_avg:2453.78ms
step:1980/3350 train_time:4857.861s step_avg:2453.47ms
step:1981/3350 train_time:4860.968s step_avg:2453.80ms
step:1982/3350 train_time:4862.798s step_avg:2453.48ms
step:1983/3350 train_time:4865.907s step_avg:2453.81ms
step:1984/3350 train_time:4867.739s step_avg:2453.50ms
step:1985/3350 train_time:4870.850s step_avg:2453.83ms
step:1986/3350 train_time:4872.683s step_avg:2453.52ms
step:1987/3350 train_time:4875.786s step_avg:2453.84ms
step:1988/3350 train_time:4877.621s step_avg:2453.53ms
step:1989/3350 train_time:4880.729s step_avg:2453.86ms
step:1990/3350 train_time:4882.563s step_avg:2453.55ms
step:1991/3350 train_time:4885.668s step_avg:2453.88ms
step:1992/3350 train_time:4887.503s step_avg:2453.57ms
step:1993/3350 train_time:4890.614s step_avg:2453.90ms
step:1994/3350 train_time:4892.443s step_avg:2453.58ms
step:1995/3350 train_time:4895.548s step_avg:2453.91ms
step:1996/3350 train_time:4897.380s step_avg:2453.60ms
step:1997/3350 train_time:4900.488s step_avg:2453.92ms
step:1998/3350 train_time:4902.323s step_avg:2453.62ms
step:1999/3350 train_time:4905.425s step_avg:2453.94ms
step:2000/3350 train_time:4907.628s step_avg:2453.81ms
step:2000/3350 val_loss:3.42241 train_time:4907.629s step_avg:2477.78ms
step:2001/3350 train_time:4910.730s step_avg:2454.14ms
step:2002/3350 train_time:4912.566s step_avg:2453.83ms
step:2003/3350 train_time:4915.671s step_avg:2454.15ms
step:2004/3350 train_time:4917.508s step_avg:2453.85ms
step:2005/3350 train_time:4920.619s step_avg:2454.17ms
step:2006/3350 train_time:4922.452s step_avg:2453.86ms
step:2007/3350 train_time:4925.566s step_avg:2454.19ms
step:2008/3350 train_time:4927.398s step_avg:2453.88ms
step:2009/3350 train_time:4930.502s step_avg:2454.21ms
step:2010/3350 train_time:4932.334s step_avg:2453.90ms
step:2011/3350 train_time:4935.440s step_avg:2454.22ms
step:2012/3350 train_time:4937.271s step_avg:2453.91ms
step:2013/3350 train_time:4940.379s step_avg:2454.24ms
step:2014/3350 train_time:4942.213s step_avg:2453.93ms
step:2015/3350 train_time:4945.319s step_avg:2454.25ms
step:2016/3350 train_time:4947.152s step_avg:2453.94ms
step:2017/3350 train_time:4950.256s step_avg:2454.27ms
step:2018/3350 train_time:4952.088s step_avg:2453.96ms
step:2019/3350 train_time:4955.190s step_avg:2454.28ms
step:2020/3350 train_time:4957.023s step_avg:2453.97ms
step:2021/3350 train_time:4960.132s step_avg:2454.30ms
step:2022/3350 train_time:4961.967s step_avg:2453.99ms
step:2023/3350 train_time:4965.073s step_avg:2454.31ms
step:2024/3350 train_time:4966.913s step_avg:2454.01ms
step:2025/3350 train_time:4970.314s step_avg:2454.48ms
step:2026/3350 train_time:4972.149s step_avg:2454.17ms
step:2027/3350 train_time:4975.256s step_avg:2454.49ms
step:2028/3350 train_time:4977.090s step_avg:2454.19ms
step:2029/3350 train_time:4980.193s step_avg:2454.51ms
step:2030/3350 train_time:4982.027s step_avg:2454.20ms
step:2031/3350 train_time:4985.133s step_avg:2454.52ms
step:2032/3350 train_time:4986.969s step_avg:2454.22ms
step:2033/3350 train_time:4990.077s step_avg:2454.54ms
step:2034/3350 train_time:4991.910s step_avg:2454.23ms
step:2035/3350 train_time:4995.017s step_avg:2454.55ms
step:2036/3350 train_time:4996.849s step_avg:2454.25ms
step:2037/3350 train_time:4999.960s step_avg:2454.57ms
step:2038/3350 train_time:5001.793s step_avg:2454.27ms
step:2039/3350 train_time:5004.899s step_avg:2454.59ms
step:2040/3350 train_time:5006.732s step_avg:2454.28ms
step:2041/3350 train_time:5009.838s step_avg:2454.60ms
step:2042/3350 train_time:5011.668s step_avg:2454.29ms
step:2043/3350 train_time:5014.776s step_avg:2454.61ms
step:2044/3350 train_time:5016.611s step_avg:2454.31ms
step:2045/3350 train_time:5019.719s step_avg:2454.63ms
step:2046/3350 train_time:5021.555s step_avg:2454.33ms
step:2047/3350 train_time:5024.660s step_avg:2454.65ms
step:2048/3350 train_time:5026.495s step_avg:2454.34ms
step:2049/3350 train_time:5029.603s step_avg:2454.66ms
step:2050/3350 train_time:5031.727s step_avg:2454.50ms
step:2051/3350 train_time:5034.830s step_avg:2454.82ms
step:2052/3350 train_time:5036.664s step_avg:2454.51ms
step:2053/3350 train_time:5039.775s step_avg:2454.83ms
step:2054/3350 train_time:5041.608s step_avg:2454.53ms
step:2055/3350 train_time:5044.714s step_avg:2454.85ms
step:2056/3350 train_time:5046.545s step_avg:2454.55ms
step:2057/3350 train_time:5049.649s step_avg:2454.86ms
step:2058/3350 train_time:5051.481s step_avg:2454.56ms
step:2059/3350 train_time:5054.590s step_avg:2454.88ms
step:2060/3350 train_time:5056.422s step_avg:2454.57ms
step:2061/3350 train_time:5059.529s step_avg:2454.89ms
step:2062/3350 train_time:5061.362s step_avg:2454.59ms
step:2063/3350 train_time:5064.471s step_avg:2454.91ms
step:2064/3350 train_time:5066.302s step_avg:2454.60ms
step:2065/3350 train_time:5069.410s step_avg:2454.92ms
step:2066/3350 train_time:5071.241s step_avg:2454.62ms
step:2067/3350 train_time:5074.348s step_avg:2454.93ms
step:2068/3350 train_time:5076.180s step_avg:2454.63ms
step:2069/3350 train_time:5079.287s step_avg:2454.95ms
step:2070/3350 train_time:5081.119s step_avg:2454.65ms
step:2071/3350 train_time:5084.223s step_avg:2454.96ms
step:2072/3350 train_time:5086.055s step_avg:2454.66ms
step:2073/3350 train_time:5089.165s step_avg:2454.98ms
step:2074/3350 train_time:5090.998s step_avg:2454.68ms
step:2075/3350 train_time:5094.390s step_avg:2455.13ms
step:2076/3350 train_time:5096.222s step_avg:2454.83ms
step:2077/3350 train_time:5099.328s step_avg:2455.14ms
step:2078/3350 train_time:5101.158s step_avg:2454.84ms
step:2079/3350 train_time:5104.265s step_avg:2455.15ms
step:2080/3350 train_time:5106.097s step_avg:2454.85ms
step:2081/3350 train_time:5109.202s step_avg:2455.17ms
step:2082/3350 train_time:5111.038s step_avg:2454.87ms
step:2083/3350 train_time:5114.145s step_avg:2455.18ms
step:2084/3350 train_time:5115.977s step_avg:2454.88ms
step:2085/3350 train_time:5119.081s step_avg:2455.19ms
step:2086/3350 train_time:5120.912s step_avg:2454.90ms
step:2087/3350 train_time:5124.017s step_avg:2455.21ms
step:2088/3350 train_time:5125.852s step_avg:2454.91ms
step:2089/3350 train_time:5128.962s step_avg:2455.22ms
step:2090/3350 train_time:5130.793s step_avg:2454.92ms
step:2091/3350 train_time:5133.928s step_avg:2455.25ms
step:2092/3350 train_time:5135.760s step_avg:2454.95ms
step:2093/3350 train_time:5138.867s step_avg:2455.26ms
step:2094/3350 train_time:5140.699s step_avg:2454.97ms
step:2095/3350 train_time:5143.808s step_avg:2455.28ms
step:2096/3350 train_time:5145.643s step_avg:2454.98ms
step:2097/3350 train_time:5148.749s step_avg:2455.29ms
step:2098/3350 train_time:5150.581s step_avg:2455.00ms
step:2099/3350 train_time:5153.684s step_avg:2455.30ms
step:2100/3350 train_time:5155.825s step_avg:2455.15ms
step:2101/3350 train_time:5158.926s step_avg:2455.46ms
step:2102/3350 train_time:5160.757s step_avg:2455.17ms
step:2103/3350 train_time:5163.864s step_avg:2455.48ms
step:2104/3350 train_time:5165.695s step_avg:2455.18ms
step:2105/3350 train_time:5168.803s step_avg:2455.49ms
step:2106/3350 train_time:5170.635s step_avg:2455.19ms
step:2107/3350 train_time:5173.740s step_avg:2455.50ms
step:2108/3350 train_time:5175.572s step_avg:2455.20ms
step:2109/3350 train_time:5178.678s step_avg:2455.51ms
step:2110/3350 train_time:5180.513s step_avg:2455.22ms
step:2111/3350 train_time:5183.617s step_avg:2455.53ms
step:2112/3350 train_time:5185.451s step_avg:2455.23ms
step:2113/3350 train_time:5188.557s step_avg:2455.54ms
step:2114/3350 train_time:5190.389s step_avg:2455.25ms
step:2115/3350 train_time:5193.489s step_avg:2455.55ms
step:2116/3350 train_time:5195.320s step_avg:2455.26ms
step:2117/3350 train_time:5198.426s step_avg:2455.56ms
step:2118/3350 train_time:5200.258s step_avg:2455.27ms
step:2119/3350 train_time:5203.362s step_avg:2455.57ms
step:2120/3350 train_time:5205.193s step_avg:2455.28ms
step:2121/3350 train_time:5208.296s step_avg:2455.59ms
step:2122/3350 train_time:5210.131s step_avg:2455.29ms
step:2123/3350 train_time:5213.238s step_avg:2455.60ms
step:2124/3350 train_time:5215.070s step_avg:2455.31ms
step:2125/3350 train_time:5218.534s step_avg:2455.78ms
step:2125/3350 val_loss:3.40640 train_time:5218.534s step_avg:2487.24ms
step:2126/3350 train_time:5220.369s step_avg:2455.49ms
step:2127/3350 train_time:5223.478s step_avg:2455.80ms
step:2128/3350 train_time:5225.313s step_avg:2455.50ms
step:2129/3350 train_time:5228.418s step_avg:2455.81ms
step:2130/3350 train_time:5230.254s step_avg:2455.52ms
step:2131/3350 train_time:5233.359s step_avg:2455.82ms
step:2132/3350 train_time:5235.193s step_avg:2455.53ms
step:2133/3350 train_time:5238.300s step_avg:2455.84ms
step:2134/3350 train_time:5240.132s step_avg:2455.54ms
step:2135/3350 train_time:5243.238s step_avg:2455.85ms
step:2136/3350 train_time:5245.070s step_avg:2455.56ms
step:2137/3350 train_time:5248.176s step_avg:2455.86ms
step:2138/3350 train_time:5250.010s step_avg:2455.57ms
step:2139/3350 train_time:5253.115s step_avg:2455.87ms
step:2140/3350 train_time:5254.948s step_avg:2455.58ms
step:2141/3350 train_time:5258.053s step_avg:2455.89ms
step:2142/3350 train_time:5259.886s step_avg:2455.60ms
step:2143/3350 train_time:5262.990s step_avg:2455.90ms
step:2144/3350 train_time:5264.825s step_avg:2455.61ms
step:2145/3350 train_time:5267.933s step_avg:2455.91ms
step:2146/3350 train_time:5269.765s step_avg:2455.62ms
step:2147/3350 train_time:5272.874s step_avg:2455.93ms
step:2148/3350 train_time:5274.708s step_avg:2455.64ms
step:2149/3350 train_time:5277.814s step_avg:2455.94ms
step:2150/3350 train_time:5279.938s step_avg:2455.78ms
step:2151/3350 train_time:5283.041s step_avg:2456.09ms
step:2152/3350 train_time:5284.872s step_avg:2455.80ms
step:2153/3350 train_time:5287.977s step_avg:2456.10ms
step:2154/3350 train_time:5289.811s step_avg:2455.81ms
step:2155/3350 train_time:5292.913s step_avg:2456.11ms
step:2156/3350 train_time:5294.746s step_avg:2455.82ms
step:2157/3350 train_time:5297.852s step_avg:2456.12ms
step:2158/3350 train_time:5299.687s step_avg:2455.83ms
step:2159/3350 train_time:5302.789s step_avg:2456.13ms
step:2160/3350 train_time:5304.619s step_avg:2455.84ms
step:2161/3350 train_time:5307.722s step_avg:2456.14ms
step:2162/3350 train_time:5309.552s step_avg:2455.85ms
step:2163/3350 train_time:5312.657s step_avg:2456.15ms
step:2164/3350 train_time:5314.487s step_avg:2455.86ms
step:2165/3350 train_time:5317.592s step_avg:2456.16ms
step:2166/3350 train_time:5319.424s step_avg:2455.87ms
step:2167/3350 train_time:5322.527s step_avg:2456.17ms
step:2168/3350 train_time:5324.358s step_avg:2455.88ms
step:2169/3350 train_time:5327.463s step_avg:2456.18ms
step:2170/3350 train_time:5329.299s step_avg:2455.90ms
step:2171/3350 train_time:5332.405s step_avg:2456.20ms
step:2172/3350 train_time:5334.240s step_avg:2455.91ms
step:2173/3350 train_time:5337.345s step_avg:2456.21ms
step:2174/3350 train_time:5339.178s step_avg:2455.92ms
step:2175/3350 train_time:5342.583s step_avg:2456.36ms
step:2176/3350 train_time:5344.416s step_avg:2456.07ms
step:2177/3350 train_time:5347.522s step_avg:2456.37ms
step:2178/3350 train_time:5349.356s step_avg:2456.09ms
step:2179/3350 train_time:5352.463s step_avg:2456.39ms
step:2180/3350 train_time:5354.293s step_avg:2456.10ms
step:2181/3350 train_time:5357.399s step_avg:2456.40ms
step:2182/3350 train_time:5359.234s step_avg:2456.11ms
step:2183/3350 train_time:5362.340s step_avg:2456.41ms
step:2184/3350 train_time:5364.176s step_avg:2456.12ms
step:2185/3350 train_time:5367.284s step_avg:2456.42ms
step:2186/3350 train_time:5369.116s step_avg:2456.14ms
step:2187/3350 train_time:5372.226s step_avg:2456.44ms
step:2188/3350 train_time:5374.063s step_avg:2456.15ms
step:2189/3350 train_time:5377.166s step_avg:2456.45ms
step:2190/3350 train_time:5379.001s step_avg:2456.17ms
step:2191/3350 train_time:5382.107s step_avg:2456.46ms
step:2192/3350 train_time:5383.938s step_avg:2456.18ms
step:2193/3350 train_time:5387.045s step_avg:2456.47ms
step:2194/3350 train_time:5388.880s step_avg:2456.19ms
step:2195/3350 train_time:5391.985s step_avg:2456.49ms
step:2196/3350 train_time:5393.821s step_avg:2456.20ms
step:2197/3350 train_time:5396.931s step_avg:2456.50ms
step:2198/3350 train_time:5398.770s step_avg:2456.22ms
step:2199/3350 train_time:5401.878s step_avg:2456.52ms
step:2200/3350 train_time:5404.031s step_avg:2456.38ms
step:2201/3350 train_time:5407.136s step_avg:2456.67ms
step:2202/3350 train_time:5408.976s step_avg:2456.39ms
step:2203/3350 train_time:5412.085s step_avg:2456.69ms
step:2204/3350 train_time:5413.924s step_avg:2456.41ms
step:2205/3350 train_time:5417.037s step_avg:2456.71ms
step:2206/3350 train_time:5418.871s step_avg:2456.42ms
step:2207/3350 train_time:5421.979s step_avg:2456.72ms
step:2208/3350 train_time:5423.818s step_avg:2456.44ms
step:2209/3350 train_time:5426.928s step_avg:2456.74ms
step:2210/3350 train_time:5428.769s step_avg:2456.46ms
step:2211/3350 train_time:5431.877s step_avg:2456.75ms
step:2212/3350 train_time:5433.713s step_avg:2456.47ms
step:2213/3350 train_time:5436.821s step_avg:2456.76ms
step:2214/3350 train_time:5438.662s step_avg:2456.49ms
step:2215/3350 train_time:5441.771s step_avg:2456.78ms
step:2216/3350 train_time:5443.608s step_avg:2456.50ms
step:2217/3350 train_time:5446.719s step_avg:2456.80ms
step:2218/3350 train_time:5448.560s step_avg:2456.52ms
step:2219/3350 train_time:5451.667s step_avg:2456.81ms
step:2220/3350 train_time:5453.503s step_avg:2456.53ms
step:2221/3350 train_time:5456.615s step_avg:2456.83ms
step:2222/3350 train_time:5458.451s step_avg:2456.55ms
step:2223/3350 train_time:5461.555s step_avg:2456.84ms
step:2224/3350 train_time:5463.390s step_avg:2456.56ms
step:2225/3350 train_time:5466.783s step_avg:2456.98ms
step:2226/3350 train_time:5468.616s step_avg:2456.70ms
step:2227/3350 train_time:5471.723s step_avg:2456.99ms
step:2228/3350 train_time:5473.552s step_avg:2456.71ms
step:2229/3350 train_time:5476.666s step_avg:2457.01ms
step:2230/3350 train_time:5478.504s step_avg:2456.73ms
step:2231/3350 train_time:5481.614s step_avg:2457.02ms
step:2232/3350 train_time:5483.448s step_avg:2456.74ms
step:2233/3350 train_time:5486.555s step_avg:2457.03ms
step:2234/3350 train_time:5488.394s step_avg:2456.76ms
step:2235/3350 train_time:5491.500s step_avg:2457.05ms
step:2236/3350 train_time:5493.336s step_avg:2456.77ms
step:2237/3350 train_time:5496.452s step_avg:2457.06ms
step:2238/3350 train_time:5498.286s step_avg:2456.79ms
step:2239/3350 train_time:5501.396s step_avg:2457.08ms
step:2240/3350 train_time:5503.231s step_avg:2456.80ms
step:2241/3350 train_time:5506.341s step_avg:2457.09ms
step:2242/3350 train_time:5508.176s step_avg:2456.81ms
step:2243/3350 train_time:5511.283s step_avg:2457.10ms
step:2244/3350 train_time:5513.120s step_avg:2456.83ms
step:2245/3350 train_time:5516.226s step_avg:2457.12ms
step:2246/3350 train_time:5518.060s step_avg:2456.84ms
step:2247/3350 train_time:5521.168s step_avg:2457.13ms
step:2248/3350 train_time:5523.005s step_avg:2456.85ms
step:2249/3350 train_time:5526.111s step_avg:2457.14ms
step:2250/3350 train_time:5528.317s step_avg:2457.03ms
step:2250/3350 val_loss:3.39008 train_time:5528.317s step_avg:2478.26ms
step:2251/3350 train_time:5531.423s step_avg:2457.32ms
step:2252/3350 train_time:5533.261s step_avg:2457.04ms
step:2253/3350 train_time:5536.371s step_avg:2457.33ms
step:2254/3350 train_time:5538.209s step_avg:2457.06ms
step:2255/3350 train_time:5541.318s step_avg:2457.35ms
step:2256/3350 train_time:5543.155s step_avg:2457.07ms
step:2257/3350 train_time:5546.261s step_avg:2457.36ms
step:2258/3350 train_time:5548.093s step_avg:2457.08ms
step:2259/3350 train_time:5551.199s step_avg:2457.37ms
step:2260/3350 train_time:5553.034s step_avg:2457.09ms
step:2261/3350 train_time:5556.142s step_avg:2457.38ms
step:2262/3350 train_time:5557.978s step_avg:2457.11ms
step:2263/3350 train_time:5561.086s step_avg:2457.40ms
step:2264/3350 train_time:5562.923s step_avg:2457.12ms
step:2265/3350 train_time:5566.029s step_avg:2457.41ms
step:2266/3350 train_time:5567.868s step_avg:2457.13ms
step:2267/3350 train_time:5570.976s step_avg:2457.42ms
step:2268/3350 train_time:5572.811s step_avg:2457.15ms
step:2269/3350 train_time:5575.921s step_avg:2457.44ms
step:2270/3350 train_time:5577.757s step_avg:2457.16ms
step:2271/3350 train_time:5580.864s step_avg:2457.45ms
step:2272/3350 train_time:5582.700s step_avg:2457.17ms
step:2273/3350 train_time:5585.808s step_avg:2457.46ms
step:2274/3350 train_time:5587.640s step_avg:2457.19ms
step:2275/3350 train_time:5591.034s step_avg:2457.60ms
step:2276/3350 train_time:5592.867s step_avg:2457.32ms
step:2277/3350 train_time:5595.979s step_avg:2457.61ms
step:2278/3350 train_time:5597.812s step_avg:2457.34ms
step:2279/3350 train_time:5600.918s step_avg:2457.62ms
step:2280/3350 train_time:5602.750s step_avg:2457.35ms
step:2281/3350 train_time:5605.887s step_avg:2457.64ms
step:2282/3350 train_time:5607.720s step_avg:2457.37ms
step:2283/3350 train_time:5610.828s step_avg:2457.66ms
step:2284/3350 train_time:5612.663s step_avg:2457.38ms
step:2285/3350 train_time:5615.767s step_avg:2457.67ms
step:2286/3350 train_time:5617.602s step_avg:2457.39ms
step:2287/3350 train_time:5620.707s step_avg:2457.68ms
step:2288/3350 train_time:5622.543s step_avg:2457.41ms
step:2289/3350 train_time:5625.650s step_avg:2457.69ms
step:2290/3350 train_time:5627.485s step_avg:2457.42ms
step:2291/3350 train_time:5630.591s step_avg:2457.70ms
step:2292/3350 train_time:5632.422s step_avg:2457.43ms
step:2293/3350 train_time:5635.534s step_avg:2457.71ms
step:2294/3350 train_time:5637.370s step_avg:2457.44ms
step:2295/3350 train_time:5640.476s step_avg:2457.72ms
step:2296/3350 train_time:5642.308s step_avg:2457.45ms
step:2297/3350 train_time:5645.417s step_avg:2457.73ms
step:2298/3350 train_time:5647.250s step_avg:2457.46ms
step:2299/3350 train_time:5650.354s step_avg:2457.74ms
step:2300/3350 train_time:5652.495s step_avg:2457.61ms
step:2301/3350 train_time:5655.598s step_avg:2457.89ms
step:2302/3350 train_time:5657.431s step_avg:2457.62ms
step:2303/3350 train_time:5660.537s step_avg:2457.90ms
step:2304/3350 train_time:5662.370s step_avg:2457.63ms
step:2305/3350 train_time:5665.477s step_avg:2457.91ms
step:2306/3350 train_time:5667.311s step_avg:2457.64ms
step:2307/3350 train_time:5670.420s step_avg:2457.92ms
step:2308/3350 train_time:5672.254s step_avg:2457.65ms
step:2309/3350 train_time:5675.362s step_avg:2457.93ms
step:2310/3350 train_time:5677.198s step_avg:2457.66ms
step:2311/3350 train_time:5680.308s step_avg:2457.94ms
step:2312/3350 train_time:5682.141s step_avg:2457.67ms
step:2313/3350 train_time:5685.256s step_avg:2457.96ms
step:2314/3350 train_time:5687.092s step_avg:2457.69ms
step:2315/3350 train_time:5690.200s step_avg:2457.97ms
step:2316/3350 train_time:5692.034s step_avg:2457.70ms
step:2317/3350 train_time:5695.146s step_avg:2457.98ms
step:2318/3350 train_time:5696.977s step_avg:2457.71ms
step:2319/3350 train_time:5700.087s step_avg:2457.99ms
step:2320/3350 train_time:5701.924s step_avg:2457.73ms
step:2321/3350 train_time:5705.030s step_avg:2458.01ms
step:2322/3350 train_time:5706.864s step_avg:2457.74ms
step:2323/3350 train_time:5709.973s step_avg:2458.02ms
step:2324/3350 train_time:5711.807s step_avg:2457.75ms
step:2325/3350 train_time:5715.206s step_avg:2458.15ms
step:2326/3350 train_time:5717.041s step_avg:2457.89ms
step:2327/3350 train_time:5720.147s step_avg:2458.16ms
step:2328/3350 train_time:5721.982s step_avg:2457.90ms
step:2329/3350 train_time:5725.088s step_avg:2458.17ms
step:2330/3350 train_time:5726.921s step_avg:2457.91ms
step:2331/3350 train_time:5730.028s step_avg:2458.18ms
step:2332/3350 train_time:5731.860s step_avg:2457.92ms
step:2333/3350 train_time:5734.970s step_avg:2458.20ms
step:2334/3350 train_time:5736.804s step_avg:2457.93ms
step:2335/3350 train_time:5739.908s step_avg:2458.20ms
step:2336/3350 train_time:5741.741s step_avg:2457.94ms
step:2337/3350 train_time:5744.846s step_avg:2458.21ms
step:2338/3350 train_time:5746.680s step_avg:2457.95ms
step:2339/3350 train_time:5749.783s step_avg:2458.22ms
step:2340/3350 train_time:5751.618s step_avg:2457.96ms
step:2341/3350 train_time:5754.725s step_avg:2458.23ms
step:2342/3350 train_time:5756.556s step_avg:2457.97ms
step:2343/3350 train_time:5759.664s step_avg:2458.24ms
step:2344/3350 train_time:5761.499s step_avg:2457.98ms
step:2345/3350 train_time:5764.610s step_avg:2458.26ms
step:2346/3350 train_time:5777.889s step_avg:2462.87ms
[rank0]:W0601 12:35:13.680000 3090042 torch/_dynamo/convert_frame.py:1743] [1/8] torch._dynamo hit config.recompile_limit (8)
[rank0]:W0601 12:35:13.680000 3090042 torch/_dynamo/convert_frame.py:1743] [1/8]    function: 'muon_update' (/workspace/senpai/target/records/track_3_optimization/train_gpt_simple.py:740)
[rank0]:W0601 12:35:13.680000 3090042 torch/_dynamo/convert_frame.py:1743] [1/8]    last reason: 1/7: momentum.size()[0] <= momentum.size()[1]  # if G.size(-2) > G.size(-1):  # orkspace/senpai/target/records/track_3_optimization/train_gpt_simple.py:723 in zeropower_via_newtonschulz5 (_dynamo/variables/tensor.py:1951 in evaluate_expr)
[rank0]:W0601 12:35:13.680000 3090042 torch/_dynamo/convert_frame.py:1743] [1/8] To log all recompilation reasons, use TORCH_LOGS="recompiles".
[rank0]:W0601 12:35:13.680000 3090042 torch/_dynamo/convert_frame.py:1743] [1/8] To diagnose recompilation issues, see https://docs.pytorch.org/docs/main/user_guide/torch_compiler/compile/programming_model.recompilation.html
step:2347/3350 train_time:5781.612s step_avg:2463.41ms
step:2348/3350 train_time:5783.444s step_avg:2463.14ms
step:2349/3350 train_time:5786.550s step_avg:2463.41ms
step:2350/3350 train_time:5788.692s step_avg:2463.27ms
step:2351/3350 train_time:5791.787s step_avg:2463.54ms
step:2352/3350 train_time:5793.623s step_avg:2463.28ms
step:2353/3350 train_time:5796.745s step_avg:2463.56ms
step:2354/3350 train_time:5798.591s step_avg:2463.29ms
step:2355/3350 train_time:5801.695s step_avg:2463.56ms
step:2356/3350 train_time:5803.526s step_avg:2463.30ms
step:2357/3350 train_time:5806.630s step_avg:2463.57ms
step:2358/3350 train_time:5808.471s step_avg:2463.30ms
step:2359/3350 train_time:5811.578s step_avg:2463.58ms
step:2360/3350 train_time:5813.415s step_avg:2463.31ms
step:2361/3350 train_time:5816.514s step_avg:2463.58ms
step:2362/3350 train_time:5818.354s step_avg:2463.32ms
step:2363/3350 train_time:5821.457s step_avg:2463.59ms
step:2364/3350 train_time:5823.294s step_avg:2463.32ms
step:2365/3350 train_time:5826.394s step_avg:2463.59ms
step:2366/3350 train_time:5828.240s step_avg:2463.33ms
step:2367/3350 train_time:5831.339s step_avg:2463.60ms
step:2368/3350 train_time:5833.173s step_avg:2463.33ms
step:2369/3350 train_time:5836.276s step_avg:2463.60ms
step:2370/3350 train_time:5838.111s step_avg:2463.34ms
step:2371/3350 train_time:5841.214s step_avg:2463.61ms
step:2372/3350 train_time:5843.049s step_avg:2463.34ms
step:2373/3350 train_time:5846.156s step_avg:2463.61ms
step:2374/3350 train_time:5847.992s step_avg:2463.35ms
step:2375/3350 train_time:5851.471s step_avg:2463.78ms
step:2375/3350 val_loss:3.37358 train_time:5851.472s step_avg:2585.23ms
step:2376/3350 train_time:5853.302s step_avg:2463.51ms
step:2377/3350 train_time:5856.410s step_avg:2463.78ms
step:2378/3350 train_time:5858.259s step_avg:2463.52ms
step:2379/3350 train_time:5861.383s step_avg:2463.80ms
step:2380/3350 train_time:5863.213s step_avg:2463.53ms
step:2381/3350 train_time:5866.338s step_avg:2463.81ms
step:2382/3350 train_time:5868.176s step_avg:2463.55ms
step:2383/3350 train_time:5871.295s step_avg:2463.82ms
step:2384/3350 train_time:5873.130s step_avg:2463.56ms
step:2385/3350 train_time:5876.255s step_avg:2463.84ms
step:2386/3350 train_time:5878.095s step_avg:2463.58ms
step:2387/3350 train_time:5881.200s step_avg:2463.85ms
step:2388/3350 train_time:5883.046s step_avg:2463.59ms
step:2389/3350 train_time:5886.155s step_avg:2463.86ms
step:2390/3350 train_time:5887.987s step_avg:2463.59ms
step:2391/3350 train_time:5891.092s step_avg:2463.86ms
step:2392/3350 train_time:5892.940s step_avg:2463.60ms
step:2393/3350 train_time:5896.046s step_avg:2463.87ms
step:2394/3350 train_time:5897.892s step_avg:2463.61ms
step:2395/3350 train_time:5900.994s step_avg:2463.88ms
step:2396/3350 train_time:5902.843s step_avg:2463.62ms
step:2397/3350 train_time:5905.963s step_avg:2463.90ms
step:2398/3350 train_time:5907.810s step_avg:2463.64ms
step:2399/3350 train_time:5910.908s step_avg:2463.91ms
step:2400/3350 train_time:5913.057s step_avg:2463.77ms
step:2401/3350 train_time:5916.176s step_avg:2464.05ms
step:2402/3350 train_time:5918.006s step_avg:2463.78ms
step:2403/3350 train_time:5921.118s step_avg:2464.05ms
step:2404/3350 train_time:5922.951s step_avg:2463.79ms
step:2405/3350 train_time:5926.057s step_avg:2464.06ms
step:2406/3350 train_time:5927.891s step_avg:2463.80ms
step:2407/3350 train_time:5930.992s step_avg:2464.06ms
step:2408/3350 train_time:5932.820s step_avg:2463.80ms
step:2409/3350 train_time:5935.939s step_avg:2464.07ms
step:2410/3350 train_time:5937.785s step_avg:2463.81ms
step:2411/3350 train_time:5940.909s step_avg:2464.08ms
step:2412/3350 train_time:5942.743s step_avg:2463.82ms
step:2413/3350 train_time:5945.846s step_avg:2464.09ms
step:2414/3350 train_time:5947.681s step_avg:2463.83ms
step:2415/3350 train_time:5950.802s step_avg:2464.10ms
step:2416/3350 train_time:5952.647s step_avg:2463.84ms
step:2417/3350 train_time:5955.750s step_avg:2464.11ms
step:2418/3350 train_time:5957.579s step_avg:2463.85ms
step:2419/3350 train_time:5960.688s step_avg:2464.11ms
step:2420/3350 train_time:5962.522s step_avg:2463.85ms
step:2421/3350 train_time:5965.620s step_avg:2464.11ms
step:2422/3350 train_time:5967.454s step_avg:2463.85ms
step:2423/3350 train_time:5970.551s step_avg:2464.12ms
step:2424/3350 train_time:5972.388s step_avg:2463.86ms
step:2425/3350 train_time:5975.787s step_avg:2464.24ms
step:2426/3350 train_time:5977.634s step_avg:2463.99ms
step:2427/3350 train_time:5980.738s step_avg:2464.25ms
step:2428/3350 train_time:5982.583s step_avg:2464.00ms
step:2429/3350 train_time:5985.687s step_avg:2464.26ms
step:2430/3350 train_time:5987.534s step_avg:2464.01ms
step:2431/3350 train_time:5990.645s step_avg:2464.27ms
step:2432/3350 train_time:5992.479s step_avg:2464.01ms
step:2433/3350 train_time:5995.584s step_avg:2464.28ms
step:2434/3350 train_time:5997.415s step_avg:2464.02ms
step:2435/3350 train_time:6000.537s step_avg:2464.29ms
step:2436/3350 train_time:6002.384s step_avg:2464.03ms
step:2437/3350 train_time:6005.487s step_avg:2464.30ms
step:2438/3350 train_time:6007.334s step_avg:2464.04ms
step:2439/3350 train_time:6010.436s step_avg:2464.30ms
step:2440/3350 train_time:6012.269s step_avg:2464.04ms
step:2441/3350 train_time:6015.385s step_avg:2464.31ms
step:2442/3350 train_time:6017.212s step_avg:2464.05ms
step:2443/3350 train_time:6020.325s step_avg:2464.32ms
step:2444/3350 train_time:6022.169s step_avg:2464.06ms
step:2445/3350 train_time:6025.283s step_avg:2464.33ms
step:2446/3350 train_time:6027.114s step_avg:2464.07ms
step:2447/3350 train_time:6030.216s step_avg:2464.33ms
step:2448/3350 train_time:6032.043s step_avg:2464.07ms
step:2449/3350 train_time:6035.145s step_avg:2464.33ms
step:2450/3350 train_time:6037.267s step_avg:2464.19ms
step:2451/3350 train_time:6040.382s step_avg:2464.46ms
step:2452/3350 train_time:6042.215s step_avg:2464.20ms
step:2453/3350 train_time:6045.313s step_avg:2464.46ms
step:2454/3350 train_time:6047.153s step_avg:2464.20ms
step:2455/3350 train_time:6050.262s step_avg:2464.47ms
step:2456/3350 train_time:6052.090s step_avg:2464.21ms
step:2457/3350 train_time:6055.191s step_avg:2464.47ms
step:2458/3350 train_time:6057.033s step_avg:2464.21ms
step:2459/3350 train_time:6060.144s step_avg:2464.48ms
step:2460/3350 train_time:6061.977s step_avg:2464.22ms
step:2461/3350 train_time:6065.092s step_avg:2464.48ms
step:2462/3350 train_time:6066.939s step_avg:2464.23ms
step:2463/3350 train_time:6070.054s step_avg:2464.50ms
step:2464/3350 train_time:6071.889s step_avg:2464.24ms
step:2465/3350 train_time:6074.988s step_avg:2464.50ms
step:2466/3350 train_time:6076.814s step_avg:2464.24ms
step:2467/3350 train_time:6079.910s step_avg:2464.50ms
step:2468/3350 train_time:6081.757s step_avg:2464.25ms
step:2469/3350 train_time:6084.858s step_avg:2464.50ms
step:2470/3350 train_time:6086.702s step_avg:2464.25ms
step:2471/3350 train_time:6089.847s step_avg:2464.53ms
step:2472/3350 train_time:6091.678s step_avg:2464.27ms
step:2473/3350 train_time:6094.787s step_avg:2464.53ms
step:2474/3350 train_time:6096.620s step_avg:2464.28ms
step:2475/3350 train_time:6100.020s step_avg:2464.65ms
step:2476/3350 train_time:6101.864s step_avg:2464.40ms
step:2477/3350 train_time:6104.965s step_avg:2464.66ms
step:2478/3350 train_time:6106.801s step_avg:2464.41ms
step:2479/3350 train_time:6109.898s step_avg:2464.66ms
step:2480/3350 train_time:6111.730s step_avg:2464.41ms
step:2481/3350 train_time:6114.831s step_avg:2464.66ms
step:2482/3350 train_time:6116.666s step_avg:2464.41ms
step:2483/3350 train_time:6119.768s step_avg:2464.67ms
step:2484/3350 train_time:6121.600s step_avg:2464.41ms
step:2485/3350 train_time:6124.716s step_avg:2464.67ms
step:2486/3350 train_time:6126.562s step_avg:2464.43ms
step:2487/3350 train_time:6129.677s step_avg:2464.69ms
step:2488/3350 train_time:6131.504s step_avg:2464.43ms
step:2489/3350 train_time:6134.608s step_avg:2464.69ms
step:2490/3350 train_time:6136.439s step_avg:2464.43ms
step:2491/3350 train_time:6139.538s step_avg:2464.69ms
step:2492/3350 train_time:6141.368s step_avg:2464.43ms
step:2493/3350 train_time:6144.474s step_avg:2464.69ms
step:2494/3350 train_time:6146.305s step_avg:2464.44ms
step:2495/3350 train_time:6149.408s step_avg:2464.69ms
step:2496/3350 train_time:6151.238s step_avg:2464.44ms
step:2497/3350 train_time:6154.341s step_avg:2464.69ms
step:2498/3350 train_time:6156.175s step_avg:2464.44ms
step:2499/3350 train_time:6159.292s step_avg:2464.70ms
step:2500/3350 train_time:6161.491s step_avg:2464.60ms
step:2500/3350 val_loss:3.35798 train_time:6161.491s step_avg:2480.15ms
step:2501/3350 train_time:6164.584s step_avg:2464.85ms
step:2502/3350 train_time:6166.417s step_avg:2464.60ms
step:2503/3350 train_time:6169.520s step_avg:2464.85ms
step:2504/3350 train_time:6171.363s step_avg:2464.60ms
step:2505/3350 train_time:6174.464s step_avg:2464.86ms
step:2506/3350 train_time:6176.292s step_avg:2464.60ms
step:2507/3350 train_time:6179.411s step_avg:2464.86ms
step:2508/3350 train_time:6181.239s step_avg:2464.61ms
step:2509/3350 train_time:6184.343s step_avg:2464.86ms
step:2510/3350 train_time:6186.184s step_avg:2464.62ms
step:2511/3350 train_time:6189.289s step_avg:2464.87ms
step:2512/3350 train_time:6191.133s step_avg:2464.62ms
step:2513/3350 train_time:6194.237s step_avg:2464.88ms
step:2514/3350 train_time:6196.068s step_avg:2464.63ms
step:2515/3350 train_time:6199.166s step_avg:2464.88ms
step:2516/3350 train_time:6200.999s step_avg:2464.63ms
step:2517/3350 train_time:6204.123s step_avg:2464.89ms
step:2518/3350 train_time:6205.966s step_avg:2464.64ms
step:2519/3350 train_time:6209.071s step_avg:2464.90ms
step:2520/3350 train_time:6210.904s step_avg:2464.64ms
step:2521/3350 train_time:6214.024s step_avg:2464.90ms
step:2522/3350 train_time:6215.852s step_avg:2464.65ms
step:2523/3350 train_time:6218.957s step_avg:2464.91ms
step:2524/3350 train_time:6220.787s step_avg:2464.65ms
step:2525/3350 train_time:6224.178s step_avg:2465.02ms
step:2526/3350 train_time:6226.005s step_avg:2464.77ms
step:2527/3350 train_time:6229.127s step_avg:2465.03ms
step:2528/3350 train_time:6230.965s step_avg:2464.78ms
step:2529/3350 train_time:6234.071s step_avg:2465.03ms
step:2530/3350 train_time:6235.916s step_avg:2464.79ms
step:2531/3350 train_time:6239.019s step_avg:2465.04ms
step:2532/3350 train_time:6240.852s step_avg:2464.79ms
step:2533/3350 train_time:6243.962s step_avg:2465.05ms
step:2534/3350 train_time:6245.790s step_avg:2464.79ms
step:2535/3350 train_time:6248.912s step_avg:2465.05ms
step:2536/3350 train_time:6250.757s step_avg:2464.81ms
step:2537/3350 train_time:6253.872s step_avg:2465.07ms
step:2538/3350 train_time:6255.706s step_avg:2464.82ms
step:2539/3350 train_time:6258.809s step_avg:2465.07ms
step:2540/3350 train_time:6260.636s step_avg:2464.82ms
step:2541/3350 train_time:6263.748s step_avg:2465.07ms
step:2542/3350 train_time:6265.594s step_avg:2464.83ms
step:2543/3350 train_time:6268.715s step_avg:2465.09ms
step:2544/3350 train_time:6270.560s step_avg:2464.84ms
step:2545/3350 train_time:6273.670s step_avg:2465.10ms
step:2546/3350 train_time:6275.515s step_avg:2464.85ms
step:2547/3350 train_time:6278.620s step_avg:2465.10ms
step:2548/3350 train_time:6280.463s step_avg:2464.86ms
step:2549/3350 train_time:6283.563s step_avg:2465.11ms
step:2550/3350 train_time:6285.681s step_avg:2464.97ms
step:2551/3350 train_time:6288.788s step_avg:2465.22ms
step:2552/3350 train_time:6290.611s step_avg:2464.97ms
step:2553/3350 train_time:6293.734s step_avg:2465.23ms
step:2554/3350 train_time:6295.566s step_avg:2464.98ms
step:2555/3350 train_time:6298.683s step_avg:2465.24ms
step:2556/3350 train_time:6300.513s step_avg:2464.99ms
step:2557/3350 train_time:6303.616s step_avg:2465.24ms
step:2558/3350 train_time:6305.447s step_avg:2464.99ms
step:2559/3350 train_time:6308.543s step_avg:2465.24ms
step:2560/3350 train_time:6310.373s step_avg:2464.99ms
step:2561/3350 train_time:6313.478s step_avg:2465.24ms
step:2562/3350 train_time:6315.320s step_avg:2465.00ms
step:2563/3350 train_time:6318.446s step_avg:2465.25ms
step:2564/3350 train_time:6320.274s step_avg:2465.01ms
step:2565/3350 train_time:6323.372s step_avg:2465.25ms
step:2566/3350 train_time:6325.203s step_avg:2465.01ms
step:2567/3350 train_time:6328.305s step_avg:2465.25ms
step:2568/3350 train_time:6330.151s step_avg:2465.01ms
step:2569/3350 train_time:6333.272s step_avg:2465.27ms
step:2570/3350 train_time:6335.100s step_avg:2465.02ms
step:2571/3350 train_time:6338.218s step_avg:2465.27ms
step:2572/3350 train_time:6340.049s step_avg:2465.03ms
step:2573/3350 train_time:6343.148s step_avg:2465.27ms
step:2574/3350 train_time:6344.973s step_avg:2465.02ms
step:2575/3350 train_time:6348.363s step_avg:2465.38ms
step:2576/3350 train_time:6350.196s step_avg:2465.14ms
step:2577/3350 train_time:6353.302s step_avg:2465.39ms
step:2578/3350 train_time:6355.151s step_avg:2465.15ms
step:2579/3350 train_time:6358.259s step_avg:2465.40ms
step:2580/3350 train_time:6360.096s step_avg:2465.15ms
step:2581/3350 train_time:6363.207s step_avg:2465.40ms
step:2582/3350 train_time:6365.035s step_avg:2465.16ms
step:2583/3350 train_time:6368.138s step_avg:2465.40ms
step:2584/3350 train_time:6369.966s step_avg:2465.16ms
step:2585/3350 train_time:6373.093s step_avg:2465.41ms
step:2586/3350 train_time:6374.933s step_avg:2465.17ms
step:2587/3350 train_time:6378.048s step_avg:2465.42ms
step:2588/3350 train_time:6379.877s step_avg:2465.18ms
step:2589/3350 train_time:6382.977s step_avg:2465.42ms
step:2590/3350 train_time:6384.826s step_avg:2465.18ms
step:2591/3350 train_time:6387.937s step_avg:2465.43ms
step:2592/3350 train_time:6389.775s step_avg:2465.19ms
step:2593/3350 train_time:6392.887s step_avg:2465.44ms
step:2594/3350 train_time:6394.730s step_avg:2465.20ms
step:2595/3350 train_time:6397.836s step_avg:2465.45ms
step:2596/3350 train_time:6399.684s step_avg:2465.21ms
step:2597/3350 train_time:6402.806s step_avg:2465.46ms
step:2598/3350 train_time:6404.656s step_avg:2465.23ms
step:2599/3350 train_time:6407.755s step_avg:2465.47ms
step:2600/3350 train_time:6409.917s step_avg:2465.35ms
step:2601/3350 train_time:6413.023s step_avg:2465.60ms
step:2602/3350 train_time:6414.857s step_avg:2465.36ms
step:2603/3350 train_time:6417.957s step_avg:2465.60ms
step:2604/3350 train_time:6419.801s step_avg:2465.36ms
step:2605/3350 train_time:6422.911s step_avg:2465.61ms
step:2606/3350 train_time:6424.759s step_avg:2465.37ms
step:2607/3350 train_time:6427.858s step_avg:2465.62ms
step:2608/3350 train_time:6429.685s step_avg:2465.37ms
step:2609/3350 train_time:6432.785s step_avg:2465.61ms
step:2610/3350 train_time:6434.629s step_avg:2465.38ms
step:2611/3350 train_time:6437.733s step_avg:2465.62ms
step:2612/3350 train_time:6439.566s step_avg:2465.38ms
step:2613/3350 train_time:6442.689s step_avg:2465.63ms
step:2614/3350 train_time:6444.527s step_avg:2465.39ms
step:2615/3350 train_time:6447.650s step_avg:2465.64ms
step:2616/3350 train_time:6449.480s step_avg:2465.40ms
step:2617/3350 train_time:6452.586s step_avg:2465.64ms
step:2618/3350 train_time:6454.416s step_avg:2465.40ms
step:2619/3350 train_time:6457.522s step_avg:2465.64ms
step:2620/3350 train_time:6459.368s step_avg:2465.41ms
step:2621/3350 train_time:6462.485s step_avg:2465.66ms
step:2622/3350 train_time:6464.330s step_avg:2465.42ms
step:2623/3350 train_time:6467.451s step_avg:2465.67ms
step:2624/3350 train_time:6469.293s step_avg:2465.43ms
step:2625/3350 train_time:6472.772s step_avg:2465.82ms
step:2625/3350 val_loss:3.34104 train_time:6472.772s step_avg:2490.25ms
step:2626/3350 train_time:6474.607s step_avg:2465.58ms
step:2627/3350 train_time:6477.712s step_avg:2465.82ms
step:2628/3350 train_time:6479.558s step_avg:2465.59ms
step:2629/3350 train_time:6482.675s step_avg:2465.83ms
step:2630/3350 train_time:6484.509s step_avg:2465.59ms
step:2631/3350 train_time:6487.636s step_avg:2465.84ms
step:2632/3350 train_time:6489.469s step_avg:2465.60ms
step:2633/3350 train_time:6492.576s step_avg:2465.85ms
step:2634/3350 train_time:6494.424s step_avg:2465.61ms
step:2635/3350 train_time:6497.531s step_avg:2465.86ms
step:2636/3350 train_time:6499.358s step_avg:2465.61ms
step:2637/3350 train_time:6502.483s step_avg:2465.86ms
step:2638/3350 train_time:6504.326s step_avg:2465.63ms
step:2639/3350 train_time:6507.430s step_avg:2465.87ms
step:2640/3350 train_time:6509.268s step_avg:2465.63ms
step:2641/3350 train_time:6512.371s step_avg:2465.87ms
step:2642/3350 train_time:6514.199s step_avg:2465.63ms
step:2643/3350 train_time:6517.306s step_avg:2465.87ms
step:2644/3350 train_time:6519.133s step_avg:2465.63ms
step:2645/3350 train_time:6522.243s step_avg:2465.88ms
step:2646/3350 train_time:6524.076s step_avg:2465.64ms
step:2647/3350 train_time:6527.194s step_avg:2465.88ms
step:2648/3350 train_time:6529.038s step_avg:2465.65ms
step:2649/3350 train_time:6532.158s step_avg:2465.90ms
step:2650/3350 train_time:6534.285s step_avg:2465.77ms
step:2651/3350 train_time:6537.401s step_avg:2466.01ms
step:2652/3350 train_time:6539.247s step_avg:2465.78ms
step:2653/3350 train_time:6542.369s step_avg:2466.03ms
step:2654/3350 train_time:6544.205s step_avg:2465.79ms
step:2655/3350 train_time:6547.320s step_avg:2466.03ms
step:2656/3350 train_time:6549.169s step_avg:2465.80ms
step:2657/3350 train_time:6552.291s step_avg:2466.05ms
step:2658/3350 train_time:6554.141s step_avg:2465.82ms
step:2659/3350 train_time:6557.241s step_avg:2466.06ms
step:2660/3350 train_time:6559.072s step_avg:2465.82ms
step:2661/3350 train_time:6562.222s step_avg:2466.07ms
step:2662/3350 train_time:6564.056s step_avg:2465.84ms
step:2663/3350 train_time:6567.171s step_avg:2466.08ms
step:2664/3350 train_time:6569.008s step_avg:2465.84ms
step:2665/3350 train_time:6572.134s step_avg:2466.09ms
step:2666/3350 train_time:6573.980s step_avg:2465.86ms
step:2667/3350 train_time:6577.088s step_avg:2466.10ms
step:2668/3350 train_time:6578.920s step_avg:2465.86ms
step:2669/3350 train_time:6582.050s step_avg:2466.11ms
step:2670/3350 train_time:6583.894s step_avg:2465.88ms
step:2671/3350 train_time:6587.014s step_avg:2466.12ms
step:2672/3350 train_time:6588.861s step_avg:2465.89ms
step:2673/3350 train_time:6591.966s step_avg:2466.13ms
step:2674/3350 train_time:6593.800s step_avg:2465.89ms
step:2675/3350 train_time:6597.214s step_avg:2466.25ms
step:2676/3350 train_time:6599.057s step_avg:2466.02ms
step:2677/3350 train_time:6602.166s step_avg:2466.26ms
step:2678/3350 train_time:6603.996s step_avg:2466.02ms
step:2679/3350 train_time:6607.098s step_avg:2466.26ms
step:2680/3350 train_time:6608.929s step_avg:2466.02ms
step:2681/3350 train_time:6612.053s step_avg:2466.26ms
step:2682/3350 train_time:6613.903s step_avg:2466.03ms
step:2683/3350 train_time:6617.020s step_avg:2466.28ms
step:2684/3350 train_time:6618.864s step_avg:2466.04ms
step:2685/3350 train_time:6621.972s step_avg:2466.28ms
step:2686/3350 train_time:6623.806s step_avg:2466.05ms
step:2687/3350 train_time:6626.930s step_avg:2466.29ms
step:2688/3350 train_time:6628.764s step_avg:2466.06ms
step:2689/3350 train_time:6631.867s step_avg:2466.30ms
step:2690/3350 train_time:6633.720s step_avg:2466.07ms
step:2691/3350 train_time:6636.823s step_avg:2466.30ms
step:2692/3350 train_time:6638.670s step_avg:2466.07ms
step:2693/3350 train_time:6641.785s step_avg:2466.31ms
step:2694/3350 train_time:6643.621s step_avg:2466.08ms
step:2695/3350 train_time:6646.726s step_avg:2466.32ms
step:2696/3350 train_time:6648.575s step_avg:2466.09ms
step:2697/3350 train_time:6651.680s step_avg:2466.33ms
step:2698/3350 train_time:6653.512s step_avg:2466.09ms
step:2699/3350 train_time:6656.635s step_avg:2466.33ms
step:2700/3350 train_time:6658.771s step_avg:2466.21ms
step:2701/3350 train_time:6661.865s step_avg:2466.44ms
step:2702/3350 train_time:6663.700s step_avg:2466.21ms
step:2703/3350 train_time:6666.828s step_avg:2466.46ms
step:2704/3350 train_time:6668.676s step_avg:2466.23ms
step:2705/3350 train_time:6671.796s step_avg:2466.47ms
step:2706/3350 train_time:6673.644s step_avg:2466.24ms
step:2707/3350 train_time:6676.763s step_avg:2466.48ms
step:2708/3350 train_time:6678.614s step_avg:2466.25ms
step:2709/3350 train_time:6681.725s step_avg:2466.49ms
step:2710/3350 train_time:6683.579s step_avg:2466.27ms
step:2711/3350 train_time:6686.688s step_avg:2466.50ms
step:2712/3350 train_time:6688.524s step_avg:2466.27ms
step:2713/3350 train_time:6691.648s step_avg:2466.51ms
step:2714/3350 train_time:6693.495s step_avg:2466.28ms
step:2715/3350 train_time:6696.602s step_avg:2466.52ms
step:2716/3350 train_time:6698.437s step_avg:2466.29ms
step:2717/3350 train_time:6701.537s step_avg:2466.52ms
step:2718/3350 train_time:6703.377s step_avg:2466.29ms
step:2719/3350 train_time:6706.484s step_avg:2466.53ms
step:2720/3350 train_time:6708.317s step_avg:2466.29ms
step:2721/3350 train_time:6711.435s step_avg:2466.53ms
step:2722/3350 train_time:6713.267s step_avg:2466.30ms
step:2723/3350 train_time:6716.371s step_avg:2466.53ms
step:2724/3350 train_time:6718.198s step_avg:2466.30ms
step:2725/3350 train_time:6721.595s step_avg:2466.64ms
step:2726/3350 train_time:6723.444s step_avg:2466.41ms
step:2727/3350 train_time:6726.549s step_avg:2466.65ms
step:2728/3350 train_time:6728.397s step_avg:2466.42ms
step:2729/3350 train_time:6731.506s step_avg:2466.66ms
step:2730/3350 train_time:6733.337s step_avg:2466.42ms
step:2731/3350 train_time:6736.447s step_avg:2466.66ms
step:2732/3350 train_time:6738.280s step_avg:2466.43ms
step:2733/3350 train_time:6741.383s step_avg:2466.66ms
step:2734/3350 train_time:6743.228s step_avg:2466.43ms
step:2735/3350 train_time:6746.351s step_avg:2466.67ms
step:2736/3350 train_time:6748.196s step_avg:2466.45ms
step:2737/3350 train_time:6751.299s step_avg:2466.68ms
step:2738/3350 train_time:6753.134s step_avg:2466.45ms
step:2739/3350 train_time:6756.261s step_avg:2466.69ms
step:2740/3350 train_time:6758.091s step_avg:2466.46ms
step:2741/3350 train_time:6761.193s step_avg:2466.69ms
step:2742/3350 train_time:6763.021s step_avg:2466.46ms
step:2743/3350 train_time:6766.125s step_avg:2466.69ms
step:2744/3350 train_time:6767.962s step_avg:2466.46ms
step:2745/3350 train_time:6771.072s step_avg:2466.69ms
step:2746/3350 train_time:6772.909s step_avg:2466.46ms
step:2747/3350 train_time:6776.010s step_avg:2466.69ms
step:2748/3350 train_time:6777.859s step_avg:2466.47ms
step:2749/3350 train_time:6780.967s step_avg:2466.70ms
step:2750/3350 train_time:6783.169s step_avg:2466.61ms
step:2750/3350 val_loss:3.32538 train_time:6783.170s step_avg:2483.18ms
step:2751/3350 train_time:6786.274s step_avg:2466.84ms
step:2752/3350 train_time:6788.108s step_avg:2466.61ms
step:2753/3350 train_time:6791.233s step_avg:2466.85ms
step:2754/3350 train_time:6793.081s step_avg:2466.62ms
step:2755/3350 train_time:6796.209s step_avg:2466.86ms
step:2756/3350 train_time:6798.058s step_avg:2466.64ms
step:2757/3350 train_time:6801.166s step_avg:2466.87ms
step:2758/3350 train_time:6803.000s step_avg:2466.64ms
step:2759/3350 train_time:6806.115s step_avg:2466.88ms
step:2760/3350 train_time:6807.962s step_avg:2466.65ms
step:2761/3350 train_time:6811.078s step_avg:2466.89ms
step:2762/3350 train_time:6812.924s step_avg:2466.66ms
step:2763/3350 train_time:6816.023s step_avg:2466.89ms
step:2764/3350 train_time:6817.851s step_avg:2466.66ms
step:2765/3350 train_time:6820.977s step_avg:2466.90ms
step:2766/3350 train_time:6822.811s step_avg:2466.67ms
step:2767/3350 train_time:6825.928s step_avg:2466.91ms
step:2768/3350 train_time:6827.761s step_avg:2466.68ms
step:2769/3350 train_time:6830.877s step_avg:2466.91ms
step:2770/3350 train_time:6832.709s step_avg:2466.68ms
step:2771/3350 train_time:6835.808s step_avg:2466.91ms
step:2772/3350 train_time:6837.643s step_avg:2466.68ms
step:2773/3350 train_time:6840.746s step_avg:2466.91ms
step:2774/3350 train_time:6842.582s step_avg:2466.68ms
step:2775/3350 train_time:6845.987s step_avg:2467.02ms
step:2776/3350 train_time:6847.820s step_avg:2466.79ms
step:2777/3350 train_time:6850.933s step_avg:2467.03ms
step:2778/3350 train_time:6852.777s step_avg:2466.80ms
step:2779/3350 train_time:6855.880s step_avg:2467.03ms
step:2780/3350 train_time:6857.723s step_avg:2466.81ms
step:2781/3350 train_time:6860.839s step_avg:2467.04ms
step:2782/3350 train_time:6862.666s step_avg:2466.81ms
step:2783/3350 train_time:6865.773s step_avg:2467.04ms
step:2784/3350 train_time:6867.607s step_avg:2466.81ms
step:2785/3350 train_time:6870.709s step_avg:2467.04ms
step:2786/3350 train_time:6872.547s step_avg:2466.82ms
step:2787/3350 train_time:6875.649s step_avg:2467.04ms
step:2788/3350 train_time:6877.481s step_avg:2466.82ms
step:2789/3350 train_time:6880.583s step_avg:2467.04ms
step:2790/3350 train_time:6882.419s step_avg:2466.82ms
step:2791/3350 train_time:6885.521s step_avg:2467.04ms
step:2792/3350 train_time:6887.370s step_avg:2466.82ms
step:2793/3350 train_time:6890.479s step_avg:2467.05ms
step:2794/3350 train_time:6892.327s step_avg:2466.83ms
step:2795/3350 train_time:6895.437s step_avg:2467.06ms
step:2796/3350 train_time:6897.265s step_avg:2466.83ms
step:2797/3350 train_time:6900.369s step_avg:2467.06ms
step:2798/3350 train_time:6902.204s step_avg:2466.83ms
step:2799/3350 train_time:6905.318s step_avg:2467.07ms
step:2800/3350 train_time:6907.483s step_avg:2466.96ms
step:2801/3350 train_time:6910.583s step_avg:2467.18ms
step:2802/3350 train_time:6912.415s step_avg:2466.96ms
step:2803/3350 train_time:6915.527s step_avg:2467.19ms
step:2804/3350 train_time:6917.359s step_avg:2466.96ms
step:2805/3350 train_time:6920.462s step_avg:2467.19ms
step:2806/3350 train_time:6922.293s step_avg:2466.96ms
step:2807/3350 train_time:6925.411s step_avg:2467.19ms
step:2808/3350 train_time:6927.257s step_avg:2466.97ms
step:2809/3350 train_time:6930.362s step_avg:2467.20ms
step:2810/3350 train_time:6932.198s step_avg:2466.97ms
step:2811/3350 train_time:6935.306s step_avg:2467.20ms
step:2812/3350 train_time:6937.141s step_avg:2466.98ms
step:2813/3350 train_time:6940.263s step_avg:2467.21ms
step:2814/3350 train_time:6942.089s step_avg:2466.98ms
step:2815/3350 train_time:6945.211s step_avg:2467.22ms
step:2816/3350 train_time:6947.059s step_avg:2467.00ms
step:2817/3350 train_time:6950.174s step_avg:2467.23ms
step:2818/3350 train_time:6952.002s step_avg:2467.00ms
step:2819/3350 train_time:6955.109s step_avg:2467.23ms
step:2820/3350 train_time:6956.953s step_avg:2467.00ms
step:2821/3350 train_time:6960.054s step_avg:2467.23ms
step:2822/3350 train_time:6961.887s step_avg:2467.00ms
step:2823/3350 train_time:6964.994s step_avg:2467.23ms
step:2824/3350 train_time:6966.828s step_avg:2467.01ms
step:2825/3350 train_time:6970.247s step_avg:2467.34ms
step:2826/3350 train_time:6972.078s step_avg:2467.12ms
step:2827/3350 train_time:6975.199s step_avg:2467.35ms
step:2828/3350 train_time:6977.043s step_avg:2467.13ms
step:2829/3350 train_time:6980.144s step_avg:2467.35ms
step:2830/3350 train_time:6981.972s step_avg:2467.13ms
step:2831/3350 train_time:6985.083s step_avg:2467.36ms
step:2832/3350 train_time:6986.916s step_avg:2467.13ms
step:2833/3350 train_time:6990.016s step_avg:2467.35ms
step:2834/3350 train_time:6991.866s step_avg:2467.14ms
step:2835/3350 train_time:6994.973s step_avg:2467.36ms
step:2836/3350 train_time:6996.821s step_avg:2467.14ms
step:2837/3350 train_time:6999.945s step_avg:2467.38ms
step:2838/3350 train_time:7001.792s step_avg:2467.16ms
step:2839/3350 train_time:7004.908s step_avg:2467.39ms
step:2840/3350 train_time:7006.754s step_avg:2467.17ms
step:2841/3350 train_time:7009.879s step_avg:2467.40ms
step:2842/3350 train_time:7011.711s step_avg:2467.17ms
step:2843/3350 train_time:7014.827s step_avg:2467.40ms
step:2844/3350 train_time:7016.674s step_avg:2467.18ms
step:2845/3350 train_time:7019.777s step_avg:2467.41ms
step:2846/3350 train_time:7021.621s step_avg:2467.19ms
step:2847/3350 train_time:7024.740s step_avg:2467.42ms
step:2848/3350 train_time:7026.582s step_avg:2467.20ms
step:2849/3350 train_time:7029.725s step_avg:2467.44ms
step:2850/3350 train_time:7031.900s step_avg:2467.33ms
step:2851/3350 train_time:7035.087s step_avg:2467.59ms
step:2852/3350 train_time:7036.968s step_avg:2467.38ms
step:2853/3350 train_time:7040.106s step_avg:2467.62ms
step:2854/3350 train_time:7041.972s step_avg:2467.40ms
step:2855/3350 train_time:7045.107s step_avg:2467.64ms
step:2856/3350 train_time:7046.980s step_avg:2467.43ms
step:2857/3350 train_time:7050.127s step_avg:2467.67ms
step:2858/3350 train_time:7052.004s step_avg:2467.46ms
step:2859/3350 train_time:7055.151s step_avg:2467.70ms
step:2860/3350 train_time:7057.019s step_avg:2467.49ms
step:2861/3350 train_time:7060.171s step_avg:2467.73ms
step:2862/3350 train_time:7062.048s step_avg:2467.52ms
step:2863/3350 train_time:7065.201s step_avg:2467.76ms
step:2864/3350 train_time:7067.082s step_avg:2467.56ms
step:2865/3350 train_time:7070.222s step_avg:2467.79ms
step:2866/3350 train_time:7072.091s step_avg:2467.58ms
step:2867/3350 train_time:7075.244s step_avg:2467.82ms
step:2868/3350 train_time:7077.115s step_avg:2467.61ms
step:2869/3350 train_time:7080.268s step_avg:2467.85ms
step:2870/3350 train_time:7082.140s step_avg:2467.64ms
step:2871/3350 train_time:7085.284s step_avg:2467.88ms
step:2872/3350 train_time:7087.155s step_avg:2467.67ms
step:2873/3350 train_time:7090.302s step_avg:2467.91ms
step:2874/3350 train_time:7092.166s step_avg:2467.70ms
step:2875/3350 train_time:7095.660s step_avg:2468.06ms
step:2875/3350 val_loss:3.31056 train_time:7095.660s step_avg:2499.93ms
step:2876/3350 train_time:7097.544s step_avg:2467.85ms
step:2877/3350 train_time:7100.696s step_avg:2468.09ms
step:2878/3350 train_time:7102.558s step_avg:2467.88ms
step:2879/3350 train_time:7105.714s step_avg:2468.12ms
step:2880/3350 train_time:7107.595s step_avg:2467.91ms
step:2881/3350 train_time:7110.746s step_avg:2468.15ms
step:2882/3350 train_time:7112.629s step_avg:2467.95ms
step:2883/3350 train_time:7115.782s step_avg:2468.19ms
step:2884/3350 train_time:7117.662s step_avg:2467.98ms
step:2885/3350 train_time:7120.817s step_avg:2468.22ms
step:2886/3350 train_time:7122.691s step_avg:2468.01ms
step:2887/3350 train_time:7125.841s step_avg:2468.25ms
step:2888/3350 train_time:7127.714s step_avg:2468.04ms
step:2889/3350 train_time:7130.866s step_avg:2468.28ms
step:2890/3350 train_time:7132.746s step_avg:2468.08ms
step:2891/3350 train_time:7135.888s step_avg:2468.31ms
step:2892/3350 train_time:7137.760s step_avg:2468.11ms
step:2893/3350 train_time:7140.905s step_avg:2468.34ms
step:2894/3350 train_time:7142.788s step_avg:2468.14ms
step:2895/3350 train_time:7145.933s step_avg:2468.37ms
step:2896/3350 train_time:7147.816s step_avg:2468.17ms
step:2897/3350 train_time:7150.963s step_avg:2468.40ms
step:2898/3350 train_time:7152.842s step_avg:2468.20ms
step:2899/3350 train_time:7155.993s step_avg:2468.44ms
step:2900/3350 train_time:7158.172s step_avg:2468.34ms
step:2901/3350 train_time:7161.303s step_avg:2468.56ms
step:2902/3350 train_time:7163.168s step_avg:2468.36ms
step:2903/3350 train_time:7166.319s step_avg:2468.59ms
step:2904/3350 train_time:7168.199s step_avg:2468.39ms
step:2905/3350 train_time:7171.341s step_avg:2468.62ms
step:2906/3350 train_time:7173.216s step_avg:2468.42ms
step:2907/3350 train_time:7176.362s step_avg:2468.65ms
step:2908/3350 train_time:7178.233s step_avg:2468.44ms
step:2909/3350 train_time:7181.379s step_avg:2468.68ms
step:2910/3350 train_time:7183.246s step_avg:2468.47ms
step:2911/3350 train_time:7186.392s step_avg:2468.70ms
step:2912/3350 train_time:7188.263s step_avg:2468.50ms
step:2913/3350 train_time:7191.405s step_avg:2468.73ms
step:2914/3350 train_time:7193.267s step_avg:2468.52ms
step:2915/3350 train_time:7196.414s step_avg:2468.75ms
step:2916/3350 train_time:7198.277s step_avg:2468.55ms
step:2917/3350 train_time:7201.416s step_avg:2468.77ms
step:2918/3350 train_time:7203.279s step_avg:2468.57ms
step:2919/3350 train_time:7206.419s step_avg:2468.80ms
step:2920/3350 train_time:7208.299s step_avg:2468.60ms
step:2921/3350 train_time:7211.436s step_avg:2468.82ms
step:2922/3350 train_time:7213.314s step_avg:2468.62ms
step:2923/3350 train_time:7216.468s step_avg:2468.86ms
step:2924/3350 train_time:7218.342s step_avg:2468.65ms
step:2925/3350 train_time:7221.764s step_avg:2468.98ms
step:2926/3350 train_time:7223.643s step_avg:2468.78ms
step:2927/3350 train_time:7226.783s step_avg:2469.01ms
step:2928/3350 train_time:7228.654s step_avg:2468.80ms
step:2929/3350 train_time:7231.793s step_avg:2469.03ms
step:2930/3350 train_time:7233.673s step_avg:2468.83ms
step:2931/3350 train_time:7236.812s step_avg:2469.06ms
step:2932/3350 train_time:7238.679s step_avg:2468.85ms
step:2933/3350 train_time:7241.830s step_avg:2469.09ms
step:2934/3350 train_time:7243.700s step_avg:2468.88ms
step:2935/3350 train_time:7246.848s step_avg:2469.11ms
step:2936/3350 train_time:7248.716s step_avg:2468.91ms
step:2937/3350 train_time:7251.864s step_avg:2469.14ms
step:2938/3350 train_time:7253.727s step_avg:2468.93ms
step:2939/3350 train_time:7256.869s step_avg:2469.16ms
step:2940/3350 train_time:7258.749s step_avg:2468.96ms
step:2941/3350 train_time:7261.899s step_avg:2469.19ms
step:2942/3350 train_time:7263.769s step_avg:2468.99ms
step:2943/3350 train_time:7266.909s step_avg:2469.22ms
step:2944/3350 train_time:7268.777s step_avg:2469.01ms
step:2945/3350 train_time:7271.930s step_avg:2469.25ms
step:2946/3350 train_time:7273.799s step_avg:2469.04ms
step:2947/3350 train_time:7276.953s step_avg:2469.28ms
step:2948/3350 train_time:7278.825s step_avg:2469.07ms
step:2949/3350 train_time:7281.969s step_avg:2469.30ms
step:2950/3350 train_time:7284.131s step_avg:2469.20ms
step:2951/3350 train_time:7287.267s step_avg:2469.42ms
step:2952/3350 train_time:7289.130s step_avg:2469.22ms
step:2953/3350 train_time:7292.281s step_avg:2469.45ms
step:2954/3350 train_time:7294.160s step_avg:2469.25ms
step:2955/3350 train_time:7297.296s step_avg:2469.47ms
step:2956/3350 train_time:7299.163s step_avg:2469.27ms
step:2957/3350 train_time:7302.296s step_avg:2469.49ms
step:2958/3350 train_time:7304.165s step_avg:2469.29ms
step:2959/3350 train_time:7307.314s step_avg:2469.52ms
step:2960/3350 train_time:7309.185s step_avg:2469.32ms
step:2961/3350 train_time:7312.339s step_avg:2469.55ms
step:2962/3350 train_time:7314.209s step_avg:2469.35ms
step:2963/3350 train_time:7317.355s step_avg:2469.58ms
step:2964/3350 train_time:7319.227s step_avg:2469.37ms
step:2965/3350 train_time:7322.376s step_avg:2469.60ms
step:2966/3350 train_time:7324.256s step_avg:2469.41ms
step:2967/3350 train_time:7327.395s step_avg:2469.63ms
step:2968/3350 train_time:7329.258s step_avg:2469.43ms
step:2969/3350 train_time:7332.394s step_avg:2469.65ms
step:2970/3350 train_time:7334.261s step_avg:2469.45ms
step:2971/3350 train_time:7337.406s step_avg:2469.68ms
step:2972/3350 train_time:7339.283s step_avg:2469.48ms
step:2973/3350 train_time:7342.421s step_avg:2469.70ms
step:2974/3350 train_time:7344.293s step_avg:2469.50ms
step:2975/3350 train_time:7347.723s step_avg:2469.82ms
step:2976/3350 train_time:7349.591s step_avg:2469.62ms
step:2977/3350 train_time:7352.725s step_avg:2469.84ms
step:2978/3350 train_time:7354.596s step_avg:2469.64ms
step:2979/3350 train_time:7357.738s step_avg:2469.87ms
step:2980/3350 train_time:7359.612s step_avg:2469.67ms
step:2981/3350 train_time:7362.746s step_avg:2469.89ms
step:2982/3350 train_time:7364.618s step_avg:2469.69ms
step:2983/3350 train_time:7367.760s step_avg:2469.92ms
step:2984/3350 train_time:7369.634s step_avg:2469.72ms
step:2985/3350 train_time:7372.787s step_avg:2469.95ms
step:2986/3350 train_time:7374.660s step_avg:2469.75ms
step:2987/3350 train_time:7377.800s step_avg:2469.97ms
step:2988/3350 train_time:7379.665s step_avg:2469.77ms
step:2989/3350 train_time:7382.813s step_avg:2469.99ms
step:2990/3350 train_time:7384.694s step_avg:2469.80ms
step:2991/3350 train_time:7387.839s step_avg:2470.02ms
step:2992/3350 train_time:7389.705s step_avg:2469.82ms
step:2993/3350 train_time:7392.850s step_avg:2470.05ms
step:2994/3350 train_time:7394.714s step_avg:2469.84ms
step:2995/3350 train_time:7397.865s step_avg:2470.07ms
step:2996/3350 train_time:7399.732s step_avg:2469.87ms
step:2997/3350 train_time:7402.866s step_avg:2470.09ms
step:2998/3350 train_time:7404.743s step_avg:2469.89ms
step:2999/3350 train_time:7407.879s step_avg:2470.12ms
step:3000/3350 train_time:7410.128s step_avg:2470.04ms
step:3000/3350 val_loss:3.29506 train_time:7410.129s step_avg:2515.74ms
step:3001/3350 train_time:7413.258s step_avg:2470.26ms
step:3002/3350 train_time:7415.125s step_avg:2470.06ms
step:3003/3350 train_time:7418.266s step_avg:2470.28ms
step:3004/3350 train_time:7420.132s step_avg:2470.08ms
step:3005/3350 train_time:7423.282s step_avg:2470.31ms
step:3006/3350 train_time:7425.149s step_avg:2470.11ms
step:3007/3350 train_time:7428.295s step_avg:2470.33ms
step:3008/3350 train_time:7430.170s step_avg:2470.14ms
step:3009/3350 train_time:7433.303s step_avg:2470.36ms
step:3010/3350 train_time:7435.184s step_avg:2470.16ms
step:3011/3350 train_time:7438.326s step_avg:2470.38ms
step:3012/3350 train_time:7440.189s step_avg:2470.18ms
step:3013/3350 train_time:7443.341s step_avg:2470.41ms
step:3014/3350 train_time:7445.220s step_avg:2470.21ms
step:3015/3350 train_time:7448.364s step_avg:2470.44ms
step:3016/3350 train_time:7450.247s step_avg:2470.24ms
step:3017/3350 train_time:7453.400s step_avg:2470.47ms
step:3018/3350 train_time:7455.281s step_avg:2470.27ms
step:3019/3350 train_time:7458.428s step_avg:2470.50ms
step:3020/3350 train_time:7460.313s step_avg:2470.30ms
step:3021/3350 train_time:7463.466s step_avg:2470.53ms
step:3022/3350 train_time:7465.331s step_avg:2470.33ms
step:3023/3350 train_time:7468.485s step_avg:2470.55ms
step:3024/3350 train_time:7470.365s step_avg:2470.36ms
step:3025/3350 train_time:7473.818s step_avg:2470.68ms
step:3025/3350 val_loss:3.29145 train_time:7473.819s step_avg:2547.61ms
step:3026/3350 train_time:7475.691s step_avg:2470.49ms
step:3027/3350 train_time:7478.853s step_avg:2470.71ms
step:3028/3350 train_time:7480.724s step_avg:2470.52ms
step:3029/3350 train_time:7483.865s step_avg:2470.74ms
step:3030/3350 train_time:7485.729s step_avg:2470.54ms
step:3031/3350 train_time:7488.874s step_avg:2470.76ms
step:3032/3350 train_time:7490.747s step_avg:2470.56ms
step:3033/3350 train_time:7493.903s step_avg:2470.79ms
step:3034/3350 train_time:7495.786s step_avg:2470.60ms
step:3035/3350 train_time:7498.949s step_avg:2470.82ms
step:3036/3350 train_time:7500.819s step_avg:2470.63ms
step:3037/3350 train_time:7503.973s step_avg:2470.85ms
step:3038/3350 train_time:7505.848s step_avg:2470.65ms
step:3039/3350 train_time:7509.001s step_avg:2470.88ms
step:3040/3350 train_time:7510.885s step_avg:2470.69ms
step:3041/3350 train_time:7514.065s step_avg:2470.92ms
step:3042/3350 train_time:7515.928s step_avg:2470.72ms
step:3043/3350 train_time:7519.066s step_avg:2470.94ms
step:3044/3350 train_time:7520.943s step_avg:2470.74ms
step:3045/3350 train_time:7524.086s step_avg:2470.96ms
step:3046/3350 train_time:7525.957s step_avg:2470.77ms
step:3047/3350 train_time:7529.117s step_avg:2470.99ms
step:3048/3350 train_time:7530.997s step_avg:2470.80ms
step:3049/3350 train_time:7534.148s step_avg:2471.02ms
step:3050/3350 train_time:7536.319s step_avg:2470.92ms
step:3050/3350 val_loss:3.28853 train_time:7536.319s step_avg:2500.02ms
step:3051/3350 train_time:7539.448s step_avg:2471.14ms
step:3052/3350 train_time:7541.318s step_avg:2470.94ms
step:3053/3350 train_time:7544.454s step_avg:2471.16ms
step:3054/3350 train_time:7546.318s step_avg:2470.96ms
step:3055/3350 train_time:7549.469s step_avg:2471.18ms
step:3056/3350 train_time:7551.351s step_avg:2470.99ms
step:3057/3350 train_time:7554.498s step_avg:2471.21ms
step:3058/3350 train_time:7556.373s step_avg:2471.02ms
step:3059/3350 train_time:7559.527s step_avg:2471.24ms
step:3060/3350 train_time:7561.397s step_avg:2471.04ms
step:3061/3350 train_time:7564.538s step_avg:2471.26ms
step:3062/3350 train_time:7566.402s step_avg:2471.07ms
step:3063/3350 train_time:7569.537s step_avg:2471.28ms
step:3064/3350 train_time:7571.418s step_avg:2471.09ms
step:3065/3350 train_time:7574.565s step_avg:2471.31ms
step:3066/3350 train_time:7576.433s step_avg:2471.11ms
step:3067/3350 train_time:7579.579s step_avg:2471.33ms
step:3068/3350 train_time:7581.453s step_avg:2471.14ms
step:3069/3350 train_time:7584.603s step_avg:2471.36ms
step:3070/3350 train_time:7586.477s step_avg:2471.16ms
step:3071/3350 train_time:7589.621s step_avg:2471.38ms
step:3072/3350 train_time:7591.488s step_avg:2471.19ms
step:3073/3350 train_time:7594.621s step_avg:2471.40ms
step:3074/3350 train_time:7596.498s step_avg:2471.21ms
step:3075/3350 train_time:7599.924s step_avg:2471.52ms
step:3075/3350 val_loss:3.28552 train_time:7599.924s step_avg:2544.19ms
step:3076/3350 train_time:7601.807s step_avg:2471.33ms
step:3077/3350 train_time:7604.964s step_avg:2471.55ms
step:3078/3350 train_time:7606.825s step_avg:2471.35ms
step:3079/3350 train_time:7609.984s step_avg:2471.58ms
step:3080/3350 train_time:7611.857s step_avg:2471.38ms
step:3081/3350 train_time:7615.008s step_avg:2471.60ms
step:3082/3350 train_time:7616.872s step_avg:2471.41ms
step:3083/3350 train_time:7620.016s step_avg:2471.62ms
step:3084/3350 train_time:7621.893s step_avg:2471.43ms
step:3085/3350 train_time:7625.047s step_avg:2471.65ms
step:3086/3350 train_time:7626.915s step_avg:2471.46ms
step:3087/3350 train_time:7630.071s step_avg:2471.68ms
step:3088/3350 train_time:7631.942s step_avg:2471.48ms
step:3089/3350 train_time:7635.088s step_avg:2471.70ms
step:3090/3350 train_time:7636.960s step_avg:2471.51ms
step:3091/3350 train_time:7640.110s step_avg:2471.73ms
step:3092/3350 train_time:7641.995s step_avg:2471.54ms
step:3093/3350 train_time:7645.132s step_avg:2471.75ms
step:3094/3350 train_time:7647.001s step_avg:2471.56ms
step:3095/3350 train_time:7650.137s step_avg:2471.77ms
step:3096/3350 train_time:7652.008s step_avg:2471.58ms
step:3097/3350 train_time:7655.144s step_avg:2471.79ms
step:3098/3350 train_time:7657.010s step_avg:2471.60ms
step:3099/3350 train_time:7660.159s step_avg:2471.82ms
step:3100/3350 train_time:7662.345s step_avg:2471.72ms
step:3100/3350 val_loss:3.28290 train_time:7662.346s step_avg:2496.87ms
step:3101/3350 train_time:7665.480s step_avg:2471.94ms
step:3102/3350 train_time:7667.355s step_avg:2471.75ms
step:3103/3350 train_time:7670.507s step_avg:2471.96ms
step:3104/3350 train_time:7672.383s step_avg:2471.77ms
step:3105/3350 train_time:7675.517s step_avg:2471.99ms
step:3106/3350 train_time:7677.398s step_avg:2471.80ms
step:3107/3350 train_time:7680.544s step_avg:2472.01ms
step:3108/3350 train_time:7682.418s step_avg:2471.82ms
step:3109/3350 train_time:7685.551s step_avg:2472.03ms
step:3110/3350 train_time:7687.431s step_avg:2471.84ms
step:3111/3350 train_time:7690.572s step_avg:2472.06ms
step:3112/3350 train_time:7692.442s step_avg:2471.86ms
step:3113/3350 train_time:7695.583s step_avg:2472.08ms
step:3114/3350 train_time:7697.449s step_avg:2471.88ms
step:3115/3350 train_time:7700.601s step_avg:2472.10ms
step:3116/3350 train_time:7702.473s step_avg:2471.91ms
step:3117/3350 train_time:7705.617s step_avg:2472.13ms
step:3118/3350 train_time:7707.494s step_avg:2471.94ms
step:3119/3350 train_time:7710.645s step_avg:2472.15ms
step:3120/3350 train_time:7712.517s step_avg:2471.96ms
step:3121/3350 train_time:7715.652s step_avg:2472.17ms
step:3122/3350 train_time:7717.534s step_avg:2471.98ms
step:3123/3350 train_time:7720.670s step_avg:2472.20ms
step:3124/3350 train_time:7722.550s step_avg:2472.01ms
step:3125/3350 train_time:7726.050s step_avg:2472.34ms
step:3125/3350 val_loss:3.28012 train_time:7726.050s step_avg:2548.17ms
step:3126/3350 train_time:7727.933s step_avg:2472.15ms
step:3127/3350 train_time:7731.095s step_avg:2472.37ms
step:3128/3350 train_time:7732.971s step_avg:2472.18ms
step:3129/3350 train_time:7736.115s step_avg:2472.39ms
step:3130/3350 train_time:7737.985s step_avg:2472.20ms
step:3131/3350 train_time:7741.129s step_avg:2472.41ms
step:3132/3350 train_time:7743.014s step_avg:2472.23ms
step:3133/3350 train_time:7746.172s step_avg:2472.45ms
step:3134/3350 train_time:7748.044s step_avg:2472.25ms
step:3135/3350 train_time:7751.192s step_avg:2472.47ms
step:3136/3350 train_time:7753.067s step_avg:2472.28ms
step:3137/3350 train_time:7756.227s step_avg:2472.50ms
step:3138/3350 train_time:7758.095s step_avg:2472.31ms
step:3139/3350 train_time:7761.235s step_avg:2472.52ms
step:3140/3350 train_time:7763.117s step_avg:2472.33ms
step:3141/3350 train_time:7766.260s step_avg:2472.54ms
step:3142/3350 train_time:7768.145s step_avg:2472.36ms
step:3143/3350 train_time:7771.284s step_avg:2472.57ms
step:3144/3350 train_time:7773.160s step_avg:2472.38ms
step:3145/3350 train_time:7776.309s step_avg:2472.59ms
step:3146/3350 train_time:7778.174s step_avg:2472.40ms
step:3147/3350 train_time:7781.320s step_avg:2472.62ms
step:3148/3350 train_time:7783.201s step_avg:2472.43ms
step:3149/3350 train_time:7786.334s step_avg:2472.64ms
step:3150/3350 train_time:7788.495s step_avg:2472.54ms
step:3150/3350 val_loss:3.27715 train_time:7788.495s step_avg:2497.82ms
step:3151/3350 train_time:7791.632s step_avg:2472.75ms
step:3152/3350 train_time:7793.501s step_avg:2472.56ms
step:3153/3350 train_time:7796.651s step_avg:2472.77ms
step:3154/3350 train_time:7798.521s step_avg:2472.58ms
step:3155/3350 train_time:7801.675s step_avg:2472.80ms
step:3156/3350 train_time:7803.557s step_avg:2472.61ms
step:3157/3350 train_time:7806.697s step_avg:2472.82ms
step:3158/3350 train_time:7808.581s step_avg:2472.63ms
step:3159/3350 train_time:7811.721s step_avg:2472.85ms
step:3160/3350 train_time:7813.591s step_avg:2472.66ms
step:3161/3350 train_time:7816.750s step_avg:2472.87ms
step:3162/3350 train_time:7818.624s step_avg:2472.68ms
step:3163/3350 train_time:7821.776s step_avg:2472.90ms
step:3164/3350 train_time:7823.647s step_avg:2472.71ms
step:3165/3350 train_time:7826.802s step_avg:2472.92ms
step:3166/3350 train_time:7828.671s step_avg:2472.73ms
step:3167/3350 train_time:7831.818s step_avg:2472.95ms
step:3168/3350 train_time:7833.685s step_avg:2472.75ms
step:3169/3350 train_time:7836.823s step_avg:2472.96ms
step:3170/3350 train_time:7838.698s step_avg:2472.78ms
step:3171/3350 train_time:7841.849s step_avg:2472.99ms
step:3172/3350 train_time:7843.719s step_avg:2472.80ms
step:3173/3350 train_time:7846.876s step_avg:2473.01ms
step:3174/3350 train_time:7848.750s step_avg:2472.83ms
step:3175/3350 train_time:7852.215s step_avg:2473.14ms
step:3175/3350 val_loss:3.27461 train_time:7852.215s step_avg:2548.79ms
step:3176/3350 train_time:7854.088s step_avg:2472.95ms
step:3177/3350 train_time:7857.246s step_avg:2473.17ms
step:3178/3350 train_time:7859.118s step_avg:2472.98ms
step:3179/3350 train_time:7862.270s step_avg:2473.19ms
step:3180/3350 train_time:7864.144s step_avg:2473.00ms
step:3181/3350 train_time:7867.300s step_avg:2473.22ms
step:3182/3350 train_time:7869.184s step_avg:2473.03ms
step:3183/3350 train_time:7872.327s step_avg:2473.24ms
step:3184/3350 train_time:7874.200s step_avg:2473.05ms
step:3185/3350 train_time:7877.354s step_avg:2473.27ms
step:3186/3350 train_time:7879.222s step_avg:2473.08ms
step:3187/3350 train_time:7882.375s step_avg:2473.29ms
step:3188/3350 train_time:7884.243s step_avg:2473.10ms
step:3189/3350 train_time:7887.383s step_avg:2473.31ms
step:3190/3350 train_time:7889.269s step_avg:2473.13ms
step:3191/3350 train_time:7892.428s step_avg:2473.34ms
step:3192/3350 train_time:7894.309s step_avg:2473.15ms
step:3193/3350 train_time:7897.452s step_avg:2473.36ms
step:3194/3350 train_time:7899.335s step_avg:2473.18ms
step:3195/3350 train_time:7902.476s step_avg:2473.39ms
step:3196/3350 train_time:7904.362s step_avg:2473.20ms
step:3197/3350 train_time:7907.508s step_avg:2473.42ms
step:3198/3350 train_time:7909.392s step_avg:2473.23ms
step:3199/3350 train_time:7912.534s step_avg:2473.44ms
step:3200/3350 train_time:7914.718s step_avg:2473.35ms
step:3200/3350 val_loss:3.27215 train_time:7914.719s step_avg:2500.14ms
step:3201/3350 train_time:7917.855s step_avg:2473.56ms
step:3202/3350 train_time:7919.725s step_avg:2473.37ms
step:3203/3350 train_time:7922.874s step_avg:2473.58ms
step:3204/3350 train_time:7924.741s step_avg:2473.39ms
step:3205/3350 train_time:7927.888s step_avg:2473.60ms
step:3206/3350 train_time:7929.767s step_avg:2473.41ms
step:3207/3350 train_time:7932.915s step_avg:2473.62ms
step:3208/3350 train_time:7934.781s step_avg:2473.44ms
step:3209/3350 train_time:7937.935s step_avg:2473.65ms
step:3210/3350 train_time:7939.806s step_avg:2473.46ms
step:3211/3350 train_time:7942.960s step_avg:2473.67ms
step:3212/3350 train_time:7944.827s step_avg:2473.48ms
step:3213/3350 train_time:7947.965s step_avg:2473.69ms
step:3214/3350 train_time:7949.836s step_avg:2473.50ms
step:3215/3350 train_time:7952.994s step_avg:2473.71ms
step:3216/3350 train_time:7954.868s step_avg:2473.53ms
step:3217/3350 train_time:7958.025s step_avg:2473.74ms
step:3218/3350 train_time:7959.911s step_avg:2473.56ms
step:3219/3350 train_time:7963.053s step_avg:2473.77ms
step:3220/3350 train_time:7964.926s step_avg:2473.58ms
step:3221/3350 train_time:7968.073s step_avg:2473.79ms
step:3222/3350 train_time:7969.948s step_avg:2473.60ms
step:3223/3350 train_time:7973.096s step_avg:2473.81ms
step:3224/3350 train_time:7974.959s step_avg:2473.62ms
step:3225/3350 train_time:7978.403s step_avg:2473.92ms
step:3225/3350 val_loss:3.26982 train_time:7978.404s step_avg:2547.40ms
step:3226/3350 train_time:7980.276s step_avg:2473.74ms
step:3227/3350 train_time:7983.417s step_avg:2473.94ms
step:3228/3350 train_time:7985.285s step_avg:2473.76ms
step:3229/3350 train_time:7988.444s step_avg:2473.97ms
step:3230/3350 train_time:7990.335s step_avg:2473.79ms
step:3231/3350 train_time:7993.521s step_avg:2474.01ms
step:3232/3350 train_time:7995.393s step_avg:2473.82ms
step:3233/3350 train_time:7998.532s step_avg:2474.03ms
step:3234/3350 train_time:8000.405s step_avg:2473.84ms
step:3235/3350 train_time:8003.558s step_avg:2474.05ms
step:3236/3350 train_time:8005.437s step_avg:2473.87ms
step:3237/3350 train_time:8008.581s step_avg:2474.08ms
step:3238/3350 train_time:8010.463s step_avg:2473.89ms
step:3239/3350 train_time:8013.600s step_avg:2474.10ms
step:3240/3350 train_time:8015.481s step_avg:2473.91ms
step:3241/3350 train_time:8018.622s step_avg:2474.12ms
step:3242/3350 train_time:8020.487s step_avg:2473.93ms
step:3243/3350 train_time:8023.631s step_avg:2474.14ms
step:3244/3350 train_time:8025.501s step_avg:2473.95ms
step:3245/3350 train_time:8028.636s step_avg:2474.16ms
step:3246/3350 train_time:8030.505s step_avg:2473.97ms
step:3247/3350 train_time:8033.659s step_avg:2474.18ms
step:3248/3350 train_time:8035.526s step_avg:2473.99ms
step:3249/3350 train_time:8038.669s step_avg:2474.20ms
step:3250/3350 train_time:8040.890s step_avg:2474.12ms
step:3250/3350 val_loss:3.26784 train_time:8040.890s step_avg:2499.46ms
step:3251/3350 train_time:8044.038s step_avg:2474.33ms
step:3252/3350 train_time:8045.920s step_avg:2474.15ms
step:3253/3350 train_time:8049.058s step_avg:2474.35ms
step:3254/3350 train_time:8050.937s step_avg:2474.17ms
step:3255/3350 train_time:8054.082s step_avg:2474.37ms
step:3256/3350 train_time:8055.957s step_avg:2474.19ms
step:3257/3350 train_time:8059.103s step_avg:2474.39ms
step:3258/3350 train_time:8060.968s step_avg:2474.21ms
step:3259/3350 train_time:8064.117s step_avg:2474.41ms
step:3260/3350 train_time:8065.984s step_avg:2474.23ms
step:3261/3350 train_time:8069.141s step_avg:2474.44ms
step:3262/3350 train_time:8071.006s step_avg:2474.25ms
step:3263/3350 train_time:8074.144s step_avg:2474.45ms
step:3264/3350 train_time:8076.015s step_avg:2474.27ms
step:3265/3350 train_time:8079.153s step_avg:2474.47ms
step:3266/3350 train_time:8081.029s step_avg:2474.29ms
step:3267/3350 train_time:8084.174s step_avg:2474.49ms
step:3268/3350 train_time:8086.037s step_avg:2474.31ms
step:3269/3350 train_time:8089.176s step_avg:2474.51ms
step:3270/3350 train_time:8091.040s step_avg:2474.32ms
step:3271/3350 train_time:8094.181s step_avg:2474.53ms
step:3272/3350 train_time:8096.052s step_avg:2474.34ms
step:3273/3350 train_time:8099.200s step_avg:2474.55ms
step:3274/3350 train_time:8101.070s step_avg:2474.36ms
step:3275/3350 train_time:8104.507s step_avg:2474.66ms
step:3275/3350 val_loss:3.26596 train_time:8104.507s step_avg:2544.67ms
step:3276/3350 train_time:8106.378s step_avg:2474.47ms
step:3277/3350 train_time:8109.525s step_avg:2474.68ms
step:3278/3350 train_time:8111.391s step_avg:2474.49ms
step:3279/3350 train_time:8114.547s step_avg:2474.70ms
step:3280/3350 train_time:8116.421s step_avg:2474.52ms
step:3281/3350 train_time:8119.564s step_avg:2474.72ms
step:3282/3350 train_time:8121.446s step_avg:2474.54ms
step:3283/3350 train_time:8124.595s step_avg:2474.75ms
step:3284/3350 train_time:8126.461s step_avg:2474.56ms
step:3285/3350 train_time:8129.615s step_avg:2474.77ms
step:3286/3350 train_time:8131.490s step_avg:2474.59ms
step:3287/3350 train_time:8134.629s step_avg:2474.79ms
step:3288/3350 train_time:8136.512s step_avg:2474.61ms
step:3289/3350 train_time:8139.652s step_avg:2474.81ms
step:3290/3350 train_time:8141.534s step_avg:2474.63ms
step:3291/3350 train_time:8144.671s step_avg:2474.83ms
step:3292/3350 train_time:8146.548s step_avg:2474.65ms
step:3293/3350 train_time:8149.694s step_avg:2474.85ms
step:3294/3350 train_time:8151.557s step_avg:2474.67ms
step:3295/3350 train_time:8154.695s step_avg:2474.87ms
step:3296/3350 train_time:8156.561s step_avg:2474.68ms
step:3297/3350 train_time:8159.712s step_avg:2474.89ms
step:3298/3350 train_time:8161.595s step_avg:2474.71ms
step:3299/3350 train_time:8164.735s step_avg:2474.91ms
step:3300/3350 train_time:8166.918s step_avg:2474.82ms
step:3300/3350 val_loss:3.26440 train_time:8166.919s step_avg:2496.47ms
step:3301/3350 train_time:8170.066s step_avg:2475.03ms
step:3302/3350 train_time:8171.945s step_avg:2474.85ms
step:3303/3350 train_time:8175.098s step_avg:2475.05ms
step:3304/3350 train_time:8176.979s step_avg:2474.87ms
step:3305/3350 train_time:8180.127s step_avg:2475.08ms
step:3306/3350 train_time:8181.995s step_avg:2474.89ms
step:3307/3350 train_time:8185.141s step_avg:2475.10ms
step:3308/3350 train_time:8187.024s step_avg:2474.92ms
step:3309/3350 train_time:8190.157s step_avg:2475.12ms
step:3310/3350 train_time:8192.032s step_avg:2474.93ms
step:3311/3350 train_time:8195.193s step_avg:2475.14ms
step:3312/3350 train_time:8197.065s step_avg:2474.96ms
step:3313/3350 train_time:8200.219s step_avg:2475.16ms
step:3314/3350 train_time:8202.096s step_avg:2474.98ms
step:3315/3350 train_time:8205.237s step_avg:2475.18ms
step:3316/3350 train_time:8207.107s step_avg:2475.00ms
step:3317/3350 train_time:8210.247s step_avg:2475.20ms
step:3318/3350 train_time:8212.120s step_avg:2475.02ms
step:3319/3350 train_time:8215.271s step_avg:2475.22ms
step:3320/3350 train_time:8217.146s step_avg:2475.04ms
step:3321/3350 train_time:8220.298s step_avg:2475.25ms
step:3322/3350 train_time:8222.168s step_avg:2475.07ms
step:3323/3350 train_time:8225.307s step_avg:2475.27ms
step:3324/3350 train_time:8227.189s step_avg:2475.09ms
step:3325/3350 train_time:8230.637s step_avg:2475.38ms
step:3325/3350 val_loss:3.26318 train_time:8230.637s step_avg:2548.74ms
step:3326/3350 train_time:8232.506s step_avg:2475.20ms
step:3327/3350 train_time:8235.651s step_avg:2475.40ms
step:3328/3350 train_time:8237.522s step_avg:2475.22ms
step:3329/3350 train_time:8240.660s step_avg:2475.42ms
step:3330/3350 train_time:8242.532s step_avg:2475.23ms
step:3331/3350 train_time:8245.668s step_avg:2475.43ms
step:3332/3350 train_time:8247.534s step_avg:2475.25ms
step:3333/3350 train_time:8250.683s step_avg:2475.45ms
step:3334/3350 train_time:8252.561s step_avg:2475.27ms
step:3335/3350 train_time:8255.706s step_avg:2475.47ms
step:3336/3350 train_time:8257.588s step_avg:2475.30ms
step:3337/3350 train_time:8260.728s step_avg:2475.50ms
step:3338/3350 train_time:8262.607s step_avg:2475.32ms
step:3339/3350 train_time:8265.744s step_avg:2475.51ms
step:3340/3350 train_time:8267.610s step_avg:2475.33ms
step:3341/3350 train_time:8270.760s step_avg:2475.53ms
step:3342/3350 train_time:8272.633s step_avg:2475.35ms
step:3343/3350 train_time:8275.786s step_avg:2475.56ms
step:3344/3350 train_time:8277.655s step_avg:2475.38ms
step:3345/3350 train_time:8280.790s step_avg:2475.57ms
step:3346/3350 train_time:8282.665s step_avg:2475.39ms
step:3347/3350 train_time:8285.802s step_avg:2475.59ms
step:3348/3350 train_time:8287.683s step_avg:2475.41ms
step:3349/3350 train_time:8290.819s step_avg:2475.61ms
step:3350/3350 train_time:8293.052s step_avg:2475.54ms
step:3350/3350 val_loss:3.26246 train_time:8293.052s step_avg:2496.60ms
trial:0 best_val_loss:3.26246 best_val_step:3350 first_step_to_target:3150
wandb: updating run metadata
wandb: uploading history steps 143-143, summary, console lines 3395-3396
wandb: 
wandb: Run history:
wandb:                embed/dist_from_init ▁▂▃▃▄▄▅▅▅▆▆▆▇▇▇▇▇▇▇███████████████
wandb:       embed/dist_from_init_mean_abs ▁▂▃▃▄▄▅▅▅▆▆▆▆▇▇▇▇▇▇███████████████
wandb:            embed/init_anchor_lambda ▁▁▁▁▁▁▁▁▁▁▁▁▁▁▁▁▁▁▁▁▁▁▁▁▁▁▁▁▁▁▁▁▁▁
wandb:  newton_muon/R_condition_number_max ▁▃▃▅▆▇▇▇████████████████████████████████
wandb: newton_muon/R_condition_number_mean ▁▃▄▆▆█▇█████████████████████████████████
wandb:  newton_muon/R_condition_number_min ▁▆▇▇▇█▇▇▇▇▇▇▇▇▆▆▆▆▆▆▆▆▆▆▆▆▆▆▆▆▆▅▅▅▆▆▆▅▆▅
wandb:    newton_muon/R_inv_sqrt_norm_mean █▁▁▁▁▁▂▂▂▂▂▂▂▂▂▂▂▂▂▂▂▂▂▂▂▂▂▂▂▂▂▂▂▂▂▂▂▂▂▂
wandb:   newton_muon/params_preconditioned ▁███████████████████████████████████████
wandb:      newton_muon/precond_ratio_mean ▁▁▁▁▂▂▃▃▂▃▂▃▄▅▄▄▄▄▅▅▄▅▆▅▆▇▆▆▇▆▇▇▆▇▇███▇█
wandb:           newton_muon/r_warmstart_n ▁▁▁▁▁▁▁▁▁▁▁▁▁▁▁▁▁▁▁▁▁▁▁▁▁▁▁▁▁▁▁▁▁▁▁▁▁▁▁▁
wandb:                              +4,359 ...
wandb: 
wandb: Run summary:
wandb:                embed/dist_from_init 117248
wandb:       embed/dist_from_init_mean_abs 15.0625
wandb:            embed/init_anchor_lambda 0.001
wandb:  newton_muon/R_condition_number_max 595902.25
wandb: newton_muon/R_condition_number_mean 17605.87494
wandb:  newton_muon/R_condition_number_min 909.09863
wandb:    newton_muon/R_inv_sqrt_norm_mean 83.28678
wandb:   newton_muon/params_preconditioned 72
wandb:      newton_muon/precond_ratio_mean 1.14515
wandb:           newton_muon/r_warmstart_n 0
wandb:                              +4,359 ...
wandb: 
wandb: 🚀 View run g1r4-fern/muon-attn-lr-mult-B-s0 at: https://wandb.ai/wandb-applied-ai-team/modded-nanogpt-senpai/runs/knap1mmo
wandb: ⭐️ View project at: https://wandb.ai/wandb-applied-ai-team/modded-nanogpt-senpai
wandb: Synced 6 W&B file(s), 0 media file(s), 0 artifact file(s) and 0 other file(s)
wandb: Find logs at: ./wandb/run-20260601_105505-knap1mmo/logs
===== END   arm_B attn_mult=0.65 2026-06-01T13:21:04Z =====
