===== START arm_C attn_mult=0.95 2026-06-01T13:21:04Z =====
logs/fa06459f-33d5-4138-a9f8-2571f48cebb4.txt
GRAD_CLIP: max_norm=0.0 (DISABLED)
GRAD_CLIP_PER_GROUP: body=10.0 aux=5.0 (ACTIVE (per-group L2))
EMBED_COOLDOWN_SHAPE: linear_floor (applies to adam_embed only; lm_head/scalars use linear)
ADAMW_BETA2: 0.99 (effective memory ~99 steps)
ADAMW_LR_MULT: embed=1.5 lm_head=1.0 scalar=1.0
  Effective base LRs: embed=0.4500 lm_head=0.003125 scalar=0.0100
MUON_LR_MULT: attn=0.950 mlp=1.200
  Effective Muon base LRs: attn=0.03325 mlp=0.04200
EMBED_INIT_ANCHOR_LAMBDA: 0.001 (ACTIVE)
NEWTON_MUON: use_precond=True lr_scale=1.0 update_period=2 beta=0.95 eps=0.0001 max_d_in=4096 tikhonov_gamma=0.005 r_warmstart=True r_warmstart_k=100
NS_SCHEDULE: ns_iters=12 -> ns_iters_cooldown=16 at fraction 0.7 of train_steps (shape=late_peak)
NS_COEF_SCHEDULE: linear_ramp_down
  ns_iters=12: c=[0.7,0.662,0.624,0.585,0.547,0.509,0.471,0.433,0.395,0.356,0.318,0.28] avg_c=0.4900
  ns_iters=16: c=[0.7,0.672,0.644,0.616,0.588,0.56,0.532,0.504,0.476,0.448,0.42,0.392,0.364,0.336,0.308,0.28] avg_c=0.4900
NEWTON_MUON: hooks registered for 72 parameter modules (skipped 0 d_in>4096)
wandb: [wandb.login()] Loaded credentials for https://api.wandb.ai from WANDB_API_KEY.
wandb: W&B API key is configured. Use `wandb login --relogin` to force relogin
wandb: Tracking run with wandb version 0.26.1
wandb: Run data is saved locally in /workspace/senpai/target/wandb/run-20260601_132109-70ym9r8t
wandb: Run `wandb offline` to turn off syncing.
wandb: Syncing run g1r4-fern/muon-attn-lr-mult-C-s0
wandb: ⭐️ View project at https://wandb.ai/wandb-applied-ai-team/modded-nanogpt-senpai
wandb: 🚀 View run at https://wandb.ai/wandb-applied-ai-team/modded-nanogpt-senpai/runs/70ym9r8t
EMBED_INIT_ANCHOR: lambda=0.001 snapshot_norm=6208.0000 snapshot_mean_abs=0.7969 snapshot_shape=(50304, 768)
MUON_PARAM_COUNTS: attn=48 mlp=24 (expected 48 attn / 24 mlp for 12-layer block stack)
step:0/3350 val_loss:10.82583 train_time:0.000s step_avg:nanms
step:1/3350 train_time:5.077s step_avg:5077.03ms
step:2/3350 train_time:6.843s step_avg:3421.37ms
step:3/3350 train_time:8.676s step_avg:2892.15ms
step:4/3350 train_time:10.509s step_avg:2627.33ms
step:5/3350 train_time:12.343s step_avg:2468.59ms
step:6/3350 train_time:14.176s step_avg:2362.70ms
step:7/3350 train_time:16.008s step_avg:2286.84ms
step:8/3350 train_time:17.840s step_avg:2229.95ms
step:9/3350 train_time:19.671s step_avg:2185.65ms
step:10/3350 train_time:21.505s step_avg:2150.54ms
step:11/3350 train_time:23.338s step_avg:2121.61ms
step:12/3350 train_time:25.170s step_avg:2097.46ms
step:13/3350 train_time:27.003s step_avg:2077.19ms
step:14/3350 train_time:28.835s step_avg:2059.65ms
step:15/3350 train_time:30.670s step_avg:2044.66ms
step:16/3350 train_time:32.505s step_avg:2031.58ms
step:17/3350 train_time:34.338s step_avg:2019.89ms
step:18/3350 train_time:36.173s step_avg:2009.60ms
step:19/3350 train_time:38.009s step_avg:2000.48ms
step:20/3350 train_time:39.843s step_avg:1992.13ms
step:21/3350 train_time:41.678s step_avg:1984.66ms
step:22/3350 train_time:43.513s step_avg:1977.88ms
step:23/3350 train_time:45.348s step_avg:1971.67ms
step:24/3350 train_time:47.183s step_avg:1965.97ms
step:25/3350 train_time:49.298s step_avg:1971.90ms
step:26/3350 train_time:51.130s step_avg:1966.52ms
step:27/3350 train_time:52.964s step_avg:1961.65ms
step:28/3350 train_time:54.799s step_avg:1957.12ms
step:29/3350 train_time:56.635s step_avg:1952.92ms
step:30/3350 train_time:58.469s step_avg:1948.96ms
step:31/3350 train_time:60.305s step_avg:1945.31ms
step:32/3350 train_time:62.140s step_avg:1941.87ms
step:33/3350 train_time:63.974s step_avg:1938.60ms
step:34/3350 train_time:65.807s step_avg:1935.51ms
step:35/3350 train_time:67.645s step_avg:1932.71ms
step:36/3350 train_time:69.479s step_avg:1929.96ms
step:37/3350 train_time:71.313s step_avg:1927.37ms
step:38/3350 train_time:73.149s step_avg:1924.98ms
step:39/3350 train_time:74.985s step_avg:1922.70ms
step:40/3350 train_time:76.820s step_avg:1920.51ms
step:41/3350 train_time:78.655s step_avg:1918.42ms
step:42/3350 train_time:80.488s step_avg:1916.38ms
step:43/3350 train_time:82.324s step_avg:1914.51ms
step:44/3350 train_time:84.159s step_avg:1912.71ms
step:45/3350 train_time:85.995s step_avg:1910.99ms
step:46/3350 train_time:87.829s step_avg:1909.33ms
step:47/3350 train_time:89.665s step_avg:1907.78ms
step:48/3350 train_time:91.502s step_avg:1906.29ms
step:49/3350 train_time:93.336s step_avg:1904.81ms
step:50/3350 train_time:95.450s step_avg:1908.99ms
step:51/3350 train_time:97.283s step_avg:1907.51ms
step:52/3350 train_time:99.118s step_avg:1906.11ms
step:53/3350 train_time:100.952s step_avg:1904.75ms
step:54/3350 train_time:102.788s step_avg:1903.49ms
step:55/3350 train_time:104.621s step_avg:1902.21ms
step:56/3350 train_time:106.455s step_avg:1900.98ms
step:57/3350 train_time:108.290s step_avg:1899.82ms
step:58/3350 train_time:110.126s step_avg:1898.72ms
step:59/3350 train_time:111.961s step_avg:1897.64ms
step:60/3350 train_time:113.796s step_avg:1896.60ms
step:61/3350 train_time:115.630s step_avg:1895.58ms
step:62/3350 train_time:117.465s step_avg:1894.59ms
step:63/3350 train_time:119.300s step_avg:1893.66ms
step:64/3350 train_time:121.138s step_avg:1892.78ms
step:65/3350 train_time:122.972s step_avg:1891.87ms
step:66/3350 train_time:124.807s step_avg:1891.01ms
step:67/3350 train_time:126.642s step_avg:1890.18ms
step:68/3350 train_time:128.476s step_avg:1889.35ms
step:69/3350 train_time:130.311s step_avg:1888.56ms
step:70/3350 train_time:132.147s step_avg:1887.82ms
step:71/3350 train_time:133.980s step_avg:1887.04ms
step:72/3350 train_time:135.814s step_avg:1886.31ms
step:73/3350 train_time:137.649s step_avg:1885.61ms
step:74/3350 train_time:139.484s step_avg:1884.92ms
step:75/3350 train_time:141.602s step_avg:1888.02ms
step:76/3350 train_time:143.433s step_avg:1887.28ms
step:77/3350 train_time:145.270s step_avg:1886.63ms
step:78/3350 train_time:147.107s step_avg:1885.98ms
step:79/3350 train_time:148.941s step_avg:1885.33ms
step:80/3350 train_time:150.776s step_avg:1884.70ms
step:81/3350 train_time:152.610s step_avg:1884.08ms
step:82/3350 train_time:154.445s step_avg:1883.48ms
step:83/3350 train_time:156.281s step_avg:1882.91ms
step:84/3350 train_time:158.115s step_avg:1882.33ms
step:85/3350 train_time:159.950s step_avg:1881.76ms
step:86/3350 train_time:161.786s step_avg:1881.23ms
step:87/3350 train_time:163.621s step_avg:1880.70ms
step:88/3350 train_time:165.455s step_avg:1880.17ms
step:89/3350 train_time:167.294s step_avg:1879.70ms
step:90/3350 train_time:169.130s step_avg:1879.22ms
step:91/3350 train_time:170.966s step_avg:1878.75ms
step:92/3350 train_time:172.804s step_avg:1878.30ms
step:93/3350 train_time:174.640s step_avg:1877.85ms
step:94/3350 train_time:176.478s step_avg:1877.43ms
step:95/3350 train_time:178.316s step_avg:1877.01ms
step:96/3350 train_time:180.152s step_avg:1876.58ms
step:97/3350 train_time:181.988s step_avg:1876.16ms
step:98/3350 train_time:183.826s step_avg:1875.78ms
step:99/3350 train_time:185.664s step_avg:1875.39ms
step:100/3350 train_time:188.778s step_avg:1887.78ms
step:101/3350 train_time:191.855s step_avg:1899.56ms
step:102/3350 train_time:193.691s step_avg:1898.94ms
step:103/3350 train_time:196.783s step_avg:1910.51ms
step:104/3350 train_time:198.616s step_avg:1909.76ms
step:105/3350 train_time:201.710s step_avg:1921.05ms
step:106/3350 train_time:203.544s step_avg:1920.22ms
step:107/3350 train_time:206.643s step_avg:1931.24ms
step:108/3350 train_time:208.476s step_avg:1930.33ms
step:109/3350 train_time:211.578s step_avg:1941.09ms
step:110/3350 train_time:213.411s step_avg:1940.10ms
step:111/3350 train_time:216.515s step_avg:1950.59ms
step:112/3350 train_time:218.348s step_avg:1949.54ms
step:113/3350 train_time:221.454s step_avg:1959.77ms
step:114/3350 train_time:223.287s step_avg:1958.66ms
step:115/3350 train_time:226.392s step_avg:1968.62ms
step:116/3350 train_time:228.224s step_avg:1967.45ms
step:117/3350 train_time:231.333s step_avg:1977.20ms
step:118/3350 train_time:233.165s step_avg:1975.97ms
step:119/3350 train_time:236.270s step_avg:1985.46ms
step:120/3350 train_time:238.100s step_avg:1984.17ms
step:121/3350 train_time:241.208s step_avg:1993.45ms
step:122/3350 train_time:243.040s step_avg:1992.13ms
step:123/3350 train_time:246.150s step_avg:2001.22ms
step:124/3350 train_time:247.981s step_avg:1999.85ms
step:125/3350 train_time:251.445s step_avg:2011.56ms
step:125/3350 val_loss:4.58570 train_time:251.446s step_avg:2011.56ms
step:126/3350 train_time:253.277s step_avg:2010.14ms
step:127/3350 train_time:256.387s step_avg:2018.80ms
step:128/3350 train_time:258.219s step_avg:2017.34ms
step:129/3350 train_time:261.330s step_avg:2025.82ms
step:130/3350 train_time:263.161s step_avg:2024.32ms
step:131/3350 train_time:266.272s step_avg:2032.61ms
step:132/3350 train_time:268.104s step_avg:2031.09ms
step:133/3350 train_time:271.219s step_avg:2039.24ms
step:134/3350 train_time:273.053s step_avg:2037.71ms
step:135/3350 train_time:276.165s step_avg:2045.67ms
step:136/3350 train_time:277.997s step_avg:2044.09ms
step:137/3350 train_time:281.105s step_avg:2051.86ms
step:138/3350 train_time:282.936s step_avg:2050.26ms
step:139/3350 train_time:286.051s step_avg:2057.92ms
step:140/3350 train_time:287.886s step_avg:2056.33ms
step:141/3350 train_time:291.002s step_avg:2063.84ms
step:142/3350 train_time:292.835s step_avg:2062.22ms
step:143/3350 train_time:295.946s step_avg:2069.55ms
step:144/3350 train_time:297.779s step_avg:2067.91ms
step:145/3350 train_time:300.893s step_avg:2075.13ms
step:146/3350 train_time:302.725s step_avg:2073.46ms
step:147/3350 train_time:305.839s step_avg:2080.54ms
step:148/3350 train_time:307.672s step_avg:2078.87ms
step:149/3350 train_time:310.786s step_avg:2085.81ms
step:150/3350 train_time:312.912s step_avg:2086.08ms
step:151/3350 train_time:316.024s step_avg:2092.87ms
step:152/3350 train_time:317.856s step_avg:2091.16ms
step:153/3350 train_time:320.967s step_avg:2097.83ms
step:154/3350 train_time:322.798s step_avg:2096.09ms
step:155/3350 train_time:325.910s step_avg:2102.64ms
step:156/3350 train_time:327.742s step_avg:2100.91ms
step:157/3350 train_time:330.856s step_avg:2107.37ms
step:158/3350 train_time:332.686s step_avg:2105.61ms
step:159/3350 train_time:335.800s step_avg:2111.95ms
step:160/3350 train_time:337.633s step_avg:2110.21ms
step:161/3350 train_time:340.749s step_avg:2116.45ms
step:162/3350 train_time:342.581s step_avg:2114.70ms
step:163/3350 train_time:345.697s step_avg:2120.84ms
step:164/3350 train_time:347.529s step_avg:2119.08ms
step:165/3350 train_time:350.645s step_avg:2125.12ms
step:166/3350 train_time:352.478s step_avg:2123.36ms
step:167/3350 train_time:355.593s step_avg:2129.30ms
step:168/3350 train_time:357.423s step_avg:2127.52ms
step:169/3350 train_time:360.539s step_avg:2133.37ms
step:170/3350 train_time:362.371s step_avg:2131.60ms
step:171/3350 train_time:365.488s step_avg:2137.36ms
step:172/3350 train_time:367.316s step_avg:2135.56ms
step:173/3350 train_time:370.430s step_avg:2141.22ms
step:174/3350 train_time:372.262s step_avg:2139.44ms
step:175/3350 train_time:375.678s step_avg:2146.73ms
step:176/3350 train_time:377.509s step_avg:2144.94ms
step:177/3350 train_time:380.623s step_avg:2150.41ms
step:178/3350 train_time:382.456s step_avg:2148.63ms
step:179/3350 train_time:385.574s step_avg:2154.04ms
step:180/3350 train_time:387.404s step_avg:2152.25ms
step:181/3350 train_time:390.526s step_avg:2157.60ms
step:182/3350 train_time:392.360s step_avg:2155.82ms
step:183/3350 train_time:395.477s step_avg:2161.08ms
step:184/3350 train_time:397.312s step_avg:2159.30ms
step:185/3350 train_time:400.430s step_avg:2164.49ms
step:186/3350 train_time:402.268s step_avg:2162.73ms
step:187/3350 train_time:405.385s step_avg:2167.84ms
step:188/3350 train_time:407.217s step_avg:2166.05ms
step:189/3350 train_time:410.337s step_avg:2171.09ms
step:190/3350 train_time:412.169s step_avg:2169.31ms
step:191/3350 train_time:415.400s step_avg:2174.87ms
step:192/3350 train_time:417.233s step_avg:2173.09ms
step:193/3350 train_time:420.351s step_avg:2177.98ms
step:194/3350 train_time:422.183s step_avg:2176.20ms
step:195/3350 train_time:425.302s step_avg:2181.03ms
step:196/3350 train_time:427.134s step_avg:2179.25ms
step:197/3350 train_time:430.254s step_avg:2184.03ms
step:198/3350 train_time:432.086s step_avg:2182.25ms
step:199/3350 train_time:435.206s step_avg:2186.96ms
step:200/3350 train_time:437.344s step_avg:2186.72ms
step:201/3350 train_time:440.454s step_avg:2191.31ms
step:202/3350 train_time:442.287s step_avg:2189.54ms
step:203/3350 train_time:445.406s step_avg:2194.12ms
step:204/3350 train_time:447.235s step_avg:2192.33ms
step:205/3350 train_time:450.356s step_avg:2196.86ms
step:206/3350 train_time:452.189s step_avg:2195.09ms
step:207/3350 train_time:455.307s step_avg:2199.55ms
step:208/3350 train_time:457.139s step_avg:2197.78ms
step:209/3350 train_time:460.261s step_avg:2202.20ms
step:210/3350 train_time:462.092s step_avg:2200.44ms
step:211/3350 train_time:465.212s step_avg:2204.79ms
step:212/3350 train_time:467.039s step_avg:2203.01ms
step:213/3350 train_time:470.156s step_avg:2207.30ms
step:214/3350 train_time:471.989s step_avg:2205.56ms
step:215/3350 train_time:475.105s step_avg:2209.79ms
step:216/3350 train_time:476.935s step_avg:2208.03ms
step:217/3350 train_time:480.053s step_avg:2212.22ms
step:218/3350 train_time:481.887s step_avg:2210.49ms
step:219/3350 train_time:485.003s step_avg:2214.62ms
step:220/3350 train_time:486.834s step_avg:2212.88ms
step:221/3350 train_time:489.955s step_avg:2216.99ms
step:222/3350 train_time:491.787s step_avg:2215.26ms
step:223/3350 train_time:494.903s step_avg:2219.30ms
step:224/3350 train_time:496.737s step_avg:2217.57ms
step:225/3350 train_time:500.146s step_avg:2222.87ms
step:226/3350 train_time:501.978s step_avg:2221.14ms
step:227/3350 train_time:505.097s step_avg:2225.10ms
step:228/3350 train_time:506.926s step_avg:2223.36ms
step:229/3350 train_time:510.045s step_avg:2227.27ms
step:230/3350 train_time:511.877s step_avg:2225.55ms
step:231/3350 train_time:514.995s step_avg:2229.41ms
step:232/3350 train_time:516.824s step_avg:2227.69ms
step:233/3350 train_time:519.944s step_avg:2231.52ms
step:234/3350 train_time:521.778s step_avg:2229.82ms
step:235/3350 train_time:524.895s step_avg:2233.59ms
step:236/3350 train_time:526.727s step_avg:2231.89ms
step:237/3350 train_time:529.848s step_avg:2235.65ms
step:238/3350 train_time:531.680s step_avg:2233.95ms
step:239/3350 train_time:534.801s step_avg:2237.66ms
step:240/3350 train_time:536.635s step_avg:2235.98ms
step:241/3350 train_time:539.751s step_avg:2239.63ms
step:242/3350 train_time:541.584s step_avg:2237.95ms
step:243/3350 train_time:544.704s step_avg:2241.58ms
step:244/3350 train_time:546.536s step_avg:2239.90ms
step:245/3350 train_time:549.661s step_avg:2243.51ms
step:246/3350 train_time:551.493s step_avg:2241.84ms
step:247/3350 train_time:554.609s step_avg:2245.38ms
step:248/3350 train_time:556.441s step_avg:2243.71ms
step:249/3350 train_time:559.562s step_avg:2247.23ms
step:250/3350 train_time:561.749s step_avg:2247.00ms
step:250/3350 val_loss:4.05903 train_time:561.750s step_avg:2482.43ms
step:251/3350 train_time:564.865s step_avg:2250.46ms
step:252/3350 train_time:566.697s step_avg:2248.80ms
step:253/3350 train_time:569.818s step_avg:2252.25ms
step:254/3350 train_time:571.648s step_avg:2250.58ms
step:255/3350 train_time:574.771s step_avg:2254.00ms
step:256/3350 train_time:576.600s step_avg:2252.34ms
step:257/3350 train_time:579.721s step_avg:2255.72ms
step:258/3350 train_time:581.553s step_avg:2254.08ms
step:259/3350 train_time:584.671s step_avg:2257.42ms
step:260/3350 train_time:586.504s step_avg:2255.78ms
step:261/3350 train_time:589.624s step_avg:2259.09ms
step:262/3350 train_time:591.456s step_avg:2257.46ms
step:263/3350 train_time:594.574s step_avg:2260.74ms
step:264/3350 train_time:596.404s step_avg:2259.11ms
step:265/3350 train_time:599.525s step_avg:2262.36ms
step:266/3350 train_time:601.357s step_avg:2260.74ms
step:267/3350 train_time:604.477s step_avg:2263.96ms
step:268/3350 train_time:606.311s step_avg:2262.35ms
step:269/3350 train_time:609.432s step_avg:2265.55ms
step:270/3350 train_time:611.265s step_avg:2263.94ms
step:271/3350 train_time:614.386s step_avg:2267.11ms
step:272/3350 train_time:616.218s step_avg:2265.51ms
step:273/3350 train_time:619.337s step_avg:2268.63ms
step:274/3350 train_time:621.168s step_avg:2267.04ms
step:275/3350 train_time:624.578s step_avg:2271.19ms
step:276/3350 train_time:626.412s step_avg:2269.61ms
step:277/3350 train_time:629.531s step_avg:2272.67ms
step:278/3350 train_time:631.361s step_avg:2271.08ms
step:279/3350 train_time:634.484s step_avg:2274.14ms
step:280/3350 train_time:636.314s step_avg:2272.55ms
step:281/3350 train_time:639.436s step_avg:2275.57ms
step:282/3350 train_time:641.268s step_avg:2274.00ms
step:283/3350 train_time:644.390s step_avg:2277.00ms
step:284/3350 train_time:646.221s step_avg:2275.43ms
step:285/3350 train_time:649.340s step_avg:2278.39ms
step:286/3350 train_time:651.172s step_avg:2276.82ms
step:287/3350 train_time:654.295s step_avg:2279.77ms
step:288/3350 train_time:656.128s step_avg:2278.22ms
step:289/3350 train_time:659.243s step_avg:2281.12ms
step:290/3350 train_time:661.077s step_avg:2279.58ms
step:291/3350 train_time:664.199s step_avg:2282.47ms
step:292/3350 train_time:666.029s step_avg:2280.92ms
step:293/3350 train_time:669.147s step_avg:2283.78ms
step:294/3350 train_time:670.980s step_avg:2282.24ms
step:295/3350 train_time:674.096s step_avg:2285.07ms
step:296/3350 train_time:675.928s step_avg:2283.54ms
step:297/3350 train_time:679.053s step_avg:2286.37ms
step:298/3350 train_time:680.889s step_avg:2284.86ms
step:299/3350 train_time:684.009s step_avg:2287.66ms
step:300/3350 train_time:686.147s step_avg:2287.16ms
step:301/3350 train_time:689.265s step_avg:2289.92ms
step:302/3350 train_time:691.099s step_avg:2288.41ms
step:303/3350 train_time:694.217s step_avg:2291.14ms
step:304/3350 train_time:696.047s step_avg:2289.63ms
step:305/3350 train_time:699.169s step_avg:2292.36ms
step:306/3350 train_time:701.002s step_avg:2290.86ms
step:307/3350 train_time:704.124s step_avg:2293.56ms
step:308/3350 train_time:705.959s step_avg:2292.08ms
step:309/3350 train_time:709.081s step_avg:2294.76ms
step:310/3350 train_time:710.914s step_avg:2293.27ms
step:311/3350 train_time:714.039s step_avg:2295.94ms
step:312/3350 train_time:715.873s step_avg:2294.47ms
step:313/3350 train_time:719.003s step_avg:2297.14ms
step:314/3350 train_time:720.837s step_avg:2295.66ms
step:315/3350 train_time:723.959s step_avg:2298.28ms
step:316/3350 train_time:725.791s step_avg:2296.81ms
step:317/3350 train_time:728.913s step_avg:2299.41ms
step:318/3350 train_time:730.746s step_avg:2297.94ms
step:319/3350 train_time:733.872s step_avg:2300.54ms
step:320/3350 train_time:735.703s step_avg:2299.07ms
step:321/3350 train_time:738.826s step_avg:2301.64ms
step:322/3350 train_time:740.660s step_avg:2300.18ms
step:323/3350 train_time:743.781s step_avg:2302.73ms
step:324/3350 train_time:745.614s step_avg:2301.28ms
step:325/3350 train_time:749.026s step_avg:2304.70ms
step:326/3350 train_time:750.856s step_avg:2303.24ms
step:327/3350 train_time:753.976s step_avg:2305.74ms
step:328/3350 train_time:755.804s step_avg:2304.28ms
step:329/3350 train_time:758.929s step_avg:2306.78ms
step:330/3350 train_time:760.759s step_avg:2305.33ms
step:331/3350 train_time:763.881s step_avg:2307.80ms
step:332/3350 train_time:765.713s step_avg:2306.37ms
step:333/3350 train_time:768.835s step_avg:2308.81ms
step:334/3350 train_time:770.669s step_avg:2307.39ms
step:335/3350 train_time:773.791s step_avg:2309.82ms
step:336/3350 train_time:775.623s step_avg:2308.40ms
step:337/3350 train_time:778.744s step_avg:2310.81ms
step:338/3350 train_time:780.577s step_avg:2309.40ms
step:339/3350 train_time:783.699s step_avg:2311.80ms
step:340/3350 train_time:785.531s step_avg:2310.38ms
step:341/3350 train_time:788.650s step_avg:2312.76ms
step:342/3350 train_time:790.482s step_avg:2311.35ms
step:343/3350 train_time:793.605s step_avg:2313.72ms
step:344/3350 train_time:795.439s step_avg:2312.32ms
step:345/3350 train_time:798.559s step_avg:2314.66ms
step:346/3350 train_time:800.390s step_avg:2313.27ms
step:347/3350 train_time:803.511s step_avg:2315.59ms
step:348/3350 train_time:805.341s step_avg:2314.20ms
step:349/3350 train_time:808.463s step_avg:2316.51ms
step:350/3350 train_time:810.589s step_avg:2315.97ms
step:351/3350 train_time:813.702s step_avg:2318.24ms
step:352/3350 train_time:815.531s step_avg:2316.85ms
step:353/3350 train_time:818.651s step_avg:2319.12ms
step:354/3350 train_time:820.483s step_avg:2317.75ms
step:355/3350 train_time:823.600s step_avg:2320.00ms
step:356/3350 train_time:825.432s step_avg:2318.63ms
step:357/3350 train_time:828.551s step_avg:2320.87ms
step:358/3350 train_time:830.383s step_avg:2319.51ms
step:359/3350 train_time:833.502s step_avg:2321.73ms
step:360/3350 train_time:835.332s step_avg:2320.37ms
step:361/3350 train_time:838.451s step_avg:2322.58ms
step:362/3350 train_time:840.285s step_avg:2321.23ms
step:363/3350 train_time:843.410s step_avg:2323.44ms
step:364/3350 train_time:845.239s step_avg:2322.09ms
step:365/3350 train_time:848.361s step_avg:2324.28ms
step:366/3350 train_time:850.193s step_avg:2322.93ms
step:367/3350 train_time:853.317s step_avg:2325.11ms
step:368/3350 train_time:855.148s step_avg:2323.77ms
step:369/3350 train_time:858.266s step_avg:2325.92ms
step:370/3350 train_time:860.099s step_avg:2324.59ms
step:371/3350 train_time:863.220s step_avg:2326.74ms
step:372/3350 train_time:865.055s step_avg:2325.42ms
step:373/3350 train_time:868.177s step_avg:2327.55ms
step:374/3350 train_time:870.010s step_avg:2326.23ms
step:375/3350 train_time:873.485s step_avg:2329.29ms
step:375/3350 val_loss:3.88974 train_time:873.486s step_avg:2493.89ms
step:376/3350 train_time:875.320s step_avg:2327.98ms
step:377/3350 train_time:878.445s step_avg:2330.09ms
step:378/3350 train_time:880.279s step_avg:2328.78ms
step:379/3350 train_time:883.403s step_avg:2330.88ms
step:380/3350 train_time:885.234s step_avg:2329.56ms
step:381/3350 train_time:888.391s step_avg:2331.74ms
step:382/3350 train_time:890.225s step_avg:2330.43ms
step:383/3350 train_time:893.347s step_avg:2332.50ms
step:384/3350 train_time:895.176s step_avg:2331.19ms
step:385/3350 train_time:898.297s step_avg:2333.24ms
step:386/3350 train_time:900.129s step_avg:2331.94ms
step:387/3350 train_time:903.251s step_avg:2333.98ms
step:388/3350 train_time:905.080s step_avg:2332.68ms
step:389/3350 train_time:908.203s step_avg:2334.71ms
step:390/3350 train_time:910.032s step_avg:2333.42ms
step:391/3350 train_time:913.153s step_avg:2335.43ms
step:392/3350 train_time:914.985s step_avg:2334.15ms
step:393/3350 train_time:918.105s step_avg:2336.15ms
step:394/3350 train_time:919.936s step_avg:2334.86ms
step:395/3350 train_time:923.054s step_avg:2336.85ms
step:396/3350 train_time:924.886s step_avg:2335.57ms
step:397/3350 train_time:928.010s step_avg:2337.56ms
step:398/3350 train_time:929.841s step_avg:2336.28ms
step:399/3350 train_time:932.966s step_avg:2338.26ms
step:400/3350 train_time:935.107s step_avg:2337.77ms
step:401/3350 train_time:938.226s step_avg:2339.72ms
step:402/3350 train_time:940.058s step_avg:2338.45ms
step:403/3350 train_time:943.179s step_avg:2340.40ms
step:404/3350 train_time:945.010s step_avg:2339.13ms
step:405/3350 train_time:948.133s step_avg:2341.07ms
step:406/3350 train_time:949.963s step_avg:2339.81ms
step:407/3350 train_time:953.082s step_avg:2341.72ms
step:408/3350 train_time:954.913s step_avg:2340.47ms
step:409/3350 train_time:958.034s step_avg:2342.38ms
step:410/3350 train_time:959.866s step_avg:2341.14ms
step:411/3350 train_time:962.986s step_avg:2343.03ms
step:412/3350 train_time:964.815s step_avg:2341.79ms
step:413/3350 train_time:967.943s step_avg:2343.69ms
step:414/3350 train_time:969.772s step_avg:2342.45ms
step:415/3350 train_time:972.892s step_avg:2344.32ms
step:416/3350 train_time:974.723s step_avg:2343.08ms
step:417/3350 train_time:977.843s step_avg:2344.95ms
step:418/3350 train_time:979.675s step_avg:2343.72ms
step:419/3350 train_time:982.798s step_avg:2345.58ms
step:420/3350 train_time:984.628s step_avg:2344.35ms
step:421/3350 train_time:987.756s step_avg:2346.21ms
step:422/3350 train_time:989.589s step_avg:2345.00ms
step:423/3350 train_time:992.712s step_avg:2346.84ms
step:424/3350 train_time:994.544s step_avg:2345.62ms
step:425/3350 train_time:997.954s step_avg:2348.13ms
step:426/3350 train_time:999.785s step_avg:2346.91ms
step:427/3350 train_time:1002.908s step_avg:2348.73ms
step:428/3350 train_time:1004.739s step_avg:2347.52ms
step:429/3350 train_time:1007.863s step_avg:2349.33ms
step:430/3350 train_time:1009.695s step_avg:2348.13ms
step:431/3350 train_time:1012.816s step_avg:2349.92ms
step:432/3350 train_time:1014.646s step_avg:2348.72ms
step:433/3350 train_time:1017.773s step_avg:2350.52ms
step:434/3350 train_time:1019.606s step_avg:2349.32ms
step:435/3350 train_time:1022.728s step_avg:2351.10ms
step:436/3350 train_time:1024.562s step_avg:2349.91ms
step:437/3350 train_time:1027.683s step_avg:2351.68ms
step:438/3350 train_time:1029.516s step_avg:2350.49ms
step:439/3350 train_time:1032.634s step_avg:2352.24ms
step:440/3350 train_time:1034.468s step_avg:2351.06ms
step:441/3350 train_time:1037.590s step_avg:2352.81ms
step:442/3350 train_time:1039.423s step_avg:2351.64ms
step:443/3350 train_time:1042.547s step_avg:2353.38ms
step:444/3350 train_time:1044.379s step_avg:2352.21ms
step:445/3350 train_time:1047.501s step_avg:2353.93ms
step:446/3350 train_time:1049.333s step_avg:2352.76ms
step:447/3350 train_time:1052.457s step_avg:2354.49ms
step:448/3350 train_time:1054.289s step_avg:2353.32ms
step:449/3350 train_time:1057.410s step_avg:2355.03ms
step:450/3350 train_time:1059.538s step_avg:2354.53ms
step:451/3350 train_time:1062.650s step_avg:2356.21ms
step:452/3350 train_time:1064.479s step_avg:2355.04ms
step:453/3350 train_time:1067.599s step_avg:2356.73ms
step:454/3350 train_time:1069.434s step_avg:2355.58ms
step:455/3350 train_time:1072.554s step_avg:2357.26ms
step:456/3350 train_time:1074.387s step_avg:2356.11ms
step:457/3350 train_time:1077.510s step_avg:2357.79ms
step:458/3350 train_time:1079.344s step_avg:2356.65ms
step:459/3350 train_time:1082.465s step_avg:2358.31ms
step:460/3350 train_time:1084.297s step_avg:2357.17ms
step:461/3350 train_time:1087.422s step_avg:2358.83ms
step:462/3350 train_time:1089.257s step_avg:2357.70ms
step:463/3350 train_time:1092.374s step_avg:2359.34ms
step:464/3350 train_time:1094.206s step_avg:2358.20ms
step:465/3350 train_time:1097.326s step_avg:2359.84ms
step:466/3350 train_time:1099.157s step_avg:2358.71ms
step:467/3350 train_time:1102.277s step_avg:2360.34ms
step:468/3350 train_time:1104.107s step_avg:2359.20ms
step:469/3350 train_time:1107.224s step_avg:2360.82ms
step:470/3350 train_time:1109.057s step_avg:2359.70ms
step:471/3350 train_time:1112.177s step_avg:2361.31ms
step:472/3350 train_time:1114.006s step_avg:2360.18ms
step:473/3350 train_time:1117.126s step_avg:2361.79ms
step:474/3350 train_time:1118.958s step_avg:2360.67ms
step:475/3350 train_time:1122.364s step_avg:2362.87ms
step:476/3350 train_time:1124.196s step_avg:2361.76ms
step:477/3350 train_time:1127.315s step_avg:2363.34ms
step:478/3350 train_time:1129.149s step_avg:2362.24ms
step:479/3350 train_time:1132.270s step_avg:2363.82ms
step:480/3350 train_time:1134.102s step_avg:2362.71ms
step:481/3350 train_time:1137.224s step_avg:2364.29ms
step:482/3350 train_time:1139.055s step_avg:2363.18ms
step:483/3350 train_time:1142.173s step_avg:2364.75ms
step:484/3350 train_time:1144.003s step_avg:2363.64ms
step:485/3350 train_time:1147.135s step_avg:2365.23ms
step:486/3350 train_time:1148.968s step_avg:2364.13ms
step:487/3350 train_time:1152.088s step_avg:2365.68ms
step:488/3350 train_time:1153.920s step_avg:2364.59ms
step:489/3350 train_time:1157.040s step_avg:2366.13ms
step:490/3350 train_time:1158.872s step_avg:2365.04ms
step:491/3350 train_time:1161.994s step_avg:2366.59ms
step:492/3350 train_time:1163.825s step_avg:2365.50ms
step:493/3350 train_time:1166.945s step_avg:2367.03ms
step:494/3350 train_time:1168.782s step_avg:2365.95ms
step:495/3350 train_time:1171.902s step_avg:2367.48ms
step:496/3350 train_time:1173.737s step_avg:2366.40ms
step:497/3350 train_time:1176.861s step_avg:2367.93ms
step:498/3350 train_time:1178.694s step_avg:2366.86ms
step:499/3350 train_time:1181.812s step_avg:2368.36ms
step:500/3350 train_time:1184.012s step_avg:2368.02ms
step:500/3350 val_loss:3.79212 train_time:1184.012s step_avg:2484.21ms
step:501/3350 train_time:1187.125s step_avg:2369.51ms
step:502/3350 train_time:1188.956s step_avg:2368.44ms
step:503/3350 train_time:1192.074s step_avg:2369.93ms
step:504/3350 train_time:1193.906s step_avg:2368.86ms
step:505/3350 train_time:1197.024s step_avg:2370.35ms
step:506/3350 train_time:1198.855s step_avg:2369.28ms
step:507/3350 train_time:1201.976s step_avg:2370.76ms
step:508/3350 train_time:1203.807s step_avg:2369.70ms
step:509/3350 train_time:1206.927s step_avg:2371.17ms
step:510/3350 train_time:1208.759s step_avg:2370.11ms
step:511/3350 train_time:1211.877s step_avg:2371.58ms
step:512/3350 train_time:1213.710s step_avg:2370.53ms
step:513/3350 train_time:1216.831s step_avg:2371.99ms
step:514/3350 train_time:1218.663s step_avg:2370.94ms
step:515/3350 train_time:1221.778s step_avg:2372.39ms
step:516/3350 train_time:1223.610s step_avg:2371.34ms
step:517/3350 train_time:1226.730s step_avg:2372.78ms
step:518/3350 train_time:1228.561s step_avg:2371.74ms
step:519/3350 train_time:1231.679s step_avg:2373.18ms
step:520/3350 train_time:1233.513s step_avg:2372.14ms
step:521/3350 train_time:1236.632s step_avg:2373.57ms
step:522/3350 train_time:1238.466s step_avg:2372.54ms
step:523/3350 train_time:1241.584s step_avg:2373.97ms
step:524/3350 train_time:1243.415s step_avg:2372.93ms
step:525/3350 train_time:1246.820s step_avg:2374.90ms
step:526/3350 train_time:1248.651s step_avg:2373.86ms
step:527/3350 train_time:1251.772s step_avg:2375.28ms
step:528/3350 train_time:1253.603s step_avg:2374.25ms
step:529/3350 train_time:1256.722s step_avg:2375.66ms
step:530/3350 train_time:1258.554s step_avg:2374.63ms
step:531/3350 train_time:1261.670s step_avg:2376.03ms
step:532/3350 train_time:1263.502s step_avg:2375.00ms
step:533/3350 train_time:1266.622s step_avg:2376.40ms
step:534/3350 train_time:1268.453s step_avg:2375.38ms
step:535/3350 train_time:1271.569s step_avg:2376.76ms
step:536/3350 train_time:1273.401s step_avg:2375.75ms
step:537/3350 train_time:1276.525s step_avg:2377.14ms
step:538/3350 train_time:1278.354s step_avg:2376.12ms
step:539/3350 train_time:1281.472s step_avg:2377.50ms
step:540/3350 train_time:1283.305s step_avg:2376.49ms
step:541/3350 train_time:1286.421s step_avg:2377.86ms
step:542/3350 train_time:1288.252s step_avg:2376.85ms
step:543/3350 train_time:1291.368s step_avg:2378.21ms
step:544/3350 train_time:1293.198s step_avg:2377.20ms
step:545/3350 train_time:1296.320s step_avg:2378.57ms
step:546/3350 train_time:1298.151s step_avg:2377.57ms
step:547/3350 train_time:1301.276s step_avg:2378.93ms
step:548/3350 train_time:1303.110s step_avg:2377.94ms
step:549/3350 train_time:1306.229s step_avg:2379.29ms
step:550/3350 train_time:1308.355s step_avg:2378.83ms
step:551/3350 train_time:1311.476s step_avg:2380.17ms
step:552/3350 train_time:1313.307s step_avg:2379.18ms
step:553/3350 train_time:1316.426s step_avg:2380.52ms
step:554/3350 train_time:1318.261s step_avg:2379.53ms
step:555/3350 train_time:1321.390s step_avg:2380.88ms
step:556/3350 train_time:1323.229s step_avg:2379.91ms
step:557/3350 train_time:1326.356s step_avg:2381.25ms
step:558/3350 train_time:1328.194s step_avg:2380.28ms
step:559/3350 train_time:1331.321s step_avg:2381.61ms
step:560/3350 train_time:1333.160s step_avg:2380.64ms
step:561/3350 train_time:1336.275s step_avg:2381.95ms
step:562/3350 train_time:1338.113s step_avg:2380.98ms
step:563/3350 train_time:1341.233s step_avg:2382.30ms
step:564/3350 train_time:1343.070s step_avg:2381.33ms
step:565/3350 train_time:1346.188s step_avg:2382.63ms
step:566/3350 train_time:1348.025s step_avg:2381.67ms
step:567/3350 train_time:1351.146s step_avg:2382.97ms
step:568/3350 train_time:1352.984s step_avg:2382.01ms
step:569/3350 train_time:1356.099s step_avg:2383.30ms
step:570/3350 train_time:1357.937s step_avg:2382.35ms
step:571/3350 train_time:1361.088s step_avg:2383.69ms
step:572/3350 train_time:1362.927s step_avg:2382.74ms
step:573/3350 train_time:1366.045s step_avg:2384.02ms
step:574/3350 train_time:1367.880s step_avg:2383.07ms
step:575/3350 train_time:1371.303s step_avg:2384.87ms
step:576/3350 train_time:1373.140s step_avg:2383.92ms
step:577/3350 train_time:1376.262s step_avg:2385.20ms
step:578/3350 train_time:1378.098s step_avg:2384.25ms
step:579/3350 train_time:1381.223s step_avg:2385.53ms
step:580/3350 train_time:1383.059s step_avg:2384.59ms
step:581/3350 train_time:1386.177s step_avg:2385.85ms
step:582/3350 train_time:1388.013s step_avg:2384.90ms
step:583/3350 train_time:1391.132s step_avg:2386.16ms
step:584/3350 train_time:1392.968s step_avg:2385.22ms
step:585/3350 train_time:1396.088s step_avg:2386.47ms
step:586/3350 train_time:1397.923s step_avg:2385.53ms
step:587/3350 train_time:1401.045s step_avg:2386.79ms
step:588/3350 train_time:1402.882s step_avg:2385.85ms
step:589/3350 train_time:1406.004s step_avg:2387.10ms
step:590/3350 train_time:1407.838s step_avg:2386.17ms
step:591/3350 train_time:1410.959s step_avg:2387.41ms
step:592/3350 train_time:1412.791s step_avg:2386.47ms
step:593/3350 train_time:1415.908s step_avg:2387.70ms
step:594/3350 train_time:1417.744s step_avg:2386.77ms
step:595/3350 train_time:1420.867s step_avg:2388.01ms
step:596/3350 train_time:1422.703s step_avg:2387.09ms
step:597/3350 train_time:1425.823s step_avg:2388.31ms
step:598/3350 train_time:1427.655s step_avg:2387.38ms
step:599/3350 train_time:1430.782s step_avg:2388.62ms
step:600/3350 train_time:1432.927s step_avg:2388.21ms
step:601/3350 train_time:1436.039s step_avg:2389.42ms
step:602/3350 train_time:1437.872s step_avg:2388.49ms
step:603/3350 train_time:1440.994s step_avg:2389.71ms
step:604/3350 train_time:1442.832s step_avg:2388.79ms
step:605/3350 train_time:1445.950s step_avg:2390.00ms
step:606/3350 train_time:1447.783s step_avg:2389.08ms
step:607/3350 train_time:1450.900s step_avg:2390.28ms
step:608/3350 train_time:1452.739s step_avg:2389.37ms
step:609/3350 train_time:1455.855s step_avg:2390.57ms
step:610/3350 train_time:1457.687s step_avg:2389.65ms
step:611/3350 train_time:1460.802s step_avg:2390.84ms
step:612/3350 train_time:1462.638s step_avg:2389.93ms
step:613/3350 train_time:1465.757s step_avg:2391.12ms
step:614/3350 train_time:1467.590s step_avg:2390.21ms
step:615/3350 train_time:1470.706s step_avg:2391.39ms
step:616/3350 train_time:1472.539s step_avg:2390.49ms
step:617/3350 train_time:1475.660s step_avg:2391.67ms
step:618/3350 train_time:1477.493s step_avg:2390.77ms
step:619/3350 train_time:1480.609s step_avg:2391.94ms
step:620/3350 train_time:1482.443s step_avg:2391.04ms
step:621/3350 train_time:1485.559s step_avg:2392.20ms
step:622/3350 train_time:1487.395s step_avg:2391.31ms
step:623/3350 train_time:1490.511s step_avg:2392.47ms
step:624/3350 train_time:1492.347s step_avg:2391.58ms
step:625/3350 train_time:1495.819s step_avg:2393.31ms
step:625/3350 val_loss:3.72827 train_time:1495.819s step_avg:2494.46ms
step:626/3350 train_time:1497.650s step_avg:2392.41ms
step:627/3350 train_time:1500.768s step_avg:2393.57ms
step:628/3350 train_time:1502.602s step_avg:2392.68ms
step:629/3350 train_time:1505.718s step_avg:2393.83ms
step:630/3350 train_time:1507.550s step_avg:2392.94ms
step:631/3350 train_time:1510.666s step_avg:2394.08ms
step:632/3350 train_time:1512.500s step_avg:2393.20ms
step:633/3350 train_time:1515.615s step_avg:2394.34ms
step:634/3350 train_time:1517.445s step_avg:2393.45ms
step:635/3350 train_time:1520.562s step_avg:2394.59ms
step:636/3350 train_time:1522.392s step_avg:2393.70ms
step:637/3350 train_time:1525.508s step_avg:2394.83ms
step:638/3350 train_time:1527.339s step_avg:2393.95ms
step:639/3350 train_time:1530.454s step_avg:2395.08ms
step:640/3350 train_time:1532.286s step_avg:2394.20ms
step:641/3350 train_time:1535.397s step_avg:2395.32ms
step:642/3350 train_time:1537.228s step_avg:2394.44ms
step:643/3350 train_time:1540.349s step_avg:2395.57ms
step:644/3350 train_time:1542.182s step_avg:2394.69ms
step:645/3350 train_time:1545.297s step_avg:2395.81ms
step:646/3350 train_time:1547.129s step_avg:2394.94ms
step:647/3350 train_time:1550.244s step_avg:2396.05ms
step:648/3350 train_time:1552.077s step_avg:2395.18ms
step:649/3350 train_time:1555.192s step_avg:2396.29ms
step:650/3350 train_time:1557.317s step_avg:2395.87ms
step:651/3350 train_time:1560.432s step_avg:2396.98ms
step:652/3350 train_time:1562.261s step_avg:2396.11ms
step:653/3350 train_time:1565.376s step_avg:2397.21ms
step:654/3350 train_time:1567.209s step_avg:2396.34ms
step:655/3350 train_time:1570.324s step_avg:2397.44ms
step:656/3350 train_time:1572.155s step_avg:2396.58ms
step:657/3350 train_time:1575.275s step_avg:2397.68ms
step:658/3350 train_time:1577.108s step_avg:2396.82ms
step:659/3350 train_time:1580.232s step_avg:2397.92ms
step:660/3350 train_time:1582.067s step_avg:2397.07ms
step:661/3350 train_time:1585.180s step_avg:2398.15ms
step:662/3350 train_time:1587.011s step_avg:2397.30ms
step:663/3350 train_time:1590.126s step_avg:2398.38ms
step:664/3350 train_time:1591.959s step_avg:2397.53ms
step:665/3350 train_time:1595.075s step_avg:2398.61ms
step:666/3350 train_time:1596.909s step_avg:2397.76ms
step:667/3350 train_time:1600.024s step_avg:2398.84ms
step:668/3350 train_time:1601.855s step_avg:2397.99ms
step:669/3350 train_time:1604.972s step_avg:2399.06ms
step:670/3350 train_time:1606.805s step_avg:2398.22ms
step:671/3350 train_time:1609.918s step_avg:2399.28ms
step:672/3350 train_time:1611.750s step_avg:2398.44ms
step:673/3350 train_time:1614.868s step_avg:2399.51ms
step:674/3350 train_time:1616.702s step_avg:2398.67ms
step:675/3350 train_time:1620.104s step_avg:2400.15ms
step:676/3350 train_time:1621.935s step_avg:2399.31ms
step:677/3350 train_time:1625.050s step_avg:2400.37ms
step:678/3350 train_time:1626.887s step_avg:2399.54ms
step:679/3350 train_time:1630.000s step_avg:2400.59ms
step:680/3350 train_time:1631.830s step_avg:2399.75ms
step:681/3350 train_time:1634.946s step_avg:2400.80ms
step:682/3350 train_time:1636.780s step_avg:2399.97ms
step:683/3350 train_time:1639.892s step_avg:2401.01ms
step:684/3350 train_time:1641.724s step_avg:2400.18ms
step:685/3350 train_time:1644.841s step_avg:2401.23ms
step:686/3350 train_time:1646.674s step_avg:2400.40ms
step:687/3350 train_time:1649.788s step_avg:2401.44ms
step:688/3350 train_time:1651.620s step_avg:2400.61ms
step:689/3350 train_time:1654.735s step_avg:2401.65ms
step:690/3350 train_time:1656.569s step_avg:2400.82ms
step:691/3350 train_time:1659.684s step_avg:2401.86ms
step:692/3350 train_time:1661.514s step_avg:2401.03ms
step:693/3350 train_time:1664.629s step_avg:2402.06ms
step:694/3350 train_time:1666.461s step_avg:2401.24ms
step:695/3350 train_time:1669.578s step_avg:2402.27ms
step:696/3350 train_time:1671.410s step_avg:2401.45ms
step:697/3350 train_time:1674.523s step_avg:2402.47ms
step:698/3350 train_time:1676.357s step_avg:2401.66ms
step:699/3350 train_time:1679.480s step_avg:2402.69ms
step:700/3350 train_time:1681.617s step_avg:2402.31ms
step:701/3350 train_time:1684.729s step_avg:2403.32ms
step:702/3350 train_time:1686.562s step_avg:2402.51ms
step:703/3350 train_time:1689.677s step_avg:2403.52ms
step:704/3350 train_time:1691.510s step_avg:2402.71ms
step:705/3350 train_time:1694.629s step_avg:2403.73ms
step:706/3350 train_time:1696.462s step_avg:2402.92ms
step:707/3350 train_time:1699.578s step_avg:2403.93ms
step:708/3350 train_time:1701.406s step_avg:2403.12ms
step:709/3350 train_time:1704.521s step_avg:2404.12ms
step:710/3350 train_time:1706.349s step_avg:2403.31ms
step:711/3350 train_time:1709.467s step_avg:2404.31ms
step:712/3350 train_time:1711.299s step_avg:2403.51ms
step:713/3350 train_time:1714.414s step_avg:2404.51ms
step:714/3350 train_time:1716.247s step_avg:2403.71ms
step:715/3350 train_time:1719.362s step_avg:2404.70ms
step:716/3350 train_time:1721.194s step_avg:2403.90ms
step:717/3350 train_time:1724.311s step_avg:2404.90ms
step:718/3350 train_time:1726.141s step_avg:2404.10ms
step:719/3350 train_time:1729.255s step_avg:2405.08ms
step:720/3350 train_time:1731.087s step_avg:2404.29ms
step:721/3350 train_time:1734.202s step_avg:2405.27ms
step:722/3350 train_time:1736.035s step_avg:2404.48ms
step:723/3350 train_time:1739.149s step_avg:2405.46ms
step:724/3350 train_time:1740.978s step_avg:2404.67ms
step:725/3350 train_time:1744.390s step_avg:2406.06ms
step:726/3350 train_time:1746.221s step_avg:2405.26ms
step:727/3350 train_time:1749.336s step_avg:2406.24ms
step:728/3350 train_time:1751.167s step_avg:2405.45ms
step:729/3350 train_time:1754.282s step_avg:2406.42ms
step:730/3350 train_time:1756.110s step_avg:2405.63ms
step:731/3350 train_time:1759.224s step_avg:2406.60ms
step:732/3350 train_time:1761.055s step_avg:2405.81ms
step:733/3350 train_time:1764.171s step_avg:2406.78ms
step:734/3350 train_time:1766.004s step_avg:2406.00ms
step:735/3350 train_time:1769.119s step_avg:2406.96ms
step:736/3350 train_time:1770.949s step_avg:2406.18ms
step:737/3350 train_time:1774.065s step_avg:2407.14ms
step:738/3350 train_time:1775.899s step_avg:2406.37ms
step:739/3350 train_time:1779.013s step_avg:2407.32ms
step:740/3350 train_time:1780.843s step_avg:2406.54ms
step:741/3350 train_time:1783.958s step_avg:2407.50ms
step:742/3350 train_time:1785.794s step_avg:2406.73ms
step:743/3350 train_time:1788.910s step_avg:2407.69ms
step:744/3350 train_time:1790.739s step_avg:2406.91ms
step:745/3350 train_time:1793.859s step_avg:2407.86ms
step:746/3350 train_time:1795.691s step_avg:2407.09ms
step:747/3350 train_time:1798.805s step_avg:2408.04ms
step:748/3350 train_time:1800.637s step_avg:2407.27ms
step:749/3350 train_time:1803.759s step_avg:2408.22ms
step:750/3350 train_time:1805.950s step_avg:2407.93ms
step:750/3350 val_loss:3.68430 train_time:1805.951s step_avg:2481.05ms
step:751/3350 train_time:1809.061s step_avg:2408.87ms
step:752/3350 train_time:1810.896s step_avg:2408.11ms
step:753/3350 train_time:1814.011s step_avg:2409.05ms
step:754/3350 train_time:1815.845s step_avg:2408.28ms
step:755/3350 train_time:1818.959s step_avg:2409.22ms
step:756/3350 train_time:1820.789s step_avg:2408.45ms
step:757/3350 train_time:1823.905s step_avg:2409.39ms
step:758/3350 train_time:1825.736s step_avg:2408.62ms
step:759/3350 train_time:1828.856s step_avg:2409.56ms
step:760/3350 train_time:1830.690s step_avg:2408.80ms
step:761/3350 train_time:1833.835s step_avg:2409.77ms
step:762/3350 train_time:1835.668s step_avg:2409.01ms
step:763/3350 train_time:1838.785s step_avg:2409.94ms
step:764/3350 train_time:1840.620s step_avg:2409.19ms
step:765/3350 train_time:1843.735s step_avg:2410.11ms
step:766/3350 train_time:1845.569s step_avg:2409.36ms
step:767/3350 train_time:1848.682s step_avg:2410.28ms
step:768/3350 train_time:1850.514s step_avg:2409.52ms
step:769/3350 train_time:1853.630s step_avg:2410.44ms
step:770/3350 train_time:1855.460s step_avg:2409.69ms
step:771/3350 train_time:1858.574s step_avg:2410.60ms
step:772/3350 train_time:1860.410s step_avg:2409.86ms
step:773/3350 train_time:1863.526s step_avg:2410.77ms
step:774/3350 train_time:1865.359s step_avg:2410.02ms
step:775/3350 train_time:1868.765s step_avg:2411.31ms
step:776/3350 train_time:1870.598s step_avg:2410.56ms
step:777/3350 train_time:1873.720s step_avg:2411.48ms
step:778/3350 train_time:1875.556s step_avg:2410.74ms
step:779/3350 train_time:1878.670s step_avg:2411.64ms
step:780/3350 train_time:1880.504s step_avg:2410.90ms
step:781/3350 train_time:1883.620s step_avg:2411.81ms
step:782/3350 train_time:1885.454s step_avg:2411.07ms
step:783/3350 train_time:1888.569s step_avg:2411.97ms
step:784/3350 train_time:1890.405s step_avg:2411.23ms
step:785/3350 train_time:1893.521s step_avg:2412.13ms
step:786/3350 train_time:1895.354s step_avg:2411.39ms
step:787/3350 train_time:1898.465s step_avg:2412.28ms
step:788/3350 train_time:1900.295s step_avg:2411.54ms
step:789/3350 train_time:1903.408s step_avg:2412.43ms
step:790/3350 train_time:1905.238s step_avg:2411.69ms
step:791/3350 train_time:1908.349s step_avg:2412.58ms
step:792/3350 train_time:1910.178s step_avg:2411.84ms
step:793/3350 train_time:1913.290s step_avg:2412.72ms
step:794/3350 train_time:1915.118s step_avg:2411.99ms
step:795/3350 train_time:1918.228s step_avg:2412.87ms
step:796/3350 train_time:1920.061s step_avg:2412.14ms
step:797/3350 train_time:1923.175s step_avg:2413.02ms
step:798/3350 train_time:1925.004s step_avg:2412.29ms
step:799/3350 train_time:1928.119s step_avg:2413.16ms
step:800/3350 train_time:1930.256s step_avg:2412.82ms
step:801/3350 train_time:1933.364s step_avg:2413.69ms
step:802/3350 train_time:1935.198s step_avg:2412.96ms
step:803/3350 train_time:1938.311s step_avg:2413.84ms
step:804/3350 train_time:1940.146s step_avg:2413.12ms
step:805/3350 train_time:1943.262s step_avg:2413.99ms
step:806/3350 train_time:1945.095s step_avg:2413.27ms
step:807/3350 train_time:1948.209s step_avg:2414.14ms
step:808/3350 train_time:1950.045s step_avg:2413.42ms
step:809/3350 train_time:1953.160s step_avg:2414.29ms
step:810/3350 train_time:1954.996s step_avg:2413.58ms
step:811/3350 train_time:1958.112s step_avg:2414.44ms
step:812/3350 train_time:1959.951s step_avg:2413.73ms
step:813/3350 train_time:1963.065s step_avg:2414.59ms
step:814/3350 train_time:1964.901s step_avg:2413.88ms
step:815/3350 train_time:1968.019s step_avg:2414.75ms
step:816/3350 train_time:1969.851s step_avg:2414.03ms
step:817/3350 train_time:1972.969s step_avg:2414.89ms
step:818/3350 train_time:1974.807s step_avg:2414.19ms
step:819/3350 train_time:1977.928s step_avg:2415.05ms
step:820/3350 train_time:1979.765s step_avg:2414.35ms
step:821/3350 train_time:1982.880s step_avg:2415.20ms
step:822/3350 train_time:1984.714s step_avg:2414.49ms
step:823/3350 train_time:1987.828s step_avg:2415.34ms
step:824/3350 train_time:1989.656s step_avg:2414.63ms
step:825/3350 train_time:1993.063s step_avg:2415.83ms
step:826/3350 train_time:1994.898s step_avg:2415.13ms
step:827/3350 train_time:1998.014s step_avg:2415.98ms
step:828/3350 train_time:1999.847s step_avg:2415.27ms
step:829/3350 train_time:2002.959s step_avg:2416.11ms
step:830/3350 train_time:2004.796s step_avg:2415.42ms
step:831/3350 train_time:2007.914s step_avg:2416.26ms
step:832/3350 train_time:2009.747s step_avg:2415.56ms
step:833/3350 train_time:2012.860s step_avg:2416.40ms
step:834/3350 train_time:2014.693s step_avg:2415.70ms
step:835/3350 train_time:2017.807s step_avg:2416.54ms
step:836/3350 train_time:2019.639s step_avg:2415.84ms
step:837/3350 train_time:2022.763s step_avg:2416.68ms
step:838/3350 train_time:2024.596s step_avg:2415.99ms
step:839/3350 train_time:2027.707s step_avg:2416.81ms
step:840/3350 train_time:2029.534s step_avg:2416.11ms
step:841/3350 train_time:2032.650s step_avg:2416.94ms
step:842/3350 train_time:2034.478s step_avg:2416.24ms
step:843/3350 train_time:2037.590s step_avg:2417.07ms
step:844/3350 train_time:2039.420s step_avg:2416.37ms
step:845/3350 train_time:2042.542s step_avg:2417.21ms
step:846/3350 train_time:2044.375s step_avg:2416.52ms
step:847/3350 train_time:2047.492s step_avg:2417.35ms
step:848/3350 train_time:2049.324s step_avg:2416.66ms
step:849/3350 train_time:2052.440s step_avg:2417.48ms
step:850/3350 train_time:2054.576s step_avg:2417.15ms
step:851/3350 train_time:2057.688s step_avg:2417.97ms
step:852/3350 train_time:2059.522s step_avg:2417.28ms
step:853/3350 train_time:2062.639s step_avg:2418.10ms
step:854/3350 train_time:2064.475s step_avg:2417.42ms
step:855/3350 train_time:2067.593s step_avg:2418.24ms
step:856/3350 train_time:2069.427s step_avg:2417.56ms
step:857/3350 train_time:2072.547s step_avg:2418.37ms
step:858/3350 train_time:2074.380s step_avg:2417.69ms
step:859/3350 train_time:2077.501s step_avg:2418.51ms
step:860/3350 train_time:2079.334s step_avg:2417.83ms
step:861/3350 train_time:2082.449s step_avg:2418.64ms
step:862/3350 train_time:2084.282s step_avg:2417.96ms
step:863/3350 train_time:2087.397s step_avg:2418.77ms
step:864/3350 train_time:2089.227s step_avg:2418.09ms
step:865/3350 train_time:2092.342s step_avg:2418.89ms
step:866/3350 train_time:2094.175s step_avg:2418.22ms
step:867/3350 train_time:2097.294s step_avg:2419.02ms
step:868/3350 train_time:2099.128s step_avg:2418.35ms
step:869/3350 train_time:2102.245s step_avg:2419.15ms
step:870/3350 train_time:2104.077s step_avg:2418.48ms
step:871/3350 train_time:2107.192s step_avg:2419.28ms
step:872/3350 train_time:2109.026s step_avg:2418.61ms
step:873/3350 train_time:2112.143s step_avg:2419.41ms
step:874/3350 train_time:2113.974s step_avg:2418.73ms
step:875/3350 train_time:2117.442s step_avg:2419.93ms
step:875/3350 val_loss:3.64614 train_time:2117.442s step_avg:2491.93ms
step:876/3350 train_time:2119.277s step_avg:2419.27ms
step:877/3350 train_time:2122.392s step_avg:2420.06ms
step:878/3350 train_time:2124.224s step_avg:2419.39ms
step:879/3350 train_time:2127.341s step_avg:2420.18ms
step:880/3350 train_time:2129.175s step_avg:2419.52ms
step:881/3350 train_time:2132.290s step_avg:2420.31ms
step:882/3350 train_time:2134.125s step_avg:2419.64ms
step:883/3350 train_time:2137.243s step_avg:2420.43ms
step:884/3350 train_time:2139.077s step_avg:2419.77ms
step:885/3350 train_time:2142.193s step_avg:2420.56ms
step:886/3350 train_time:2144.029s step_avg:2419.90ms
step:887/3350 train_time:2147.142s step_avg:2420.68ms
step:888/3350 train_time:2148.972s step_avg:2420.01ms
step:889/3350 train_time:2152.087s step_avg:2420.80ms
step:890/3350 train_time:2153.920s step_avg:2420.14ms
step:891/3350 train_time:2157.032s step_avg:2420.91ms
step:892/3350 train_time:2158.863s step_avg:2420.25ms
step:893/3350 train_time:2161.978s step_avg:2421.03ms
step:894/3350 train_time:2163.810s step_avg:2420.37ms
step:895/3350 train_time:2166.920s step_avg:2421.14ms
step:896/3350 train_time:2168.755s step_avg:2420.48ms
step:897/3350 train_time:2171.867s step_avg:2421.26ms
step:898/3350 train_time:2173.700s step_avg:2420.60ms
step:899/3350 train_time:2176.813s step_avg:2421.37ms
step:900/3350 train_time:2178.948s step_avg:2421.05ms
step:901/3350 train_time:2182.054s step_avg:2421.81ms
step:902/3350 train_time:2183.885s step_avg:2421.16ms
step:903/3350 train_time:2186.999s step_avg:2421.93ms
step:904/3350 train_time:2188.834s step_avg:2421.28ms
step:905/3350 train_time:2191.949s step_avg:2422.04ms
step:906/3350 train_time:2193.780s step_avg:2421.39ms
step:907/3350 train_time:2196.895s step_avg:2422.16ms
step:908/3350 train_time:2198.723s step_avg:2421.50ms
step:909/3350 train_time:2201.842s step_avg:2422.27ms
step:910/3350 train_time:2203.675s step_avg:2421.62ms
step:911/3350 train_time:2206.790s step_avg:2422.38ms
step:912/3350 train_time:2208.621s step_avg:2421.73ms
step:913/3350 train_time:2211.734s step_avg:2422.49ms
step:914/3350 train_time:2213.564s step_avg:2421.84ms
step:915/3350 train_time:2216.683s step_avg:2422.60ms
step:916/3350 train_time:2218.516s step_avg:2421.96ms
step:917/3350 train_time:2221.628s step_avg:2422.71ms
step:918/3350 train_time:2223.460s step_avg:2422.07ms
step:919/3350 train_time:2226.573s step_avg:2422.82ms
step:920/3350 train_time:2228.404s step_avg:2422.18ms
step:921/3350 train_time:2231.520s step_avg:2422.93ms
step:922/3350 train_time:2233.352s step_avg:2422.29ms
step:923/3350 train_time:2236.465s step_avg:2423.04ms
step:924/3350 train_time:2238.297s step_avg:2422.40ms
step:925/3350 train_time:2241.698s step_avg:2423.46ms
step:926/3350 train_time:2243.528s step_avg:2422.82ms
step:927/3350 train_time:2246.640s step_avg:2423.56ms
step:928/3350 train_time:2248.471s step_avg:2422.92ms
step:929/3350 train_time:2251.584s step_avg:2423.66ms
step:930/3350 train_time:2253.417s step_avg:2423.03ms
step:931/3350 train_time:2256.528s step_avg:2423.77ms
step:932/3350 train_time:2258.359s step_avg:2423.13ms
step:933/3350 train_time:2261.477s step_avg:2423.88ms
step:934/3350 train_time:2263.305s step_avg:2423.24ms
step:935/3350 train_time:2266.417s step_avg:2423.98ms
step:936/3350 train_time:2268.250s step_avg:2423.34ms
step:937/3350 train_time:2271.368s step_avg:2424.09ms
step:938/3350 train_time:2273.199s step_avg:2423.45ms
step:939/3350 train_time:2276.319s step_avg:2424.19ms
step:940/3350 train_time:2278.154s step_avg:2423.57ms
step:941/3350 train_time:2281.270s step_avg:2424.30ms
step:942/3350 train_time:2283.101s step_avg:2423.67ms
step:943/3350 train_time:2286.216s step_avg:2424.41ms
step:944/3350 train_time:2288.048s step_avg:2423.78ms
step:945/3350 train_time:2291.161s step_avg:2424.51ms
step:946/3350 train_time:2292.993s step_avg:2423.88ms
step:947/3350 train_time:2296.104s step_avg:2424.61ms
step:948/3350 train_time:2297.935s step_avg:2423.98ms
step:949/3350 train_time:2301.049s step_avg:2424.71ms
step:950/3350 train_time:2303.178s step_avg:2424.40ms
step:951/3350 train_time:2306.321s step_avg:2425.15ms
step:952/3350 train_time:2308.153s step_avg:2424.53ms
step:953/3350 train_time:2311.269s step_avg:2425.26ms
step:954/3350 train_time:2313.103s step_avg:2424.64ms
step:955/3350 train_time:2316.220s step_avg:2425.36ms
step:956/3350 train_time:2318.053s step_avg:2424.74ms
step:957/3350 train_time:2321.167s step_avg:2425.46ms
step:958/3350 train_time:2322.997s step_avg:2424.84ms
step:959/3350 train_time:2326.117s step_avg:2425.57ms
step:960/3350 train_time:2327.947s step_avg:2424.94ms
step:961/3350 train_time:2331.065s step_avg:2425.67ms
step:962/3350 train_time:2332.897s step_avg:2425.05ms
step:963/3350 train_time:2336.011s step_avg:2425.76ms
step:964/3350 train_time:2337.844s step_avg:2425.15ms
step:965/3350 train_time:2340.963s step_avg:2425.87ms
step:966/3350 train_time:2342.798s step_avg:2425.26ms
step:967/3350 train_time:2345.908s step_avg:2425.97ms
step:968/3350 train_time:2347.740s step_avg:2425.35ms
step:969/3350 train_time:2350.856s step_avg:2426.06ms
step:970/3350 train_time:2352.690s step_avg:2425.45ms
step:971/3350 train_time:2355.804s step_avg:2426.16ms
step:972/3350 train_time:2357.637s step_avg:2425.55ms
step:973/3350 train_time:2360.754s step_avg:2426.26ms
step:974/3350 train_time:2362.584s step_avg:2425.65ms
step:975/3350 train_time:2365.995s step_avg:2426.66ms
step:976/3350 train_time:2367.824s step_avg:2426.05ms
step:977/3350 train_time:2370.942s step_avg:2426.76ms
step:978/3350 train_time:2372.774s step_avg:2426.15ms
step:979/3350 train_time:2375.887s step_avg:2426.85ms
step:980/3350 train_time:2377.720s step_avg:2426.24ms
step:981/3350 train_time:2380.837s step_avg:2426.95ms
step:982/3350 train_time:2382.669s step_avg:2426.34ms
step:983/3350 train_time:2385.781s step_avg:2427.04ms
step:984/3350 train_time:2387.612s step_avg:2426.44ms
step:985/3350 train_time:2390.727s step_avg:2427.13ms
step:986/3350 train_time:2392.556s step_avg:2426.53ms
step:987/3350 train_time:2395.675s step_avg:2427.23ms
step:988/3350 train_time:2397.509s step_avg:2426.63ms
step:989/3350 train_time:2400.623s step_avg:2427.32ms
step:990/3350 train_time:2402.455s step_avg:2426.72ms
step:991/3350 train_time:2405.567s step_avg:2427.41ms
step:992/3350 train_time:2407.399s step_avg:2426.81ms
step:993/3350 train_time:2410.515s step_avg:2427.51ms
step:994/3350 train_time:2412.347s step_avg:2426.91ms
step:995/3350 train_time:2415.457s step_avg:2427.60ms
step:996/3350 train_time:2417.288s step_avg:2427.00ms
step:997/3350 train_time:2420.398s step_avg:2427.68ms
step:998/3350 train_time:2422.231s step_avg:2427.08ms
step:999/3350 train_time:2425.342s step_avg:2427.77ms
step:1000/3350 train_time:2427.552s step_avg:2427.55ms
step:1000/3350 val_loss:3.61369 train_time:2427.552s step_avg:2480.88ms
step:1001/3350 train_time:2430.661s step_avg:2428.23ms
step:1002/3350 train_time:2432.495s step_avg:2427.64ms
step:1003/3350 train_time:2435.611s step_avg:2428.33ms
step:1004/3350 train_time:2437.442s step_avg:2427.73ms
step:1005/3350 train_time:2440.557s step_avg:2428.41ms
step:1006/3350 train_time:2442.389s step_avg:2427.82ms
step:1007/3350 train_time:2445.502s step_avg:2428.50ms
step:1008/3350 train_time:2447.333s step_avg:2427.91ms
step:1009/3350 train_time:2450.451s step_avg:2428.59ms
step:1010/3350 train_time:2452.286s step_avg:2428.01ms
step:1011/3350 train_time:2455.398s step_avg:2428.68ms
step:1012/3350 train_time:2457.235s step_avg:2428.10ms
step:1013/3350 train_time:2460.352s step_avg:2428.78ms
step:1014/3350 train_time:2462.194s step_avg:2428.20ms
step:1015/3350 train_time:2465.310s step_avg:2428.88ms
step:1016/3350 train_time:2467.140s step_avg:2428.29ms
step:1017/3350 train_time:2470.252s step_avg:2428.96ms
step:1018/3350 train_time:2472.082s step_avg:2428.37ms
step:1019/3350 train_time:2475.197s step_avg:2429.04ms
step:1020/3350 train_time:2477.029s step_avg:2428.46ms
step:1021/3350 train_time:2480.142s step_avg:2429.13ms
step:1022/3350 train_time:2481.971s step_avg:2428.54ms
step:1023/3350 train_time:2485.082s step_avg:2429.21ms
step:1024/3350 train_time:2486.913s step_avg:2428.63ms
step:1025/3350 train_time:2490.310s step_avg:2429.57ms
step:1026/3350 train_time:2492.139s step_avg:2428.99ms
step:1027/3350 train_time:2495.249s step_avg:2429.65ms
step:1028/3350 train_time:2497.078s step_avg:2429.06ms
step:1029/3350 train_time:2500.190s step_avg:2429.73ms
step:1030/3350 train_time:2502.023s step_avg:2429.15ms
step:1031/3350 train_time:2505.134s step_avg:2429.81ms
step:1032/3350 train_time:2506.964s step_avg:2429.23ms
step:1033/3350 train_time:2510.077s step_avg:2429.89ms
step:1034/3350 train_time:2511.908s step_avg:2429.31ms
step:1035/3350 train_time:2515.018s step_avg:2429.97ms
step:1036/3350 train_time:2516.848s step_avg:2429.39ms
step:1037/3350 train_time:2519.962s step_avg:2430.05ms
step:1038/3350 train_time:2521.795s step_avg:2429.47ms
step:1039/3350 train_time:2524.907s step_avg:2430.13ms
step:1040/3350 train_time:2526.736s step_avg:2429.55ms
step:1041/3350 train_time:2529.846s step_avg:2430.21ms
step:1042/3350 train_time:2531.678s step_avg:2429.63ms
step:1043/3350 train_time:2534.797s step_avg:2430.29ms
step:1044/3350 train_time:2536.629s step_avg:2429.72ms
step:1045/3350 train_time:2539.740s step_avg:2430.37ms
step:1046/3350 train_time:2541.568s step_avg:2429.80ms
step:1047/3350 train_time:2544.681s step_avg:2430.45ms
step:1048/3350 train_time:2546.515s step_avg:2429.88ms
step:1049/3350 train_time:2549.628s step_avg:2430.53ms
step:1050/3350 train_time:2551.751s step_avg:2430.24ms
step:1051/3350 train_time:2554.855s step_avg:2430.88ms
step:1052/3350 train_time:2556.683s step_avg:2430.31ms
step:1053/3350 train_time:2559.793s step_avg:2430.95ms
step:1054/3350 train_time:2561.626s step_avg:2430.39ms
step:1055/3350 train_time:2564.738s step_avg:2431.03ms
step:1056/3350 train_time:2566.568s step_avg:2430.46ms
step:1057/3350 train_time:2569.682s step_avg:2431.11ms
step:1058/3350 train_time:2571.512s step_avg:2430.54ms
step:1059/3350 train_time:2574.624s step_avg:2431.18ms
step:1060/3350 train_time:2576.454s step_avg:2430.62ms
step:1061/3350 train_time:2579.563s step_avg:2431.26ms
step:1062/3350 train_time:2581.395s step_avg:2430.69ms
step:1063/3350 train_time:2584.508s step_avg:2431.33ms
step:1064/3350 train_time:2586.337s step_avg:2430.77ms
step:1065/3350 train_time:2589.452s step_avg:2431.41ms
step:1066/3350 train_time:2591.285s step_avg:2430.85ms
step:1067/3350 train_time:2594.398s step_avg:2431.49ms
step:1068/3350 train_time:2596.230s step_avg:2430.93ms
step:1069/3350 train_time:2599.351s step_avg:2431.57ms
step:1070/3350 train_time:2601.184s step_avg:2431.01ms
step:1071/3350 train_time:2604.296s step_avg:2431.65ms
step:1072/3350 train_time:2606.129s step_avg:2431.09ms
step:1073/3350 train_time:2609.243s step_avg:2431.73ms
step:1074/3350 train_time:2611.074s step_avg:2431.17ms
step:1075/3350 train_time:2614.494s step_avg:2432.09ms
step:1076/3350 train_time:2616.324s step_avg:2431.53ms
step:1077/3350 train_time:2619.439s step_avg:2432.16ms
step:1078/3350 train_time:2621.271s step_avg:2431.61ms
step:1079/3350 train_time:2624.390s step_avg:2432.24ms
step:1080/3350 train_time:2626.225s step_avg:2431.69ms
step:1081/3350 train_time:2629.337s step_avg:2432.32ms
step:1082/3350 train_time:2631.171s step_avg:2431.77ms
step:1083/3350 train_time:2634.282s step_avg:2432.39ms
step:1084/3350 train_time:2636.118s step_avg:2431.84ms
step:1085/3350 train_time:2639.237s step_avg:2432.48ms
step:1086/3350 train_time:2641.067s step_avg:2431.92ms
step:1087/3350 train_time:2644.183s step_avg:2432.55ms
step:1088/3350 train_time:2646.016s step_avg:2432.00ms
step:1089/3350 train_time:2649.134s step_avg:2432.63ms
step:1090/3350 train_time:2650.968s step_avg:2432.08ms
step:1091/3350 train_time:2654.085s step_avg:2432.71ms
step:1092/3350 train_time:2655.918s step_avg:2432.16ms
step:1093/3350 train_time:2659.031s step_avg:2432.78ms
step:1094/3350 train_time:2660.864s step_avg:2432.23ms
step:1095/3350 train_time:2663.976s step_avg:2432.85ms
step:1096/3350 train_time:2665.810s step_avg:2432.31ms
step:1097/3350 train_time:2668.936s step_avg:2432.94ms
step:1098/3350 train_time:2670.771s step_avg:2432.40ms
step:1099/3350 train_time:2673.887s step_avg:2433.02ms
step:1100/3350 train_time:2676.023s step_avg:2432.75ms
step:1101/3350 train_time:2679.129s step_avg:2433.36ms
step:1102/3350 train_time:2680.963s step_avg:2432.82ms
step:1103/3350 train_time:2684.075s step_avg:2433.43ms
step:1104/3350 train_time:2685.909s step_avg:2432.89ms
step:1105/3350 train_time:2689.019s step_avg:2433.50ms
step:1106/3350 train_time:2690.852s step_avg:2432.96ms
step:1107/3350 train_time:2693.965s step_avg:2433.57ms
step:1108/3350 train_time:2695.798s step_avg:2433.03ms
step:1109/3350 train_time:2698.913s step_avg:2433.65ms
step:1110/3350 train_time:2700.747s step_avg:2433.11ms
step:1111/3350 train_time:2703.858s step_avg:2433.72ms
step:1112/3350 train_time:2705.687s step_avg:2433.17ms
step:1113/3350 train_time:2708.796s step_avg:2433.78ms
step:1114/3350 train_time:2710.631s step_avg:2433.24ms
step:1115/3350 train_time:2713.749s step_avg:2433.86ms
step:1116/3350 train_time:2715.586s step_avg:2433.32ms
step:1117/3350 train_time:2718.705s step_avg:2433.93ms
step:1118/3350 train_time:2720.544s step_avg:2433.40ms
step:1119/3350 train_time:2723.660s step_avg:2434.01ms
step:1120/3350 train_time:2725.493s step_avg:2433.48ms
step:1121/3350 train_time:2728.606s step_avg:2434.08ms
step:1122/3350 train_time:2730.440s step_avg:2433.55ms
step:1123/3350 train_time:2733.550s step_avg:2434.15ms
step:1124/3350 train_time:2735.377s step_avg:2433.61ms
step:1125/3350 train_time:2738.843s step_avg:2434.53ms
step:1125/3350 val_loss:3.58757 train_time:2738.843s step_avg:2490.33ms
step:1126/3350 train_time:2740.677s step_avg:2433.99ms
step:1127/3350 train_time:2743.790s step_avg:2434.60ms
step:1128/3350 train_time:2745.624s step_avg:2434.06ms
step:1129/3350 train_time:2748.734s step_avg:2434.66ms
step:1130/3350 train_time:2750.565s step_avg:2434.13ms
step:1131/3350 train_time:2753.678s step_avg:2434.73ms
step:1132/3350 train_time:2755.507s step_avg:2434.19ms
step:1133/3350 train_time:2758.626s step_avg:2434.80ms
step:1134/3350 train_time:2760.459s step_avg:2434.27ms
step:1135/3350 train_time:2763.578s step_avg:2434.87ms
step:1136/3350 train_time:2765.409s step_avg:2434.34ms
step:1137/3350 train_time:2768.522s step_avg:2434.94ms
step:1138/3350 train_time:2770.354s step_avg:2434.41ms
step:1139/3350 train_time:2773.467s step_avg:2435.00ms
step:1140/3350 train_time:2775.298s step_avg:2434.47ms
step:1141/3350 train_time:2778.440s step_avg:2435.09ms
step:1142/3350 train_time:2780.273s step_avg:2434.57ms
step:1143/3350 train_time:2783.383s step_avg:2435.16ms
step:1144/3350 train_time:2785.213s step_avg:2434.63ms
step:1145/3350 train_time:2788.324s step_avg:2435.22ms
step:1146/3350 train_time:2790.158s step_avg:2434.69ms
step:1147/3350 train_time:2793.271s step_avg:2435.28ms
step:1148/3350 train_time:2795.102s step_avg:2434.76ms
step:1149/3350 train_time:2798.212s step_avg:2435.35ms
step:1150/3350 train_time:2800.337s step_avg:2435.08ms
step:1151/3350 train_time:2803.443s step_avg:2435.66ms
step:1152/3350 train_time:2805.274s step_avg:2435.13ms
step:1153/3350 train_time:2808.385s step_avg:2435.72ms
step:1154/3350 train_time:2810.215s step_avg:2435.19ms
step:1155/3350 train_time:2813.324s step_avg:2435.78ms
step:1156/3350 train_time:2815.155s step_avg:2435.26ms
step:1157/3350 train_time:2818.266s step_avg:2435.84ms
step:1158/3350 train_time:2820.102s step_avg:2435.32ms
step:1159/3350 train_time:2823.212s step_avg:2435.90ms
step:1160/3350 train_time:2825.044s step_avg:2435.38ms
step:1161/3350 train_time:2828.157s step_avg:2435.97ms
step:1162/3350 train_time:2829.989s step_avg:2435.45ms
step:1163/3350 train_time:2833.102s step_avg:2436.03ms
step:1164/3350 train_time:2834.934s step_avg:2435.51ms
step:1165/3350 train_time:2838.044s step_avg:2436.09ms
step:1166/3350 train_time:2839.874s step_avg:2435.57ms
step:1167/3350 train_time:2842.984s step_avg:2436.15ms
step:1168/3350 train_time:2844.811s step_avg:2435.63ms
step:1169/3350 train_time:2847.922s step_avg:2436.20ms
step:1170/3350 train_time:2849.752s step_avg:2435.69ms
step:1171/3350 train_time:2852.864s step_avg:2436.26ms
step:1172/3350 train_time:2854.694s step_avg:2435.75ms
step:1173/3350 train_time:2857.804s step_avg:2436.32ms
step:1174/3350 train_time:2859.633s step_avg:2435.80ms
step:1175/3350 train_time:2863.033s step_avg:2436.62ms
step:1176/3350 train_time:2864.864s step_avg:2436.11ms
step:1177/3350 train_time:2867.975s step_avg:2436.68ms
step:1178/3350 train_time:2869.808s step_avg:2436.17ms
step:1179/3350 train_time:2872.918s step_avg:2436.74ms
step:1180/3350 train_time:2874.749s step_avg:2436.23ms
step:1181/3350 train_time:2877.861s step_avg:2436.80ms
step:1182/3350 train_time:2879.693s step_avg:2436.29ms
step:1183/3350 train_time:2882.803s step_avg:2436.86ms
step:1184/3350 train_time:2884.634s step_avg:2436.35ms
step:1185/3350 train_time:2887.742s step_avg:2436.91ms
step:1186/3350 train_time:2889.575s step_avg:2436.40ms
step:1187/3350 train_time:2892.682s step_avg:2436.97ms
step:1188/3350 train_time:2894.515s step_avg:2436.46ms
step:1189/3350 train_time:2897.633s step_avg:2437.03ms
step:1190/3350 train_time:2899.464s step_avg:2436.52ms
step:1191/3350 train_time:2902.575s step_avg:2437.09ms
step:1192/3350 train_time:2904.404s step_avg:2436.58ms
step:1193/3350 train_time:2907.518s step_avg:2437.15ms
step:1194/3350 train_time:2909.349s step_avg:2436.64ms
step:1195/3350 train_time:2912.461s step_avg:2437.21ms
step:1196/3350 train_time:2914.293s step_avg:2436.70ms
step:1197/3350 train_time:2917.408s step_avg:2437.27ms
step:1198/3350 train_time:2919.239s step_avg:2436.76ms
step:1199/3350 train_time:2922.350s step_avg:2437.32ms
step:1200/3350 train_time:2924.489s step_avg:2437.07ms
step:1201/3350 train_time:2927.595s step_avg:2437.63ms
step:1202/3350 train_time:2929.425s step_avg:2437.13ms
step:1203/3350 train_time:2932.538s step_avg:2437.69ms
step:1204/3350 train_time:2934.367s step_avg:2437.18ms
step:1205/3350 train_time:2937.476s step_avg:2437.74ms
step:1206/3350 train_time:2939.305s step_avg:2437.23ms
step:1207/3350 train_time:2942.419s step_avg:2437.80ms
step:1208/3350 train_time:2944.253s step_avg:2437.30ms
step:1209/3350 train_time:2947.366s step_avg:2437.85ms
step:1210/3350 train_time:2949.201s step_avg:2437.36ms
step:1211/3350 train_time:2952.320s step_avg:2437.92ms
step:1212/3350 train_time:2954.155s step_avg:2437.42ms
step:1213/3350 train_time:2957.272s step_avg:2437.98ms
step:1214/3350 train_time:2959.104s step_avg:2437.48ms
step:1215/3350 train_time:2962.218s step_avg:2438.04ms
step:1216/3350 train_time:2964.048s step_avg:2437.54ms
step:1217/3350 train_time:2967.161s step_avg:2438.09ms
step:1218/3350 train_time:2968.998s step_avg:2437.60ms
step:1219/3350 train_time:2972.112s step_avg:2438.16ms
step:1220/3350 train_time:2973.942s step_avg:2437.66ms
step:1221/3350 train_time:2977.055s step_avg:2438.21ms
step:1222/3350 train_time:2978.888s step_avg:2437.72ms
step:1223/3350 train_time:2982.002s step_avg:2438.27ms
step:1224/3350 train_time:2983.831s step_avg:2437.77ms
step:1225/3350 train_time:2987.243s step_avg:2438.57ms
step:1226/3350 train_time:2989.074s step_avg:2438.07ms
step:1227/3350 train_time:2992.189s step_avg:2438.62ms
step:1228/3350 train_time:2994.021s step_avg:2438.13ms
step:1229/3350 train_time:2997.139s step_avg:2438.68ms
step:1230/3350 train_time:2998.973s step_avg:2438.19ms
step:1231/3350 train_time:3002.087s step_avg:2438.74ms
step:1232/3350 train_time:3003.920s step_avg:2438.25ms
step:1233/3350 train_time:3007.036s step_avg:2438.80ms
step:1234/3350 train_time:3008.869s step_avg:2438.31ms
step:1235/3350 train_time:3011.982s step_avg:2438.85ms
step:1236/3350 train_time:3013.815s step_avg:2438.36ms
step:1237/3350 train_time:3016.925s step_avg:2438.90ms
step:1238/3350 train_time:3018.756s step_avg:2438.41ms
step:1239/3350 train_time:3021.867s step_avg:2438.96ms
step:1240/3350 train_time:3023.698s step_avg:2438.47ms
step:1241/3350 train_time:3026.808s step_avg:2439.01ms
step:1242/3350 train_time:3028.641s step_avg:2438.52ms
step:1243/3350 train_time:3031.753s step_avg:2439.06ms
step:1244/3350 train_time:3033.587s step_avg:2438.58ms
step:1245/3350 train_time:3036.703s step_avg:2439.12ms
step:1246/3350 train_time:3038.533s step_avg:2438.63ms
step:1247/3350 train_time:3041.649s step_avg:2439.17ms
step:1248/3350 train_time:3043.479s step_avg:2438.69ms
step:1249/3350 train_time:3046.592s step_avg:2439.22ms
step:1250/3350 train_time:3048.785s step_avg:2439.03ms
step:1250/3350 val_loss:3.55954 train_time:3048.785s step_avg:2479.54ms
step:1251/3350 train_time:3051.898s step_avg:2439.57ms
step:1252/3350 train_time:3053.733s step_avg:2439.08ms
step:1253/3350 train_time:3056.849s step_avg:2439.62ms
step:1254/3350 train_time:3058.683s step_avg:2439.14ms
step:1255/3350 train_time:3061.800s step_avg:2439.68ms
step:1256/3350 train_time:3063.638s step_avg:2439.20ms
step:1257/3350 train_time:3066.752s step_avg:2439.74ms
step:1258/3350 train_time:3068.583s step_avg:2439.26ms
step:1259/3350 train_time:3071.700s step_avg:2439.79ms
step:1260/3350 train_time:3073.535s step_avg:2439.31ms
step:1261/3350 train_time:3076.646s step_avg:2439.85ms
step:1262/3350 train_time:3078.481s step_avg:2439.37ms
step:1263/3350 train_time:3081.594s step_avg:2439.90ms
step:1264/3350 train_time:3083.429s step_avg:2439.42ms
step:1265/3350 train_time:3086.541s step_avg:2439.95ms
step:1266/3350 train_time:3088.375s step_avg:2439.47ms
step:1267/3350 train_time:3091.493s step_avg:2440.01ms
step:1268/3350 train_time:3093.328s step_avg:2439.53ms
step:1269/3350 train_time:3096.443s step_avg:2440.07ms
step:1270/3350 train_time:3098.277s step_avg:2439.59ms
step:1271/3350 train_time:3101.389s step_avg:2440.12ms
step:1272/3350 train_time:3103.224s step_avg:2439.64ms
step:1273/3350 train_time:3106.336s step_avg:2440.17ms
step:1274/3350 train_time:3108.169s step_avg:2439.69ms
step:1275/3350 train_time:3111.576s step_avg:2440.45ms
step:1276/3350 train_time:3113.412s step_avg:2439.98ms
step:1277/3350 train_time:3116.519s step_avg:2440.50ms
step:1278/3350 train_time:3118.351s step_avg:2440.02ms
step:1279/3350 train_time:3121.461s step_avg:2440.55ms
step:1280/3350 train_time:3123.295s step_avg:2440.07ms
step:1281/3350 train_time:3126.405s step_avg:2440.60ms
step:1282/3350 train_time:3128.238s step_avg:2440.12ms
step:1283/3350 train_time:3131.348s step_avg:2440.65ms
step:1284/3350 train_time:3133.180s step_avg:2440.17ms
step:1285/3350 train_time:3136.302s step_avg:2440.70ms
step:1286/3350 train_time:3138.134s step_avg:2440.23ms
step:1287/3350 train_time:3141.243s step_avg:2440.75ms
step:1288/3350 train_time:3143.074s step_avg:2440.27ms
step:1289/3350 train_time:3146.183s step_avg:2440.79ms
step:1290/3350 train_time:3148.014s step_avg:2440.32ms
step:1291/3350 train_time:3151.125s step_avg:2440.84ms
step:1292/3350 train_time:3152.956s step_avg:2440.37ms
step:1293/3350 train_time:3156.070s step_avg:2440.89ms
step:1294/3350 train_time:3157.901s step_avg:2440.42ms
step:1295/3350 train_time:3161.012s step_avg:2440.94ms
step:1296/3350 train_time:3162.841s step_avg:2440.46ms
step:1297/3350 train_time:3165.952s step_avg:2440.98ms
step:1298/3350 train_time:3167.785s step_avg:2440.51ms
step:1299/3350 train_time:3170.894s step_avg:2441.03ms
step:1300/3350 train_time:3173.037s step_avg:2440.80ms
step:1301/3350 train_time:3176.147s step_avg:2441.31ms
step:1302/3350 train_time:3177.978s step_avg:2440.84ms
step:1303/3350 train_time:3181.088s step_avg:2441.36ms
step:1304/3350 train_time:3182.921s step_avg:2440.89ms
step:1305/3350 train_time:3186.033s step_avg:2441.40ms
step:1306/3350 train_time:3187.866s step_avg:2440.94ms
step:1307/3350 train_time:3190.979s step_avg:2441.45ms
step:1308/3350 train_time:3192.810s step_avg:2440.99ms
step:1309/3350 train_time:3195.924s step_avg:2441.50ms
step:1310/3350 train_time:3197.757s step_avg:2441.04ms
step:1311/3350 train_time:3200.875s step_avg:2441.55ms
step:1312/3350 train_time:3202.708s step_avg:2441.09ms
step:1313/3350 train_time:3205.822s step_avg:2441.60ms
step:1314/3350 train_time:3207.653s step_avg:2441.14ms
step:1315/3350 train_time:3210.765s step_avg:2441.65ms
step:1316/3350 train_time:3212.597s step_avg:2441.18ms
step:1317/3350 train_time:3215.709s step_avg:2441.69ms
step:1318/3350 train_time:3217.544s step_avg:2441.23ms
step:1319/3350 train_time:3220.654s step_avg:2441.74ms
step:1320/3350 train_time:3222.482s step_avg:2441.27ms
step:1321/3350 train_time:3225.594s step_avg:2441.78ms
step:1322/3350 train_time:3227.429s step_avg:2441.32ms
step:1323/3350 train_time:3230.544s step_avg:2441.83ms
step:1324/3350 train_time:3232.379s step_avg:2441.37ms
step:1325/3350 train_time:3235.778s step_avg:2442.10ms
step:1326/3350 train_time:3237.613s step_avg:2441.64ms
step:1327/3350 train_time:3240.726s step_avg:2442.14ms
step:1328/3350 train_time:3242.558s step_avg:2441.68ms
step:1329/3350 train_time:3245.672s step_avg:2442.19ms
step:1330/3350 train_time:3247.502s step_avg:2441.73ms
step:1331/3350 train_time:3250.642s step_avg:2442.26ms
step:1332/3350 train_time:3252.471s step_avg:2441.79ms
step:1333/3350 train_time:3255.584s step_avg:2442.30ms
step:1334/3350 train_time:3257.419s step_avg:2441.84ms
step:1335/3350 train_time:3260.525s step_avg:2442.34ms
step:1336/3350 train_time:3262.355s step_avg:2441.88ms
step:1337/3350 train_time:3265.468s step_avg:2442.38ms
step:1338/3350 train_time:3267.300s step_avg:2441.93ms
step:1339/3350 train_time:3270.417s step_avg:2442.43ms
step:1340/3350 train_time:3272.247s step_avg:2441.98ms
step:1341/3350 train_time:3275.363s step_avg:2442.48ms
step:1342/3350 train_time:3277.197s step_avg:2442.02ms
step:1343/3350 train_time:3280.318s step_avg:2442.53ms
step:1344/3350 train_time:3282.148s step_avg:2442.07ms
step:1345/3350 train_time:3285.262s step_avg:2442.57ms
step:1346/3350 train_time:3287.096s step_avg:2442.12ms
step:1347/3350 train_time:3290.206s step_avg:2442.62ms
step:1348/3350 train_time:3292.037s step_avg:2442.16ms
step:1349/3350 train_time:3295.150s step_avg:2442.66ms
step:1350/3350 train_time:3297.277s step_avg:2442.43ms
step:1351/3350 train_time:3300.380s step_avg:2442.92ms
step:1352/3350 train_time:3302.210s step_avg:2442.46ms
step:1353/3350 train_time:3305.324s step_avg:2442.96ms
step:1354/3350 train_time:3307.156s step_avg:2442.51ms
step:1355/3350 train_time:3310.273s step_avg:2443.01ms
step:1356/3350 train_time:3312.103s step_avg:2442.55ms
step:1357/3350 train_time:3315.212s step_avg:2443.04ms
step:1358/3350 train_time:3317.045s step_avg:2442.60ms
step:1359/3350 train_time:3320.157s step_avg:2443.09ms
step:1360/3350 train_time:3321.988s step_avg:2442.64ms
step:1361/3350 train_time:3325.101s step_avg:2443.13ms
step:1362/3350 train_time:3326.933s step_avg:2442.68ms
step:1363/3350 train_time:3330.048s step_avg:2443.18ms
step:1364/3350 train_time:3331.879s step_avg:2442.73ms
step:1365/3350 train_time:3334.991s step_avg:2443.22ms
step:1366/3350 train_time:3336.824s step_avg:2442.77ms
step:1367/3350 train_time:3339.941s step_avg:2443.26ms
step:1368/3350 train_time:3341.773s step_avg:2442.82ms
step:1369/3350 train_time:3344.891s step_avg:2443.31ms
step:1370/3350 train_time:3346.720s step_avg:2442.86ms
step:1371/3350 train_time:3349.829s step_avg:2443.35ms
step:1372/3350 train_time:3351.662s step_avg:2442.90ms
step:1373/3350 train_time:3354.775s step_avg:2443.39ms
step:1374/3350 train_time:3356.605s step_avg:2442.94ms
step:1375/3350 train_time:3360.069s step_avg:2443.69ms
step:1375/3350 val_loss:3.53538 train_time:3360.069s step_avg:2490.27ms
step:1376/3350 train_time:3361.904s step_avg:2443.24ms
step:1377/3350 train_time:3365.018s step_avg:2443.73ms
step:1378/3350 train_time:3366.855s step_avg:2443.29ms
step:1379/3350 train_time:3369.966s step_avg:2443.78ms
step:1380/3350 train_time:3371.796s step_avg:2443.33ms
step:1381/3350 train_time:3374.908s step_avg:2443.81ms
step:1382/3350 train_time:3376.739s step_avg:2443.37ms
step:1383/3350 train_time:3379.855s step_avg:2443.86ms
step:1384/3350 train_time:3381.686s step_avg:2443.42ms
step:1385/3350 train_time:3384.800s step_avg:2443.90ms
step:1386/3350 train_time:3386.629s step_avg:2443.46ms
step:1387/3350 train_time:3389.739s step_avg:2443.94ms
step:1388/3350 train_time:3391.570s step_avg:2443.49ms
step:1389/3350 train_time:3394.684s step_avg:2443.98ms
step:1390/3350 train_time:3396.519s step_avg:2443.54ms
step:1391/3350 train_time:3399.629s step_avg:2444.02ms
step:1392/3350 train_time:3401.462s step_avg:2443.58ms
step:1393/3350 train_time:3404.579s step_avg:2444.06ms
step:1394/3350 train_time:3406.414s step_avg:2443.63ms
step:1395/3350 train_time:3409.526s step_avg:2444.10ms
step:1396/3350 train_time:3411.357s step_avg:2443.67ms
step:1397/3350 train_time:3414.471s step_avg:2444.15ms
step:1398/3350 train_time:3416.304s step_avg:2443.71ms
step:1399/3350 train_time:3419.417s step_avg:2444.19ms
step:1400/3350 train_time:3421.554s step_avg:2443.97ms
step:1401/3350 train_time:3424.663s step_avg:2444.44ms
step:1402/3350 train_time:3426.496s step_avg:2444.01ms
step:1403/3350 train_time:3429.612s step_avg:2444.48ms
step:1404/3350 train_time:3431.443s step_avg:2444.05ms
step:1405/3350 train_time:3434.553s step_avg:2444.52ms
step:1406/3350 train_time:3436.385s step_avg:2444.09ms
step:1407/3350 train_time:3439.500s step_avg:2444.56ms
step:1408/3350 train_time:3441.333s step_avg:2444.13ms
step:1409/3350 train_time:3444.446s step_avg:2444.60ms
step:1410/3350 train_time:3446.277s step_avg:2444.17ms
step:1411/3350 train_time:3449.390s step_avg:2444.64ms
step:1412/3350 train_time:3451.220s step_avg:2444.21ms
step:1413/3350 train_time:3454.332s step_avg:2444.68ms
step:1414/3350 train_time:3456.164s step_avg:2444.25ms
step:1415/3350 train_time:3459.275s step_avg:2444.72ms
step:1416/3350 train_time:3461.109s step_avg:2444.29ms
step:1417/3350 train_time:3464.220s step_avg:2444.76ms
step:1418/3350 train_time:3466.054s step_avg:2444.33ms
step:1419/3350 train_time:3469.160s step_avg:2444.79ms
step:1420/3350 train_time:3470.994s step_avg:2444.36ms
step:1421/3350 train_time:3474.105s step_avg:2444.83ms
step:1422/3350 train_time:3475.937s step_avg:2444.40ms
step:1423/3350 train_time:3479.045s step_avg:2444.87ms
step:1424/3350 train_time:3480.877s step_avg:2444.44ms
step:1425/3350 train_time:3484.273s step_avg:2445.10ms
step:1426/3350 train_time:3486.108s step_avg:2444.68ms
step:1427/3350 train_time:3489.220s step_avg:2445.14ms
step:1428/3350 train_time:3491.053s step_avg:2444.72ms
step:1429/3350 train_time:3494.168s step_avg:2445.18ms
step:1430/3350 train_time:3496.000s step_avg:2444.75ms
step:1431/3350 train_time:3499.111s step_avg:2445.22ms
step:1432/3350 train_time:3500.942s step_avg:2444.79ms
step:1433/3350 train_time:3504.055s step_avg:2445.26ms
step:1434/3350 train_time:3505.891s step_avg:2444.83ms
step:1435/3350 train_time:3508.998s step_avg:2445.29ms
step:1436/3350 train_time:3510.830s step_avg:2444.87ms
step:1437/3350 train_time:3513.945s step_avg:2445.33ms
step:1438/3350 train_time:3515.779s step_avg:2444.91ms
step:1439/3350 train_time:3518.889s step_avg:2445.37ms
step:1440/3350 train_time:3520.724s step_avg:2444.95ms
step:1441/3350 train_time:3523.840s step_avg:2445.41ms
step:1442/3350 train_time:3525.672s step_avg:2444.99ms
step:1443/3350 train_time:3528.783s step_avg:2445.45ms
step:1444/3350 train_time:3530.619s step_avg:2445.03ms
step:1445/3350 train_time:3533.731s step_avg:2445.49ms
step:1446/3350 train_time:3535.563s step_avg:2445.06ms
step:1447/3350 train_time:3538.672s step_avg:2445.52ms
step:1448/3350 train_time:3540.504s step_avg:2445.10ms
step:1449/3350 train_time:3543.616s step_avg:2445.56ms
step:1450/3350 train_time:3545.748s step_avg:2445.34ms
step:1451/3350 train_time:3548.853s step_avg:2445.80ms
step:1452/3350 train_time:3550.688s step_avg:2445.38ms
step:1453/3350 train_time:3553.801s step_avg:2445.84ms
step:1454/3350 train_time:3555.630s step_avg:2445.41ms
step:1455/3350 train_time:3558.741s step_avg:2445.87ms
step:1456/3350 train_time:3560.575s step_avg:2445.45ms
step:1457/3350 train_time:3563.688s step_avg:2445.91ms
step:1458/3350 train_time:3565.520s step_avg:2445.49ms
step:1459/3350 train_time:3568.629s step_avg:2445.94ms
step:1460/3350 train_time:3570.461s step_avg:2445.52ms
step:1461/3350 train_time:3573.571s step_avg:2445.98ms
step:1462/3350 train_time:3575.404s step_avg:2445.56ms
step:1463/3350 train_time:3578.514s step_avg:2446.01ms
step:1464/3350 train_time:3580.348s step_avg:2445.59ms
step:1465/3350 train_time:3583.462s step_avg:2446.05ms
step:1466/3350 train_time:3585.295s step_avg:2445.63ms
step:1467/3350 train_time:3588.405s step_avg:2446.08ms
step:1468/3350 train_time:3590.236s step_avg:2445.66ms
step:1469/3350 train_time:3593.352s step_avg:2446.12ms
step:1470/3350 train_time:3595.184s step_avg:2445.70ms
step:1471/3350 train_time:3598.294s step_avg:2446.15ms
step:1472/3350 train_time:3600.126s step_avg:2445.74ms
step:1473/3350 train_time:3603.236s step_avg:2446.19ms
step:1474/3350 train_time:3605.070s step_avg:2445.77ms
step:1475/3350 train_time:3608.471s step_avg:2446.42ms
step:1476/3350 train_time:3610.301s step_avg:2446.00ms
step:1477/3350 train_time:3613.414s step_avg:2446.46ms
step:1478/3350 train_time:3615.244s step_avg:2446.04ms
step:1479/3350 train_time:3618.363s step_avg:2446.49ms
step:1480/3350 train_time:3620.195s step_avg:2446.08ms
step:1481/3350 train_time:3623.308s step_avg:2446.53ms
step:1482/3350 train_time:3625.140s step_avg:2446.11ms
step:1483/3350 train_time:3628.248s step_avg:2446.56ms
step:1484/3350 train_time:3630.078s step_avg:2446.14ms
step:1485/3350 train_time:3633.191s step_avg:2446.59ms
step:1486/3350 train_time:3635.023s step_avg:2446.18ms
step:1487/3350 train_time:3638.134s step_avg:2446.63ms
step:1488/3350 train_time:3639.968s step_avg:2446.21ms
step:1489/3350 train_time:3643.081s step_avg:2446.66ms
step:1490/3350 train_time:3644.914s step_avg:2446.25ms
step:1491/3350 train_time:3648.024s step_avg:2446.70ms
step:1492/3350 train_time:3649.856s step_avg:2446.28ms
step:1493/3350 train_time:3652.970s step_avg:2446.73ms
step:1494/3350 train_time:3654.801s step_avg:2446.32ms
step:1495/3350 train_time:3657.912s step_avg:2446.76ms
step:1496/3350 train_time:3659.741s step_avg:2446.35ms
step:1497/3350 train_time:3662.854s step_avg:2446.80ms
step:1498/3350 train_time:3664.686s step_avg:2446.39ms
step:1499/3350 train_time:3667.798s step_avg:2446.83ms
step:1500/3350 train_time:3670.000s step_avg:2446.67ms
step:1500/3350 val_loss:3.50613 train_time:3670.001s step_avg:2479.45ms
step:1501/3350 train_time:3673.107s step_avg:2447.11ms
step:1502/3350 train_time:3674.940s step_avg:2446.70ms
step:1503/3350 train_time:3678.054s step_avg:2447.14ms
step:1504/3350 train_time:3679.887s step_avg:2446.73ms
step:1505/3350 train_time:3682.998s step_avg:2447.17ms
step:1506/3350 train_time:3684.829s step_avg:2446.77ms
step:1507/3350 train_time:3687.941s step_avg:2447.21ms
step:1508/3350 train_time:3689.772s step_avg:2446.80ms
step:1509/3350 train_time:3692.880s step_avg:2447.24ms
step:1510/3350 train_time:3694.709s step_avg:2446.83ms
step:1511/3350 train_time:3697.818s step_avg:2447.27ms
step:1512/3350 train_time:3699.653s step_avg:2446.86ms
step:1513/3350 train_time:3702.760s step_avg:2447.30ms
step:1514/3350 train_time:3704.591s step_avg:2446.89ms
step:1515/3350 train_time:3707.706s step_avg:2447.33ms
step:1516/3350 train_time:3709.536s step_avg:2446.92ms
step:1517/3350 train_time:3712.649s step_avg:2447.36ms
step:1518/3350 train_time:3714.480s step_avg:2446.96ms
step:1519/3350 train_time:3717.591s step_avg:2447.39ms
step:1520/3350 train_time:3719.424s step_avg:2446.99ms
step:1521/3350 train_time:3722.566s step_avg:2447.45ms
step:1522/3350 train_time:3724.399s step_avg:2447.04ms
step:1523/3350 train_time:3727.510s step_avg:2447.48ms
step:1524/3350 train_time:3729.342s step_avg:2447.07ms
step:1525/3350 train_time:3732.747s step_avg:2447.70ms
step:1526/3350 train_time:3734.582s step_avg:2447.30ms
step:1527/3350 train_time:3737.693s step_avg:2447.74ms
step:1528/3350 train_time:3739.528s step_avg:2447.34ms
step:1529/3350 train_time:3742.643s step_avg:2447.77ms
step:1530/3350 train_time:3744.476s step_avg:2447.37ms
step:1531/3350 train_time:3747.588s step_avg:2447.80ms
step:1532/3350 train_time:3749.420s step_avg:2447.40ms
step:1533/3350 train_time:3752.530s step_avg:2447.83ms
step:1534/3350 train_time:3754.362s step_avg:2447.43ms
step:1535/3350 train_time:3757.472s step_avg:2447.86ms
step:1536/3350 train_time:3759.304s step_avg:2447.46ms
step:1537/3350 train_time:3762.413s step_avg:2447.89ms
step:1538/3350 train_time:3764.244s step_avg:2447.49ms
step:1539/3350 train_time:3767.352s step_avg:2447.92ms
step:1540/3350 train_time:3769.183s step_avg:2447.52ms
step:1541/3350 train_time:3772.295s step_avg:2447.95ms
step:1542/3350 train_time:3774.124s step_avg:2447.55ms
step:1543/3350 train_time:3777.237s step_avg:2447.98ms
step:1544/3350 train_time:3779.071s step_avg:2447.59ms
step:1545/3350 train_time:3782.184s step_avg:2448.02ms
step:1546/3350 train_time:3784.017s step_avg:2447.62ms
step:1547/3350 train_time:3787.125s step_avg:2448.04ms
step:1548/3350 train_time:3788.956s step_avg:2447.65ms
step:1549/3350 train_time:3792.067s step_avg:2448.07ms
step:1550/3350 train_time:3794.191s step_avg:2447.87ms
step:1551/3350 train_time:3797.293s step_avg:2448.29ms
step:1552/3350 train_time:3799.124s step_avg:2447.89ms
step:1553/3350 train_time:3802.234s step_avg:2448.32ms
step:1554/3350 train_time:3804.064s step_avg:2447.92ms
step:1555/3350 train_time:3807.173s step_avg:2448.34ms
step:1556/3350 train_time:3809.003s step_avg:2447.95ms
step:1557/3350 train_time:3812.115s step_avg:2448.37ms
step:1558/3350 train_time:3813.947s step_avg:2447.98ms
step:1559/3350 train_time:3817.056s step_avg:2448.40ms
step:1560/3350 train_time:3818.886s step_avg:2448.00ms
step:1561/3350 train_time:3821.995s step_avg:2448.43ms
step:1562/3350 train_time:3823.827s step_avg:2448.03ms
step:1563/3350 train_time:3826.937s step_avg:2448.46ms
step:1564/3350 train_time:3828.767s step_avg:2448.06ms
step:1565/3350 train_time:3831.882s step_avg:2448.49ms
step:1566/3350 train_time:3833.712s step_avg:2448.09ms
step:1567/3350 train_time:3836.824s step_avg:2448.52ms
step:1568/3350 train_time:3838.656s step_avg:2448.12ms
step:1569/3350 train_time:3841.766s step_avg:2448.54ms
step:1570/3350 train_time:3843.598s step_avg:2448.15ms
step:1571/3350 train_time:3846.704s step_avg:2448.57ms
step:1572/3350 train_time:3848.536s step_avg:2448.18ms
step:1573/3350 train_time:3851.645s step_avg:2448.60ms
step:1574/3350 train_time:3853.478s step_avg:2448.21ms
step:1575/3350 train_time:3856.878s step_avg:2448.81ms
step:1576/3350 train_time:3858.708s step_avg:2448.42ms
step:1577/3350 train_time:3861.816s step_avg:2448.84ms
step:1578/3350 train_time:3863.651s step_avg:2448.45ms
step:1579/3350 train_time:3866.760s step_avg:2448.87ms
step:1580/3350 train_time:3868.599s step_avg:2448.48ms
step:1581/3350 train_time:3871.708s step_avg:2448.90ms
step:1582/3350 train_time:3873.542s step_avg:2448.51ms
step:1583/3350 train_time:3876.652s step_avg:2448.93ms
step:1584/3350 train_time:3878.485s step_avg:2448.54ms
step:1585/3350 train_time:3881.594s step_avg:2448.96ms
step:1586/3350 train_time:3883.428s step_avg:2448.57ms
step:1587/3350 train_time:3886.548s step_avg:2448.99ms
step:1588/3350 train_time:3888.383s step_avg:2448.60ms
step:1589/3350 train_time:3891.495s step_avg:2449.02ms
step:1590/3350 train_time:3893.327s step_avg:2448.63ms
step:1591/3350 train_time:3896.436s step_avg:2449.05ms
step:1592/3350 train_time:3898.269s step_avg:2448.66ms
step:1593/3350 train_time:3901.379s step_avg:2449.08ms
step:1594/3350 train_time:3903.210s step_avg:2448.69ms
step:1595/3350 train_time:3906.321s step_avg:2449.10ms
step:1596/3350 train_time:3908.155s step_avg:2448.72ms
step:1597/3350 train_time:3911.267s step_avg:2449.13ms
step:1598/3350 train_time:3913.100s step_avg:2448.75ms
step:1599/3350 train_time:3916.210s step_avg:2449.16ms
step:1600/3350 train_time:3918.350s step_avg:2448.97ms
step:1601/3350 train_time:3921.459s step_avg:2449.38ms
step:1602/3350 train_time:3923.292s step_avg:2449.00ms
step:1603/3350 train_time:3926.401s step_avg:2449.41ms
step:1604/3350 train_time:3928.233s step_avg:2449.02ms
step:1605/3350 train_time:3931.343s step_avg:2449.43ms
step:1606/3350 train_time:3933.174s step_avg:2449.05ms
step:1607/3350 train_time:3936.282s step_avg:2449.46ms
step:1608/3350 train_time:3938.114s step_avg:2449.08ms
step:1609/3350 train_time:3941.224s step_avg:2449.49ms
step:1610/3350 train_time:3943.056s step_avg:2449.10ms
step:1611/3350 train_time:3946.168s step_avg:2449.51ms
step:1612/3350 train_time:3947.999s step_avg:2449.13ms
step:1613/3350 train_time:3951.110s step_avg:2449.54ms
step:1614/3350 train_time:3952.943s step_avg:2449.16ms
step:1615/3350 train_time:3956.051s step_avg:2449.57ms
step:1616/3350 train_time:3957.884s step_avg:2449.19ms
step:1617/3350 train_time:3960.994s step_avg:2449.59ms
step:1618/3350 train_time:3962.826s step_avg:2449.21ms
step:1619/3350 train_time:3965.936s step_avg:2449.62ms
step:1620/3350 train_time:3967.767s step_avg:2449.24ms
step:1621/3350 train_time:3970.878s step_avg:2449.65ms
step:1622/3350 train_time:3972.714s step_avg:2449.27ms
step:1623/3350 train_time:3975.828s step_avg:2449.68ms
step:1624/3350 train_time:3977.659s step_avg:2449.30ms
step:1625/3350 train_time:3981.120s step_avg:2449.92ms
step:1625/3350 val_loss:3.48705 train_time:3981.121s step_avg:2488.96ms
step:1626/3350 train_time:3982.952s step_avg:2449.54ms
step:1627/3350 train_time:3986.061s step_avg:2449.95ms
step:1628/3350 train_time:3987.894s step_avg:2449.57ms
step:1629/3350 train_time:3991.007s step_avg:2449.97ms
step:1630/3350 train_time:3992.841s step_avg:2449.60ms
step:1631/3350 train_time:3995.953s step_avg:2450.00ms
step:1632/3350 train_time:3997.788s step_avg:2449.62ms
step:1633/3350 train_time:4000.900s step_avg:2450.03ms
step:1634/3350 train_time:4002.731s step_avg:2449.65ms
step:1635/3350 train_time:4005.844s step_avg:2450.06ms
step:1636/3350 train_time:4007.677s step_avg:2449.68ms
step:1637/3350 train_time:4010.786s step_avg:2450.08ms
step:1638/3350 train_time:4012.616s step_avg:2449.70ms
step:1639/3350 train_time:4015.725s step_avg:2450.11ms
step:1640/3350 train_time:4017.557s step_avg:2449.73ms
step:1641/3350 train_time:4020.670s step_avg:2450.13ms
step:1642/3350 train_time:4022.502s step_avg:2449.76ms
step:1643/3350 train_time:4025.618s step_avg:2450.16ms
step:1644/3350 train_time:4027.450s step_avg:2449.79ms
step:1645/3350 train_time:4030.568s step_avg:2450.19ms
step:1646/3350 train_time:4032.402s step_avg:2449.82ms
step:1647/3350 train_time:4035.511s step_avg:2450.22ms
step:1648/3350 train_time:4037.345s step_avg:2449.85ms
step:1649/3350 train_time:4040.457s step_avg:2450.25ms
step:1650/3350 train_time:4042.585s step_avg:2450.05ms
step:1651/3350 train_time:4045.692s step_avg:2450.45ms
step:1652/3350 train_time:4047.524s step_avg:2450.07ms
step:1653/3350 train_time:4050.642s step_avg:2450.48ms
step:1654/3350 train_time:4052.476s step_avg:2450.11ms
step:1655/3350 train_time:4055.588s step_avg:2450.51ms
step:1656/3350 train_time:4057.420s step_avg:2450.13ms
step:1657/3350 train_time:4060.533s step_avg:2450.53ms
step:1658/3350 train_time:4062.367s step_avg:2450.16ms
step:1659/3350 train_time:4065.476s step_avg:2450.56ms
step:1660/3350 train_time:4067.310s step_avg:2450.19ms
step:1661/3350 train_time:4070.422s step_avg:2450.59ms
step:1662/3350 train_time:4072.255s step_avg:2450.21ms
step:1663/3350 train_time:4075.364s step_avg:2450.61ms
step:1664/3350 train_time:4077.197s step_avg:2450.24ms
step:1665/3350 train_time:4080.311s step_avg:2450.64ms
step:1666/3350 train_time:4082.142s step_avg:2450.27ms
step:1667/3350 train_time:4085.250s step_avg:2450.66ms
step:1668/3350 train_time:4087.079s step_avg:2450.29ms
step:1669/3350 train_time:4090.188s step_avg:2450.68ms
step:1670/3350 train_time:4092.020s step_avg:2450.31ms
step:1671/3350 train_time:4095.131s step_avg:2450.71ms
step:1672/3350 train_time:4096.964s step_avg:2450.34ms
step:1673/3350 train_time:4100.075s step_avg:2450.73ms
step:1674/3350 train_time:4101.907s step_avg:2450.36ms
step:1675/3350 train_time:4105.307s step_avg:2450.93ms
step:1676/3350 train_time:4107.140s step_avg:2450.56ms
step:1677/3350 train_time:4110.254s step_avg:2450.96ms
step:1678/3350 train_time:4112.086s step_avg:2450.59ms
step:1679/3350 train_time:4115.194s step_avg:2450.98ms
step:1680/3350 train_time:4117.025s step_avg:2450.61ms
step:1681/3350 train_time:4120.133s step_avg:2451.00ms
step:1682/3350 train_time:4121.965s step_avg:2450.63ms
step:1683/3350 train_time:4125.070s step_avg:2451.02ms
step:1684/3350 train_time:4126.903s step_avg:2450.65ms
step:1685/3350 train_time:4130.014s step_avg:2451.05ms
step:1686/3350 train_time:4131.844s step_avg:2450.68ms
step:1687/3350 train_time:4134.957s step_avg:2451.07ms
step:1688/3350 train_time:4136.788s step_avg:2450.70ms
step:1689/3350 train_time:4139.899s step_avg:2451.09ms
step:1690/3350 train_time:4141.732s step_avg:2450.73ms
step:1691/3350 train_time:4144.840s step_avg:2451.12ms
step:1692/3350 train_time:4146.672s step_avg:2450.75ms
step:1693/3350 train_time:4149.781s step_avg:2451.14ms
step:1694/3350 train_time:4151.615s step_avg:2450.78ms
step:1695/3350 train_time:4154.727s step_avg:2451.17ms
step:1696/3350 train_time:4156.562s step_avg:2450.80ms
step:1697/3350 train_time:4159.667s step_avg:2451.19ms
step:1698/3350 train_time:4161.500s step_avg:2450.82ms
step:1699/3350 train_time:4164.608s step_avg:2451.21ms
step:1700/3350 train_time:4166.744s step_avg:2451.03ms
step:1701/3350 train_time:4169.845s step_avg:2451.41ms
step:1702/3350 train_time:4171.680s step_avg:2451.05ms
step:1703/3350 train_time:4174.786s step_avg:2451.43ms
step:1704/3350 train_time:4176.620s step_avg:2451.07ms
step:1705/3350 train_time:4179.737s step_avg:2451.46ms
step:1706/3350 train_time:4181.569s step_avg:2451.10ms
step:1707/3350 train_time:4184.676s step_avg:2451.48ms
step:1708/3350 train_time:4186.510s step_avg:2451.12ms
step:1709/3350 train_time:4189.617s step_avg:2451.50ms
step:1710/3350 train_time:4191.447s step_avg:2451.14ms
step:1711/3350 train_time:4194.589s step_avg:2451.54ms
step:1712/3350 train_time:4196.418s step_avg:2451.18ms
step:1713/3350 train_time:4199.526s step_avg:2451.56ms
step:1714/3350 train_time:4201.358s step_avg:2451.20ms
step:1715/3350 train_time:4204.465s step_avg:2451.58ms
step:1716/3350 train_time:4206.294s step_avg:2451.22ms
step:1717/3350 train_time:4209.403s step_avg:2451.60ms
step:1718/3350 train_time:4211.238s step_avg:2451.24ms
step:1719/3350 train_time:4214.346s step_avg:2451.63ms
step:1720/3350 train_time:4216.178s step_avg:2451.27ms
step:1721/3350 train_time:4219.286s step_avg:2451.65ms
step:1722/3350 train_time:4221.123s step_avg:2451.29ms
step:1723/3350 train_time:4224.236s step_avg:2451.67ms
step:1724/3350 train_time:4226.070s step_avg:2451.32ms
step:1725/3350 train_time:4229.474s step_avg:2451.87ms
step:1726/3350 train_time:4231.307s step_avg:2451.51ms
step:1727/3350 train_time:4234.417s step_avg:2451.89ms
step:1728/3350 train_time:4236.248s step_avg:2451.53ms
step:1729/3350 train_time:4239.359s step_avg:2451.91ms
step:1730/3350 train_time:4241.193s step_avg:2451.56ms
step:1731/3350 train_time:4244.302s step_avg:2451.94ms
step:1732/3350 train_time:4246.132s step_avg:2451.58ms
step:1733/3350 train_time:4249.241s step_avg:2451.96ms
step:1734/3350 train_time:4251.076s step_avg:2451.60ms
step:1735/3350 train_time:4254.186s step_avg:2451.98ms
step:1736/3350 train_time:4256.015s step_avg:2451.62ms
step:1737/3350 train_time:4259.134s step_avg:2452.01ms
step:1738/3350 train_time:4260.970s step_avg:2451.65ms
step:1739/3350 train_time:4264.082s step_avg:2452.03ms
step:1740/3350 train_time:4265.913s step_avg:2451.67ms
step:1741/3350 train_time:4269.032s step_avg:2452.06ms
step:1742/3350 train_time:4270.866s step_avg:2451.70ms
step:1743/3350 train_time:4273.975s step_avg:2452.08ms
step:1744/3350 train_time:4275.809s step_avg:2451.73ms
step:1745/3350 train_time:4278.918s step_avg:2452.10ms
step:1746/3350 train_time:4280.751s step_avg:2451.75ms
step:1747/3350 train_time:4283.860s step_avg:2452.12ms
step:1748/3350 train_time:4285.693s step_avg:2451.77ms
step:1749/3350 train_time:4288.802s step_avg:2452.14ms
step:1750/3350 train_time:4290.999s step_avg:2452.00ms
step:1750/3350 val_loss:3.46577 train_time:4291.000s step_avg:2479.03ms
step:1751/3350 train_time:4294.104s step_avg:2452.37ms
step:1752/3350 train_time:4295.941s step_avg:2452.02ms
step:1753/3350 train_time:4299.056s step_avg:2452.40ms
step:1754/3350 train_time:4300.895s step_avg:2452.05ms
step:1755/3350 train_time:4304.006s step_avg:2452.43ms
step:1756/3350 train_time:4305.845s step_avg:2452.08ms
step:1757/3350 train_time:4308.956s step_avg:2452.45ms
step:1758/3350 train_time:4310.795s step_avg:2452.10ms
step:1759/3350 train_time:4313.903s step_avg:2452.47ms
step:1760/3350 train_time:4315.741s step_avg:2452.13ms
step:1761/3350 train_time:4318.850s step_avg:2452.50ms
step:1762/3350 train_time:4320.688s step_avg:2452.15ms
step:1763/3350 train_time:4323.797s step_avg:2452.52ms
step:1764/3350 train_time:4325.636s step_avg:2452.17ms
step:1765/3350 train_time:4328.749s step_avg:2452.55ms
step:1766/3350 train_time:4330.588s step_avg:2452.20ms
step:1767/3350 train_time:4333.700s step_avg:2452.57ms
step:1768/3350 train_time:4335.539s step_avg:2452.23ms
step:1769/3350 train_time:4338.651s step_avg:2452.60ms
step:1770/3350 train_time:4340.487s step_avg:2452.25ms
step:1771/3350 train_time:4343.597s step_avg:2452.62ms
step:1772/3350 train_time:4345.437s step_avg:2452.28ms
step:1773/3350 train_time:4348.549s step_avg:2452.65ms
step:1774/3350 train_time:4350.389s step_avg:2452.30ms
step:1775/3350 train_time:4353.797s step_avg:2452.84ms
step:1776/3350 train_time:4355.637s step_avg:2452.50ms
step:1777/3350 train_time:4358.745s step_avg:2452.87ms
step:1778/3350 train_time:4360.582s step_avg:2452.52ms
step:1779/3350 train_time:4363.696s step_avg:2452.89ms
step:1780/3350 train_time:4365.531s step_avg:2452.55ms
step:1781/3350 train_time:4368.643s step_avg:2452.92ms
step:1782/3350 train_time:4370.481s step_avg:2452.57ms
step:1783/3350 train_time:4373.592s step_avg:2452.94ms
step:1784/3350 train_time:4375.429s step_avg:2452.59ms
step:1785/3350 train_time:4378.536s step_avg:2452.96ms
step:1786/3350 train_time:4380.374s step_avg:2452.62ms
step:1787/3350 train_time:4383.481s step_avg:2452.98ms
step:1788/3350 train_time:4385.316s step_avg:2452.64ms
step:1789/3350 train_time:4388.428s step_avg:2453.01ms
step:1790/3350 train_time:4390.263s step_avg:2452.66ms
step:1791/3350 train_time:4393.376s step_avg:2453.03ms
step:1792/3350 train_time:4395.213s step_avg:2452.69ms
step:1793/3350 train_time:4398.321s step_avg:2453.05ms
step:1794/3350 train_time:4400.162s step_avg:2452.71ms
step:1795/3350 train_time:4403.274s step_avg:2453.08ms
step:1796/3350 train_time:4405.111s step_avg:2452.73ms
step:1797/3350 train_time:4408.220s step_avg:2453.10ms
step:1798/3350 train_time:4410.059s step_avg:2452.76ms
step:1799/3350 train_time:4413.167s step_avg:2453.12ms
step:1800/3350 train_time:4415.322s step_avg:2452.96ms
step:1801/3350 train_time:4418.429s step_avg:2453.32ms
step:1802/3350 train_time:4420.264s step_avg:2452.98ms
step:1803/3350 train_time:4423.376s step_avg:2453.34ms
step:1804/3350 train_time:4425.211s step_avg:2453.00ms
step:1805/3350 train_time:4428.318s step_avg:2453.36ms
step:1806/3350 train_time:4430.155s step_avg:2453.02ms
step:1807/3350 train_time:4433.267s step_avg:2453.39ms
step:1808/3350 train_time:4435.103s step_avg:2453.04ms
step:1809/3350 train_time:4438.208s step_avg:2453.40ms
step:1810/3350 train_time:4440.047s step_avg:2453.06ms
step:1811/3350 train_time:4443.158s step_avg:2453.43ms
step:1812/3350 train_time:4444.999s step_avg:2453.09ms
step:1813/3350 train_time:4448.110s step_avg:2453.45ms
step:1814/3350 train_time:4449.947s step_avg:2453.11ms
step:1815/3350 train_time:4453.059s step_avg:2453.48ms
step:1816/3350 train_time:4454.894s step_avg:2453.14ms
step:1817/3350 train_time:4458.006s step_avg:2453.50ms
step:1818/3350 train_time:4459.841s step_avg:2453.16ms
step:1819/3350 train_time:4462.953s step_avg:2453.52ms
step:1820/3350 train_time:4464.788s step_avg:2453.18ms
step:1821/3350 train_time:4467.899s step_avg:2453.54ms
step:1822/3350 train_time:4469.734s step_avg:2453.20ms
step:1823/3350 train_time:4472.847s step_avg:2453.56ms
step:1824/3350 train_time:4474.683s step_avg:2453.23ms
step:1825/3350 train_time:4478.092s step_avg:2453.75ms
step:1826/3350 train_time:4479.931s step_avg:2453.41ms
step:1827/3350 train_time:4483.040s step_avg:2453.77ms
step:1828/3350 train_time:4484.873s step_avg:2453.43ms
step:1829/3350 train_time:4487.987s step_avg:2453.79ms
step:1830/3350 train_time:4489.825s step_avg:2453.46ms
step:1831/3350 train_time:4492.935s step_avg:2453.81ms
step:1832/3350 train_time:4494.771s step_avg:2453.48ms
step:1833/3350 train_time:4497.884s step_avg:2453.84ms
step:1834/3350 train_time:4499.720s step_avg:2453.50ms
step:1835/3350 train_time:4502.840s step_avg:2453.86ms
step:1836/3350 train_time:4504.676s step_avg:2453.53ms
step:1837/3350 train_time:4507.787s step_avg:2453.89ms
step:1838/3350 train_time:4509.624s step_avg:2453.55ms
step:1839/3350 train_time:4512.735s step_avg:2453.91ms
step:1840/3350 train_time:4514.571s step_avg:2453.57ms
step:1841/3350 train_time:4517.682s step_avg:2453.93ms
step:1842/3350 train_time:4519.519s step_avg:2453.59ms
step:1843/3350 train_time:4522.631s step_avg:2453.95ms
step:1844/3350 train_time:4524.469s step_avg:2453.62ms
step:1845/3350 train_time:4527.580s step_avg:2453.97ms
step:1846/3350 train_time:4529.415s step_avg:2453.64ms
step:1847/3350 train_time:4532.520s step_avg:2453.99ms
step:1848/3350 train_time:4534.350s step_avg:2453.65ms
step:1849/3350 train_time:4537.457s step_avg:2454.01ms
step:1850/3350 train_time:4539.584s step_avg:2453.83ms
step:1851/3350 train_time:4542.686s step_avg:2454.18ms
step:1852/3350 train_time:4544.519s step_avg:2453.84ms
step:1853/3350 train_time:4547.624s step_avg:2454.20ms
step:1854/3350 train_time:4549.456s step_avg:2453.86ms
step:1855/3350 train_time:4552.563s step_avg:2454.21ms
step:1856/3350 train_time:4554.393s step_avg:2453.88ms
step:1857/3350 train_time:4557.499s step_avg:2454.23ms
step:1858/3350 train_time:4559.331s step_avg:2453.89ms
step:1859/3350 train_time:4562.435s step_avg:2454.24ms
step:1860/3350 train_time:4564.266s step_avg:2453.91ms
step:1861/3350 train_time:4567.377s step_avg:2454.26ms
step:1862/3350 train_time:4569.211s step_avg:2453.93ms
step:1863/3350 train_time:4572.318s step_avg:2454.28ms
step:1864/3350 train_time:4574.148s step_avg:2453.94ms
step:1865/3350 train_time:4577.259s step_avg:2454.29ms
step:1866/3350 train_time:4579.091s step_avg:2453.96ms
step:1867/3350 train_time:4582.201s step_avg:2454.31ms
step:1868/3350 train_time:4584.031s step_avg:2453.98ms
step:1869/3350 train_time:4587.141s step_avg:2454.33ms
step:1870/3350 train_time:4588.974s step_avg:2454.00ms
step:1871/3350 train_time:4592.079s step_avg:2454.34ms
step:1872/3350 train_time:4593.911s step_avg:2454.01ms
step:1873/3350 train_time:4597.019s step_avg:2454.36ms
step:1874/3350 train_time:4598.852s step_avg:2454.03ms
step:1875/3350 train_time:4602.315s step_avg:2454.57ms
step:1875/3350 val_loss:3.44697 train_time:4602.316s step_avg:2490.53ms
step:1876/3350 train_time:4604.148s step_avg:2454.24ms
step:1877/3350 train_time:4607.255s step_avg:2454.58ms
step:1878/3350 train_time:4609.088s step_avg:2454.25ms
step:1879/3350 train_time:4612.193s step_avg:2454.60ms
step:1880/3350 train_time:4614.033s step_avg:2454.27ms
step:1881/3350 train_time:4617.142s step_avg:2454.62ms
step:1882/3350 train_time:4618.971s step_avg:2454.29ms
step:1883/3350 train_time:4622.079s step_avg:2454.64ms
step:1884/3350 train_time:4623.909s step_avg:2454.30ms
step:1885/3350 train_time:4627.021s step_avg:2454.65ms
step:1886/3350 train_time:4628.853s step_avg:2454.32ms
step:1887/3350 train_time:4631.962s step_avg:2454.67ms
step:1888/3350 train_time:4633.793s step_avg:2454.34ms
step:1889/3350 train_time:4636.901s step_avg:2454.69ms
step:1890/3350 train_time:4638.733s step_avg:2454.36ms
step:1891/3350 train_time:4641.839s step_avg:2454.70ms
step:1892/3350 train_time:4643.672s step_avg:2454.37ms
step:1893/3350 train_time:4646.780s step_avg:2454.72ms
step:1894/3350 train_time:4648.617s step_avg:2454.39ms
step:1895/3350 train_time:4651.721s step_avg:2454.73ms
step:1896/3350 train_time:4653.549s step_avg:2454.40ms
step:1897/3350 train_time:4656.656s step_avg:2454.75ms
step:1898/3350 train_time:4658.486s step_avg:2454.42ms
step:1899/3350 train_time:4661.593s step_avg:2454.76ms
step:1900/3350 train_time:4663.730s step_avg:2454.59ms
step:1901/3350 train_time:4666.873s step_avg:2454.96ms
step:1902/3350 train_time:4668.707s step_avg:2454.63ms
step:1903/3350 train_time:4671.813s step_avg:2454.97ms
step:1904/3350 train_time:4673.646s step_avg:2454.65ms
step:1905/3350 train_time:4676.757s step_avg:2454.99ms
step:1906/3350 train_time:4678.589s step_avg:2454.66ms
step:1907/3350 train_time:4681.696s step_avg:2455.01ms
step:1908/3350 train_time:4683.527s step_avg:2454.68ms
step:1909/3350 train_time:4686.632s step_avg:2455.02ms
step:1910/3350 train_time:4688.463s step_avg:2454.69ms
step:1911/3350 train_time:4691.572s step_avg:2455.03ms
step:1912/3350 train_time:4693.405s step_avg:2454.71ms
step:1913/3350 train_time:4696.512s step_avg:2455.05ms
step:1914/3350 train_time:4698.344s step_avg:2454.73ms
step:1915/3350 train_time:4701.454s step_avg:2455.07ms
step:1916/3350 train_time:4703.284s step_avg:2454.74ms
step:1917/3350 train_time:4706.397s step_avg:2455.08ms
step:1918/3350 train_time:4708.230s step_avg:2454.76ms
step:1919/3350 train_time:4711.338s step_avg:2455.10ms
step:1920/3350 train_time:4713.176s step_avg:2454.78ms
step:1921/3350 train_time:4716.286s step_avg:2455.12ms
step:1922/3350 train_time:4718.118s step_avg:2454.80ms
step:1923/3350 train_time:4721.222s step_avg:2455.13ms
step:1924/3350 train_time:4723.052s step_avg:2454.81ms
step:1925/3350 train_time:4726.454s step_avg:2455.30ms
step:1926/3350 train_time:4728.288s step_avg:2454.98ms
step:1927/3350 train_time:4731.394s step_avg:2455.32ms
step:1928/3350 train_time:4733.227s step_avg:2454.99ms
step:1929/3350 train_time:4736.339s step_avg:2455.33ms
step:1930/3350 train_time:4738.172s step_avg:2455.01ms
step:1931/3350 train_time:4741.280s step_avg:2455.35ms
step:1932/3350 train_time:4743.111s step_avg:2455.03ms
step:1933/3350 train_time:4746.219s step_avg:2455.36ms
step:1934/3350 train_time:4748.051s step_avg:2455.04ms
step:1935/3350 train_time:4751.159s step_avg:2455.38ms
step:1936/3350 train_time:4752.990s step_avg:2455.06ms
step:1937/3350 train_time:4756.105s step_avg:2455.40ms
step:1938/3350 train_time:4757.937s step_avg:2455.08ms
step:1939/3350 train_time:4761.044s step_avg:2455.41ms
step:1940/3350 train_time:4762.876s step_avg:2455.09ms
step:1941/3350 train_time:4765.984s step_avg:2455.43ms
step:1942/3350 train_time:4767.817s step_avg:2455.11ms
step:1943/3350 train_time:4770.924s step_avg:2455.44ms
step:1944/3350 train_time:4772.757s step_avg:2455.12ms
step:1945/3350 train_time:4775.865s step_avg:2455.46ms
step:1946/3350 train_time:4777.700s step_avg:2455.14ms
step:1947/3350 train_time:4780.807s step_avg:2455.47ms
step:1948/3350 train_time:4782.639s step_avg:2455.15ms
step:1949/3350 train_time:4785.748s step_avg:2455.49ms
step:1950/3350 train_time:4787.876s step_avg:2455.32ms
step:1951/3350 train_time:4790.981s step_avg:2455.65ms
step:1952/3350 train_time:4792.814s step_avg:2455.34ms
step:1953/3350 train_time:4795.922s step_avg:2455.67ms
step:1954/3350 train_time:4797.752s step_avg:2455.35ms
step:1955/3350 train_time:4800.862s step_avg:2455.68ms
step:1956/3350 train_time:4802.691s step_avg:2455.36ms
step:1957/3350 train_time:4805.803s step_avg:2455.70ms
step:1958/3350 train_time:4807.642s step_avg:2455.38ms
step:1959/3350 train_time:4810.753s step_avg:2455.72ms
step:1960/3350 train_time:4812.586s step_avg:2455.40ms
step:1961/3350 train_time:4815.695s step_avg:2455.73ms
step:1962/3350 train_time:4817.529s step_avg:2455.42ms
step:1963/3350 train_time:4820.640s step_avg:2455.75ms
step:1964/3350 train_time:4822.473s step_avg:2455.43ms
step:1965/3350 train_time:4825.588s step_avg:2455.77ms
step:1966/3350 train_time:4827.422s step_avg:2455.45ms
step:1967/3350 train_time:4830.534s step_avg:2455.79ms
step:1968/3350 train_time:4832.367s step_avg:2455.47ms
step:1969/3350 train_time:4835.484s step_avg:2455.81ms
step:1970/3350 train_time:4837.318s step_avg:2455.49ms
step:1971/3350 train_time:4840.433s step_avg:2455.83ms
step:1972/3350 train_time:4842.267s step_avg:2455.51ms
step:1973/3350 train_time:4845.371s step_avg:2455.84ms
step:1974/3350 train_time:4847.210s step_avg:2455.53ms
step:1975/3350 train_time:4850.621s step_avg:2456.01ms
step:1976/3350 train_time:4852.455s step_avg:2455.70ms
step:1977/3350 train_time:4855.564s step_avg:2456.03ms
step:1978/3350 train_time:4857.399s step_avg:2455.71ms
step:1979/3350 train_time:4860.510s step_avg:2456.04ms
step:1980/3350 train_time:4862.344s step_avg:2455.73ms
step:1981/3350 train_time:4865.452s step_avg:2456.06ms
step:1982/3350 train_time:4867.287s step_avg:2455.75ms
step:1983/3350 train_time:4870.401s step_avg:2456.08ms
step:1984/3350 train_time:4872.235s step_avg:2455.76ms
step:1985/3350 train_time:4875.347s step_avg:2456.09ms
step:1986/3350 train_time:4877.185s step_avg:2455.78ms
step:1987/3350 train_time:4880.293s step_avg:2456.11ms
step:1988/3350 train_time:4882.125s step_avg:2455.80ms
step:1989/3350 train_time:4885.233s step_avg:2456.13ms
step:1990/3350 train_time:4887.068s step_avg:2455.81ms
step:1991/3350 train_time:4890.175s step_avg:2456.14ms
step:1992/3350 train_time:4892.012s step_avg:2455.83ms
step:1993/3350 train_time:4895.121s step_avg:2456.16ms
step:1994/3350 train_time:4896.957s step_avg:2455.85ms
step:1995/3350 train_time:4900.065s step_avg:2456.17ms
step:1996/3350 train_time:4901.902s step_avg:2455.86ms
step:1997/3350 train_time:4905.014s step_avg:2456.19ms
step:1998/3350 train_time:4906.847s step_avg:2455.88ms
step:1999/3350 train_time:4909.951s step_avg:2456.20ms
step:2000/3350 train_time:4912.170s step_avg:2456.08ms
step:2000/3350 val_loss:3.42861 train_time:4912.170s step_avg:2478.83ms
step:2001/3350 train_time:4915.274s step_avg:2456.41ms
step:2002/3350 train_time:4917.108s step_avg:2456.10ms
step:2003/3350 train_time:4920.213s step_avg:2456.42ms
step:2004/3350 train_time:4922.050s step_avg:2456.11ms
step:2005/3350 train_time:4925.160s step_avg:2456.44ms
step:2006/3350 train_time:4926.992s step_avg:2456.13ms
step:2007/3350 train_time:4930.108s step_avg:2456.46ms
step:2008/3350 train_time:4931.940s step_avg:2456.15ms
step:2009/3350 train_time:4935.048s step_avg:2456.47ms
step:2010/3350 train_time:4936.880s step_avg:2456.16ms
step:2011/3350 train_time:4939.987s step_avg:2456.48ms
step:2012/3350 train_time:4941.819s step_avg:2456.17ms
step:2013/3350 train_time:4944.927s step_avg:2456.50ms
step:2014/3350 train_time:4946.759s step_avg:2456.19ms
step:2015/3350 train_time:4949.868s step_avg:2456.51ms
step:2016/3350 train_time:4951.700s step_avg:2456.20ms
step:2017/3350 train_time:4954.806s step_avg:2456.52ms
step:2018/3350 train_time:4956.635s step_avg:2456.21ms
step:2019/3350 train_time:4959.740s step_avg:2456.53ms
step:2020/3350 train_time:4961.569s step_avg:2456.22ms
step:2021/3350 train_time:4964.679s step_avg:2456.55ms
step:2022/3350 train_time:4966.512s step_avg:2456.24ms
step:2023/3350 train_time:4969.617s step_avg:2456.56ms
step:2024/3350 train_time:4971.448s step_avg:2456.25ms
step:2025/3350 train_time:4974.848s step_avg:2456.71ms
step:2026/3350 train_time:4976.676s step_avg:2456.40ms
step:2027/3350 train_time:4979.782s step_avg:2456.73ms
step:2028/3350 train_time:4981.611s step_avg:2456.42ms
step:2029/3350 train_time:4984.717s step_avg:2456.74ms
step:2030/3350 train_time:4986.549s step_avg:2456.43ms
step:2031/3350 train_time:4989.655s step_avg:2456.75ms
step:2032/3350 train_time:4991.489s step_avg:2456.44ms
step:2033/3350 train_time:4994.597s step_avg:2456.76ms
step:2034/3350 train_time:4996.434s step_avg:2456.46ms
step:2035/3350 train_time:4999.543s step_avg:2456.78ms
step:2036/3350 train_time:5001.371s step_avg:2456.47ms
step:2037/3350 train_time:5004.479s step_avg:2456.79ms
step:2038/3350 train_time:5006.313s step_avg:2456.48ms
step:2039/3350 train_time:5009.419s step_avg:2456.80ms
step:2040/3350 train_time:5011.250s step_avg:2456.50ms
step:2041/3350 train_time:5014.358s step_avg:2456.81ms
step:2042/3350 train_time:5016.196s step_avg:2456.51ms
step:2043/3350 train_time:5019.303s step_avg:2456.83ms
step:2044/3350 train_time:5021.138s step_avg:2456.53ms
step:2045/3350 train_time:5024.244s step_avg:2456.84ms
step:2046/3350 train_time:5026.079s step_avg:2456.54ms
step:2047/3350 train_time:5029.187s step_avg:2456.86ms
step:2048/3350 train_time:5031.021s step_avg:2456.55ms
step:2049/3350 train_time:5034.132s step_avg:2456.87ms
step:2050/3350 train_time:5036.266s step_avg:2456.72ms
step:2051/3350 train_time:5039.372s step_avg:2457.03ms
step:2052/3350 train_time:5041.208s step_avg:2456.73ms
step:2053/3350 train_time:5044.320s step_avg:2457.05ms
step:2054/3350 train_time:5046.155s step_avg:2456.75ms
step:2055/3350 train_time:5049.268s step_avg:2457.06ms
step:2056/3350 train_time:5051.107s step_avg:2456.76ms
step:2057/3350 train_time:5054.214s step_avg:2457.08ms
step:2058/3350 train_time:5056.052s step_avg:2456.78ms
step:2059/3350 train_time:5059.167s step_avg:2457.10ms
step:2060/3350 train_time:5061.003s step_avg:2456.80ms
step:2061/3350 train_time:5064.114s step_avg:2457.12ms
step:2062/3350 train_time:5065.953s step_avg:2456.82ms
step:2063/3350 train_time:5069.062s step_avg:2457.13ms
step:2064/3350 train_time:5070.894s step_avg:2456.83ms
step:2065/3350 train_time:5074.002s step_avg:2457.14ms
step:2066/3350 train_time:5075.842s step_avg:2456.84ms
step:2067/3350 train_time:5078.950s step_avg:2457.16ms
step:2068/3350 train_time:5080.784s step_avg:2456.86ms
step:2069/3350 train_time:5083.892s step_avg:2457.17ms
step:2070/3350 train_time:5085.729s step_avg:2456.87ms
step:2071/3350 train_time:5088.837s step_avg:2457.19ms
step:2072/3350 train_time:5090.673s step_avg:2456.89ms
step:2073/3350 train_time:5093.781s step_avg:2457.20ms
step:2074/3350 train_time:5095.617s step_avg:2456.90ms
step:2075/3350 train_time:5099.018s step_avg:2457.36ms
step:2076/3350 train_time:5100.855s step_avg:2457.06ms
step:2077/3350 train_time:5103.968s step_avg:2457.37ms
step:2078/3350 train_time:5105.805s step_avg:2457.08ms
step:2079/3350 train_time:5108.913s step_avg:2457.39ms
step:2080/3350 train_time:5110.751s step_avg:2457.09ms
step:2081/3350 train_time:5113.858s step_avg:2457.40ms
step:2082/3350 train_time:5115.695s step_avg:2457.11ms
step:2083/3350 train_time:5118.808s step_avg:2457.42ms
step:2084/3350 train_time:5120.649s step_avg:2457.13ms
step:2085/3350 train_time:5123.753s step_avg:2457.44ms
step:2086/3350 train_time:5125.592s step_avg:2457.14ms
step:2087/3350 train_time:5128.704s step_avg:2457.45ms
step:2088/3350 train_time:5130.545s step_avg:2457.16ms
step:2089/3350 train_time:5133.653s step_avg:2457.47ms
step:2090/3350 train_time:5135.492s step_avg:2457.17ms
step:2091/3350 train_time:5138.635s step_avg:2457.50ms
step:2092/3350 train_time:5140.469s step_avg:2457.20ms
step:2093/3350 train_time:5143.579s step_avg:2457.51ms
step:2094/3350 train_time:5145.418s step_avg:2457.22ms
step:2095/3350 train_time:5148.526s step_avg:2457.53ms
step:2096/3350 train_time:5150.366s step_avg:2457.24ms
step:2097/3350 train_time:5153.472s step_avg:2457.55ms
step:2098/3350 train_time:5155.306s step_avg:2457.25ms
step:2099/3350 train_time:5158.416s step_avg:2457.56ms
step:2100/3350 train_time:5160.569s step_avg:2457.41ms
step:2101/3350 train_time:5163.671s step_avg:2457.72ms
step:2102/3350 train_time:5165.511s step_avg:2457.43ms
step:2103/3350 train_time:5168.619s step_avg:2457.74ms
step:2104/3350 train_time:5170.456s step_avg:2457.44ms
step:2105/3350 train_time:5173.561s step_avg:2457.75ms
step:2106/3350 train_time:5175.398s step_avg:2457.45ms
step:2107/3350 train_time:5178.513s step_avg:2457.77ms
step:2108/3350 train_time:5180.350s step_avg:2457.47ms
step:2109/3350 train_time:5183.461s step_avg:2457.78ms
step:2110/3350 train_time:5185.299s step_avg:2457.49ms
step:2111/3350 train_time:5188.408s step_avg:2457.80ms
step:2112/3350 train_time:5190.242s step_avg:2457.50ms
step:2113/3350 train_time:5193.349s step_avg:2457.81ms
step:2114/3350 train_time:5195.187s step_avg:2457.52ms
step:2115/3350 train_time:5198.293s step_avg:2457.82ms
step:2116/3350 train_time:5200.131s step_avg:2457.53ms
step:2117/3350 train_time:5203.240s step_avg:2457.84ms
step:2118/3350 train_time:5205.078s step_avg:2457.54ms
step:2119/3350 train_time:5208.184s step_avg:2457.85ms
step:2120/3350 train_time:5210.018s step_avg:2457.56ms
step:2121/3350 train_time:5213.127s step_avg:2457.86ms
step:2122/3350 train_time:5214.962s step_avg:2457.57ms
step:2123/3350 train_time:5218.072s step_avg:2457.88ms
step:2124/3350 train_time:5219.912s step_avg:2457.59ms
step:2125/3350 train_time:5223.399s step_avg:2458.07ms
step:2125/3350 val_loss:3.41173 train_time:5223.400s step_avg:2489.84ms
step:2126/3350 train_time:5225.242s step_avg:2457.78ms
step:2127/3350 train_time:5228.355s step_avg:2458.09ms
step:2128/3350 train_time:5230.191s step_avg:2457.80ms
step:2129/3350 train_time:5233.299s step_avg:2458.10ms
step:2130/3350 train_time:5235.137s step_avg:2457.81ms
step:2131/3350 train_time:5238.246s step_avg:2458.12ms
step:2132/3350 train_time:5240.081s step_avg:2457.82ms
step:2133/3350 train_time:5243.190s step_avg:2458.13ms
step:2134/3350 train_time:5245.026s step_avg:2457.84ms
step:2135/3350 train_time:5248.137s step_avg:2458.14ms
step:2136/3350 train_time:5249.974s step_avg:2457.85ms
step:2137/3350 train_time:5253.083s step_avg:2458.16ms
step:2138/3350 train_time:5254.921s step_avg:2457.87ms
step:2139/3350 train_time:5258.031s step_avg:2458.17ms
step:2140/3350 train_time:5259.870s step_avg:2457.88ms
step:2141/3350 train_time:5262.976s step_avg:2458.19ms
step:2142/3350 train_time:5264.814s step_avg:2457.90ms
step:2143/3350 train_time:5267.922s step_avg:2458.20ms
step:2144/3350 train_time:5269.755s step_avg:2457.91ms
step:2145/3350 train_time:5272.865s step_avg:2458.21ms
step:2146/3350 train_time:5274.702s step_avg:2457.92ms
step:2147/3350 train_time:5277.811s step_avg:2458.23ms
step:2148/3350 train_time:5279.648s step_avg:2457.94ms
step:2149/3350 train_time:5282.755s step_avg:2458.24ms
step:2150/3350 train_time:5284.892s step_avg:2458.09ms
step:2151/3350 train_time:5287.997s step_avg:2458.39ms
step:2152/3350 train_time:5289.834s step_avg:2458.10ms
step:2153/3350 train_time:5292.942s step_avg:2458.40ms
step:2154/3350 train_time:5294.778s step_avg:2458.11ms
step:2155/3350 train_time:5297.885s step_avg:2458.42ms
step:2156/3350 train_time:5299.722s step_avg:2458.13ms
step:2157/3350 train_time:5302.830s step_avg:2458.43ms
step:2158/3350 train_time:5304.666s step_avg:2458.14ms
step:2159/3350 train_time:5307.778s step_avg:2458.44ms
step:2160/3350 train_time:5309.614s step_avg:2458.15ms
step:2161/3350 train_time:5312.721s step_avg:2458.45ms
step:2162/3350 train_time:5314.558s step_avg:2458.17ms
step:2163/3350 train_time:5317.666s step_avg:2458.47ms
step:2164/3350 train_time:5319.501s step_avg:2458.18ms
step:2165/3350 train_time:5322.611s step_avg:2458.48ms
step:2166/3350 train_time:5324.449s step_avg:2458.19ms
step:2167/3350 train_time:5327.556s step_avg:2458.49ms
step:2168/3350 train_time:5329.391s step_avg:2458.21ms
step:2169/3350 train_time:5332.501s step_avg:2458.51ms
step:2170/3350 train_time:5334.339s step_avg:2458.22ms
step:2171/3350 train_time:5337.447s step_avg:2458.52ms
step:2172/3350 train_time:5339.281s step_avg:2458.23ms
step:2173/3350 train_time:5342.386s step_avg:2458.53ms
step:2174/3350 train_time:5344.223s step_avg:2458.24ms
step:2175/3350 train_time:5347.633s step_avg:2458.68ms
step:2176/3350 train_time:5349.468s step_avg:2458.40ms
step:2177/3350 train_time:5352.578s step_avg:2458.69ms
step:2178/3350 train_time:5354.415s step_avg:2458.41ms
step:2179/3350 train_time:5357.525s step_avg:2458.71ms
step:2180/3350 train_time:5359.358s step_avg:2458.42ms
step:2181/3350 train_time:5362.467s step_avg:2458.72ms
step:2182/3350 train_time:5364.304s step_avg:2458.43ms
step:2183/3350 train_time:5367.411s step_avg:2458.73ms
step:2184/3350 train_time:5369.246s step_avg:2458.45ms
step:2185/3350 train_time:5372.355s step_avg:2458.74ms
step:2186/3350 train_time:5374.189s step_avg:2458.46ms
step:2187/3350 train_time:5377.297s step_avg:2458.76ms
step:2188/3350 train_time:5379.132s step_avg:2458.47ms
step:2189/3350 train_time:5382.239s step_avg:2458.77ms
step:2190/3350 train_time:5384.078s step_avg:2458.48ms
step:2191/3350 train_time:5387.183s step_avg:2458.78ms
step:2192/3350 train_time:5389.018s step_avg:2458.49ms
step:2193/3350 train_time:5392.126s step_avg:2458.79ms
step:2194/3350 train_time:5393.963s step_avg:2458.51ms
step:2195/3350 train_time:5397.072s step_avg:2458.80ms
step:2196/3350 train_time:5398.909s step_avg:2458.52ms
step:2197/3350 train_time:5402.019s step_avg:2458.82ms
step:2198/3350 train_time:5403.855s step_avg:2458.53ms
step:2199/3350 train_time:5406.962s step_avg:2458.83ms
step:2200/3350 train_time:5409.117s step_avg:2458.69ms
step:2201/3350 train_time:5412.222s step_avg:2458.98ms
step:2202/3350 train_time:5414.058s step_avg:2458.70ms
step:2203/3350 train_time:5417.168s step_avg:2459.00ms
step:2204/3350 train_time:5419.003s step_avg:2458.71ms
step:2205/3350 train_time:5422.109s step_avg:2459.01ms
step:2206/3350 train_time:5423.948s step_avg:2458.73ms
step:2207/3350 train_time:5427.055s step_avg:2459.02ms
step:2208/3350 train_time:5428.890s step_avg:2458.74ms
step:2209/3350 train_time:5432.001s step_avg:2459.03ms
step:2210/3350 train_time:5433.841s step_avg:2458.75ms
step:2211/3350 train_time:5436.953s step_avg:2459.05ms
step:2212/3350 train_time:5438.788s step_avg:2458.76ms
step:2213/3350 train_time:5441.894s step_avg:2459.06ms
step:2214/3350 train_time:5443.732s step_avg:2458.78ms
step:2215/3350 train_time:5446.840s step_avg:2459.07ms
step:2216/3350 train_time:5448.669s step_avg:2458.79ms
step:2217/3350 train_time:5451.775s step_avg:2459.08ms
step:2218/3350 train_time:5453.607s step_avg:2458.80ms
step:2219/3350 train_time:5456.714s step_avg:2459.09ms
step:2220/3350 train_time:5458.546s step_avg:2458.80ms
step:2221/3350 train_time:5461.651s step_avg:2459.10ms
step:2222/3350 train_time:5463.480s step_avg:2458.81ms
step:2223/3350 train_time:5466.585s step_avg:2459.10ms
step:2224/3350 train_time:5468.415s step_avg:2458.82ms
step:2225/3350 train_time:5471.809s step_avg:2459.24ms
step:2226/3350 train_time:5473.642s step_avg:2458.96ms
step:2227/3350 train_time:5476.745s step_avg:2459.25ms
step:2228/3350 train_time:5478.576s step_avg:2458.97ms
step:2229/3350 train_time:5481.682s step_avg:2459.26ms
step:2230/3350 train_time:5483.514s step_avg:2458.98ms
step:2231/3350 train_time:5486.620s step_avg:2459.26ms
step:2232/3350 train_time:5488.451s step_avg:2458.98ms
step:2233/3350 train_time:5491.555s step_avg:2459.27ms
step:2234/3350 train_time:5493.387s step_avg:2458.99ms
step:2235/3350 train_time:5496.490s step_avg:2459.28ms
step:2236/3350 train_time:5498.324s step_avg:2459.00ms
step:2237/3350 train_time:5501.436s step_avg:2459.29ms
step:2238/3350 train_time:5503.268s step_avg:2459.01ms
step:2239/3350 train_time:5506.377s step_avg:2459.30ms
step:2240/3350 train_time:5508.209s step_avg:2459.02ms
step:2241/3350 train_time:5511.316s step_avg:2459.31ms
step:2242/3350 train_time:5513.148s step_avg:2459.03ms
step:2243/3350 train_time:5516.253s step_avg:2459.32ms
step:2244/3350 train_time:5518.086s step_avg:2459.04ms
step:2245/3350 train_time:5521.189s step_avg:2459.33ms
step:2246/3350 train_time:5523.025s step_avg:2459.05ms
step:2247/3350 train_time:5526.132s step_avg:2459.34ms
step:2248/3350 train_time:5527.965s step_avg:2459.06ms
step:2249/3350 train_time:5531.071s step_avg:2459.35ms
step:2250/3350 train_time:5533.264s step_avg:2459.23ms
step:2250/3350 val_loss:3.39530 train_time:5533.264s step_avg:2478.92ms
step:2251/3350 train_time:5536.368s step_avg:2459.51ms
step:2252/3350 train_time:5538.201s step_avg:2459.24ms
step:2253/3350 train_time:5541.310s step_avg:2459.53ms
step:2254/3350 train_time:5543.143s step_avg:2459.25ms
step:2255/3350 train_time:5546.252s step_avg:2459.54ms
step:2256/3350 train_time:5548.084s step_avg:2459.26ms
step:2257/3350 train_time:5551.194s step_avg:2459.55ms
step:2258/3350 train_time:5553.027s step_avg:2459.27ms
step:2259/3350 train_time:5556.134s step_avg:2459.55ms
step:2260/3350 train_time:5557.967s step_avg:2459.28ms
step:2261/3350 train_time:5561.076s step_avg:2459.56ms
step:2262/3350 train_time:5562.906s step_avg:2459.29ms
step:2263/3350 train_time:5566.014s step_avg:2459.57ms
step:2264/3350 train_time:5567.843s step_avg:2459.29ms
step:2265/3350 train_time:5570.949s step_avg:2459.58ms
step:2266/3350 train_time:5572.781s step_avg:2459.30ms
step:2267/3350 train_time:5575.890s step_avg:2459.59ms
step:2268/3350 train_time:5577.722s step_avg:2459.31ms
step:2269/3350 train_time:5580.832s step_avg:2459.60ms
step:2270/3350 train_time:5582.665s step_avg:2459.32ms
step:2271/3350 train_time:5585.769s step_avg:2459.61ms
step:2272/3350 train_time:5587.601s step_avg:2459.33ms
step:2273/3350 train_time:5590.706s step_avg:2459.62ms
step:2274/3350 train_time:5592.535s step_avg:2459.34ms
step:2275/3350 train_time:5595.937s step_avg:2459.75ms
step:2276/3350 train_time:5597.769s step_avg:2459.48ms
step:2277/3350 train_time:5600.881s step_avg:2459.76ms
step:2278/3350 train_time:5602.714s step_avg:2459.49ms
step:2279/3350 train_time:5605.819s step_avg:2459.77ms
step:2280/3350 train_time:5607.646s step_avg:2459.49ms
step:2281/3350 train_time:5610.791s step_avg:2459.79ms
step:2282/3350 train_time:5612.626s step_avg:2459.52ms
step:2283/3350 train_time:5615.734s step_avg:2459.80ms
step:2284/3350 train_time:5617.567s step_avg:2459.53ms
step:2285/3350 train_time:5620.672s step_avg:2459.81ms
step:2286/3350 train_time:5622.506s step_avg:2459.54ms
step:2287/3350 train_time:5625.613s step_avg:2459.82ms
step:2288/3350 train_time:5627.443s step_avg:2459.55ms
step:2289/3350 train_time:5630.551s step_avg:2459.83ms
step:2290/3350 train_time:5632.384s step_avg:2459.56ms
step:2291/3350 train_time:5635.492s step_avg:2459.84ms
step:2292/3350 train_time:5637.323s step_avg:2459.57ms
step:2293/3350 train_time:5640.431s step_avg:2459.85ms
step:2294/3350 train_time:5642.261s step_avg:2459.57ms
step:2295/3350 train_time:5645.366s step_avg:2459.85ms
step:2296/3350 train_time:5647.196s step_avg:2459.58ms
step:2297/3350 train_time:5650.304s step_avg:2459.86ms
step:2298/3350 train_time:5652.135s step_avg:2459.59ms
step:2299/3350 train_time:5655.238s step_avg:2459.87ms
step:2300/3350 train_time:5657.375s step_avg:2459.73ms
step:2301/3350 train_time:5660.477s step_avg:2460.01ms
step:2302/3350 train_time:5662.309s step_avg:2459.73ms
step:2303/3350 train_time:5665.419s step_avg:2460.02ms
step:2304/3350 train_time:5667.248s step_avg:2459.74ms
step:2305/3350 train_time:5670.349s step_avg:2460.02ms
step:2306/3350 train_time:5672.183s step_avg:2459.75ms
step:2307/3350 train_time:5675.291s step_avg:2460.03ms
step:2308/3350 train_time:5677.122s step_avg:2459.76ms
step:2309/3350 train_time:5680.229s step_avg:2460.04ms
step:2310/3350 train_time:5682.062s step_avg:2459.77ms
step:2311/3350 train_time:5685.171s step_avg:2460.05ms
step:2312/3350 train_time:5687.005s step_avg:2459.78ms
step:2313/3350 train_time:5690.121s step_avg:2460.06ms
step:2314/3350 train_time:5691.952s step_avg:2459.79ms
step:2315/3350 train_time:5695.059s step_avg:2460.07ms
step:2316/3350 train_time:5696.890s step_avg:2459.80ms
step:2317/3350 train_time:5700.002s step_avg:2460.08ms
step:2318/3350 train_time:5701.833s step_avg:2459.81ms
step:2319/3350 train_time:5704.940s step_avg:2460.09ms
step:2320/3350 train_time:5706.771s step_avg:2459.82ms
step:2321/3350 train_time:5709.877s step_avg:2460.09ms
step:2322/3350 train_time:5711.709s step_avg:2459.82ms
step:2323/3350 train_time:5714.815s step_avg:2460.10ms
step:2324/3350 train_time:5716.648s step_avg:2459.83ms
step:2325/3350 train_time:5720.046s step_avg:2460.23ms
step:2326/3350 train_time:5721.879s step_avg:2459.97ms
step:2327/3350 train_time:5724.988s step_avg:2460.24ms
step:2328/3350 train_time:5726.819s step_avg:2459.97ms
step:2329/3350 train_time:5729.926s step_avg:2460.25ms
step:2330/3350 train_time:5731.757s step_avg:2459.98ms
step:2331/3350 train_time:5734.863s step_avg:2460.26ms
step:2332/3350 train_time:5736.694s step_avg:2459.99ms
step:2333/3350 train_time:5739.801s step_avg:2460.27ms
step:2334/3350 train_time:5741.635s step_avg:2460.00ms
step:2335/3350 train_time:5744.740s step_avg:2460.27ms
step:2336/3350 train_time:5746.572s step_avg:2460.01ms
step:2337/3350 train_time:5749.677s step_avg:2460.28ms
step:2338/3350 train_time:5751.510s step_avg:2460.01ms
step:2339/3350 train_time:5754.614s step_avg:2460.29ms
step:2340/3350 train_time:5756.447s step_avg:2460.02ms
step:2341/3350 train_time:5759.555s step_avg:2460.30ms
step:2342/3350 train_time:5761.387s step_avg:2460.03ms
step:2343/3350 train_time:5764.492s step_avg:2460.30ms
step:2344/3350 train_time:5766.324s step_avg:2460.04ms
step:2345/3350 train_time:5769.432s step_avg:2460.31ms
step:2346/3350 train_time:5782.806s step_avg:2464.96ms
[rank0]:W0601 15:01:22.795000 3108861 torch/_dynamo/convert_frame.py:1743] [1/8] torch._dynamo hit config.recompile_limit (8)
[rank0]:W0601 15:01:22.795000 3108861 torch/_dynamo/convert_frame.py:1743] [1/8]    function: 'muon_update' (/workspace/senpai/target/records/track_3_optimization/train_gpt_simple.py:740)
[rank0]:W0601 15:01:22.795000 3108861 torch/_dynamo/convert_frame.py:1743] [1/8]    last reason: 1/7: momentum.size()[0] <= momentum.size()[1]  # if G.size(-2) > G.size(-1):  # orkspace/senpai/target/records/track_3_optimization/train_gpt_simple.py:723 in zeropower_via_newtonschulz5 (_dynamo/variables/tensor.py:1951 in evaluate_expr)
[rank0]:W0601 15:01:22.795000 3108861 torch/_dynamo/convert_frame.py:1743] [1/8] To log all recompilation reasons, use TORCH_LOGS="recompiles".
[rank0]:W0601 15:01:22.795000 3108861 torch/_dynamo/convert_frame.py:1743] [1/8] To diagnose recompilation issues, see https://docs.pytorch.org/docs/main/user_guide/torch_compiler/compile/programming_model.recompilation.html
step:2347/3350 train_time:5786.529s step_avg:2465.50ms
step:2348/3350 train_time:5788.363s step_avg:2465.23ms
step:2349/3350 train_time:5791.466s step_avg:2465.50ms
step:2350/3350 train_time:5793.608s step_avg:2465.37ms
step:2351/3350 train_time:5796.704s step_avg:2465.63ms
step:2352/3350 train_time:5798.538s step_avg:2465.36ms
step:2353/3350 train_time:5801.663s step_avg:2465.65ms
step:2354/3350 train_time:5803.513s step_avg:2465.38ms
step:2355/3350 train_time:5806.616s step_avg:2465.65ms
step:2356/3350 train_time:5808.443s step_avg:2465.38ms
step:2357/3350 train_time:5811.551s step_avg:2465.66ms
step:2358/3350 train_time:5813.386s step_avg:2465.39ms
step:2359/3350 train_time:5816.493s step_avg:2465.66ms
step:2360/3350 train_time:5818.325s step_avg:2465.39ms
step:2361/3350 train_time:5821.432s step_avg:2465.66ms
step:2362/3350 train_time:5823.264s step_avg:2465.40ms
step:2363/3350 train_time:5826.369s step_avg:2465.67ms
step:2364/3350 train_time:5828.202s step_avg:2465.40ms
step:2365/3350 train_time:5831.307s step_avg:2465.67ms
step:2366/3350 train_time:5833.155s step_avg:2465.41ms
step:2367/3350 train_time:5836.254s step_avg:2465.68ms
step:2368/3350 train_time:5838.086s step_avg:2465.41ms
step:2369/3350 train_time:5841.193s step_avg:2465.68ms
step:2370/3350 train_time:5843.028s step_avg:2465.41ms
step:2371/3350 train_time:5846.127s step_avg:2465.68ms
step:2372/3350 train_time:5847.960s step_avg:2465.41ms
step:2373/3350 train_time:5851.066s step_avg:2465.68ms
step:2374/3350 train_time:5852.901s step_avg:2465.42ms
step:2375/3350 train_time:5856.369s step_avg:2465.84ms
step:2375/3350 val_loss:3.37840 train_time:5856.369s step_avg:2584.84ms
step:2376/3350 train_time:5858.198s step_avg:2465.57ms
step:2377/3350 train_time:5861.305s step_avg:2465.84ms
step:2378/3350 train_time:5863.151s step_avg:2465.58ms
step:2379/3350 train_time:5866.272s step_avg:2465.86ms
step:2380/3350 train_time:5868.097s step_avg:2465.59ms
step:2381/3350 train_time:5871.222s step_avg:2465.86ms
step:2382/3350 train_time:5873.055s step_avg:2465.60ms
step:2383/3350 train_time:5876.174s step_avg:2465.87ms
step:2384/3350 train_time:5878.005s step_avg:2465.61ms
step:2385/3350 train_time:5881.127s step_avg:2465.88ms
step:2386/3350 train_time:5882.959s step_avg:2465.62ms
step:2387/3350 train_time:5886.062s step_avg:2465.88ms
step:2388/3350 train_time:5887.906s step_avg:2465.62ms
step:2389/3350 train_time:5891.013s step_avg:2465.89ms
step:2390/3350 train_time:5892.839s step_avg:2465.62ms
step:2391/3350 train_time:5895.940s step_avg:2465.89ms
step:2392/3350 train_time:5897.785s step_avg:2465.63ms
step:2393/3350 train_time:5900.890s step_avg:2465.90ms
step:2394/3350 train_time:5902.735s step_avg:2465.64ms
step:2395/3350 train_time:5905.837s step_avg:2465.90ms
step:2396/3350 train_time:5907.683s step_avg:2465.64ms
step:2397/3350 train_time:5910.802s step_avg:2465.92ms
step:2398/3350 train_time:5912.645s step_avg:2465.66ms
step:2399/3350 train_time:5915.745s step_avg:2465.92ms
step:2400/3350 train_time:5917.892s step_avg:2465.79ms
step:2401/3350 train_time:5921.007s step_avg:2466.06ms
step:2402/3350 train_time:5922.833s step_avg:2465.79ms
step:2403/3350 train_time:5925.945s step_avg:2466.06ms
step:2404/3350 train_time:5927.778s step_avg:2465.80ms
step:2405/3350 train_time:5930.882s step_avg:2466.06ms
step:2406/3350 train_time:5932.715s step_avg:2465.80ms
step:2407/3350 train_time:5935.814s step_avg:2466.06ms
step:2408/3350 train_time:5937.642s step_avg:2465.80ms
step:2409/3350 train_time:5940.764s step_avg:2466.07ms
step:2410/3350 train_time:5942.608s step_avg:2465.81ms
step:2411/3350 train_time:5945.733s step_avg:2466.09ms
step:2412/3350 train_time:5947.565s step_avg:2465.82ms
step:2413/3350 train_time:5950.668s step_avg:2466.09ms
step:2414/3350 train_time:5952.501s step_avg:2465.82ms
step:2415/3350 train_time:5955.619s step_avg:2466.09ms
step:2416/3350 train_time:5957.471s step_avg:2465.84ms
step:2417/3350 train_time:5960.575s step_avg:2466.10ms
step:2418/3350 train_time:5962.403s step_avg:2465.84ms
step:2419/3350 train_time:5965.510s step_avg:2466.11ms
step:2420/3350 train_time:5967.345s step_avg:2465.85ms
step:2421/3350 train_time:5970.448s step_avg:2466.11ms
step:2422/3350 train_time:5972.282s step_avg:2465.85ms
step:2423/3350 train_time:5975.382s step_avg:2466.11ms
step:2424/3350 train_time:5977.214s step_avg:2465.85ms
step:2425/3350 train_time:5980.607s step_avg:2466.23ms
step:2426/3350 train_time:5982.452s step_avg:2465.97ms
step:2427/3350 train_time:5985.556s step_avg:2466.24ms
step:2428/3350 train_time:5987.403s step_avg:2465.98ms
step:2429/3350 train_time:5990.509s step_avg:2466.24ms
step:2430/3350 train_time:5992.352s step_avg:2465.99ms
step:2431/3350 train_time:5995.468s step_avg:2466.26ms
step:2432/3350 train_time:5997.301s step_avg:2466.00ms
step:2433/3350 train_time:6000.408s step_avg:2466.26ms
step:2434/3350 train_time:6002.240s step_avg:2466.00ms
step:2435/3350 train_time:6005.361s step_avg:2466.27ms
step:2436/3350 train_time:6007.205s step_avg:2466.01ms
step:2437/3350 train_time:6010.310s step_avg:2466.27ms
step:2438/3350 train_time:6012.154s step_avg:2466.02ms
step:2439/3350 train_time:6015.257s step_avg:2466.28ms
step:2440/3350 train_time:6017.089s step_avg:2466.02ms
step:2441/3350 train_time:6020.208s step_avg:2466.29ms
step:2442/3350 train_time:6022.035s step_avg:2466.03ms
step:2443/3350 train_time:6025.152s step_avg:2466.29ms
step:2444/3350 train_time:6027.000s step_avg:2466.04ms
step:2445/3350 train_time:6030.116s step_avg:2466.31ms
step:2446/3350 train_time:6031.948s step_avg:2466.05ms
step:2447/3350 train_time:6035.050s step_avg:2466.31ms
step:2448/3350 train_time:6036.876s step_avg:2466.04ms
step:2449/3350 train_time:6039.984s step_avg:2466.31ms
step:2450/3350 train_time:6042.108s step_avg:2466.17ms
step:2451/3350 train_time:6045.224s step_avg:2466.43ms
step:2452/3350 train_time:6047.056s step_avg:2466.17ms
step:2453/3350 train_time:6050.156s step_avg:2466.43ms
step:2454/3350 train_time:6052.001s step_avg:2466.18ms
step:2455/3350 train_time:6055.109s step_avg:2466.44ms
step:2456/3350 train_time:6056.934s step_avg:2466.18ms
step:2457/3350 train_time:6060.036s step_avg:2466.44ms
step:2458/3350 train_time:6061.881s step_avg:2466.18ms
step:2459/3350 train_time:6064.995s step_avg:2466.45ms
step:2460/3350 train_time:6066.828s step_avg:2466.19ms
step:2461/3350 train_time:6069.945s step_avg:2466.45ms
step:2462/3350 train_time:6071.792s step_avg:2466.20ms
step:2463/3350 train_time:6074.908s step_avg:2466.47ms
step:2464/3350 train_time:6076.739s step_avg:2466.21ms
step:2465/3350 train_time:6079.842s step_avg:2466.47ms
step:2466/3350 train_time:6081.669s step_avg:2466.21ms
step:2467/3350 train_time:6084.767s step_avg:2466.46ms
step:2468/3350 train_time:6086.613s step_avg:2466.21ms
step:2469/3350 train_time:6089.717s step_avg:2466.47ms
step:2470/3350 train_time:6091.566s step_avg:2466.22ms
step:2471/3350 train_time:6094.713s step_avg:2466.50ms
step:2472/3350 train_time:6096.548s step_avg:2466.24ms
step:2473/3350 train_time:6099.660s step_avg:2466.50ms
step:2474/3350 train_time:6101.494s step_avg:2466.25ms
step:2475/3350 train_time:6104.912s step_avg:2466.63ms
step:2476/3350 train_time:6106.758s step_avg:2466.38ms
step:2477/3350 train_time:6109.861s step_avg:2466.64ms
step:2478/3350 train_time:6111.696s step_avg:2466.38ms
step:2479/3350 train_time:6114.796s step_avg:2466.64ms
step:2480/3350 train_time:6116.630s step_avg:2466.38ms
step:2481/3350 train_time:6119.735s step_avg:2466.64ms
step:2482/3350 train_time:6121.571s step_avg:2466.39ms
step:2483/3350 train_time:6124.677s step_avg:2466.64ms
step:2484/3350 train_time:6126.508s step_avg:2466.39ms
step:2485/3350 train_time:6129.626s step_avg:2466.65ms
step:2486/3350 train_time:6131.471s step_avg:2466.40ms
step:2487/3350 train_time:6134.587s step_avg:2466.66ms
step:2488/3350 train_time:6136.416s step_avg:2466.40ms
step:2489/3350 train_time:6139.522s step_avg:2466.66ms
step:2490/3350 train_time:6141.357s step_avg:2466.41ms
step:2491/3350 train_time:6144.459s step_avg:2466.66ms
step:2492/3350 train_time:6146.291s step_avg:2466.41ms
step:2493/3350 train_time:6149.395s step_avg:2466.66ms
step:2494/3350 train_time:6151.228s step_avg:2466.41ms
step:2495/3350 train_time:6154.331s step_avg:2466.67ms
step:2496/3350 train_time:6156.163s step_avg:2466.41ms
step:2497/3350 train_time:6159.266s step_avg:2466.67ms
step:2498/3350 train_time:6161.097s step_avg:2466.41ms
step:2499/3350 train_time:6164.218s step_avg:2466.67ms
step:2500/3350 train_time:6166.416s step_avg:2466.57ms
step:2500/3350 val_loss:3.36251 train_time:6166.417s step_avg:2480.38ms
step:2501/3350 train_time:6169.512s step_avg:2466.82ms
step:2502/3350 train_time:6171.346s step_avg:2466.57ms
step:2503/3350 train_time:6174.448s step_avg:2466.82ms
step:2504/3350 train_time:6176.293s step_avg:2466.57ms
step:2505/3350 train_time:6179.399s step_avg:2466.83ms
step:2506/3350 train_time:6181.226s step_avg:2466.57ms
step:2507/3350 train_time:6184.348s step_avg:2466.83ms
step:2508/3350 train_time:6186.176s step_avg:2466.58ms
step:2509/3350 train_time:6189.283s step_avg:2466.83ms
step:2510/3350 train_time:6191.129s step_avg:2466.59ms
step:2511/3350 train_time:6194.232s step_avg:2466.84ms
step:2512/3350 train_time:6196.079s step_avg:2466.59ms
step:2513/3350 train_time:6199.183s step_avg:2466.85ms
step:2514/3350 train_time:6201.015s step_avg:2466.59ms
step:2515/3350 train_time:6204.115s step_avg:2466.84ms
step:2516/3350 train_time:6205.946s step_avg:2466.59ms
step:2517/3350 train_time:6209.069s step_avg:2466.85ms
step:2518/3350 train_time:6210.913s step_avg:2466.61ms
step:2519/3350 train_time:6214.015s step_avg:2466.86ms
step:2520/3350 train_time:6215.848s step_avg:2466.61ms
step:2521/3350 train_time:6218.970s step_avg:2466.87ms
step:2522/3350 train_time:6220.797s step_avg:2466.61ms
step:2523/3350 train_time:6223.903s step_avg:2466.87ms
step:2524/3350 train_time:6225.731s step_avg:2466.61ms
step:2525/3350 train_time:6229.126s step_avg:2466.98ms
step:2526/3350 train_time:6230.953s step_avg:2466.73ms
step:2527/3350 train_time:6234.079s step_avg:2466.99ms
step:2528/3350 train_time:6235.910s step_avg:2466.74ms
step:2529/3350 train_time:6239.018s step_avg:2466.99ms
step:2530/3350 train_time:6240.863s step_avg:2466.74ms
step:2531/3350 train_time:6243.969s step_avg:2467.00ms
step:2532/3350 train_time:6245.802s step_avg:2466.75ms
step:2533/3350 train_time:6248.914s step_avg:2467.00ms
step:2534/3350 train_time:6250.742s step_avg:2466.75ms
step:2535/3350 train_time:6253.867s step_avg:2467.01ms
step:2536/3350 train_time:6255.710s step_avg:2466.76ms
step:2537/3350 train_time:6258.831s step_avg:2467.02ms
step:2538/3350 train_time:6260.664s step_avg:2466.77ms
step:2539/3350 train_time:6263.769s step_avg:2467.02ms
step:2540/3350 train_time:6265.595s step_avg:2466.77ms
step:2541/3350 train_time:6268.706s step_avg:2467.02ms
step:2542/3350 train_time:6270.549s step_avg:2466.78ms
step:2543/3350 train_time:6273.669s step_avg:2467.03ms
step:2544/3350 train_time:6275.515s step_avg:2466.79ms
step:2545/3350 train_time:6278.629s step_avg:2467.04ms
step:2546/3350 train_time:6280.477s step_avg:2466.80ms
step:2547/3350 train_time:6283.583s step_avg:2467.05ms
step:2548/3350 train_time:6285.426s step_avg:2466.81ms
step:2549/3350 train_time:6288.529s step_avg:2467.06ms
step:2550/3350 train_time:6290.651s step_avg:2466.92ms
step:2551/3350 train_time:6293.762s step_avg:2467.17ms
step:2552/3350 train_time:6295.589s step_avg:2466.92ms
step:2553/3350 train_time:6298.716s step_avg:2467.18ms
step:2554/3350 train_time:6300.548s step_avg:2466.93ms
step:2555/3350 train_time:6303.672s step_avg:2467.19ms
step:2556/3350 train_time:6305.504s step_avg:2466.94ms
step:2557/3350 train_time:6308.611s step_avg:2467.19ms
step:2558/3350 train_time:6310.444s step_avg:2466.94ms
step:2559/3350 train_time:6313.541s step_avg:2467.19ms
step:2560/3350 train_time:6315.374s step_avg:2466.94ms
step:2561/3350 train_time:6318.481s step_avg:2467.19ms
step:2562/3350 train_time:6320.332s step_avg:2466.95ms
step:2563/3350 train_time:6323.460s step_avg:2467.21ms
step:2564/3350 train_time:6325.293s step_avg:2466.96ms
step:2565/3350 train_time:6328.394s step_avg:2467.21ms
step:2566/3350 train_time:6330.227s step_avg:2466.96ms
step:2567/3350 train_time:6333.332s step_avg:2467.21ms
step:2568/3350 train_time:6335.180s step_avg:2466.97ms
step:2569/3350 train_time:6338.311s step_avg:2467.23ms
step:2570/3350 train_time:6340.138s step_avg:2466.98ms
step:2571/3350 train_time:6343.261s step_avg:2467.24ms
step:2572/3350 train_time:6345.092s step_avg:2466.99ms
step:2573/3350 train_time:6348.194s step_avg:2467.23ms
step:2574/3350 train_time:6350.021s step_avg:2466.99ms
step:2575/3350 train_time:6353.416s step_avg:2467.35ms
step:2576/3350 train_time:6355.250s step_avg:2467.10ms
step:2577/3350 train_time:6358.356s step_avg:2467.35ms
step:2578/3350 train_time:6360.201s step_avg:2467.11ms
step:2579/3350 train_time:6363.306s step_avg:2467.35ms
step:2580/3350 train_time:6365.139s step_avg:2467.11ms
step:2581/3350 train_time:6368.253s step_avg:2467.36ms
step:2582/3350 train_time:6370.080s step_avg:2467.11ms
step:2583/3350 train_time:6373.183s step_avg:2467.36ms
step:2584/3350 train_time:6375.010s step_avg:2467.11ms
step:2585/3350 train_time:6378.140s step_avg:2467.37ms
step:2586/3350 train_time:6379.975s step_avg:2467.12ms
step:2587/3350 train_time:6383.088s step_avg:2467.37ms
step:2588/3350 train_time:6384.915s step_avg:2467.12ms
step:2589/3350 train_time:6388.019s step_avg:2467.37ms
step:2590/3350 train_time:6389.862s step_avg:2467.13ms
step:2591/3350 train_time:6392.970s step_avg:2467.38ms
step:2592/3350 train_time:6394.800s step_avg:2467.13ms
step:2593/3350 train_time:6397.916s step_avg:2467.38ms
step:2594/3350 train_time:6399.758s step_avg:2467.14ms
step:2595/3350 train_time:6402.864s step_avg:2467.38ms
step:2596/3350 train_time:6404.707s step_avg:2467.14ms
step:2597/3350 train_time:6407.831s step_avg:2467.40ms
step:2598/3350 train_time:6409.678s step_avg:2467.16ms
step:2599/3350 train_time:6412.778s step_avg:2467.40ms
step:2600/3350 train_time:6414.934s step_avg:2467.28ms
step:2601/3350 train_time:6418.043s step_avg:2467.53ms
step:2602/3350 train_time:6419.878s step_avg:2467.29ms
step:2603/3350 train_time:6422.977s step_avg:2467.53ms
step:2604/3350 train_time:6424.820s step_avg:2467.29ms
step:2605/3350 train_time:6427.936s step_avg:2467.54ms
step:2606/3350 train_time:6429.781s step_avg:2467.30ms
step:2607/3350 train_time:6432.880s step_avg:2467.54ms
step:2608/3350 train_time:6434.705s step_avg:2467.29ms
step:2609/3350 train_time:6437.807s step_avg:2467.54ms
step:2610/3350 train_time:6439.655s step_avg:2467.30ms
step:2611/3350 train_time:6442.758s step_avg:2467.54ms
step:2612/3350 train_time:6444.590s step_avg:2467.30ms
step:2613/3350 train_time:6447.709s step_avg:2467.55ms
step:2614/3350 train_time:6449.540s step_avg:2467.31ms
step:2615/3350 train_time:6452.664s step_avg:2467.56ms
step:2616/3350 train_time:6454.493s step_avg:2467.31ms
step:2617/3350 train_time:6457.599s step_avg:2467.56ms
step:2618/3350 train_time:6459.429s step_avg:2467.31ms
step:2619/3350 train_time:6462.539s step_avg:2467.56ms
step:2620/3350 train_time:6464.387s step_avg:2467.32ms
step:2621/3350 train_time:6467.504s step_avg:2467.57ms
step:2622/3350 train_time:6469.350s step_avg:2467.33ms
step:2623/3350 train_time:6472.474s step_avg:2467.58ms
step:2624/3350 train_time:6474.323s step_avg:2467.35ms
step:2625/3350 train_time:6477.799s step_avg:2467.73ms
step:2625/3350 val_loss:3.34493 train_time:6477.799s step_avg:2491.06ms
step:2626/3350 train_time:6479.641s step_avg:2467.49ms
step:2627/3350 train_time:6482.748s step_avg:2467.74ms
step:2628/3350 train_time:6484.599s step_avg:2467.50ms
step:2629/3350 train_time:6487.721s step_avg:2467.75ms
step:2630/3350 train_time:6489.556s step_avg:2467.51ms
step:2631/3350 train_time:6492.681s step_avg:2467.76ms
step:2632/3350 train_time:6494.516s step_avg:2467.52ms
step:2633/3350 train_time:6497.625s step_avg:2467.76ms
step:2634/3350 train_time:6499.473s step_avg:2467.53ms
step:2635/3350 train_time:6502.581s step_avg:2467.77ms
step:2636/3350 train_time:6504.411s step_avg:2467.53ms
step:2637/3350 train_time:6507.538s step_avg:2467.78ms
step:2638/3350 train_time:6509.385s step_avg:2467.55ms
step:2639/3350 train_time:6512.487s step_avg:2467.79ms
step:2640/3350 train_time:6514.321s step_avg:2467.55ms
step:2641/3350 train_time:6517.426s step_avg:2467.79ms
step:2642/3350 train_time:6519.253s step_avg:2467.54ms
step:2643/3350 train_time:6522.360s step_avg:2467.79ms
step:2644/3350 train_time:6524.190s step_avg:2467.55ms
step:2645/3350 train_time:6527.303s step_avg:2467.79ms
step:2646/3350 train_time:6529.137s step_avg:2467.55ms
step:2647/3350 train_time:6532.258s step_avg:2467.80ms
step:2648/3350 train_time:6534.102s step_avg:2467.56ms
step:2649/3350 train_time:6537.222s step_avg:2467.81ms
step:2650/3350 train_time:6539.347s step_avg:2467.68ms
step:2651/3350 train_time:6542.468s step_avg:2467.92ms
step:2652/3350 train_time:6544.315s step_avg:2467.69ms
step:2653/3350 train_time:6547.440s step_avg:2467.94ms
step:2654/3350 train_time:6549.274s step_avg:2467.70ms
step:2655/3350 train_time:6552.396s step_avg:2467.95ms
step:2656/3350 train_time:6554.242s step_avg:2467.71ms
step:2657/3350 train_time:6557.365s step_avg:2467.96ms
step:2658/3350 train_time:6559.211s step_avg:2467.72ms
step:2659/3350 train_time:6562.314s step_avg:2467.96ms
step:2660/3350 train_time:6564.140s step_avg:2467.72ms
step:2661/3350 train_time:6567.288s step_avg:2467.98ms
step:2662/3350 train_time:6569.122s step_avg:2467.74ms
step:2663/3350 train_time:6572.238s step_avg:2467.98ms
step:2664/3350 train_time:6574.072s step_avg:2467.74ms
step:2665/3350 train_time:6577.193s step_avg:2467.99ms
step:2666/3350 train_time:6579.040s step_avg:2467.76ms
step:2667/3350 train_time:6582.147s step_avg:2468.00ms
step:2668/3350 train_time:6583.980s step_avg:2467.76ms
step:2669/3350 train_time:6587.109s step_avg:2468.01ms
step:2670/3350 train_time:6588.955s step_avg:2467.77ms
step:2671/3350 train_time:6592.077s step_avg:2468.02ms
step:2672/3350 train_time:6593.924s step_avg:2467.79ms
step:2673/3350 train_time:6597.029s step_avg:2468.02ms
step:2674/3350 train_time:6598.863s step_avg:2467.79ms
step:2675/3350 train_time:6602.276s step_avg:2468.14ms
step:2676/3350 train_time:6604.121s step_avg:2467.91ms
step:2677/3350 train_time:6607.232s step_avg:2468.15ms
step:2678/3350 train_time:6609.061s step_avg:2467.91ms
step:2679/3350 train_time:6612.163s step_avg:2468.15ms
step:2680/3350 train_time:6613.992s step_avg:2467.91ms
step:2681/3350 train_time:6617.115s step_avg:2468.15ms
step:2682/3350 train_time:6618.959s step_avg:2467.92ms
step:2683/3350 train_time:6622.076s step_avg:2468.16ms
step:2684/3350 train_time:6623.922s step_avg:2467.93ms
step:2685/3350 train_time:6627.029s step_avg:2468.17ms
step:2686/3350 train_time:6628.861s step_avg:2467.93ms
step:2687/3350 train_time:6631.981s step_avg:2468.17ms
step:2688/3350 train_time:6633.813s step_avg:2467.94ms
step:2689/3350 train_time:6636.918s step_avg:2468.17ms
step:2690/3350 train_time:6638.765s step_avg:2467.94ms
step:2691/3350 train_time:6641.870s step_avg:2468.18ms
step:2692/3350 train_time:6643.714s step_avg:2467.95ms
step:2693/3350 train_time:6646.831s step_avg:2468.19ms
step:2694/3350 train_time:6648.662s step_avg:2467.95ms
step:2695/3350 train_time:6651.768s step_avg:2468.19ms
step:2696/3350 train_time:6653.612s step_avg:2467.96ms
step:2697/3350 train_time:6656.718s step_avg:2468.19ms
step:2698/3350 train_time:6658.545s step_avg:2467.96ms
step:2699/3350 train_time:6661.667s step_avg:2468.20ms
step:2700/3350 train_time:6663.799s step_avg:2468.07ms
step:2701/3350 train_time:6666.895s step_avg:2468.31ms
step:2702/3350 train_time:6668.727s step_avg:2468.07ms
step:2703/3350 train_time:6671.853s step_avg:2468.31ms
step:2704/3350 train_time:6673.696s step_avg:2468.08ms
step:2705/3350 train_time:6676.821s step_avg:2468.33ms
step:2706/3350 train_time:6678.665s step_avg:2468.10ms
step:2707/3350 train_time:6681.783s step_avg:2468.34ms
step:2708/3350 train_time:6683.631s step_avg:2468.11ms
step:2709/3350 train_time:6686.741s step_avg:2468.34ms
step:2710/3350 train_time:6688.591s step_avg:2468.11ms
step:2711/3350 train_time:6691.701s step_avg:2468.35ms
step:2712/3350 train_time:6693.535s step_avg:2468.12ms
step:2713/3350 train_time:6696.659s step_avg:2468.36ms
step:2714/3350 train_time:6698.508s step_avg:2468.13ms
step:2715/3350 train_time:6701.617s step_avg:2468.37ms
step:2716/3350 train_time:6703.451s step_avg:2468.13ms
step:2717/3350 train_time:6706.549s step_avg:2468.37ms
step:2718/3350 train_time:6708.385s step_avg:2468.13ms
step:2719/3350 train_time:6711.495s step_avg:2468.37ms
step:2720/3350 train_time:6713.323s step_avg:2468.13ms
step:2721/3350 train_time:6716.443s step_avg:2468.37ms
step:2722/3350 train_time:6718.274s step_avg:2468.14ms
step:2723/3350 train_time:6721.375s step_avg:2468.37ms
step:2724/3350 train_time:6723.202s step_avg:2468.14ms
step:2725/3350 train_time:6726.606s step_avg:2468.48ms
step:2726/3350 train_time:6728.456s step_avg:2468.25ms
step:2727/3350 train_time:6731.563s step_avg:2468.49ms
step:2728/3350 train_time:6733.408s step_avg:2468.26ms
step:2729/3350 train_time:6736.516s step_avg:2468.49ms
step:2730/3350 train_time:6738.344s step_avg:2468.26ms
step:2731/3350 train_time:6741.452s step_avg:2468.49ms
step:2732/3350 train_time:6743.282s step_avg:2468.26ms
step:2733/3350 train_time:6746.389s step_avg:2468.49ms
step:2734/3350 train_time:6748.235s step_avg:2468.26ms
step:2735/3350 train_time:6751.357s step_avg:2468.50ms
step:2736/3350 train_time:6753.210s step_avg:2468.28ms
step:2737/3350 train_time:6756.315s step_avg:2468.51ms
step:2738/3350 train_time:6758.149s step_avg:2468.28ms
step:2739/3350 train_time:6761.272s step_avg:2468.52ms
step:2740/3350 train_time:6763.102s step_avg:2468.29ms
step:2741/3350 train_time:6766.208s step_avg:2468.52ms
step:2742/3350 train_time:6768.037s step_avg:2468.28ms
step:2743/3350 train_time:6771.139s step_avg:2468.52ms
step:2744/3350 train_time:6772.971s step_avg:2468.28ms
step:2745/3350 train_time:6776.082s step_avg:2468.52ms
step:2746/3350 train_time:6777.917s step_avg:2468.29ms
step:2747/3350 train_time:6781.020s step_avg:2468.52ms
step:2748/3350 train_time:6782.866s step_avg:2468.29ms
step:2749/3350 train_time:6785.980s step_avg:2468.53ms
step:2750/3350 train_time:6788.184s step_avg:2468.43ms
step:2750/3350 val_loss:3.32833 train_time:6788.185s step_avg:2483.09ms
step:2751/3350 train_time:6791.285s step_avg:2468.66ms
step:2752/3350 train_time:6793.120s step_avg:2468.43ms
step:2753/3350 train_time:6796.239s step_avg:2468.67ms
step:2754/3350 train_time:6798.085s step_avg:2468.44ms
step:2755/3350 train_time:6801.218s step_avg:2468.68ms
step:2756/3350 train_time:6803.065s step_avg:2468.46ms
step:2757/3350 train_time:6806.175s step_avg:2468.69ms
step:2758/3350 train_time:6808.012s step_avg:2468.46ms
step:2759/3350 train_time:6811.128s step_avg:2468.69ms
step:2760/3350 train_time:6812.973s step_avg:2468.47ms
step:2761/3350 train_time:6816.095s step_avg:2468.71ms
step:2762/3350 train_time:6817.942s step_avg:2468.48ms
step:2763/3350 train_time:6821.041s step_avg:2468.71ms
step:2764/3350 train_time:6822.869s step_avg:2468.48ms
step:2765/3350 train_time:6825.992s step_avg:2468.71ms
step:2766/3350 train_time:6827.827s step_avg:2468.48ms
step:2767/3350 train_time:6830.939s step_avg:2468.72ms
step:2768/3350 train_time:6832.774s step_avg:2468.49ms
step:2769/3350 train_time:6835.893s step_avg:2468.72ms
step:2770/3350 train_time:6837.727s step_avg:2468.49ms
step:2771/3350 train_time:6840.827s step_avg:2468.72ms
step:2772/3350 train_time:6842.662s step_avg:2468.49ms
step:2773/3350 train_time:6845.766s step_avg:2468.72ms
step:2774/3350 train_time:6847.600s step_avg:2468.49ms
step:2775/3350 train_time:6851.005s step_avg:2468.83ms
step:2776/3350 train_time:6852.839s step_avg:2468.60ms
step:2777/3350 train_time:6855.953s step_avg:2468.83ms
step:2778/3350 train_time:6857.799s step_avg:2468.61ms
step:2779/3350 train_time:6860.898s step_avg:2468.84ms
step:2780/3350 train_time:6862.744s step_avg:2468.61ms
step:2781/3350 train_time:6865.859s step_avg:2468.85ms
step:2782/3350 train_time:6867.687s step_avg:2468.62ms
step:2783/3350 train_time:6870.794s step_avg:2468.84ms
step:2784/3350 train_time:6872.626s step_avg:2468.62ms
step:2785/3350 train_time:6875.728s step_avg:2468.84ms
step:2786/3350 train_time:6877.559s step_avg:2468.61ms
step:2787/3350 train_time:6880.660s step_avg:2468.84ms
step:2788/3350 train_time:6882.495s step_avg:2468.61ms
step:2789/3350 train_time:6885.594s step_avg:2468.84ms
step:2790/3350 train_time:6887.427s step_avg:2468.61ms
step:2791/3350 train_time:6890.531s step_avg:2468.84ms
step:2792/3350 train_time:6892.379s step_avg:2468.62ms
step:2793/3350 train_time:6895.490s step_avg:2468.85ms
step:2794/3350 train_time:6897.337s step_avg:2468.62ms
step:2795/3350 train_time:6900.446s step_avg:2468.85ms
step:2796/3350 train_time:6902.272s step_avg:2468.62ms
step:2797/3350 train_time:6905.378s step_avg:2468.85ms
step:2798/3350 train_time:6907.212s step_avg:2468.62ms
step:2799/3350 train_time:6910.329s step_avg:2468.86ms
step:2800/3350 train_time:6912.464s step_avg:2468.74ms
step:2801/3350 train_time:6915.562s step_avg:2468.96ms
step:2802/3350 train_time:6917.395s step_avg:2468.73ms
step:2803/3350 train_time:6920.510s step_avg:2468.97ms
step:2804/3350 train_time:6922.343s step_avg:2468.74ms
step:2805/3350 train_time:6925.448s step_avg:2468.97ms
step:2806/3350 train_time:6927.279s step_avg:2468.74ms
step:2807/3350 train_time:6930.401s step_avg:2468.97ms
step:2808/3350 train_time:6932.248s step_avg:2468.75ms
step:2809/3350 train_time:6935.355s step_avg:2468.98ms
step:2810/3350 train_time:6937.188s step_avg:2468.75ms
step:2811/3350 train_time:6940.296s step_avg:2468.98ms
step:2812/3350 train_time:6942.127s step_avg:2468.75ms
step:2813/3350 train_time:6945.251s step_avg:2468.98ms
step:2814/3350 train_time:6947.079s step_avg:2468.76ms
step:2815/3350 train_time:6950.201s step_avg:2468.99ms
step:2816/3350 train_time:6952.045s step_avg:2468.77ms
step:2817/3350 train_time:6955.160s step_avg:2469.00ms
step:2818/3350 train_time:6956.989s step_avg:2468.77ms
step:2819/3350 train_time:6960.096s step_avg:2468.99ms
step:2820/3350 train_time:6961.941s step_avg:2468.77ms
step:2821/3350 train_time:6965.043s step_avg:2469.00ms
step:2822/3350 train_time:6966.876s step_avg:2468.77ms
step:2823/3350 train_time:6969.984s step_avg:2469.00ms
step:2824/3350 train_time:6971.813s step_avg:2468.77ms
step:2825/3350 train_time:6975.228s step_avg:2469.11ms
step:2826/3350 train_time:6977.053s step_avg:2468.88ms
step:2827/3350 train_time:6980.176s step_avg:2469.11ms
step:2828/3350 train_time:6982.020s step_avg:2468.89ms
step:2829/3350 train_time:6985.119s step_avg:2469.11ms
step:2830/3350 train_time:6986.945s step_avg:2468.89ms
step:2831/3350 train_time:6990.060s step_avg:2469.11ms
step:2832/3350 train_time:6991.892s step_avg:2468.89ms
step:2833/3350 train_time:6994.993s step_avg:2469.11ms
step:2834/3350 train_time:6996.841s step_avg:2468.89ms
step:2835/3350 train_time:6999.948s step_avg:2469.12ms
step:2836/3350 train_time:7001.794s step_avg:2468.90ms
step:2837/3350 train_time:7004.918s step_avg:2469.13ms
step:2838/3350 train_time:7006.763s step_avg:2468.91ms
step:2839/3350 train_time:7009.879s step_avg:2469.14ms
step:2840/3350 train_time:7011.723s step_avg:2468.92ms
step:2841/3350 train_time:7014.851s step_avg:2469.15ms
step:2842/3350 train_time:7016.685s step_avg:2468.92ms
step:2843/3350 train_time:7019.799s step_avg:2469.15ms
step:2844/3350 train_time:7021.644s step_avg:2468.93ms
step:2845/3350 train_time:7024.749s step_avg:2469.16ms
step:2846/3350 train_time:7026.598s step_avg:2468.94ms
step:2847/3350 train_time:7029.715s step_avg:2469.17ms
step:2848/3350 train_time:7031.562s step_avg:2468.95ms
step:2849/3350 train_time:7034.712s step_avg:2469.19ms
step:2850/3350 train_time:7036.886s step_avg:2469.08ms
step:2851/3350 train_time:7040.074s step_avg:2469.33ms
step:2852/3350 train_time:7041.957s step_avg:2469.13ms
step:2853/3350 train_time:7045.096s step_avg:2469.36ms
step:2854/3350 train_time:7046.965s step_avg:2469.15ms
step:2855/3350 train_time:7050.103s step_avg:2469.39ms
step:2856/3350 train_time:7051.973s step_avg:2469.18ms
step:2857/3350 train_time:7055.122s step_avg:2469.42ms
step:2858/3350 train_time:7057.000s step_avg:2469.21ms
step:2859/3350 train_time:7060.152s step_avg:2469.45ms
step:2860/3350 train_time:7062.019s step_avg:2469.24ms
step:2861/3350 train_time:7065.172s step_avg:2469.48ms
step:2862/3350 train_time:7067.048s step_avg:2469.27ms
step:2863/3350 train_time:7070.200s step_avg:2469.51ms
step:2864/3350 train_time:7072.086s step_avg:2469.30ms
step:2865/3350 train_time:7075.233s step_avg:2469.54ms
step:2866/3350 train_time:7077.106s step_avg:2469.33ms
step:2867/3350 train_time:7080.265s step_avg:2469.57ms
step:2868/3350 train_time:7082.134s step_avg:2469.36ms
step:2869/3350 train_time:7085.289s step_avg:2469.60ms
step:2870/3350 train_time:7087.160s step_avg:2469.39ms
step:2871/3350 train_time:7090.302s step_avg:2469.63ms
step:2872/3350 train_time:7092.175s step_avg:2469.42ms
step:2873/3350 train_time:7095.320s step_avg:2469.66ms
step:2874/3350 train_time:7097.188s step_avg:2469.45ms
step:2875/3350 train_time:7100.681s step_avg:2469.80ms
step:2875/3350 val_loss:3.31287 train_time:7100.682s step_avg:2499.98ms
step:2876/3350 train_time:7102.566s step_avg:2469.60ms
step:2877/3350 train_time:7105.719s step_avg:2469.84ms
step:2878/3350 train_time:7107.584s step_avg:2469.63ms
step:2879/3350 train_time:7110.738s step_avg:2469.86ms
step:2880/3350 train_time:7112.622s step_avg:2469.66ms
step:2881/3350 train_time:7115.775s step_avg:2469.90ms
step:2882/3350 train_time:7117.657s step_avg:2469.69ms
step:2883/3350 train_time:7120.814s step_avg:2469.93ms
step:2884/3350 train_time:7122.691s step_avg:2469.73ms
step:2885/3350 train_time:7125.852s step_avg:2469.97ms
step:2886/3350 train_time:7127.731s step_avg:2469.76ms
step:2887/3350 train_time:7130.877s step_avg:2470.00ms
step:2888/3350 train_time:7132.747s step_avg:2469.79ms
step:2889/3350 train_time:7135.913s step_avg:2470.03ms
step:2890/3350 train_time:7137.796s step_avg:2469.83ms
step:2891/3350 train_time:7140.945s step_avg:2470.06ms
step:2892/3350 train_time:7142.815s step_avg:2469.85ms
step:2893/3350 train_time:7145.966s step_avg:2470.09ms
step:2894/3350 train_time:7147.856s step_avg:2469.89ms
step:2895/3350 train_time:7151.013s step_avg:2470.13ms
step:2896/3350 train_time:7152.899s step_avg:2469.92ms
step:2897/3350 train_time:7156.057s step_avg:2470.16ms
step:2898/3350 train_time:7157.944s step_avg:2469.96ms
step:2899/3350 train_time:7161.103s step_avg:2470.20ms
step:2900/3350 train_time:7163.296s step_avg:2470.10ms
step:2901/3350 train_time:7166.432s step_avg:2470.33ms
step:2902/3350 train_time:7168.304s step_avg:2470.13ms
step:2903/3350 train_time:7171.457s step_avg:2470.36ms
step:2904/3350 train_time:7173.343s step_avg:2470.16ms
step:2905/3350 train_time:7176.495s step_avg:2470.39ms
step:2906/3350 train_time:7178.379s step_avg:2470.19ms
step:2907/3350 train_time:7181.531s step_avg:2470.43ms
step:2908/3350 train_time:7183.411s step_avg:2470.22ms
step:2909/3350 train_time:7186.562s step_avg:2470.46ms
step:2910/3350 train_time:7188.432s step_avg:2470.25ms
step:2911/3350 train_time:7191.585s step_avg:2470.49ms
step:2912/3350 train_time:7193.459s step_avg:2470.28ms
step:2913/3350 train_time:7196.602s step_avg:2470.51ms
step:2914/3350 train_time:7198.468s step_avg:2470.30ms
step:2915/3350 train_time:7201.619s step_avg:2470.54ms
step:2916/3350 train_time:7203.484s step_avg:2470.33ms
step:2917/3350 train_time:7206.628s step_avg:2470.56ms
step:2918/3350 train_time:7208.497s step_avg:2470.36ms
step:2919/3350 train_time:7211.637s step_avg:2470.58ms
step:2920/3350 train_time:7213.520s step_avg:2470.38ms
step:2921/3350 train_time:7216.667s step_avg:2470.62ms
step:2922/3350 train_time:7218.551s step_avg:2470.41ms
step:2923/3350 train_time:7221.708s step_avg:2470.65ms
step:2924/3350 train_time:7223.589s step_avg:2470.45ms
step:2925/3350 train_time:7227.019s step_avg:2470.78ms
step:2926/3350 train_time:7228.895s step_avg:2470.57ms
step:2927/3350 train_time:7232.040s step_avg:2470.80ms
step:2928/3350 train_time:7233.914s step_avg:2470.60ms
step:2929/3350 train_time:7237.059s step_avg:2470.83ms
step:2930/3350 train_time:7238.945s step_avg:2470.63ms
step:2931/3350 train_time:7242.088s step_avg:2470.86ms
step:2932/3350 train_time:7243.959s step_avg:2470.65ms
step:2933/3350 train_time:7247.114s step_avg:2470.89ms
step:2934/3350 train_time:7248.986s step_avg:2470.68ms
step:2935/3350 train_time:7252.135s step_avg:2470.91ms
step:2936/3350 train_time:7254.007s step_avg:2470.71ms
step:2937/3350 train_time:7257.160s step_avg:2470.94ms
step:2938/3350 train_time:7259.025s step_avg:2470.74ms
step:2939/3350 train_time:7262.170s step_avg:2470.97ms
step:2940/3350 train_time:7264.050s step_avg:2470.77ms
step:2941/3350 train_time:7267.199s step_avg:2471.00ms
step:2942/3350 train_time:7269.071s step_avg:2470.79ms
step:2943/3350 train_time:7272.213s step_avg:2471.02ms
step:2944/3350 train_time:7274.082s step_avg:2470.82ms
step:2945/3350 train_time:7277.237s step_avg:2471.05ms
step:2946/3350 train_time:7279.109s step_avg:2470.84ms
step:2947/3350 train_time:7282.266s step_avg:2471.08ms
step:2948/3350 train_time:7284.138s step_avg:2470.87ms
step:2949/3350 train_time:7287.286s step_avg:2471.10ms
step:2950/3350 train_time:7289.443s step_avg:2471.00ms
step:2951/3350 train_time:7292.581s step_avg:2471.22ms
step:2952/3350 train_time:7294.448s step_avg:2471.02ms
step:2953/3350 train_time:7297.594s step_avg:2471.25ms
step:2954/3350 train_time:7299.477s step_avg:2471.05ms
step:2955/3350 train_time:7302.616s step_avg:2471.27ms
step:2956/3350 train_time:7304.482s step_avg:2471.07ms
step:2957/3350 train_time:7307.619s step_avg:2471.29ms
step:2958/3350 train_time:7309.493s step_avg:2471.09ms
step:2959/3350 train_time:7312.644s step_avg:2471.32ms
step:2960/3350 train_time:7314.519s step_avg:2471.12ms
step:2961/3350 train_time:7317.674s step_avg:2471.35ms
step:2962/3350 train_time:7319.549s step_avg:2471.15ms
step:2963/3350 train_time:7322.695s step_avg:2471.38ms
step:2964/3350 train_time:7324.567s step_avg:2471.18ms
step:2965/3350 train_time:7327.720s step_avg:2471.41ms
step:2966/3350 train_time:7329.601s step_avg:2471.21ms
step:2967/3350 train_time:7332.745s step_avg:2471.43ms
step:2968/3350 train_time:7334.613s step_avg:2471.23ms
step:2969/3350 train_time:7337.750s step_avg:2471.46ms
step:2970/3350 train_time:7339.618s step_avg:2471.25ms
step:2971/3350 train_time:7342.770s step_avg:2471.48ms
step:2972/3350 train_time:7344.655s step_avg:2471.28ms
step:2973/3350 train_time:7347.795s step_avg:2471.51ms
step:2974/3350 train_time:7349.669s step_avg:2471.31ms
step:2975/3350 train_time:7353.107s step_avg:2471.63ms
step:2976/3350 train_time:7354.979s step_avg:2471.43ms
step:2977/3350 train_time:7358.120s step_avg:2471.66ms
step:2978/3350 train_time:7359.992s step_avg:2471.45ms
step:2979/3350 train_time:7363.135s step_avg:2471.68ms
step:2980/3350 train_time:7365.013s step_avg:2471.48ms
step:2981/3350 train_time:7368.152s step_avg:2471.70ms
step:2982/3350 train_time:7370.025s step_avg:2471.50ms
step:2983/3350 train_time:7373.173s step_avg:2471.73ms
step:2984/3350 train_time:7375.048s step_avg:2471.53ms
step:2985/3350 train_time:7378.203s step_avg:2471.76ms
step:2986/3350 train_time:7380.077s step_avg:2471.56ms
step:2987/3350 train_time:7383.221s step_avg:2471.78ms
step:2988/3350 train_time:7385.088s step_avg:2471.58ms
step:2989/3350 train_time:7388.238s step_avg:2471.81ms
step:2990/3350 train_time:7390.121s step_avg:2471.61ms
step:2991/3350 train_time:7393.270s step_avg:2471.84ms
step:2992/3350 train_time:7395.137s step_avg:2471.64ms
step:2993/3350 train_time:7398.286s step_avg:2471.86ms
step:2994/3350 train_time:7400.154s step_avg:2471.66ms
step:2995/3350 train_time:7403.308s step_avg:2471.89ms
step:2996/3350 train_time:7405.180s step_avg:2471.69ms
step:2997/3350 train_time:7408.318s step_avg:2471.91ms
step:2998/3350 train_time:7410.196s step_avg:2471.71ms
step:2999/3350 train_time:7413.340s step_avg:2471.94ms
step:3000/3350 train_time:7415.594s step_avg:2471.86ms
step:3000/3350 val_loss:3.29672 train_time:7415.595s step_avg:2519.30ms
step:3001/3350 train_time:7418.731s step_avg:2472.09ms
step:3002/3350 train_time:7420.601s step_avg:2471.89ms
step:3003/3350 train_time:7423.747s step_avg:2472.11ms
step:3004/3350 train_time:7425.617s step_avg:2471.91ms
step:3005/3350 train_time:7428.767s step_avg:2472.14ms
step:3006/3350 train_time:7430.634s step_avg:2471.93ms
step:3007/3350 train_time:7433.782s step_avg:2472.16ms
step:3008/3350 train_time:7435.661s step_avg:2471.96ms
step:3009/3350 train_time:7438.797s step_avg:2472.18ms
step:3010/3350 train_time:7440.677s step_avg:2471.99ms
step:3011/3350 train_time:7443.820s step_avg:2472.21ms
step:3012/3350 train_time:7445.685s step_avg:2472.01ms
step:3013/3350 train_time:7448.838s step_avg:2472.23ms
step:3014/3350 train_time:7450.717s step_avg:2472.04ms
step:3015/3350 train_time:7453.860s step_avg:2472.26ms
step:3016/3350 train_time:7455.742s step_avg:2472.06ms
step:3017/3350 train_time:7458.892s step_avg:2472.29ms
step:3018/3350 train_time:7460.775s step_avg:2472.09ms
step:3019/3350 train_time:7463.922s step_avg:2472.32ms
step:3020/3350 train_time:7465.803s step_avg:2472.12ms
step:3021/3350 train_time:7468.958s step_avg:2472.35ms
step:3022/3350 train_time:7470.823s step_avg:2472.15ms
step:3023/3350 train_time:7473.979s step_avg:2472.37ms
step:3024/3350 train_time:7475.857s step_avg:2472.18ms
step:3025/3350 train_time:7479.304s step_avg:2472.50ms
step:3025/3350 val_loss:3.29265 train_time:7479.304s step_avg:2548.39ms
step:3026/3350 train_time:7481.179s step_avg:2472.30ms
step:3027/3350 train_time:7484.340s step_avg:2472.53ms
step:3028/3350 train_time:7486.211s step_avg:2472.33ms
step:3029/3350 train_time:7489.356s step_avg:2472.55ms
step:3030/3350 train_time:7491.226s step_avg:2472.35ms
step:3031/3350 train_time:7494.369s step_avg:2472.57ms
step:3032/3350 train_time:7496.241s step_avg:2472.37ms
step:3033/3350 train_time:7499.401s step_avg:2472.60ms
step:3034/3350 train_time:7501.286s step_avg:2472.41ms
step:3035/3350 train_time:7504.447s step_avg:2472.64ms
step:3036/3350 train_time:7506.317s step_avg:2472.44ms
step:3037/3350 train_time:7509.478s step_avg:2472.66ms
step:3038/3350 train_time:7511.357s step_avg:2472.47ms
step:3039/3350 train_time:7514.512s step_avg:2472.69ms
step:3040/3350 train_time:7516.394s step_avg:2472.50ms
step:3041/3350 train_time:7519.593s step_avg:2472.74ms
step:3042/3350 train_time:7521.461s step_avg:2472.54ms
step:3043/3350 train_time:7524.598s step_avg:2472.76ms
step:3044/3350 train_time:7526.479s step_avg:2472.56ms
step:3045/3350 train_time:7529.626s step_avg:2472.78ms
step:3046/3350 train_time:7531.497s step_avg:2472.59ms
step:3047/3350 train_time:7534.658s step_avg:2472.81ms
step:3048/3350 train_time:7536.539s step_avg:2472.62ms
step:3049/3350 train_time:7539.695s step_avg:2472.84ms
step:3050/3350 train_time:7541.871s step_avg:2472.74ms
step:3050/3350 val_loss:3.28960 train_time:7541.871s step_avg:2502.68ms
step:3051/3350 train_time:7545.008s step_avg:2472.96ms
step:3052/3350 train_time:7546.884s step_avg:2472.77ms
step:3053/3350 train_time:7550.023s step_avg:2472.98ms
step:3054/3350 train_time:7551.888s step_avg:2472.79ms
step:3055/3350 train_time:7555.043s step_avg:2473.01ms
step:3056/3350 train_time:7556.928s step_avg:2472.82ms
step:3057/3350 train_time:7560.076s step_avg:2473.04ms
step:3058/3350 train_time:7561.954s step_avg:2472.84ms
step:3059/3350 train_time:7565.113s step_avg:2473.07ms
step:3060/3350 train_time:7566.989s step_avg:2472.87ms
step:3061/3350 train_time:7570.131s step_avg:2473.09ms
step:3062/3350 train_time:7571.994s step_avg:2472.89ms
step:3063/3350 train_time:7575.131s step_avg:2473.11ms
step:3064/3350 train_time:7577.013s step_avg:2472.92ms
step:3065/3350 train_time:7580.163s step_avg:2473.14ms
step:3066/3350 train_time:7582.030s step_avg:2472.94ms
step:3067/3350 train_time:7585.177s step_avg:2473.16ms
step:3068/3350 train_time:7587.056s step_avg:2472.96ms
step:3069/3350 train_time:7590.213s step_avg:2473.19ms
step:3070/3350 train_time:7592.088s step_avg:2472.99ms
step:3071/3350 train_time:7595.235s step_avg:2473.21ms
step:3072/3350 train_time:7597.101s step_avg:2473.01ms
step:3073/3350 train_time:7600.241s step_avg:2473.23ms
step:3074/3350 train_time:7602.118s step_avg:2473.04ms
step:3075/3350 train_time:7605.552s step_avg:2473.35ms
step:3075/3350 val_loss:3.28642 train_time:7605.553s step_avg:2547.26ms
step:3076/3350 train_time:7607.438s step_avg:2473.16ms
step:3077/3350 train_time:7610.594s step_avg:2473.38ms
step:3078/3350 train_time:7612.460s step_avg:2473.18ms
step:3079/3350 train_time:7615.624s step_avg:2473.41ms
step:3080/3350 train_time:7617.499s step_avg:2473.21ms
step:3081/3350 train_time:7620.653s step_avg:2473.43ms
step:3082/3350 train_time:7622.519s step_avg:2473.24ms
step:3083/3350 train_time:7625.669s step_avg:2473.46ms
step:3084/3350 train_time:7627.547s step_avg:2473.26ms
step:3085/3350 train_time:7630.702s step_avg:2473.49ms
step:3086/3350 train_time:7632.567s step_avg:2473.29ms
step:3087/3350 train_time:7635.728s step_avg:2473.51ms
step:3088/3350 train_time:7637.600s step_avg:2473.32ms
step:3089/3350 train_time:7640.748s step_avg:2473.53ms
step:3090/3350 train_time:7642.621s step_avg:2473.34ms
step:3091/3350 train_time:7645.773s step_avg:2473.56ms
step:3092/3350 train_time:7647.652s step_avg:2473.37ms
step:3093/3350 train_time:7650.790s step_avg:2473.58ms
step:3094/3350 train_time:7652.662s step_avg:2473.39ms
step:3095/3350 train_time:7655.802s step_avg:2473.60ms
step:3096/3350 train_time:7657.679s step_avg:2473.41ms
step:3097/3350 train_time:7660.821s step_avg:2473.63ms
step:3098/3350 train_time:7662.690s step_avg:2473.43ms
step:3099/3350 train_time:7665.842s step_avg:2473.65ms
step:3100/3350 train_time:7668.031s step_avg:2473.56ms
step:3100/3350 val_loss:3.28372 train_time:7668.031s step_avg:2499.14ms
step:3101/3350 train_time:7671.170s step_avg:2473.77ms
step:3102/3350 train_time:7673.047s step_avg:2473.58ms
step:3103/3350 train_time:7676.197s step_avg:2473.80ms
step:3104/3350 train_time:7678.077s step_avg:2473.61ms
step:3105/3350 train_time:7681.217s step_avg:2473.82ms
step:3106/3350 train_time:7683.102s step_avg:2473.63ms
step:3107/3350 train_time:7686.252s step_avg:2473.85ms
step:3108/3350 train_time:7688.129s step_avg:2473.66ms
step:3109/3350 train_time:7691.265s step_avg:2473.87ms
step:3110/3350 train_time:7693.149s step_avg:2473.68ms
step:3111/3350 train_time:7696.290s step_avg:2473.90ms
step:3112/3350 train_time:7698.162s step_avg:2473.70ms
step:3113/3350 train_time:7701.302s step_avg:2473.92ms
step:3114/3350 train_time:7703.174s step_avg:2473.72ms
step:3115/3350 train_time:7706.329s step_avg:2473.94ms
step:3116/3350 train_time:7708.203s step_avg:2473.75ms
step:3117/3350 train_time:7711.350s step_avg:2473.97ms
step:3118/3350 train_time:7713.228s step_avg:2473.77ms
step:3119/3350 train_time:7716.382s step_avg:2473.99ms
step:3120/3350 train_time:7718.254s step_avg:2473.80ms
step:3121/3350 train_time:7721.390s step_avg:2474.01ms
step:3122/3350 train_time:7723.273s step_avg:2473.82ms
step:3123/3350 train_time:7726.411s step_avg:2474.03ms
step:3124/3350 train_time:7728.293s step_avg:2473.85ms
step:3125/3350 train_time:7731.797s step_avg:2474.17ms
step:3125/3350 val_loss:3.28071 train_time:7731.797s step_avg:2550.63ms
step:3126/3350 train_time:7733.675s step_avg:2473.98ms
step:3127/3350 train_time:7736.832s step_avg:2474.20ms
step:3128/3350 train_time:7738.706s step_avg:2474.01ms
step:3129/3350 train_time:7741.854s step_avg:2474.23ms
step:3130/3350 train_time:7743.725s step_avg:2474.03ms
step:3131/3350 train_time:7746.867s step_avg:2474.25ms
step:3132/3350 train_time:7748.750s step_avg:2474.06ms
step:3133/3350 train_time:7751.908s step_avg:2474.28ms
step:3134/3350 train_time:7753.781s step_avg:2474.08ms
step:3135/3350 train_time:7756.932s step_avg:2474.30ms
step:3136/3350 train_time:7758.806s step_avg:2474.11ms
step:3137/3350 train_time:7761.970s step_avg:2474.33ms
step:3138/3350 train_time:7763.836s step_avg:2474.13ms
step:3139/3350 train_time:7766.981s step_avg:2474.35ms
step:3140/3350 train_time:7768.865s step_avg:2474.16ms
step:3141/3350 train_time:7772.010s step_avg:2474.37ms
step:3142/3350 train_time:7773.893s step_avg:2474.19ms
step:3143/3350 train_time:7777.026s step_avg:2474.40ms
step:3144/3350 train_time:7778.899s step_avg:2474.20ms
step:3145/3350 train_time:7782.048s step_avg:2474.42ms
step:3146/3350 train_time:7783.912s step_avg:2474.22ms
step:3147/3350 train_time:7787.056s step_avg:2474.44ms
step:3148/3350 train_time:7788.938s step_avg:2474.25ms
step:3149/3350 train_time:7792.073s step_avg:2474.46ms
step:3150/3350 train_time:7794.230s step_avg:2474.36ms
step:3150/3350 val_loss:3.27743 train_time:7794.230s step_avg:2497.32ms
step:3151/3350 train_time:7797.368s step_avg:2474.57ms
step:3152/3350 train_time:7799.233s step_avg:2474.38ms
step:3153/3350 train_time:7802.380s step_avg:2474.59ms
step:3154/3350 train_time:7804.247s step_avg:2474.40ms
step:3155/3350 train_time:7807.404s step_avg:2474.61ms
step:3156/3350 train_time:7809.287s step_avg:2474.43ms
step:3157/3350 train_time:7812.425s step_avg:2474.64ms
step:3158/3350 train_time:7814.307s step_avg:2474.45ms
step:3159/3350 train_time:7817.444s step_avg:2474.66ms
step:3160/3350 train_time:7819.313s step_avg:2474.47ms
step:3161/3350 train_time:7822.470s step_avg:2474.68ms
step:3162/3350 train_time:7824.340s step_avg:2474.49ms
step:3163/3350 train_time:7827.491s step_avg:2474.70ms
step:3164/3350 train_time:7829.357s step_avg:2474.51ms
step:3165/3350 train_time:7832.509s step_avg:2474.73ms
step:3166/3350 train_time:7834.373s step_avg:2474.53ms
step:3167/3350 train_time:7837.520s step_avg:2474.75ms
step:3168/3350 train_time:7839.387s step_avg:2474.55ms
step:3169/3350 train_time:7842.526s step_avg:2474.76ms
step:3170/3350 train_time:7844.395s step_avg:2474.57ms
step:3171/3350 train_time:7847.541s step_avg:2474.78ms
step:3172/3350 train_time:7849.411s step_avg:2474.59ms
step:3173/3350 train_time:7852.559s step_avg:2474.81ms
step:3174/3350 train_time:7854.427s step_avg:2474.61ms
step:3175/3350 train_time:7857.871s step_avg:2474.92ms
step:3175/3350 val_loss:3.27489 train_time:7857.872s step_avg:2545.66ms
step:3176/3350 train_time:7859.740s step_avg:2474.73ms
step:3177/3350 train_time:7862.901s step_avg:2474.95ms
step:3178/3350 train_time:7864.767s step_avg:2474.75ms
step:3179/3350 train_time:7867.917s step_avg:2474.97ms
step:3180/3350 train_time:7869.792s step_avg:2474.78ms
step:3181/3350 train_time:7872.942s step_avg:2474.99ms
step:3182/3350 train_time:7874.823s step_avg:2474.80ms
step:3183/3350 train_time:7877.967s step_avg:2475.01ms
step:3184/3350 train_time:7879.837s step_avg:2474.82ms
step:3185/3350 train_time:7882.996s step_avg:2475.04ms
step:3186/3350 train_time:7884.862s step_avg:2474.85ms
step:3187/3350 train_time:7888.010s step_avg:2475.06ms
step:3188/3350 train_time:7889.874s step_avg:2474.87ms
step:3189/3350 train_time:7893.015s step_avg:2475.08ms
step:3190/3350 train_time:7894.897s step_avg:2474.89ms
step:3191/3350 train_time:7898.051s step_avg:2475.10ms
step:3192/3350 train_time:7899.929s step_avg:2474.92ms
step:3193/3350 train_time:7903.071s step_avg:2475.12ms
step:3194/3350 train_time:7904.950s step_avg:2474.94ms
step:3195/3350 train_time:7908.093s step_avg:2475.15ms
step:3196/3350 train_time:7909.977s step_avg:2474.96ms
step:3197/3350 train_time:7913.129s step_avg:2475.17ms
step:3198/3350 train_time:7915.012s step_avg:2474.99ms
step:3199/3350 train_time:7918.158s step_avg:2475.20ms
step:3200/3350 train_time:7920.348s step_avg:2475.11ms
step:3200/3350 val_loss:3.27226 train_time:7920.349s step_avg:2499.08ms
step:3201/3350 train_time:7923.494s step_avg:2475.32ms
step:3202/3350 train_time:7925.363s step_avg:2475.13ms
step:3203/3350 train_time:7928.515s step_avg:2475.34ms
step:3204/3350 train_time:7930.388s step_avg:2475.15ms
step:3205/3350 train_time:7933.540s step_avg:2475.36ms
step:3206/3350 train_time:7935.428s step_avg:2475.18ms
step:3207/3350 train_time:7938.578s step_avg:2475.39ms
step:3208/3350 train_time:7940.448s step_avg:2475.20ms
step:3209/3350 train_time:7943.608s step_avg:2475.42ms
step:3210/3350 train_time:7945.485s step_avg:2475.23ms
step:3211/3350 train_time:7948.644s step_avg:2475.44ms
step:3212/3350 train_time:7950.518s step_avg:2475.25ms
step:3213/3350 train_time:7953.662s step_avg:2475.46ms
step:3214/3350 train_time:7955.533s step_avg:2475.27ms
step:3215/3350 train_time:7958.694s step_avg:2475.49ms
step:3216/3350 train_time:7960.568s step_avg:2475.30ms
step:3217/3350 train_time:7963.731s step_avg:2475.51ms
step:3218/3350 train_time:7965.616s step_avg:2475.33ms
step:3219/3350 train_time:7968.759s step_avg:2475.54ms
step:3220/3350 train_time:7970.636s step_avg:2475.35ms
step:3221/3350 train_time:7973.782s step_avg:2475.56ms
step:3222/3350 train_time:7975.656s step_avg:2475.37ms
step:3223/3350 train_time:7978.805s step_avg:2475.58ms
step:3224/3350 train_time:7980.669s step_avg:2475.39ms
step:3225/3350 train_time:7984.103s step_avg:2475.69ms
step:3225/3350 val_loss:3.26989 train_time:7984.103s step_avg:2550.18ms
step:3226/3350 train_time:7985.975s step_avg:2475.50ms
step:3227/3350 train_time:7989.116s step_avg:2475.71ms
step:3228/3350 train_time:7990.982s step_avg:2475.52ms
step:3229/3350 train_time:7994.137s step_avg:2475.73ms
step:3230/3350 train_time:7996.020s step_avg:2475.55ms
step:3231/3350 train_time:7999.200s step_avg:2475.77ms
step:3232/3350 train_time:8001.072s step_avg:2475.58ms
step:3233/3350 train_time:8004.214s step_avg:2475.79ms
step:3234/3350 train_time:8006.085s step_avg:2475.60ms
step:3235/3350 train_time:8009.240s step_avg:2475.81ms
step:3236/3350 train_time:8011.120s step_avg:2475.62ms
step:3237/3350 train_time:8014.269s step_avg:2475.83ms
step:3238/3350 train_time:8016.149s step_avg:2475.65ms
step:3239/3350 train_time:8019.285s step_avg:2475.85ms
step:3240/3350 train_time:8021.167s step_avg:2475.67ms
step:3241/3350 train_time:8024.311s step_avg:2475.88ms
step:3242/3350 train_time:8026.178s step_avg:2475.69ms
step:3243/3350 train_time:8029.322s step_avg:2475.89ms
step:3244/3350 train_time:8031.195s step_avg:2475.71ms
step:3245/3350 train_time:8034.336s step_avg:2475.91ms
step:3246/3350 train_time:8036.206s step_avg:2475.73ms
step:3247/3350 train_time:8039.360s step_avg:2475.93ms
step:3248/3350 train_time:8041.229s step_avg:2475.75ms
step:3249/3350 train_time:8044.377s step_avg:2475.95ms
step:3250/3350 train_time:8046.622s step_avg:2475.88ms
step:3250/3350 val_loss:3.26771 train_time:8046.622s step_avg:2500.77ms
step:3251/3350 train_time:8049.778s step_avg:2476.09ms
step:3252/3350 train_time:8051.666s step_avg:2475.91ms
step:3253/3350 train_time:8054.806s step_avg:2476.12ms
step:3254/3350 train_time:8056.689s step_avg:2475.93ms
step:3255/3350 train_time:8059.835s step_avg:2476.14ms
step:3256/3350 train_time:8061.715s step_avg:2475.96ms
step:3257/3350 train_time:8064.865s step_avg:2476.16ms
step:3258/3350 train_time:8066.735s step_avg:2475.98ms
step:3259/3350 train_time:8069.886s step_avg:2476.18ms
step:3260/3350 train_time:8071.762s step_avg:2476.00ms
step:3261/3350 train_time:8074.923s step_avg:2476.21ms
step:3262/3350 train_time:8076.795s step_avg:2476.03ms
step:3263/3350 train_time:8079.937s step_avg:2476.23ms
step:3264/3350 train_time:8081.813s step_avg:2476.05ms
step:3265/3350 train_time:8084.952s step_avg:2476.25ms
step:3266/3350 train_time:8086.833s step_avg:2476.07ms
step:3267/3350 train_time:8089.984s step_avg:2476.27ms
step:3268/3350 train_time:8091.856s step_avg:2476.09ms
step:3269/3350 train_time:8094.995s step_avg:2476.29ms
step:3270/3350 train_time:8096.862s step_avg:2476.10ms
step:3271/3350 train_time:8099.999s step_avg:2476.31ms
step:3272/3350 train_time:8101.871s step_avg:2476.12ms
step:3273/3350 train_time:8105.022s step_avg:2476.33ms
step:3274/3350 train_time:8106.899s step_avg:2476.15ms
step:3275/3350 train_time:8110.357s step_avg:2476.44ms
step:3275/3350 val_loss:3.26570 train_time:8110.357s step_avg:2549.40ms
step:3276/3350 train_time:8112.230s step_avg:2476.26ms
step:3277/3350 train_time:8115.389s step_avg:2476.47ms
step:3278/3350 train_time:8117.259s step_avg:2476.28ms
step:3279/3350 train_time:8120.422s step_avg:2476.49ms
step:3280/3350 train_time:8122.304s step_avg:2476.31ms
step:3281/3350 train_time:8125.457s step_avg:2476.52ms
step:3282/3350 train_time:8127.342s step_avg:2476.34ms
step:3283/3350 train_time:8130.502s step_avg:2476.55ms
step:3284/3350 train_time:8132.371s step_avg:2476.36ms
step:3285/3350 train_time:8135.531s step_avg:2476.57ms
step:3286/3350 train_time:8137.413s step_avg:2476.39ms
step:3287/3350 train_time:8140.563s step_avg:2476.59ms
step:3288/3350 train_time:8142.448s step_avg:2476.41ms
step:3289/3350 train_time:8145.595s step_avg:2476.62ms
step:3290/3350 train_time:8147.476s step_avg:2476.44ms
step:3291/3350 train_time:8150.620s step_avg:2476.64ms
step:3292/3350 train_time:8152.503s step_avg:2476.46ms
step:3293/3350 train_time:8155.659s step_avg:2476.67ms
step:3294/3350 train_time:8157.526s step_avg:2476.48ms
step:3295/3350 train_time:8160.673s step_avg:2476.68ms
step:3296/3350 train_time:8162.541s step_avg:2476.50ms
step:3297/3350 train_time:8165.698s step_avg:2476.71ms
step:3298/3350 train_time:8167.582s step_avg:2476.53ms
step:3299/3350 train_time:8170.731s step_avg:2476.73ms
step:3300/3350 train_time:8172.934s step_avg:2476.65ms
step:3300/3350 val_loss:3.26401 train_time:8172.934s step_avg:2503.09ms
step:3301/3350 train_time:8176.095s step_avg:2476.85ms
step:3302/3350 train_time:8177.983s step_avg:2476.68ms
step:3303/3350 train_time:8181.144s step_avg:2476.88ms
step:3304/3350 train_time:8183.030s step_avg:2476.70ms
step:3305/3350 train_time:8186.182s step_avg:2476.91ms
step:3306/3350 train_time:8188.054s step_avg:2476.73ms
step:3307/3350 train_time:8191.209s step_avg:2476.93ms
step:3308/3350 train_time:8193.089s step_avg:2476.75ms
step:3309/3350 train_time:8196.231s step_avg:2476.95ms
step:3310/3350 train_time:8198.109s step_avg:2476.77ms
step:3311/3350 train_time:8201.270s step_avg:2476.98ms
step:3312/3350 train_time:8203.138s step_avg:2476.79ms
step:3313/3350 train_time:8206.291s step_avg:2477.00ms
step:3314/3350 train_time:8208.165s step_avg:2476.82ms
step:3315/3350 train_time:8211.310s step_avg:2477.02ms
step:3316/3350 train_time:8213.180s step_avg:2476.83ms
step:3317/3350 train_time:8216.324s step_avg:2477.03ms
step:3318/3350 train_time:8218.196s step_avg:2476.85ms
step:3319/3350 train_time:8221.348s step_avg:2477.06ms
step:3320/3350 train_time:8223.223s step_avg:2476.87ms
step:3321/3350 train_time:8226.377s step_avg:2477.08ms
step:3322/3350 train_time:8228.253s step_avg:2476.90ms
step:3323/3350 train_time:8231.400s step_avg:2477.10ms
step:3324/3350 train_time:8233.287s step_avg:2476.92ms
step:3325/3350 train_time:8236.748s step_avg:2477.22ms
step:3325/3350 val_loss:3.26264 train_time:8236.748s step_avg:2552.56ms
step:3326/3350 train_time:8238.620s step_avg:2477.04ms
step:3327/3350 train_time:8241.765s step_avg:2477.24ms
step:3328/3350 train_time:8243.638s step_avg:2477.05ms
step:3329/3350 train_time:8246.784s step_avg:2477.26ms
step:3330/3350 train_time:8248.663s step_avg:2477.08ms
step:3331/3350 train_time:8251.809s step_avg:2477.28ms
step:3332/3350 train_time:8253.682s step_avg:2477.10ms
step:3333/3350 train_time:8256.839s step_avg:2477.30ms
step:3334/3350 train_time:8258.721s step_avg:2477.12ms
step:3335/3350 train_time:8261.877s step_avg:2477.32ms
step:3336/3350 train_time:8263.761s step_avg:2477.15ms
step:3337/3350 train_time:8266.909s step_avg:2477.35ms
step:3338/3350 train_time:8268.793s step_avg:2477.17ms
step:3339/3350 train_time:8271.933s step_avg:2477.37ms
step:3340/3350 train_time:8273.802s step_avg:2477.19ms
step:3341/3350 train_time:8276.955s step_avg:2477.39ms
step:3342/3350 train_time:8278.829s step_avg:2477.21ms
step:3343/3350 train_time:8281.984s step_avg:2477.41ms
step:3344/3350 train_time:8283.849s step_avg:2477.23ms
step:3345/3350 train_time:8286.987s step_avg:2477.43ms
step:3346/3350 train_time:8288.865s step_avg:2477.25ms
step:3347/3350 train_time:8292.009s step_avg:2477.45ms
step:3348/3350 train_time:8293.890s step_avg:2477.27ms
step:3349/3350 train_time:8297.032s step_avg:2477.47ms
step:3350/3350 train_time:8299.269s step_avg:2477.39ms
step:3350/3350 val_loss:3.26187 train_time:8299.269s step_avg:2500.83ms
trial:0 best_val_loss:3.26187 best_val_step:3350 first_step_to_target:3150
wandb: updating run metadata
wandb: uploading output.log; uploading wandb-summary.json; uploading config.yaml
wandb: 
wandb: Run history:
wandb:                embed/dist_from_init ▁▂▃▃▄▄▅▅▅▆▆▆▆▇▇▇▇▇▇███████████████
wandb:       embed/dist_from_init_mean_abs ▁▂▃▃▄▄▅▅▅▆▆▆▆▇▇▇▇▇▇███████████████
wandb:            embed/init_anchor_lambda ▁▁▁▁▁▁▁▁▁▁▁▁▁▁▁▁▁▁▁▁▁▁▁▁▁▁▁▁▁▁▁▁▁▁
wandb:  newton_muon/R_condition_number_max ▁▂▄▄▄▆▇▇████████████████████████████████
wandb: newton_muon/R_condition_number_mean ▁▂▃▅▅▇█████████████████████████▇████████
wandb:  newton_muon/R_condition_number_min ▄▃▅▅▅▂▃▇▇██▇▇▇▆▄▃▂▂▂▁▂▂▃▂▁▁▂▂▂▁▁▂▁▁▁▁▁▂▁
wandb:    newton_muon/R_inv_sqrt_norm_mean ▃▂▂▁▁▂▂▃▃▄▅▅▅▅▆▆▆▇▇▇▇▇▇▇▇███████████████
wandb:   newton_muon/params_preconditioned ▁███████████████████████████████████████
wandb:      newton_muon/precond_ratio_mean █▁▁▁▁▁▁▁▁▁▁▁▁▁▁▁▁▁▁▁▁▁▁▁▁▁▂▂▂▂▂▂▂▂▂▂▂▂▂▂
wandb:           newton_muon/r_warmstart_n ▁▁▁▁▁▁▁▁▁▁▁▁▁▁▁▁▁▁▁▁▁▁▁▁▁▁▁▁▁▁▁▁▁▁▁▁▁▁▁▁
wandb:                              +4,359 ...
wandb: 
wandb: Run summary:
wandb:                embed/dist_from_init 117248
wandb:       embed/dist_from_init_mean_abs 15.0625
wandb:            embed/init_anchor_lambda 0.001
wandb:  newton_muon/R_condition_number_max 505221.28125
wandb: newton_muon/R_condition_number_mean 22641.05196
wandb:  newton_muon/R_condition_number_min 1025.59705
wandb:    newton_muon/R_inv_sqrt_norm_mean 75.66535
wandb:   newton_muon/params_preconditioned 72
wandb:      newton_muon/precond_ratio_mean 1.03194
wandb:           newton_muon/r_warmstart_n 0
wandb:                              +4,359 ...
wandb: 
wandb: 🚀 View run g1r4-fern/muon-attn-lr-mult-C-s0 at: https://wandb.ai/wandb-applied-ai-team/modded-nanogpt-senpai/runs/70ym9r8t
wandb: ⭐️ View project at: https://wandb.ai/wandb-applied-ai-team/modded-nanogpt-senpai
wandb: Synced 6 W&B file(s), 0 media file(s), 0 artifact file(s) and 0 other file(s)
wandb: Find logs at: ./wandb/run-20260601_132109-70ym9r8t/logs
===== END   arm_C attn_mult=0.95 2026-06-01T15:47:14Z =====
