logs/f9563c7b-7da1-4183-949f-ca2f303b75e8.txt
MuLoCo outer optimizer ENABLED: outer_lr=0.7 outer_momentum=0.5 sync_interval=30
MuonH mode=scale_invariant lr=0.018 budget_mult=1.0 cooldown_shape=cosine
AGC ENABLED on aux AdamW groups: clip_ratio=0.05 eps=0.001
AGC ENABLED on inner MuonH gradient: clip_ratio=0.05 eps=0.001
H375 Schedule-Free AdamW ENABLED for AUX optimizer (iterate averaging + interpolation)
AUX cooldown_frac=0.0 (H266 default=0.4; set to 0.0 to disable AUX cosine cooldown)
wandb: [wandb.login()] Loaded credentials for https://api.wandb.ai from WANDB_API_KEY.
wandb: W&B API key is configured. Use `wandb login --relogin` to force relogin
wandb: Tracking run with wandb version 0.27.0
wandb: Run data is saved locally in /workspace/senpai/target/wandb/run-20260602_000048-kjyq6duc
wandb: Run `wandb offline` to turn off syncing.
wandb: Syncing run g1r3-askeladd/H375_arm_c_SF_NOCOSINE
wandb: ⭐️ View project at https://wandb.ai/wandb-applied-ai-team/modded-nanogpt-senpai
wandb: 🚀 View run at https://wandb.ai/wandb-applied-ai-team/modded-nanogpt-senpai/runs/kjyq6duc
[H148 body_init=orthogonal_fnorm_matched] sample F-norms: [{'name': 'blocks.0.attn.q.weight', 'shape': (768, 768), 'default_fnorm': 15.923686027526855, 'final_fnorm': 15.923686027526855}, {'name': 'blocks.0.mlp.fc.weight', 'shape': (3072, 768), 'default_fnorm': 47.656005859375, 'final_fnorm': 47.656005859375}, {'name': 'blocks.5.attn.q.weight', 'shape': (768, 768), 'default_fnorm': 15.934048652648926, 'final_fnorm': 15.934049606323242}, {'name': 'blocks.5.mlp.fc.weight', 'shape': (3072, 768), 'default_fnorm': 47.59903335571289, 'final_fnorm': 47.599037170410156}, {'name': 'blocks.11.attn.q.weight', 'shape': (768, 768), 'default_fnorm': 15.909088134765625, 'final_fnorm': 15.909089088439941}, {'name': 'blocks.11.mlp.fc.weight', 'shape': (3072, 768), 'default_fnorm': 47.64348602294922, 'final_fnorm': 47.643489837646484}]
H266 Polyak EMA buffer initialized: decay=0.05, total_bytes=0.53GB
step:0/3325 val_loss:10.82583 train_time:0.000s step_avg:nanms
[H148 body_init=orthogonal_fnorm_matched] hyperball radii: [{'name': 'blocks.0.attn.q.weight', 'radius': 15.923686027526855}, {'name': 'blocks.0.mlp.fc.weight', 'radius': 47.656005859375}, {'name': 'blocks.5.attn.q.weight', 'radius': 15.934049606323242}, {'name': 'blocks.5.mlp.fc.weight', 'radius': 47.599037170410156}, {'name': 'blocks.11.attn.q.weight', 'radius': 15.909089088439941}, {'name': 'blocks.11.mlp.fc.weight', 'radius': 47.643489837646484}]
step:1/3325 train_time:9.699s step_avg:9699.33ms
step:2/3325 train_time:12.810s step_avg:6404.88ms
step:3/3325 train_time:15.069s step_avg:5022.85ms
step:4/3325 train_time:17.332s step_avg:4333.05ms
[rank0]:W0602 00:01:22.669000 730898 torch/_dynamo/convert_frame.py:1743] [1/8] torch._dynamo hit config.recompile_limit (8)
[rank0]:W0602 00:01:22.669000 730898 torch/_dynamo/convert_frame.py:1743] [1/8]    function: 'muon_update' (/workspace/senpai/target/records/track_3_optimization/train_gpt_simple.py:588)
[rank0]:W0602 00:01:22.669000 730898 torch/_dynamo/convert_frame.py:1743] [1/8]    last reason: 1/7: ___as_tensor(mu).item() == 0.9499548736462093  # (unknown source ___as_tensor(mu).item(), please file a bug)
[rank0]:W0602 00:01:22.669000 730898 torch/_dynamo/convert_frame.py:1743] [1/8] To log all recompilation reasons, use TORCH_LOGS="recompiles".
[rank0]:W0602 00:01:22.669000 730898 torch/_dynamo/convert_frame.py:1743] [1/8] To diagnose recompilation issues, see https://docs.pytorch.org/docs/main/user_guide/torch_compiler/compile/programming_model.recompilation.html
step:5/3325 train_time:19.148s step_avg:3829.60ms
step:6/3325 train_time:20.956s step_avg:3492.70ms
step:7/3325 train_time:22.765s step_avg:3252.15ms
step:8/3325 train_time:24.576s step_avg:3072.00ms
step:9/3325 train_time:26.391s step_avg:2932.30ms
step:10/3325 train_time:28.204s step_avg:2820.43ms
step:11/3325 train_time:30.018s step_avg:2728.91ms
step:12/3325 train_time:31.833s step_avg:2652.78ms
step:13/3325 train_time:33.648s step_avg:2588.28ms
step:14/3325 train_time:35.463s step_avg:2533.06ms
step:15/3325 train_time:37.279s step_avg:2485.26ms
step:16/3325 train_time:39.095s step_avg:2443.45ms
step:17/3325 train_time:40.911s step_avg:2406.52ms
step:18/3325 train_time:42.727s step_avg:2373.72ms
step:19/3325 train_time:44.543s step_avg:2344.38ms
step:20/3325 train_time:46.362s step_avg:2318.08ms
step:21/3325 train_time:48.180s step_avg:2294.26ms
step:22/3325 train_time:49.996s step_avg:2272.56ms
step:23/3325 train_time:51.813s step_avg:2252.73ms
step:24/3325 train_time:53.630s step_avg:2234.56ms
step:25/3325 train_time:55.719s step_avg:2228.74ms
step:26/3325 train_time:57.537s step_avg:2212.98ms
step:27/3325 train_time:59.355s step_avg:2198.34ms
step:28/3325 train_time:61.174s step_avg:2184.80ms
step:29/3325 train_time:62.993s step_avg:2172.16ms
step:30/3325 train_time:64.828s step_avg:2160.95ms
step:31/3325 train_time:66.648s step_avg:2149.92ms
step:32/3325 train_time:68.466s step_avg:2139.56ms
step:33/3325 train_time:70.285s step_avg:2129.84ms
step:34/3325 train_time:72.104s step_avg:2120.70ms
step:35/3325 train_time:73.924s step_avg:2112.10ms
step:36/3325 train_time:75.745s step_avg:2104.03ms
step:37/3325 train_time:77.567s step_avg:2096.40ms
step:38/3325 train_time:79.386s step_avg:2089.11ms
step:39/3325 train_time:81.206s step_avg:2082.22ms
step:40/3325 train_time:83.027s step_avg:2075.67ms
step:41/3325 train_time:84.846s step_avg:2069.41ms
step:42/3325 train_time:86.666s step_avg:2063.48ms
step:43/3325 train_time:88.486s step_avg:2057.80ms
step:44/3325 train_time:90.306s step_avg:2052.41ms
step:45/3325 train_time:92.127s step_avg:2047.27ms
step:46/3325 train_time:93.948s step_avg:2042.34ms
step:47/3325 train_time:95.769s step_avg:2037.63ms
step:48/3325 train_time:97.592s step_avg:2033.16ms
step:49/3325 train_time:99.412s step_avg:2028.81ms
step:50/3325 train_time:104.329s step_avg:2086.58ms
step:51/3325 train_time:106.149s step_avg:2081.35ms
step:52/3325 train_time:107.967s step_avg:2076.29ms
step:53/3325 train_time:109.785s step_avg:2071.42ms
step:54/3325 train_time:111.604s step_avg:2066.74ms
step:55/3325 train_time:113.422s step_avg:2062.21ms
step:56/3325 train_time:115.241s step_avg:2057.88ms
step:57/3325 train_time:117.063s step_avg:2053.73ms
step:58/3325 train_time:118.882s step_avg:2049.70ms
step:59/3325 train_time:120.701s step_avg:2045.78ms
step:60/3325 train_time:122.537s step_avg:2042.29ms
step:61/3325 train_time:124.357s step_avg:2038.63ms
step:62/3325 train_time:126.180s step_avg:2035.15ms
step:63/3325 train_time:127.999s step_avg:2031.74ms
step:64/3325 train_time:129.818s step_avg:2028.41ms
step:65/3325 train_time:131.637s step_avg:2025.19ms
step:66/3325 train_time:133.457s step_avg:2022.08ms
step:67/3325 train_time:135.278s step_avg:2019.08ms
step:68/3325 train_time:137.101s step_avg:2016.19ms
step:69/3325 train_time:138.921s step_avg:2013.35ms
step:70/3325 train_time:140.742s step_avg:2010.61ms
step:71/3325 train_time:142.562s step_avg:2007.91ms
step:72/3325 train_time:144.382s step_avg:2005.31ms
step:73/3325 train_time:146.204s step_avg:2002.79ms
step:74/3325 train_time:148.025s step_avg:2000.33ms
step:75/3325 train_time:150.118s step_avg:2001.57ms
step:76/3325 train_time:151.938s step_avg:1999.18ms
step:77/3325 train_time:153.757s step_avg:1996.85ms
step:78/3325 train_time:155.577s step_avg:1994.57ms
step:79/3325 train_time:157.400s step_avg:1992.41ms
step:80/3325 train_time:159.222s step_avg:1990.27ms
step:81/3325 train_time:161.041s step_avg:1988.16ms
step:82/3325 train_time:162.861s step_avg:1986.11ms
step:83/3325 train_time:164.680s step_avg:1984.10ms
step:84/3325 train_time:166.502s step_avg:1982.17ms
step:85/3325 train_time:168.324s step_avg:1980.28ms
step:86/3325 train_time:170.145s step_avg:1978.43ms
step:87/3325 train_time:171.965s step_avg:1976.61ms
step:88/3325 train_time:173.784s step_avg:1974.82ms
step:89/3325 train_time:175.604s step_avg:1973.07ms
step:90/3325 train_time:177.442s step_avg:1971.58ms
step:91/3325 train_time:179.262s step_avg:1969.92ms
step:92/3325 train_time:181.083s step_avg:1968.29ms
step:93/3325 train_time:182.902s step_avg:1966.69ms
step:94/3325 train_time:184.723s step_avg:1965.14ms
step:95/3325 train_time:186.546s step_avg:1963.64ms
step:96/3325 train_time:188.367s step_avg:1962.15ms
step:97/3325 train_time:190.187s step_avg:1960.69ms
step:98/3325 train_time:192.007s step_avg:1959.25ms
step:99/3325 train_time:193.828s step_avg:1957.86ms
step:100/3325 train_time:195.922s step_avg:1959.22ms
step:101/3325 train_time:197.742s step_avg:1957.84ms
step:102/3325 train_time:199.563s step_avg:1956.50ms
step:103/3325 train_time:201.382s step_avg:1955.16ms
step:104/3325 train_time:203.204s step_avg:1953.88ms
step:105/3325 train_time:205.024s step_avg:1952.61ms
step:106/3325 train_time:206.845s step_avg:1951.37ms
step:107/3325 train_time:208.666s step_avg:1950.15ms
step:108/3325 train_time:210.486s step_avg:1948.95ms
step:109/3325 train_time:212.306s step_avg:1947.76ms
step:110/3325 train_time:214.127s step_avg:1946.61ms
step:111/3325 train_time:215.948s step_avg:1945.47ms
step:112/3325 train_time:217.768s step_avg:1944.36ms
step:113/3325 train_time:219.591s step_avg:1943.28ms
step:114/3325 train_time:221.412s step_avg:1942.21ms
step:115/3325 train_time:223.232s step_avg:1941.15ms
step:116/3325 train_time:225.052s step_avg:1940.11ms
step:117/3325 train_time:226.873s step_avg:1939.08ms
step:118/3325 train_time:228.695s step_avg:1938.09ms
step:119/3325 train_time:230.515s step_avg:1937.10ms
step:120/3325 train_time:232.353s step_avg:1936.27ms
step:121/3325 train_time:234.173s step_avg:1935.31ms
step:122/3325 train_time:235.993s step_avg:1934.37ms
step:123/3325 train_time:237.815s step_avg:1933.46ms
step:124/3325 train_time:239.636s step_avg:1932.55ms
step:125/3325 train_time:241.794s step_avg:1934.35ms
step:125/3325 val_loss:5.12130 train_time:241.794s step_avg:1934.35ms
step:126/3325 train_time:243.615s step_avg:1933.45ms
step:127/3325 train_time:245.436s step_avg:1932.56ms
step:128/3325 train_time:247.258s step_avg:1931.70ms
step:129/3325 train_time:249.079s step_avg:1930.85ms
step:130/3325 train_time:250.900s step_avg:1930.00ms
step:131/3325 train_time:252.721s step_avg:1929.17ms
step:132/3325 train_time:254.542s step_avg:1928.35ms
step:133/3325 train_time:256.363s step_avg:1927.54ms
step:134/3325 train_time:258.183s step_avg:1926.74ms
step:135/3325 train_time:260.003s step_avg:1925.95ms
step:136/3325 train_time:261.824s step_avg:1925.18ms
step:137/3325 train_time:263.644s step_avg:1924.41ms
step:138/3325 train_time:265.465s step_avg:1923.66ms
step:139/3325 train_time:267.288s step_avg:1922.93ms
step:140/3325 train_time:269.112s step_avg:1922.23ms
step:141/3325 train_time:270.933s step_avg:1921.51ms
step:142/3325 train_time:272.756s step_avg:1920.82ms
step:143/3325 train_time:274.578s step_avg:1920.13ms
step:144/3325 train_time:276.400s step_avg:1919.44ms
step:145/3325 train_time:278.221s step_avg:1918.76ms
step:146/3325 train_time:280.041s step_avg:1918.09ms
step:147/3325 train_time:281.861s step_avg:1917.42ms
step:148/3325 train_time:283.681s step_avg:1916.77ms
step:149/3325 train_time:285.502s step_avg:1916.12ms
step:150/3325 train_time:287.611s step_avg:1917.41ms
step:151/3325 train_time:289.431s step_avg:1916.76ms
step:152/3325 train_time:291.252s step_avg:1916.13ms
step:153/3325 train_time:293.073s step_avg:1915.51ms
step:154/3325 train_time:294.893s step_avg:1914.89ms
step:155/3325 train_time:296.713s step_avg:1914.27ms
step:156/3325 train_time:298.532s step_avg:1913.67ms
step:157/3325 train_time:300.352s step_avg:1913.07ms
step:158/3325 train_time:302.173s step_avg:1912.48ms
step:159/3325 train_time:303.995s step_avg:1911.92ms
step:160/3325 train_time:305.817s step_avg:1911.36ms
step:161/3325 train_time:307.639s step_avg:1910.80ms
step:162/3325 train_time:309.460s step_avg:1910.25ms
step:163/3325 train_time:311.279s step_avg:1909.69ms
step:164/3325 train_time:313.099s step_avg:1909.14ms
step:165/3325 train_time:314.920s step_avg:1908.61ms
step:166/3325 train_time:316.741s step_avg:1908.08ms
step:167/3325 train_time:318.561s step_avg:1907.55ms
step:168/3325 train_time:320.381s step_avg:1907.03ms
step:169/3325 train_time:322.201s step_avg:1906.51ms
step:170/3325 train_time:324.022s step_avg:1906.01ms
step:171/3325 train_time:325.842s step_avg:1905.51ms
step:172/3325 train_time:327.661s step_avg:1905.01ms
step:173/3325 train_time:329.481s step_avg:1904.51ms
step:174/3325 train_time:331.300s step_avg:1904.02ms
step:175/3325 train_time:333.393s step_avg:1905.10ms
step:176/3325 train_time:335.213s step_avg:1904.62ms
step:177/3325 train_time:337.033s step_avg:1904.14ms
step:178/3325 train_time:338.852s step_avg:1903.66ms
step:179/3325 train_time:340.671s step_avg:1903.19ms
step:180/3325 train_time:342.507s step_avg:1902.82ms
step:181/3325 train_time:344.327s step_avg:1902.36ms
step:182/3325 train_time:346.146s step_avg:1901.90ms
step:183/3325 train_time:347.964s step_avg:1901.44ms
step:184/3325 train_time:349.783s step_avg:1901.00ms
step:185/3325 train_time:351.602s step_avg:1900.55ms
step:186/3325 train_time:353.422s step_avg:1900.12ms
step:187/3325 train_time:355.244s step_avg:1899.70ms
step:188/3325 train_time:357.062s step_avg:1899.27ms
step:189/3325 train_time:358.881s step_avg:1898.84ms
step:190/3325 train_time:360.698s step_avg:1898.41ms
step:191/3325 train_time:362.630s step_avg:1898.58ms
step:192/3325 train_time:364.450s step_avg:1898.18ms
step:193/3325 train_time:366.269s step_avg:1897.77ms
step:194/3325 train_time:368.089s step_avg:1897.37ms
step:195/3325 train_time:369.908s step_avg:1896.96ms
step:196/3325 train_time:371.726s step_avg:1896.56ms
step:197/3325 train_time:373.545s step_avg:1896.17ms
step:198/3325 train_time:375.366s step_avg:1895.79ms
step:199/3325 train_time:377.186s step_avg:1895.41ms
step:200/3325 train_time:379.278s step_avg:1896.39ms
step:201/3325 train_time:381.096s step_avg:1896.00ms
step:202/3325 train_time:382.914s step_avg:1895.62ms
step:203/3325 train_time:384.733s step_avg:1895.24ms
step:204/3325 train_time:386.553s step_avg:1894.87ms
step:205/3325 train_time:388.372s step_avg:1894.50ms
step:206/3325 train_time:390.191s step_avg:1894.13ms
step:207/3325 train_time:392.009s step_avg:1893.77ms
step:208/3325 train_time:393.828s step_avg:1893.40ms
step:209/3325 train_time:395.648s step_avg:1893.05ms
step:210/3325 train_time:397.484s step_avg:1892.78ms
step:211/3325 train_time:399.302s step_avg:1892.43ms
step:212/3325 train_time:401.120s step_avg:1892.08ms
step:213/3325 train_time:402.939s step_avg:1891.73ms
step:214/3325 train_time:404.759s step_avg:1891.40ms
step:215/3325 train_time:406.578s step_avg:1891.06ms
step:216/3325 train_time:408.396s step_avg:1890.72ms
step:217/3325 train_time:410.216s step_avg:1890.40ms
step:218/3325 train_time:412.035s step_avg:1890.07ms
step:219/3325 train_time:413.854s step_avg:1889.74ms
step:220/3325 train_time:415.675s step_avg:1889.43ms
step:221/3325 train_time:417.494s step_avg:1889.11ms
step:222/3325 train_time:419.313s step_avg:1888.80ms
step:223/3325 train_time:421.130s step_avg:1888.48ms
step:224/3325 train_time:422.949s step_avg:1888.17ms
step:225/3325 train_time:425.043s step_avg:1889.08ms
step:226/3325 train_time:426.861s step_avg:1888.76ms
step:227/3325 train_time:428.679s step_avg:1888.45ms
step:228/3325 train_time:430.496s step_avg:1888.14ms
step:229/3325 train_time:432.314s step_avg:1887.83ms
step:230/3325 train_time:434.134s step_avg:1887.54ms
step:231/3325 train_time:435.953s step_avg:1887.24ms
step:232/3325 train_time:437.772s step_avg:1886.95ms
step:233/3325 train_time:439.590s step_avg:1886.65ms
step:234/3325 train_time:441.407s step_avg:1886.36ms
step:235/3325 train_time:443.225s step_avg:1886.06ms
step:236/3325 train_time:445.044s step_avg:1885.78ms
step:237/3325 train_time:446.862s step_avg:1885.49ms
step:238/3325 train_time:448.679s step_avg:1885.21ms
step:239/3325 train_time:450.496s step_avg:1884.92ms
step:240/3325 train_time:452.329s step_avg:1884.71ms
step:241/3325 train_time:454.148s step_avg:1884.43ms
step:242/3325 train_time:455.966s step_avg:1884.16ms
step:243/3325 train_time:457.784s step_avg:1883.88ms
step:244/3325 train_time:459.601s step_avg:1883.61ms
step:245/3325 train_time:461.418s step_avg:1883.34ms
step:246/3325 train_time:463.234s step_avg:1883.07ms
step:247/3325 train_time:465.053s step_avg:1882.81ms
step:248/3325 train_time:466.871s step_avg:1882.55ms
step:249/3325 train_time:468.689s step_avg:1882.28ms
step:250/3325 train_time:473.460s step_avg:1893.84ms
step:250/3325 val_loss:4.32902 train_time:473.461s step_avg:1853.33ms
step:251/3325 train_time:475.278s step_avg:1893.54ms
step:252/3325 train_time:477.096s step_avg:1893.24ms
step:253/3325 train_time:478.911s step_avg:1892.93ms
step:254/3325 train_time:480.727s step_avg:1892.62ms
step:255/3325 train_time:482.543s step_avg:1892.33ms
step:256/3325 train_time:484.361s step_avg:1892.03ms
step:257/3325 train_time:486.178s step_avg:1891.74ms
step:258/3325 train_time:487.994s step_avg:1891.45ms
step:259/3325 train_time:489.811s step_avg:1891.16ms
step:260/3325 train_time:491.629s step_avg:1890.88ms
step:261/3325 train_time:493.445s step_avg:1890.59ms
step:262/3325 train_time:495.262s step_avg:1890.31ms
step:263/3325 train_time:497.078s step_avg:1890.03ms
step:264/3325 train_time:498.896s step_avg:1889.76ms
step:265/3325 train_time:500.711s step_avg:1889.48ms
step:266/3325 train_time:502.530s step_avg:1889.21ms
step:267/3325 train_time:504.347s step_avg:1888.94ms
step:268/3325 train_time:506.163s step_avg:1888.67ms
step:269/3325 train_time:507.980s step_avg:1888.40ms
step:270/3325 train_time:509.813s step_avg:1888.20ms
step:271/3325 train_time:511.629s step_avg:1887.93ms
step:272/3325 train_time:513.448s step_avg:1887.68ms
step:273/3325 train_time:515.265s step_avg:1887.42ms
step:274/3325 train_time:517.082s step_avg:1887.16ms
step:275/3325 train_time:519.171s step_avg:1887.90ms
step:276/3325 train_time:520.988s step_avg:1887.64ms
step:277/3325 train_time:522.806s step_avg:1887.39ms
step:278/3325 train_time:524.623s step_avg:1887.13ms
step:279/3325 train_time:526.441s step_avg:1886.88ms
step:280/3325 train_time:528.257s step_avg:1886.63ms
step:281/3325 train_time:530.074s step_avg:1886.39ms
step:282/3325 train_time:531.891s step_avg:1886.14ms
step:283/3325 train_time:533.710s step_avg:1885.90ms
step:284/3325 train_time:535.527s step_avg:1885.66ms
step:285/3325 train_time:537.345s step_avg:1885.42ms
step:286/3325 train_time:539.162s step_avg:1885.18ms
step:287/3325 train_time:540.978s step_avg:1884.94ms
step:288/3325 train_time:542.797s step_avg:1884.71ms
step:289/3325 train_time:544.616s step_avg:1884.48ms
step:290/3325 train_time:546.434s step_avg:1884.26ms
step:291/3325 train_time:548.252s step_avg:1884.03ms
step:292/3325 train_time:550.069s step_avg:1883.80ms
step:293/3325 train_time:551.887s step_avg:1883.57ms
step:294/3325 train_time:553.705s step_avg:1883.35ms
step:295/3325 train_time:555.521s step_avg:1883.12ms
step:296/3325 train_time:557.338s step_avg:1882.90ms
step:297/3325 train_time:559.154s step_avg:1882.67ms
step:298/3325 train_time:560.971s step_avg:1882.45ms
step:299/3325 train_time:562.789s step_avg:1882.24ms
step:300/3325 train_time:564.900s step_avg:1883.00ms
step:301/3325 train_time:566.716s step_avg:1882.78ms
step:302/3325 train_time:568.532s step_avg:1882.56ms
step:303/3325 train_time:570.348s step_avg:1882.34ms
step:304/3325 train_time:572.164s step_avg:1882.12ms
step:305/3325 train_time:573.984s step_avg:1881.91ms
step:306/3325 train_time:575.800s step_avg:1881.70ms
step:307/3325 train_time:577.617s step_avg:1881.49ms
step:308/3325 train_time:579.435s step_avg:1881.28ms
step:309/3325 train_time:581.251s step_avg:1881.07ms
step:310/3325 train_time:583.069s step_avg:1880.87ms
step:311/3325 train_time:584.887s step_avg:1880.67ms
step:312/3325 train_time:586.705s step_avg:1880.46ms
step:313/3325 train_time:588.523s step_avg:1880.27ms
step:314/3325 train_time:590.342s step_avg:1880.07ms
step:315/3325 train_time:592.160s step_avg:1879.87ms
step:316/3325 train_time:593.980s step_avg:1879.68ms
step:317/3325 train_time:595.797s step_avg:1879.49ms
step:318/3325 train_time:597.614s step_avg:1879.29ms
step:319/3325 train_time:599.431s step_avg:1879.09ms
step:320/3325 train_time:601.249s step_avg:1878.90ms
step:321/3325 train_time:603.107s step_avg:1878.84ms
step:322/3325 train_time:604.926s step_avg:1878.65ms
step:323/3325 train_time:606.743s step_avg:1878.46ms
step:324/3325 train_time:608.560s step_avg:1878.27ms
step:325/3325 train_time:610.652s step_avg:1878.93ms
step:326/3325 train_time:612.468s step_avg:1878.74ms
step:327/3325 train_time:614.285s step_avg:1878.55ms
step:328/3325 train_time:616.101s step_avg:1878.36ms
step:329/3325 train_time:617.918s step_avg:1878.17ms
step:330/3325 train_time:619.750s step_avg:1878.03ms
step:331/3325 train_time:621.567s step_avg:1877.85ms
step:332/3325 train_time:623.387s step_avg:1877.67ms
step:333/3325 train_time:625.205s step_avg:1877.49ms
step:334/3325 train_time:627.022s step_avg:1877.31ms
step:335/3325 train_time:628.837s step_avg:1877.13ms
step:336/3325 train_time:630.652s step_avg:1876.94ms
step:337/3325 train_time:632.470s step_avg:1876.76ms
step:338/3325 train_time:634.288s step_avg:1876.59ms
step:339/3325 train_time:636.105s step_avg:1876.42ms
step:340/3325 train_time:637.923s step_avg:1876.24ms
step:341/3325 train_time:639.739s step_avg:1876.07ms
step:342/3325 train_time:641.554s step_avg:1875.89ms
step:343/3325 train_time:643.372s step_avg:1875.72ms
step:344/3325 train_time:645.190s step_avg:1875.55ms
step:345/3325 train_time:647.007s step_avg:1875.38ms
step:346/3325 train_time:648.824s step_avg:1875.21ms
step:347/3325 train_time:650.641s step_avg:1875.05ms
step:348/3325 train_time:652.474s step_avg:1874.92ms
step:349/3325 train_time:654.291s step_avg:1874.76ms
step:350/3325 train_time:656.380s step_avg:1875.37ms
step:351/3325 train_time:658.195s step_avg:1875.20ms
step:352/3325 train_time:660.011s step_avg:1875.03ms
step:353/3325 train_time:661.828s step_avg:1874.87ms
step:354/3325 train_time:663.645s step_avg:1874.70ms
step:355/3325 train_time:665.463s step_avg:1874.54ms
step:356/3325 train_time:667.280s step_avg:1874.38ms
step:357/3325 train_time:669.096s step_avg:1874.22ms
step:358/3325 train_time:670.912s step_avg:1874.06ms
step:359/3325 train_time:672.730s step_avg:1873.90ms
step:360/3325 train_time:674.564s step_avg:1873.79ms
step:361/3325 train_time:676.381s step_avg:1873.63ms
step:362/3325 train_time:678.198s step_avg:1873.47ms
step:363/3325 train_time:680.014s step_avg:1873.32ms
step:364/3325 train_time:681.831s step_avg:1873.16ms
step:365/3325 train_time:683.649s step_avg:1873.01ms
step:366/3325 train_time:685.466s step_avg:1872.86ms
step:367/3325 train_time:687.283s step_avg:1872.71ms
step:368/3325 train_time:689.100s step_avg:1872.55ms
step:369/3325 train_time:690.916s step_avg:1872.40ms
step:370/3325 train_time:692.733s step_avg:1872.25ms
step:371/3325 train_time:694.551s step_avg:1872.11ms
step:372/3325 train_time:696.368s step_avg:1871.96ms
step:373/3325 train_time:698.185s step_avg:1871.81ms
step:374/3325 train_time:700.003s step_avg:1871.67ms
step:375/3325 train_time:702.159s step_avg:1872.42ms
step:375/3325 val_loss:4.02493 train_time:702.159s step_avg:1829.59ms
step:376/3325 train_time:703.977s step_avg:1872.28ms
step:377/3325 train_time:705.795s step_avg:1872.14ms
step:378/3325 train_time:707.613s step_avg:1871.99ms
step:379/3325 train_time:709.431s step_avg:1871.85ms
step:380/3325 train_time:711.249s step_avg:1871.71ms
step:381/3325 train_time:713.109s step_avg:1871.68ms
step:382/3325 train_time:714.926s step_avg:1871.53ms
step:383/3325 train_time:716.744s step_avg:1871.39ms
step:384/3325 train_time:718.562s step_avg:1871.26ms
step:385/3325 train_time:720.381s step_avg:1871.12ms
step:386/3325 train_time:722.200s step_avg:1870.99ms
step:387/3325 train_time:724.017s step_avg:1870.85ms
step:388/3325 train_time:725.834s step_avg:1870.71ms
step:389/3325 train_time:727.652s step_avg:1870.57ms
step:390/3325 train_time:729.485s step_avg:1870.47ms
step:391/3325 train_time:731.304s step_avg:1870.34ms
step:392/3325 train_time:733.122s step_avg:1870.21ms
step:393/3325 train_time:734.940s step_avg:1870.08ms
step:394/3325 train_time:736.757s step_avg:1869.94ms
step:395/3325 train_time:738.575s step_avg:1869.81ms
step:396/3325 train_time:740.393s step_avg:1869.68ms
step:397/3325 train_time:742.212s step_avg:1869.55ms
step:398/3325 train_time:744.030s step_avg:1869.42ms
step:399/3325 train_time:745.848s step_avg:1869.29ms
step:400/3325 train_time:747.938s step_avg:1869.84ms
step:401/3325 train_time:749.756s step_avg:1869.72ms
step:402/3325 train_time:751.575s step_avg:1869.59ms
step:403/3325 train_time:753.393s step_avg:1869.46ms
step:404/3325 train_time:755.210s step_avg:1869.33ms
step:405/3325 train_time:757.028s step_avg:1869.21ms
step:406/3325 train_time:758.846s step_avg:1869.08ms
step:407/3325 train_time:760.664s step_avg:1868.95ms
step:408/3325 train_time:762.482s step_avg:1868.83ms
step:409/3325 train_time:764.299s step_avg:1868.70ms
step:410/3325 train_time:766.116s step_avg:1868.58ms
step:411/3325 train_time:767.934s step_avg:1868.45ms
step:412/3325 train_time:769.752s step_avg:1868.33ms
step:413/3325 train_time:771.569s step_avg:1868.21ms
step:414/3325 train_time:773.388s step_avg:1868.09ms
step:415/3325 train_time:775.204s step_avg:1867.96ms
step:416/3325 train_time:777.022s step_avg:1867.84ms
step:417/3325 train_time:778.840s step_avg:1867.72ms
step:418/3325 train_time:780.658s step_avg:1867.60ms
step:419/3325 train_time:782.476s step_avg:1867.49ms
step:420/3325 train_time:784.310s step_avg:1867.40ms
step:421/3325 train_time:786.126s step_avg:1867.28ms
step:422/3325 train_time:787.943s step_avg:1867.16ms
step:423/3325 train_time:789.761s step_avg:1867.05ms
step:424/3325 train_time:791.580s step_avg:1866.93ms
step:425/3325 train_time:793.670s step_avg:1867.46ms
step:426/3325 train_time:795.488s step_avg:1867.34ms
step:427/3325 train_time:797.304s step_avg:1867.22ms
step:428/3325 train_time:799.120s step_avg:1867.10ms
step:429/3325 train_time:800.938s step_avg:1866.99ms
step:430/3325 train_time:802.757s step_avg:1866.88ms
step:431/3325 train_time:804.574s step_avg:1866.76ms
step:432/3325 train_time:806.391s step_avg:1866.65ms
step:433/3325 train_time:808.208s step_avg:1866.53ms
step:434/3325 train_time:810.026s step_avg:1866.42ms
step:435/3325 train_time:811.843s step_avg:1866.31ms
step:436/3325 train_time:813.660s step_avg:1866.19ms
step:437/3325 train_time:815.477s step_avg:1866.08ms
step:438/3325 train_time:817.295s step_avg:1865.97ms
step:439/3325 train_time:819.113s step_avg:1865.86ms
step:440/3325 train_time:820.934s step_avg:1865.76ms
step:441/3325 train_time:822.752s step_avg:1865.65ms
step:442/3325 train_time:824.568s step_avg:1865.54ms
step:443/3325 train_time:826.385s step_avg:1865.43ms
step:444/3325 train_time:828.203s step_avg:1865.32ms
step:445/3325 train_time:830.021s step_avg:1865.22ms
step:446/3325 train_time:831.840s step_avg:1865.11ms
step:447/3325 train_time:833.658s step_avg:1865.01ms
step:448/3325 train_time:835.476s step_avg:1864.90ms
step:449/3325 train_time:837.292s step_avg:1864.79ms
step:450/3325 train_time:839.399s step_avg:1865.33ms
step:451/3325 train_time:841.218s step_avg:1865.23ms
step:452/3325 train_time:843.035s step_avg:1865.12ms
step:453/3325 train_time:844.852s step_avg:1865.02ms
step:454/3325 train_time:846.669s step_avg:1864.91ms
step:455/3325 train_time:848.484s step_avg:1864.80ms
step:456/3325 train_time:850.302s step_avg:1864.70ms
step:457/3325 train_time:852.121s step_avg:1864.60ms
step:458/3325 train_time:853.939s step_avg:1864.50ms
step:459/3325 train_time:855.757s step_avg:1864.40ms
step:460/3325 train_time:857.575s step_avg:1864.29ms
step:461/3325 train_time:859.392s step_avg:1864.19ms
step:462/3325 train_time:861.212s step_avg:1864.09ms
step:463/3325 train_time:863.029s step_avg:1863.99ms
step:464/3325 train_time:864.847s step_avg:1863.89ms
step:465/3325 train_time:866.664s step_avg:1863.79ms
step:466/3325 train_time:868.482s step_avg:1863.69ms
step:467/3325 train_time:870.300s step_avg:1863.60ms
step:468/3325 train_time:872.119s step_avg:1863.50ms
step:469/3325 train_time:873.936s step_avg:1863.40ms
step:470/3325 train_time:875.753s step_avg:1863.30ms
step:471/3325 train_time:877.570s step_avg:1863.21ms
step:472/3325 train_time:879.388s step_avg:1863.11ms
step:473/3325 train_time:881.208s step_avg:1863.02ms
step:474/3325 train_time:883.026s step_avg:1862.92ms
step:475/3325 train_time:885.120s step_avg:1863.41ms
step:476/3325 train_time:886.937s step_avg:1863.31ms
step:477/3325 train_time:888.755s step_avg:1863.22ms
step:478/3325 train_time:890.574s step_avg:1863.13ms
step:479/3325 train_time:892.393s step_avg:1863.03ms
step:480/3325 train_time:894.227s step_avg:1862.97ms
step:481/3325 train_time:896.045s step_avg:1862.88ms
step:482/3325 train_time:897.862s step_avg:1862.79ms
step:483/3325 train_time:899.679s step_avg:1862.69ms
step:484/3325 train_time:901.498s step_avg:1862.60ms
step:485/3325 train_time:903.316s step_avg:1862.51ms
step:486/3325 train_time:905.134s step_avg:1862.42ms
step:487/3325 train_time:906.951s step_avg:1862.32ms
step:488/3325 train_time:908.766s step_avg:1862.23ms
step:489/3325 train_time:910.585s step_avg:1862.14ms
step:490/3325 train_time:912.403s step_avg:1862.05ms
step:491/3325 train_time:914.222s step_avg:1861.96ms
step:492/3325 train_time:916.040s step_avg:1861.87ms
step:493/3325 train_time:917.857s step_avg:1861.78ms
step:494/3325 train_time:919.675s step_avg:1861.69ms
step:495/3325 train_time:921.492s step_avg:1861.60ms
step:496/3325 train_time:923.310s step_avg:1861.51ms
step:497/3325 train_time:925.128s step_avg:1861.42ms
step:498/3325 train_time:926.946s step_avg:1861.34ms
step:499/3325 train_time:928.763s step_avg:1861.25ms
step:500/3325 train_time:933.546s step_avg:1867.09ms
step:500/3325 val_loss:3.89597 train_time:933.547s step_avg:1851.10ms
step:501/3325 train_time:935.364s step_avg:1866.99ms
step:502/3325 train_time:937.180s step_avg:1866.89ms
step:503/3325 train_time:938.997s step_avg:1866.79ms
step:504/3325 train_time:940.813s step_avg:1866.69ms
step:505/3325 train_time:942.629s step_avg:1866.59ms
step:506/3325 train_time:944.446s step_avg:1866.49ms
step:507/3325 train_time:946.263s step_avg:1866.40ms
step:508/3325 train_time:948.080s step_avg:1866.30ms
step:509/3325 train_time:949.897s step_avg:1866.20ms
step:510/3325 train_time:951.730s step_avg:1866.14ms
step:511/3325 train_time:953.547s step_avg:1866.04ms
step:512/3325 train_time:955.365s step_avg:1865.95ms
step:513/3325 train_time:957.182s step_avg:1865.85ms
step:514/3325 train_time:959.001s step_avg:1865.76ms
step:515/3325 train_time:960.818s step_avg:1865.67ms
step:516/3325 train_time:962.634s step_avg:1865.57ms
step:517/3325 train_time:964.450s step_avg:1865.47ms
step:518/3325 train_time:966.267s step_avg:1865.38ms
step:519/3325 train_time:968.084s step_avg:1865.29ms
step:520/3325 train_time:969.904s step_avg:1865.20ms
step:521/3325 train_time:971.721s step_avg:1865.11ms
step:522/3325 train_time:973.537s step_avg:1865.01ms
step:523/3325 train_time:975.353s step_avg:1864.92ms
step:524/3325 train_time:977.170s step_avg:1864.83ms
step:525/3325 train_time:979.265s step_avg:1865.27ms
step:526/3325 train_time:981.081s step_avg:1865.17ms
step:527/3325 train_time:982.898s step_avg:1865.08ms
step:528/3325 train_time:984.717s step_avg:1864.99ms
step:529/3325 train_time:986.535s step_avg:1864.90ms
step:530/3325 train_time:988.352s step_avg:1864.82ms
step:531/3325 train_time:990.193s step_avg:1864.77ms
step:532/3325 train_time:992.012s step_avg:1864.68ms
step:533/3325 train_time:993.831s step_avg:1864.60ms
step:534/3325 train_time:995.649s step_avg:1864.51ms
step:535/3325 train_time:997.466s step_avg:1864.42ms
step:536/3325 train_time:999.283s step_avg:1864.33ms
step:537/3325 train_time:1001.100s step_avg:1864.25ms
step:538/3325 train_time:1002.918s step_avg:1864.16ms
step:539/3325 train_time:1004.735s step_avg:1864.07ms
step:540/3325 train_time:1006.568s step_avg:1864.01ms
step:541/3325 train_time:1008.387s step_avg:1863.93ms
step:542/3325 train_time:1010.205s step_avg:1863.85ms
step:543/3325 train_time:1012.022s step_avg:1863.76ms
step:544/3325 train_time:1013.839s step_avg:1863.67ms
step:545/3325 train_time:1015.657s step_avg:1863.59ms
step:546/3325 train_time:1017.475s step_avg:1863.51ms
step:547/3325 train_time:1019.294s step_avg:1863.43ms
step:548/3325 train_time:1021.112s step_avg:1863.34ms
step:549/3325 train_time:1022.928s step_avg:1863.26ms
step:550/3325 train_time:1025.019s step_avg:1863.67ms
step:551/3325 train_time:1026.835s step_avg:1863.58ms
step:552/3325 train_time:1028.654s step_avg:1863.50ms
step:553/3325 train_time:1030.471s step_avg:1863.42ms
step:554/3325 train_time:1032.289s step_avg:1863.34ms
step:555/3325 train_time:1034.106s step_avg:1863.25ms
step:556/3325 train_time:1035.923s step_avg:1863.17ms
step:557/3325 train_time:1037.740s step_avg:1863.09ms
step:558/3325 train_time:1039.559s step_avg:1863.01ms
step:559/3325 train_time:1041.377s step_avg:1862.93ms
step:560/3325 train_time:1043.195s step_avg:1862.85ms
step:561/3325 train_time:1045.013s step_avg:1862.77ms
step:562/3325 train_time:1046.832s step_avg:1862.69ms
step:563/3325 train_time:1048.650s step_avg:1862.61ms
step:564/3325 train_time:1050.468s step_avg:1862.53ms
step:565/3325 train_time:1052.286s step_avg:1862.45ms
step:566/3325 train_time:1054.104s step_avg:1862.37ms
step:567/3325 train_time:1055.921s step_avg:1862.29ms
step:568/3325 train_time:1057.739s step_avg:1862.22ms
step:569/3325 train_time:1059.556s step_avg:1862.14ms
step:570/3325 train_time:1061.390s step_avg:1862.09ms
step:571/3325 train_time:1063.245s step_avg:1862.08ms
step:572/3325 train_time:1065.062s step_avg:1862.00ms
step:573/3325 train_time:1066.879s step_avg:1861.92ms
step:574/3325 train_time:1068.696s step_avg:1861.84ms
step:575/3325 train_time:1070.786s step_avg:1862.24ms
step:576/3325 train_time:1072.603s step_avg:1862.16ms
step:577/3325 train_time:1074.421s step_avg:1862.08ms
step:578/3325 train_time:1076.239s step_avg:1862.00ms
step:579/3325 train_time:1078.055s step_avg:1861.93ms
step:580/3325 train_time:1079.874s step_avg:1861.85ms
step:581/3325 train_time:1081.691s step_avg:1861.78ms
step:582/3325 train_time:1083.509s step_avg:1861.70ms
step:583/3325 train_time:1085.326s step_avg:1861.62ms
step:584/3325 train_time:1087.142s step_avg:1861.54ms
step:585/3325 train_time:1088.961s step_avg:1861.47ms
step:586/3325 train_time:1090.779s step_avg:1861.40ms
step:587/3325 train_time:1092.597s step_avg:1861.32ms
step:588/3325 train_time:1094.414s step_avg:1861.25ms
step:589/3325 train_time:1096.231s step_avg:1861.17ms
step:590/3325 train_time:1098.050s step_avg:1861.10ms
step:591/3325 train_time:1099.869s step_avg:1861.03ms
step:592/3325 train_time:1101.687s step_avg:1860.96ms
step:593/3325 train_time:1103.503s step_avg:1860.88ms
step:594/3325 train_time:1105.320s step_avg:1860.81ms
step:595/3325 train_time:1107.137s step_avg:1860.73ms
step:596/3325 train_time:1108.954s step_avg:1860.66ms
step:597/3325 train_time:1110.772s step_avg:1860.59ms
step:598/3325 train_time:1112.589s step_avg:1860.52ms
step:599/3325 train_time:1114.407s step_avg:1860.45ms
step:600/3325 train_time:1116.515s step_avg:1860.86ms
step:601/3325 train_time:1118.333s step_avg:1860.79ms
step:602/3325 train_time:1120.150s step_avg:1860.71ms
step:603/3325 train_time:1121.967s step_avg:1860.64ms
step:604/3325 train_time:1123.783s step_avg:1860.57ms
step:605/3325 train_time:1125.600s step_avg:1860.50ms
step:606/3325 train_time:1127.416s step_avg:1860.42ms
step:607/3325 train_time:1129.234s step_avg:1860.35ms
step:608/3325 train_time:1131.051s step_avg:1860.28ms
step:609/3325 train_time:1132.868s step_avg:1860.21ms
step:610/3325 train_time:1134.684s step_avg:1860.14ms
step:611/3325 train_time:1136.501s step_avg:1860.07ms
step:612/3325 train_time:1138.318s step_avg:1860.00ms
step:613/3325 train_time:1140.137s step_avg:1859.93ms
step:614/3325 train_time:1141.954s step_avg:1859.86ms
step:615/3325 train_time:1143.771s step_avg:1859.79ms
step:616/3325 train_time:1145.589s step_avg:1859.72ms
step:617/3325 train_time:1147.405s step_avg:1859.65ms
step:618/3325 train_time:1149.224s step_avg:1859.59ms
step:619/3325 train_time:1151.042s step_avg:1859.52ms
step:620/3325 train_time:1152.859s step_avg:1859.45ms
step:621/3325 train_time:1154.676s step_avg:1859.38ms
step:622/3325 train_time:1156.494s step_avg:1859.31ms
step:623/3325 train_time:1158.311s step_avg:1859.25ms
step:624/3325 train_time:1160.128s step_avg:1859.18ms
step:625/3325 train_time:1162.282s step_avg:1859.65ms
step:625/3325 val_loss:3.81641 train_time:1162.283s step_avg:1829.89ms
step:626/3325 train_time:1164.102s step_avg:1859.59ms
step:627/3325 train_time:1165.921s step_avg:1859.52ms
step:628/3325 train_time:1167.739s step_avg:1859.46ms
step:629/3325 train_time:1169.557s step_avg:1859.39ms
step:630/3325 train_time:1171.390s step_avg:1859.35ms
step:631/3325 train_time:1173.208s step_avg:1859.28ms
step:632/3325 train_time:1175.027s step_avg:1859.22ms
step:633/3325 train_time:1176.846s step_avg:1859.16ms
step:634/3325 train_time:1178.665s step_avg:1859.09ms
step:635/3325 train_time:1180.482s step_avg:1859.03ms
step:636/3325 train_time:1182.300s step_avg:1858.96ms
step:637/3325 train_time:1184.117s step_avg:1858.90ms
step:638/3325 train_time:1185.935s step_avg:1858.83ms
step:639/3325 train_time:1187.755s step_avg:1858.77ms
step:640/3325 train_time:1189.572s step_avg:1858.71ms
step:641/3325 train_time:1191.389s step_avg:1858.64ms
step:642/3325 train_time:1193.207s step_avg:1858.58ms
step:643/3325 train_time:1195.025s step_avg:1858.51ms
step:644/3325 train_time:1196.843s step_avg:1858.45ms
step:645/3325 train_time:1198.662s step_avg:1858.39ms
step:646/3325 train_time:1200.480s step_avg:1858.33ms
step:647/3325 train_time:1202.299s step_avg:1858.27ms
step:648/3325 train_time:1204.116s step_avg:1858.20ms
step:649/3325 train_time:1205.935s step_avg:1858.14ms
step:650/3325 train_time:1208.032s step_avg:1858.51ms
step:651/3325 train_time:1209.849s step_avg:1858.45ms
step:652/3325 train_time:1211.667s step_avg:1858.38ms
step:653/3325 train_time:1213.484s step_avg:1858.32ms
step:654/3325 train_time:1215.301s step_avg:1858.26ms
step:655/3325 train_time:1217.119s step_avg:1858.20ms
step:656/3325 train_time:1218.936s step_avg:1858.13ms
step:657/3325 train_time:1220.753s step_avg:1858.07ms
step:658/3325 train_time:1222.570s step_avg:1858.01ms
step:659/3325 train_time:1224.386s step_avg:1857.95ms
step:660/3325 train_time:1226.220s step_avg:1857.91ms
step:661/3325 train_time:1228.039s step_avg:1857.85ms
step:662/3325 train_time:1229.856s step_avg:1857.79ms
step:663/3325 train_time:1231.672s step_avg:1857.73ms
step:664/3325 train_time:1233.490s step_avg:1857.67ms
step:665/3325 train_time:1235.308s step_avg:1857.61ms
step:666/3325 train_time:1237.126s step_avg:1857.55ms
step:667/3325 train_time:1238.944s step_avg:1857.49ms
step:668/3325 train_time:1240.761s step_avg:1857.43ms
step:669/3325 train_time:1242.578s step_avg:1857.37ms
step:670/3325 train_time:1244.393s step_avg:1857.30ms
step:671/3325 train_time:1246.210s step_avg:1857.24ms
step:672/3325 train_time:1248.029s step_avg:1857.19ms
step:673/3325 train_time:1249.847s step_avg:1857.13ms
step:674/3325 train_time:1251.663s step_avg:1857.07ms
step:675/3325 train_time:1253.751s step_avg:1857.41ms
step:676/3325 train_time:1255.569s step_avg:1857.35ms
step:677/3325 train_time:1257.388s step_avg:1857.29ms
step:678/3325 train_time:1259.205s step_avg:1857.23ms
step:679/3325 train_time:1261.024s step_avg:1857.18ms
step:680/3325 train_time:1262.841s step_avg:1857.12ms
step:681/3325 train_time:1264.658s step_avg:1857.06ms
step:682/3325 train_time:1266.476s step_avg:1857.00ms
step:683/3325 train_time:1268.295s step_avg:1856.95ms
step:684/3325 train_time:1270.112s step_avg:1856.89ms
step:685/3325 train_time:1271.928s step_avg:1856.83ms
step:686/3325 train_time:1273.745s step_avg:1856.77ms
step:687/3325 train_time:1275.562s step_avg:1856.71ms
step:688/3325 train_time:1277.380s step_avg:1856.66ms
step:689/3325 train_time:1279.198s step_avg:1856.60ms
step:690/3325 train_time:1281.031s step_avg:1856.57ms
step:691/3325 train_time:1282.848s step_avg:1856.51ms
step:692/3325 train_time:1284.665s step_avg:1856.45ms
step:693/3325 train_time:1286.482s step_avg:1856.40ms
step:694/3325 train_time:1288.300s step_avg:1856.34ms
step:695/3325 train_time:1290.117s step_avg:1856.28ms
step:696/3325 train_time:1291.933s step_avg:1856.23ms
step:697/3325 train_time:1293.749s step_avg:1856.17ms
step:698/3325 train_time:1295.565s step_avg:1856.11ms
step:699/3325 train_time:1297.384s step_avg:1856.06ms
step:700/3325 train_time:1299.474s step_avg:1856.39ms
step:701/3325 train_time:1301.292s step_avg:1856.34ms
step:702/3325 train_time:1303.108s step_avg:1856.28ms
step:703/3325 train_time:1304.925s step_avg:1856.22ms
step:704/3325 train_time:1306.742s step_avg:1856.17ms
step:705/3325 train_time:1308.559s step_avg:1856.11ms
step:706/3325 train_time:1310.375s step_avg:1856.06ms
step:707/3325 train_time:1312.190s step_avg:1856.00ms
step:708/3325 train_time:1314.006s step_avg:1855.94ms
step:709/3325 train_time:1315.824s step_avg:1855.89ms
step:710/3325 train_time:1317.644s step_avg:1855.84ms
step:711/3325 train_time:1319.461s step_avg:1855.78ms
step:712/3325 train_time:1321.278s step_avg:1855.73ms
step:713/3325 train_time:1323.095s step_avg:1855.67ms
step:714/3325 train_time:1324.911s step_avg:1855.62ms
step:715/3325 train_time:1326.729s step_avg:1855.57ms
step:716/3325 train_time:1328.547s step_avg:1855.51ms
step:717/3325 train_time:1330.364s step_avg:1855.46ms
step:718/3325 train_time:1332.180s step_avg:1855.40ms
step:719/3325 train_time:1333.995s step_avg:1855.35ms
step:720/3325 train_time:1335.828s step_avg:1855.32ms
step:721/3325 train_time:1337.648s step_avg:1855.27ms
step:722/3325 train_time:1339.465s step_avg:1855.21ms
step:723/3325 train_time:1341.281s step_avg:1855.16ms
step:724/3325 train_time:1343.098s step_avg:1855.11ms
step:725/3325 train_time:1345.186s step_avg:1855.43ms
step:726/3325 train_time:1347.004s step_avg:1855.38ms
step:727/3325 train_time:1348.820s step_avg:1855.32ms
step:728/3325 train_time:1350.636s step_avg:1855.27ms
step:729/3325 train_time:1352.451s step_avg:1855.21ms
step:730/3325 train_time:1354.267s step_avg:1855.16ms
step:731/3325 train_time:1356.083s step_avg:1855.11ms
step:732/3325 train_time:1357.899s step_avg:1855.05ms
step:733/3325 train_time:1359.715s step_avg:1855.00ms
step:734/3325 train_time:1361.530s step_avg:1854.95ms
step:735/3325 train_time:1363.345s step_avg:1854.89ms
step:736/3325 train_time:1365.160s step_avg:1854.84ms
step:737/3325 train_time:1366.977s step_avg:1854.79ms
step:738/3325 train_time:1368.794s step_avg:1854.73ms
step:739/3325 train_time:1370.609s step_avg:1854.68ms
step:740/3325 train_time:1372.425s step_avg:1854.63ms
step:741/3325 train_time:1374.241s step_avg:1854.58ms
step:742/3325 train_time:1376.056s step_avg:1854.52ms
step:743/3325 train_time:1377.872s step_avg:1854.47ms
step:744/3325 train_time:1379.689s step_avg:1854.42ms
step:745/3325 train_time:1381.505s step_avg:1854.37ms
step:746/3325 train_time:1383.321s step_avg:1854.32ms
step:747/3325 train_time:1385.136s step_avg:1854.27ms
step:748/3325 train_time:1386.953s step_avg:1854.22ms
step:749/3325 train_time:1388.769s step_avg:1854.16ms
step:750/3325 train_time:1390.939s step_avg:1854.59ms
step:750/3325 val_loss:3.76427 train_time:1390.940s step_avg:1829.25ms
step:751/3325 train_time:1392.758s step_avg:1854.54ms
step:752/3325 train_time:1394.577s step_avg:1854.49ms
step:753/3325 train_time:1396.394s step_avg:1854.44ms
step:754/3325 train_time:1398.211s step_avg:1854.39ms
step:755/3325 train_time:1400.027s step_avg:1854.34ms
step:756/3325 train_time:1401.843s step_avg:1854.29ms
step:757/3325 train_time:1403.659s step_avg:1854.24ms
step:758/3325 train_time:1405.476s step_avg:1854.19ms
step:759/3325 train_time:1407.293s step_avg:1854.14ms
step:760/3325 train_time:1409.110s step_avg:1854.09ms
step:761/3325 train_time:1410.959s step_avg:1854.09ms
step:762/3325 train_time:1412.775s step_avg:1854.04ms
step:763/3325 train_time:1414.593s step_avg:1853.99ms
step:764/3325 train_time:1416.411s step_avg:1853.94ms
step:765/3325 train_time:1418.228s step_avg:1853.89ms
step:766/3325 train_time:1420.044s step_avg:1853.84ms
step:767/3325 train_time:1421.860s step_avg:1853.79ms
step:768/3325 train_time:1423.676s step_avg:1853.74ms
step:769/3325 train_time:1425.492s step_avg:1853.70ms
step:770/3325 train_time:1427.308s step_avg:1853.65ms
step:771/3325 train_time:1429.125s step_avg:1853.60ms
step:772/3325 train_time:1430.941s step_avg:1853.55ms
step:773/3325 train_time:1432.758s step_avg:1853.50ms
step:774/3325 train_time:1434.576s step_avg:1853.46ms
step:775/3325 train_time:1436.670s step_avg:1853.77ms
step:776/3325 train_time:1438.485s step_avg:1853.72ms
step:777/3325 train_time:1440.300s step_avg:1853.67ms
step:778/3325 train_time:1442.116s step_avg:1853.62ms
step:779/3325 train_time:1443.932s step_avg:1853.57ms
step:780/3325 train_time:1445.765s step_avg:1853.54ms
step:781/3325 train_time:1447.581s step_avg:1853.50ms
step:782/3325 train_time:1449.398s step_avg:1853.45ms
step:783/3325 train_time:1451.213s step_avg:1853.40ms
step:784/3325 train_time:1453.029s step_avg:1853.35ms
step:785/3325 train_time:1454.846s step_avg:1853.31ms
step:786/3325 train_time:1456.664s step_avg:1853.26ms
step:787/3325 train_time:1458.481s step_avg:1853.22ms
step:788/3325 train_time:1460.298s step_avg:1853.17ms
step:789/3325 train_time:1462.114s step_avg:1853.12ms
step:790/3325 train_time:1463.930s step_avg:1853.08ms
step:791/3325 train_time:1465.746s step_avg:1853.03ms
step:792/3325 train_time:1467.563s step_avg:1852.98ms
step:793/3325 train_time:1469.380s step_avg:1852.94ms
step:794/3325 train_time:1471.197s step_avg:1852.89ms
step:795/3325 train_time:1473.014s step_avg:1852.85ms
step:796/3325 train_time:1474.831s step_avg:1852.80ms
step:797/3325 train_time:1476.648s step_avg:1852.76ms
step:798/3325 train_time:1478.467s step_avg:1852.72ms
step:799/3325 train_time:1480.283s step_avg:1852.67ms
step:800/3325 train_time:1482.372s step_avg:1852.96ms
step:801/3325 train_time:1484.186s step_avg:1852.92ms
step:802/3325 train_time:1486.003s step_avg:1852.87ms
step:803/3325 train_time:1487.820s step_avg:1852.83ms
step:804/3325 train_time:1489.637s step_avg:1852.78ms
step:805/3325 train_time:1491.454s step_avg:1852.74ms
step:806/3325 train_time:1493.270s step_avg:1852.69ms
step:807/3325 train_time:1495.086s step_avg:1852.65ms
step:808/3325 train_time:1496.902s step_avg:1852.60ms
step:809/3325 train_time:1498.719s step_avg:1852.56ms
step:810/3325 train_time:1500.551s step_avg:1852.53ms
step:811/3325 train_time:1502.366s step_avg:1852.49ms
step:812/3325 train_time:1504.183s step_avg:1852.44ms
step:813/3325 train_time:1506.003s step_avg:1852.40ms
step:814/3325 train_time:1507.819s step_avg:1852.36ms
step:815/3325 train_time:1509.635s step_avg:1852.31ms
step:816/3325 train_time:1511.452s step_avg:1852.27ms
step:817/3325 train_time:1513.270s step_avg:1852.23ms
step:818/3325 train_time:1515.087s step_avg:1852.18ms
step:819/3325 train_time:1516.904s step_avg:1852.14ms
step:820/3325 train_time:1518.720s step_avg:1852.10ms
step:821/3325 train_time:1520.536s step_avg:1852.05ms
step:822/3325 train_time:1522.353s step_avg:1852.01ms
step:823/3325 train_time:1524.169s step_avg:1851.97ms
step:824/3325 train_time:1525.986s step_avg:1851.92ms
step:825/3325 train_time:1528.074s step_avg:1852.21ms
step:826/3325 train_time:1529.890s step_avg:1852.17ms
step:827/3325 train_time:1531.706s step_avg:1852.12ms
step:828/3325 train_time:1533.527s step_avg:1852.09ms
step:829/3325 train_time:1535.344s step_avg:1852.04ms
step:830/3325 train_time:1537.161s step_avg:1852.00ms
step:831/3325 train_time:1538.978s step_avg:1851.96ms
step:832/3325 train_time:1540.795s step_avg:1851.92ms
step:833/3325 train_time:1542.610s step_avg:1851.87ms
step:834/3325 train_time:1544.428s step_avg:1851.83ms
step:835/3325 train_time:1546.266s step_avg:1851.82ms
step:836/3325 train_time:1548.084s step_avg:1851.78ms
step:837/3325 train_time:1549.900s step_avg:1851.73ms
step:838/3325 train_time:1551.718s step_avg:1851.69ms
step:839/3325 train_time:1553.534s step_avg:1851.65ms
step:840/3325 train_time:1555.368s step_avg:1851.63ms
step:841/3325 train_time:1557.184s step_avg:1851.59ms
step:842/3325 train_time:1559.000s step_avg:1851.54ms
step:843/3325 train_time:1560.817s step_avg:1851.50ms
step:844/3325 train_time:1562.633s step_avg:1851.46ms
step:845/3325 train_time:1564.449s step_avg:1851.42ms
step:846/3325 train_time:1566.267s step_avg:1851.38ms
step:847/3325 train_time:1568.083s step_avg:1851.34ms
step:848/3325 train_time:1569.899s step_avg:1851.30ms
step:849/3325 train_time:1571.715s step_avg:1851.25ms
step:850/3325 train_time:1573.803s step_avg:1851.53ms
step:851/3325 train_time:1575.620s step_avg:1851.49ms
step:852/3325 train_time:1577.437s step_avg:1851.45ms
step:853/3325 train_time:1579.253s step_avg:1851.41ms
step:854/3325 train_time:1581.069s step_avg:1851.37ms
step:855/3325 train_time:1582.884s step_avg:1851.33ms
step:856/3325 train_time:1584.739s step_avg:1851.33ms
step:857/3325 train_time:1586.557s step_avg:1851.29ms
step:858/3325 train_time:1588.373s step_avg:1851.25ms
step:859/3325 train_time:1590.188s step_avg:1851.21ms
step:860/3325 train_time:1592.003s step_avg:1851.17ms
step:861/3325 train_time:1593.819s step_avg:1851.13ms
step:862/3325 train_time:1595.637s step_avg:1851.09ms
step:863/3325 train_time:1597.454s step_avg:1851.05ms
step:864/3325 train_time:1599.270s step_avg:1851.01ms
step:865/3325 train_time:1601.086s step_avg:1850.97ms
step:866/3325 train_time:1602.902s step_avg:1850.93ms
step:867/3325 train_time:1604.719s step_avg:1850.89ms
step:868/3325 train_time:1606.537s step_avg:1850.85ms
step:869/3325 train_time:1608.352s step_avg:1850.81ms
step:870/3325 train_time:1610.183s step_avg:1850.79ms
step:871/3325 train_time:1612.000s step_avg:1850.75ms
step:872/3325 train_time:1613.816s step_avg:1850.71ms
step:873/3325 train_time:1615.634s step_avg:1850.67ms
step:874/3325 train_time:1617.450s step_avg:1850.63ms
step:875/3325 train_time:1619.602s step_avg:1850.97ms
step:875/3325 val_loss:3.72782 train_time:1619.603s step_avg:1829.30ms
step:876/3325 train_time:1621.420s step_avg:1850.94ms
step:877/3325 train_time:1623.237s step_avg:1850.90ms
step:878/3325 train_time:1625.054s step_avg:1850.86ms
step:879/3325 train_time:1626.871s step_avg:1850.82ms
step:880/3325 train_time:1628.687s step_avg:1850.78ms
step:881/3325 train_time:1630.503s step_avg:1850.74ms
step:882/3325 train_time:1632.322s step_avg:1850.70ms
step:883/3325 train_time:1634.140s step_avg:1850.67ms
step:884/3325 train_time:1635.958s step_avg:1850.63ms
step:885/3325 train_time:1637.774s step_avg:1850.59ms
step:886/3325 train_time:1639.591s step_avg:1850.55ms
step:887/3325 train_time:1641.408s step_avg:1850.52ms
step:888/3325 train_time:1643.226s step_avg:1850.48ms
step:889/3325 train_time:1645.043s step_avg:1850.44ms
step:890/3325 train_time:1646.859s step_avg:1850.40ms
step:891/3325 train_time:1648.675s step_avg:1850.37ms
step:892/3325 train_time:1650.493s step_avg:1850.33ms
step:893/3325 train_time:1652.309s step_avg:1850.29ms
step:894/3325 train_time:1654.127s step_avg:1850.25ms
step:895/3325 train_time:1655.944s step_avg:1850.22ms
step:896/3325 train_time:1657.760s step_avg:1850.18ms
step:897/3325 train_time:1659.576s step_avg:1850.14ms
step:898/3325 train_time:1661.392s step_avg:1850.10ms
step:899/3325 train_time:1663.210s step_avg:1850.07ms
step:900/3325 train_time:1665.315s step_avg:1850.35ms
step:901/3325 train_time:1667.131s step_avg:1850.31ms
step:902/3325 train_time:1668.948s step_avg:1850.27ms
step:903/3325 train_time:1670.764s step_avg:1850.24ms
step:904/3325 train_time:1672.581s step_avg:1850.20ms
step:905/3325 train_time:1674.397s step_avg:1850.16ms
step:906/3325 train_time:1676.215s step_avg:1850.13ms
step:907/3325 train_time:1678.032s step_avg:1850.09ms
step:908/3325 train_time:1679.849s step_avg:1850.05ms
step:909/3325 train_time:1681.665s step_avg:1850.02ms
step:910/3325 train_time:1683.483s step_avg:1849.98ms
step:911/3325 train_time:1685.298s step_avg:1849.94ms
step:912/3325 train_time:1687.117s step_avg:1849.91ms
step:913/3325 train_time:1688.934s step_avg:1849.87ms
step:914/3325 train_time:1690.751s step_avg:1849.84ms
step:915/3325 train_time:1692.568s step_avg:1849.80ms
step:916/3325 train_time:1694.384s step_avg:1849.76ms
step:917/3325 train_time:1696.201s step_avg:1849.73ms
step:918/3325 train_time:1698.016s step_avg:1849.69ms
step:919/3325 train_time:1699.831s step_avg:1849.65ms
step:920/3325 train_time:1701.648s step_avg:1849.62ms
step:921/3325 train_time:1703.467s step_avg:1849.58ms
step:922/3325 train_time:1705.284s step_avg:1849.55ms
step:923/3325 train_time:1707.101s step_avg:1849.51ms
step:924/3325 train_time:1708.916s step_avg:1849.48ms
step:925/3325 train_time:1711.004s step_avg:1849.73ms
step:926/3325 train_time:1712.821s step_avg:1849.70ms
step:927/3325 train_time:1714.637s step_avg:1849.66ms
step:928/3325 train_time:1716.452s step_avg:1849.63ms
step:929/3325 train_time:1718.267s step_avg:1849.59ms
step:930/3325 train_time:1720.100s step_avg:1849.57ms
step:931/3325 train_time:1721.916s step_avg:1849.53ms
step:932/3325 train_time:1723.733s step_avg:1849.50ms
step:933/3325 train_time:1725.550s step_avg:1849.46ms
step:934/3325 train_time:1727.365s step_avg:1849.43ms
step:935/3325 train_time:1729.180s step_avg:1849.39ms
step:936/3325 train_time:1730.997s step_avg:1849.36ms
step:937/3325 train_time:1732.816s step_avg:1849.32ms
step:938/3325 train_time:1734.632s step_avg:1849.29ms
step:939/3325 train_time:1736.449s step_avg:1849.25ms
step:940/3325 train_time:1738.264s step_avg:1849.22ms
step:941/3325 train_time:1740.079s step_avg:1849.18ms
step:942/3325 train_time:1741.895s step_avg:1849.15ms
step:943/3325 train_time:1743.714s step_avg:1849.11ms
step:944/3325 train_time:1745.531s step_avg:1849.08ms
step:945/3325 train_time:1747.347s step_avg:1849.04ms
step:946/3325 train_time:1749.163s step_avg:1849.01ms
step:947/3325 train_time:1750.978s step_avg:1848.97ms
step:948/3325 train_time:1752.795s step_avg:1848.94ms
step:949/3325 train_time:1754.613s step_avg:1848.91ms
step:950/3325 train_time:1756.702s step_avg:1849.16ms
step:951/3325 train_time:1758.553s step_avg:1849.16ms
step:952/3325 train_time:1760.370s step_avg:1849.13ms
step:953/3325 train_time:1762.185s step_avg:1849.09ms
step:954/3325 train_time:1764.002s step_avg:1849.06ms
step:955/3325 train_time:1765.818s step_avg:1849.02ms
step:956/3325 train_time:1767.635s step_avg:1848.99ms
step:957/3325 train_time:1769.451s step_avg:1848.96ms
step:958/3325 train_time:1771.267s step_avg:1848.92ms
step:959/3325 train_time:1773.084s step_avg:1848.89ms
step:960/3325 train_time:1774.917s step_avg:1848.87ms
step:961/3325 train_time:1776.733s step_avg:1848.84ms
step:962/3325 train_time:1778.548s step_avg:1848.80ms
step:963/3325 train_time:1780.364s step_avg:1848.77ms
step:964/3325 train_time:1782.181s step_avg:1848.74ms
step:965/3325 train_time:1783.997s step_avg:1848.70ms
step:966/3325 train_time:1785.814s step_avg:1848.67ms
step:967/3325 train_time:1787.630s step_avg:1848.64ms
step:968/3325 train_time:1789.445s step_avg:1848.60ms
step:969/3325 train_time:1791.261s step_avg:1848.57ms
step:970/3325 train_time:1793.077s step_avg:1848.53ms
step:971/3325 train_time:1794.894s step_avg:1848.50ms
step:972/3325 train_time:1796.711s step_avg:1848.47ms
step:973/3325 train_time:1798.527s step_avg:1848.44ms
step:974/3325 train_time:1800.343s step_avg:1848.40ms
step:975/3325 train_time:1802.430s step_avg:1848.65ms
step:976/3325 train_time:1804.247s step_avg:1848.61ms
step:977/3325 train_time:1806.063s step_avg:1848.58ms
step:978/3325 train_time:1807.880s step_avg:1848.55ms
step:979/3325 train_time:1809.695s step_avg:1848.51ms
step:980/3325 train_time:1811.512s step_avg:1848.48ms
step:981/3325 train_time:1813.328s step_avg:1848.45ms
step:982/3325 train_time:1815.145s step_avg:1848.42ms
step:983/3325 train_time:1816.961s step_avg:1848.38ms
step:984/3325 train_time:1818.776s step_avg:1848.35ms
step:985/3325 train_time:1820.591s step_avg:1848.32ms
step:986/3325 train_time:1822.408s step_avg:1848.28ms
step:987/3325 train_time:1824.223s step_avg:1848.25ms
step:988/3325 train_time:1826.040s step_avg:1848.22ms
step:989/3325 train_time:1827.856s step_avg:1848.19ms
step:990/3325 train_time:1829.689s step_avg:1848.17ms
step:991/3325 train_time:1831.504s step_avg:1848.14ms
step:992/3325 train_time:1833.319s step_avg:1848.10ms
step:993/3325 train_time:1835.138s step_avg:1848.07ms
step:994/3325 train_time:1836.955s step_avg:1848.04ms
step:995/3325 train_time:1838.771s step_avg:1848.01ms
step:996/3325 train_time:1840.587s step_avg:1847.98ms
step:997/3325 train_time:1842.403s step_avg:1847.95ms
step:998/3325 train_time:1844.221s step_avg:1847.92ms
step:999/3325 train_time:1846.036s step_avg:1847.88ms
step:1000/3325 train_time:1850.826s step_avg:1850.83ms
step:1000/3325 val_loss:3.69204 train_time:1850.827s step_avg:1849.79ms
step:1001/3325 train_time:1852.643s step_avg:1850.79ms
step:1002/3325 train_time:1854.459s step_avg:1850.76ms
step:1003/3325 train_time:1856.273s step_avg:1850.72ms
step:1004/3325 train_time:1858.087s step_avg:1850.68ms
step:1005/3325 train_time:1859.903s step_avg:1850.65ms
step:1006/3325 train_time:1861.719s step_avg:1850.61ms
step:1007/3325 train_time:1863.534s step_avg:1850.58ms
step:1008/3325 train_time:1865.353s step_avg:1850.55ms
step:1009/3325 train_time:1867.170s step_avg:1850.52ms
step:1010/3325 train_time:1868.986s step_avg:1850.48ms
step:1011/3325 train_time:1870.802s step_avg:1850.45ms
step:1012/3325 train_time:1872.619s step_avg:1850.41ms
step:1013/3325 train_time:1874.435s step_avg:1850.38ms
step:1014/3325 train_time:1876.251s step_avg:1850.35ms
step:1015/3325 train_time:1878.066s step_avg:1850.31ms
step:1016/3325 train_time:1879.881s step_avg:1850.28ms
step:1017/3325 train_time:1881.699s step_avg:1850.25ms
step:1018/3325 train_time:1883.516s step_avg:1850.21ms
step:1019/3325 train_time:1885.332s step_avg:1850.18ms
step:1020/3325 train_time:1887.164s step_avg:1850.16ms
step:1021/3325 train_time:1888.979s step_avg:1850.13ms
step:1022/3325 train_time:1890.795s step_avg:1850.09ms
step:1023/3325 train_time:1892.614s step_avg:1850.06ms
step:1024/3325 train_time:1894.430s step_avg:1850.03ms
step:1025/3325 train_time:1896.519s step_avg:1850.26ms
step:1026/3325 train_time:1898.334s step_avg:1850.23ms
step:1027/3325 train_time:1900.150s step_avg:1850.19ms
step:1028/3325 train_time:1901.968s step_avg:1850.16ms
step:1029/3325 train_time:1903.785s step_avg:1850.13ms
step:1030/3325 train_time:1905.600s step_avg:1850.10ms
step:1031/3325 train_time:1907.415s step_avg:1850.06ms
step:1032/3325 train_time:1909.231s step_avg:1850.03ms
step:1033/3325 train_time:1911.047s step_avg:1850.00ms
step:1034/3325 train_time:1912.863s step_avg:1849.96ms
step:1035/3325 train_time:1914.679s step_avg:1849.93ms
step:1036/3325 train_time:1916.494s step_avg:1849.90ms
step:1037/3325 train_time:1918.309s step_avg:1849.86ms
step:1038/3325 train_time:1920.124s step_avg:1849.83ms
step:1039/3325 train_time:1921.941s step_avg:1849.80ms
step:1040/3325 train_time:1923.757s step_avg:1849.77ms
step:1041/3325 train_time:1925.573s step_avg:1849.73ms
step:1042/3325 train_time:1927.389s step_avg:1849.70ms
step:1043/3325 train_time:1929.204s step_avg:1849.67ms
step:1044/3325 train_time:1931.020s step_avg:1849.64ms
step:1045/3325 train_time:1932.836s step_avg:1849.60ms
step:1046/3325 train_time:1934.652s step_avg:1849.57ms
step:1047/3325 train_time:1936.469s step_avg:1849.54ms
step:1048/3325 train_time:1938.286s step_avg:1849.51ms
step:1049/3325 train_time:1940.103s step_avg:1849.48ms
step:1050/3325 train_time:1942.209s step_avg:1849.72ms
step:1051/3325 train_time:1944.025s step_avg:1849.69ms
step:1052/3325 train_time:1945.841s step_avg:1849.66ms
step:1053/3325 train_time:1947.656s step_avg:1849.63ms
step:1054/3325 train_time:1949.472s step_avg:1849.59ms
step:1055/3325 train_time:1951.289s step_avg:1849.56ms
step:1056/3325 train_time:1953.106s step_avg:1849.53ms
step:1057/3325 train_time:1954.922s step_avg:1849.50ms
step:1058/3325 train_time:1956.738s step_avg:1849.47ms
step:1059/3325 train_time:1958.554s step_avg:1849.44ms
step:1060/3325 train_time:1960.370s step_avg:1849.41ms
step:1061/3325 train_time:1962.187s step_avg:1849.37ms
step:1062/3325 train_time:1964.003s step_avg:1849.34ms
step:1063/3325 train_time:1965.819s step_avg:1849.31ms
step:1064/3325 train_time:1967.636s step_avg:1849.28ms
step:1065/3325 train_time:1969.452s step_avg:1849.25ms
step:1066/3325 train_time:1971.269s step_avg:1849.22ms
step:1067/3325 train_time:1973.085s step_avg:1849.19ms
step:1068/3325 train_time:1974.902s step_avg:1849.16ms
step:1069/3325 train_time:1976.718s step_avg:1849.13ms
step:1070/3325 train_time:1978.535s step_avg:1849.10ms
step:1071/3325 train_time:1980.352s step_avg:1849.07ms
step:1072/3325 train_time:1982.169s step_avg:1849.04ms
step:1073/3325 train_time:1983.985s step_avg:1849.01ms
step:1074/3325 train_time:1985.801s step_avg:1848.98ms
step:1075/3325 train_time:1987.890s step_avg:1849.20ms
step:1076/3325 train_time:1989.706s step_avg:1849.17ms
step:1077/3325 train_time:1991.522s step_avg:1849.14ms
step:1078/3325 train_time:1993.339s step_avg:1849.11ms
step:1079/3325 train_time:1995.155s step_avg:1849.08ms
step:1080/3325 train_time:1996.988s step_avg:1849.06ms
step:1081/3325 train_time:1998.804s step_avg:1849.03ms
step:1082/3325 train_time:2000.619s step_avg:1849.00ms
step:1083/3325 train_time:2002.436s step_avg:1848.97ms
step:1084/3325 train_time:2004.256s step_avg:1848.94ms
step:1085/3325 train_time:2006.074s step_avg:1848.92ms
step:1086/3325 train_time:2007.890s step_avg:1848.89ms
step:1087/3325 train_time:2009.707s step_avg:1848.86ms
step:1088/3325 train_time:2011.524s step_avg:1848.83ms
step:1089/3325 train_time:2013.341s step_avg:1848.80ms
step:1090/3325 train_time:2015.157s step_avg:1848.77ms
step:1091/3325 train_time:2016.975s step_avg:1848.74ms
step:1092/3325 train_time:2018.791s step_avg:1848.71ms
step:1093/3325 train_time:2020.608s step_avg:1848.68ms
step:1094/3325 train_time:2022.426s step_avg:1848.65ms
step:1095/3325 train_time:2024.242s step_avg:1848.62ms
step:1096/3325 train_time:2026.058s step_avg:1848.59ms
step:1097/3325 train_time:2027.874s step_avg:1848.56ms
step:1098/3325 train_time:2029.691s step_avg:1848.53ms
step:1099/3325 train_time:2031.509s step_avg:1848.51ms
step:1100/3325 train_time:2033.598s step_avg:1848.73ms
step:1101/3325 train_time:2035.414s step_avg:1848.70ms
step:1102/3325 train_time:2037.231s step_avg:1848.67ms
step:1103/3325 train_time:2039.046s step_avg:1848.64ms
step:1104/3325 train_time:2040.865s step_avg:1848.61ms
step:1105/3325 train_time:2042.682s step_avg:1848.58ms
step:1106/3325 train_time:2044.497s step_avg:1848.55ms
step:1107/3325 train_time:2046.314s step_avg:1848.52ms
step:1108/3325 train_time:2048.130s step_avg:1848.49ms
step:1109/3325 train_time:2049.946s step_avg:1848.46ms
step:1110/3325 train_time:2051.781s step_avg:1848.45ms
step:1111/3325 train_time:2053.597s step_avg:1848.42ms
step:1112/3325 train_time:2055.413s step_avg:1848.39ms
step:1113/3325 train_time:2057.229s step_avg:1848.36ms
step:1114/3325 train_time:2059.049s step_avg:1848.34ms
step:1115/3325 train_time:2060.867s step_avg:1848.31ms
step:1116/3325 train_time:2062.686s step_avg:1848.28ms
step:1117/3325 train_time:2064.501s step_avg:1848.26ms
step:1118/3325 train_time:2066.317s step_avg:1848.23ms
step:1119/3325 train_time:2068.133s step_avg:1848.20ms
step:1120/3325 train_time:2069.951s step_avg:1848.17ms
step:1121/3325 train_time:2071.769s step_avg:1848.14ms
step:1122/3325 train_time:2073.586s step_avg:1848.12ms
step:1123/3325 train_time:2075.402s step_avg:1848.09ms
step:1124/3325 train_time:2077.218s step_avg:1848.06ms
step:1125/3325 train_time:2079.372s step_avg:1848.33ms
step:1125/3325 val_loss:3.66160 train_time:2079.373s step_avg:1828.37ms
step:1126/3325 train_time:2081.191s step_avg:1848.30ms
step:1127/3325 train_time:2083.007s step_avg:1848.28ms
step:1128/3325 train_time:2084.823s step_avg:1848.25ms
step:1129/3325 train_time:2086.641s step_avg:1848.22ms
step:1130/3325 train_time:2088.458s step_avg:1848.19ms
step:1131/3325 train_time:2090.275s step_avg:1848.17ms
step:1132/3325 train_time:2092.092s step_avg:1848.14ms
step:1133/3325 train_time:2093.907s step_avg:1848.11ms
step:1134/3325 train_time:2095.723s step_avg:1848.08ms
step:1135/3325 train_time:2097.540s step_avg:1848.05ms
step:1136/3325 train_time:2099.357s step_avg:1848.03ms
step:1137/3325 train_time:2101.174s step_avg:1848.00ms
step:1138/3325 train_time:2102.991s step_avg:1847.97ms
step:1139/3325 train_time:2104.807s step_avg:1847.94ms
step:1140/3325 train_time:2106.640s step_avg:1847.93ms
step:1141/3325 train_time:2108.487s step_avg:1847.93ms
step:1142/3325 train_time:2110.303s step_avg:1847.90ms
step:1143/3325 train_time:2112.120s step_avg:1847.87ms
step:1144/3325 train_time:2113.936s step_avg:1847.85ms
step:1145/3325 train_time:2115.751s step_avg:1847.82ms
step:1146/3325 train_time:2117.567s step_avg:1847.79ms
step:1147/3325 train_time:2119.385s step_avg:1847.76ms
step:1148/3325 train_time:2121.202s step_avg:1847.74ms
step:1149/3325 train_time:2123.021s step_avg:1847.71ms
step:1150/3325 train_time:2125.110s step_avg:1847.92ms
step:1151/3325 train_time:2126.925s step_avg:1847.89ms
step:1152/3325 train_time:2128.741s step_avg:1847.87ms
step:1153/3325 train_time:2130.558s step_avg:1847.84ms
step:1154/3325 train_time:2132.373s step_avg:1847.81ms
step:1155/3325 train_time:2134.189s step_avg:1847.78ms
step:1156/3325 train_time:2136.006s step_avg:1847.76ms
step:1157/3325 train_time:2137.822s step_avg:1847.73ms
step:1158/3325 train_time:2139.639s step_avg:1847.70ms
step:1159/3325 train_time:2141.457s step_avg:1847.68ms
step:1160/3325 train_time:2143.273s step_avg:1847.65ms
step:1161/3325 train_time:2145.089s step_avg:1847.62ms
step:1162/3325 train_time:2146.904s step_avg:1847.59ms
step:1163/3325 train_time:2148.721s step_avg:1847.57ms
step:1164/3325 train_time:2150.539s step_avg:1847.54ms
step:1165/3325 train_time:2152.356s step_avg:1847.52ms
step:1166/3325 train_time:2154.173s step_avg:1847.49ms
step:1167/3325 train_time:2155.988s step_avg:1847.46ms
step:1168/3325 train_time:2157.804s step_avg:1847.43ms
step:1169/3325 train_time:2159.620s step_avg:1847.41ms
step:1170/3325 train_time:2161.452s step_avg:1847.39ms
step:1171/3325 train_time:2163.267s step_avg:1847.37ms
step:1172/3325 train_time:2165.083s step_avg:1847.34ms
step:1173/3325 train_time:2166.898s step_avg:1847.31ms
step:1174/3325 train_time:2168.713s step_avg:1847.29ms
step:1175/3325 train_time:2170.805s step_avg:1847.49ms
step:1176/3325 train_time:2172.625s step_avg:1847.47ms
step:1177/3325 train_time:2174.442s step_avg:1847.44ms
step:1178/3325 train_time:2176.258s step_avg:1847.42ms
step:1179/3325 train_time:2178.075s step_avg:1847.39ms
step:1180/3325 train_time:2179.892s step_avg:1847.37ms
step:1181/3325 train_time:2181.708s step_avg:1847.34ms
step:1182/3325 train_time:2183.524s step_avg:1847.31ms
step:1183/3325 train_time:2185.339s step_avg:1847.29ms
step:1184/3325 train_time:2187.155s step_avg:1847.26ms
step:1185/3325 train_time:2188.972s step_avg:1847.23ms
step:1186/3325 train_time:2190.788s step_avg:1847.21ms
step:1187/3325 train_time:2192.604s step_avg:1847.18ms
step:1188/3325 train_time:2194.420s step_avg:1847.15ms
step:1189/3325 train_time:2196.235s step_avg:1847.13ms
step:1190/3325 train_time:2198.050s step_avg:1847.10ms
step:1191/3325 train_time:2199.866s step_avg:1847.07ms
step:1192/3325 train_time:2201.681s step_avg:1847.05ms
step:1193/3325 train_time:2203.497s step_avg:1847.02ms
step:1194/3325 train_time:2205.313s step_avg:1847.00ms
step:1195/3325 train_time:2207.128s step_avg:1846.97ms
step:1196/3325 train_time:2208.945s step_avg:1846.94ms
step:1197/3325 train_time:2210.762s step_avg:1846.92ms
step:1198/3325 train_time:2212.578s step_avg:1846.89ms
step:1199/3325 train_time:2214.393s step_avg:1846.87ms
step:1200/3325 train_time:2216.497s step_avg:1847.08ms
step:1201/3325 train_time:2218.313s step_avg:1847.05ms
step:1202/3325 train_time:2220.130s step_avg:1847.03ms
step:1203/3325 train_time:2221.946s step_avg:1847.00ms
step:1204/3325 train_time:2223.761s step_avg:1846.98ms
step:1205/3325 train_time:2225.577s step_avg:1846.95ms
step:1206/3325 train_time:2227.392s step_avg:1846.93ms
step:1207/3325 train_time:2229.248s step_avg:1846.93ms
step:1208/3325 train_time:2231.063s step_avg:1846.91ms
step:1209/3325 train_time:2232.879s step_avg:1846.88ms
step:1210/3325 train_time:2234.694s step_avg:1846.85ms
step:1211/3325 train_time:2236.508s step_avg:1846.83ms
step:1212/3325 train_time:2238.324s step_avg:1846.80ms
step:1213/3325 train_time:2240.143s step_avg:1846.78ms
step:1214/3325 train_time:2241.959s step_avg:1846.75ms
step:1215/3325 train_time:2243.778s step_avg:1846.73ms
step:1216/3325 train_time:2245.595s step_avg:1846.71ms
step:1217/3325 train_time:2247.412s step_avg:1846.68ms
step:1218/3325 train_time:2249.228s step_avg:1846.66ms
step:1219/3325 train_time:2251.043s step_avg:1846.63ms
step:1220/3325 train_time:2252.859s step_avg:1846.61ms
step:1221/3325 train_time:2254.676s step_avg:1846.58ms
step:1222/3325 train_time:2256.493s step_avg:1846.56ms
step:1223/3325 train_time:2258.308s step_avg:1846.53ms
step:1224/3325 train_time:2260.125s step_avg:1846.51ms
step:1225/3325 train_time:2262.214s step_avg:1846.71ms
step:1226/3325 train_time:2264.029s step_avg:1846.68ms
step:1227/3325 train_time:2265.844s step_avg:1846.65ms
step:1228/3325 train_time:2267.659s step_avg:1846.63ms
step:1229/3325 train_time:2269.474s step_avg:1846.60ms
step:1230/3325 train_time:2271.307s step_avg:1846.59ms
step:1231/3325 train_time:2273.122s step_avg:1846.57ms
step:1232/3325 train_time:2274.938s step_avg:1846.54ms
step:1233/3325 train_time:2276.752s step_avg:1846.51ms
step:1234/3325 train_time:2278.567s step_avg:1846.49ms
step:1235/3325 train_time:2280.384s step_avg:1846.46ms
step:1236/3325 train_time:2282.199s step_avg:1846.44ms
step:1237/3325 train_time:2284.015s step_avg:1846.41ms
step:1238/3325 train_time:2285.830s step_avg:1846.39ms
step:1239/3325 train_time:2287.646s step_avg:1846.36ms
step:1240/3325 train_time:2289.462s step_avg:1846.34ms
step:1241/3325 train_time:2291.277s step_avg:1846.32ms
step:1242/3325 train_time:2293.092s step_avg:1846.29ms
step:1243/3325 train_time:2294.906s step_avg:1846.26ms
step:1244/3325 train_time:2296.722s step_avg:1846.24ms
step:1245/3325 train_time:2298.537s step_avg:1846.21ms
step:1246/3325 train_time:2300.353s step_avg:1846.19ms
step:1247/3325 train_time:2302.168s step_avg:1846.16ms
step:1248/3325 train_time:2303.983s step_avg:1846.14ms
step:1249/3325 train_time:2305.797s step_avg:1846.11ms
step:1250/3325 train_time:2307.949s step_avg:1846.36ms
step:1250/3325 val_loss:3.63554 train_time:2307.949s step_avg:1828.61ms
step:1251/3325 train_time:2309.765s step_avg:1846.33ms
step:1252/3325 train_time:2311.579s step_avg:1846.31ms
step:1253/3325 train_time:2313.393s step_avg:1846.28ms
step:1254/3325 train_time:2315.208s step_avg:1846.26ms
step:1255/3325 train_time:2317.023s step_avg:1846.23ms
step:1256/3325 train_time:2318.841s step_avg:1846.21ms
step:1257/3325 train_time:2320.657s step_avg:1846.19ms
step:1258/3325 train_time:2322.472s step_avg:1846.16ms
step:1259/3325 train_time:2324.287s step_avg:1846.14ms
step:1260/3325 train_time:2326.118s step_avg:1846.13ms
step:1261/3325 train_time:2327.936s step_avg:1846.10ms
step:1262/3325 train_time:2329.752s step_avg:1846.08ms
step:1263/3325 train_time:2331.567s step_avg:1846.05ms
step:1264/3325 train_time:2333.382s step_avg:1846.03ms
step:1265/3325 train_time:2335.197s step_avg:1846.01ms
step:1266/3325 train_time:2337.012s step_avg:1845.98ms
step:1267/3325 train_time:2338.829s step_avg:1845.96ms
step:1268/3325 train_time:2340.645s step_avg:1845.93ms
step:1269/3325 train_time:2342.460s step_avg:1845.91ms
step:1270/3325 train_time:2344.276s step_avg:1845.89ms
step:1271/3325 train_time:2346.091s step_avg:1845.86ms
step:1272/3325 train_time:2347.908s step_avg:1845.84ms
step:1273/3325 train_time:2349.723s step_avg:1845.82ms
step:1274/3325 train_time:2351.538s step_avg:1845.79ms
step:1275/3325 train_time:2353.625s step_avg:1845.98ms
step:1276/3325 train_time:2355.440s step_avg:1845.96ms
step:1277/3325 train_time:2357.255s step_avg:1845.93ms
step:1278/3325 train_time:2359.071s step_avg:1845.91ms
step:1279/3325 train_time:2360.890s step_avg:1845.89ms
step:1280/3325 train_time:2362.706s step_avg:1845.86ms
step:1281/3325 train_time:2364.520s step_avg:1845.84ms
step:1282/3325 train_time:2366.334s step_avg:1845.81ms
step:1283/3325 train_time:2368.149s step_avg:1845.79ms
step:1284/3325 train_time:2369.964s step_avg:1845.77ms
step:1285/3325 train_time:2371.778s step_avg:1845.74ms
step:1286/3325 train_time:2373.595s step_avg:1845.72ms
step:1287/3325 train_time:2375.409s step_avg:1845.69ms
step:1288/3325 train_time:2377.224s step_avg:1845.67ms
step:1289/3325 train_time:2379.040s step_avg:1845.65ms
step:1290/3325 train_time:2380.871s step_avg:1845.64ms
step:1291/3325 train_time:2382.685s step_avg:1845.61ms
step:1292/3325 train_time:2384.500s step_avg:1845.59ms
step:1293/3325 train_time:2386.315s step_avg:1845.56ms
step:1294/3325 train_time:2388.133s step_avg:1845.54ms
step:1295/3325 train_time:2389.948s step_avg:1845.52ms
step:1296/3325 train_time:2391.763s step_avg:1845.50ms
step:1297/3325 train_time:2393.578s step_avg:1845.47ms
step:1298/3325 train_time:2395.393s step_avg:1845.45ms
step:1299/3325 train_time:2397.209s step_avg:1845.43ms
step:1300/3325 train_time:2399.299s step_avg:1845.61ms
step:1301/3325 train_time:2401.113s step_avg:1845.59ms
step:1302/3325 train_time:2402.929s step_avg:1845.57ms
step:1303/3325 train_time:2404.744s step_avg:1845.54ms
step:1304/3325 train_time:2406.559s step_avg:1845.52ms
step:1305/3325 train_time:2408.377s step_avg:1845.50ms
step:1306/3325 train_time:2410.193s step_avg:1845.48ms
step:1307/3325 train_time:2412.008s step_avg:1845.45ms
step:1308/3325 train_time:2413.821s step_avg:1845.43ms
step:1309/3325 train_time:2415.636s step_avg:1845.41ms
step:1310/3325 train_time:2417.453s step_avg:1845.38ms
step:1311/3325 train_time:2419.270s step_avg:1845.36ms
step:1312/3325 train_time:2421.088s step_avg:1845.34ms
step:1313/3325 train_time:2422.904s step_avg:1845.32ms
step:1314/3325 train_time:2424.719s step_avg:1845.30ms
step:1315/3325 train_time:2426.533s step_avg:1845.27ms
step:1316/3325 train_time:2428.349s step_avg:1845.25ms
step:1317/3325 train_time:2430.165s step_avg:1845.23ms
step:1318/3325 train_time:2431.980s step_avg:1845.20ms
step:1319/3325 train_time:2433.795s step_avg:1845.18ms
step:1320/3325 train_time:2435.626s step_avg:1845.17ms
step:1321/3325 train_time:2437.442s step_avg:1845.15ms
step:1322/3325 train_time:2439.257s step_avg:1845.13ms
step:1323/3325 train_time:2441.072s step_avg:1845.10ms
step:1324/3325 train_time:2442.887s step_avg:1845.08ms
step:1325/3325 train_time:2444.973s step_avg:1845.26ms
step:1326/3325 train_time:2446.787s step_avg:1845.24ms
step:1327/3325 train_time:2448.604s step_avg:1845.22ms
step:1328/3325 train_time:2450.420s step_avg:1845.20ms
step:1329/3325 train_time:2452.235s step_avg:1845.17ms
step:1330/3325 train_time:2454.050s step_avg:1845.15ms
step:1331/3325 train_time:2455.902s step_avg:1845.16ms
step:1332/3325 train_time:2457.719s step_avg:1845.13ms
step:1333/3325 train_time:2459.534s step_avg:1845.11ms
step:1334/3325 train_time:2461.349s step_avg:1845.09ms
step:1335/3325 train_time:2463.164s step_avg:1845.07ms
step:1336/3325 train_time:2464.978s step_avg:1845.04ms
step:1337/3325 train_time:2466.793s step_avg:1845.02ms
step:1338/3325 train_time:2468.610s step_avg:1845.00ms
step:1339/3325 train_time:2470.425s step_avg:1844.98ms
step:1340/3325 train_time:2472.241s step_avg:1844.96ms
step:1341/3325 train_time:2474.056s step_avg:1844.93ms
step:1342/3325 train_time:2475.875s step_avg:1844.91ms
step:1343/3325 train_time:2477.692s step_avg:1844.89ms
step:1344/3325 train_time:2479.508s step_avg:1844.87ms
step:1345/3325 train_time:2481.322s step_avg:1844.85ms
step:1346/3325 train_time:2483.137s step_avg:1844.83ms
step:1347/3325 train_time:2484.952s step_avg:1844.80ms
step:1348/3325 train_time:2486.767s step_avg:1844.78ms
step:1349/3325 train_time:2488.582s step_avg:1844.76ms
step:1350/3325 train_time:2490.686s step_avg:1844.95ms
step:1351/3325 train_time:2492.500s step_avg:1844.93ms
step:1352/3325 train_time:2494.314s step_avg:1844.91ms
step:1353/3325 train_time:2496.128s step_avg:1844.88ms
step:1354/3325 train_time:2497.943s step_avg:1844.86ms
step:1355/3325 train_time:2499.759s step_avg:1844.84ms
step:1356/3325 train_time:2501.574s step_avg:1844.82ms
step:1357/3325 train_time:2503.389s step_avg:1844.80ms
step:1358/3325 train_time:2505.203s step_avg:1844.77ms
step:1359/3325 train_time:2507.017s step_avg:1844.75ms
step:1360/3325 train_time:2508.833s step_avg:1844.73ms
step:1361/3325 train_time:2510.647s step_avg:1844.71ms
step:1362/3325 train_time:2512.461s step_avg:1844.69ms
step:1363/3325 train_time:2514.276s step_avg:1844.66ms
step:1364/3325 train_time:2516.090s step_avg:1844.64ms
step:1365/3325 train_time:2517.905s step_avg:1844.62ms
step:1366/3325 train_time:2519.721s step_avg:1844.60ms
step:1367/3325 train_time:2521.536s step_avg:1844.58ms
step:1368/3325 train_time:2523.350s step_avg:1844.55ms
step:1369/3325 train_time:2525.163s step_avg:1844.53ms
step:1370/3325 train_time:2526.977s step_avg:1844.51ms
step:1371/3325 train_time:2528.793s step_avg:1844.49ms
step:1372/3325 train_time:2530.609s step_avg:1844.47ms
step:1373/3325 train_time:2532.424s step_avg:1844.45ms
step:1374/3325 train_time:2534.238s step_avg:1844.42ms
step:1375/3325 train_time:2536.393s step_avg:1844.65ms
step:1375/3325 val_loss:3.61016 train_time:2536.393s step_avg:1827.55ms
step:1376/3325 train_time:2538.209s step_avg:1844.63ms
step:1377/3325 train_time:2540.023s step_avg:1844.61ms
step:1378/3325 train_time:2541.839s step_avg:1844.59ms
step:1379/3325 train_time:2543.653s step_avg:1844.56ms
step:1380/3325 train_time:2545.484s step_avg:1844.55ms
step:1381/3325 train_time:2547.302s step_avg:1844.53ms
step:1382/3325 train_time:2549.117s step_avg:1844.51ms
step:1383/3325 train_time:2550.932s step_avg:1844.49ms
step:1384/3325 train_time:2552.746s step_avg:1844.47ms
step:1385/3325 train_time:2554.560s step_avg:1844.45ms
step:1386/3325 train_time:2556.376s step_avg:1844.43ms
step:1387/3325 train_time:2558.191s step_avg:1844.41ms
step:1388/3325 train_time:2560.005s step_avg:1844.38ms
step:1389/3325 train_time:2561.820s step_avg:1844.36ms
step:1390/3325 train_time:2563.635s step_avg:1844.34ms
step:1391/3325 train_time:2565.449s step_avg:1844.32ms
step:1392/3325 train_time:2567.267s step_avg:1844.30ms
step:1393/3325 train_time:2569.081s step_avg:1844.28ms
step:1394/3325 train_time:2570.896s step_avg:1844.26ms
step:1395/3325 train_time:2572.709s step_avg:1844.24ms
step:1396/3325 train_time:2574.523s step_avg:1844.21ms
step:1397/3325 train_time:2576.338s step_avg:1844.19ms
step:1398/3325 train_time:2578.154s step_avg:1844.17ms
step:1399/3325 train_time:2579.968s step_avg:1844.15ms
step:1400/3325 train_time:2582.055s step_avg:1844.32ms
step:1401/3325 train_time:2583.870s step_avg:1844.30ms
step:1402/3325 train_time:2585.686s step_avg:1844.28ms
step:1403/3325 train_time:2587.501s step_avg:1844.26ms
step:1404/3325 train_time:2589.315s step_avg:1844.24ms
step:1405/3325 train_time:2591.129s step_avg:1844.22ms
step:1406/3325 train_time:2592.942s step_avg:1844.20ms
step:1407/3325 train_time:2594.757s step_avg:1844.18ms
step:1408/3325 train_time:2596.573s step_avg:1844.16ms
step:1409/3325 train_time:2598.388s step_avg:1844.14ms
step:1410/3325 train_time:2600.219s step_avg:1844.13ms
step:1411/3325 train_time:2602.033s step_avg:1844.11ms
step:1412/3325 train_time:2603.847s step_avg:1844.08ms
step:1413/3325 train_time:2605.663s step_avg:1844.06ms
step:1414/3325 train_time:2607.480s step_avg:1844.05ms
step:1415/3325 train_time:2609.295s step_avg:1844.02ms
step:1416/3325 train_time:2611.110s step_avg:1844.00ms
step:1417/3325 train_time:2612.924s step_avg:1843.98ms
step:1418/3325 train_time:2614.740s step_avg:1843.96ms
step:1419/3325 train_time:2616.556s step_avg:1843.94ms
step:1420/3325 train_time:2618.373s step_avg:1843.92ms
step:1421/3325 train_time:2620.189s step_avg:1843.91ms
step:1422/3325 train_time:2622.006s step_avg:1843.89ms
step:1423/3325 train_time:2623.822s step_avg:1843.87ms
step:1424/3325 train_time:2625.639s step_avg:1843.85ms
step:1425/3325 train_time:2627.727s step_avg:1844.02ms
step:1426/3325 train_time:2629.545s step_avg:1844.00ms
step:1427/3325 train_time:2631.365s step_avg:1843.98ms
step:1428/3325 train_time:2633.182s step_avg:1843.96ms
step:1429/3325 train_time:2634.996s step_avg:1843.94ms
step:1430/3325 train_time:2636.812s step_avg:1843.92ms
step:1431/3325 train_time:2638.629s step_avg:1843.91ms
step:1432/3325 train_time:2640.446s step_avg:1843.89ms
step:1433/3325 train_time:2642.262s step_avg:1843.87ms
step:1434/3325 train_time:2644.081s step_avg:1843.85ms
step:1435/3325 train_time:2645.896s step_avg:1843.83ms
step:1436/3325 train_time:2647.712s step_avg:1843.81ms
step:1437/3325 train_time:2649.529s step_avg:1843.79ms
step:1438/3325 train_time:2651.345s step_avg:1843.77ms
step:1439/3325 train_time:2653.162s step_avg:1843.75ms
step:1440/3325 train_time:2654.999s step_avg:1843.75ms
step:1441/3325 train_time:2656.813s step_avg:1843.73ms
step:1442/3325 train_time:2658.627s step_avg:1843.71ms
step:1443/3325 train_time:2660.442s step_avg:1843.69ms
step:1444/3325 train_time:2662.257s step_avg:1843.67ms
step:1445/3325 train_time:2664.072s step_avg:1843.65ms
step:1446/3325 train_time:2665.886s step_avg:1843.63ms
step:1447/3325 train_time:2667.701s step_avg:1843.61ms
step:1448/3325 train_time:2669.516s step_avg:1843.59ms
step:1449/3325 train_time:2671.330s step_avg:1843.57ms
step:1450/3325 train_time:2673.416s step_avg:1843.74ms
step:1451/3325 train_time:2675.229s step_avg:1843.71ms
step:1452/3325 train_time:2677.046s step_avg:1843.70ms
step:1453/3325 train_time:2678.861s step_avg:1843.68ms
step:1454/3325 train_time:2680.676s step_avg:1843.66ms
step:1455/3325 train_time:2682.490s step_avg:1843.64ms
step:1456/3325 train_time:2684.305s step_avg:1843.62ms
step:1457/3325 train_time:2686.120s step_avg:1843.60ms
step:1458/3325 train_time:2687.934s step_avg:1843.58ms
step:1459/3325 train_time:2689.748s step_avg:1843.56ms
step:1460/3325 train_time:2691.563s step_avg:1843.54ms
step:1461/3325 train_time:2693.376s step_avg:1843.52ms
step:1462/3325 train_time:2695.191s step_avg:1843.50ms
step:1463/3325 train_time:2697.007s step_avg:1843.48ms
step:1464/3325 train_time:2698.822s step_avg:1843.46ms
step:1465/3325 train_time:2700.637s step_avg:1843.44ms
step:1466/3325 train_time:2702.451s step_avg:1843.42ms
step:1467/3325 train_time:2704.267s step_avg:1843.40ms
step:1468/3325 train_time:2706.083s step_avg:1843.38ms
step:1469/3325 train_time:2707.897s step_avg:1843.36ms
step:1470/3325 train_time:2709.728s step_avg:1843.35ms
step:1471/3325 train_time:2711.543s step_avg:1843.33ms
step:1472/3325 train_time:2713.358s step_avg:1843.31ms
step:1473/3325 train_time:2715.172s step_avg:1843.29ms
step:1474/3325 train_time:2716.987s step_avg:1843.27ms
step:1475/3325 train_time:2719.075s step_avg:1843.44ms
step:1476/3325 train_time:2720.889s step_avg:1843.42ms
step:1477/3325 train_time:2722.703s step_avg:1843.40ms
step:1478/3325 train_time:2724.517s step_avg:1843.38ms
step:1479/3325 train_time:2726.333s step_avg:1843.36ms
step:1480/3325 train_time:2728.149s step_avg:1843.34ms
step:1481/3325 train_time:2729.964s step_avg:1843.32ms
step:1482/3325 train_time:2731.779s step_avg:1843.31ms
step:1483/3325 train_time:2733.594s step_avg:1843.29ms
step:1484/3325 train_time:2735.409s step_avg:1843.27ms
step:1485/3325 train_time:2737.224s step_avg:1843.25ms
step:1486/3325 train_time:2739.039s step_avg:1843.23ms
step:1487/3325 train_time:2740.853s step_avg:1843.21ms
step:1488/3325 train_time:2742.668s step_avg:1843.19ms
step:1489/3325 train_time:2744.482s step_avg:1843.17ms
step:1490/3325 train_time:2746.298s step_avg:1843.15ms
step:1491/3325 train_time:2748.113s step_avg:1843.13ms
step:1492/3325 train_time:2749.927s step_avg:1843.11ms
step:1493/3325 train_time:2751.742s step_avg:1843.10ms
step:1494/3325 train_time:2753.556s step_avg:1843.08ms
step:1495/3325 train_time:2755.372s step_avg:1843.06ms
step:1496/3325 train_time:2757.189s step_avg:1843.04ms
step:1497/3325 train_time:2759.005s step_avg:1843.02ms
step:1498/3325 train_time:2760.820s step_avg:1843.00ms
step:1499/3325 train_time:2762.634s step_avg:1842.98ms
step:1500/3325 train_time:2764.803s step_avg:1843.20ms
step:1500/3325 val_loss:3.58206 train_time:2764.803s step_avg:1827.28ms
step:1501/3325 train_time:2766.619s step_avg:1843.18ms
step:1502/3325 train_time:2768.434s step_avg:1843.16ms
step:1503/3325 train_time:2770.248s step_avg:1843.15ms
step:1504/3325 train_time:2772.062s step_avg:1843.13ms
step:1505/3325 train_time:2773.879s step_avg:1843.11ms
step:1506/3325 train_time:2775.694s step_avg:1843.09ms
step:1507/3325 train_time:2777.510s step_avg:1843.07ms
step:1508/3325 train_time:2779.324s step_avg:1843.05ms
step:1509/3325 train_time:2781.139s step_avg:1843.03ms
step:1510/3325 train_time:2782.953s step_avg:1843.02ms
step:1511/3325 train_time:2784.768s step_avg:1843.00ms
step:1512/3325 train_time:2786.583s step_avg:1842.98ms
step:1513/3325 train_time:2788.398s step_avg:1842.96ms
step:1514/3325 train_time:2790.213s step_avg:1842.94ms
step:1515/3325 train_time:2792.027s step_avg:1842.92ms
step:1516/3325 train_time:2793.842s step_avg:1842.90ms
step:1517/3325 train_time:2795.658s step_avg:1842.89ms
step:1518/3325 train_time:2797.473s step_avg:1842.87ms
step:1519/3325 train_time:2799.288s step_avg:1842.85ms
step:1520/3325 train_time:2801.102s step_avg:1842.83ms
step:1521/3325 train_time:2802.954s step_avg:1842.84ms
step:1522/3325 train_time:2804.769s step_avg:1842.82ms
step:1523/3325 train_time:2806.584s step_avg:1842.80ms
step:1524/3325 train_time:2808.399s step_avg:1842.78ms
step:1525/3325 train_time:2810.486s step_avg:1842.94ms
step:1526/3325 train_time:2812.300s step_avg:1842.92ms
step:1527/3325 train_time:2814.115s step_avg:1842.90ms
step:1528/3325 train_time:2815.930s step_avg:1842.89ms
step:1529/3325 train_time:2817.746s step_avg:1842.87ms
step:1530/3325 train_time:2819.578s step_avg:1842.86ms
step:1531/3325 train_time:2821.392s step_avg:1842.84ms
step:1532/3325 train_time:2823.207s step_avg:1842.82ms
step:1533/3325 train_time:2825.022s step_avg:1842.81ms
step:1534/3325 train_time:2826.837s step_avg:1842.79ms
step:1535/3325 train_time:2828.652s step_avg:1842.77ms
step:1536/3325 train_time:2830.467s step_avg:1842.75ms
step:1537/3325 train_time:2832.282s step_avg:1842.73ms
step:1538/3325 train_time:2834.097s step_avg:1842.72ms
step:1539/3325 train_time:2835.912s step_avg:1842.70ms
step:1540/3325 train_time:2837.727s step_avg:1842.68ms
step:1541/3325 train_time:2839.541s step_avg:1842.66ms
step:1542/3325 train_time:2841.356s step_avg:1842.64ms
step:1543/3325 train_time:2843.171s step_avg:1842.63ms
step:1544/3325 train_time:2844.988s step_avg:1842.61ms
step:1545/3325 train_time:2846.804s step_avg:1842.59ms
step:1546/3325 train_time:2848.620s step_avg:1842.57ms
step:1547/3325 train_time:2850.435s step_avg:1842.56ms
step:1548/3325 train_time:2852.250s step_avg:1842.54ms
step:1549/3325 train_time:2854.065s step_avg:1842.52ms
step:1550/3325 train_time:2856.154s step_avg:1842.68ms
step:1551/3325 train_time:2857.968s step_avg:1842.66ms
step:1552/3325 train_time:2859.782s step_avg:1842.64ms
step:1553/3325 train_time:2861.597s step_avg:1842.63ms
step:1554/3325 train_time:2863.418s step_avg:1842.61ms
step:1555/3325 train_time:2865.236s step_avg:1842.60ms
step:1556/3325 train_time:2867.052s step_avg:1842.58ms
step:1557/3325 train_time:2868.868s step_avg:1842.56ms
step:1558/3325 train_time:2870.682s step_avg:1842.54ms
step:1559/3325 train_time:2872.497s step_avg:1842.53ms
step:1560/3325 train_time:2874.332s step_avg:1842.52ms
step:1561/3325 train_time:2876.148s step_avg:1842.50ms
step:1562/3325 train_time:2877.964s step_avg:1842.49ms
step:1563/3325 train_time:2879.779s step_avg:1842.47ms
step:1564/3325 train_time:2881.594s step_avg:1842.45ms
step:1565/3325 train_time:2883.408s step_avg:1842.43ms
step:1566/3325 train_time:2885.224s step_avg:1842.42ms
step:1567/3325 train_time:2887.039s step_avg:1842.40ms
step:1568/3325 train_time:2888.855s step_avg:1842.38ms
step:1569/3325 train_time:2890.670s step_avg:1842.36ms
step:1570/3325 train_time:2892.485s step_avg:1842.35ms
step:1571/3325 train_time:2894.299s step_avg:1842.33ms
step:1572/3325 train_time:2896.114s step_avg:1842.31ms
step:1573/3325 train_time:2897.929s step_avg:1842.29ms
step:1574/3325 train_time:2899.743s step_avg:1842.28ms
step:1575/3325 train_time:2901.831s step_avg:1842.43ms
step:1576/3325 train_time:2903.646s step_avg:1842.42ms
step:1577/3325 train_time:2905.463s step_avg:1842.40ms
step:1578/3325 train_time:2907.278s step_avg:1842.38ms
step:1579/3325 train_time:2909.093s step_avg:1842.36ms
step:1580/3325 train_time:2910.908s step_avg:1842.35ms
step:1581/3325 train_time:2912.724s step_avg:1842.33ms
step:1582/3325 train_time:2914.541s step_avg:1842.31ms
step:1583/3325 train_time:2916.356s step_avg:1842.30ms
step:1584/3325 train_time:2918.173s step_avg:1842.28ms
step:1585/3325 train_time:2919.989s step_avg:1842.26ms
step:1586/3325 train_time:2921.804s step_avg:1842.25ms
step:1587/3325 train_time:2923.619s step_avg:1842.23ms
step:1588/3325 train_time:2925.435s step_avg:1842.21ms
step:1589/3325 train_time:2927.250s step_avg:1842.20ms
step:1590/3325 train_time:2929.085s step_avg:1842.19ms
step:1591/3325 train_time:2930.902s step_avg:1842.18ms
step:1592/3325 train_time:2932.719s step_avg:1842.16ms
step:1593/3325 train_time:2934.536s step_avg:1842.14ms
step:1594/3325 train_time:2936.351s step_avg:1842.13ms
step:1595/3325 train_time:2938.167s step_avg:1842.11ms
step:1596/3325 train_time:2939.982s step_avg:1842.09ms
step:1597/3325 train_time:2941.795s step_avg:1842.08ms
step:1598/3325 train_time:2943.612s step_avg:1842.06ms
step:1599/3325 train_time:2945.429s step_avg:1842.04ms
step:1600/3325 train_time:2947.518s step_avg:1842.20ms
step:1601/3325 train_time:2949.333s step_avg:1842.18ms
step:1602/3325 train_time:2951.147s step_avg:1842.16ms
step:1603/3325 train_time:2952.962s step_avg:1842.15ms
step:1604/3325 train_time:2954.777s step_avg:1842.13ms
step:1605/3325 train_time:2956.592s step_avg:1842.11ms
step:1606/3325 train_time:2958.406s step_avg:1842.10ms
step:1607/3325 train_time:2960.221s step_avg:1842.08ms
step:1608/3325 train_time:2962.036s step_avg:1842.06ms
step:1609/3325 train_time:2963.852s step_avg:1842.05ms
step:1610/3325 train_time:2965.667s step_avg:1842.03ms
step:1611/3325 train_time:2967.482s step_avg:1842.01ms
step:1612/3325 train_time:2969.296s step_avg:1842.00ms
step:1613/3325 train_time:2971.111s step_avg:1841.98ms
step:1614/3325 train_time:2972.925s step_avg:1841.96ms
step:1615/3325 train_time:2974.741s step_avg:1841.94ms
step:1616/3325 train_time:2976.556s step_avg:1841.93ms
step:1617/3325 train_time:2978.372s step_avg:1841.91ms
step:1618/3325 train_time:2980.187s step_avg:1841.90ms
step:1619/3325 train_time:2982.002s step_avg:1841.88ms
step:1620/3325 train_time:2983.833s step_avg:1841.87ms
step:1621/3325 train_time:2985.648s step_avg:1841.86ms
step:1622/3325 train_time:2987.463s step_avg:1841.84ms
step:1623/3325 train_time:2989.278s step_avg:1841.82ms
step:1624/3325 train_time:2991.093s step_avg:1841.81ms
step:1625/3325 train_time:2993.247s step_avg:1842.00ms
step:1625/3325 val_loss:3.56125 train_time:2993.247s step_avg:1827.55ms
step:1626/3325 train_time:2995.063s step_avg:1841.98ms
step:1627/3325 train_time:2996.879s step_avg:1841.97ms
step:1628/3325 train_time:2998.694s step_avg:1841.95ms
step:1629/3325 train_time:3000.511s step_avg:1841.93ms
step:1630/3325 train_time:3002.327s step_avg:1841.92ms
step:1631/3325 train_time:3004.144s step_avg:1841.90ms
step:1632/3325 train_time:3005.962s step_avg:1841.89ms
step:1633/3325 train_time:3007.780s step_avg:1841.87ms
step:1634/3325 train_time:3009.596s step_avg:1841.86ms
step:1635/3325 train_time:3011.412s step_avg:1841.84ms
step:1636/3325 train_time:3013.227s step_avg:1841.83ms
step:1637/3325 train_time:3015.044s step_avg:1841.81ms
step:1638/3325 train_time:3016.860s step_avg:1841.79ms
step:1639/3325 train_time:3018.676s step_avg:1841.78ms
step:1640/3325 train_time:3020.493s step_avg:1841.76ms
step:1641/3325 train_time:3022.310s step_avg:1841.75ms
step:1642/3325 train_time:3024.126s step_avg:1841.73ms
step:1643/3325 train_time:3025.942s step_avg:1841.72ms
step:1644/3325 train_time:3027.759s step_avg:1841.70ms
step:1645/3325 train_time:3029.574s step_avg:1841.69ms
step:1646/3325 train_time:3031.389s step_avg:1841.67ms
step:1647/3325 train_time:3033.206s step_avg:1841.65ms
step:1648/3325 train_time:3035.023s step_avg:1841.64ms
step:1649/3325 train_time:3036.840s step_avg:1841.63ms
step:1650/3325 train_time:3038.946s step_avg:1841.79ms
step:1651/3325 train_time:3040.762s step_avg:1841.77ms
step:1652/3325 train_time:3042.579s step_avg:1841.75ms
step:1653/3325 train_time:3044.395s step_avg:1841.74ms
step:1654/3325 train_time:3046.211s step_avg:1841.72ms
step:1655/3325 train_time:3048.027s step_avg:1841.71ms
step:1656/3325 train_time:3049.844s step_avg:1841.69ms
step:1657/3325 train_time:3051.661s step_avg:1841.68ms
step:1658/3325 train_time:3053.478s step_avg:1841.66ms
step:1659/3325 train_time:3055.296s step_avg:1841.65ms
step:1660/3325 train_time:3057.112s step_avg:1841.63ms
step:1661/3325 train_time:3058.929s step_avg:1841.62ms
step:1662/3325 train_time:3060.749s step_avg:1841.61ms
step:1663/3325 train_time:3062.565s step_avg:1841.59ms
step:1664/3325 train_time:3064.382s step_avg:1841.58ms
step:1665/3325 train_time:3066.201s step_avg:1841.56ms
step:1666/3325 train_time:3068.020s step_avg:1841.55ms
step:1667/3325 train_time:3069.842s step_avg:1841.54ms
step:1668/3325 train_time:3071.659s step_avg:1841.52ms
step:1669/3325 train_time:3073.475s step_avg:1841.51ms
step:1670/3325 train_time:3075.291s step_avg:1841.49ms
step:1671/3325 train_time:3077.106s step_avg:1841.48ms
step:1672/3325 train_time:3078.922s step_avg:1841.46ms
step:1673/3325 train_time:3080.737s step_avg:1841.44ms
step:1674/3325 train_time:3082.554s step_avg:1841.43ms
step:1675/3325 train_time:3084.643s step_avg:1841.58ms
step:1676/3325 train_time:3086.457s step_avg:1841.56ms
step:1677/3325 train_time:3088.273s step_avg:1841.55ms
step:1678/3325 train_time:3090.089s step_avg:1841.53ms
step:1679/3325 train_time:3091.905s step_avg:1841.52ms
step:1680/3325 train_time:3093.738s step_avg:1841.51ms
step:1681/3325 train_time:3095.553s step_avg:1841.50ms
step:1682/3325 train_time:3097.368s step_avg:1841.48ms
step:1683/3325 train_time:3099.185s step_avg:1841.46ms
step:1684/3325 train_time:3101.002s step_avg:1841.45ms
step:1685/3325 train_time:3102.818s step_avg:1841.44ms
step:1686/3325 train_time:3104.634s step_avg:1841.42ms
step:1687/3325 train_time:3106.450s step_avg:1841.40ms
step:1688/3325 train_time:3108.266s step_avg:1841.39ms
step:1689/3325 train_time:3110.081s step_avg:1841.37ms
step:1690/3325 train_time:3111.895s step_avg:1841.36ms
step:1691/3325 train_time:3113.713s step_avg:1841.34ms
step:1692/3325 train_time:3115.529s step_avg:1841.33ms
step:1693/3325 train_time:3117.346s step_avg:1841.31ms
step:1694/3325 train_time:3119.162s step_avg:1841.30ms
step:1695/3325 train_time:3120.978s step_avg:1841.29ms
step:1696/3325 train_time:3122.795s step_avg:1841.27ms
step:1697/3325 train_time:3124.614s step_avg:1841.26ms
step:1698/3325 train_time:3126.435s step_avg:1841.25ms
step:1699/3325 train_time:3128.257s step_avg:1841.23ms
step:1700/3325 train_time:3130.344s step_avg:1841.38ms
step:1701/3325 train_time:3132.160s step_avg:1841.36ms
step:1702/3325 train_time:3133.976s step_avg:1841.35ms
step:1703/3325 train_time:3135.795s step_avg:1841.34ms
step:1704/3325 train_time:3137.612s step_avg:1841.32ms
step:1705/3325 train_time:3139.431s step_avg:1841.31ms
step:1706/3325 train_time:3141.251s step_avg:1841.30ms
step:1707/3325 train_time:3143.066s step_avg:1841.28ms
step:1708/3325 train_time:3144.883s step_avg:1841.27ms
step:1709/3325 train_time:3146.703s step_avg:1841.25ms
step:1710/3325 train_time:3148.539s step_avg:1841.25ms
step:1711/3325 train_time:3150.390s step_avg:1841.26ms
step:1712/3325 train_time:3152.205s step_avg:1841.24ms
step:1713/3325 train_time:3154.022s step_avg:1841.23ms
step:1714/3325 train_time:3155.842s step_avg:1841.21ms
step:1715/3325 train_time:3157.662s step_avg:1841.20ms
step:1716/3325 train_time:3159.483s step_avg:1841.19ms
step:1717/3325 train_time:3161.300s step_avg:1841.18ms
step:1718/3325 train_time:3163.116s step_avg:1841.16ms
step:1719/3325 train_time:3164.936s step_avg:1841.15ms
step:1720/3325 train_time:3166.756s step_avg:1841.14ms
step:1721/3325 train_time:3168.576s step_avg:1841.12ms
step:1722/3325 train_time:3170.392s step_avg:1841.11ms
step:1723/3325 train_time:3172.208s step_avg:1841.10ms
step:1724/3325 train_time:3174.024s step_avg:1841.08ms
step:1725/3325 train_time:3176.115s step_avg:1841.23ms
step:1726/3325 train_time:3177.933s step_avg:1841.21ms
step:1727/3325 train_time:3179.752s step_avg:1841.20ms
step:1728/3325 train_time:3181.567s step_avg:1841.18ms
step:1729/3325 train_time:3183.384s step_avg:1841.17ms
step:1730/3325 train_time:3185.200s step_avg:1841.16ms
step:1731/3325 train_time:3187.016s step_avg:1841.14ms
step:1732/3325 train_time:3188.833s step_avg:1841.13ms
step:1733/3325 train_time:3190.648s step_avg:1841.11ms
step:1734/3325 train_time:3192.464s step_avg:1841.10ms
step:1735/3325 train_time:3194.281s step_avg:1841.08ms
step:1736/3325 train_time:3196.096s step_avg:1841.07ms
step:1737/3325 train_time:3197.911s step_avg:1841.05ms
step:1738/3325 train_time:3199.727s step_avg:1841.04ms
step:1739/3325 train_time:3201.545s step_avg:1841.03ms
step:1740/3325 train_time:3203.379s step_avg:1841.02ms
step:1741/3325 train_time:3205.195s step_avg:1841.01ms
step:1742/3325 train_time:3207.013s step_avg:1840.99ms
step:1743/3325 train_time:3208.831s step_avg:1840.98ms
step:1744/3325 train_time:3210.648s step_avg:1840.97ms
step:1745/3325 train_time:3212.465s step_avg:1840.95ms
step:1746/3325 train_time:3214.281s step_avg:1840.94ms
step:1747/3325 train_time:3216.100s step_avg:1840.93ms
step:1748/3325 train_time:3217.920s step_avg:1840.92ms
step:1749/3325 train_time:3219.738s step_avg:1840.90ms
step:1750/3325 train_time:3221.897s step_avg:1841.08ms
step:1750/3325 val_loss:3.54002 train_time:3221.898s step_avg:1829.20ms
step:1751/3325 train_time:3223.718s step_avg:1841.07ms
step:1752/3325 train_time:3225.538s step_avg:1841.06ms
step:1753/3325 train_time:3227.354s step_avg:1841.05ms
step:1754/3325 train_time:3229.170s step_avg:1841.03ms
step:1755/3325 train_time:3230.988s step_avg:1841.02ms
step:1756/3325 train_time:3232.804s step_avg:1841.00ms
step:1757/3325 train_time:3234.619s step_avg:1840.99ms
step:1758/3325 train_time:3236.434s step_avg:1840.98ms
step:1759/3325 train_time:3238.252s step_avg:1840.96ms
step:1760/3325 train_time:3240.067s step_avg:1840.95ms
step:1761/3325 train_time:3241.885s step_avg:1840.93ms
step:1762/3325 train_time:3243.700s step_avg:1840.92ms
step:1763/3325 train_time:3245.516s step_avg:1840.91ms
step:1764/3325 train_time:3247.331s step_avg:1840.89ms
step:1765/3325 train_time:3249.147s step_avg:1840.88ms
step:1766/3325 train_time:3250.966s step_avg:1840.86ms
step:1767/3325 train_time:3252.782s step_avg:1840.85ms
step:1768/3325 train_time:3254.599s step_avg:1840.84ms
step:1769/3325 train_time:3256.415s step_avg:1840.82ms
step:1770/3325 train_time:3258.247s step_avg:1840.82ms
step:1771/3325 train_time:3260.064s step_avg:1840.80ms
step:1772/3325 train_time:3261.881s step_avg:1840.79ms
step:1773/3325 train_time:3263.696s step_avg:1840.78ms
step:1774/3325 train_time:3265.512s step_avg:1840.76ms
step:1775/3325 train_time:3267.599s step_avg:1840.90ms
step:1776/3325 train_time:3269.416s step_avg:1840.89ms
step:1777/3325 train_time:3271.232s step_avg:1840.87ms
step:1778/3325 train_time:3273.048s step_avg:1840.86ms
step:1779/3325 train_time:3274.863s step_avg:1840.84ms
step:1780/3325 train_time:3276.678s step_avg:1840.83ms
step:1781/3325 train_time:3278.493s step_avg:1840.82ms
step:1782/3325 train_time:3280.309s step_avg:1840.80ms
step:1783/3325 train_time:3282.126s step_avg:1840.79ms
step:1784/3325 train_time:3283.941s step_avg:1840.77ms
step:1785/3325 train_time:3285.757s step_avg:1840.76ms
step:1786/3325 train_time:3287.573s step_avg:1840.75ms
step:1787/3325 train_time:3289.388s step_avg:1840.73ms
step:1788/3325 train_time:3291.230s step_avg:1840.73ms
step:1789/3325 train_time:3293.046s step_avg:1840.72ms
step:1790/3325 train_time:3294.863s step_avg:1840.71ms
step:1791/3325 train_time:3296.679s step_avg:1840.69ms
step:1792/3325 train_time:3298.494s step_avg:1840.68ms
step:1793/3325 train_time:3300.311s step_avg:1840.66ms
step:1794/3325 train_time:3302.127s step_avg:1840.65ms
step:1795/3325 train_time:3303.942s step_avg:1840.64ms
step:1796/3325 train_time:3305.758s step_avg:1840.62ms
step:1797/3325 train_time:3307.573s step_avg:1840.61ms
step:1798/3325 train_time:3309.389s step_avg:1840.59ms
step:1799/3325 train_time:3311.207s step_avg:1840.58ms
step:1800/3325 train_time:3313.311s step_avg:1840.73ms
step:1801/3325 train_time:3315.125s step_avg:1840.71ms
step:1802/3325 train_time:3316.947s step_avg:1840.70ms
step:1803/3325 train_time:3318.765s step_avg:1840.69ms
step:1804/3325 train_time:3320.583s step_avg:1840.68ms
step:1805/3325 train_time:3322.400s step_avg:1840.66ms
step:1806/3325 train_time:3324.216s step_avg:1840.65ms
step:1807/3325 train_time:3326.030s step_avg:1840.64ms
step:1808/3325 train_time:3327.846s step_avg:1840.62ms
step:1809/3325 train_time:3329.661s step_avg:1840.61ms
step:1810/3325 train_time:3331.479s step_avg:1840.60ms
step:1811/3325 train_time:3333.295s step_avg:1840.58ms
step:1812/3325 train_time:3335.112s step_avg:1840.57ms
step:1813/3325 train_time:3336.927s step_avg:1840.56ms
step:1814/3325 train_time:3338.742s step_avg:1840.54ms
step:1815/3325 train_time:3340.558s step_avg:1840.53ms
step:1816/3325 train_time:3342.373s step_avg:1840.51ms
step:1817/3325 train_time:3344.188s step_avg:1840.50ms
step:1818/3325 train_time:3346.004s step_avg:1840.49ms
step:1819/3325 train_time:3347.819s step_avg:1840.47ms
step:1820/3325 train_time:3349.635s step_avg:1840.46ms
step:1821/3325 train_time:3351.451s step_avg:1840.45ms
step:1822/3325 train_time:3353.266s step_avg:1840.43ms
step:1823/3325 train_time:3355.081s step_avg:1840.42ms
step:1824/3325 train_time:3356.897s step_avg:1840.40ms
step:1825/3325 train_time:3358.985s step_avg:1840.54ms
step:1826/3325 train_time:3360.801s step_avg:1840.53ms
step:1827/3325 train_time:3362.617s step_avg:1840.51ms
step:1828/3325 train_time:3364.433s step_avg:1840.50ms
step:1829/3325 train_time:3366.248s step_avg:1840.49ms
step:1830/3325 train_time:3368.080s step_avg:1840.48ms
step:1831/3325 train_time:3369.895s step_avg:1840.47ms
step:1832/3325 train_time:3371.710s step_avg:1840.45ms
step:1833/3325 train_time:3373.525s step_avg:1840.44ms
step:1834/3325 train_time:3375.342s step_avg:1840.43ms
step:1835/3325 train_time:3377.158s step_avg:1840.41ms
step:1836/3325 train_time:3378.978s step_avg:1840.40ms
step:1837/3325 train_time:3380.796s step_avg:1840.39ms
step:1838/3325 train_time:3382.613s step_avg:1840.38ms
step:1839/3325 train_time:3384.429s step_avg:1840.36ms
step:1840/3325 train_time:3386.244s step_avg:1840.35ms
step:1841/3325 train_time:3388.061s step_avg:1840.34ms
step:1842/3325 train_time:3389.879s step_avg:1840.32ms
step:1843/3325 train_time:3391.696s step_avg:1840.31ms
step:1844/3325 train_time:3393.512s step_avg:1840.30ms
step:1845/3325 train_time:3395.327s step_avg:1840.29ms
step:1846/3325 train_time:3397.142s step_avg:1840.27ms
step:1847/3325 train_time:3398.957s step_avg:1840.26ms
step:1848/3325 train_time:3400.775s step_avg:1840.25ms
step:1849/3325 train_time:3402.591s step_avg:1840.23ms
step:1850/3325 train_time:3404.679s step_avg:1840.37ms
step:1851/3325 train_time:3406.494s step_avg:1840.35ms
step:1852/3325 train_time:3408.309s step_avg:1840.34ms
step:1853/3325 train_time:3410.127s step_avg:1840.33ms
step:1854/3325 train_time:3411.943s step_avg:1840.31ms
step:1855/3325 train_time:3413.759s step_avg:1840.30ms
step:1856/3325 train_time:3415.574s step_avg:1840.29ms
step:1857/3325 train_time:3417.388s step_avg:1840.27ms
step:1858/3325 train_time:3419.205s step_avg:1840.26ms
step:1859/3325 train_time:3421.021s step_avg:1840.25ms
step:1860/3325 train_time:3422.853s step_avg:1840.24ms
step:1861/3325 train_time:3424.668s step_avg:1840.23ms
step:1862/3325 train_time:3426.483s step_avg:1840.22ms
step:1863/3325 train_time:3428.298s step_avg:1840.20ms
step:1864/3325 train_time:3430.115s step_avg:1840.19ms
step:1865/3325 train_time:3431.932s step_avg:1840.18ms
step:1866/3325 train_time:3433.749s step_avg:1840.17ms
step:1867/3325 train_time:3435.565s step_avg:1840.15ms
step:1868/3325 train_time:3437.380s step_avg:1840.14ms
step:1869/3325 train_time:3439.195s step_avg:1840.13ms
step:1870/3325 train_time:3441.010s step_avg:1840.11ms
step:1871/3325 train_time:3442.826s step_avg:1840.10ms
step:1872/3325 train_time:3444.641s step_avg:1840.09ms
step:1873/3325 train_time:3446.458s step_avg:1840.07ms
step:1874/3325 train_time:3448.273s step_avg:1840.06ms
step:1875/3325 train_time:3450.447s step_avg:1840.24ms
step:1875/3325 val_loss:3.51763 train_time:3450.447s step_avg:1828.40ms
step:1876/3325 train_time:3452.263s step_avg:1840.23ms
step:1877/3325 train_time:3454.077s step_avg:1840.21ms
step:1878/3325 train_time:3455.892s step_avg:1840.20ms
step:1879/3325 train_time:3457.707s step_avg:1840.18ms
step:1880/3325 train_time:3459.523s step_avg:1840.17ms
step:1881/3325 train_time:3461.339s step_avg:1840.16ms
step:1882/3325 train_time:3463.155s step_avg:1840.15ms
step:1883/3325 train_time:3464.970s step_avg:1840.13ms
step:1884/3325 train_time:3466.785s step_avg:1840.12ms
step:1885/3325 train_time:3468.601s step_avg:1840.11ms
step:1886/3325 train_time:3470.416s step_avg:1840.09ms
step:1887/3325 train_time:3472.232s step_avg:1840.08ms
step:1888/3325 train_time:3474.047s step_avg:1840.07ms
step:1889/3325 train_time:3475.863s step_avg:1840.05ms
step:1890/3325 train_time:3477.694s step_avg:1840.05ms
step:1891/3325 train_time:3479.512s step_avg:1840.04ms
step:1892/3325 train_time:3481.327s step_avg:1840.02ms
step:1893/3325 train_time:3483.142s step_avg:1840.01ms
step:1894/3325 train_time:3484.958s step_avg:1840.00ms
step:1895/3325 train_time:3486.774s step_avg:1839.99ms
step:1896/3325 train_time:3488.591s step_avg:1839.97ms
step:1897/3325 train_time:3490.407s step_avg:1839.96ms
step:1898/3325 train_time:3492.222s step_avg:1839.95ms
step:1899/3325 train_time:3494.037s step_avg:1839.94ms
step:1900/3325 train_time:3496.129s step_avg:1840.07ms
step:1901/3325 train_time:3497.980s step_avg:1840.07ms
step:1902/3325 train_time:3499.796s step_avg:1840.06ms
step:1903/3325 train_time:3501.612s step_avg:1840.05ms
step:1904/3325 train_time:3503.428s step_avg:1840.04ms
step:1905/3325 train_time:3505.242s step_avg:1840.02ms
step:1906/3325 train_time:3507.057s step_avg:1840.01ms
step:1907/3325 train_time:3508.874s step_avg:1840.00ms
step:1908/3325 train_time:3510.690s step_avg:1839.98ms
step:1909/3325 train_time:3512.505s step_avg:1839.97ms
step:1910/3325 train_time:3514.320s step_avg:1839.96ms
step:1911/3325 train_time:3516.136s step_avg:1839.95ms
step:1912/3325 train_time:3517.953s step_avg:1839.93ms
step:1913/3325 train_time:3519.772s step_avg:1839.92ms
step:1914/3325 train_time:3521.587s step_avg:1839.91ms
step:1915/3325 train_time:3523.402s step_avg:1839.90ms
step:1916/3325 train_time:3525.218s step_avg:1839.88ms
step:1917/3325 train_time:3527.034s step_avg:1839.87ms
step:1918/3325 train_time:3528.850s step_avg:1839.86ms
step:1919/3325 train_time:3530.666s step_avg:1839.85ms
step:1920/3325 train_time:3532.497s step_avg:1839.84ms
step:1921/3325 train_time:3534.313s step_avg:1839.83ms
step:1922/3325 train_time:3536.129s step_avg:1839.82ms
step:1923/3325 train_time:3537.945s step_avg:1839.81ms
step:1924/3325 train_time:3539.761s step_avg:1839.79ms
step:1925/3325 train_time:3541.849s step_avg:1839.92ms
step:1926/3325 train_time:3543.668s step_avg:1839.91ms
step:1927/3325 train_time:3545.486s step_avg:1839.90ms
step:1928/3325 train_time:3547.302s step_avg:1839.89ms
step:1929/3325 train_time:3549.119s step_avg:1839.87ms
step:1930/3325 train_time:3550.934s step_avg:1839.86ms
step:1931/3325 train_time:3552.751s step_avg:1839.85ms
step:1932/3325 train_time:3554.566s step_avg:1839.84ms
step:1933/3325 train_time:3556.382s step_avg:1839.83ms
step:1934/3325 train_time:3558.200s step_avg:1839.81ms
step:1935/3325 train_time:3560.017s step_avg:1839.80ms
step:1936/3325 train_time:3561.833s step_avg:1839.79ms
step:1937/3325 train_time:3563.648s step_avg:1839.78ms
step:1938/3325 train_time:3565.464s step_avg:1839.76ms
step:1939/3325 train_time:3567.279s step_avg:1839.75ms
step:1940/3325 train_time:3569.097s step_avg:1839.74ms
step:1941/3325 train_time:3570.913s step_avg:1839.73ms
step:1942/3325 train_time:3572.729s step_avg:1839.72ms
step:1943/3325 train_time:3574.544s step_avg:1839.70ms
step:1944/3325 train_time:3576.359s step_avg:1839.69ms
step:1945/3325 train_time:3578.174s step_avg:1839.68ms
step:1946/3325 train_time:3579.991s step_avg:1839.67ms
step:1947/3325 train_time:3581.807s step_avg:1839.65ms
step:1948/3325 train_time:3583.622s step_avg:1839.64ms
step:1949/3325 train_time:3585.438s step_avg:1839.63ms
step:1950/3325 train_time:3587.543s step_avg:1839.77ms
step:1951/3325 train_time:3589.361s step_avg:1839.75ms
step:1952/3325 train_time:3591.177s step_avg:1839.74ms
step:1953/3325 train_time:3592.992s step_avg:1839.73ms
step:1954/3325 train_time:3594.808s step_avg:1839.72ms
step:1955/3325 train_time:3596.623s step_avg:1839.70ms
step:1956/3325 train_time:3598.439s step_avg:1839.69ms
step:1957/3325 train_time:3600.255s step_avg:1839.68ms
step:1958/3325 train_time:3602.070s step_avg:1839.67ms
step:1959/3325 train_time:3603.885s step_avg:1839.66ms
step:1960/3325 train_time:3605.700s step_avg:1839.64ms
step:1961/3325 train_time:3607.516s step_avg:1839.63ms
step:1962/3325 train_time:3609.336s step_avg:1839.62ms
step:1963/3325 train_time:3611.154s step_avg:1839.61ms
step:1964/3325 train_time:3612.972s step_avg:1839.60ms
step:1965/3325 train_time:3614.788s step_avg:1839.59ms
step:1966/3325 train_time:3616.603s step_avg:1839.57ms
step:1967/3325 train_time:3618.422s step_avg:1839.56ms
step:1968/3325 train_time:3620.238s step_avg:1839.55ms
step:1969/3325 train_time:3622.054s step_avg:1839.54ms
step:1970/3325 train_time:3623.869s step_avg:1839.53ms
step:1971/3325 train_time:3625.685s step_avg:1839.52ms
step:1972/3325 train_time:3627.500s step_avg:1839.50ms
step:1973/3325 train_time:3629.348s step_avg:1839.51ms
step:1974/3325 train_time:3631.165s step_avg:1839.50ms
step:1975/3325 train_time:3633.253s step_avg:1839.62ms
step:1976/3325 train_time:3635.069s step_avg:1839.61ms
step:1977/3325 train_time:3636.885s step_avg:1839.60ms
step:1978/3325 train_time:3638.700s step_avg:1839.59ms
step:1979/3325 train_time:3640.517s step_avg:1839.57ms
step:1980/3325 train_time:3642.349s step_avg:1839.57ms
step:1981/3325 train_time:3644.163s step_avg:1839.56ms
step:1982/3325 train_time:3645.980s step_avg:1839.55ms
step:1983/3325 train_time:3647.796s step_avg:1839.53ms
step:1984/3325 train_time:3649.613s step_avg:1839.52ms
step:1985/3325 train_time:3651.429s step_avg:1839.51ms
step:1986/3325 train_time:3653.244s step_avg:1839.50ms
step:1987/3325 train_time:3655.059s step_avg:1839.49ms
step:1988/3325 train_time:3656.875s step_avg:1839.47ms
step:1989/3325 train_time:3658.691s step_avg:1839.46ms
step:1990/3325 train_time:3660.508s step_avg:1839.45ms
step:1991/3325 train_time:3662.323s step_avg:1839.44ms
step:1992/3325 train_time:3664.139s step_avg:1839.43ms
step:1993/3325 train_time:3665.955s step_avg:1839.42ms
step:1994/3325 train_time:3667.770s step_avg:1839.40ms
step:1995/3325 train_time:3669.586s step_avg:1839.39ms
step:1996/3325 train_time:3671.401s step_avg:1839.38ms
step:1997/3325 train_time:3673.217s step_avg:1839.37ms
step:1998/3325 train_time:3675.034s step_avg:1839.36ms
step:1999/3325 train_time:3676.850s step_avg:1839.34ms
step:2000/3325 train_time:3679.011s step_avg:1839.51ms
step:2000/3325 val_loss:3.49542 train_time:3679.012s step_avg:1828.52ms
step:2001/3325 train_time:3680.829s step_avg:1839.49ms
step:2002/3325 train_time:3682.646s step_avg:1839.48ms
step:2003/3325 train_time:3684.461s step_avg:1839.47ms
step:2004/3325 train_time:3686.277s step_avg:1839.46ms
step:2005/3325 train_time:3688.094s step_avg:1839.45ms
step:2006/3325 train_time:3689.910s step_avg:1839.44ms
step:2007/3325 train_time:3691.727s step_avg:1839.43ms
step:2008/3325 train_time:3693.542s step_avg:1839.41ms
step:2009/3325 train_time:3695.358s step_avg:1839.40ms
step:2010/3325 train_time:3697.191s step_avg:1839.40ms
step:2011/3325 train_time:3699.008s step_avg:1839.39ms
step:2012/3325 train_time:3700.824s step_avg:1839.38ms
step:2013/3325 train_time:3702.640s step_avg:1839.36ms
step:2014/3325 train_time:3704.456s step_avg:1839.35ms
step:2015/3325 train_time:3706.274s step_avg:1839.34ms
step:2016/3325 train_time:3708.090s step_avg:1839.33ms
step:2017/3325 train_time:3709.905s step_avg:1839.32ms
step:2018/3325 train_time:3711.722s step_avg:1839.31ms
step:2019/3325 train_time:3713.538s step_avg:1839.30ms
step:2020/3325 train_time:3715.354s step_avg:1839.28ms
step:2021/3325 train_time:3717.171s step_avg:1839.27ms
step:2022/3325 train_time:3718.987s step_avg:1839.26ms
step:2023/3325 train_time:3720.803s step_avg:1839.25ms
step:2024/3325 train_time:3722.619s step_avg:1839.24ms
step:2025/3325 train_time:3724.708s step_avg:1839.36ms
step:2026/3325 train_time:3726.526s step_avg:1839.35ms
step:2027/3325 train_time:3728.342s step_avg:1839.34ms
step:2028/3325 train_time:3730.158s step_avg:1839.33ms
step:2029/3325 train_time:3731.974s step_avg:1839.32ms
step:2030/3325 train_time:3733.789s step_avg:1839.31ms
step:2031/3325 train_time:3735.605s step_avg:1839.29ms
step:2032/3325 train_time:3737.421s step_avg:1839.28ms
step:2033/3325 train_time:3739.237s step_avg:1839.27ms
step:2034/3325 train_time:3741.053s step_avg:1839.26ms
step:2035/3325 train_time:3742.869s step_avg:1839.25ms
step:2036/3325 train_time:3744.685s step_avg:1839.24ms
step:2037/3325 train_time:3746.502s step_avg:1839.23ms
step:2038/3325 train_time:3748.319s step_avg:1839.21ms
step:2039/3325 train_time:3750.135s step_avg:1839.20ms
step:2040/3325 train_time:3751.968s step_avg:1839.20ms
step:2041/3325 train_time:3753.783s step_avg:1839.19ms
step:2042/3325 train_time:3755.599s step_avg:1839.18ms
step:2043/3325 train_time:3757.415s step_avg:1839.17ms
step:2044/3325 train_time:3759.232s step_avg:1839.15ms
step:2045/3325 train_time:3761.048s step_avg:1839.14ms
step:2046/3325 train_time:3762.864s step_avg:1839.13ms
step:2047/3325 train_time:3764.679s step_avg:1839.12ms
step:2048/3325 train_time:3766.495s step_avg:1839.11ms
step:2049/3325 train_time:3768.312s step_avg:1839.10ms
step:2050/3325 train_time:3770.402s step_avg:1839.22ms
step:2051/3325 train_time:3772.217s step_avg:1839.21ms
step:2052/3325 train_time:3774.033s step_avg:1839.20ms
step:2053/3325 train_time:3775.848s step_avg:1839.19ms
step:2054/3325 train_time:3777.663s step_avg:1839.17ms
step:2055/3325 train_time:3779.480s step_avg:1839.16ms
step:2056/3325 train_time:3781.297s step_avg:1839.15ms
step:2057/3325 train_time:3783.116s step_avg:1839.14ms
step:2058/3325 train_time:3784.935s step_avg:1839.13ms
step:2059/3325 train_time:3786.752s step_avg:1839.12ms
step:2060/3325 train_time:3788.569s step_avg:1839.11ms
step:2061/3325 train_time:3790.386s step_avg:1839.10ms
step:2062/3325 train_time:3792.201s step_avg:1839.09ms
step:2063/3325 train_time:3794.017s step_avg:1839.08ms
step:2064/3325 train_time:3795.835s step_avg:1839.07ms
step:2065/3325 train_time:3797.652s step_avg:1839.06ms
step:2066/3325 train_time:3799.468s step_avg:1839.05ms
step:2067/3325 train_time:3801.284s step_avg:1839.03ms
step:2068/3325 train_time:3803.100s step_avg:1839.02ms
step:2069/3325 train_time:3804.916s step_avg:1839.01ms
step:2070/3325 train_time:3806.752s step_avg:1839.01ms
step:2071/3325 train_time:3808.572s step_avg:1839.00ms
step:2072/3325 train_time:3810.389s step_avg:1838.99ms
step:2073/3325 train_time:3812.205s step_avg:1838.98ms
step:2074/3325 train_time:3814.021s step_avg:1838.97ms
step:2075/3325 train_time:3816.113s step_avg:1839.09ms
step:2076/3325 train_time:3817.931s step_avg:1839.08ms
step:2077/3325 train_time:3819.747s step_avg:1839.07ms
step:2078/3325 train_time:3821.563s step_avg:1839.06ms
step:2079/3325 train_time:3823.377s step_avg:1839.05ms
step:2080/3325 train_time:3825.194s step_avg:1839.04ms
step:2081/3325 train_time:3827.012s step_avg:1839.03ms
step:2082/3325 train_time:3828.828s step_avg:1839.01ms
step:2083/3325 train_time:3830.643s step_avg:1839.00ms
step:2084/3325 train_time:3832.458s step_avg:1838.99ms
step:2085/3325 train_time:3834.273s step_avg:1838.98ms
step:2086/3325 train_time:3836.090s step_avg:1838.97ms
step:2087/3325 train_time:3837.908s step_avg:1838.96ms
step:2088/3325 train_time:3839.724s step_avg:1838.95ms
step:2089/3325 train_time:3841.540s step_avg:1838.94ms
step:2090/3325 train_time:3843.355s step_avg:1838.93ms
step:2091/3325 train_time:3845.210s step_avg:1838.93ms
step:2092/3325 train_time:3847.027s step_avg:1838.92ms
step:2093/3325 train_time:3848.843s step_avg:1838.91ms
step:2094/3325 train_time:3850.660s step_avg:1838.90ms
step:2095/3325 train_time:3852.476s step_avg:1838.89ms
step:2096/3325 train_time:3854.291s step_avg:1838.88ms
step:2097/3325 train_time:3856.109s step_avg:1838.87ms
step:2098/3325 train_time:3857.926s step_avg:1838.86ms
step:2099/3325 train_time:3859.741s step_avg:1838.85ms
step:2100/3325 train_time:3861.846s step_avg:1838.97ms
step:2101/3325 train_time:3863.661s step_avg:1838.96ms
step:2102/3325 train_time:3865.476s step_avg:1838.95ms
step:2103/3325 train_time:3867.291s step_avg:1838.94ms
step:2104/3325 train_time:3869.107s step_avg:1838.93ms
step:2105/3325 train_time:3870.921s step_avg:1838.92ms
step:2106/3325 train_time:3872.736s step_avg:1838.91ms
step:2107/3325 train_time:3874.550s step_avg:1838.89ms
step:2108/3325 train_time:3876.366s step_avg:1838.88ms
step:2109/3325 train_time:3878.181s step_avg:1838.87ms
step:2110/3325 train_time:3879.997s step_avg:1838.86ms
step:2111/3325 train_time:3881.812s step_avg:1838.85ms
step:2112/3325 train_time:3883.628s step_avg:1838.84ms
step:2113/3325 train_time:3885.443s step_avg:1838.83ms
step:2114/3325 train_time:3887.260s step_avg:1838.82ms
step:2115/3325 train_time:3889.075s step_avg:1838.81ms
step:2116/3325 train_time:3890.891s step_avg:1838.80ms
step:2117/3325 train_time:3892.706s step_avg:1838.78ms
step:2118/3325 train_time:3894.522s step_avg:1838.77ms
step:2119/3325 train_time:3896.337s step_avg:1838.76ms
step:2120/3325 train_time:3898.154s step_avg:1838.75ms
step:2121/3325 train_time:3899.970s step_avg:1838.74ms
step:2122/3325 train_time:3901.785s step_avg:1838.73ms
step:2123/3325 train_time:3903.600s step_avg:1838.72ms
step:2124/3325 train_time:3905.416s step_avg:1838.71ms
step:2125/3325 train_time:3907.577s step_avg:1838.86ms
step:2125/3325 val_loss:3.47328 train_time:3907.578s step_avg:1828.53ms
step:2126/3325 train_time:3909.394s step_avg:1838.85ms
step:2127/3325 train_time:3911.209s step_avg:1838.84ms
step:2128/3325 train_time:3913.024s step_avg:1838.83ms
step:2129/3325 train_time:3914.839s step_avg:1838.82ms
step:2130/3325 train_time:3916.671s step_avg:1838.81ms
step:2131/3325 train_time:3918.487s step_avg:1838.80ms
step:2132/3325 train_time:3920.302s step_avg:1838.79ms
step:2133/3325 train_time:3922.117s step_avg:1838.78ms
step:2134/3325 train_time:3923.932s step_avg:1838.77ms
step:2135/3325 train_time:3925.750s step_avg:1838.76ms
step:2136/3325 train_time:3927.565s step_avg:1838.75ms
step:2137/3325 train_time:3929.381s step_avg:1838.74ms
step:2138/3325 train_time:3931.195s step_avg:1838.73ms
step:2139/3325 train_time:3933.010s step_avg:1838.71ms
step:2140/3325 train_time:3934.827s step_avg:1838.70ms
step:2141/3325 train_time:3936.643s step_avg:1838.69ms
step:2142/3325 train_time:3938.458s step_avg:1838.68ms
step:2143/3325 train_time:3940.272s step_avg:1838.67ms
step:2144/3325 train_time:3942.087s step_avg:1838.66ms
step:2145/3325 train_time:3943.902s step_avg:1838.65ms
step:2146/3325 train_time:3945.717s step_avg:1838.64ms
step:2147/3325 train_time:3947.533s step_avg:1838.63ms
step:2148/3325 train_time:3949.348s step_avg:1838.62ms
step:2149/3325 train_time:3951.163s step_avg:1838.61ms
step:2150/3325 train_time:3953.250s step_avg:1838.72ms
step:2151/3325 train_time:3955.068s step_avg:1838.71ms
step:2152/3325 train_time:3956.883s step_avg:1838.70ms
step:2153/3325 train_time:3958.698s step_avg:1838.69ms
step:2154/3325 train_time:3960.512s step_avg:1838.68ms
step:2155/3325 train_time:3962.327s step_avg:1838.67ms
step:2156/3325 train_time:3964.144s step_avg:1838.66ms
step:2157/3325 train_time:3965.962s step_avg:1838.65ms
step:2158/3325 train_time:3967.778s step_avg:1838.64ms
step:2159/3325 train_time:3969.593s step_avg:1838.63ms
step:2160/3325 train_time:3971.425s step_avg:1838.62ms
step:2161/3325 train_time:3973.240s step_avg:1838.61ms
step:2162/3325 train_time:3975.055s step_avg:1838.60ms
step:2163/3325 train_time:3976.872s step_avg:1838.59ms
step:2164/3325 train_time:3978.689s step_avg:1838.58ms
step:2165/3325 train_time:3980.506s step_avg:1838.57ms
step:2166/3325 train_time:3982.321s step_avg:1838.56ms
step:2167/3325 train_time:3984.136s step_avg:1838.55ms
step:2168/3325 train_time:3985.952s step_avg:1838.54ms
step:2169/3325 train_time:3987.768s step_avg:1838.53ms
step:2170/3325 train_time:3989.583s step_avg:1838.52ms
step:2171/3325 train_time:3991.400s step_avg:1838.51ms
step:2172/3325 train_time:3993.215s step_avg:1838.50ms
step:2173/3325 train_time:3995.034s step_avg:1838.49ms
step:2174/3325 train_time:3996.849s step_avg:1838.48ms
step:2175/3325 train_time:3998.937s step_avg:1838.59ms
step:2176/3325 train_time:4000.757s step_avg:1838.58ms
step:2177/3325 train_time:4002.572s step_avg:1838.57ms
step:2178/3325 train_time:4004.390s step_avg:1838.56ms
step:2179/3325 train_time:4006.208s step_avg:1838.55ms
step:2180/3325 train_time:4008.024s step_avg:1838.54ms
step:2181/3325 train_time:4009.839s step_avg:1838.53ms
step:2182/3325 train_time:4011.655s step_avg:1838.52ms
step:2183/3325 train_time:4013.470s step_avg:1838.51ms
step:2184/3325 train_time:4015.286s step_avg:1838.50ms
step:2185/3325 train_time:4017.101s step_avg:1838.49ms
step:2186/3325 train_time:4018.916s step_avg:1838.48ms
step:2187/3325 train_time:4020.732s step_avg:1838.47ms
step:2188/3325 train_time:4022.548s step_avg:1838.46ms
step:2189/3325 train_time:4024.371s step_avg:1838.45ms
step:2190/3325 train_time:4026.206s step_avg:1838.45ms
step:2191/3325 train_time:4028.022s step_avg:1838.44ms
step:2192/3325 train_time:4029.839s step_avg:1838.43ms
step:2193/3325 train_time:4031.656s step_avg:1838.42ms
step:2194/3325 train_time:4033.472s step_avg:1838.41ms
step:2195/3325 train_time:4035.289s step_avg:1838.40ms
step:2196/3325 train_time:4037.104s step_avg:1838.39ms
step:2197/3325 train_time:4038.920s step_avg:1838.38ms
step:2198/3325 train_time:4040.735s step_avg:1838.37ms
step:2199/3325 train_time:4042.550s step_avg:1838.36ms
step:2200/3325 train_time:4044.640s step_avg:1838.47ms
step:2201/3325 train_time:4046.455s step_avg:1838.46ms
step:2202/3325 train_time:4048.272s step_avg:1838.45ms
step:2203/3325 train_time:4050.088s step_avg:1838.44ms
step:2204/3325 train_time:4051.904s step_avg:1838.43ms
step:2205/3325 train_time:4053.719s step_avg:1838.42ms
step:2206/3325 train_time:4055.535s step_avg:1838.41ms
step:2207/3325 train_time:4057.350s step_avg:1838.40ms
step:2208/3325 train_time:4059.166s step_avg:1838.39ms
step:2209/3325 train_time:4060.983s step_avg:1838.38ms
step:2210/3325 train_time:4062.799s step_avg:1838.37ms
step:2211/3325 train_time:4064.615s step_avg:1838.36ms
step:2212/3325 train_time:4066.432s step_avg:1838.35ms
step:2213/3325 train_time:4068.249s step_avg:1838.34ms
step:2214/3325 train_time:4070.064s step_avg:1838.33ms
step:2215/3325 train_time:4071.880s step_avg:1838.32ms
step:2216/3325 train_time:4073.695s step_avg:1838.31ms
step:2217/3325 train_time:4075.512s step_avg:1838.30ms
step:2218/3325 train_time:4077.328s step_avg:1838.29ms
step:2219/3325 train_time:4079.144s step_avg:1838.28ms
step:2220/3325 train_time:4080.976s step_avg:1838.28ms
step:2221/3325 train_time:4082.791s step_avg:1838.27ms
step:2222/3325 train_time:4084.608s step_avg:1838.26ms
step:2223/3325 train_time:4086.425s step_avg:1838.25ms
step:2224/3325 train_time:4088.242s step_avg:1838.24ms
step:2225/3325 train_time:4090.338s step_avg:1838.35ms
step:2226/3325 train_time:4092.155s step_avg:1838.34ms
step:2227/3325 train_time:4093.972s step_avg:1838.33ms
step:2228/3325 train_time:4095.789s step_avg:1838.33ms
step:2229/3325 train_time:4097.605s step_avg:1838.32ms
step:2230/3325 train_time:4099.420s step_avg:1838.31ms
step:2231/3325 train_time:4101.237s step_avg:1838.30ms
step:2232/3325 train_time:4103.053s step_avg:1838.29ms
step:2233/3325 train_time:4104.869s step_avg:1838.28ms
step:2234/3325 train_time:4106.686s step_avg:1838.27ms
step:2235/3325 train_time:4108.503s step_avg:1838.26ms
step:2236/3325 train_time:4110.318s step_avg:1838.25ms
step:2237/3325 train_time:4112.133s step_avg:1838.24ms
step:2238/3325 train_time:4113.949s step_avg:1838.23ms
step:2239/3325 train_time:4115.765s step_avg:1838.22ms
step:2240/3325 train_time:4117.581s step_avg:1838.21ms
step:2241/3325 train_time:4119.398s step_avg:1838.20ms
step:2242/3325 train_time:4121.215s step_avg:1838.19ms
step:2243/3325 train_time:4123.031s step_avg:1838.18ms
step:2244/3325 train_time:4124.847s step_avg:1838.17ms
step:2245/3325 train_time:4126.662s step_avg:1838.16ms
step:2246/3325 train_time:4128.479s step_avg:1838.15ms
step:2247/3325 train_time:4130.295s step_avg:1838.14ms
step:2248/3325 train_time:4132.112s step_avg:1838.13ms
step:2249/3325 train_time:4133.928s step_avg:1838.12ms
step:2250/3325 train_time:4136.106s step_avg:1838.27ms
step:2250/3325 val_loss:3.45151 train_time:4136.107s step_avg:1828.23ms
step:2251/3325 train_time:4137.923s step_avg:1838.26ms
step:2252/3325 train_time:4139.740s step_avg:1838.25ms
step:2253/3325 train_time:4141.557s step_avg:1838.24ms
step:2254/3325 train_time:4143.375s step_avg:1838.23ms
step:2255/3325 train_time:4145.193s step_avg:1838.22ms
step:2256/3325 train_time:4147.010s step_avg:1838.21ms
step:2257/3325 train_time:4148.827s step_avg:1838.20ms
step:2258/3325 train_time:4150.643s step_avg:1838.19ms
step:2259/3325 train_time:4152.460s step_avg:1838.18ms
step:2260/3325 train_time:4154.276s step_avg:1838.18ms
step:2261/3325 train_time:4156.093s step_avg:1838.17ms
step:2262/3325 train_time:4157.909s step_avg:1838.16ms
step:2263/3325 train_time:4159.726s step_avg:1838.15ms
step:2264/3325 train_time:4161.543s step_avg:1838.14ms
step:2265/3325 train_time:4163.361s step_avg:1838.13ms
step:2266/3325 train_time:4165.177s step_avg:1838.12ms
step:2267/3325 train_time:4166.994s step_avg:1838.11ms
step:2268/3325 train_time:4168.812s step_avg:1838.10ms
step:2269/3325 train_time:4170.629s step_avg:1838.09ms
step:2270/3325 train_time:4172.448s step_avg:1838.08ms
step:2271/3325 train_time:4174.265s step_avg:1838.07ms
step:2272/3325 train_time:4176.081s step_avg:1838.06ms
step:2273/3325 train_time:4177.898s step_avg:1838.05ms
step:2274/3325 train_time:4179.715s step_avg:1838.05ms
step:2275/3325 train_time:4181.804s step_avg:1838.16ms
step:2276/3325 train_time:4183.623s step_avg:1838.15ms
step:2277/3325 train_time:4185.440s step_avg:1838.14ms
step:2278/3325 train_time:4187.255s step_avg:1838.13ms
step:2279/3325 train_time:4189.072s step_avg:1838.12ms
step:2280/3325 train_time:4190.903s step_avg:1838.12ms
step:2281/3325 train_time:4192.756s step_avg:1838.12ms
step:2282/3325 train_time:4194.573s step_avg:1838.11ms
step:2283/3325 train_time:4196.389s step_avg:1838.10ms
step:2284/3325 train_time:4198.204s step_avg:1838.09ms
step:2285/3325 train_time:4200.020s step_avg:1838.08ms
step:2286/3325 train_time:4201.837s step_avg:1838.07ms
step:2287/3325 train_time:4203.654s step_avg:1838.06ms
step:2288/3325 train_time:4205.471s step_avg:1838.06ms
step:2289/3325 train_time:4207.289s step_avg:1838.05ms
step:2290/3325 train_time:4209.106s step_avg:1838.04ms
step:2291/3325 train_time:4210.923s step_avg:1838.03ms
step:2292/3325 train_time:4212.740s step_avg:1838.02ms
step:2293/3325 train_time:4214.557s step_avg:1838.01ms
step:2294/3325 train_time:4216.375s step_avg:1838.00ms
step:2295/3325 train_time:4218.192s step_avg:1837.99ms
step:2296/3325 train_time:4220.009s step_avg:1837.98ms
step:2297/3325 train_time:4221.825s step_avg:1837.97ms
step:2298/3325 train_time:4223.642s step_avg:1837.96ms
step:2299/3325 train_time:4225.459s step_avg:1837.96ms
step:2300/3325 train_time:4227.548s step_avg:1838.06ms
step:2301/3325 train_time:4229.363s step_avg:1838.05ms
step:2302/3325 train_time:4231.181s step_avg:1838.05ms
step:2303/3325 train_time:4233.002s step_avg:1838.04ms
step:2304/3325 train_time:4234.822s step_avg:1838.03ms
step:2305/3325 train_time:4236.639s step_avg:1838.02ms
step:2306/3325 train_time:4238.456s step_avg:1838.01ms
step:2307/3325 train_time:4240.272s step_avg:1838.00ms
step:2308/3325 train_time:4242.090s step_avg:1837.99ms
step:2309/3325 train_time:4243.908s step_avg:1837.99ms
step:2310/3325 train_time:4245.741s step_avg:1837.98ms
step:2311/3325 train_time:4247.557s step_avg:1837.97ms
step:2312/3325 train_time:4249.374s step_avg:1837.96ms
step:2313/3325 train_time:4251.192s step_avg:1837.96ms
step:2314/3325 train_time:4253.010s step_avg:1837.95ms
step:2315/3325 train_time:4254.827s step_avg:1837.94ms
step:2316/3325 train_time:4256.645s step_avg:1837.93ms
step:2317/3325 train_time:4258.463s step_avg:1837.92ms
step:2318/3325 train_time:4260.279s step_avg:1837.91ms
step:2319/3325 train_time:4262.095s step_avg:1837.90ms
step:2320/3325 train_time:4263.912s step_avg:1837.89ms
step:2321/3325 train_time:4265.730s step_avg:1837.88ms
step:2322/3325 train_time:4267.547s step_avg:1837.88ms
step:2323/3325 train_time:4269.364s step_avg:1837.87ms
step:2324/3325 train_time:4271.182s step_avg:1837.86ms
step:2325/3325 train_time:4273.274s step_avg:1837.97ms
step:2326/3325 train_time:4275.090s step_avg:1837.96ms
step:2327/3325 train_time:4276.906s step_avg:1837.95ms
step:2328/3325 train_time:4278.722s step_avg:1837.94ms
step:2329/3325 train_time:4280.538s step_avg:1837.93ms
step:2330/3325 train_time:4282.355s step_avg:1837.92ms
step:2331/3325 train_time:4284.172s step_avg:1837.91ms
step:2332/3325 train_time:4285.989s step_avg:1837.90ms
step:2333/3325 train_time:4287.806s step_avg:1837.89ms
step:2334/3325 train_time:4289.623s step_avg:1837.88ms
step:2335/3325 train_time:4291.440s step_avg:1837.88ms
step:2336/3325 train_time:4293.256s step_avg:1837.87ms
step:2337/3325 train_time:4295.073s step_avg:1837.86ms
step:2338/3325 train_time:4296.889s step_avg:1837.85ms
step:2339/3325 train_time:4298.709s step_avg:1837.84ms
step:2340/3325 train_time:4300.545s step_avg:1837.84ms
step:2341/3325 train_time:4302.364s step_avg:1837.83ms
step:2342/3325 train_time:4304.184s step_avg:1837.82ms
step:2343/3325 train_time:4306.002s step_avg:1837.82ms
step:2344/3325 train_time:4307.819s step_avg:1837.81ms
step:2345/3325 train_time:4309.636s step_avg:1837.80ms
step:2346/3325 train_time:4311.452s step_avg:1837.79ms
step:2347/3325 train_time:4313.270s step_avg:1837.78ms
step:2348/3325 train_time:4315.087s step_avg:1837.77ms
step:2349/3325 train_time:4316.905s step_avg:1837.76ms
step:2350/3325 train_time:4318.994s step_avg:1837.87ms
step:2351/3325 train_time:4320.812s step_avg:1837.86ms
step:2352/3325 train_time:4322.629s step_avg:1837.85ms
step:2353/3325 train_time:4324.447s step_avg:1837.84ms
step:2354/3325 train_time:4326.263s step_avg:1837.83ms
step:2355/3325 train_time:4328.080s step_avg:1837.83ms
step:2356/3325 train_time:4329.895s step_avg:1837.82ms
step:2357/3325 train_time:4331.712s step_avg:1837.81ms
step:2358/3325 train_time:4333.530s step_avg:1837.80ms
step:2359/3325 train_time:4335.348s step_avg:1837.79ms
step:2360/3325 train_time:4337.164s step_avg:1837.78ms
step:2361/3325 train_time:4338.983s step_avg:1837.77ms
step:2362/3325 train_time:4340.799s step_avg:1837.76ms
step:2363/3325 train_time:4342.616s step_avg:1837.76ms
step:2364/3325 train_time:4344.434s step_avg:1837.75ms
step:2365/3325 train_time:4346.251s step_avg:1837.74ms
step:2366/3325 train_time:4348.068s step_avg:1837.73ms
step:2367/3325 train_time:4349.885s step_avg:1837.72ms
step:2368/3325 train_time:4351.703s step_avg:1837.71ms
step:2369/3325 train_time:4353.520s step_avg:1837.70ms
step:2370/3325 train_time:4355.353s step_avg:1837.70ms
step:2371/3325 train_time:4357.169s step_avg:1837.69ms
step:2372/3325 train_time:4358.986s step_avg:1837.68ms
step:2373/3325 train_time:4360.803s step_avg:1837.68ms
step:2374/3325 train_time:4362.620s step_avg:1837.67ms
step:2375/3325 train_time:4364.776s step_avg:1837.80ms
step:2375/3325 val_loss:3.43246 train_time:4364.777s step_avg:1829.36ms
step:2376/3325 train_time:4366.594s step_avg:1837.79ms
step:2377/3325 train_time:4368.410s step_avg:1837.78ms
step:2378/3325 train_time:4370.227s step_avg:1837.77ms
step:2379/3325 train_time:4372.046s step_avg:1837.77ms
step:2380/3325 train_time:4373.863s step_avg:1837.76ms
step:2381/3325 train_time:4375.679s step_avg:1837.75ms
step:2382/3325 train_time:4377.496s step_avg:1837.74ms
step:2383/3325 train_time:4379.312s step_avg:1837.73ms
step:2384/3325 train_time:4381.129s step_avg:1837.72ms
step:2385/3325 train_time:4382.946s step_avg:1837.71ms
step:2386/3325 train_time:4384.763s step_avg:1837.70ms
step:2387/3325 train_time:4386.579s step_avg:1837.70ms
step:2388/3325 train_time:4388.395s step_avg:1837.69ms
step:2389/3325 train_time:4390.212s step_avg:1837.68ms
step:2390/3325 train_time:4392.029s step_avg:1837.67ms
step:2391/3325 train_time:4393.845s step_avg:1837.66ms
step:2392/3325 train_time:4395.662s step_avg:1837.65ms
step:2393/3325 train_time:4397.479s step_avg:1837.64ms
step:2394/3325 train_time:4399.296s step_avg:1837.63ms
step:2395/3325 train_time:4401.113s step_avg:1837.63ms
step:2396/3325 train_time:4402.930s step_avg:1837.62ms
step:2397/3325 train_time:4404.746s step_avg:1837.61ms
step:2398/3325 train_time:4406.561s step_avg:1837.60ms
step:2399/3325 train_time:4408.378s step_avg:1837.59ms
step:2400/3325 train_time:4410.486s step_avg:1837.70ms
step:2401/3325 train_time:4412.304s step_avg:1837.69ms
step:2402/3325 train_time:4414.120s step_avg:1837.69ms
step:2403/3325 train_time:4415.937s step_avg:1837.68ms
step:2404/3325 train_time:4417.753s step_avg:1837.67ms
step:2405/3325 train_time:4419.569s step_avg:1837.66ms
step:2406/3325 train_time:4421.386s step_avg:1837.65ms
step:2407/3325 train_time:4423.203s step_avg:1837.64ms
step:2408/3325 train_time:4425.019s step_avg:1837.63ms
step:2409/3325 train_time:4426.835s step_avg:1837.62ms
step:2410/3325 train_time:4428.652s step_avg:1837.61ms
step:2411/3325 train_time:4430.469s step_avg:1837.61ms
step:2412/3325 train_time:4432.288s step_avg:1837.60ms
step:2413/3325 train_time:4434.105s step_avg:1837.59ms
step:2414/3325 train_time:4435.922s step_avg:1837.58ms
step:2415/3325 train_time:4437.739s step_avg:1837.57ms
step:2416/3325 train_time:4439.555s step_avg:1837.56ms
step:2417/3325 train_time:4441.373s step_avg:1837.56ms
step:2418/3325 train_time:4443.190s step_avg:1837.55ms
step:2419/3325 train_time:4445.007s step_avg:1837.54ms
step:2420/3325 train_time:4446.823s step_avg:1837.53ms
step:2421/3325 train_time:4448.639s step_avg:1837.52ms
step:2422/3325 train_time:4450.456s step_avg:1837.51ms
step:2423/3325 train_time:4452.277s step_avg:1837.51ms
step:2424/3325 train_time:4454.094s step_avg:1837.50ms
step:2425/3325 train_time:4456.184s step_avg:1837.60ms
step:2426/3325 train_time:4457.999s step_avg:1837.59ms
step:2427/3325 train_time:4459.819s step_avg:1837.59ms
step:2428/3325 train_time:4461.651s step_avg:1837.58ms
step:2429/3325 train_time:4463.469s step_avg:1837.57ms
step:2430/3325 train_time:4465.304s step_avg:1837.57ms
step:2431/3325 train_time:4467.120s step_avg:1837.56ms
step:2432/3325 train_time:4468.937s step_avg:1837.56ms
step:2433/3325 train_time:4470.756s step_avg:1837.55ms
step:2434/3325 train_time:4472.574s step_avg:1837.54ms
step:2435/3325 train_time:4474.392s step_avg:1837.53ms
step:2436/3325 train_time:4476.208s step_avg:1837.52ms
step:2437/3325 train_time:4478.025s step_avg:1837.52ms
step:2438/3325 train_time:4479.841s step_avg:1837.51ms
step:2439/3325 train_time:4481.659s step_avg:1837.50ms
step:2440/3325 train_time:4483.476s step_avg:1837.49ms
step:2441/3325 train_time:4485.294s step_avg:1837.48ms
step:2442/3325 train_time:4487.111s step_avg:1837.47ms
step:2443/3325 train_time:4488.927s step_avg:1837.47ms
step:2444/3325 train_time:4490.744s step_avg:1837.46ms
step:2445/3325 train_time:4492.562s step_avg:1837.45ms
step:2446/3325 train_time:4494.378s step_avg:1837.44ms
step:2447/3325 train_time:4496.196s step_avg:1837.43ms
step:2448/3325 train_time:4498.013s step_avg:1837.42ms
step:2449/3325 train_time:4499.830s step_avg:1837.42ms
step:2450/3325 train_time:4501.922s step_avg:1837.52ms
step:2451/3325 train_time:4503.739s step_avg:1837.51ms
step:2452/3325 train_time:4505.556s step_avg:1837.50ms
step:2453/3325 train_time:4507.373s step_avg:1837.49ms
step:2454/3325 train_time:4509.188s step_avg:1837.49ms
step:2455/3325 train_time:4511.005s step_avg:1837.48ms
step:2456/3325 train_time:4512.823s step_avg:1837.47ms
step:2457/3325 train_time:4514.640s step_avg:1837.46ms
step:2458/3325 train_time:4516.456s step_avg:1837.45ms
step:2459/3325 train_time:4518.272s step_avg:1837.44ms
step:2460/3325 train_time:4520.104s step_avg:1837.44ms
step:2461/3325 train_time:4521.921s step_avg:1837.43ms
step:2462/3325 train_time:4523.739s step_avg:1837.42ms
step:2463/3325 train_time:4525.556s step_avg:1837.42ms
step:2464/3325 train_time:4527.373s step_avg:1837.41ms
step:2465/3325 train_time:4529.191s step_avg:1837.40ms
step:2466/3325 train_time:4531.010s step_avg:1837.39ms
step:2467/3325 train_time:4532.826s step_avg:1837.38ms
step:2468/3325 train_time:4534.642s step_avg:1837.38ms
step:2469/3325 train_time:4536.458s step_avg:1837.37ms
step:2470/3325 train_time:4538.275s step_avg:1837.36ms
step:2471/3325 train_time:4540.127s step_avg:1837.36ms
step:2472/3325 train_time:4541.943s step_avg:1837.36ms
step:2473/3325 train_time:4543.759s step_avg:1837.35ms
step:2474/3325 train_time:4545.576s step_avg:1837.34ms
step:2475/3325 train_time:4547.665s step_avg:1837.44ms
step:2476/3325 train_time:4549.482s step_avg:1837.43ms
step:2477/3325 train_time:4551.298s step_avg:1837.42ms
step:2478/3325 train_time:4553.116s step_avg:1837.42ms
step:2479/3325 train_time:4554.932s step_avg:1837.41ms
step:2480/3325 train_time:4556.747s step_avg:1837.40ms
step:2481/3325 train_time:4558.563s step_avg:1837.39ms
step:2482/3325 train_time:4560.379s step_avg:1837.38ms
step:2483/3325 train_time:4562.196s step_avg:1837.37ms
step:2484/3325 train_time:4564.013s step_avg:1837.36ms
step:2485/3325 train_time:4565.830s step_avg:1837.36ms
step:2486/3325 train_time:4567.646s step_avg:1837.35ms
step:2487/3325 train_time:4569.461s step_avg:1837.34ms
step:2488/3325 train_time:4571.278s step_avg:1837.33ms
step:2489/3325 train_time:4573.095s step_avg:1837.32ms
step:2490/3325 train_time:4574.928s step_avg:1837.32ms
step:2491/3325 train_time:4576.745s step_avg:1837.31ms
step:2492/3325 train_time:4578.561s step_avg:1837.30ms
step:2493/3325 train_time:4580.377s step_avg:1837.30ms
step:2494/3325 train_time:4582.195s step_avg:1837.29ms
step:2495/3325 train_time:4584.011s step_avg:1837.28ms
step:2496/3325 train_time:4585.827s step_avg:1837.27ms
step:2497/3325 train_time:4587.644s step_avg:1837.26ms
step:2498/3325 train_time:4589.461s step_avg:1837.25ms
step:2499/3325 train_time:4591.278s step_avg:1837.25ms
step:2500/3325 train_time:4593.434s step_avg:1837.37ms
step:2500/3325 val_loss:3.41332 train_time:4593.435s step_avg:1829.27ms
step:2501/3325 train_time:4595.253s step_avg:1837.37ms
step:2502/3325 train_time:4597.069s step_avg:1837.36ms
step:2503/3325 train_time:4598.888s step_avg:1837.35ms
step:2504/3325 train_time:4600.707s step_avg:1837.34ms
step:2505/3325 train_time:4602.525s step_avg:1837.34ms
step:2506/3325 train_time:4604.342s step_avg:1837.33ms
step:2507/3325 train_time:4606.159s step_avg:1837.32ms
step:2508/3325 train_time:4607.976s step_avg:1837.31ms
step:2509/3325 train_time:4609.794s step_avg:1837.30ms
step:2510/3325 train_time:4611.613s step_avg:1837.30ms
step:2511/3325 train_time:4613.433s step_avg:1837.29ms
step:2512/3325 train_time:4615.252s step_avg:1837.28ms
step:2513/3325 train_time:4617.070s step_avg:1837.27ms
step:2514/3325 train_time:4618.890s step_avg:1837.27ms
step:2515/3325 train_time:4620.708s step_avg:1837.26ms
step:2516/3325 train_time:4622.529s step_avg:1837.25ms
step:2517/3325 train_time:4624.347s step_avg:1837.25ms
step:2518/3325 train_time:4626.166s step_avg:1837.24ms
step:2519/3325 train_time:4627.984s step_avg:1837.23ms
step:2520/3325 train_time:4629.818s step_avg:1837.23ms
step:2521/3325 train_time:4631.635s step_avg:1837.22ms
step:2522/3325 train_time:4633.453s step_avg:1837.21ms
step:2523/3325 train_time:4635.271s step_avg:1837.21ms
step:2524/3325 train_time:4637.088s step_avg:1837.20ms
step:2525/3325 train_time:4639.179s step_avg:1837.30ms
step:2526/3325 train_time:4640.996s step_avg:1837.29ms
step:2527/3325 train_time:4642.814s step_avg:1837.28ms
step:2528/3325 train_time:4644.631s step_avg:1837.28ms
step:2529/3325 train_time:4646.448s step_avg:1837.27ms
step:2530/3325 train_time:4648.265s step_avg:1837.26ms
step:2531/3325 train_time:4650.085s step_avg:1837.25ms
step:2532/3325 train_time:4651.903s step_avg:1837.24ms
step:2533/3325 train_time:4653.721s step_avg:1837.24ms
step:2534/3325 train_time:4655.537s step_avg:1837.23ms
step:2535/3325 train_time:4657.354s step_avg:1837.22ms
step:2536/3325 train_time:4659.171s step_avg:1837.21ms
step:2537/3325 train_time:4660.989s step_avg:1837.20ms
step:2538/3325 train_time:4662.806s step_avg:1837.20ms
step:2539/3325 train_time:4664.624s step_avg:1837.19ms
step:2540/3325 train_time:4666.442s step_avg:1837.18ms
step:2541/3325 train_time:4668.258s step_avg:1837.17ms
step:2542/3325 train_time:4670.075s step_avg:1837.17ms
step:2543/3325 train_time:4671.893s step_avg:1837.16ms
step:2544/3325 train_time:4673.713s step_avg:1837.15ms
step:2545/3325 train_time:4675.534s step_avg:1837.14ms
step:2546/3325 train_time:4677.354s step_avg:1837.14ms
step:2547/3325 train_time:4679.172s step_avg:1837.13ms
step:2548/3325 train_time:4680.990s step_avg:1837.12ms
step:2549/3325 train_time:4682.807s step_avg:1837.12ms
step:2550/3325 train_time:4684.918s step_avg:1837.22ms
step:2551/3325 train_time:4686.736s step_avg:1837.22ms
step:2552/3325 train_time:4688.554s step_avg:1837.21ms
step:2553/3325 train_time:4690.372s step_avg:1837.20ms
step:2554/3325 train_time:4692.189s step_avg:1837.19ms
step:2555/3325 train_time:4694.006s step_avg:1837.18ms
step:2556/3325 train_time:4695.822s step_avg:1837.18ms
step:2557/3325 train_time:4697.641s step_avg:1837.17ms
step:2558/3325 train_time:4699.460s step_avg:1837.16ms
step:2559/3325 train_time:4701.277s step_avg:1837.15ms
step:2560/3325 train_time:4703.094s step_avg:1837.15ms
step:2561/3325 train_time:4704.910s step_avg:1837.14ms
step:2562/3325 train_time:4706.727s step_avg:1837.13ms
step:2563/3325 train_time:4708.546s step_avg:1837.12ms
step:2564/3325 train_time:4710.366s step_avg:1837.12ms
step:2565/3325 train_time:4712.183s step_avg:1837.11ms
step:2566/3325 train_time:4714.000s step_avg:1837.10ms
step:2567/3325 train_time:4715.816s step_avg:1837.09ms
step:2568/3325 train_time:4717.633s step_avg:1837.08ms
step:2569/3325 train_time:4719.449s step_avg:1837.08ms
step:2570/3325 train_time:4721.266s step_avg:1837.07ms
step:2571/3325 train_time:4723.083s step_avg:1837.06ms
step:2572/3325 train_time:4724.900s step_avg:1837.05ms
step:2573/3325 train_time:4726.717s step_avg:1837.05ms
step:2574/3325 train_time:4728.533s step_avg:1837.04ms
step:2575/3325 train_time:4730.626s step_avg:1837.14ms
step:2576/3325 train_time:4732.442s step_avg:1837.13ms
step:2577/3325 train_time:4734.258s step_avg:1837.12ms
step:2578/3325 train_time:4736.074s step_avg:1837.11ms
step:2579/3325 train_time:4737.891s step_avg:1837.10ms
step:2580/3325 train_time:4739.725s step_avg:1837.10ms
step:2581/3325 train_time:4741.541s step_avg:1837.09ms
step:2582/3325 train_time:4743.358s step_avg:1837.09ms
step:2583/3325 train_time:4745.174s step_avg:1837.08ms
step:2584/3325 train_time:4746.991s step_avg:1837.07ms
step:2585/3325 train_time:4748.809s step_avg:1837.06ms
step:2586/3325 train_time:4750.627s step_avg:1837.06ms
step:2587/3325 train_time:4752.444s step_avg:1837.05ms
step:2588/3325 train_time:4754.261s step_avg:1837.04ms
step:2589/3325 train_time:4756.077s step_avg:1837.03ms
step:2590/3325 train_time:4757.893s step_avg:1837.02ms
step:2591/3325 train_time:4759.711s step_avg:1837.02ms
step:2592/3325 train_time:4761.529s step_avg:1837.01ms
step:2593/3325 train_time:4763.346s step_avg:1837.00ms
step:2594/3325 train_time:4765.164s step_avg:1836.99ms
step:2595/3325 train_time:4766.980s step_avg:1836.99ms
step:2596/3325 train_time:4768.796s step_avg:1836.98ms
step:2597/3325 train_time:4770.613s step_avg:1836.97ms
step:2598/3325 train_time:4772.429s step_avg:1836.96ms
step:2599/3325 train_time:4774.247s step_avg:1836.96ms
step:2600/3325 train_time:4776.335s step_avg:1837.05ms
step:2601/3325 train_time:4778.152s step_avg:1837.04ms
step:2602/3325 train_time:4779.969s step_avg:1837.04ms
step:2603/3325 train_time:4781.785s step_avg:1837.03ms
step:2604/3325 train_time:4783.601s step_avg:1837.02ms
step:2605/3325 train_time:4785.417s step_avg:1837.01ms
step:2606/3325 train_time:4787.233s step_avg:1837.00ms
step:2607/3325 train_time:4789.052s step_avg:1837.00ms
step:2608/3325 train_time:4790.870s step_avg:1836.99ms
step:2609/3325 train_time:4792.688s step_avg:1836.98ms
step:2610/3325 train_time:4794.522s step_avg:1836.98ms
step:2611/3325 train_time:4796.337s step_avg:1836.97ms
step:2612/3325 train_time:4798.154s step_avg:1836.97ms
step:2613/3325 train_time:4799.974s step_avg:1836.96ms
step:2614/3325 train_time:4801.791s step_avg:1836.95ms
step:2615/3325 train_time:4803.607s step_avg:1836.94ms
step:2616/3325 train_time:4805.424s step_avg:1836.94ms
step:2617/3325 train_time:4807.240s step_avg:1836.93ms
step:2618/3325 train_time:4809.059s step_avg:1836.92ms
step:2619/3325 train_time:4810.876s step_avg:1836.91ms
step:2620/3325 train_time:4812.693s step_avg:1836.91ms
step:2621/3325 train_time:4814.510s step_avg:1836.90ms
step:2622/3325 train_time:4816.327s step_avg:1836.89ms
step:2623/3325 train_time:4818.145s step_avg:1836.88ms
step:2624/3325 train_time:4819.963s step_avg:1836.88ms
step:2625/3325 train_time:4822.119s step_avg:1837.00ms
step:2625/3325 val_loss:3.39618 train_time:4822.120s step_avg:1829.48ms
step:2626/3325 train_time:4823.937s step_avg:1836.99ms
step:2627/3325 train_time:4825.753s step_avg:1836.98ms
step:2628/3325 train_time:4827.572s step_avg:1836.98ms
step:2629/3325 train_time:4829.390s step_avg:1836.97ms
step:2630/3325 train_time:4831.207s step_avg:1836.96ms
step:2631/3325 train_time:4833.024s step_avg:1836.95ms
step:2632/3325 train_time:4834.840s step_avg:1836.95ms
step:2633/3325 train_time:4836.657s step_avg:1836.94ms
step:2634/3325 train_time:4838.475s step_avg:1836.93ms
step:2635/3325 train_time:4840.293s step_avg:1836.92ms
step:2636/3325 train_time:4842.110s step_avg:1836.92ms
step:2637/3325 train_time:4843.927s step_avg:1836.91ms
step:2638/3325 train_time:4845.744s step_avg:1836.90ms
step:2639/3325 train_time:4847.561s step_avg:1836.89ms
step:2640/3325 train_time:4849.395s step_avg:1836.89ms
step:2641/3325 train_time:4851.212s step_avg:1836.88ms
step:2642/3325 train_time:4853.030s step_avg:1836.88ms
step:2643/3325 train_time:4854.847s step_avg:1836.87ms
step:2644/3325 train_time:4856.664s step_avg:1836.86ms
step:2645/3325 train_time:4858.482s step_avg:1836.86ms
step:2646/3325 train_time:4860.299s step_avg:1836.85ms
step:2647/3325 train_time:4862.117s step_avg:1836.84ms
step:2648/3325 train_time:4863.935s step_avg:1836.83ms
step:2649/3325 train_time:4865.753s step_avg:1836.83ms
step:2650/3325 train_time:4867.843s step_avg:1836.92ms
step:2651/3325 train_time:4869.660s step_avg:1836.91ms
step:2652/3325 train_time:4871.477s step_avg:1836.91ms
step:2653/3325 train_time:4873.294s step_avg:1836.90ms
step:2654/3325 train_time:4875.110s step_avg:1836.89ms
step:2655/3325 train_time:4876.927s step_avg:1836.88ms
step:2656/3325 train_time:4878.747s step_avg:1836.88ms
step:2657/3325 train_time:4880.564s step_avg:1836.87ms
step:2658/3325 train_time:4882.381s step_avg:1836.86ms
step:2659/3325 train_time:4884.198s step_avg:1836.86ms
step:2660/3325 train_time:4886.016s step_avg:1836.85ms
step:2661/3325 train_time:4887.868s step_avg:1836.85ms
step:2662/3325 train_time:4889.685s step_avg:1836.85ms
step:2663/3325 train_time:4891.502s step_avg:1836.84ms
step:2664/3325 train_time:4893.319s step_avg:1836.83ms
step:2665/3325 train_time:4895.135s step_avg:1836.82ms
step:2666/3325 train_time:4896.952s step_avg:1836.82ms
step:2667/3325 train_time:4898.771s step_avg:1836.81ms
step:2668/3325 train_time:4900.589s step_avg:1836.80ms
step:2669/3325 train_time:4902.406s step_avg:1836.80ms
step:2670/3325 train_time:4904.239s step_avg:1836.79ms
step:2671/3325 train_time:4906.055s step_avg:1836.79ms
step:2672/3325 train_time:4907.874s step_avg:1836.78ms
step:2673/3325 train_time:4909.692s step_avg:1836.77ms
step:2674/3325 train_time:4911.508s step_avg:1836.76ms
step:2675/3325 train_time:4913.598s step_avg:1836.86ms
step:2676/3325 train_time:4915.417s step_avg:1836.85ms
step:2677/3325 train_time:4917.238s step_avg:1836.85ms
step:2678/3325 train_time:4919.055s step_avg:1836.84ms
step:2679/3325 train_time:4920.872s step_avg:1836.83ms
step:2680/3325 train_time:4922.689s step_avg:1836.82ms
step:2681/3325 train_time:4924.507s step_avg:1836.82ms
step:2682/3325 train_time:4926.324s step_avg:1836.81ms
step:2683/3325 train_time:4928.143s step_avg:1836.80ms
step:2684/3325 train_time:4929.962s step_avg:1836.80ms
step:2685/3325 train_time:4931.779s step_avg:1836.79ms
step:2686/3325 train_time:4933.596s step_avg:1836.78ms
step:2687/3325 train_time:4935.413s step_avg:1836.77ms
step:2688/3325 train_time:4937.233s step_avg:1836.77ms
step:2689/3325 train_time:4939.050s step_avg:1836.76ms
step:2690/3325 train_time:4940.869s step_avg:1836.75ms
step:2691/3325 train_time:4942.687s step_avg:1836.75ms
step:2692/3325 train_time:4944.505s step_avg:1836.74ms
step:2693/3325 train_time:4946.322s step_avg:1836.73ms
step:2694/3325 train_time:4948.141s step_avg:1836.73ms
step:2695/3325 train_time:4949.960s step_avg:1836.72ms
step:2696/3325 train_time:4951.778s step_avg:1836.71ms
step:2697/3325 train_time:4953.596s step_avg:1836.71ms
step:2698/3325 train_time:4955.416s step_avg:1836.70ms
step:2699/3325 train_time:4957.233s step_avg:1836.69ms
step:2700/3325 train_time:4959.342s step_avg:1836.79ms
step:2701/3325 train_time:4961.161s step_avg:1836.79ms
step:2702/3325 train_time:4962.980s step_avg:1836.78ms
step:2703/3325 train_time:4964.799s step_avg:1836.77ms
step:2704/3325 train_time:4966.617s step_avg:1836.77ms
step:2705/3325 train_time:4968.434s step_avg:1836.76ms
step:2706/3325 train_time:4970.252s step_avg:1836.75ms
step:2707/3325 train_time:4972.069s step_avg:1836.75ms
step:2708/3325 train_time:4973.887s step_avg:1836.74ms
step:2709/3325 train_time:4975.704s step_avg:1836.73ms
step:2710/3325 train_time:4977.522s step_avg:1836.72ms
step:2711/3325 train_time:4979.339s step_avg:1836.72ms
step:2712/3325 train_time:4981.156s step_avg:1836.71ms
step:2713/3325 train_time:4982.973s step_avg:1836.70ms
step:2714/3325 train_time:4984.790s step_avg:1836.70ms
step:2715/3325 train_time:4986.609s step_avg:1836.69ms
step:2716/3325 train_time:4988.428s step_avg:1836.68ms
step:2717/3325 train_time:4990.245s step_avg:1836.67ms
step:2718/3325 train_time:4992.062s step_avg:1836.67ms
step:2719/3325 train_time:4993.879s step_avg:1836.66ms
step:2720/3325 train_time:4995.696s step_avg:1836.65ms
step:2721/3325 train_time:4997.515s step_avg:1836.65ms
step:2722/3325 train_time:4999.333s step_avg:1836.64ms
step:2723/3325 train_time:5001.150s step_avg:1836.63ms
step:2724/3325 train_time:5002.968s step_avg:1836.63ms
step:2725/3325 train_time:5005.059s step_avg:1836.72ms
step:2726/3325 train_time:5006.877s step_avg:1836.71ms
step:2727/3325 train_time:5008.695s step_avg:1836.71ms
step:2728/3325 train_time:5010.512s step_avg:1836.70ms
step:2729/3325 train_time:5012.330s step_avg:1836.69ms
step:2730/3325 train_time:5014.163s step_avg:1836.69ms
step:2731/3325 train_time:5015.981s step_avg:1836.68ms
step:2732/3325 train_time:5017.800s step_avg:1836.68ms
step:2733/3325 train_time:5019.617s step_avg:1836.67ms
step:2734/3325 train_time:5021.434s step_avg:1836.66ms
step:2735/3325 train_time:5023.253s step_avg:1836.66ms
step:2736/3325 train_time:5025.070s step_avg:1836.65ms
step:2737/3325 train_time:5026.887s step_avg:1836.64ms
step:2738/3325 train_time:5028.706s step_avg:1836.63ms
step:2739/3325 train_time:5030.524s step_avg:1836.63ms
step:2740/3325 train_time:5032.341s step_avg:1836.62ms
step:2741/3325 train_time:5034.158s step_avg:1836.61ms
step:2742/3325 train_time:5035.976s step_avg:1836.61ms
step:2743/3325 train_time:5037.795s step_avg:1836.60ms
step:2744/3325 train_time:5039.613s step_avg:1836.59ms
step:2745/3325 train_time:5041.430s step_avg:1836.59ms
step:2746/3325 train_time:5043.247s step_avg:1836.58ms
step:2747/3325 train_time:5045.063s step_avg:1836.57ms
step:2748/3325 train_time:5046.883s step_avg:1836.57ms
step:2749/3325 train_time:5048.702s step_avg:1836.56ms
step:2750/3325 train_time:5050.859s step_avg:1836.68ms
step:2750/3325 val_loss:3.38070 train_time:5050.859s step_avg:1829.92ms
step:2751/3325 train_time:5052.677s step_avg:1836.67ms
step:2752/3325 train_time:5054.494s step_avg:1836.66ms
step:2753/3325 train_time:5056.311s step_avg:1836.65ms
step:2754/3325 train_time:5058.128s step_avg:1836.65ms
step:2755/3325 train_time:5059.945s step_avg:1836.64ms
step:2756/3325 train_time:5061.762s step_avg:1836.63ms
step:2757/3325 train_time:5063.580s step_avg:1836.63ms
step:2758/3325 train_time:5065.398s step_avg:1836.62ms
step:2759/3325 train_time:5067.215s step_avg:1836.61ms
step:2760/3325 train_time:5069.048s step_avg:1836.61ms
step:2761/3325 train_time:5070.864s step_avg:1836.60ms
step:2762/3325 train_time:5072.682s step_avg:1836.60ms
step:2763/3325 train_time:5074.499s step_avg:1836.59ms
step:2764/3325 train_time:5076.316s step_avg:1836.58ms
step:2765/3325 train_time:5078.133s step_avg:1836.58ms
step:2766/3325 train_time:5079.950s step_avg:1836.57ms
step:2767/3325 train_time:5081.767s step_avg:1836.56ms
step:2768/3325 train_time:5083.583s step_avg:1836.55ms
step:2769/3325 train_time:5085.404s step_avg:1836.55ms
step:2770/3325 train_time:5087.221s step_avg:1836.54ms
step:2771/3325 train_time:5089.039s step_avg:1836.54ms
step:2772/3325 train_time:5090.856s step_avg:1836.53ms
step:2773/3325 train_time:5092.673s step_avg:1836.52ms
step:2774/3325 train_time:5094.490s step_avg:1836.51ms
step:2775/3325 train_time:5096.580s step_avg:1836.61ms
step:2776/3325 train_time:5098.396s step_avg:1836.60ms
step:2777/3325 train_time:5100.213s step_avg:1836.59ms
step:2778/3325 train_time:5102.031s step_avg:1836.58ms
step:2779/3325 train_time:5103.849s step_avg:1836.58ms
step:2780/3325 train_time:5105.668s step_avg:1836.57ms
step:2781/3325 train_time:5107.485s step_avg:1836.56ms
step:2782/3325 train_time:5109.301s step_avg:1836.56ms
step:2783/3325 train_time:5111.118s step_avg:1836.55ms
step:2784/3325 train_time:5112.936s step_avg:1836.54ms
step:2785/3325 train_time:5114.753s step_avg:1836.54ms
step:2786/3325 train_time:5116.570s step_avg:1836.53ms
step:2787/3325 train_time:5118.387s step_avg:1836.52ms
step:2788/3325 train_time:5120.204s step_avg:1836.52ms
step:2789/3325 train_time:5122.021s step_avg:1836.51ms
step:2790/3325 train_time:5123.854s step_avg:1836.51ms
step:2791/3325 train_time:5125.672s step_avg:1836.50ms
step:2792/3325 train_time:5127.490s step_avg:1836.49ms
step:2793/3325 train_time:5129.306s step_avg:1836.49ms
step:2794/3325 train_time:5131.124s step_avg:1836.48ms
step:2795/3325 train_time:5132.940s step_avg:1836.47ms
step:2796/3325 train_time:5134.756s step_avg:1836.46ms
step:2797/3325 train_time:5136.574s step_avg:1836.46ms
step:2798/3325 train_time:5138.391s step_avg:1836.45ms
step:2799/3325 train_time:5140.208s step_avg:1836.44ms
step:2800/3325 train_time:5142.297s step_avg:1836.53ms
step:2801/3325 train_time:5144.114s step_avg:1836.53ms
step:2802/3325 train_time:5145.931s step_avg:1836.52ms
step:2803/3325 train_time:5147.748s step_avg:1836.51ms
step:2804/3325 train_time:5149.564s step_avg:1836.51ms
step:2805/3325 train_time:5151.381s step_avg:1836.50ms
step:2806/3325 train_time:5153.199s step_avg:1836.49ms
step:2807/3325 train_time:5155.017s step_avg:1836.49ms
step:2808/3325 train_time:5156.836s step_avg:1836.48ms
step:2809/3325 train_time:5158.652s step_avg:1836.47ms
step:2810/3325 train_time:5160.469s step_avg:1836.47ms
step:2811/3325 train_time:5162.286s step_avg:1836.46ms
step:2812/3325 train_time:5164.103s step_avg:1836.45ms
step:2813/3325 train_time:5165.921s step_avg:1836.45ms
step:2814/3325 train_time:5167.738s step_avg:1836.44ms
step:2815/3325 train_time:5169.554s step_avg:1836.43ms
step:2816/3325 train_time:5171.370s step_avg:1836.42ms
step:2817/3325 train_time:5173.187s step_avg:1836.42ms
step:2818/3325 train_time:5175.005s step_avg:1836.41ms
step:2819/3325 train_time:5176.823s step_avg:1836.40ms
step:2820/3325 train_time:5178.657s step_avg:1836.40ms
step:2821/3325 train_time:5180.473s step_avg:1836.40ms
step:2822/3325 train_time:5182.290s step_avg:1836.39ms
step:2823/3325 train_time:5184.107s step_avg:1836.38ms
step:2824/3325 train_time:5185.924s step_avg:1836.38ms
step:2825/3325 train_time:5188.013s step_avg:1836.46ms
step:2826/3325 train_time:5189.829s step_avg:1836.46ms
step:2827/3325 train_time:5191.646s step_avg:1836.45ms
step:2828/3325 train_time:5193.462s step_avg:1836.44ms
step:2829/3325 train_time:5195.280s step_avg:1836.44ms
step:2830/3325 train_time:5197.098s step_avg:1836.43ms
step:2831/3325 train_time:5198.914s step_avg:1836.42ms
step:2832/3325 train_time:5200.730s step_avg:1836.42ms
step:2833/3325 train_time:5202.546s step_avg:1836.41ms
step:2834/3325 train_time:5204.363s step_avg:1836.40ms
step:2835/3325 train_time:5206.182s step_avg:1836.40ms
step:2836/3325 train_time:5207.998s step_avg:1836.39ms
step:2837/3325 train_time:5209.814s step_avg:1836.38ms
step:2838/3325 train_time:5211.630s step_avg:1836.37ms
step:2839/3325 train_time:5213.446s step_avg:1836.37ms
step:2840/3325 train_time:5215.262s step_avg:1836.36ms
step:2841/3325 train_time:5217.081s step_avg:1836.35ms
step:2842/3325 train_time:5218.898s step_avg:1836.35ms
step:2843/3325 train_time:5220.715s step_avg:1836.34ms
step:2844/3325 train_time:5222.532s step_avg:1836.33ms
step:2845/3325 train_time:5224.349s step_avg:1836.33ms
step:2846/3325 train_time:5226.165s step_avg:1836.32ms
step:2847/3325 train_time:5227.981s step_avg:1836.31ms
step:2848/3325 train_time:5229.797s step_avg:1836.31ms
step:2849/3325 train_time:5231.614s step_avg:1836.30ms
step:2850/3325 train_time:5233.719s step_avg:1836.39ms
step:2851/3325 train_time:5235.568s step_avg:1836.40ms
step:2852/3325 train_time:5237.384s step_avg:1836.39ms
step:2853/3325 train_time:5239.199s step_avg:1836.38ms
step:2854/3325 train_time:5241.015s step_avg:1836.38ms
step:2855/3325 train_time:5242.831s step_avg:1836.37ms
step:2856/3325 train_time:5244.648s step_avg:1836.36ms
step:2857/3325 train_time:5246.464s step_avg:1836.35ms
step:2858/3325 train_time:5248.280s step_avg:1836.35ms
step:2859/3325 train_time:5250.095s step_avg:1836.34ms
step:2860/3325 train_time:5251.911s step_avg:1836.33ms
step:2861/3325 train_time:5253.728s step_avg:1836.33ms
step:2862/3325 train_time:5255.546s step_avg:1836.32ms
step:2863/3325 train_time:5257.362s step_avg:1836.31ms
step:2864/3325 train_time:5259.178s step_avg:1836.31ms
step:2865/3325 train_time:5260.993s step_avg:1836.30ms
step:2866/3325 train_time:5262.808s step_avg:1836.29ms
step:2867/3325 train_time:5264.624s step_avg:1836.28ms
step:2868/3325 train_time:5266.442s step_avg:1836.28ms
step:2869/3325 train_time:5268.259s step_avg:1836.27ms
step:2870/3325 train_time:5270.075s step_avg:1836.26ms
step:2871/3325 train_time:5271.892s step_avg:1836.26ms
step:2872/3325 train_time:5273.708s step_avg:1836.25ms
step:2873/3325 train_time:5275.526s step_avg:1836.24ms
step:2874/3325 train_time:5277.342s step_avg:1836.24ms
step:2875/3325 train_time:5279.497s step_avg:1836.35ms
step:2875/3325 val_loss:3.36732 train_time:5279.498s step_avg:1829.11ms
step:2876/3325 train_time:5281.313s step_avg:1836.34ms
step:2877/3325 train_time:5283.130s step_avg:1836.33ms
step:2878/3325 train_time:5284.948s step_avg:1836.33ms
step:2879/3325 train_time:5286.764s step_avg:1836.32ms
step:2880/3325 train_time:5288.598s step_avg:1836.32ms
step:2881/3325 train_time:5290.414s step_avg:1836.31ms
step:2882/3325 train_time:5292.231s step_avg:1836.30ms
step:2883/3325 train_time:5294.049s step_avg:1836.30ms
step:2884/3325 train_time:5295.866s step_avg:1836.29ms
step:2885/3325 train_time:5297.683s step_avg:1836.29ms
step:2886/3325 train_time:5299.499s step_avg:1836.28ms
step:2887/3325 train_time:5301.314s step_avg:1836.27ms
step:2888/3325 train_time:5303.130s step_avg:1836.26ms
step:2889/3325 train_time:5304.946s step_avg:1836.26ms
step:2890/3325 train_time:5306.763s step_avg:1836.25ms
step:2891/3325 train_time:5308.579s step_avg:1836.24ms
step:2892/3325 train_time:5310.396s step_avg:1836.24ms
step:2893/3325 train_time:5312.211s step_avg:1836.23ms
step:2894/3325 train_time:5314.027s step_avg:1836.22ms
step:2895/3325 train_time:5315.844s step_avg:1836.22ms
step:2896/3325 train_time:5317.660s step_avg:1836.21ms
step:2897/3325 train_time:5319.477s step_avg:1836.20ms
step:2898/3325 train_time:5321.293s step_avg:1836.20ms
step:2899/3325 train_time:5323.110s step_avg:1836.19ms
step:2900/3325 train_time:5325.205s step_avg:1836.28ms
step:2901/3325 train_time:5327.021s step_avg:1836.27ms
step:2902/3325 train_time:5328.837s step_avg:1836.26ms
step:2903/3325 train_time:5330.653s step_avg:1836.26ms
step:2904/3325 train_time:5332.468s step_avg:1836.25ms
step:2905/3325 train_time:5334.285s step_avg:1836.24ms
step:2906/3325 train_time:5336.103s step_avg:1836.24ms
step:2907/3325 train_time:5337.920s step_avg:1836.23ms
step:2908/3325 train_time:5339.737s step_avg:1836.22ms
step:2909/3325 train_time:5341.553s step_avg:1836.22ms
step:2910/3325 train_time:5343.386s step_avg:1836.22ms
step:2911/3325 train_time:5345.203s step_avg:1836.21ms
step:2912/3325 train_time:5347.020s step_avg:1836.20ms
step:2913/3325 train_time:5348.837s step_avg:1836.20ms
step:2914/3325 train_time:5350.655s step_avg:1836.19ms
step:2915/3325 train_time:5352.471s step_avg:1836.18ms
step:2916/3325 train_time:5354.288s step_avg:1836.18ms
step:2917/3325 train_time:5356.104s step_avg:1836.17ms
step:2918/3325 train_time:5357.920s step_avg:1836.16ms
step:2919/3325 train_time:5359.737s step_avg:1836.16ms
step:2920/3325 train_time:5361.554s step_avg:1836.15ms
step:2921/3325 train_time:5363.371s step_avg:1836.14ms
step:2922/3325 train_time:5365.191s step_avg:1836.14ms
step:2923/3325 train_time:5367.007s step_avg:1836.13ms
step:2924/3325 train_time:5368.823s step_avg:1836.12ms
step:2925/3325 train_time:5370.911s step_avg:1836.21ms
step:2926/3325 train_time:5372.726s step_avg:1836.20ms
step:2927/3325 train_time:5374.544s step_avg:1836.20ms
step:2928/3325 train_time:5376.362s step_avg:1836.19ms
step:2929/3325 train_time:5378.178s step_avg:1836.18ms
step:2930/3325 train_time:5379.994s step_avg:1836.18ms
step:2931/3325 train_time:5381.811s step_avg:1836.17ms
step:2932/3325 train_time:5383.627s step_avg:1836.16ms
step:2933/3325 train_time:5385.443s step_avg:1836.16ms
step:2934/3325 train_time:5387.259s step_avg:1836.15ms
step:2935/3325 train_time:5389.076s step_avg:1836.14ms
step:2936/3325 train_time:5390.892s step_avg:1836.13ms
step:2937/3325 train_time:5392.707s step_avg:1836.13ms
step:2938/3325 train_time:5394.526s step_avg:1836.12ms
step:2939/3325 train_time:5396.342s step_avg:1836.11ms
step:2940/3325 train_time:5398.173s step_avg:1836.11ms
step:2941/3325 train_time:5399.990s step_avg:1836.11ms
step:2942/3325 train_time:5401.807s step_avg:1836.10ms
step:2943/3325 train_time:5403.625s step_avg:1836.09ms
step:2944/3325 train_time:5405.442s step_avg:1836.09ms
step:2945/3325 train_time:5407.258s step_avg:1836.08ms
step:2946/3325 train_time:5409.075s step_avg:1836.07ms
step:2947/3325 train_time:5410.890s step_avg:1836.07ms
step:2948/3325 train_time:5412.708s step_avg:1836.06ms
step:2949/3325 train_time:5414.527s step_avg:1836.06ms
step:2950/3325 train_time:5416.615s step_avg:1836.14ms
step:2951/3325 train_time:5418.431s step_avg:1836.13ms
step:2952/3325 train_time:5420.247s step_avg:1836.13ms
step:2953/3325 train_time:5422.063s step_avg:1836.12ms
step:2954/3325 train_time:5423.879s step_avg:1836.11ms
step:2955/3325 train_time:5425.696s step_avg:1836.11ms
step:2956/3325 train_time:5427.510s step_avg:1836.10ms
step:2957/3325 train_time:5429.329s step_avg:1836.09ms
step:2958/3325 train_time:5431.146s step_avg:1836.09ms
step:2959/3325 train_time:5432.963s step_avg:1836.08ms
step:2960/3325 train_time:5434.782s step_avg:1836.08ms
step:2961/3325 train_time:5436.598s step_avg:1836.07ms
step:2962/3325 train_time:5438.414s step_avg:1836.06ms
step:2963/3325 train_time:5440.230s step_avg:1836.05ms
step:2964/3325 train_time:5442.047s step_avg:1836.05ms
step:2965/3325 train_time:5443.864s step_avg:1836.04ms
step:2966/3325 train_time:5445.681s step_avg:1836.04ms
step:2967/3325 train_time:5447.497s step_avg:1836.03ms
step:2968/3325 train_time:5449.313s step_avg:1836.02ms
step:2969/3325 train_time:5451.129s step_avg:1836.02ms
step:2970/3325 train_time:5452.961s step_avg:1836.01ms
step:2971/3325 train_time:5454.779s step_avg:1836.01ms
step:2972/3325 train_time:5456.596s step_avg:1836.00ms
step:2973/3325 train_time:5458.411s step_avg:1835.99ms
step:2974/3325 train_time:5460.227s step_avg:1835.99ms
step:2975/3325 train_time:5462.315s step_avg:1836.07ms
step:2976/3325 train_time:5464.132s step_avg:1836.07ms
step:2977/3325 train_time:5465.947s step_avg:1836.06ms
step:2978/3325 train_time:5467.764s step_avg:1836.05ms
step:2979/3325 train_time:5469.580s step_avg:1836.05ms
step:2980/3325 train_time:5471.397s step_avg:1836.04ms
step:2981/3325 train_time:5473.214s step_avg:1836.03ms
step:2982/3325 train_time:5475.030s step_avg:1836.03ms
step:2983/3325 train_time:5476.847s step_avg:1836.02ms
step:2984/3325 train_time:5478.663s step_avg:1836.01ms
step:2985/3325 train_time:5480.480s step_avg:1836.01ms
step:2986/3325 train_time:5482.295s step_avg:1836.00ms
step:2987/3325 train_time:5484.112s step_avg:1835.99ms
step:2988/3325 train_time:5485.931s step_avg:1835.99ms
step:2989/3325 train_time:5487.748s step_avg:1835.98ms
step:2990/3325 train_time:5489.564s step_avg:1835.97ms
step:2991/3325 train_time:5491.380s step_avg:1835.97ms
step:2992/3325 train_time:5493.197s step_avg:1835.96ms
step:2993/3325 train_time:5495.013s step_avg:1835.95ms
step:2994/3325 train_time:5496.830s step_avg:1835.95ms
step:2995/3325 train_time:5498.647s step_avg:1835.94ms
step:2996/3325 train_time:5500.463s step_avg:1835.94ms
step:2997/3325 train_time:5502.281s step_avg:1835.93ms
step:2998/3325 train_time:5504.098s step_avg:1835.92ms
step:2999/3325 train_time:5505.914s step_avg:1835.92ms
step:3000/3325 train_time:5508.083s step_avg:1836.03ms
step:3000/3325 val_loss:3.35646 train_time:5508.084s step_avg:1828.69ms
step:3001/3325 train_time:5509.902s step_avg:1836.02ms
step:3002/3325 train_time:5511.720s step_avg:1836.02ms
step:3003/3325 train_time:5513.537s step_avg:1836.01ms
step:3004/3325 train_time:5515.354s step_avg:1836.00ms
step:3005/3325 train_time:5517.170s step_avg:1836.00ms
step:3006/3325 train_time:5518.987s step_avg:1835.99ms
step:3007/3325 train_time:5520.803s step_avg:1835.98ms
step:3008/3325 train_time:5522.620s step_avg:1835.98ms
step:3009/3325 train_time:5524.438s step_avg:1835.97ms
step:3010/3325 train_time:5526.256s step_avg:1835.97ms
step:3011/3325 train_time:5528.075s step_avg:1835.96ms
step:3012/3325 train_time:5529.892s step_avg:1835.95ms
step:3013/3325 train_time:5531.710s step_avg:1835.95ms
step:3014/3325 train_time:5533.528s step_avg:1835.94ms
step:3015/3325 train_time:5535.346s step_avg:1835.94ms
step:3016/3325 train_time:5537.164s step_avg:1835.93ms
step:3017/3325 train_time:5538.981s step_avg:1835.92ms
step:3018/3325 train_time:5540.798s step_avg:1835.92ms
step:3019/3325 train_time:5542.616s step_avg:1835.91ms
step:3020/3325 train_time:5544.432s step_avg:1835.90ms
step:3021/3325 train_time:5546.248s step_avg:1835.90ms
step:3022/3325 train_time:5548.063s step_avg:1835.89ms
step:3023/3325 train_time:5549.880s step_avg:1835.88ms
step:3024/3325 train_time:5551.698s step_avg:1835.88ms
step:3025/3325 train_time:5553.788s step_avg:1835.96ms
step:3025/3325 val_loss:3.35454 train_time:5553.788s step_avg:1828.17ms
step:3026/3325 train_time:5555.609s step_avg:1835.96ms
step:3027/3325 train_time:5557.428s step_avg:1835.95ms
step:3028/3325 train_time:5559.246s step_avg:1835.95ms
step:3029/3325 train_time:5561.064s step_avg:1835.94ms
step:3030/3325 train_time:5562.898s step_avg:1835.94ms
step:3031/3325 train_time:5564.714s step_avg:1835.93ms
step:3032/3325 train_time:5566.531s step_avg:1835.93ms
step:3033/3325 train_time:5568.348s step_avg:1835.92ms
step:3034/3325 train_time:5570.165s step_avg:1835.91ms
step:3035/3325 train_time:5571.981s step_avg:1835.91ms
step:3036/3325 train_time:5573.797s step_avg:1835.90ms
step:3037/3325 train_time:5575.613s step_avg:1835.89ms
step:3038/3325 train_time:5577.428s step_avg:1835.89ms
step:3039/3325 train_time:5579.245s step_avg:1835.88ms
step:3040/3325 train_time:5581.063s step_avg:1835.88ms
step:3041/3325 train_time:5582.911s step_avg:1835.88ms
step:3042/3325 train_time:5584.726s step_avg:1835.87ms
step:3043/3325 train_time:5586.541s step_avg:1835.87ms
step:3044/3325 train_time:5588.358s step_avg:1835.86ms
step:3045/3325 train_time:5590.176s step_avg:1835.85ms
step:3046/3325 train_time:5591.993s step_avg:1835.85ms
step:3047/3325 train_time:5593.809s step_avg:1835.84ms
step:3048/3325 train_time:5595.626s step_avg:1835.84ms
step:3049/3325 train_time:5597.441s step_avg:1835.83ms
step:3050/3325 train_time:5599.533s step_avg:1835.91ms
step:3050/3325 val_loss:3.35278 train_time:5599.533s step_avg:1829.80ms
step:3051/3325 train_time:5601.351s step_avg:1835.91ms
step:3052/3325 train_time:5603.167s step_avg:1835.90ms
step:3053/3325 train_time:5604.983s step_avg:1835.89ms
step:3054/3325 train_time:5606.799s step_avg:1835.89ms
step:3055/3325 train_time:5608.617s step_avg:1835.88ms
step:3056/3325 train_time:5610.433s step_avg:1835.87ms
step:3057/3325 train_time:5612.249s step_avg:1835.87ms
step:3058/3325 train_time:5614.067s step_avg:1835.86ms
step:3059/3325 train_time:5615.883s step_avg:1835.86ms
step:3060/3325 train_time:5617.717s step_avg:1835.86ms
step:3061/3325 train_time:5619.532s step_avg:1835.85ms
step:3062/3325 train_time:5621.348s step_avg:1835.84ms
step:3063/3325 train_time:5623.163s step_avg:1835.84ms
step:3064/3325 train_time:5624.980s step_avg:1835.83ms
step:3065/3325 train_time:5626.797s step_avg:1835.82ms
step:3066/3325 train_time:5628.614s step_avg:1835.82ms
step:3067/3325 train_time:5630.430s step_avg:1835.81ms
step:3068/3325 train_time:5632.245s step_avg:1835.80ms
step:3069/3325 train_time:5634.060s step_avg:1835.80ms
step:3070/3325 train_time:5635.876s step_avg:1835.79ms
step:3071/3325 train_time:5637.692s step_avg:1835.78ms
step:3072/3325 train_time:5639.510s step_avg:1835.78ms
step:3073/3325 train_time:5641.326s step_avg:1835.77ms
step:3074/3325 train_time:5643.141s step_avg:1835.76ms
step:3075/3325 train_time:5645.229s step_avg:1835.85ms
step:3075/3325 val_loss:3.35118 train_time:5645.229s step_avg:1827.85ms
step:3076/3325 train_time:5647.046s step_avg:1835.84ms
step:3077/3325 train_time:5648.863s step_avg:1835.83ms
step:3078/3325 train_time:5650.679s step_avg:1835.83ms
step:3079/3325 train_time:5652.496s step_avg:1835.82ms
step:3080/3325 train_time:5654.311s step_avg:1835.82ms
step:3081/3325 train_time:5656.128s step_avg:1835.81ms
step:3082/3325 train_time:5657.946s step_avg:1835.80ms
step:3083/3325 train_time:5659.762s step_avg:1835.80ms
step:3084/3325 train_time:5661.579s step_avg:1835.79ms
step:3085/3325 train_time:5663.395s step_avg:1835.78ms
step:3086/3325 train_time:5665.212s step_avg:1835.78ms
step:3087/3325 train_time:5667.030s step_avg:1835.77ms
step:3088/3325 train_time:5668.846s step_avg:1835.77ms
step:3089/3325 train_time:5670.662s step_avg:1835.76ms
step:3090/3325 train_time:5672.494s step_avg:1835.76ms
step:3091/3325 train_time:5674.311s step_avg:1835.75ms
step:3092/3325 train_time:5676.130s step_avg:1835.75ms
step:3093/3325 train_time:5677.947s step_avg:1835.74ms
step:3094/3325 train_time:5679.763s step_avg:1835.73ms
step:3095/3325 train_time:5681.578s step_avg:1835.73ms
step:3096/3325 train_time:5683.396s step_avg:1835.72ms
step:3097/3325 train_time:5685.214s step_avg:1835.72ms
step:3098/3325 train_time:5687.032s step_avg:1835.71ms
step:3099/3325 train_time:5688.850s step_avg:1835.71ms
step:3100/3325 train_time:5690.940s step_avg:1835.79ms
step:3100/3325 val_loss:3.34946 train_time:5690.940s step_avg:1828.45ms
step:3101/3325 train_time:5692.759s step_avg:1835.78ms
step:3102/3325 train_time:5694.578s step_avg:1835.78ms
step:3103/3325 train_time:5696.396s step_avg:1835.77ms
step:3104/3325 train_time:5698.213s step_avg:1835.76ms
step:3105/3325 train_time:5700.030s step_avg:1835.76ms
step:3106/3325 train_time:5701.846s step_avg:1835.75ms
step:3107/3325 train_time:5703.662s step_avg:1835.75ms
step:3108/3325 train_time:5705.482s step_avg:1835.74ms
step:3109/3325 train_time:5707.299s step_avg:1835.73ms
step:3110/3325 train_time:5709.115s step_avg:1835.73ms
step:3111/3325 train_time:5710.932s step_avg:1835.72ms
step:3112/3325 train_time:5712.748s step_avg:1835.72ms
step:3113/3325 train_time:5714.565s step_avg:1835.71ms
step:3114/3325 train_time:5716.382s step_avg:1835.70ms
step:3115/3325 train_time:5718.198s step_avg:1835.70ms
step:3116/3325 train_time:5720.014s step_avg:1835.69ms
step:3117/3325 train_time:5721.830s step_avg:1835.68ms
step:3118/3325 train_time:5723.646s step_avg:1835.68ms
step:3119/3325 train_time:5725.462s step_avg:1835.67ms
step:3120/3325 train_time:5727.295s step_avg:1835.67ms
step:3121/3325 train_time:5729.111s step_avg:1835.67ms
step:3122/3325 train_time:5730.926s step_avg:1835.66ms
step:3123/3325 train_time:5732.743s step_avg:1835.65ms
step:3124/3325 train_time:5734.561s step_avg:1835.65ms
step:3125/3325 train_time:5736.723s step_avg:1835.75ms
step:3125/3325 val_loss:3.34791 train_time:5736.723s step_avg:1831.31ms
step:3126/3325 train_time:5738.541s step_avg:1835.75ms
step:3127/3325 train_time:5740.359s step_avg:1835.74ms
step:3128/3325 train_time:5742.178s step_avg:1835.73ms
step:3129/3325 train_time:5743.996s step_avg:1835.73ms
step:3130/3325 train_time:5745.814s step_avg:1835.72ms
step:3131/3325 train_time:5747.630s step_avg:1835.72ms
step:3132/3325 train_time:5749.446s step_avg:1835.71ms
step:3133/3325 train_time:5751.262s step_avg:1835.70ms
step:3134/3325 train_time:5753.080s step_avg:1835.70ms
step:3135/3325 train_time:5754.896s step_avg:1835.69ms
step:3136/3325 train_time:5756.712s step_avg:1835.69ms
step:3137/3325 train_time:5758.529s step_avg:1835.68ms
step:3138/3325 train_time:5760.345s step_avg:1835.67ms
step:3139/3325 train_time:5762.163s step_avg:1835.67ms
step:3140/3325 train_time:5763.980s step_avg:1835.66ms
step:3141/3325 train_time:5765.797s step_avg:1835.66ms
step:3142/3325 train_time:5767.614s step_avg:1835.65ms
step:3143/3325 train_time:5769.430s step_avg:1835.64ms
step:3144/3325 train_time:5771.247s step_avg:1835.64ms
step:3145/3325 train_time:5773.064s step_avg:1835.63ms
step:3146/3325 train_time:5774.880s step_avg:1835.63ms
step:3147/3325 train_time:5776.696s step_avg:1835.62ms
step:3148/3325 train_time:5778.513s step_avg:1835.61ms
step:3149/3325 train_time:5780.329s step_avg:1835.61ms
step:3150/3325 train_time:5782.440s step_avg:1835.70ms
step:3150/3325 val_loss:3.34649 train_time:5782.441s step_avg:1828.71ms
step:3151/3325 train_time:5784.258s step_avg:1835.69ms
step:3152/3325 train_time:5786.075s step_avg:1835.68ms
step:3153/3325 train_time:5787.892s step_avg:1835.68ms
step:3154/3325 train_time:5789.709s step_avg:1835.67ms
step:3155/3325 train_time:5791.525s step_avg:1835.67ms
step:3156/3325 train_time:5793.341s step_avg:1835.66ms
step:3157/3325 train_time:5795.159s step_avg:1835.65ms
step:3158/3325 train_time:5796.976s step_avg:1835.65ms
step:3159/3325 train_time:5798.793s step_avg:1835.64ms
step:3160/3325 train_time:5800.610s step_avg:1835.64ms
step:3161/3325 train_time:5802.428s step_avg:1835.63ms
step:3162/3325 train_time:5804.244s step_avg:1835.62ms
step:3163/3325 train_time:5806.061s step_avg:1835.62ms
step:3164/3325 train_time:5807.878s step_avg:1835.61ms
step:3165/3325 train_time:5809.695s step_avg:1835.61ms
step:3166/3325 train_time:5811.514s step_avg:1835.60ms
step:3167/3325 train_time:5813.331s step_avg:1835.60ms
step:3168/3325 train_time:5815.147s step_avg:1835.59ms
step:3169/3325 train_time:5816.962s step_avg:1835.58ms
step:3170/3325 train_time:5818.778s step_avg:1835.58ms
step:3171/3325 train_time:5820.598s step_avg:1835.57ms
step:3172/3325 train_time:5822.415s step_avg:1835.57ms
step:3173/3325 train_time:5824.231s step_avg:1835.56ms
step:3174/3325 train_time:5826.051s step_avg:1835.55ms
step:3175/3325 train_time:5828.143s step_avg:1835.64ms
step:3175/3325 val_loss:3.34509 train_time:5828.144s step_avg:1828.12ms
step:3176/3325 train_time:5829.966s step_avg:1835.63ms
step:3177/3325 train_time:5831.784s step_avg:1835.63ms
step:3178/3325 train_time:5833.601s step_avg:1835.62ms
step:3179/3325 train_time:5835.418s step_avg:1835.61ms
step:3180/3325 train_time:5837.252s step_avg:1835.61ms
step:3181/3325 train_time:5839.070s step_avg:1835.61ms
step:3182/3325 train_time:5840.887s step_avg:1835.60ms
step:3183/3325 train_time:5842.704s step_avg:1835.60ms
step:3184/3325 train_time:5844.520s step_avg:1835.59ms
step:3185/3325 train_time:5846.336s step_avg:1835.58ms
step:3186/3325 train_time:5848.152s step_avg:1835.58ms
step:3187/3325 train_time:5849.969s step_avg:1835.57ms
step:3188/3325 train_time:5851.786s step_avg:1835.57ms
step:3189/3325 train_time:5853.602s step_avg:1835.56ms
step:3190/3325 train_time:5855.419s step_avg:1835.55ms
step:3191/3325 train_time:5857.236s step_avg:1835.55ms
step:3192/3325 train_time:5859.056s step_avg:1835.54ms
step:3193/3325 train_time:5860.872s step_avg:1835.54ms
step:3194/3325 train_time:5862.688s step_avg:1835.53ms
step:3195/3325 train_time:5864.505s step_avg:1835.53ms
step:3196/3325 train_time:5866.321s step_avg:1835.52ms
step:3197/3325 train_time:5868.137s step_avg:1835.51ms
step:3198/3325 train_time:5869.956s step_avg:1835.51ms
step:3199/3325 train_time:5871.772s step_avg:1835.50ms
step:3200/3325 train_time:5873.863s step_avg:1835.58ms
step:3200/3325 val_loss:3.34380 train_time:5873.863s step_avg:1828.77ms
step:3201/3325 train_time:5875.684s step_avg:1835.58ms
step:3202/3325 train_time:5877.503s step_avg:1835.57ms
step:3203/3325 train_time:5879.322s step_avg:1835.57ms
step:3204/3325 train_time:5881.139s step_avg:1835.56ms
step:3205/3325 train_time:5882.957s step_avg:1835.56ms
step:3206/3325 train_time:5884.774s step_avg:1835.55ms
step:3207/3325 train_time:5886.591s step_avg:1835.54ms
step:3208/3325 train_time:5888.409s step_avg:1835.54ms
step:3209/3325 train_time:5890.226s step_avg:1835.53ms
step:3210/3325 train_time:5892.059s step_avg:1835.53ms
step:3211/3325 train_time:5893.875s step_avg:1835.53ms
step:3212/3325 train_time:5895.691s step_avg:1835.52ms
step:3213/3325 train_time:5897.507s step_avg:1835.51ms
step:3214/3325 train_time:5899.326s step_avg:1835.51ms
step:3215/3325 train_time:5901.142s step_avg:1835.50ms
step:3216/3325 train_time:5902.959s step_avg:1835.50ms
step:3217/3325 train_time:5904.776s step_avg:1835.49ms
step:3218/3325 train_time:5906.591s step_avg:1835.49ms
step:3219/3325 train_time:5908.409s step_avg:1835.48ms
step:3220/3325 train_time:5910.224s step_avg:1835.47ms
step:3221/3325 train_time:5912.040s step_avg:1835.47ms
step:3222/3325 train_time:5913.855s step_avg:1835.46ms
step:3223/3325 train_time:5915.670s step_avg:1835.45ms
step:3224/3325 train_time:5917.487s step_avg:1835.45ms
step:3225/3325 train_time:5919.575s step_avg:1835.53ms
step:3225/3325 val_loss:3.34256 train_time:5919.576s step_avg:1828.50ms
step:3226/3325 train_time:5921.391s step_avg:1835.52ms
step:3227/3325 train_time:5923.207s step_avg:1835.51ms
step:3228/3325 train_time:5925.026s step_avg:1835.51ms
step:3229/3325 train_time:5926.843s step_avg:1835.50ms
step:3230/3325 train_time:5928.659s step_avg:1835.50ms
step:3231/3325 train_time:5930.509s step_avg:1835.50ms
step:3232/3325 train_time:5932.331s step_avg:1835.50ms
step:3233/3325 train_time:5934.151s step_avg:1835.49ms
step:3234/3325 train_time:5935.967s step_avg:1835.49ms
step:3235/3325 train_time:5937.786s step_avg:1835.48ms
step:3236/3325 train_time:5939.606s step_avg:1835.48ms
step:3237/3325 train_time:5941.426s step_avg:1835.47ms
step:3238/3325 train_time:5943.245s step_avg:1835.47ms
step:3239/3325 train_time:5945.062s step_avg:1835.46ms
step:3240/3325 train_time:5946.895s step_avg:1835.46ms
step:3241/3325 train_time:5948.715s step_avg:1835.46ms
step:3242/3325 train_time:5950.536s step_avg:1835.45ms
step:3243/3325 train_time:5952.356s step_avg:1835.45ms
step:3244/3325 train_time:5954.177s step_avg:1835.44ms
step:3245/3325 train_time:5955.992s step_avg:1835.44ms
step:3246/3325 train_time:5957.813s step_avg:1835.43ms
step:3247/3325 train_time:5959.633s step_avg:1835.43ms
step:3248/3325 train_time:5961.453s step_avg:1835.42ms
step:3249/3325 train_time:5963.275s step_avg:1835.42ms
step:3250/3325 train_time:5965.431s step_avg:1835.52ms
step:3250/3325 val_loss:3.34141 train_time:5965.431s step_avg:1834.23ms
step:3251/3325 train_time:5967.254s step_avg:1835.51ms
step:3252/3325 train_time:5969.075s step_avg:1835.51ms
step:3253/3325 train_time:5970.897s step_avg:1835.50ms
step:3254/3325 train_time:5972.718s step_avg:1835.50ms
step:3255/3325 train_time:5974.573s step_avg:1835.51ms
step:3256/3325 train_time:5976.394s step_avg:1835.50ms
step:3257/3325 train_time:5978.215s step_avg:1835.50ms
step:3258/3325 train_time:5980.037s step_avg:1835.49ms
step:3259/3325 train_time:5981.855s step_avg:1835.49ms
step:3260/3325 train_time:5983.673s step_avg:1835.48ms
step:3261/3325 train_time:5985.492s step_avg:1835.48ms
step:3262/3325 train_time:5987.313s step_avg:1835.47ms
step:3263/3325 train_time:5989.135s step_avg:1835.47ms
step:3264/3325 train_time:5990.956s step_avg:1835.46ms
step:3265/3325 train_time:5992.773s step_avg:1835.46ms
step:3266/3325 train_time:5994.592s step_avg:1835.45ms
step:3267/3325 train_time:5996.413s step_avg:1835.45ms
step:3268/3325 train_time:5998.233s step_avg:1835.44ms
step:3269/3325 train_time:6000.053s step_avg:1835.44ms
step:3270/3325 train_time:6001.888s step_avg:1835.44ms
step:3271/3325 train_time:6003.706s step_avg:1835.43ms
step:3272/3325 train_time:6005.523s step_avg:1835.43ms
step:3273/3325 train_time:6007.343s step_avg:1835.42ms
step:3274/3325 train_time:6009.163s step_avg:1835.42ms
step:3275/3325 train_time:6011.265s step_avg:1835.50ms
step:3275/3325 val_loss:3.34038 train_time:6011.265s step_avg:1833.34ms
step:3276/3325 train_time:6013.081s step_avg:1835.49ms
step:3277/3325 train_time:6014.903s step_avg:1835.49ms
step:3278/3325 train_time:6016.724s step_avg:1835.49ms
step:3279/3325 train_time:6018.541s step_avg:1835.48ms
step:3280/3325 train_time:6020.358s step_avg:1835.47ms
step:3281/3325 train_time:6022.174s step_avg:1835.47ms
step:3282/3325 train_time:6023.996s step_avg:1835.47ms
step:3283/3325 train_time:6025.816s step_avg:1835.46ms
step:3284/3325 train_time:6027.636s step_avg:1835.46ms
step:3285/3325 train_time:6029.458s step_avg:1835.45ms
step:3286/3325 train_time:6031.274s step_avg:1835.45ms
step:3287/3325 train_time:6033.092s step_avg:1835.44ms
step:3288/3325 train_time:6034.910s step_avg:1835.43ms
step:3289/3325 train_time:6036.732s step_avg:1835.43ms
step:3290/3325 train_time:6038.552s step_avg:1835.43ms
step:3291/3325 train_time:6040.368s step_avg:1835.42ms
step:3292/3325 train_time:6042.185s step_avg:1835.41ms
step:3293/3325 train_time:6044.004s step_avg:1835.41ms
step:3294/3325 train_time:6045.824s step_avg:1835.41ms
step:3295/3325 train_time:6047.645s step_avg:1835.40ms
step:3296/3325 train_time:6049.465s step_avg:1835.40ms
step:3297/3325 train_time:6051.282s step_avg:1835.39ms
step:3298/3325 train_time:6053.099s step_avg:1835.38ms
step:3299/3325 train_time:6054.919s step_avg:1835.38ms
step:3300/3325 train_time:6057.036s step_avg:1835.47ms
step:3300/3325 val_loss:3.33943 train_time:6057.037s step_avg:1830.87ms
step:3301/3325 train_time:6058.854s step_avg:1835.46ms
step:3302/3325 train_time:6060.671s step_avg:1835.45ms
step:3303/3325 train_time:6062.492s step_avg:1835.45ms
step:3304/3325 train_time:6064.311s step_avg:1835.45ms
step:3305/3325 train_time:6066.130s step_avg:1835.44ms
step:3306/3325 train_time:6067.950s step_avg:1835.44ms
step:3307/3325 train_time:6069.766s step_avg:1835.43ms
step:3308/3325 train_time:6071.584s step_avg:1835.42ms
step:3309/3325 train_time:6073.403s step_avg:1835.42ms
step:3310/3325 train_time:6075.222s step_avg:1835.41ms
step:3311/3325 train_time:6077.041s step_avg:1835.41ms
step:3312/3325 train_time:6078.860s step_avg:1835.40ms
step:3313/3325 train_time:6080.677s step_avg:1835.40ms
step:3314/3325 train_time:6082.497s step_avg:1835.39ms
step:3315/3325 train_time:6084.317s step_avg:1835.39ms
step:3316/3325 train_time:6086.135s step_avg:1835.38ms
step:3317/3325 train_time:6087.954s step_avg:1835.38ms
step:3318/3325 train_time:6089.771s step_avg:1835.37ms
step:3319/3325 train_time:6091.590s step_avg:1835.37ms
step:3320/3325 train_time:6093.412s step_avg:1835.37ms
step:3321/3325 train_time:6095.232s step_avg:1835.36ms
step:3322/3325 train_time:6097.050s step_avg:1835.36ms
step:3323/3325 train_time:6098.866s step_avg:1835.35ms
step:3324/3325 train_time:6100.685s step_avg:1835.34ms
step:3325/3325 train_time:6105.483s step_avg:1836.24ms
step:3325/3325 val_loss:3.33855 train_time:6105.484s step_avg:1937.89ms
trial:0 best_val_loss:3.33855 best_val_step:3325 first_step_to_target:-1
wandb: updating run metadata
wandb: uploading output.log; uploading wandb-summary.json; uploading config.yaml
wandb: uploading history steps 240-240, summary, console lines 3370-3371
wandb: 
wandb: Run history:
wandb:                           aux/beta2 ▁▁▁▁▁▁▁▁▁▁▁▁▁▁▁▁▁▁▁▁▁▁▁▁▁▁▁▁▁▁▁▁▁▁▁▁▁▁▁▁
wandb:        speedrun/final_best_val_loss ▁
wandb:        speedrun/final_best_val_step ▁
wandb: speedrun/final_first_step_to_target ▁
wandb:       speedrun/final_reached_target ▁
wandb:       speedrun/first_step_to_target ▁▁▁▁▁▁▁▁▁▁▁▁▁▁▁▁▁▁▁▁▁▁▁▁▁▁▁▁▁▁▁▁▁▁▁▁▁▁
wandb:             speedrun/reached_target ▁▁▁▁▁▁▁▁▁▁▁▁▁▁▁▁▁▁▁▁▁▁▁▁▁▁▁▁▁▁▁▁▁▁▁▁▁▁
wandb:            speedrun/target_val_loss ▁▁▁▁▁▁▁▁▁▁▁▁▁▁▁▁▁▁▁▁▁▁▁▁▁▁▁▁▁▁▁▁▁▁▁▁▁▁▁▁
wandb:                speedrun/train_steps ▁▁▁▁▁▁▁▁▁▁▁▁▁▁▁▁▁▁▁▁▁▁▁▁▁▁▁▁▁▁▁▁▁▁▁▁▁▁▁▁
wandb:                    time/step_avg_ms  █▃▁▃▁▁▁▂▁▁▁▁▁▁▁▁▁▁▁▁▁▁▁▁▁▁▁▁▁▁▁▁▁▁▁▁█
wandb:                              +4,537 ...
wandb: 
wandb: Run summary:
wandb:                           aux/beta2 0.99
wandb:        speedrun/final_best_val_loss 3.33855
wandb:        speedrun/final_best_val_step 3325
wandb: speedrun/final_first_step_to_target -1
wandb:       speedrun/final_reached_target 0
wandb:       speedrun/first_step_to_target -1
wandb:             speedrun/reached_target 0
wandb:            speedrun/target_val_loss 3.28
wandb:                speedrun/train_steps 3325
wandb:                    time/step_avg_ms 1937.88783
wandb:                              +4,537 ...
wandb: 
wandb: 🚀 View run g1r3-askeladd/H375_arm_c_SF_NOCOSINE at: https://wandb.ai/wandb-applied-ai-team/modded-nanogpt-senpai/runs/kjyq6duc
wandb: ⭐️ View project at: https://wandb.ai/wandb-applied-ai-team/modded-nanogpt-senpai
wandb: Synced 6 W&B file(s), 0 media file(s), 0 artifact file(s) and 0 other file(s)
wandb: Find logs at: ./wandb/run-20260602_000048-kjyq6duc/logs
