logs/f8284088-ec52-4d5c-a90f-8956b941db7d.txt
MuLoCo outer optimizer ENABLED: outer_lr=0.7 outer_momentum=0.5 sync_interval=30
MuonH mode=scale_invariant lr=0.018 budget_mult=1.0 cooldown_shape=linear
AGC ENABLED on aux AdamW groups: clip_ratio=0.05 eps=0.001
AGC ENABLED on inner MuonH gradient: clip_ratio=0.05 eps=0.001
H162 per-block MuonH LR DISABLED (single global LR)
wandb: [wandb.login()] Loaded credentials for https://api.wandb.ai from WANDB_API_KEY.
wandb: W&B API key is configured. Use `wandb login --relogin` to force relogin
wandb: Tracking run with wandb version 0.26.1
wandb: Run data is saved locally in /workspace/senpai/target/wandb/run-20260526_081350-pnxp8xzr
wandb: Run `wandb offline` to turn off syncing.
wandb: Syncing run g1r3-fern/h175-arm_a-ctrl
wandb: ⭐️ View project at https://wandb.ai/wandb-applied-ai-team/modded-nanogpt-senpai
wandb: 🚀 View run at https://wandb.ai/wandb-applied-ai-team/modded-nanogpt-senpai/runs/pnxp8xzr
[H148 body_init=orthogonal_fnorm_matched] sample F-norms: [{'name': 'blocks.0.attn.q.weight', 'shape': (768, 768), 'default_fnorm': 15.882415771484375, 'final_fnorm': 15.882415771484375}, {'name': 'blocks.0.mlp.fc.weight', 'shape': (3072, 768), 'default_fnorm': 47.61061477661133, 'final_fnorm': 47.61061477661133}, {'name': 'blocks.5.attn.q.weight', 'shape': (768, 768), 'default_fnorm': 15.922845840454102, 'final_fnorm': 15.922847747802734}, {'name': 'blocks.5.mlp.fc.weight', 'shape': (3072, 768), 'default_fnorm': 47.589359283447266, 'final_fnorm': 47.589359283447266}, {'name': 'blocks.11.attn.q.weight', 'shape': (768, 768), 'default_fnorm': 15.914653778076172, 'final_fnorm': 15.914651870727539}, {'name': 'blocks.11.mlp.fc.weight', 'shape': (3072, 768), 'default_fnorm': 47.631797790527344, 'final_fnorm': 47.63180160522461}]
[H162 INIT] SINGLE-GROUP MuonH path: built 1 param group (exponent=0.0, CTRL bit-identical to baseline)
step:0/3325 val_loss:10.82583 train_time:0.000s step_avg:nanms
[H148 body_init=orthogonal_fnorm_matched] hyperball radii: [{'name': 'blocks.0.attn.q.weight', 'radius': 15.882415771484375}, {'name': 'blocks.0.mlp.fc.weight', 'radius': 47.61061477661133}, {'name': 'blocks.5.attn.q.weight', 'radius': 15.922847747802734}, {'name': 'blocks.5.mlp.fc.weight', 'radius': 47.589359283447266}, {'name': 'blocks.11.attn.q.weight', 'radius': 15.914651870727539}, {'name': 'blocks.11.mlp.fc.weight', 'radius': 47.63180160522461}]
step:1/3325 train_time:10.079s step_avg:10079.37ms
step:2/3325 train_time:13.177s step_avg:6588.55ms
step:3/3325 train_time:15.423s step_avg:5141.02ms
step:4/3325 train_time:17.672s step_avg:4417.94ms
[rank0]:W0526 08:14:25.015000 712383 torch/_dynamo/convert_frame.py:1743] [1/8] torch._dynamo hit config.recompile_limit (8)
[rank0]:W0526 08:14:25.015000 712383 torch/_dynamo/convert_frame.py:1743] [1/8]    function: 'muon_update' (/workspace/senpai/target/records/track_3_optimization/train_gpt_simple.py:588)
[rank0]:W0526 08:14:25.015000 712383 torch/_dynamo/convert_frame.py:1743] [1/8]    last reason: 1/7: ___as_tensor(mu).item() == 0.9499548736462093  # (unknown source ___as_tensor(mu).item(), please file a bug)
[rank0]:W0526 08:14:25.015000 712383 torch/_dynamo/convert_frame.py:1743] [1/8] To log all recompilation reasons, use TORCH_LOGS="recompiles".
[rank0]:W0526 08:14:25.015000 712383 torch/_dynamo/convert_frame.py:1743] [1/8] To diagnose recompilation issues, see https://docs.pytorch.org/docs/main/user_guide/torch_compiler/compile/programming_model.recompilation.html
step:5/3325 train_time:19.476s step_avg:3895.20ms
step:6/3325 train_time:21.271s step_avg:3545.14ms
step:7/3325 train_time:23.065s step_avg:3294.97ms
step:8/3325 train_time:24.861s step_avg:3107.68ms
step:9/3325 train_time:26.660s step_avg:2962.19ms
step:10/3325 train_time:28.459s step_avg:2845.89ms
step:11/3325 train_time:30.257s step_avg:2750.66ms
step:12/3325 train_time:32.057s step_avg:2671.38ms
step:13/3325 train_time:33.856s step_avg:2604.28ms
step:14/3325 train_time:35.657s step_avg:2546.90ms
step:15/3325 train_time:37.457s step_avg:2497.16ms
step:16/3325 train_time:39.258s step_avg:2453.63ms
step:17/3325 train_time:41.059s step_avg:2415.22ms
step:18/3325 train_time:42.860s step_avg:2381.09ms
step:19/3325 train_time:44.660s step_avg:2350.54ms
step:20/3325 train_time:46.463s step_avg:2323.17ms
step:21/3325 train_time:48.266s step_avg:2298.38ms
step:22/3325 train_time:50.069s step_avg:2275.86ms
step:23/3325 train_time:51.871s step_avg:2255.28ms
step:24/3325 train_time:53.674s step_avg:2236.43ms
step:25/3325 train_time:55.759s step_avg:2230.36ms
step:26/3325 train_time:57.564s step_avg:2213.99ms
step:27/3325 train_time:59.368s step_avg:2198.80ms
step:28/3325 train_time:61.173s step_avg:2184.74ms
step:29/3325 train_time:62.977s step_avg:2171.61ms
step:30/3325 train_time:64.800s step_avg:2159.99ms
step:31/3325 train_time:66.605s step_avg:2148.55ms
step:32/3325 train_time:68.411s step_avg:2137.84ms
step:33/3325 train_time:70.216s step_avg:2127.77ms
step:34/3325 train_time:72.024s step_avg:2118.34ms
step:35/3325 train_time:73.830s step_avg:2109.42ms
step:36/3325 train_time:75.636s step_avg:2101.00ms
step:37/3325 train_time:77.443s step_avg:2093.05ms
step:38/3325 train_time:79.249s step_avg:2085.49ms
step:39/3325 train_time:81.055s step_avg:2078.34ms
step:40/3325 train_time:82.862s step_avg:2071.55ms
step:41/3325 train_time:84.669s step_avg:2065.10ms
step:42/3325 train_time:86.476s step_avg:2058.95ms
step:43/3325 train_time:88.282s step_avg:2053.08ms
step:44/3325 train_time:90.089s step_avg:2047.47ms
step:45/3325 train_time:91.896s step_avg:2042.13ms
step:46/3325 train_time:93.702s step_avg:2037.00ms
step:47/3325 train_time:95.511s step_avg:2032.15ms
step:48/3325 train_time:97.319s step_avg:2027.48ms
step:49/3325 train_time:99.126s step_avg:2022.98ms
step:50/3325 train_time:104.032s step_avg:2080.63ms
step:51/3325 train_time:105.839s step_avg:2075.27ms
step:52/3325 train_time:107.645s step_avg:2070.09ms
step:53/3325 train_time:109.450s step_avg:2065.10ms
step:54/3325 train_time:111.256s step_avg:2060.29ms
step:55/3325 train_time:113.064s step_avg:2055.71ms
step:56/3325 train_time:114.870s step_avg:2051.25ms
step:57/3325 train_time:116.677s step_avg:2046.96ms
step:58/3325 train_time:118.484s step_avg:2042.83ms
step:59/3325 train_time:120.291s step_avg:2038.83ms
step:60/3325 train_time:122.114s step_avg:2035.24ms
step:61/3325 train_time:123.921s step_avg:2031.49ms
step:62/3325 train_time:125.728s step_avg:2027.88ms
step:63/3325 train_time:127.535s step_avg:2024.37ms
step:64/3325 train_time:129.342s step_avg:2020.97ms
step:65/3325 train_time:131.148s step_avg:2017.67ms
step:66/3325 train_time:132.956s step_avg:2014.48ms
step:67/3325 train_time:134.764s step_avg:2011.41ms
step:68/3325 train_time:136.572s step_avg:2008.42ms
step:69/3325 train_time:138.379s step_avg:2005.50ms
step:70/3325 train_time:140.190s step_avg:2002.72ms
step:71/3325 train_time:141.998s step_avg:1999.97ms
step:72/3325 train_time:143.806s step_avg:1997.30ms
step:73/3325 train_time:145.614s step_avg:1994.72ms
step:74/3325 train_time:147.422s step_avg:1992.19ms
step:75/3325 train_time:149.507s step_avg:1993.43ms
step:76/3325 train_time:151.315s step_avg:1990.99ms
step:77/3325 train_time:153.123s step_avg:1988.61ms
step:78/3325 train_time:154.930s step_avg:1986.29ms
step:79/3325 train_time:156.738s step_avg:1984.03ms
step:80/3325 train_time:158.547s step_avg:1981.83ms
step:81/3325 train_time:160.354s step_avg:1979.67ms
step:82/3325 train_time:162.162s step_avg:1977.58ms
step:83/3325 train_time:163.969s step_avg:1975.53ms
step:84/3325 train_time:165.777s step_avg:1973.53ms
step:85/3325 train_time:167.585s step_avg:1971.59ms
step:86/3325 train_time:169.393s step_avg:1969.68ms
step:87/3325 train_time:171.199s step_avg:1967.81ms
step:88/3325 train_time:173.007s step_avg:1965.99ms
step:89/3325 train_time:174.814s step_avg:1964.20ms
step:90/3325 train_time:176.640s step_avg:1962.66ms
step:91/3325 train_time:178.448s step_avg:1960.97ms
step:92/3325 train_time:180.257s step_avg:1959.31ms
step:93/3325 train_time:182.066s step_avg:1957.70ms
step:94/3325 train_time:183.873s step_avg:1956.10ms
step:95/3325 train_time:185.682s step_avg:1954.55ms
step:96/3325 train_time:187.491s step_avg:1953.03ms
step:97/3325 train_time:189.299s step_avg:1951.54ms
step:98/3325 train_time:191.107s step_avg:1950.07ms
step:99/3325 train_time:192.915s step_avg:1948.63ms
step:100/3325 train_time:195.000s step_avg:1950.00ms
step:101/3325 train_time:196.807s step_avg:1948.59ms
step:102/3325 train_time:198.615s step_avg:1947.21ms
step:103/3325 train_time:200.422s step_avg:1945.84ms
step:104/3325 train_time:202.229s step_avg:1944.51ms
step:105/3325 train_time:204.036s step_avg:1943.20ms
step:106/3325 train_time:205.846s step_avg:1941.94ms
step:107/3325 train_time:207.653s step_avg:1940.68ms
step:108/3325 train_time:209.461s step_avg:1939.45ms
step:109/3325 train_time:211.270s step_avg:1938.26ms
step:110/3325 train_time:213.078s step_avg:1937.07ms
step:111/3325 train_time:214.886s step_avg:1935.91ms
step:112/3325 train_time:216.694s step_avg:1934.77ms
step:113/3325 train_time:218.503s step_avg:1933.66ms
step:114/3325 train_time:220.312s step_avg:1932.56ms
step:115/3325 train_time:222.120s step_avg:1931.48ms
step:116/3325 train_time:223.928s step_avg:1930.41ms
step:117/3325 train_time:225.737s step_avg:1929.38ms
step:118/3325 train_time:227.547s step_avg:1928.36ms
step:119/3325 train_time:229.355s step_avg:1927.35ms
step:120/3325 train_time:231.180s step_avg:1926.50ms
step:121/3325 train_time:232.987s step_avg:1925.51ms
step:122/3325 train_time:234.794s step_avg:1924.54ms
step:123/3325 train_time:236.604s step_avg:1923.61ms
step:124/3325 train_time:238.412s step_avg:1922.68ms
step:125/3325 train_time:240.563s step_avg:1924.50ms
step:125/3325 val_loss:4.92932 train_time:240.563s step_avg:1924.51ms
step:126/3325 train_time:242.373s step_avg:1923.59ms
step:127/3325 train_time:244.183s step_avg:1922.70ms
step:128/3325 train_time:245.991s step_avg:1921.80ms
step:129/3325 train_time:247.800s step_avg:1920.93ms
step:130/3325 train_time:249.608s step_avg:1920.06ms
step:131/3325 train_time:251.416s step_avg:1919.20ms
step:132/3325 train_time:253.224s step_avg:1918.37ms
step:133/3325 train_time:255.034s step_avg:1917.55ms
step:134/3325 train_time:256.843s step_avg:1916.74ms
step:135/3325 train_time:258.652s step_avg:1915.94ms
step:136/3325 train_time:260.461s step_avg:1915.15ms
step:137/3325 train_time:262.268s step_avg:1914.37ms
step:138/3325 train_time:264.077s step_avg:1913.60ms
step:139/3325 train_time:265.885s step_avg:1912.84ms
step:140/3325 train_time:267.693s step_avg:1912.10ms
step:141/3325 train_time:269.501s step_avg:1911.35ms
step:142/3325 train_time:271.309s step_avg:1910.63ms
step:143/3325 train_time:273.116s step_avg:1909.90ms
step:144/3325 train_time:274.924s step_avg:1909.20ms
step:145/3325 train_time:276.731s step_avg:1908.49ms
step:146/3325 train_time:278.539s step_avg:1907.80ms
step:147/3325 train_time:280.345s step_avg:1907.11ms
step:148/3325 train_time:282.153s step_avg:1906.44ms
step:149/3325 train_time:283.960s step_avg:1905.77ms
step:150/3325 train_time:286.063s step_avg:1907.08ms
step:151/3325 train_time:287.869s step_avg:1906.42ms
step:152/3325 train_time:289.676s step_avg:1905.77ms
step:153/3325 train_time:291.484s step_avg:1905.12ms
step:154/3325 train_time:293.291s step_avg:1904.49ms
step:155/3325 train_time:295.100s step_avg:1903.87ms
step:156/3325 train_time:296.908s step_avg:1903.26ms
step:157/3325 train_time:298.716s step_avg:1902.65ms
step:158/3325 train_time:300.524s step_avg:1902.05ms
step:159/3325 train_time:302.332s step_avg:1901.46ms
step:160/3325 train_time:304.141s step_avg:1900.88ms
step:161/3325 train_time:305.949s step_avg:1900.30ms
step:162/3325 train_time:307.757s step_avg:1899.73ms
step:163/3325 train_time:309.563s step_avg:1899.16ms
step:164/3325 train_time:311.371s step_avg:1898.60ms
step:165/3325 train_time:313.178s step_avg:1898.05ms
step:166/3325 train_time:314.986s step_avg:1897.51ms
step:167/3325 train_time:316.793s step_avg:1896.96ms
step:168/3325 train_time:318.599s step_avg:1896.42ms
step:169/3325 train_time:320.406s step_avg:1895.89ms
step:170/3325 train_time:322.212s step_avg:1895.37ms
step:171/3325 train_time:324.019s step_avg:1894.85ms
step:172/3325 train_time:325.827s step_avg:1894.34ms
step:173/3325 train_time:327.634s step_avg:1893.84ms
step:174/3325 train_time:329.442s step_avg:1893.35ms
step:175/3325 train_time:331.526s step_avg:1894.43ms
step:176/3325 train_time:333.331s step_avg:1893.93ms
step:177/3325 train_time:335.139s step_avg:1893.44ms
step:178/3325 train_time:336.947s step_avg:1892.96ms
step:179/3325 train_time:338.754s step_avg:1892.48ms
step:180/3325 train_time:340.577s step_avg:1892.09ms
step:181/3325 train_time:342.384s step_avg:1891.62ms
step:182/3325 train_time:344.192s step_avg:1891.16ms
step:183/3325 train_time:345.999s step_avg:1890.71ms
step:184/3325 train_time:347.806s step_avg:1890.25ms
step:185/3325 train_time:349.614s step_avg:1889.80ms
step:186/3325 train_time:351.421s step_avg:1889.36ms
step:187/3325 train_time:353.227s step_avg:1888.92ms
step:188/3325 train_time:355.034s step_avg:1888.48ms
step:189/3325 train_time:356.840s step_avg:1888.04ms
step:190/3325 train_time:358.646s step_avg:1887.61ms
step:191/3325 train_time:360.563s step_avg:1887.76ms
step:192/3325 train_time:362.369s step_avg:1887.34ms
step:193/3325 train_time:364.179s step_avg:1886.94ms
step:194/3325 train_time:365.985s step_avg:1886.52ms
step:195/3325 train_time:367.792s step_avg:1886.11ms
step:196/3325 train_time:369.599s step_avg:1885.71ms
step:197/3325 train_time:371.404s step_avg:1885.30ms
step:198/3325 train_time:373.211s step_avg:1884.90ms
step:199/3325 train_time:375.018s step_avg:1884.51ms
step:200/3325 train_time:377.101s step_avg:1885.51ms
step:201/3325 train_time:378.907s step_avg:1885.11ms
step:202/3325 train_time:380.713s step_avg:1884.72ms
step:203/3325 train_time:382.520s step_avg:1884.33ms
step:204/3325 train_time:384.326s step_avg:1883.95ms
step:205/3325 train_time:386.134s step_avg:1883.58ms
step:206/3325 train_time:387.940s step_avg:1883.20ms
step:207/3325 train_time:389.745s step_avg:1882.83ms
step:208/3325 train_time:391.551s step_avg:1882.46ms
step:209/3325 train_time:393.357s step_avg:1882.09ms
step:210/3325 train_time:395.180s step_avg:1881.81ms
step:211/3325 train_time:396.985s step_avg:1881.45ms
step:212/3325 train_time:398.791s step_avg:1881.09ms
step:213/3325 train_time:400.596s step_avg:1880.73ms
step:214/3325 train_time:402.402s step_avg:1880.38ms
step:215/3325 train_time:404.208s step_avg:1880.04ms
step:216/3325 train_time:406.014s step_avg:1879.70ms
step:217/3325 train_time:407.819s step_avg:1879.35ms
step:218/3325 train_time:409.625s step_avg:1879.02ms
step:219/3325 train_time:411.430s step_avg:1878.68ms
step:220/3325 train_time:413.235s step_avg:1878.34ms
step:221/3325 train_time:415.041s step_avg:1878.01ms
step:222/3325 train_time:416.846s step_avg:1877.69ms
step:223/3325 train_time:418.652s step_avg:1877.36ms
step:224/3325 train_time:420.459s step_avg:1877.05ms
step:225/3325 train_time:422.541s step_avg:1877.96ms
step:226/3325 train_time:424.347s step_avg:1877.64ms
step:227/3325 train_time:426.153s step_avg:1877.32ms
step:228/3325 train_time:427.960s step_avg:1877.02ms
step:229/3325 train_time:429.764s step_avg:1876.70ms
step:230/3325 train_time:431.570s step_avg:1876.39ms
step:231/3325 train_time:433.375s step_avg:1876.08ms
step:232/3325 train_time:435.183s step_avg:1875.79ms
step:233/3325 train_time:436.989s step_avg:1875.49ms
step:234/3325 train_time:438.795s step_avg:1875.19ms
step:235/3325 train_time:440.603s step_avg:1874.91ms
step:236/3325 train_time:442.408s step_avg:1874.61ms
step:237/3325 train_time:444.216s step_avg:1874.33ms
step:238/3325 train_time:446.022s step_avg:1874.04ms
step:239/3325 train_time:447.829s step_avg:1873.76ms
step:240/3325 train_time:449.651s step_avg:1873.55ms
step:241/3325 train_time:451.456s step_avg:1873.26ms
step:242/3325 train_time:453.262s step_avg:1872.98ms
step:243/3325 train_time:455.068s step_avg:1872.71ms
step:244/3325 train_time:456.872s step_avg:1872.43ms
step:245/3325 train_time:458.678s step_avg:1872.15ms
step:246/3325 train_time:460.483s step_avg:1871.88ms
step:247/3325 train_time:462.287s step_avg:1871.61ms
step:248/3325 train_time:464.092s step_avg:1871.34ms
step:249/3325 train_time:465.897s step_avg:1871.07ms
step:250/3325 train_time:470.668s step_avg:1882.67ms
step:250/3325 val_loss:4.20865 train_time:470.669s step_avg:1840.85ms
step:251/3325 train_time:472.475s step_avg:1882.37ms
step:252/3325 train_time:474.280s step_avg:1882.06ms
step:253/3325 train_time:476.084s step_avg:1881.75ms
step:254/3325 train_time:477.888s step_avg:1881.45ms
step:255/3325 train_time:479.692s step_avg:1881.14ms
step:256/3325 train_time:481.496s step_avg:1880.85ms
step:257/3325 train_time:483.302s step_avg:1880.55ms
step:258/3325 train_time:485.108s step_avg:1880.26ms
step:259/3325 train_time:486.913s step_avg:1879.97ms
step:260/3325 train_time:488.717s step_avg:1879.68ms
step:261/3325 train_time:490.523s step_avg:1879.40ms
step:262/3325 train_time:492.331s step_avg:1879.13ms
step:263/3325 train_time:494.137s step_avg:1878.85ms
step:264/3325 train_time:495.942s step_avg:1878.57ms
step:265/3325 train_time:497.747s step_avg:1878.29ms
step:266/3325 train_time:499.552s step_avg:1878.02ms
step:267/3325 train_time:501.356s step_avg:1877.74ms
step:268/3325 train_time:503.162s step_avg:1877.47ms
step:269/3325 train_time:504.968s step_avg:1877.20ms
step:270/3325 train_time:506.789s step_avg:1877.00ms
step:271/3325 train_time:508.593s step_avg:1876.73ms
step:272/3325 train_time:510.398s step_avg:1876.46ms
step:273/3325 train_time:512.203s step_avg:1876.20ms
step:274/3325 train_time:514.009s step_avg:1875.94ms
step:275/3325 train_time:516.089s step_avg:1876.69ms
step:276/3325 train_time:517.894s step_avg:1876.43ms
step:277/3325 train_time:519.699s step_avg:1876.17ms
step:278/3325 train_time:521.503s step_avg:1875.91ms
step:279/3325 train_time:523.308s step_avg:1875.66ms
step:280/3325 train_time:525.112s step_avg:1875.40ms
step:281/3325 train_time:526.917s step_avg:1875.15ms
step:282/3325 train_time:528.721s step_avg:1874.90ms
step:283/3325 train_time:530.525s step_avg:1874.65ms
step:284/3325 train_time:532.330s step_avg:1874.40ms
step:285/3325 train_time:534.135s step_avg:1874.16ms
step:286/3325 train_time:535.939s step_avg:1873.91ms
step:287/3325 train_time:537.744s step_avg:1873.67ms
step:288/3325 train_time:539.548s step_avg:1873.43ms
step:289/3325 train_time:541.351s step_avg:1873.19ms
step:290/3325 train_time:543.156s step_avg:1872.95ms
step:291/3325 train_time:544.959s step_avg:1872.71ms
step:292/3325 train_time:546.764s step_avg:1872.48ms
step:293/3325 train_time:548.569s step_avg:1872.25ms
step:294/3325 train_time:550.373s step_avg:1872.02ms
step:295/3325 train_time:552.179s step_avg:1871.79ms
step:296/3325 train_time:553.983s step_avg:1871.57ms
step:297/3325 train_time:555.788s step_avg:1871.34ms
step:298/3325 train_time:557.592s step_avg:1871.11ms
step:299/3325 train_time:559.396s step_avg:1870.89ms
step:300/3325 train_time:561.494s step_avg:1871.65ms
step:301/3325 train_time:563.298s step_avg:1871.42ms
step:302/3325 train_time:565.101s step_avg:1871.20ms
step:303/3325 train_time:566.905s step_avg:1870.97ms
step:304/3325 train_time:568.709s step_avg:1870.75ms
step:305/3325 train_time:570.512s step_avg:1870.53ms
step:306/3325 train_time:572.316s step_avg:1870.31ms
step:307/3325 train_time:574.121s step_avg:1870.10ms
step:308/3325 train_time:575.926s step_avg:1869.89ms
step:309/3325 train_time:577.730s step_avg:1869.68ms
step:310/3325 train_time:579.534s step_avg:1869.47ms
step:311/3325 train_time:581.338s step_avg:1869.25ms
step:312/3325 train_time:583.143s step_avg:1869.05ms
step:313/3325 train_time:584.946s step_avg:1868.84ms
step:314/3325 train_time:586.751s step_avg:1868.63ms
step:315/3325 train_time:588.555s step_avg:1868.43ms
step:316/3325 train_time:590.360s step_avg:1868.23ms
step:317/3325 train_time:592.165s step_avg:1868.03ms
step:318/3325 train_time:593.971s step_avg:1867.83ms
step:319/3325 train_time:595.774s step_avg:1867.63ms
step:320/3325 train_time:597.578s step_avg:1867.43ms
step:321/3325 train_time:599.382s step_avg:1867.23ms
step:322/3325 train_time:601.186s step_avg:1867.04ms
step:323/3325 train_time:602.991s step_avg:1866.85ms
step:324/3325 train_time:604.796s step_avg:1866.65ms
step:325/3325 train_time:606.876s step_avg:1867.31ms
step:326/3325 train_time:608.681s step_avg:1867.12ms
step:327/3325 train_time:610.485s step_avg:1866.93ms
step:328/3325 train_time:612.290s step_avg:1866.74ms
step:329/3325 train_time:614.096s step_avg:1866.55ms
step:330/3325 train_time:615.917s step_avg:1866.42ms
step:331/3325 train_time:617.722s step_avg:1866.23ms
step:332/3325 train_time:619.527s step_avg:1866.05ms
step:333/3325 train_time:621.331s step_avg:1865.86ms
step:334/3325 train_time:623.136s step_avg:1865.68ms
step:335/3325 train_time:624.940s step_avg:1865.49ms
step:336/3325 train_time:626.744s step_avg:1865.31ms
step:337/3325 train_time:628.548s step_avg:1865.13ms
step:338/3325 train_time:630.352s step_avg:1864.95ms
step:339/3325 train_time:632.157s step_avg:1864.77ms
step:340/3325 train_time:633.962s step_avg:1864.59ms
step:341/3325 train_time:635.766s step_avg:1864.42ms
step:342/3325 train_time:637.570s step_avg:1864.24ms
step:343/3325 train_time:639.375s step_avg:1864.07ms
step:344/3325 train_time:641.178s step_avg:1863.89ms
step:345/3325 train_time:642.983s step_avg:1863.72ms
step:346/3325 train_time:644.787s step_avg:1863.55ms
step:347/3325 train_time:646.591s step_avg:1863.37ms
step:348/3325 train_time:648.395s step_avg:1863.21ms
step:349/3325 train_time:650.199s step_avg:1863.03ms
step:350/3325 train_time:652.316s step_avg:1863.76ms
step:351/3325 train_time:654.120s step_avg:1863.59ms
step:352/3325 train_time:655.924s step_avg:1863.42ms
step:353/3325 train_time:657.728s step_avg:1863.25ms
step:354/3325 train_time:659.531s step_avg:1863.08ms
step:355/3325 train_time:661.334s step_avg:1862.91ms
step:356/3325 train_time:663.138s step_avg:1862.75ms
step:357/3325 train_time:664.942s step_avg:1862.58ms
step:358/3325 train_time:666.746s step_avg:1862.42ms
step:359/3325 train_time:668.550s step_avg:1862.26ms
step:360/3325 train_time:670.370s step_avg:1862.14ms
step:361/3325 train_time:672.177s step_avg:1861.99ms
step:362/3325 train_time:673.981s step_avg:1861.83ms
step:363/3325 train_time:675.785s step_avg:1861.67ms
step:364/3325 train_time:677.589s step_avg:1861.51ms
step:365/3325 train_time:679.393s step_avg:1861.35ms
step:366/3325 train_time:681.197s step_avg:1861.20ms
step:367/3325 train_time:683.002s step_avg:1861.04ms
step:368/3325 train_time:684.806s step_avg:1860.88ms
step:369/3325 train_time:686.610s step_avg:1860.73ms
step:370/3325 train_time:688.413s step_avg:1860.58ms
step:371/3325 train_time:690.216s step_avg:1860.42ms
step:372/3325 train_time:692.022s step_avg:1860.27ms
step:373/3325 train_time:693.827s step_avg:1860.12ms
step:374/3325 train_time:695.631s step_avg:1859.98ms
step:375/3325 train_time:697.778s step_avg:1860.74ms
step:375/3325 val_loss:3.98648 train_time:697.779s step_avg:1816.88ms
step:376/3325 train_time:699.584s step_avg:1860.60ms
step:377/3325 train_time:701.388s step_avg:1860.45ms
step:378/3325 train_time:703.193s step_avg:1860.30ms
step:379/3325 train_time:704.997s step_avg:1860.15ms
step:380/3325 train_time:706.801s step_avg:1860.00ms
step:381/3325 train_time:708.643s step_avg:1859.96ms
step:382/3325 train_time:710.448s step_avg:1859.81ms
step:383/3325 train_time:712.253s step_avg:1859.67ms
step:384/3325 train_time:714.058s step_avg:1859.53ms
step:385/3325 train_time:715.862s step_avg:1859.38ms
step:386/3325 train_time:717.666s step_avg:1859.24ms
step:387/3325 train_time:719.471s step_avg:1859.10ms
step:388/3325 train_time:721.275s step_avg:1858.96ms
step:389/3325 train_time:723.079s step_avg:1858.82ms
step:390/3325 train_time:724.900s step_avg:1858.72ms
step:391/3325 train_time:726.705s step_avg:1858.58ms
step:392/3325 train_time:728.510s step_avg:1858.45ms
step:393/3325 train_time:730.322s step_avg:1858.32ms
step:394/3325 train_time:732.126s step_avg:1858.19ms
step:395/3325 train_time:733.930s step_avg:1858.05ms
step:396/3325 train_time:735.734s step_avg:1857.91ms
step:397/3325 train_time:737.537s step_avg:1857.78ms
step:398/3325 train_time:739.341s step_avg:1857.64ms
step:399/3325 train_time:741.145s step_avg:1857.51ms
step:400/3325 train_time:743.225s step_avg:1858.06ms
step:401/3325 train_time:745.029s step_avg:1857.93ms
step:402/3325 train_time:746.834s step_avg:1857.80ms
step:403/3325 train_time:748.638s step_avg:1857.66ms
step:404/3325 train_time:750.443s step_avg:1857.53ms
step:405/3325 train_time:752.247s step_avg:1857.40ms
step:406/3325 train_time:754.051s step_avg:1857.27ms
step:407/3325 train_time:755.854s step_avg:1857.14ms
step:408/3325 train_time:757.659s step_avg:1857.01ms
step:409/3325 train_time:759.463s step_avg:1856.88ms
step:410/3325 train_time:761.267s step_avg:1856.75ms
step:411/3325 train_time:763.070s step_avg:1856.62ms
step:412/3325 train_time:764.874s step_avg:1856.49ms
step:413/3325 train_time:766.678s step_avg:1856.36ms
step:414/3325 train_time:768.483s step_avg:1856.24ms
step:415/3325 train_time:770.287s step_avg:1856.11ms
step:416/3325 train_time:772.092s step_avg:1855.99ms
step:417/3325 train_time:773.896s step_avg:1855.87ms
step:418/3325 train_time:775.700s step_avg:1855.74ms
step:419/3325 train_time:777.505s step_avg:1855.62ms
step:420/3325 train_time:779.324s step_avg:1855.53ms
step:421/3325 train_time:781.129s step_avg:1855.41ms
step:422/3325 train_time:782.932s step_avg:1855.29ms
step:423/3325 train_time:784.735s step_avg:1855.17ms
step:424/3325 train_time:786.539s step_avg:1855.04ms
step:425/3325 train_time:788.619s step_avg:1855.57ms
step:426/3325 train_time:790.423s step_avg:1855.45ms
step:427/3325 train_time:792.227s step_avg:1855.33ms
step:428/3325 train_time:794.031s step_avg:1855.21ms
step:429/3325 train_time:795.835s step_avg:1855.09ms
step:430/3325 train_time:797.639s step_avg:1854.97ms
step:431/3325 train_time:799.442s step_avg:1854.85ms
step:432/3325 train_time:801.246s step_avg:1854.74ms
step:433/3325 train_time:803.050s step_avg:1854.62ms
step:434/3325 train_time:804.854s step_avg:1854.50ms
step:435/3325 train_time:806.657s step_avg:1854.38ms
step:436/3325 train_time:808.461s step_avg:1854.27ms
step:437/3325 train_time:810.267s step_avg:1854.16ms
step:438/3325 train_time:812.071s step_avg:1854.04ms
step:439/3325 train_time:813.874s step_avg:1853.93ms
step:440/3325 train_time:815.678s step_avg:1853.81ms
step:441/3325 train_time:817.482s step_avg:1853.70ms
step:442/3325 train_time:819.285s step_avg:1853.59ms
step:443/3325 train_time:821.089s step_avg:1853.47ms
step:444/3325 train_time:822.895s step_avg:1853.37ms
step:445/3325 train_time:824.700s step_avg:1853.26ms
step:446/3325 train_time:826.504s step_avg:1853.15ms
step:447/3325 train_time:828.308s step_avg:1853.04ms
step:448/3325 train_time:830.113s step_avg:1852.93ms
step:449/3325 train_time:831.918s step_avg:1852.82ms
step:450/3325 train_time:834.017s step_avg:1853.37ms
step:451/3325 train_time:835.823s step_avg:1853.27ms
step:452/3325 train_time:837.628s step_avg:1853.16ms
step:453/3325 train_time:839.433s step_avg:1853.05ms
step:454/3325 train_time:841.239s step_avg:1852.95ms
step:455/3325 train_time:843.044s step_avg:1852.84ms
step:456/3325 train_time:844.849s step_avg:1852.74ms
step:457/3325 train_time:846.654s step_avg:1852.63ms
step:458/3325 train_time:848.458s step_avg:1852.53ms
step:459/3325 train_time:850.262s step_avg:1852.42ms
step:460/3325 train_time:852.067s step_avg:1852.32ms
step:461/3325 train_time:853.872s step_avg:1852.22ms
step:462/3325 train_time:855.677s step_avg:1852.12ms
step:463/3325 train_time:857.481s step_avg:1852.01ms
step:464/3325 train_time:859.285s step_avg:1851.91ms
step:465/3325 train_time:861.090s step_avg:1851.81ms
step:466/3325 train_time:862.894s step_avg:1851.70ms
step:467/3325 train_time:864.698s step_avg:1851.60ms
step:468/3325 train_time:866.502s step_avg:1851.50ms
step:469/3325 train_time:868.306s step_avg:1851.40ms
step:470/3325 train_time:870.114s step_avg:1851.31ms
step:471/3325 train_time:871.919s step_avg:1851.21ms
step:472/3325 train_time:873.724s step_avg:1851.11ms
step:473/3325 train_time:875.528s step_avg:1851.01ms
step:474/3325 train_time:877.334s step_avg:1850.91ms
step:475/3325 train_time:879.416s step_avg:1851.40ms
step:476/3325 train_time:881.220s step_avg:1851.30ms
step:477/3325 train_time:883.024s step_avg:1851.20ms
step:478/3325 train_time:884.828s step_avg:1851.11ms
step:479/3325 train_time:886.633s step_avg:1851.01ms
step:480/3325 train_time:888.453s step_avg:1850.94ms
step:481/3325 train_time:890.258s step_avg:1850.85ms
step:482/3325 train_time:892.064s step_avg:1850.76ms
step:483/3325 train_time:893.868s step_avg:1850.66ms
step:484/3325 train_time:895.672s step_avg:1850.56ms
step:485/3325 train_time:897.477s step_avg:1850.47ms
step:486/3325 train_time:899.281s step_avg:1850.37ms
step:487/3325 train_time:901.085s step_avg:1850.28ms
step:488/3325 train_time:902.889s step_avg:1850.18ms
step:489/3325 train_time:904.692s step_avg:1850.09ms
step:490/3325 train_time:906.496s step_avg:1849.99ms
step:491/3325 train_time:908.300s step_avg:1849.90ms
step:492/3325 train_time:910.106s step_avg:1849.81ms
step:493/3325 train_time:911.911s step_avg:1849.72ms
step:494/3325 train_time:913.715s step_avg:1849.63ms
step:495/3325 train_time:915.519s step_avg:1849.53ms
step:496/3325 train_time:917.322s step_avg:1849.44ms
step:497/3325 train_time:919.127s step_avg:1849.35ms
step:498/3325 train_time:920.931s step_avg:1849.26ms
step:499/3325 train_time:922.736s step_avg:1849.17ms
step:500/3325 train_time:927.509s step_avg:1855.02ms
step:500/3325 val_loss:3.87337 train_time:927.509s step_avg:1837.84ms
step:501/3325 train_time:929.312s step_avg:1854.92ms
step:502/3325 train_time:931.115s step_avg:1854.81ms
step:503/3325 train_time:932.918s step_avg:1854.71ms
step:504/3325 train_time:934.721s step_avg:1854.61ms
step:505/3325 train_time:936.525s step_avg:1854.51ms
step:506/3325 train_time:938.330s step_avg:1854.41ms
step:507/3325 train_time:940.135s step_avg:1854.31ms
step:508/3325 train_time:941.940s step_avg:1854.21ms
step:509/3325 train_time:943.744s step_avg:1854.11ms
step:510/3325 train_time:945.564s step_avg:1854.05ms
step:511/3325 train_time:947.366s step_avg:1853.95ms
step:512/3325 train_time:949.171s step_avg:1853.85ms
step:513/3325 train_time:950.975s step_avg:1853.75ms
step:514/3325 train_time:952.779s step_avg:1853.66ms
step:515/3325 train_time:954.583s step_avg:1853.56ms
step:516/3325 train_time:956.387s step_avg:1853.46ms
step:517/3325 train_time:958.190s step_avg:1853.37ms
step:518/3325 train_time:959.994s step_avg:1853.27ms
step:519/3325 train_time:961.801s step_avg:1853.18ms
step:520/3325 train_time:963.605s step_avg:1853.09ms
step:521/3325 train_time:965.411s step_avg:1853.00ms
step:522/3325 train_time:967.214s step_avg:1852.90ms
step:523/3325 train_time:969.020s step_avg:1852.81ms
step:524/3325 train_time:970.824s step_avg:1852.72ms
step:525/3325 train_time:972.904s step_avg:1853.15ms
step:526/3325 train_time:974.710s step_avg:1853.06ms
step:527/3325 train_time:976.514s step_avg:1852.97ms
step:528/3325 train_time:978.319s step_avg:1852.88ms
step:529/3325 train_time:980.123s step_avg:1852.79ms
step:530/3325 train_time:981.927s step_avg:1852.69ms
step:531/3325 train_time:983.732s step_avg:1852.60ms
step:532/3325 train_time:985.536s step_avg:1852.51ms
step:533/3325 train_time:987.340s step_avg:1852.42ms
step:534/3325 train_time:989.146s step_avg:1852.33ms
step:535/3325 train_time:990.950s step_avg:1852.24ms
step:536/3325 train_time:992.754s step_avg:1852.15ms
step:537/3325 train_time:994.559s step_avg:1852.06ms
step:538/3325 train_time:996.363s step_avg:1851.98ms
step:539/3325 train_time:998.167s step_avg:1851.89ms
step:540/3325 train_time:999.988s step_avg:1851.83ms
step:541/3325 train_time:1001.791s step_avg:1851.74ms
step:542/3325 train_time:1003.595s step_avg:1851.65ms
step:543/3325 train_time:1005.399s step_avg:1851.56ms
step:544/3325 train_time:1007.203s step_avg:1851.48ms
step:545/3325 train_time:1009.008s step_avg:1851.39ms
step:546/3325 train_time:1010.811s step_avg:1851.30ms
step:547/3325 train_time:1012.615s step_avg:1851.22ms
step:548/3325 train_time:1014.419s step_avg:1851.13ms
step:549/3325 train_time:1016.223s step_avg:1851.04ms
step:550/3325 train_time:1018.305s step_avg:1851.46ms
step:551/3325 train_time:1020.108s step_avg:1851.38ms
step:552/3325 train_time:1021.911s step_avg:1851.29ms
step:553/3325 train_time:1023.715s step_avg:1851.20ms
step:554/3325 train_time:1025.519s step_avg:1851.12ms
step:555/3325 train_time:1027.322s step_avg:1851.03ms
step:556/3325 train_time:1029.127s step_avg:1850.95ms
step:557/3325 train_time:1030.930s step_avg:1850.86ms
step:558/3325 train_time:1032.734s step_avg:1850.78ms
step:559/3325 train_time:1034.537s step_avg:1850.69ms
step:560/3325 train_time:1036.340s step_avg:1850.61ms
step:561/3325 train_time:1038.143s step_avg:1850.52ms
step:562/3325 train_time:1039.947s step_avg:1850.44ms
step:563/3325 train_time:1041.751s step_avg:1850.36ms
step:564/3325 train_time:1043.554s step_avg:1850.27ms
step:565/3325 train_time:1045.358s step_avg:1850.19ms
step:566/3325 train_time:1047.162s step_avg:1850.11ms
step:567/3325 train_time:1048.968s step_avg:1850.03ms
step:568/3325 train_time:1050.772s step_avg:1849.95ms
step:569/3325 train_time:1052.576s step_avg:1849.87ms
step:570/3325 train_time:1054.395s step_avg:1849.82ms
step:571/3325 train_time:1056.236s step_avg:1849.80ms
step:572/3325 train_time:1058.040s step_avg:1849.72ms
step:573/3325 train_time:1059.845s step_avg:1849.64ms
step:574/3325 train_time:1061.649s step_avg:1849.56ms
step:575/3325 train_time:1063.737s step_avg:1849.98ms
step:576/3325 train_time:1065.588s step_avg:1849.98ms
step:577/3325 train_time:1067.392s step_avg:1849.90ms
step:578/3325 train_time:1069.246s step_avg:1849.91ms
step:579/3325 train_time:1071.080s step_avg:1849.88ms
step:580/3325 train_time:1073.211s step_avg:1850.36ms
step:581/3325 train_time:1076.402s step_avg:1852.67ms
step:582/3325 train_time:1081.093s step_avg:1857.55ms
step:583/3325 train_time:1085.784s step_avg:1862.41ms
step:584/3325 train_time:1090.475s step_avg:1867.25ms
step:585/3325 train_time:1095.166s step_avg:1872.08ms
step:586/3325 train_time:1097.675s step_avg:1873.17ms
step:587/3325 train_time:1101.508s step_avg:1876.50ms
step:588/3325 train_time:1103.570s step_avg:1876.82ms
step:589/3325 train_time:1105.636s step_avg:1877.14ms
step:590/3325 train_time:1107.704s step_avg:1877.46ms
step:591/3325 train_time:1109.766s step_avg:1877.78ms
step:592/3325 train_time:1111.769s step_avg:1877.99ms
step:593/3325 train_time:1113.902s step_avg:1878.42ms
step:594/3325 train_time:1115.968s step_avg:1878.73ms
step:595/3325 train_time:1118.033s step_avg:1879.05ms
step:596/3325 train_time:1120.095s step_avg:1879.35ms
step:597/3325 train_time:1123.529s step_avg:1881.96ms
step:598/3325 train_time:1127.332s step_avg:1885.17ms
step:599/3325 train_time:1131.122s step_avg:1888.35ms
step:600/3325 train_time:1135.957s step_avg:1893.26ms
step:601/3325 train_time:1139.533s step_avg:1896.06ms
step:602/3325 train_time:1142.973s step_avg:1898.63ms
step:603/3325 train_time:1145.842s step_avg:1900.24ms
step:604/3325 train_time:1149.803s step_avg:1903.65ms
step:605/3325 train_time:1153.750s step_avg:1907.02ms
step:606/3325 train_time:1157.695s step_avg:1910.39ms
step:607/3325 train_time:1161.636s step_avg:1913.73ms
step:608/3325 train_time:1165.579s step_avg:1917.07ms
step:609/3325 train_time:1169.522s step_avg:1920.40ms
step:610/3325 train_time:1173.466s step_avg:1923.71ms
step:611/3325 train_time:1177.410s step_avg:1927.02ms
step:612/3325 train_time:1181.354s step_avg:1930.32ms
step:613/3325 train_time:1185.297s step_avg:1933.60ms
step:614/3325 train_time:1189.241s step_avg:1936.88ms
step:615/3325 train_time:1193.185s step_avg:1940.14ms
step:616/3325 train_time:1197.131s step_avg:1943.40ms
step:617/3325 train_time:1201.079s step_avg:1946.64ms
step:618/3325 train_time:1205.026s step_avg:1949.88ms
step:619/3325 train_time:1208.973s step_avg:1953.11ms
step:620/3325 train_time:1212.918s step_avg:1956.32ms
step:621/3325 train_time:1216.864s step_avg:1959.52ms
step:622/3325 train_time:1220.810s step_avg:1962.72ms
step:623/3325 train_time:1224.757s step_avg:1965.90ms
step:624/3325 train_time:1228.701s step_avg:1969.07ms
W0526 08:35:22.227000 712350 torch/distributed/elastic/agent/server/api.py:739] Received Signals.SIGTERM death signal, shutting down workers
W0526 08:35:22.227000 712350 torch/distributed/elastic/multiprocessing/api.py:1012] Sending process 712383 closing signal SIGTERM
Traceback (most recent call last):
  File "/usr/local/bin/torchrun", line 6, in <module>
    sys.exit(main())
  File "/usr/local/lib/python3.10/dist-packages/torch/distributed/elastic/multiprocessing/errors/__init__.py", line 362, in wrapper
    return f(*args, **kwargs)
  File "/usr/local/lib/python3.10/dist-packages/torch/distributed/run.py", line 990, in main
    run(args)
  File "/usr/local/lib/python3.10/dist-packages/torch/distributed/run.py", line 981, in run
    elastic_launch(
  File "/usr/local/lib/python3.10/dist-packages/torch/distributed/launcher/api.py", line 170, in __call__
    return launch_agent(self._config, self._entrypoint, list(args))
  File "/usr/local/lib/python3.10/dist-packages/torch/distributed/launcher/api.py", line 308, in launch_agent
    result = agent.run()
  File "/usr/local/lib/python3.10/dist-packages/torch/distributed/elastic/metrics/api.py", line 134, in wrapper
    result = f(*args, **kwargs)
  File "/usr/local/lib/python3.10/dist-packages/torch/distributed/elastic/agent/server/api.py", line 731, in run
    result = self._invoke_run(role)
  File "/usr/local/lib/python3.10/dist-packages/torch/distributed/elastic/agent/server/api.py", line 908, in _invoke_run
    time.sleep(monitor_interval)
  File "/usr/local/lib/python3.10/dist-packages/torch/distributed/elastic/multiprocessing/api.py", line 86, in _terminate_process_handler
    raise SignalException(f"Process {os.getpid()} got signal: {sigval}", sigval=sigval)
torch.distributed.elastic.multiprocessing.api.SignalException: Process 712350 got signal: 15
:5629.12ms
step:21/3325 train_time:116.528s step_avg:5548.95ms
step:22/3325 train_time:120.471s step_avg:5475.93ms
step:23/3325 train_time:124.415s step_avg:5409.37ms
step:24/3325 train_time:128.363s step_avg:5348.46ms
step:25/3325 train_time:133.479s step_avg:5339.18ms
step:26/3325 train_time:135.287s step_avg:5203.34ms
step:27/3325 train_time:137.093s step_avg:5077.53ms
step:28/3325 train_time:138.900s step_avg:4960.73ms
step:29/3325 train_time:140.707s step_avg:4851.97ms
step:30/3325 train_time:142.532s step_avg:4751.08ms
step:31/3325 train_time:144.339s step_avg:4656.09ms
step:32/3325 train_time:146.145s step_avg:4567.04ms
step:33/3325 train_time:147.952s step_avg:4483.39ms
step:34/3325 train_time:149.758s step_avg:4404.65ms
step:35/3325 train_time:151.564s step_avg:4330.41ms
step:36/3325 train_time:153.371s step_avg:4260.31ms
step:37/3325 train_time:155.178s step_avg:4194.01ms
step:38/3325 train_time:156.985s step_avg:4131.19ms
step:39/3325 train_time:158.792s step_avg:4071.59ms
step:40/3325 train_time:160.599s step_avg:4014.98ms
step:41/3325 train_time:162.407s step_avg:3961.15ms
step:42/3325 train_time:164.215s step_avg:3909.89ms
step:43/3325 train_time:166.024s step_avg:3861.01ms
step:44/3325 train_time:167.831s step_avg:3814.35ms
step:45/3325 train_time:169.639s step_avg:3769.76ms
step:46/3325 train_time:171.447s step_avg:3727.11ms
step:47/3325 train_time:173.255s step_avg:3686.27ms
step:48/3325 train_time:175.063s step_avg:3647.15ms
step:49/3325 train_time:176.872s step_avg:3609.63ms
step:50/3325 train_time:181.784s step_avg:3635.68ms
step:51/3325 train_time:183.589s step_avg:3599.79ms
step:52/3325 train_time:185.394s step_avg:3565.27ms
step:53/3325 train_time:187.200s step_avg:3532.07ms
step:54/3325 train_time:189.006s step_avg:3500.11ms
step:55/3325 train_time:190.812s step_avg:3469.32ms
step:56/3325 train_time:192.619s step_avg:3439.63ms
step:57/3325 train_time:194.426s step_avg:3410.99ms
step:58/3325 train_time:196.232s step_avg:3383.32ms
step:59/3325 train_time:198.039s step_avg:3356.60ms
step:60/3325 train_time:199.863s step_avg:3331.05ms
step:61/3325 train_time:201.670s step_avg:3306.07ms
step:62/3325 train_time:203.478s step_avg:3281.90ms
step:63/3325 train_time:205.285s step_avg:3258.49ms
step:64/3325 train_time:207.092s step_avg:3235.81ms
step:65/3325 train_time:208.900s step_avg:3213.85ms
step:66/3325 train_time:210.707s step_avg:3192.53ms
step:67/3325 train_time:212.515s step_avg:3171.87ms
step:68/3325 train_time:214.323s step_avg:3151.80ms
step:69/3325 train_time:216.129s step_avg:3132.31ms
step:70/3325 train_time:217.936s step_avg:3113.37ms
step:71/3325 train_time:219.743s step_avg:3094.97ms
step:72/3325 train_time:221.549s step_avg:3077.07ms
step:73/3325 train_time:223.355s step_avg:3059.66ms
step:74/3325 train_time:225.162s step_avg:3042.73ms
step:75/3325 train_time:227.247s step_avg:3029.95ms
step:76/3325 train_time:229.053s step_avg:3013.85ms
step:77/3325 train_time:230.859s step_avg:2998.17ms
step:78/3325 train_time:232.667s step_avg:2982.91ms
step:79/3325 train_time:234.474s step_avg:2968.02ms
step:80/3325 train_time:236.280s step_avg:2953.50ms
step:81/3325 train_time:238.087s step_avg:2939.34ms
step:82/3325 train_time:239.893s step_avg:2925.52ms
step:83/3325 train_time:241.699s step_avg:2912.04ms
step:84/3325 train_time:243.506s step_avg:2898.88ms
step:85/3325 train_time:245.313s step_avg:2886.04ms
step:86/3325 train_time:247.121s step_avg:2873.50ms
step:87/3325 train_time:248.929s step_avg:2861.26ms
step:88/3325 train_time:250.738s step_avg:2849.30ms
step:89/3325 train_time:252.549s step_avg:2837.62ms
step:90/3325 train_time:254.373s step_avg:2826.37ms
step:91/3325 train_time:256.179s step_avg:2815.16ms
step:92/3325 train_time:257.987s step_avg:2804.20ms
step:93/3325 train_time:259.793s step_avg:2793.47ms
step:94/3325 train_time:261.600s step_avg:2782.98ms
step:95/3325 train_time:263.407s step_avg:2772.71ms
step:96/3325 train_time:265.214s step_avg:2762.64ms
step:97/3325 train_time:267.021s step_avg:2752.79ms
step:98/3325 train_time:268.828s step_avg:2743.14ms
step:99/3325 train_time:270.635s step_avg:2733.69ms
step:100/3325 train_time:272.722s step_avg:2727.22ms
step:101/3325 train_time:274.528s step_avg:2718.10ms
step:102/3325 train_time:276.334s step_avg:2709.16ms
step:103/3325 train_time:278.140s step_avg:2700.39ms
step:104/3325 train_time:279.946s step_avg:2691.79ms
step:105/3325 train_time:281.752s step_avg:2683.35ms
step:106/3325 train_time:283.558s step_avg:2675.08ms
step:107/3325 train_time:285.366s step_avg:2666.97ms
step:108/3325 train_time:287.173s step_avg:2659.01ms
step:109/3325 train_time:288.980s step_avg:2651.19ms
step:110/3325 train_time:290.787s step_avg:2643.52ms
step:111/3325 train_time:292.594s step_avg:2635.99ms
step:112/3325 train_time:294.402s step_avg:2628.59ms
step:113/3325 train_time:296.208s step_avg:2621.31ms
step:114/3325 train_time:298.016s step_avg:2614.17ms
step:115/3325 train_time:299.823s step_avg:2607.16ms
step:116/3325 train_time:301.629s step_avg:2600.25ms
step:117/3325 train_time:303.437s step_avg:2593.48ms
step:118/3325 train_time:305.244s step_avg:2586.81ms
step:119/3325 train_time:307.050s step_avg:2580.26ms
step:120/3325 train_time:308.874s step_avg:2573.95ms
step:121/3325 train_time:310.681s step_avg:2567.61ms
step:122/3325 train_time:312.487s step_avg:2561.37ms
step:123/3325 train_time:314.294s step_avg:2555.23ms
step:124/3325 train_time:316.099s step_avg:2549.19ms
step:125/3325 train_time:318.249s step_avg:2545.99ms
step:125/3325 val_loss:4.93176 train_time:318.249s step_avg:2545.97ms
step:126/3325 train_time:320.057s step_avg:2540.13ms
step:127/3325 train_time:321.865s step_avg:2534.37ms
step:128/3325 train_time:323.672s step_avg:2528.69ms
step:129/3325 train_time:325.478s step_avg:2523.09ms
step:130/3325 train_time:327.286s step_avg:2517.59ms
step:131/3325 train_time:329.093s step_avg:2512.16ms
step:132/3325 train_time:330.900s step_avg:2506.82ms
step:133/3325 train_time:332.707s step_avg:2501.56ms
step:134/3325 train_time:334.514s step_avg:2496.37ms
step:135/3325 train_time:336.320s step_avg:2491.26ms
step:136/3325 train_time:338.127s step_avg:2486.22ms
step:137/3325 train_time:339.932s step_avg:2481.26ms
step:138/3325 train_time:341.739s step_avg:2476.37ms
step:139/3325 train_time:343.547s step_avg:2471.56ms
step:140/3325 train_time:345.353s step_avg:2466.81ms
step:141/3325 train_time:347.159s step_avg:2462.12ms
step:142/3325 train_time:348.965s step_avg:2457.50ms
step:143/3325 train_time:350.772s step_avg:2452.95ms
step:144/3325 train_time:352.578s step_avg:2448.46ms
step:145/3325 train_time:354.384s step_avg:2444.03ms
step:146/3325 train_time:356.190s step_avg:2439.65ms
step:147/3325 train_time:357.997s step_avg:2435.35ms
step:148/3325 train_time:359.803s step_avg:2431.10ms
step:149/3325 train_time:361.611s step_avg:2426.92ms
step:150/3325 train_time:363.709s step_avg:2424.73ms
step:151/3325 train_time:365.514s step_avg:2420.62ms
step:152/3325 train_time:367.319s step_avg:2416.57ms
step:153/3325 train_time:369.125s step_avg:2412.58ms
step:154/3325 train_time:370.932s step_avg:2408.65ms
step:155/3325 train_time:372.738s step_avg:2404.76ms
step:156/3325 train_time:374.544s step_avg:2400.93ms
step:157/3325 train_time:376.350s step_avg:2397.13ms
step:158/3325 train_time:378.156s step_avg:2393.39ms
step:159/3325 train_time:379.962s step_avg:2389.70ms
step:160/3325 train_time:381.769s step_avg:2386.06ms
step:161/3325 train_time:383.576s step_avg:2382.46ms
step:162/3325 train_time:385.382s step_avg:2378.90ms
step:163/3325 train_time:387.188s step_avg:2375.39ms
step:164/3325 train_time:388.994s step_avg:2371.91ms
step:165/3325 train_time:390.800s step_avg:2368.49ms
step:166/3325 train_time:392.606s step_avg:2365.10ms
step:167/3325 train_time:394.411s step_avg:2361.74ms
step:168/3325 train_time:396.216s step_avg:2358.43ms
step:169/3325 train_time:398.022s step_avg:2355.16ms
step:170/3325 train_time:399.826s step_avg:2351.92ms
step:171/3325 train_time:401.633s step_avg:2348.73ms
step:172/3325 train_time:403.438s step_avg:2345.57ms
step:173/3325 train_time:405.244s step_avg:2342.45ms
step:174/3325 train_time:407.051s step_avg:2339.37ms
step:175/3325 train_time:409.135s step_avg:2337.91ms
step:176/3325 train_time:410.941s step_avg:2334.89ms
step:177/3325 train_time:412.746s step_avg:2331.90ms
step:178/3325 train_time:414.551s step_avg:2328.94ms
step:179/3325 train_time:416.357s step_avg:2326.01ms
step:180/3325 train_time:418.179s step_avg:2323.22ms
step:181/3325 train_time:419.984s step_avg:2320.36ms
step:182/3325 train_time:421.791s step_avg:2317.53ms
step:183/3325 train_time:423.596s step_avg:2314.73ms
step:184/3325 train_time:425.402s step_avg:2311.97ms
step:185/3325 train_time:427.207s step_avg:2309.23ms
step:186/3325 train_time:429.012s step_avg:2306.52ms
step:187/3325 train_time:430.818s step_avg:2303.84ms
step:188/3325 train_time:432.624s step_avg:2301.19ms
step:189/3325 train_time:434.429s step_avg:2298.57ms
step:190/3325 train_time:436.234s step_avg:2295.97ms
step:191/3325 train_time:438.152s step_avg:2293.99ms
step:192/3325 train_time:439.956s step_avg:2291.44ms
step:193/3325 train_time:441.762s step_avg:2288.92ms
step:194/3325 train_time:443.566s step_avg:2286.42ms
step:195/3325 train_time:445.371s step_avg:2283.95ms
step:196/3325 train_time:447.175s step_avg:2281.50ms
step:197/3325 train_time:448.980s step_avg:2279.09ms
step:198/3325 train_time:450.787s step_avg:2276.70ms
step:199/3325 train_time:452.591s step_avg:2274.33ms
step:200/3325 train_time:454.673s step_avg:2273.36ms
step:201/3325 train_time:456.477s step_avg:2271.03ms
step:202/3325 train_time:458.282s step_avg:2268.72ms
step:203/3325 train_time:460.087s step_avg:2266.44ms
step:204/3325 train_time:461.893s step_avg:2264.18ms
step:205/3325 train_time:463.698s step_avg:2261.94ms
step:206/3325 train_time:465.502s step_avg:2259.72ms
step:207/3325 train_time:467.305s step_avg:2257.51ms
step:208/3325 train_time:469.110s step_avg:2255.34ms
step:209/3325 train_time:470.915s step_avg:2253.18ms
step:210/3325 train_time:472.736s step_avg:2251.12ms
step:211/3325 train_time:474.542s step_avg:2249.02ms
step:212/3325 train_time:476.347s step_avg:2246.92ms
step:213/3325 train_time:478.152s step_avg:2244.85ms
step:214/3325 train_time:479.956s step_avg:2242.79ms
step:215/3325 train_time:481.761s step_avg:2240.75ms
step:216/3325 train_time:483.566s step_avg:2238.73ms
step:217/3325 train_time:485.371s step_avg:2236.73ms
step:218/3325 train_time:487.174s step_avg:2234.74ms
step:219/3325 train_time:488.978s step_avg:2232.77ms
step:220/3325 train_time:490.785s step_avg:2230.84ms
step:221/3325 train_time:492.590s step_avg:2228.91ms
step:222/3325 train_time:494.395s step_avg:2227.00ms
step:223/3325 train_time:496.199s step_avg:2225.11ms
step:224/3325 train_time:498.004s step_avg:2223.23ms
step:225/3325 train_time:500.085s step_avg:2222.60ms
step:226/3325 train_time:501.889s step_avg:2220.75ms
step:227/3325 train_time:503.693s step_avg:2218.91ms
step:228/3325 train_time:505.496s step_avg:2217.09ms
step:229/3325 train_time:507.299s step_avg:2215.28ms
step:230/3325 train_time:509.102s step_avg:2213.49ms
step:231/3325 train_time:510.906s step_avg:2211.72ms
step:232/3325 train_time:512.710s step_avg:2209.96ms
step:233/3325 train_time:514.513s step_avg:2208.21ms
step:234/3325 train_time:516.317s step_avg:2206.48ms
step:235/3325 train_time:518.121s step_avg:2204.77ms
step:236/3325 train_time:519.925s step_avg:2203.07ms
step:237/3325 train_time:521.731s step_avg:2201.39ms
step:238/3325 train_time:523.535s step_avg:2199.73ms
step:239/3325 train_time:525.339s step_avg:2198.07ms
step:240/3325 train_time:527.159s step_avg:2196.50ms
step:241/3325 train_time:528.962s step_avg:2194.86ms
step:242/3325 train_time:530.768s step_avg:2193.26ms
step:243/3325 train_time:532.572s step_avg:2191.66ms
step:244/3325 train_time:534.376s step_avg:2190.07ms
step:245/3325 train_time:536.180s step_avg:2188.49ms
step:246/3325 train_time:537.985s step_avg:2186.93ms
step:247/3325 train_time:539.790s step_avg:2185.38ms
step:248/3325 train_time:541.596s step_avg:2183.85ms
step:249/3325 train_time:543.400s step_avg:2182.33ms
step:250/3325 train_time:548.164s step_avg:2192.65ms
step:250/3325 val_loss:4.21455 train_time:548.164s step_avg:1839.32ms
step:251/3325 train_time:549.968s step_avg:2191.11ms
step:252/3325 train_time:551.770s step_avg:2189.57ms
step:253/3325 train_time:553.572s step_avg:2188.03ms
step:254/3325 train_time:555.375s step_avg:2186.52ms
step:255/3325 train_time:557.177s step_avg:2185.01ms
step:256/3325 train_time:558.981s step_avg:2183.52ms
step:257/3325 train_time:560.784s step_avg:2182.04ms
step:258/3325 train_time:562.588s step_avg:2180.57ms
step:259/3325 train_time:564.391s step_avg:2179.11ms
step:260/3325 train_time:566.193s step_avg:2177.66ms
step:261/3325 train_time:567.996s step_avg:2176.23ms
step:262/3325 train_time:569.800s step_avg:2174.81ms
step:263/3325 train_time:571.604s step_avg:2173.40ms
step:264/3325 train_time:573.407s step_avg:2171.99ms
step:265/3325 train_time:575.210s step_avg:2170.60ms
step:266/3325 train_time:577.011s step_avg:2169.22ms
step:267/3325 train_time:578.815s step_avg:2167.85ms
step:268/3325 train_time:580.619s step_avg:2166.49ms
step:269/3325 train_time:582.422s step_avg:2165.14ms
step:270/3325 train_time:584.241s step_avg:2163.86ms
step:271/3325 train_time:586.045s step_avg:2162.53ms
step:272/3325 train_time:587.849s step_avg:2161.21ms
step:273/3325 train_time:589.652s step_avg:2159.90ms
step:274/3325 train_time:591.455s step_avg:2158.60ms
step:275/3325 train_time:593.534s step_avg:2158.31ms
step:276/3325 train_time:595.337s step_avg:2157.02ms
step:277/3325 train_time:597.140s step_avg:2155.74ms
step:278/3325 train_time:598.946s step_avg:2154.48ms
step:279/3325 train_time:600.750s step_avg:2153.22ms
step:280/3325 train_time:602.552s step_avg:2151.97ms
step:281/3325 train_time:604.355s step_avg:2150.73ms
step:282/3325 train_time:606.160s step_avg:2149.50ms
step:283/3325 train_time:607.964s step_avg:2148.28ms
step:284/3325 train_time:609.768s step_avg:2147.07ms
step:285/3325 train_time:611.571s step_avg:2145.86ms
step:286/3325 train_time:613.374s step_avg:2144.66ms
step:287/3325 train_time:615.175s step_avg:2143.47ms
step:288/3325 train_time:616.977s step_avg:2142.28ms
step:289/3325 train_time:618.782s step_avg:2141.11ms
step:290/3325 train_time:620.586s step_avg:2139.95ms
step:291/3325 train_time:622.389s step_avg:2138.79ms
step:292/3325 train_time:624.191s step_avg:2137.64ms
step:293/3325 train_time:625.994s step_avg:2136.50ms
step:294/3325 train_time:627.796s step_avg:2135.36ms
step:295/3325 train_time:629.599s step_avg:2134.24ms
step:296/3325 train_time:631.405s step_avg:2133.12ms
step:297/3325 train_time:633.208s step_avg:2132.01ms
step:298/3325 train_time:635.014s step_avg:2130.92ms
step:299/3325 train_time:636.816s step_avg:2129.82ms
step:300/3325 train_time:638.915s step_avg:2129.72ms
step:301/3325 train_time:640.718s step_avg:2128.63ms
step:302/3325 train_time:642.521s step_avg:2127.55ms
step:303/3325 train_time:644.323s step_avg:2126.48ms
step:304/3325 train_time:646.129s step_avg:2125.42ms
step:305/3325 train_time:647.932s step_avg:2124.37ms
step:306/3325 train_time:649.734s step_avg:2123.32ms
step:307/3325 train_time:651.537s step_avg:2122.27ms
step:308/3325 train_time:653.339s step_avg:2121.23ms
step:309/3325 train_time:655.141s step_avg:2120.20ms
step:310/3325 train_time:656.944s step_avg:2119.17ms
step:311/3325 train_time:658.748s step_avg:2118.16ms
step:312/3325 train_time:660.551s step_avg:2117.15ms
step:313/3325 train_time:662.353s step_avg:2116.14ms
step:314/3325 train_time:664.155s step_avg:2115.14ms
step:315/3325 train_time:665.956s step_avg:2114.15ms
step:316/3325 train_time:667.759s step_avg:2113.16ms
step:317/3325 train_time:669.562s step_avg:2112.18ms
step:318/3325 train_time:671.364s step_avg:2111.21ms
step:319/3325 train_time:673.167s step_avg:2110.24ms
step:320/3325 train_time:674.968s step_avg:2109.28ms
step:321/3325 train_time:676.770s step_avg:2108.32ms
step:322/3325 train_time:678.573s step_avg:2107.37ms
step:323/3325 train_time:680.376s step_avg:2106.43ms
step:324/3325 train_time:682.178s step_avg:2105.49ms
step:325/3325 train_time:684.258s step_avg:2105.41ms
step:326/3325 train_time:686.061s step_avg:2104.48ms
step:327/3325 train_time:687.863s step_avg:2103.56ms
step:328/3325 train_time:689.667s step_avg:2102.64ms
step:329/3325 train_time:691.471s step_avg:2101.73ms
step:330/3325 train_time:693.289s step_avg:2100.88ms
step:331/3325 train_time:695.091s step_avg:2099.97ms
step:332/3325 train_time:696.895s step_avg:2099.08ms
step:333/3325 train_time:698.698s step_avg:2098.19ms
step:334/3325 train_time:700.502s step_avg:2097.31ms
step:335/3325 train_time:702.304s step_avg:2096.43ms
step:336/3325 train_time:704.106s step_avg:2095.55ms
step:337/3325 train_time:705.909s step_avg:2094.69ms
step:338/3325 train_time:707.712s step_avg:2093.82ms
step:339/3325 train_time:709.516s step_avg:2092.97ms
step:340/3325 train_time:711.319s step_avg:2092.11ms
step:341/3325 train_time:713.121s step_avg:2091.26ms
step:342/3325 train_time:714.923s step_avg:2090.42ms
step:343/3325 train_time:716.726s step_avg:2089.58ms
step:344/3325 train_time:718.530s step_avg:2088.75ms
step:345/3325 train_time:720.333s step_avg:2087.92ms
step:346/3325 train_time:722.135s step_avg:2087.10ms
step:347/3325 train_time:723.938s step_avg:2086.28ms
step:348/3325 train_time:725.740s step_avg:2085.46ms
step:349/3325 train_time:727.542s step_avg:2084.65ms
step:350/3325 train_time:729.622s step_avg:2084.63ms
step:351/3325 train_time:731.424s step_avg:2083.83ms
step:352/3325 train_time:733.226s step_avg:2083.03ms
step:353/3325 train_time:735.028s step_avg:2082.23ms
step:354/3325 train_time:736.830s step_avg:2081.44ms
step:355/3325 train_time:738.632s step_avg:2080.65ms
step:356/3325 train_time:740.435s step_avg:2079.87ms
step:357/3325 train_time:742.237s step_avg:2079.09ms
step:358/3325 train_time:744.039s step_avg:2078.32ms
step:359/3325 train_time:745.840s step_avg:2077.55ms
step:360/3325 train_time:747.660s step_avg:2076.83ms
step:361/3325 train_time:749.463s step_avg:2076.07ms
step:362/3325 train_time:751.265s step_avg:2075.32ms
step:363/3325 train_time:753.068s step_avg:2074.57ms
step:364/3325 train_time:754.870s step_avg:2073.82ms
step:365/3325 train_time:756.673s step_avg:2073.08ms
step:366/3325 train_time:758.477s step_avg:2072.34ms
step:367/3325 train_time:760.280s step_avg:2071.61ms
step:368/3325 train_time:762.083s step_avg:2070.88ms
step:369/3325 train_time:763.886s step_avg:2070.15ms
step:370/3325 train_time:765.689s step_avg:2069.43ms
step:371/3325 train_time:767.491s step_avg:2068.71ms
step:372/3325 train_time:769.294s step_avg:2068.00ms
step:373/3325 train_time:771.096s step_avg:2067.28ms
step:374/3325 train_time:772.899s step_avg:2066.57ms
step:375/3325 train_time:775.044s step_avg:2066.78ms
step:375/3325 val_loss:3.98771 train_time:775.044s step_avg:1815.04ms
step:376/3325 train_time:776.847s step_avg:2066.08ms
step:377/3325 train_time:778.649s step_avg:2065.38ms
step:378/3325 train_time:780.452s step_avg:2064.69ms
step:379/3325 train_time:782.255s step_avg:2064.00ms
step:380/3325 train_time:784.058s step_avg:2063.31ms
step:381/3325 train_time:785.899s step_avg:2062.73ms
step:382/3325 train_time:787.702s step_avg:2062.05ms
step:383/3325 train_time:789.505s step_avg:2061.37ms
step:384/3325 train_time:791.307s step_avg:2060.70ms
step:385/3325 train_time:793.110s step_avg:2060.03ms
step:386/3325 train_time:794.913s step_avg:2059.36ms
step:387/3325 train_time:796.716s step_avg:2058.70ms
step:388/3325 train_time:798.520s step_avg:2058.04ms
step:389/3325 train_time:800.322s step_avg:2057.38ms
step:390/3325 train_time:802.140s step_avg:2056.77ms
step:391/3325 train_time:803.944s step_avg:2056.12ms
step:392/3325 train_time:805.747s step_avg:2055.48ms
step:393/3325 train_time:807.550s step_avg:2054.83ms
step:394/3325 train_time:809.352s step_avg:2054.19ms
step:395/3325 train_time:811.155s step_avg:2053.56ms
step:396/3325 train_time:812.959s step_avg:2052.93ms
step:397/3325 train_time:814.764s step_avg:2052.30ms
step:398/3325 train_time:816.568s step_avg:2051.68ms
step:399/3325 train_time:818.372s step_avg:2051.06ms
step:400/3325 train_time:820.454s step_avg:2051.14ms
step:401/3325 train_time:822.258s step_avg:2050.52ms
step:402/3325 train_time:824.062s step_avg:2049.91ms
step:403/3325 train_time:825.868s step_avg:2049.30ms
step:404/3325 train_time:827.673s step_avg:2048.70ms
step:405/3325 train_time:829.477s step_avg:2048.09ms
step:406/3325 train_time:831.282s step_avg:2047.49ms
step:407/3325 train_time:833.086s step_avg:2046.89ms
step:408/3325 train_time:834.891s step_avg:2046.30ms
step:409/3325 train_time:836.695s step_avg:2045.71ms
step:410/3325 train_time:838.499s step_avg:2045.12ms
step:411/3325 train_time:840.303s step_avg:2044.53ms
step:412/3325 train_time:842.106s step_avg:2043.95ms
step:413/3325 train_time:843.908s step_avg:2043.36ms
step:414/3325 train_time:845.712s step_avg:2042.78ms
step:415/3325 train_time:847.515s step_avg:2042.20ms
step:416/3325 train_time:849.318s step_avg:2041.63ms
step:417/3325 train_time:851.121s step_avg:2041.06ms
step:418/3325 train_time:852.924s step_avg:2040.49ms
step:419/3325 train_time:854.727s step_avg:2039.92ms
step:420/3325 train_time:856.549s step_avg:2039.40ms
step:421/3325 train_time:858.353s step_avg:2038.84ms
step:422/3325 train_time:860.156s step_avg:2038.29ms
step:423/3325 train_time:861.960s step_avg:2037.73ms
step:424/3325 train_time:863.763s step_avg:2037.18ms
step:425/3325 train_time:865.844s step_avg:2037.28ms
step:426/3325 train_time:867.648s step_avg:2036.73ms
step:427/3325 train_time:869.451s step_avg:2036.18ms
step:428/3325 train_time:871.254s step_avg:2035.64ms
step:429/3325 train_time:873.059s step_avg:2035.10ms
step:430/3325 train_time:874.863s step_avg:2034.56ms
step:431/3325 train_time:876.666s step_avg:2034.03ms
step:432/3325 train_time:878.470s step_avg:2033.50ms
step:433/3325 train_time:880.275s step_avg:2032.97ms
step:434/3325 train_time:882.080s step_avg:2032.44ms
step:435/3325 train_time:883.883s step_avg:2031.92ms
step:436/3325 train_time:885.688s step_avg:2031.39ms
step:437/3325 train_time:887.491s step_avg:2030.87ms
step:438/3325 train_time:889.294s step_avg:2030.35ms
step:439/3325 train_time:891.098s step_avg:2029.84ms
step:440/3325 train_time:892.902s step_avg:2029.32ms
step:441/3325 train_time:894.705s step_avg:2028.81ms
step:442/3325 train_time:896.509s step_avg:2028.30ms
step:443/3325 train_time:898.312s step_avg:2027.79ms
step:444/3325 train_time:900.115s step_avg:2027.29ms
step:445/3325 train_time:901.918s step_avg:2026.78ms
step:446/3325 train_time:903.721s step_avg:2026.28ms
step:447/3325 train_time:905.525s step_avg:2025.78ms
step:448/3325 train_time:907.330s step_avg:2025.29ms
step:449/3325 train_time:909.134s step_avg:2024.80ms
step:450/3325 train_time:911.230s step_avg:2024.96ms
step:451/3325 train_time:913.033s step_avg:2024.46ms
step:452/3325 train_time:914.836s step_avg:2023.97ms
step:453/3325 train_time:916.639s step_avg:2023.48ms
step:454/3325 train_time:918.442s step_avg:2023.00ms
step:455/3325 train_time:920.246s step_avg:2022.52ms
step:456/3325 train_time:922.049s step_avg:2022.04ms
step:457/3325 train_time:923.850s step_avg:2021.55ms
step:458/3325 train_time:925.651s step_avg:2021.07ms
step:459/3325 train_time:927.454s step_avg:2020.60ms
step:460/3325 train_time:929.257s step_avg:2020.12ms
step:461/3325 train_time:931.059s step_avg:2019.65ms
step:462/3325 train_time:932.865s step_avg:2019.19ms
step:463/3325 train_time:934.668s step_avg:2018.72ms
step:464/3325 train_time:936.470s step_avg:2018.25ms
step:465/3325 train_time:938.273s step_avg:2017.79ms
step:466/3325 train_time:940.076s step_avg:2017.33ms
step:467/3325 train_time:941.878s step_avg:2016.87ms
step:468/3325 train_time:943.680s step_avg:2016.41ms
step:469/3325 train_time:945.482s step_avg:2015.95ms
step:470/3325 train_time:947.287s step_avg:2015.50ms
step:471/3325 train_time:949.089s step_avg:2015.05ms
step:472/3325 train_time:950.890s step_avg:2014.60ms
step:473/3325 train_time:952.692s step_avg:2014.15ms
step:474/3325 train_time:954.493s step_avg:2013.70ms
step:475/3325 train_time:956.575s step_avg:2013.84ms
step:476/3325 train_time:958.379s step_avg:2013.40ms
step:477/3325 train_time:960.182s step_avg:2012.96ms
step:478/3325 train_time:961.985s step_avg:2012.52ms
step:479/3325 train_time:963.788s step_avg:2012.08ms
step:480/3325 train_time:965.607s step_avg:2011.68ms
step:481/3325 train_time:967.409s step_avg:2011.25ms
step:482/3325 train_time:969.212s step_avg:2010.81ms
step:483/3325 train_time:971.014s step_avg:2010.38ms
step:484/3325 train_time:972.817s step_avg:2009.95ms
step:485/3325 train_time:974.620s step_avg:2009.53ms
step:486/3325 train_time:976.423s step_avg:2009.10ms
step:487/3325 train_time:978.228s step_avg:2008.68ms
step:488/3325 train_time:980.031s step_avg:2008.26ms
step:489/3325 train_time:981.833s step_avg:2007.84ms
step:490/3325 train_time:983.636s step_avg:2007.42ms
step:491/3325 train_time:985.438s step_avg:2007.00ms
step:492/3325 train_time:987.241s step_avg:2006.59ms
step:493/3325 train_time:989.045s step_avg:2006.18ms
step:494/3325 train_time:990.848s step_avg:2005.76ms
step:495/3325 train_time:992.650s step_avg:2005.35ms
step:496/3325 train_time:994.454s step_avg:2004.95ms
step:497/3325 train_time:996.257s step_avg:2004.54ms
step:498/3325 train_time:998.060s step_avg:2004.14ms
step:499/3325 train_time:999.863s step_avg:2003.73ms
step:500/3325 train_time:1004.643s step_avg:2009.29ms
step:500/3325 val_loss:3.87761 train_time:1004.644s step_avg:1836.80ms
step:501/3325 train_time:1006.447s step_avg:2008.88ms
step:502/3325 train_time:1008.250s step_avg:2008.47ms
step:503/3325 train_time:1010.052s step_avg:2008.05ms
step:504/3325 train_time:1011.853s step_avg:2007.65ms
step:505/3325 train_time:1013.655s step_avg:2007.24ms
step:506/3325 train_time:1015.460s step_avg:2006.84ms
step:507/3325 train_time:1017.262s step_avg:2006.43ms
step:508/3325 train_time:1019.064s step_avg:2006.03ms
step:509/3325 train_time:1020.866s step_avg:2005.63ms
step:510/3325 train_time:1022.685s step_avg:2005.26ms
step:511/3325 train_time:1024.487s step_avg:2004.87ms
step:512/3325 train_time:1026.290s step_avg:2004.47ms
step:513/3325 train_time:1028.092s step_avg:2004.08ms
step:514/3325 train_time:1029.894s step_avg:2003.69ms
step:515/3325 train_time:1031.696s step_avg:2003.29ms
step:516/3325 train_time:1033.499s step_avg:2002.91ms
step:517/3325 train_time:1035.304s step_avg:2002.52ms
step:518/3325 train_time:1037.106s step_avg:2002.14ms
step:519/3325 train_time:1038.909s step_avg:2001.75ms
step:520/3325 train_time:1040.711s step_avg:2001.37ms
step:521/3325 train_time:1042.515s step_avg:2000.99ms
step:522/3325 train_time:1044.318s step_avg:2000.61ms
step:523/3325 train_time:1046.121s step_avg:2000.23ms
step:524/3325 train_time:1047.923s step_avg:1999.85ms
step:525/3325 train_time:1050.004s step_avg:2000.01ms
step:526/3325 train_time:1051.806s step_avg:1999.63ms
step:527/3325 train_time:1053.608s step_avg:1999.26ms
step:528/3325 train_time:1055.411s step_avg:1998.89ms
step:529/3325 train_time:1057.214s step_avg:1998.51ms
step:530/3325 train_time:1059.017s step_avg:1998.14ms
step:531/3325 train_time:1060.819s step_avg:1997.78ms
step:532/3325 train_time:1062.621s step_avg:1997.41ms
step:533/3325 train_time:1064.423s step_avg:1997.04ms
step:534/3325 train_time:1066.225s step_avg:1996.68ms
step:535/3325 train_time:1068.028s step_avg:1996.31ms
step:536/3325 train_time:1069.831s step_avg:1995.95ms
step:537/3325 train_time:1071.633s step_avg:1995.59ms
step:538/3325 train_time:1073.435s step_avg:1995.23ms
step:539/3325 train_time:1075.239s step_avg:1994.88ms
step:540/3325 train_time:1077.058s step_avg:1994.55ms
step:541/3325 train_time:1078.860s step_avg:1994.20ms
step:542/3325 train_time:1080.662s step_avg:1993.84ms
step:543/3325 train_time:1082.463s step_avg:1993.49ms
step:544/3325 train_time:1084.266s step_avg:1993.14ms
step:545/3325 train_time:1086.069s step_avg:1992.79ms
step:546/3325 train_time:1087.873s step_avg:1992.44ms
step:547/3325 train_time:1089.675s step_avg:1992.09ms
step:548/3325 train_time:1091.478s step_avg:1991.75ms
step:549/3325 train_time:1093.279s step_avg:1991.40ms
step:550/3325 train_time:1095.397s step_avg:1991.63ms
step:551/3325 train_time:1097.200s step_avg:1991.29ms
step:552/3325 train_time:1099.004s step_avg:1990.95ms
step:553/3325 train_time:1100.808s step_avg:1990.61ms
step:554/3325 train_time:1102.611s step_avg:1990.27ms
step:555/3325 train_time:1104.414s step_avg:1989.94ms
step:556/3325 train_time:1106.218s step_avg:1989.60ms
step:557/3325 train_time:1108.021s step_avg:1989.27ms
step:558/3325 train_time:1109.824s step_avg:1988.93ms
step:559/3325 train_time:1111.627s step_avg:1988.60ms
step:560/3325 train_time:1113.431s step_avg:1988.27ms
step:561/3325 train_time:1115.236s step_avg:1987.94ms
step:562/3325 train_time:1117.039s step_avg:1987.61ms
step:563/3325 train_time:1118.842s step_avg:1987.29ms
step:564/3325 train_time:1120.645s step_avg:1986.96ms
step:565/3325 train_time:1122.449s step_avg:1986.63ms
step:566/3325 train_time:1124.252s step_avg:1986.31ms
step:567/3325 train_time:1126.055s step_avg:1985.99ms
step:568/3325 train_time:1127.858s step_avg:1985.67ms
step:569/3325 train_time:1129.660s step_avg:1985.34ms
step:570/3325 train_time:1131.480s step_avg:1985.05ms
step:571/3325 train_time:1133.322s step_avg:1984.80ms
step:572/3325 train_time:1135.125s step_avg:1984.48ms
step:573/3325 train_time:1136.928s step_avg:1984.17ms
step:574/3325 train_time:1138.730s step_avg:1983.85ms
step:575/3325 train_time:1140.809s step_avg:1984.02ms
step:576/3325 train_time:1142.612s step_avg:1983.70ms
step:577/3325 train_time:1144.415s step_avg:1983.39ms
step:578/3325 train_time:1146.218s step_avg:1983.08ms
step:579/3325 train_time:1148.020s step_avg:1982.76ms
step:580/3325 train_time:1149.823s step_avg:1982.45ms
step:581/3325 train_time:1151.624s step_avg:1982.14ms
step:582/3325 train_time:1153.427s step_avg:1981.83ms
step:583/3325 train_time:1155.230s step_avg:1981.53ms
step:584/3325 train_time:1157.033s step_avg:1981.22ms
step:585/3325 train_time:1158.835s step_avg:1980.92ms
step:586/3325 train_time:1160.639s step_avg:1980.61ms
step:587/3325 train_time:1162.441s step_avg:1980.31ms
step:588/3325 train_time:1164.244s step_avg:1980.01ms
step:589/3325 train_time:1166.047s step_avg:1979.71ms
step:590/3325 train_time:1167.850s step_avg:1979.41ms
step:591/3325 train_time:1169.654s step_avg:1979.11ms
step:592/3325 train_time:1171.457s step_avg:1978.81ms
step:593/3325 train_time:1173.262s step_avg:1978.52ms
step:594/3325 train_time:1175.067s step_avg:1978.23ms
step:595/3325 train_time:1176.870s step_avg:1977.93ms
step:596/3325 train_time:1178.672s step_avg:1977.64ms
step:597/3325 train_time:1180.475s step_avg:1977.34ms
step:598/3325 train_time:1182.277s step_avg:1977.05ms
step:599/3325 train_time:1184.080s step_avg:1976.76ms
step:600/3325 train_time:1186.176s step_avg:1976.96ms
step:601/3325 train_time:1187.978s step_avg:1976.67ms
step:602/3325 train_time:1189.781s step_avg:1976.38ms
step:603/3325 train_time:1191.583s step_avg:1976.09ms
step:604/3325 train_time:1193.385s step_avg:1975.80ms
step:605/3325 train_time:1195.188s step_avg:1975.52ms
step:606/3325 train_time:1196.991s step_avg:1975.23ms
step:607/3325 train_time:1198.798s step_avg:1974.95ms
step:608/3325 train_time:1200.600s step_avg:1974.67ms
step:609/3325 train_time:1202.404s step_avg:1974.39ms
step:610/3325 train_time:1204.207s step_avg:1974.11ms
step:611/3325 train_time:1206.010s step_avg:1973.83ms
step:612/3325 train_time:1207.814s step_avg:1973.55ms
step:613/3325 train_time:1209.617s step_avg:1973.27ms
step:614/3325 train_time:1211.419s step_avg:1973.00ms
step:615/3325 train_time:1213.223s step_avg:1972.72ms
step:616/3325 train_time:1215.027s step_avg:1972.45ms
step:617/3325 train_time:1216.830s step_avg:1972.17ms
step:618/3325 train_time:1218.633s step_avg:1971.90ms
step:619/3325 train_time:1220.435s step_avg:1971.62ms
step:620/3325 train_time:1222.238s step_avg:1971.35ms
step:621/3325 train_time:1224.040s step_avg:1971.08ms
step:622/3325 train_time:1225.843s step_avg:1970.81ms
step:623/3325 train_time:1227.645s step_avg:1970.54ms
step:624/3325 train_time:1229.449s step_avg:1970.27ms
step:625/3325 train_time:1231.596s step_avg:1970.55ms
step:625/3325 val_loss:3.80427 train_time:1231.596s step_avg:1815.62ms
step:626/3325 train_time:1233.402s step_avg:1970.29ms
step:627/3325 train_time:1235.206s step_avg:1970.03ms
step:628/3325 train_time:1237.009s step_avg:1969.76ms
step:629/3325 train_time:1238.812s step_avg:1969.49ms
step:630/3325 train_time:1240.631s step_avg:1969.25ms
step:631/3325 train_time:1242.433s step_avg:1968.99ms
step:632/3325 train_time:1244.236s step_avg:1968.73ms
step:633/3325 train_time:1246.039s step_avg:1968.47ms
step:634/3325 train_time:1247.841s step_avg:1968.20ms
step:635/3325 train_time:1249.642s step_avg:1967.94ms
step:636/3325 train_time:1251.444s step_avg:1967.68ms
step:637/3325 train_time:1253.247s step_avg:1967.42ms
step:638/3325 train_time:1255.054s step_avg:1967.17ms
step:639/3325 train_time:1256.859s step_avg:1966.92ms
step:640/3325 train_time:1258.661s step_avg:1966.66ms
step:641/3325 train_time:1260.463s step_avg:1966.40ms
step:642/3325 train_time:1262.265s step_avg:1966.15ms
step:643/3325 train_time:1264.068s step_avg:1965.89ms
step:644/3325 train_time:1265.870s step_avg:1965.64ms
step:645/3325 train_time:1267.672s step_avg:1965.38ms
step:646/3325 train_time:1269.476s step_avg:1965.13ms
step:647/3325 train_time:1271.278s step_avg:1964.88ms
step:648/3325 train_time:1273.082s step_avg:1964.63ms
step:649/3325 train_time:1274.884s step_avg:1964.38ms
step:650/3325 train_time:1276.964s step_avg:1964.56ms
step:651/3325 train_time:1278.766s step_avg:1964.31ms
step:652/3325 train_time:1280.567s step_avg:1964.06ms
step:653/3325 train_time:1282.370s step_avg:1963.81ms
step:654/3325 train_time:1284.173s step_avg:1963.57ms
step:655/3325 train_time:1285.975s step_avg:1963.32ms
step:656/3325 train_time:1287.777s step_avg:1963.07ms
step:657/3325 train_time:1289.579s step_avg:1962.83ms
step:658/3325 train_time:1291.381s step_avg:1962.59ms
step:659/3325 train_time:1293.186s step_avg:1962.35ms
step:660/3325 train_time:1295.005s step_avg:1962.13ms
step:661/3325 train_time:1296.807s step_avg:1961.89ms
step:662/3325 train_time:1298.610s step_avg:1961.65ms
step:663/3325 train_time:1300.412s step_avg:1961.41ms
step:664/3325 train_time:1302.215s step_avg:1961.17ms
step:665/3325 train_time:1304.017s step_avg:1960.93ms
step:666/3325 train_time:1305.819s step_avg:1960.69ms
step:667/3325 train_time:1307.621s step_avg:1960.45ms
step:668/3325 train_time:1309.423s step_avg:1960.21ms
step:669/3325 train_time:1311.225s step_avg:1959.98ms
step:670/3325 train_time:1313.028s step_avg:1959.74ms
step:671/3325 train_time:1314.831s step_avg:1959.51ms
step:672/3325 train_time:1316.633s step_avg:1959.28ms
step:673/3325 train_time:1318.435s step_avg:1959.04ms
step:674/3325 train_time:1320.238s step_avg:1958.81ms
step:675/3325 train_time:1322.317s step_avg:1958.99ms
step:676/3325 train_time:1324.119s step_avg:1958.76ms
step:677/3325 train_time:1325.923s step_avg:1958.53ms
step:678/3325 train_time:1327.725s step_avg:1958.30ms
step:679/3325 train_time:1329.529s step_avg:1958.07ms
step:680/3325 train_time:1331.332s step_avg:1957.84ms
step:681/3325 train_time:1333.136s step_avg:1957.62ms
step:682/3325 train_time:1334.939s step_avg:1957.39ms
step:683/3325 train_time:1336.741s step_avg:1957.16ms
step:684/3325 train_time:1338.544s step_avg:1956.94ms
step:685/3325 train_time:1340.346s step_avg:1956.71ms
step:686/3325 train_time:1342.148s step_avg:1956.48ms
step:687/3325 train_time:1343.951s step_avg:1956.26ms
step:688/3325 train_time:1345.754s step_avg:1956.04ms
step:689/3325 train_time:1347.556s step_avg:1955.81ms
step:690/3325 train_time:1349.375s step_avg:1955.62ms
step:691/3325 train_time:1351.176s step_avg:1955.39ms
step:692/3325 train_time:1352.981s step_avg:1955.17ms
step:693/3325 train_time:1354.784s step_avg:1954.96ms
step:694/3325 train_time:1356.587s step_avg:1954.74ms
step:695/3325 train_time:1358.390s step_avg:1954.52ms
step:696/3325 train_time:1360.193s step_avg:1954.30ms
step:697/3325 train_time:1362.006s step_avg:1954.10ms
step:698/3325 train_time:1363.811s step_avg:1953.88ms
step:699/3325 train_time:1365.614s step_avg:1953.67ms
step:700/3325 train_time:1367.694s step_avg:1953.85ms
step:701/3325 train_time:1369.496s step_avg:1953.63ms
step:702/3325 train_time:1371.298s step_avg:1953.42ms
step:703/3325 train_time:1373.102s step_avg:1953.20ms
step:704/3325 train_time:1374.906s step_avg:1952.99ms
step:705/3325 train_time:1376.709s step_avg:1952.78ms
step:706/3325 train_time:1378.512s step_avg:1952.57ms
step:707/3325 train_time:1380.314s step_avg:1952.35ms
step:708/3325 train_time:1382.117s step_avg:1952.14ms
step:709/3325 train_time:1383.920s step_avg:1951.93ms
step:710/3325 train_time:1385.723s step_avg:1951.72ms
step:711/3325 train_time:1387.526s step_avg:1951.51ms
step:712/3325 train_time:1389.328s step_avg:1951.30ms
step:713/3325 train_time:1391.131s step_avg:1951.10ms
step:714/3325 train_time:1392.933s step_avg:1950.89ms
step:715/3325 train_time:1394.736s step_avg:1950.68ms
step:716/3325 train_time:1396.538s step_avg:1950.47ms
step:717/3325 train_time:1398.341s step_avg:1950.27ms
step:718/3325 train_time:1400.143s step_avg:1950.06ms
step:719/3325 train_time:1401.946s step_avg:1949.86ms
step:720/3325 train_time:1403.765s step_avg:1949.67ms
step:721/3325 train_time:1405.567s step_avg:1949.47ms
step:722/3325 train_time:1407.370s step_avg:1949.27ms
step:723/3325 train_time:1409.176s step_avg:1949.07ms
step:724/3325 train_time:1410.979s step_avg:1948.87ms
step:725/3325 train_time:1413.058s step_avg:1949.05ms
step:726/3325 train_time:1414.861s step_avg:1948.84ms
step:727/3325 train_time:1416.664s step_avg:1948.64ms
step:728/3325 train_time:1418.467s step_avg:1948.44ms
step:729/3325 train_time:1420.269s step_avg:1948.24ms
step:730/3325 train_time:1422.071s step_avg:1948.04ms
step:731/3325 train_time:1423.874s step_avg:1947.84ms
step:732/3325 train_time:1425.679s step_avg:1947.65ms
step:733/3325 train_time:1427.481s step_avg:1947.45ms
step:734/3325 train_time:1429.283s step_avg:1947.25ms
step:735/3325 train_time:1431.085s step_avg:1947.05ms
step:736/3325 train_time:1432.886s step_avg:1946.86ms
step:737/3325 train_time:1434.689s step_avg:1946.66ms
step:738/3325 train_time:1436.492s step_avg:1946.47ms
step:739/3325 train_time:1438.294s step_avg:1946.27ms
step:740/3325 train_time:1440.096s step_avg:1946.08ms
step:741/3325 train_time:1441.898s step_avg:1945.88ms
step:742/3325 train_time:1443.701s step_avg:1945.69ms
step:743/3325 train_time:1445.504s step_avg:1945.50ms
step:744/3325 train_time:1447.306s step_avg:1945.30ms
step:745/3325 train_time:1449.107s step_avg:1945.11ms
step:746/3325 train_time:1450.909s step_avg:1944.92ms
step:747/3325 train_time:1452.710s step_avg:1944.73ms
step:748/3325 train_time:1454.513s step_avg:1944.54ms
step:749/3325 train_time:1456.314s step_avg:1944.35ms
step:750/3325 train_time:1458.475s step_avg:1944.63ms
step:750/3325 val_loss:3.77621 train_time:1458.476s step_avg:1815.03ms
step:751/3325 train_time:1460.278s step_avg:1944.44ms
step:752/3325 train_time:1462.081s step_avg:1944.26ms
step:753/3325 train_time:1463.884s step_avg:1944.07ms
step:754/3325 train_time:1465.686s step_avg:1943.88ms
step:755/3325 train_time:1467.488s step_avg:1943.69ms
step:756/3325 train_time:1469.290s step_avg:1943.50ms
step:757/3325 train_time:1471.091s step_avg:1943.32ms
step:758/3325 train_time:1472.894s step_avg:1943.13ms
step:759/3325 train_time:1474.696s step_avg:1942.95ms
step:760/3325 train_time:1476.498s step_avg:1942.76ms
step:761/3325 train_time:1478.336s step_avg:1942.62ms
step:762/3325 train_time:1480.137s step_avg:1942.44ms
step:763/3325 train_time:1481.938s step_avg:1942.25ms
step:764/3325 train_time:1483.740s step_avg:1942.07ms
step:765/3325 train_time:1485.542s step_avg:1941.88ms
step:766/3325 train_time:1487.343s step_avg:1941.70ms
step:767/3325 train_time:1489.144s step_avg:1941.52ms
step:768/3325 train_time:1490.944s step_avg:1941.33ms
step:769/3325 train_time:1492.746s step_avg:1941.15ms
step:770/3325 train_time:1494.548s step_avg:1940.97ms
step:771/3325 train_time:1496.349s step_avg:1940.79ms
step:772/3325 train_time:1498.150s step_avg:1940.61ms
step:773/3325 train_time:1499.952s step_avg:1940.43ms
step:774/3325 train_time:1501.754s step_avg:1940.25ms
step:775/3325 train_time:1503.833s step_avg:1940.43ms
step:776/3325 train_time:1505.635s step_avg:1940.25ms
step:777/3325 train_time:1507.437s step_avg:1940.07ms
step:778/3325 train_time:1509.238s step_avg:1939.89ms
step:779/3325 train_time:1511.040s step_avg:1939.72ms
step:780/3325 train_time:1512.859s step_avg:1939.56ms
step:781/3325 train_time:1514.660s step_avg:1939.39ms
step:782/3325 train_time:1516.463s step_avg:1939.21ms
step:783/3325 train_time:1518.265s step_avg:1939.04ms
step:784/3325 train_time:1520.066s step_avg:1938.86ms
step:785/3325 train_time:1521.869s step_avg:1938.69ms
step:786/3325 train_time:1523.671s step_avg:1938.51ms
step:787/3325 train_time:1525.473s step_avg:1938.34ms
step:788/3325 train_time:1527.275s step_avg:1938.17ms
step:789/3325 train_time:1529.077s step_avg:1937.99ms
step:790/3325 train_time:1530.880s step_avg:1937.82ms
step:791/3325 train_time:1532.682s step_avg:1937.65ms
step:792/3325 train_time:1534.484s step_avg:1937.48ms
step:793/3325 train_time:1536.286s step_avg:1937.31ms
step:794/3325 train_time:1538.089s step_avg:1937.14ms
step:795/3325 train_time:1539.891s step_avg:1936.97ms
step:796/3325 train_time:1541.694s step_avg:1936.80ms
step:797/3325 train_time:1543.496s step_avg:1936.63ms
step:798/3325 train_time:1545.298s step_avg:1936.46ms
step:799/3325 train_time:1547.100s step_avg:1936.30ms
step:800/3325 train_time:1549.178s step_avg:1936.47ms
step:801/3325 train_time:1550.980s step_avg:1936.30ms
step:802/3325 train_time:1552.781s step_avg:1936.14ms
step:803/3325 train_time:1554.583s step_avg:1935.97ms
step:804/3325 train_time:1556.386s step_avg:1935.80ms
step:805/3325 train_time:1558.188s step_avg:1935.64ms
step:806/3325 train_time:1559.991s step_avg:1935.47ms
step:807/3325 train_time:1561.793s step_avg:1935.31ms
step:808/3325 train_time:1563.596s step_avg:1935.14ms
step:809/3325 train_time:1565.397s step_avg:1934.98ms
step:810/3325 train_time:1567.215s step_avg:1934.83ms
step:811/3325 train_time:1569.017s step_avg:1934.67ms
step:812/3325 train_time:1570.819s step_avg:1934.51ms
step:813/3325 train_time:1572.622s step_avg:1934.34ms
step:814/3325 train_time:1574.424s step_avg:1934.18ms
step:815/3325 train_time:1576.226s step_avg:1934.02ms
step:816/3325 train_time:1578.027s step_avg:1933.86ms
step:817/3325 train_time:1579.830s step_avg:1933.70ms
step:818/3325 train_time:1581.633s step_avg:1933.54ms
step:819/3325 train_time:1583.437s step_avg:1933.38ms
step:820/3325 train_time:1585.240s step_avg:1933.22ms
step:821/3325 train_time:1587.043s step_avg:1933.06ms
step:822/3325 train_time:1588.846s step_avg:1932.90ms
step:823/3325 train_time:1590.648s step_avg:1932.74ms
step:824/3325 train_time:1592.452s step_avg:1932.59ms
step:825/3325 train_time:1594.532s step_avg:1932.77ms
step:826/3325 train_time:1596.336s step_avg:1932.61ms
step:827/3325 train_time:1598.138s step_avg:1932.45ms
step:828/3325 train_time:1599.940s step_avg:1932.29ms
step:829/3325 train_time:1601.743s step_avg:1932.14ms
step:830/3325 train_time:1603.545s step_avg:1931.98ms
step:831/3325 train_time:1605.348s step_avg:1931.83ms
step:832/3325 train_time:1607.152s step_avg:1931.67ms
step:833/3325 train_time:1608.955s step_avg:1931.52ms
step:834/3325 train_time:1610.757s step_avg:1931.36ms
step:835/3325 train_time:1612.560s step_avg:1931.21ms
step:836/3325 train_time:1614.363s step_avg:1931.06ms
step:837/3325 train_time:1616.166s step_avg:1930.90ms
step:838/3325 train_time:1617.970s step_avg:1930.75ms
step:839/3325 train_time:1619.773s step_avg:1930.60ms
step:840/3325 train_time:1621.593s step_avg:1930.47ms
step:841/3325 train_time:1623.396s step_avg:1930.32ms
step:842/3325 train_time:1625.200s step_avg:1930.17ms
step:843/3325 train_time:1627.002s step_avg:1930.01ms
step:844/3325 train_time:1628.804s step_avg:1929.86ms
step:845/3325 train_time:1630.607s step_avg:1929.71ms
step:846/3325 train_time:1632.410s step_avg:1929.56ms
step:847/3325 train_time:1634.212s step_avg:1929.41ms
step:848/3325 train_time:1636.015s step_avg:1929.26ms
step:849/3325 train_time:1637.818s step_avg:1929.11ms
step:850/3325 train_time:1639.897s step_avg:1929.29ms
step:851/3325 train_time:1641.701s step_avg:1929.14ms
step:852/3325 train_time:1643.504s step_avg:1929.00ms
step:853/3325 train_time:1645.308s step_avg:1928.85ms
step:854/3325 train_time:1647.110s step_avg:1928.70ms
step:855/3325 train_time:1648.913s step_avg:1928.55ms
step:856/3325 train_time:1650.716s step_avg:1928.41ms
step:857/3325 train_time:1652.519s step_avg:1928.26ms
step:858/3325 train_time:1654.321s step_avg:1928.11ms
step:859/3325 train_time:1656.125s step_avg:1927.97ms
step:860/3325 train_time:1657.928s step_avg:1927.82ms
step:861/3325 train_time:1659.731s step_avg:1927.68ms
step:862/3325 train_time:1661.534s step_avg:1927.53ms
step:863/3325 train_time:1663.337s step_avg:1927.39ms
step:864/3325 train_time:1665.139s step_avg:1927.24ms
step:865/3325 train_time:1666.942s step_avg:1927.10ms
step:866/3325 train_time:1668.745s step_avg:1926.96ms
step:867/3325 train_time:1670.548s step_avg:1926.81ms
step:868/3325 train_time:1672.352s step_avg:1926.67ms
step:869/3325 train_time:1674.155s step_avg:1926.53ms
step:870/3325 train_time:1675.975s step_avg:1926.41ms
step:871/3325 train_time:1677.778s step_avg:1926.27ms
step:872/3325 train_time:1679.581s step_avg:1926.13ms
step:873/3325 train_time:1681.385s step_avg:1925.98ms
step:874/3325 train_time:1683.187s step_avg:1925.84ms
step:875/3325 train_time:1685.334s step_avg:1926.10ms
step:875/3325 val_loss:3.71986 train_time:1685.335s step_avg:1814.87ms
step:876/3325 train_time:1687.138s step_avg:1925.96ms
step:877/3325 train_time:1688.942s step_avg:1925.82ms
step:878/3325 train_time:1690.746s step_avg:1925.68ms
step:879/3325 train_time:1692.550s step_avg:1925.54ms
step:880/3325 train_time:1694.353s step_avg:1925.40ms
step:881/3325 train_time:1696.155s step_avg:1925.26ms
step:882/3325 train_time:1697.959s step_avg:1925.12ms
step:883/3325 train_time:1699.761s step_avg:1924.98ms
step:884/3325 train_time:1701.565s step_avg:1924.85ms
step:885/3325 train_time:1703.368s step_avg:1924.71ms
step:886/3325 train_time:1705.171s step_avg:1924.57ms
step:887/3325 train_time:1706.974s step_avg:1924.44ms
step:888/3325 train_time:1708.778s step_avg:1924.30ms
step:889/3325 train_time:1710.581s step_avg:1924.16ms
step:890/3325 train_time:1712.384s step_avg:1924.03ms
step:891/3325 train_time:1714.188s step_avg:1923.89ms
step:892/3325 train_time:1715.991s step_avg:1923.76ms
step:893/3325 train_time:1717.793s step_avg:1923.62ms
step:894/3325 train_time:1719.596s step_avg:1923.48ms
step:895/3325 train_time:1721.398s step_avg:1923.35ms
step:896/3325 train_time:1723.202s step_avg:1923.22ms
step:897/3325 train_time:1725.004s step_avg:1923.08ms
step:898/3325 train_time:1726.807s step_avg:1922.95ms
step:899/3325 train_time:1728.610s step_avg:1922.81ms
step:900/3325 train_time:1730.707s step_avg:1923.01ms
step:901/3325 train_time:1732.510s step_avg:1922.87ms
step:902/3325 train_time:1734.313s step_avg:1922.74ms
step:903/3325 train_time:1736.116s step_avg:1922.61ms
step:904/3325 train_time:1737.920s step_avg:1922.48ms
step:905/3325 train_time:1739.723s step_avg:1922.35ms
step:906/3325 train_time:1741.526s step_avg:1922.21ms
step:907/3325 train_time:1743.329s step_avg:1922.08ms
step:908/3325 train_time:1745.131s step_avg:1921.95ms
step:909/3325 train_time:1746.934s step_avg:1921.82ms
step:910/3325 train_time:1748.737s step_avg:1921.69ms
step:911/3325 train_time:1750.540s step_avg:1921.56ms
step:912/3325 train_time:1752.342s step_avg:1921.43ms
step:913/3325 train_time:1754.145s step_avg:1921.30ms
step:914/3325 train_time:1755.949s step_avg:1921.17ms
step:915/3325 train_time:1757.751s step_avg:1921.04ms
step:916/3325 train_time:1759.554s step_avg:1920.91ms
step:917/3325 train_time:1761.356s step_avg:1920.78ms
step:918/3325 train_time:1763.159s step_avg:1920.65ms
step:919/3325 train_time:1764.962s step_avg:1920.52ms
step:920/3325 train_time:1766.765s step_avg:1920.40ms
step:921/3325 train_time:1768.567s step_avg:1920.27ms
step:922/3325 train_time:1770.371s step_avg:1920.14ms
step:923/3325 train_time:1772.177s step_avg:1920.02ms
step:924/3325 train_time:1773.981s step_avg:1919.89ms
step:925/3325 train_time:1776.063s step_avg:1920.07ms
step:926/3325 train_time:1777.865s step_avg:1919.94ms
step:927/3325 train_time:1779.671s step_avg:1919.82ms
step:928/3325 train_time:1781.474s step_avg:1919.69ms
step:929/3325 train_time:1783.277s step_avg:1919.57ms
step:930/3325 train_time:1785.095s step_avg:1919.46ms
step:931/3325 train_time:1786.898s step_avg:1919.33ms
step:932/3325 train_time:1788.700s step_avg:1919.21ms
step:933/3325 train_time:1790.504s step_avg:1919.08ms
step:934/3325 train_time:1792.307s step_avg:1918.96ms
step:935/3325 train_time:1794.109s step_avg:1918.83ms
step:936/3325 train_time:1795.912s step_avg:1918.71ms
step:937/3325 train_time:1797.718s step_avg:1918.59ms
step:938/3325 train_time:1799.521s step_avg:1918.47ms
step:939/3325 train_time:1801.324s step_avg:1918.34ms
step:940/3325 train_time:1803.126s step_avg:1918.22ms
step:941/3325 train_time:1804.928s step_avg:1918.10ms
step:942/3325 train_time:1806.731s step_avg:1917.97ms
step:943/3325 train_time:1808.534s step_avg:1917.85ms
step:944/3325 train_time:1810.338s step_avg:1917.73ms
step:945/3325 train_time:1812.140s step_avg:1917.61ms
step:946/3325 train_time:1813.943s step_avg:1917.49ms
step:947/3325 train_time:1815.745s step_avg:1917.37ms
step:948/3325 train_time:1817.547s step_avg:1917.24ms
step:949/3325 train_time:1819.349s step_avg:1917.12ms
step:950/3325 train_time:1821.430s step_avg:1917.29ms
step:951/3325 train_time:1823.268s step_avg:1917.21ms
step:952/3325 train_time:1825.071s step_avg:1917.09ms
step:953/3325 train_time:1826.873s step_avg:1916.97ms
step:954/3325 train_time:1828.674s step_avg:1916.85ms
step:955/3325 train_time:1830.476s step_avg:1916.73ms
step:956/3325 train_time:1832.280s step_avg:1916.61ms
step:957/3325 train_time:1834.082s step_avg:1916.49ms
step:958/3325 train_time:1835.884s step_avg:1916.37ms
step:959/3325 train_time:1837.686s step_avg:1916.25ms
step:960/3325 train_time:1839.504s step_avg:1916.15ms
step:961/3325 train_time:1841.307s step_avg:1916.03ms
step:962/3325 train_time:1843.111s step_avg:1915.92ms
step:963/3325 train_time:1844.914s step_avg:1915.80ms
step:964/3325 train_time:1846.718s step_avg:1915.68ms
step:965/3325 train_time:1848.521s step_avg:1915.57ms
step:966/3325 train_time:1850.325s step_avg:1915.45ms
step:967/3325 train_time:1852.129s step_avg:1915.33ms
step:968/3325 train_time:1853.934s step_avg:1915.22ms
step:969/3325 train_time:1855.738s step_avg:1915.11ms
step:970/3325 train_time:1857.540s step_avg:1914.99ms
step:971/3325 train_time:1859.343s step_avg:1914.87ms
step:972/3325 train_time:1861.146s step_avg:1914.76ms
step:973/3325 train_time:1862.950s step_avg:1914.65ms
step:974/3325 train_time:1864.753s step_avg:1914.53ms
step:975/3325 train_time:1866.832s step_avg:1914.70ms
step:976/3325 train_time:1868.634s step_avg:1914.58ms
step:977/3325 train_time:1870.437s step_avg:1914.47ms
step:978/3325 train_time:1872.239s step_avg:1914.35ms
step:979/3325 train_time:1874.041s step_avg:1914.24ms
step:980/3325 train_time:1875.844s step_avg:1914.13ms
step:981/3325 train_time:1877.646s step_avg:1914.01ms
step:982/3325 train_time:1879.448s step_avg:1913.90ms
step:983/3325 train_time:1881.250s step_avg:1913.78ms
step:984/3325 train_time:1883.053s step_avg:1913.67ms
step:985/3325 train_time:1884.855s step_avg:1913.56ms
step:986/3325 train_time:1886.657s step_avg:1913.45ms
step:987/3325 train_time:1888.459s step_avg:1913.33ms
step:988/3325 train_time:1890.262s step_avg:1913.22ms
step:989/3325 train_time:1892.064s step_avg:1913.11ms
step:990/3325 train_time:1893.882s step_avg:1913.01ms
step:991/3325 train_time:1895.686s step_avg:1912.90ms
step:992/3325 train_time:1897.492s step_avg:1912.79ms
step:993/3325 train_time:1899.295s step_avg:1912.68ms
step:994/3325 train_time:1901.098s step_avg:1912.57ms
step:995/3325 train_time:1902.901s step_avg:1912.46ms
step:996/3325 train_time:1904.705s step_avg:1912.35ms
step:997/3325 train_time:1906.508s step_avg:1912.24ms
step:998/3325 train_time:1908.311s step_avg:1912.14ms
step:999/3325 train_time:1910.115s step_avg:1912.03ms
step:1000/3325 train_time:1914.890s step_avg:1914.89ms
step:1000/3325 val_loss:3.67551 train_time:1914.890s step_avg:1836.44ms
step:1001/3325 train_time:1916.701s step_avg:1914.79ms
step:1002/3325 train_time:1918.505s step_avg:1914.68ms
step:1003/3325 train_time:1920.309s step_avg:1914.57ms
step:1004/3325 train_time:1922.111s step_avg:1914.45ms
step:1005/3325 train_time:1923.914s step_avg:1914.34ms
step:1006/3325 train_time:1925.718s step_avg:1914.23ms
step:1007/3325 train_time:1927.521s step_avg:1914.12ms
step:1008/3325 train_time:1929.325s step_avg:1914.01ms
step:1009/3325 train_time:1931.128s step_avg:1913.90ms
step:1010/3325 train_time:1932.932s step_avg:1913.79ms
step:1011/3325 train_time:1934.736s step_avg:1913.69ms
step:1012/3325 train_time:1936.539s step_avg:1913.58ms
step:1013/3325 train_time:1938.342s step_avg:1913.47ms
step:1014/3325 train_time:1940.145s step_avg:1913.36ms
step:1015/3325 train_time:1941.950s step_avg:1913.25ms
step:1016/3325 train_time:1943.753s step_avg:1913.14ms
step:1017/3325 train_time:1945.555s step_avg:1913.03ms
step:1018/3325 train_time:1947.359s step_avg:1912.93ms
step:1019/3325 train_time:1949.162s step_avg:1912.82ms
step:1020/3325 train_time:1950.983s step_avg:1912.73ms
step:1021/3325 train_time:1952.786s step_avg:1912.62ms
step:1022/3325 train_time:1954.589s step_avg:1912.51ms
step:1023/3325 train_time:1956.392s step_avg:1912.41ms
step:1024/3325 train_time:1958.196s step_avg:1912.30ms
step:1025/3325 train_time:1960.277s step_avg:1912.47ms
step:1026/3325 train_time:1962.080s step_avg:1912.36ms
step:1027/3325 train_time:1963.882s step_avg:1912.25ms
step:1028/3325 train_time:1965.685s step_avg:1912.14ms
step:1029/3325 train_time:1967.488s step_avg:1912.04ms
step:1030/3325 train_time:1969.291s step_avg:1911.93ms
step:1031/3325 train_time:1971.093s step_avg:1911.83ms
step:1032/3325 train_time:1972.895s step_avg:1911.72ms
step:1033/3325 train_time:1974.698s step_avg:1911.61ms
step:1034/3325 train_time:1976.501s step_avg:1911.51ms
step:1035/3325 train_time:1978.305s step_avg:1911.41ms
step:1036/3325 train_time:1980.109s step_avg:1911.30ms
step:1037/3325 train_time:1981.913s step_avg:1911.20ms
step:1038/3325 train_time:1983.716s step_avg:1911.09ms
step:1039/3325 train_time:1985.518s step_avg:1910.99ms
step:1040/3325 train_time:1987.321s step_avg:1910.89ms
step:1041/3325 train_time:1989.125s step_avg:1910.78ms
step:1042/3325 train_time:1990.929s step_avg:1910.68ms
step:1043/3325 train_time:1992.732s step_avg:1910.58ms
step:1044/3325 train_time:1994.535s step_avg:1910.47ms
step:1045/3325 train_time:1996.338s step_avg:1910.37ms
step:1046/3325 train_time:1998.142s step_avg:1910.27ms
step:1047/3325 train_time:1999.945s step_avg:1910.17ms
step:1048/3325 train_time:2001.749s step_avg:1910.07ms
step:1049/3325 train_time:2003.554s step_avg:1909.97ms
step:1050/3325 train_time:2005.654s step_avg:1910.15ms
step:1051/3325 train_time:2007.456s step_avg:1910.04ms
step:1052/3325 train_time:2009.259s step_avg:1909.94ms
step:1053/3325 train_time:2011.061s step_avg:1909.84ms
step:1054/3325 train_time:2012.864s step_avg:1909.74ms
step:1055/3325 train_time:2014.668s step_avg:1909.64ms
step:1056/3325 train_time:2016.471s step_avg:1909.54ms
step:1057/3325 train_time:2018.275s step_avg:1909.44ms
step:1058/3325 train_time:2020.078s step_avg:1909.34ms
step:1059/3325 train_time:2021.881s step_avg:1909.24ms
step:1060/3325 train_time:2023.684s step_avg:1909.14ms
step:1061/3325 train_time:2025.487s step_avg:1909.04ms
step:1062/3325 train_time:2027.290s step_avg:1908.94ms
step:1063/3325 train_time:2029.093s step_avg:1908.84ms
step:1064/3325 train_time:2030.897s step_avg:1908.74ms
step:1065/3325 train_time:2032.699s step_avg:1908.64ms
step:1066/3325 train_time:2034.502s step_avg:1908.54ms
step:1067/3325 train_time:2036.306s step_avg:1908.44ms
step:1068/3325 train_time:2038.111s step_avg:1908.34ms
step:1069/3325 train_time:2039.915s step_avg:1908.25ms
step:1070/3325 train_time:2041.718s step_avg:1908.15ms
step:1071/3325 train_time:2043.521s step_avg:1908.05ms
step:1072/3325 train_time:2045.323s step_avg:1907.95ms
step:1073/3325 train_time:2047.126s step_avg:1907.85ms
step:1074/3325 train_time:2048.929s step_avg:1907.75ms
step:1075/3325 train_time:2051.008s step_avg:1907.91ms
step:1076/3325 train_time:2052.811s step_avg:1907.82ms
step:1077/3325 train_time:2054.613s step_avg:1907.72ms
step:1078/3325 train_time:2056.415s step_avg:1907.62ms
step:1079/3325 train_time:2058.222s step_avg:1907.53ms
step:1080/3325 train_time:2060.042s step_avg:1907.45ms
step:1081/3325 train_time:2061.844s step_avg:1907.35ms
step:1082/3325 train_time:2063.648s step_avg:1907.25ms
step:1083/3325 train_time:2065.450s step_avg:1907.16ms
step:1084/3325 train_time:2067.252s step_avg:1907.06ms
step:1085/3325 train_time:2069.055s step_avg:1906.96ms
step:1086/3325 train_time:2070.858s step_avg:1906.87ms
step:1087/3325 train_time:2072.661s step_avg:1906.77ms
step:1088/3325 train_time:2074.464s step_avg:1906.68ms
step:1089/3325 train_time:2076.267s step_avg:1906.58ms
step:1090/3325 train_time:2078.070s step_avg:1906.49ms
step:1091/3325 train_time:2079.873s step_avg:1906.39ms
step:1092/3325 train_time:2081.675s step_avg:1906.30ms
step:1093/3325 train_time:2083.477s step_avg:1906.20ms
step:1094/3325 train_time:2085.280s step_avg:1906.11ms
step:1095/3325 train_time:2087.081s step_avg:1906.01ms
step:1096/3325 train_time:2088.884s step_avg:1905.92ms
step:1097/3325 train_time:2090.687s step_avg:1905.82ms
step:1098/3325 train_time:2092.490s step_avg:1905.73ms
step:1099/3325 train_time:2094.292s step_avg:1905.63ms
step:1100/3325 train_time:2096.372s step_avg:1905.79ms
step:1101/3325 train_time:2098.175s step_avg:1905.70ms
step:1102/3325 train_time:2099.979s step_avg:1905.61ms
step:1103/3325 train_time:2101.782s step_avg:1905.51ms
step:1104/3325 train_time:2103.585s step_avg:1905.42ms
step:1105/3325 train_time:2105.388s step_avg:1905.33ms
step:1106/3325 train_time:2107.190s step_avg:1905.24ms
step:1107/3325 train_time:2108.993s step_avg:1905.14ms
step:1108/3325 train_time:2110.796s step_avg:1905.05ms
step:1109/3325 train_time:2112.598s step_avg:1904.96ms
step:1110/3325 train_time:2114.417s step_avg:1904.88ms
step:1111/3325 train_time:2116.220s step_avg:1904.79ms
step:1112/3325 train_time:2118.022s step_avg:1904.70ms
step:1113/3325 train_time:2119.825s step_avg:1904.60ms
step:1114/3325 train_time:2121.629s step_avg:1904.51ms
step:1115/3325 train_time:2123.431s step_avg:1904.42ms
step:1116/3325 train_time:2125.235s step_avg:1904.33ms
step:1117/3325 train_time:2127.037s step_avg:1904.24ms
step:1118/3325 train_time:2128.839s step_avg:1904.15ms
step:1119/3325 train_time:2130.643s step_avg:1904.06ms
step:1120/3325 train_time:2132.445s step_avg:1903.97ms
step:1121/3325 train_time:2134.249s step_avg:1903.88ms
step:1122/3325 train_time:2136.052s step_avg:1903.79ms
step:1123/3325 train_time:2137.854s step_avg:1903.70ms
step:1124/3325 train_time:2139.656s step_avg:1903.61ms
step:1125/3325 train_time:2141.799s step_avg:1903.82ms
step:1125/3325 val_loss:3.64282 train_time:2141.800s step_avg:1815.28ms
step:1126/3325 train_time:2143.603s step_avg:1903.73ms
step:1127/3325 train_time:2145.405s step_avg:1903.64ms
step:1128/3325 train_time:2147.208s step_avg:1903.55ms
step:1129/3325 train_time:2149.010s step_avg:1903.46ms
step:1130/3325 train_time:2150.813s step_avg:1903.37ms
step:1131/3325 train_time:2152.615s step_avg:1903.28ms
step:1132/3325 train_time:2154.418s step_avg:1903.20ms
step:1133/3325 train_time:2156.220s step_avg:1903.11ms
step:1134/3325 train_time:2158.023s step_avg:1903.02ms
step:1135/3325 train_time:2159.825s step_avg:1902.93ms
step:1136/3325 train_time:2161.628s step_avg:1902.84ms
step:1137/3325 train_time:2163.429s step_avg:1902.75ms
step:1138/3325 train_time:2165.231s step_avg:1902.66ms
step:1139/3325 train_time:2167.034s step_avg:1902.58ms
step:1140/3325 train_time:2168.852s step_avg:1902.50ms
step:1141/3325 train_time:2170.693s step_avg:1902.45ms
step:1142/3325 train_time:2172.494s step_avg:1902.36ms
step:1143/3325 train_time:2174.296s step_avg:1902.27ms
step:1144/3325 train_time:2176.098s step_avg:1902.18ms
step:1145/3325 train_time:2177.901s step_avg:1902.10ms
step:1146/3325 train_time:2179.704s step_avg:1902.01ms
step:1147/3325 train_time:2181.506s step_avg:1901.92ms
step:1148/3325 train_time:2183.309s step_avg:1901.84ms
step:1149/3325 train_time:2185.112s step_avg:1901.75ms
step:1150/3325 train_time:2187.190s step_avg:1901.90ms
step:1151/3325 train_time:2188.991s step_avg:1901.82ms
step:1152/3325 train_time:2190.792s step_avg:1901.73ms
step:1153/3325 train_time:2192.594s step_avg:1901.64ms
step:1154/3325 train_time:2194.395s step_avg:1901.56ms
step:1155/3325 train_time:2196.197s step_avg:1901.47ms
step:1156/3325 train_time:2197.999s step_avg:1901.38ms
step:1157/3325 train_time:2199.801s step_avg:1901.30ms
step:1158/3325 train_time:2201.602s step_avg:1901.21ms
step:1159/3325 train_time:2203.403s step_avg:1901.12ms
step:1160/3325 train_time:2205.205s step_avg:1901.04ms
step:1161/3325 train_time:2207.008s step_avg:1900.95ms
step:1162/3325 train_time:2208.810s step_avg:1900.87ms
step:1163/3325 train_time:2210.612s step_avg:1900.78ms
step:1164/3325 train_time:2212.415s step_avg:1900.70ms
step:1165/3325 train_time:2214.217s step_avg:1900.62ms
step:1166/3325 train_time:2216.019s step_avg:1900.53ms
step:1167/3325 train_time:2217.821s step_avg:1900.45ms
step:1168/3325 train_time:2219.625s step_avg:1900.36ms
step:1169/3325 train_time:2221.427s step_avg:1900.28ms
step:1170/3325 train_time:2223.245s step_avg:1900.21ms
step:1171/3325 train_time:2225.047s step_avg:1900.13ms
step:1172/3325 train_time:2226.850s step_avg:1900.04ms
step:1173/3325 train_time:2228.652s step_avg:1899.96ms
step:1174/3325 train_time:2230.453s step_avg:1899.88ms
step:1175/3325 train_time:2232.536s step_avg:1900.03ms
step:1176/3325 train_time:2234.338s step_avg:1899.95ms
step:1177/3325 train_time:2236.140s step_avg:1899.86ms
step:1178/3325 train_time:2237.943s step_avg:1899.78ms
step:1179/3325 train_time:2239.746s step_avg:1899.70ms
step:1180/3325 train_time:2241.548s step_avg:1899.62ms
step:1181/3325 train_time:2243.351s step_avg:1899.54ms
step:1182/3325 train_time:2245.154s step_avg:1899.45ms
step:1183/3325 train_time:2246.956s step_avg:1899.37ms
step:1184/3325 train_time:2248.758s step_avg:1899.29ms
step:1185/3325 train_time:2250.560s step_avg:1899.21ms
step:1186/3325 train_time:2252.363s step_avg:1899.13ms
step:1187/3325 train_time:2254.165s step_avg:1899.04ms
step:1188/3325 train_time:2255.968s step_avg:1898.96ms
step:1189/3325 train_time:2257.771s step_avg:1898.88ms
step:1190/3325 train_time:2259.574s step_avg:1898.80ms
step:1191/3325 train_time:2261.376s step_avg:1898.72ms
step:1192/3325 train_time:2263.178s step_avg:1898.64ms
step:1193/3325 train_time:2264.981s step_avg:1898.56ms
step:1194/3325 train_time:2266.784s step_avg:1898.48ms
step:1195/3325 train_time:2268.588s step_avg:1898.40ms
step:1196/3325 train_time:2270.391s step_avg:1898.32ms
step:1197/3325 train_time:2272.193s step_avg:1898.24ms
step:1198/3325 train_time:2273.995s step_avg:1898.16ms
step:1199/3325 train_time:2275.798s step_avg:1898.08ms
step:1200/3325 train_time:2277.895s step_avg:1898.25ms
step:1201/3325 train_time:2279.697s step_avg:1898.17ms
step:1202/3325 train_time:2281.499s step_avg:1898.09ms
step:1203/3325 train_time:2283.301s step_avg:1898.01ms
step:1204/3325 train_time:2285.103s step_avg:1897.93ms
step:1205/3325 train_time:2286.909s step_avg:1897.85ms
step:1206/3325 train_time:2288.712s step_avg:1897.77ms
step:1207/3325 train_time:2290.514s step_avg:1897.69ms
step:1208/3325 train_time:2292.317s step_avg:1897.61ms
step:1209/3325 train_time:2294.120s step_avg:1897.54ms
step:1210/3325 train_time:2295.922s step_avg:1897.46ms
step:1211/3325 train_time:2297.726s step_avg:1897.38ms
step:1212/3325 train_time:2299.530s step_avg:1897.30ms
step:1213/3325 train_time:2301.332s step_avg:1897.22ms
step:1214/3325 train_time:2303.135s step_avg:1897.15ms
step:1215/3325 train_time:2304.937s step_avg:1897.07ms
step:1216/3325 train_time:2306.742s step_avg:1896.99ms
step:1217/3325 train_time:2308.545s step_avg:1896.91ms
step:1218/3325 train_time:2310.348s step_avg:1896.84ms
step:1219/3325 train_time:2312.151s step_avg:1896.76ms
step:1220/3325 train_time:2313.953s step_avg:1896.68ms
step:1221/3325 train_time:2315.755s step_avg:1896.61ms
step:1222/3325 train_time:2317.558s step_avg:1896.53ms
step:1223/3325 train_time:2319.361s step_avg:1896.45ms
step:1224/3325 train_time:2321.163s step_avg:1896.37ms
step:1225/3325 train_time:2323.245s step_avg:1896.53ms
step:1226/3325 train_time:2325.047s step_avg:1896.45ms
step:1227/3325 train_time:2326.851s step_avg:1896.37ms
step:1228/3325 train_time:2328.654s step_avg:1896.30ms
step:1229/3325 train_time:2330.457s step_avg:1896.22ms
step:1230/3325 train_time:2332.276s step_avg:1896.16ms
step:1231/3325 train_time:2334.078s step_avg:1896.08ms
step:1232/3325 train_time:2335.881s step_avg:1896.01ms
step:1233/3325 train_time:2337.684s step_avg:1895.93ms
step:1234/3325 train_time:2339.486s step_avg:1895.86ms
step:1235/3325 train_time:2341.289s step_avg:1895.78ms
step:1236/3325 train_time:2343.091s step_avg:1895.70ms
step:1237/3325 train_time:2344.894s step_avg:1895.63ms
step:1238/3325 train_time:2346.697s step_avg:1895.55ms
step:1239/3325 train_time:2348.500s step_avg:1895.48ms
step:1240/3325 train_time:2350.302s step_avg:1895.41ms
step:1241/3325 train_time:2352.105s step_avg:1895.33ms
step:1242/3325 train_time:2353.909s step_avg:1895.26ms
step:1243/3325 train_time:2355.711s step_avg:1895.18ms
step:1244/3325 train_time:2357.513s step_avg:1895.11ms
step:1245/3325 train_time:2359.316s step_avg:1895.03ms
step:1246/3325 train_time:2361.118s step_avg:1894.96ms
step:1247/3325 train_time:2362.921s step_avg:1894.88ms
step:1248/3325 train_time:2364.724s step_avg:1894.81ms
step:1249/3325 train_time:2366.526s step_avg:1894.74ms
step:1250/3325 train_time:2368.672s step_avg:1894.94ms
step:1250/3325 val_loss:3.60658 train_time:2368.673s step_avg:1814.98ms
step:1251/3325 train_time:2370.476s step_avg:1894.86ms
step:1252/3325 train_time:2372.279s step_avg:1894.79ms
step:1253/3325 train_time:2374.081s step_avg:1894.72ms
step:1254/3325 train_time:2375.884s step_avg:1894.64ms
step:1255/3325 train_time:2377.686s step_avg:1894.57ms
step:1256/3325 train_time:2379.489s step_avg:1894.50ms
step:1257/3325 train_time:2381.292s step_avg:1894.42ms
step:1258/3325 train_time:2383.097s step_avg:1894.35ms
step:1259/3325 train_time:2384.902s step_avg:1894.28ms
step:1260/3325 train_time:2386.721s step_avg:1894.22ms
step:1261/3325 train_time:2388.524s step_avg:1894.15ms
step:1262/3325 train_time:2390.326s step_avg:1894.08ms
step:1263/3325 train_time:2392.129s step_avg:1894.01ms
step:1264/3325 train_time:2393.932s step_avg:1893.93ms
step:1265/3325 train_time:2395.736s step_avg:1893.86ms
step:1266/3325 train_time:2397.539s step_avg:1893.79ms
step:1267/3325 train_time:2399.341s step_avg:1893.72ms
step:1268/3325 train_time:2401.145s step_avg:1893.65ms
step:1269/3325 train_time:2402.947s step_avg:1893.58ms
step:1270/3325 train_time:2404.751s step_avg:1893.50ms
step:1271/3325 train_time:2406.554s step_avg:1893.43ms
step:1272/3325 train_time:2408.357s step_avg:1893.36ms
step:1273/3325 train_time:2410.160s step_avg:1893.29ms
step:1274/3325 train_time:2411.963s step_avg:1893.22ms
step:1275/3325 train_time:2414.043s step_avg:1893.37ms
step:1276/3325 train_time:2415.845s step_avg:1893.30ms
step:1277/3325 train_time:2417.648s step_avg:1893.22ms
step:1278/3325 train_time:2419.451s step_avg:1893.15ms
step:1279/3325 train_time:2421.254s step_avg:1893.08ms
step:1280/3325 train_time:2423.057s step_avg:1893.01ms
step:1281/3325 train_time:2424.862s step_avg:1892.94ms
step:1282/3325 train_time:2426.665s step_avg:1892.87ms
step:1283/3325 train_time:2428.468s step_avg:1892.80ms
step:1284/3325 train_time:2430.273s step_avg:1892.74ms
step:1285/3325 train_time:2432.076s step_avg:1892.67ms
step:1286/3325 train_time:2433.878s step_avg:1892.60ms
step:1287/3325 train_time:2435.682s step_avg:1892.53ms
step:1288/3325 train_time:2437.485s step_avg:1892.46ms
step:1289/3325 train_time:2439.288s step_avg:1892.39ms
step:1290/3325 train_time:2441.108s step_avg:1892.33ms
step:1291/3325 train_time:2442.912s step_avg:1892.26ms
step:1292/3325 train_time:2444.718s step_avg:1892.20ms
step:1293/3325 train_time:2446.523s step_avg:1892.13ms
step:1294/3325 train_time:2448.327s step_avg:1892.06ms
step:1295/3325 train_time:2450.131s step_avg:1891.99ms
step:1296/3325 train_time:2451.935s step_avg:1891.93ms
step:1297/3325 train_time:2453.740s step_avg:1891.86ms
step:1298/3325 train_time:2455.544s step_avg:1891.79ms
step:1299/3325 train_time:2457.348s step_avg:1891.72ms
step:1300/3325 train_time:2459.435s step_avg:1891.87ms
step:1301/3325 train_time:2461.239s step_avg:1891.81ms
step:1302/3325 train_time:2463.044s step_avg:1891.74ms
step:1303/3325 train_time:2464.849s step_avg:1891.67ms
step:1304/3325 train_time:2466.654s step_avg:1891.61ms
step:1305/3325 train_time:2468.460s step_avg:1891.54ms
step:1306/3325 train_time:2470.263s step_avg:1891.47ms
step:1307/3325 train_time:2472.068s step_avg:1891.41ms
step:1308/3325 train_time:2473.872s step_avg:1891.34ms
step:1309/3325 train_time:2475.676s step_avg:1891.27ms
step:1310/3325 train_time:2477.482s step_avg:1891.21ms
step:1311/3325 train_time:2479.286s step_avg:1891.14ms
step:1312/3325 train_time:2481.090s step_avg:1891.07ms
step:1313/3325 train_time:2482.894s step_avg:1891.01ms
step:1314/3325 train_time:2484.699s step_avg:1890.94ms
step:1315/3325 train_time:2486.503s step_avg:1890.88ms
step:1316/3325 train_time:2488.309s step_avg:1890.81ms
step:1317/3325 train_time:2490.112s step_avg:1890.75ms
step:1318/3325 train_time:2491.915s step_avg:1890.68ms
step:1319/3325 train_time:2493.720s step_avg:1890.61ms
step:1320/3325 train_time:2495.542s step_avg:1890.56ms
step:1321/3325 train_time:2497.346s step_avg:1890.50ms
step:1322/3325 train_time:2499.150s step_avg:1890.43ms
step:1323/3325 train_time:2500.954s step_avg:1890.37ms
step:1324/3325 train_time:2502.757s step_avg:1890.30ms
step:1325/3325 train_time:2504.841s step_avg:1890.45ms
step:1326/3325 train_time:2506.644s step_avg:1890.38ms
step:1327/3325 train_time:2508.447s step_avg:1890.31ms
step:1328/3325 train_time:2510.254s step_avg:1890.25ms
step:1329/3325 train_time:2512.057s step_avg:1890.19ms
step:1330/3325 train_time:2513.861s step_avg:1890.12ms
step:1331/3325 train_time:2515.699s step_avg:1890.08ms
step:1332/3325 train_time:2517.502s step_avg:1890.02ms
step:1333/3325 train_time:2519.304s step_avg:1889.95ms
step:1334/3325 train_time:2521.107s step_avg:1889.89ms
step:1335/3325 train_time:2522.909s step_avg:1889.82ms
step:1336/3325 train_time:2524.712s step_avg:1889.75ms
step:1337/3325 train_time:2526.516s step_avg:1889.69ms
step:1338/3325 train_time:2528.318s step_avg:1889.62ms
step:1339/3325 train_time:2530.121s step_avg:1889.56ms
step:1340/3325 train_time:2531.923s step_avg:1889.50ms
step:1341/3325 train_time:2533.726s step_avg:1889.43ms
step:1342/3325 train_time:2535.529s step_avg:1889.37ms
step:1343/3325 train_time:2537.332s step_avg:1889.30ms
step:1344/3325 train_time:2539.135s step_avg:1889.24ms
step:1345/3325 train_time:2540.937s step_avg:1889.17ms
step:1346/3325 train_time:2542.740s step_avg:1889.11ms
step:1347/3325 train_time:2544.542s step_avg:1889.04ms
step:1348/3325 train_time:2546.345s step_avg:1888.98ms
step:1349/3325 train_time:2548.148s step_avg:1888.92ms
step:1350/3325 train_time:2550.244s step_avg:1889.07ms
step:1351/3325 train_time:2552.045s step_avg:1889.00ms
step:1352/3325 train_time:2553.848s step_avg:1888.94ms
step:1353/3325 train_time:2555.653s step_avg:1888.88ms
step:1354/3325 train_time:2557.456s step_avg:1888.82ms
step:1355/3325 train_time:2559.259s step_avg:1888.75ms
step:1356/3325 train_time:2561.061s step_avg:1888.69ms
step:1357/3325 train_time:2562.864s step_avg:1888.62ms
step:1358/3325 train_time:2564.668s step_avg:1888.56ms
step:1359/3325 train_time:2566.471s step_avg:1888.50ms
step:1360/3325 train_time:2568.274s step_avg:1888.44ms
step:1361/3325 train_time:2570.076s step_avg:1888.37ms
step:1362/3325 train_time:2571.879s step_avg:1888.31ms
step:1363/3325 train_time:2573.681s step_avg:1888.25ms
step:1364/3325 train_time:2575.484s step_avg:1888.18ms
step:1365/3325 train_time:2577.287s step_avg:1888.12ms
step:1366/3325 train_time:2579.089s step_avg:1888.06ms
step:1367/3325 train_time:2580.892s step_avg:1888.00ms
step:1368/3325 train_time:2582.695s step_avg:1887.94ms
step:1369/3325 train_time:2584.500s step_avg:1887.87ms
step:1370/3325 train_time:2586.303s step_avg:1887.81ms
step:1371/3325 train_time:2588.106s step_avg:1887.75ms
step:1372/3325 train_time:2589.909s step_avg:1887.69ms
step:1373/3325 train_time:2591.712s step_avg:1887.63ms
step:1374/3325 train_time:2593.515s step_avg:1887.57ms
step:1375/3325 train_time:2595.662s step_avg:1887.75ms
step:1375/3325 val_loss:3.58104 train_time:2595.662s step_avg:1815.92ms
step:1376/3325 train_time:2597.466s step_avg:1887.69ms
step:1377/3325 train_time:2599.269s step_avg:1887.63ms
step:1378/3325 train_time:2601.072s step_avg:1887.57ms
step:1379/3325 train_time:2602.876s step_avg:1887.51ms
step:1380/3325 train_time:2604.697s step_avg:1887.46ms
step:1381/3325 train_time:2606.502s step_avg:1887.40ms
step:1382/3325 train_time:2608.306s step_avg:1887.34ms
step:1383/3325 train_time:2610.110s step_avg:1887.28ms
step:1384/3325 train_time:2611.915s step_avg:1887.22ms
step:1385/3325 train_time:2613.719s step_avg:1887.16ms
step:1386/3325 train_time:2615.525s step_avg:1887.10ms
step:1387/3325 train_time:2617.329s step_avg:1887.04ms
step:1388/3325 train_time:2619.133s step_avg:1886.98ms
step:1389/3325 train_time:2620.938s step_avg:1886.92ms
step:1390/3325 train_time:2622.743s step_avg:1886.87ms
step:1391/3325 train_time:2624.548s step_avg:1886.81ms
step:1392/3325 train_time:2626.352s step_avg:1886.75ms
step:1393/3325 train_time:2628.156s step_avg:1886.69ms
step:1394/3325 train_time:2629.960s step_avg:1886.63ms
step:1395/3325 train_time:2631.765s step_avg:1886.57ms
step:1396/3325 train_time:2633.569s step_avg:1886.51ms
step:1397/3325 train_time:2635.372s step_avg:1886.45ms
step:1398/3325 train_time:2637.177s step_avg:1886.39ms
step:1399/3325 train_time:2638.982s step_avg:1886.33ms
step:1400/3325 train_time:2641.063s step_avg:1886.47ms
step:1401/3325 train_time:2642.868s step_avg:1886.42ms
step:1402/3325 train_time:2644.672s step_avg:1886.36ms
step:1403/3325 train_time:2646.476s step_avg:1886.30ms
step:1404/3325 train_time:2648.280s step_avg:1886.24ms
step:1405/3325 train_time:2650.084s step_avg:1886.18ms
step:1406/3325 train_time:2651.891s step_avg:1886.12ms
step:1407/3325 train_time:2653.694s step_avg:1886.07ms
step:1408/3325 train_time:2655.499s step_avg:1886.01ms
step:1409/3325 train_time:2657.303s step_avg:1885.95ms
step:1410/3325 train_time:2659.122s step_avg:1885.90ms
step:1411/3325 train_time:2660.926s step_avg:1885.84ms
step:1412/3325 train_time:2662.729s step_avg:1885.79ms
step:1413/3325 train_time:2664.533s step_avg:1885.73ms
step:1414/3325 train_time:2666.336s step_avg:1885.67ms
step:1415/3325 train_time:2668.140s step_avg:1885.61ms
step:1416/3325 train_time:2669.943s step_avg:1885.55ms
step:1417/3325 train_time:2671.747s step_avg:1885.50ms
step:1418/3325 train_time:2673.550s step_avg:1885.44ms
step:1419/3325 train_time:2675.353s step_avg:1885.38ms
step:1420/3325 train_time:2677.157s step_avg:1885.32ms
step:1421/3325 train_time:2678.961s step_avg:1885.26ms
step:1422/3325 train_time:2680.765s step_avg:1885.21ms
step:1423/3325 train_time:2682.569s step_avg:1885.15ms
step:1424/3325 train_time:2684.372s step_avg:1885.09ms
step:1425/3325 train_time:2686.453s step_avg:1885.23ms
step:1426/3325 train_time:2688.257s step_avg:1885.17ms
step:1427/3325 train_time:2690.060s step_avg:1885.12ms
step:1428/3325 train_time:2691.864s step_avg:1885.06ms
step:1429/3325 train_time:2693.668s step_avg:1885.00ms
step:1430/3325 train_time:2695.471s step_avg:1884.94ms
step:1431/3325 train_time:2697.274s step_avg:1884.89ms
step:1432/3325 train_time:2699.078s step_avg:1884.83ms
step:1433/3325 train_time:2700.882s step_avg:1884.77ms
step:1434/3325 train_time:2702.690s step_avg:1884.72ms
step:1435/3325 train_time:2704.494s step_avg:1884.67ms
step:1436/3325 train_time:2706.298s step_avg:1884.61ms
step:1437/3325 train_time:2708.101s step_avg:1884.55ms
step:1438/3325 train_time:2709.905s step_avg:1884.50ms
step:1439/3325 train_time:2711.708s step_avg:1884.44ms
step:1440/3325 train_time:2713.528s step_avg:1884.39ms
step:1441/3325 train_time:2715.331s step_avg:1884.34ms
step:1442/3325 train_time:2717.134s step_avg:1884.28ms
step:1443/3325 train_time:2718.937s step_avg:1884.22ms
step:1444/3325 train_time:2720.739s step_avg:1884.17ms
step:1445/3325 train_time:2722.542s step_avg:1884.11ms
step:1446/3325 train_time:2724.345s step_avg:1884.06ms
step:1447/3325 train_time:2726.148s step_avg:1884.00ms
step:1448/3325 train_time:2727.951s step_avg:1883.94ms
step:1449/3325 train_time:2729.754s step_avg:1883.89ms
step:1450/3325 train_time:2731.834s step_avg:1884.02ms
step:1451/3325 train_time:2733.637s step_avg:1883.97ms
step:1452/3325 train_time:2735.441s step_avg:1883.91ms
step:1453/3325 train_time:2737.244s step_avg:1883.86ms
step:1454/3325 train_time:2739.047s step_avg:1883.80ms
step:1455/3325 train_time:2740.850s step_avg:1883.75ms
step:1456/3325 train_time:2742.653s step_avg:1883.69ms
step:1457/3325 train_time:2744.457s step_avg:1883.64ms
step:1458/3325 train_time:2746.260s step_avg:1883.58ms
step:1459/3325 train_time:2748.063s step_avg:1883.52ms
step:1460/3325 train_time:2749.866s step_avg:1883.47ms
step:1461/3325 train_time:2751.669s step_avg:1883.41ms
step:1462/3325 train_time:2753.473s step_avg:1883.36ms
step:1463/3325 train_time:2755.276s step_avg:1883.31ms
step:1464/3325 train_time:2757.082s step_avg:1883.25ms
step:1465/3325 train_time:2758.886s step_avg:1883.20ms
step:1466/3325 train_time:2760.690s step_avg:1883.14ms
step:1467/3325 train_time:2762.493s step_avg:1883.09ms
step:1468/3325 train_time:2764.297s step_avg:1883.04ms
step:1469/3325 train_time:2766.100s step_avg:1882.98ms
step:1470/3325 train_time:2767.918s step_avg:1882.94ms
step:1471/3325 train_time:2769.722s step_avg:1882.88ms
step:1472/3325 train_time:2771.527s step_avg:1882.83ms
step:1473/3325 train_time:2773.333s step_avg:1882.78ms
step:1474/3325 train_time:2775.137s step_avg:1882.73ms
step:1475/3325 train_time:2777.217s step_avg:1882.86ms
step:1476/3325 train_time:2779.020s step_avg:1882.80ms
step:1477/3325 train_time:2780.823s step_avg:1882.75ms
step:1478/3325 train_time:2782.627s step_avg:1882.70ms
step:1479/3325 train_time:2784.430s step_avg:1882.64ms
step:1480/3325 train_time:2786.234s step_avg:1882.59ms
step:1481/3325 train_time:2788.036s step_avg:1882.54ms
step:1482/3325 train_time:2789.840s step_avg:1882.48ms
step:1483/3325 train_time:2791.642s step_avg:1882.43ms
step:1484/3325 train_time:2793.446s step_avg:1882.38ms
step:1485/3325 train_time:2795.249s step_avg:1882.32ms
step:1486/3325 train_time:2797.053s step_avg:1882.27ms
step:1487/3325 train_time:2798.856s step_avg:1882.22ms
step:1488/3325 train_time:2800.659s step_avg:1882.16ms
step:1489/3325 train_time:2802.462s step_avg:1882.11ms
step:1490/3325 train_time:2804.266s step_avg:1882.06ms
step:1491/3325 train_time:2806.069s step_avg:1882.00ms
step:1492/3325 train_time:2807.871s step_avg:1881.95ms
step:1493/3325 train_time:2809.673s step_avg:1881.90ms
step:1494/3325 train_time:2811.476s step_avg:1881.84ms
step:1495/3325 train_time:2813.280s step_avg:1881.79ms
step:1496/3325 train_time:2815.083s step_avg:1881.74ms
step:1497/3325 train_time:2816.887s step_avg:1881.69ms
step:1498/3325 train_time:2818.692s step_avg:1881.64ms
step:1499/3325 train_time:2820.495s step_avg:1881.58ms
step:1500/3325 train_time:2822.659s step_avg:1881.77ms
step:1500/3325 val_loss:3.56774 train_time:2822.659s step_avg:1815.98ms
step:1501/3325 train_time:2824.464s step_avg:1881.72ms
step:1502/3325 train_time:2826.268s step_avg:1881.67ms
step:1503/3325 train_time:2828.072s step_avg:1881.62ms
step:1504/3325 train_time:2829.876s step_avg:1881.57ms
step:1505/3325 train_time:2831.680s step_avg:1881.51ms
step:1506/3325 train_time:2833.484s step_avg:1881.46ms
step:1507/3325 train_time:2835.287s step_avg:1881.41ms
step:1508/3325 train_time:2837.091s step_avg:1881.36ms
step:1509/3325 train_time:2838.895s step_avg:1881.31ms
step:1510/3325 train_time:2840.698s step_avg:1881.26ms
step:1511/3325 train_time:2842.501s step_avg:1881.21ms
step:1512/3325 train_time:2844.305s step_avg:1881.15ms
step:1513/3325 train_time:2846.109s step_avg:1881.10ms
step:1514/3325 train_time:2847.912s step_avg:1881.05ms
step:1515/3325 train_time:2849.715s step_avg:1881.00ms
step:1516/3325 train_time:2851.520s step_avg:1880.95ms
step:1517/3325 train_time:2853.324s step_avg:1880.90ms
step:1518/3325 train_time:2855.127s step_avg:1880.85ms
step:1519/3325 train_time:2856.931s step_avg:1880.80ms
step:1520/3325 train_time:2858.734s step_avg:1880.75ms
step:1521/3325 train_time:2860.575s step_avg:1880.72ms
step:1522/3325 train_time:2862.378s step_avg:1880.67ms
step:1523/3325 train_time:2864.180s step_avg:1880.62ms
step:1524/3325 train_time:2865.983s step_avg:1880.57ms
step:1525/3325 train_time:2868.063s step_avg:1880.70ms
step:1526/3325 train_time:2869.866s step_avg:1880.65ms
step:1527/3325 train_time:2871.668s step_avg:1880.59ms
step:1528/3325 train_time:2873.471s step_avg:1880.54ms
step:1529/3325 train_time:2875.275s step_avg:1880.49ms
step:1530/3325 train_time:2877.094s step_avg:1880.45ms
step:1531/3325 train_time:2878.897s step_avg:1880.40ms
step:1532/3325 train_time:2880.700s step_avg:1880.35ms
step:1533/3325 train_time:2882.503s step_avg:1880.30ms
step:1534/3325 train_time:2884.307s step_avg:1880.25ms
step:1535/3325 train_time:2886.110s step_avg:1880.20ms
step:1536/3325 train_time:2887.913s step_avg:1880.15ms
step:1537/3325 train_time:2889.716s step_avg:1880.10ms
step:1538/3325 train_time:2891.519s step_avg:1880.05ms
step:1539/3325 train_time:2893.322s step_avg:1880.00ms
step:1540/3325 train_time:2895.124s step_avg:1879.95ms
step:1541/3325 train_time:2896.928s step_avg:1879.90ms
step:1542/3325 train_time:2898.732s step_avg:1879.85ms
step:1543/3325 train_time:2900.535s step_avg:1879.80ms
step:1544/3325 train_time:2902.338s step_avg:1879.75ms
step:1545/3325 train_time:2904.141s step_avg:1879.70ms
step:1546/3325 train_time:2905.944s step_avg:1879.65ms
step:1547/3325 train_time:2907.747s step_avg:1879.60ms
step:1548/3325 train_time:2909.550s step_avg:1879.55ms
step:1549/3325 train_time:2911.354s step_avg:1879.51ms
step:1550/3325 train_time:2913.436s step_avg:1879.64ms
step:1551/3325 train_time:2915.240s step_avg:1879.59ms
step:1552/3325 train_time:2917.043s step_avg:1879.54ms
step:1553/3325 train_time:2918.847s step_avg:1879.49ms
step:1554/3325 train_time:2920.654s step_avg:1879.44ms
step:1555/3325 train_time:2922.459s step_avg:1879.39ms
step:1556/3325 train_time:2924.263s step_avg:1879.35ms
step:1557/3325 train_time:2926.067s step_avg:1879.30ms
step:1558/3325 train_time:2927.870s step_avg:1879.25ms
step:1559/3325 train_time:2929.674s step_avg:1879.20ms
step:1560/3325 train_time:2931.495s step_avg:1879.16ms
step:1561/3325 train_time:2933.298s step_avg:1879.11ms
step:1562/3325 train_time:2935.101s step_avg:1879.07ms
step:1563/3325 train_time:2936.905s step_avg:1879.02ms
step:1564/3325 train_time:2938.708s step_avg:1878.97ms
step:1565/3325 train_time:2940.511s step_avg:1878.92ms
step:1566/3325 train_time:2942.313s step_avg:1878.87ms
step:1567/3325 train_time:2944.117s step_avg:1878.82ms
step:1568/3325 train_time:2945.919s step_avg:1878.78ms
step:1569/3325 train_time:2947.722s step_avg:1878.73ms
step:1570/3325 train_time:2949.525s step_avg:1878.68ms
step:1571/3325 train_time:2951.328s step_avg:1878.63ms
step:1572/3325 train_time:2953.132s step_avg:1878.58ms
step:1573/3325 train_time:2954.935s step_avg:1878.53ms
step:1574/3325 train_time:2956.738s step_avg:1878.49ms
step:1575/3325 train_time:2958.819s step_avg:1878.62ms
step:1576/3325 train_time:2960.622s step_avg:1878.57ms
step:1577/3325 train_time:2962.424s step_avg:1878.52ms
step:1578/3325 train_time:2964.228s step_avg:1878.47ms
step:1579/3325 train_time:2966.031s step_avg:1878.42ms
step:1580/3325 train_time:2967.834s step_avg:1878.38ms
step:1581/3325 train_time:2969.637s step_avg:1878.33ms
step:1582/3325 train_time:2971.441s step_avg:1878.28ms
step:1583/3325 train_time:2973.244s step_avg:1878.23ms
step:1584/3325 train_time:2975.047s step_avg:1878.19ms
step:1585/3325 train_time:2976.853s step_avg:1878.14ms
step:1586/3325 train_time:2978.657s step_avg:1878.09ms
step:1587/3325 train_time:2980.461s step_avg:1878.05ms
step:1588/3325 train_time:2982.264s step_avg:1878.00ms
step:1589/3325 train_time:2984.066s step_avg:1877.95ms
step:1590/3325 train_time:2985.886s step_avg:1877.92ms
step:1591/3325 train_time:2987.689s step_avg:1877.87ms
step:1592/3325 train_time:2989.492s step_avg:1877.82ms
step:1593/3325 train_time:2991.296s step_avg:1877.78ms
step:1594/3325 train_time:2993.099s step_avg:1877.73ms
step:1595/3325 train_time:2994.901s step_avg:1877.68ms
step:1596/3325 train_time:2996.704s step_avg:1877.63ms
step:1597/3325 train_time:2998.506s step_avg:1877.59ms
step:1598/3325 train_time:3000.309s step_avg:1877.54ms
step:1599/3325 train_time:3002.112s step_avg:1877.49ms
step:1600/3325 train_time:3004.193s step_avg:1877.62ms
step:1601/3325 train_time:3005.996s step_avg:1877.57ms
step:1602/3325 train_time:3007.800s step_avg:1877.53ms
step:1603/3325 train_time:3009.602s step_avg:1877.48ms
step:1604/3325 train_time:3011.405s step_avg:1877.43ms
step:1605/3325 train_time:3013.208s step_avg:1877.39ms
step:1606/3325 train_time:3015.011s step_avg:1877.34ms
step:1607/3325 train_time:3016.813s step_avg:1877.29ms
step:1608/3325 train_time:3018.616s step_avg:1877.25ms
step:1609/3325 train_time:3020.419s step_avg:1877.20ms
step:1610/3325 train_time:3022.221s step_avg:1877.16ms
step:1611/3325 train_time:3024.023s step_avg:1877.11ms
step:1612/3325 train_time:3025.825s step_avg:1877.06ms
step:1613/3325 train_time:3027.628s step_avg:1877.02ms
step:1614/3325 train_time:3029.431s step_avg:1876.97ms
step:1615/3325 train_time:3031.236s step_avg:1876.93ms
step:1616/3325 train_time:3033.039s step_avg:1876.88ms
step:1617/3325 train_time:3034.841s step_avg:1876.83ms
step:1618/3325 train_time:3036.643s step_avg:1876.79ms
step:1619/3325 train_time:3038.445s step_avg:1876.74ms
step:1620/3325 train_time:3040.264s step_avg:1876.71ms
step:1621/3325 train_time:3042.067s step_avg:1876.66ms
step:1622/3325 train_time:3043.869s step_avg:1876.61ms
step:1623/3325 train_time:3045.672s step_avg:1876.57ms
step:1624/3325 train_time:3047.475s step_avg:1876.52ms
step:1625/3325 train_time:3049.621s step_avg:1876.69ms
step:1625/3325 val_loss:3.53888 train_time:3049.621s step_avg:1815.69ms
step:1626/3325 train_time:3051.423s step_avg:1876.64ms
step:1627/3325 train_time:3053.226s step_avg:1876.60ms
step:1628/3325 train_time:3055.028s step_avg:1876.55ms
step:1629/3325 train_time:3056.831s step_avg:1876.51ms
step:1630/3325 train_time:3058.634s step_avg:1876.46ms
step:1631/3325 train_time:3060.437s step_avg:1876.42ms
step:1632/3325 train_time:3062.241s step_avg:1876.37ms
step:1633/3325 train_time:3064.043s step_avg:1876.33ms
step:1634/3325 train_time:3065.847s step_avg:1876.28ms
step:1635/3325 train_time:3067.649s step_avg:1876.24ms
step:1636/3325 train_time:3069.453s step_avg:1876.19ms
step:1637/3325 train_time:3071.255s step_avg:1876.15ms
step:1638/3325 train_time:3073.059s step_avg:1876.10ms
step:1639/3325 train_time:3074.861s step_avg:1876.06ms
step:1640/3325 train_time:3076.664s step_avg:1876.01ms
step:1641/3325 train_time:3078.467s step_avg:1875.97ms
step:1642/3325 train_time:3080.270s step_avg:1875.93ms
step:1643/3325 train_time:3082.073s step_avg:1875.88ms
step:1644/3325 train_time:3083.875s step_avg:1875.84ms
step:1645/3325 train_time:3085.678s step_avg:1875.79ms
step:1646/3325 train_time:3087.480s step_avg:1875.75ms
step:1647/3325 train_time:3089.283s step_avg:1875.70ms
step:1648/3325 train_time:3091.086s step_avg:1875.66ms
step:1649/3325 train_time:3092.889s step_avg:1875.61ms
step:1650/3325 train_time:3094.986s step_avg:1875.75ms
step:1651/3325 train_time:3096.789s step_avg:1875.70ms
step:1652/3325 train_time:3098.591s step_avg:1875.66ms
step:1653/3325 train_time:3100.394s step_avg:1875.62ms
step:1654/3325 train_time:3102.196s step_avg:1875.57ms
step:1655/3325 train_time:3103.998s step_avg:1875.53ms
step:1656/3325 train_time:3105.801s step_avg:1875.48ms
step:1657/3325 train_time:3107.604s step_avg:1875.44ms
step:1658/3325 train_time:3109.407s step_avg:1875.40ms
step:1659/3325 train_time:3111.210s step_avg:1875.35ms
step:1660/3325 train_time:3113.015s step_avg:1875.31ms
step:1661/3325 train_time:3114.818s step_avg:1875.27ms
step:1662/3325 train_time:3116.621s step_avg:1875.22ms
step:1663/3325 train_time:3118.423s step_avg:1875.18ms
step:1664/3325 train_time:3120.228s step_avg:1875.14ms
step:1665/3325 train_time:3122.031s step_avg:1875.09ms
step:1666/3325 train_time:3123.836s step_avg:1875.05ms
step:1667/3325 train_time:3125.639s step_avg:1875.01ms
step:1668/3325 train_time:3127.443s step_avg:1874.97ms
step:1669/3325 train_time:3129.247s step_avg:1874.92ms
step:1670/3325 train_time:3131.050s step_avg:1874.88ms
step:1671/3325 train_time:3132.853s step_avg:1874.84ms
step:1672/3325 train_time:3134.656s step_avg:1874.79ms
step:1673/3325 train_time:3136.459s step_avg:1874.75ms
step:1674/3325 train_time:3138.262s step_avg:1874.71ms
step:1675/3325 train_time:3140.345s step_avg:1874.83ms
step:1676/3325 train_time:3142.148s step_avg:1874.79ms
step:1677/3325 train_time:3143.952s step_avg:1874.75ms
step:1678/3325 train_time:3145.756s step_avg:1874.71ms
step:1679/3325 train_time:3147.559s step_avg:1874.66ms
step:1680/3325 train_time:3149.379s step_avg:1874.63ms
step:1681/3325 train_time:3151.182s step_avg:1874.59ms
step:1682/3325 train_time:3152.985s step_avg:1874.55ms
step:1683/3325 train_time:3154.788s step_avg:1874.50ms
step:1684/3325 train_time:3156.592s step_avg:1874.46ms
step:1685/3325 train_time:3158.395s step_avg:1874.42ms
step:1686/3325 train_time:3160.198s step_avg:1874.38ms
step:1687/3325 train_time:3162.001s step_avg:1874.33ms
step:1688/3325 train_time:3163.803s step_avg:1874.29ms
step:1689/3325 train_time:3165.605s step_avg:1874.25ms
step:1690/3325 train_time:3167.408s step_avg:1874.21ms
step:1691/3325 train_time:3169.218s step_avg:1874.17ms
step:1692/3325 train_time:3171.023s step_avg:1874.13ms
step:1693/3325 train_time:3172.828s step_avg:1874.09ms
step:1694/3325 train_time:3174.632s step_avg:1874.04ms
step:1695/3325 train_time:3176.436s step_avg:1874.00ms
step:1696/3325 train_time:3178.241s step_avg:1873.96ms
step:1697/3325 train_time:3180.045s step_avg:1873.92ms
step:1698/3325 train_time:3181.848s step_avg:1873.88ms
step:1699/3325 train_time:3183.651s step_avg:1873.84ms
step:1700/3325 train_time:3185.733s step_avg:1873.96ms
step:1701/3325 train_time:3187.535s step_avg:1873.92ms
step:1702/3325 train_time:3189.339s step_avg:1873.88ms
step:1703/3325 train_time:3191.142s step_avg:1873.84ms
step:1704/3325 train_time:3192.947s step_avg:1873.80ms
step:1705/3325 train_time:3194.751s step_avg:1873.75ms
step:1706/3325 train_time:3196.554s step_avg:1873.71ms
step:1707/3325 train_time:3198.359s step_avg:1873.67ms
step:1708/3325 train_time:3200.163s step_avg:1873.63ms
step:1709/3325 train_time:3201.968s step_avg:1873.59ms
step:1710/3325 train_time:3203.788s step_avg:1873.56ms
step:1711/3325 train_time:3205.627s step_avg:1873.54ms
step:1712/3325 train_time:3207.430s step_avg:1873.50ms
step:1713/3325 train_time:3209.235s step_avg:1873.46ms
step:1714/3325 train_time:3211.038s step_avg:1873.42ms
step:1715/3325 train_time:3212.841s step_avg:1873.38ms
step:1716/3325 train_time:3214.643s step_avg:1873.34ms
step:1717/3325 train_time:3216.447s step_avg:1873.29ms
step:1718/3325 train_time:3218.250s step_avg:1873.25ms
step:1719/3325 train_time:3220.053s step_avg:1873.21ms
step:1720/3325 train_time:3221.855s step_avg:1873.17ms
step:1721/3325 train_time:3223.658s step_avg:1873.13ms
step:1722/3325 train_time:3225.461s step_avg:1873.09ms
step:1723/3325 train_time:3227.263s step_avg:1873.05ms
step:1724/3325 train_time:3229.066s step_avg:1873.01ms
step:1725/3325 train_time:3231.146s step_avg:1873.13ms
step:1726/3325 train_time:3232.950s step_avg:1873.09ms
step:1727/3325 train_time:3234.752s step_avg:1873.05ms
step:1728/3325 train_time:3236.555s step_avg:1873.01ms
step:1729/3325 train_time:3238.358s step_avg:1872.97ms
step:1730/3325 train_time:3240.161s step_avg:1872.93ms
step:1731/3325 train_time:3241.964s step_avg:1872.89ms
step:1732/3325 train_time:3243.767s step_avg:1872.84ms
step:1733/3325 train_time:3245.569s step_avg:1872.80ms
step:1734/3325 train_time:3247.373s step_avg:1872.76ms
step:1735/3325 train_time:3249.175s step_avg:1872.72ms
step:1736/3325 train_time:3250.978s step_avg:1872.68ms
step:1737/3325 train_time:3252.781s step_avg:1872.64ms
step:1738/3325 train_time:3254.584s step_avg:1872.60ms
step:1739/3325 train_time:3256.387s step_avg:1872.56ms
step:1740/3325 train_time:3258.206s step_avg:1872.53ms
step:1741/3325 train_time:3260.009s step_avg:1872.49ms
step:1742/3325 train_time:3261.813s step_avg:1872.45ms
step:1743/3325 train_time:3263.616s step_avg:1872.41ms
step:1744/3325 train_time:3265.418s step_avg:1872.37ms
step:1745/3325 train_time:3267.221s step_avg:1872.33ms
step:1746/3325 train_time:3269.023s step_avg:1872.29ms
step:1747/3325 train_time:3270.826s step_avg:1872.25ms
step:1748/3325 train_time:3272.630s step_avg:1872.21ms
step:1749/3325 train_time:3274.432s step_avg:1872.17ms
step:1750/3325 train_time:3276.581s step_avg:1872.33ms
step:1750/3325 val_loss:3.50860 train_time:3276.581s step_avg:1815.68ms
step:1751/3325 train_time:3278.387s step_avg:1872.29ms
step:1752/3325 train_time:3280.191s step_avg:1872.26ms
step:1753/3325 train_time:3281.995s step_avg:1872.22ms
step:1754/3325 train_time:3283.798s step_avg:1872.18ms
step:1755/3325 train_time:3285.602s step_avg:1872.14ms
step:1756/3325 train_time:3287.404s step_avg:1872.10ms
step:1757/3325 train_time:3289.207s step_avg:1872.06ms
step:1758/3325 train_time:3291.010s step_avg:1872.02ms
step:1759/3325 train_time:3292.813s step_avg:1871.98ms
step:1760/3325 train_time:3294.617s step_avg:1871.94ms
step:1761/3325 train_time:3296.420s step_avg:1871.90ms
step:1762/3325 train_time:3298.223s step_avg:1871.86ms
step:1763/3325 train_time:3300.026s step_avg:1871.82ms
step:1764/3325 train_time:3301.829s step_avg:1871.79ms
step:1765/3325 train_time:3303.631s step_avg:1871.75ms
step:1766/3325 train_time:3305.434s step_avg:1871.71ms
step:1767/3325 train_time:3307.237s step_avg:1871.67ms
step:1768/3325 train_time:3309.043s step_avg:1871.63ms
step:1769/3325 train_time:3310.845s step_avg:1871.59ms
step:1770/3325 train_time:3312.664s step_avg:1871.56ms
step:1771/3325 train_time:3314.467s step_avg:1871.52ms
step:1772/3325 train_time:3316.270s step_avg:1871.48ms
step:1773/3325 train_time:3318.075s step_avg:1871.45ms
step:1774/3325 train_time:3319.879s step_avg:1871.41ms
step:1775/3325 train_time:3321.959s step_avg:1871.53ms
step:1776/3325 train_time:3323.764s step_avg:1871.49ms
step:1777/3325 train_time:3325.569s step_avg:1871.45ms
step:1778/3325 train_time:3327.372s step_avg:1871.41ms
step:1779/3325 train_time:3329.176s step_avg:1871.37ms
step:1780/3325 train_time:3330.980s step_avg:1871.34ms
step:1781/3325 train_time:3332.783s step_avg:1871.30ms
step:1782/3325 train_time:3334.586s step_avg:1871.26ms
step:1783/3325 train_time:3336.388s step_avg:1871.22ms
step:1784/3325 train_time:3338.190s step_avg:1871.18ms
step:1785/3325 train_time:3339.993s step_avg:1871.14ms
step:1786/3325 train_time:3341.796s step_avg:1871.11ms
step:1787/3325 train_time:3343.598s step_avg:1871.07ms
step:1788/3325 train_time:3345.401s step_avg:1871.03ms
step:1789/3325 train_time:3347.204s step_avg:1870.99ms
step:1790/3325 train_time:3349.007s step_avg:1870.95ms
step:1791/3325 train_time:3350.809s step_avg:1870.92ms
step:1792/3325 train_time:3352.612s step_avg:1870.88ms
step:1793/3325 train_time:3354.414s step_avg:1870.84ms
step:1794/3325 train_time:3356.217s step_avg:1870.80ms
step:1795/3325 train_time:3358.020s step_avg:1870.76ms
step:1796/3325 train_time:3359.823s step_avg:1870.73ms
step:1797/3325 train_time:3361.626s step_avg:1870.69ms
step:1798/3325 train_time:3363.428s step_avg:1870.65ms
step:1799/3325 train_time:3365.230s step_avg:1870.61ms
step:1800/3325 train_time:3367.328s step_avg:1870.74ms
step:1801/3325 train_time:3369.131s step_avg:1870.70ms
step:1802/3325 train_time:3370.934s step_avg:1870.66ms
step:1803/3325 train_time:3372.736s step_avg:1870.62ms
step:1804/3325 train_time:3374.539s step_avg:1870.59ms
step:1805/3325 train_time:3376.341s step_avg:1870.55ms
step:1806/3325 train_time:3378.144s step_avg:1870.51ms
step:1807/3325 train_time:3379.946s step_avg:1870.47ms
step:1808/3325 train_time:3381.749s step_avg:1870.44ms
step:1809/3325 train_time:3383.551s step_avg:1870.40ms
step:1810/3325 train_time:3385.354s step_avg:1870.36ms
step:1811/3325 train_time:3387.157s step_avg:1870.32ms
step:1812/3325 train_time:3388.959s step_avg:1870.29ms
step:1813/3325 train_time:3390.762s step_avg:1870.25ms
step:1814/3325 train_time:3392.564s step_avg:1870.21ms
step:1815/3325 train_time:3394.366s step_avg:1870.17ms
step:1816/3325 train_time:3396.168s step_avg:1870.14ms
step:1817/3325 train_time:3397.973s step_avg:1870.10ms
step:1818/3325 train_time:3399.776s step_avg:1870.06ms
step:1819/3325 train_time:3401.578s step_avg:1870.03ms
step:1820/3325 train_time:3403.381s step_avg:1869.99ms
step:1821/3325 train_time:3405.184s step_avg:1869.95ms
step:1822/3325 train_time:3406.986s step_avg:1869.92ms
step:1823/3325 train_time:3408.789s step_avg:1869.88ms
step:1824/3325 train_time:3410.592s step_avg:1869.84ms
step:1825/3325 train_time:3412.671s step_avg:1869.96ms
step:1826/3325 train_time:3414.474s step_avg:1869.92ms
step:1827/3325 train_time:3416.276s step_avg:1869.88ms
step:1828/3325 train_time:3418.078s step_avg:1869.85ms
step:1829/3325 train_time:3419.881s step_avg:1869.81ms
step:1830/3325 train_time:3421.700s step_avg:1869.78ms
step:1831/3325 train_time:3423.502s step_avg:1869.74ms
step:1832/3325 train_time:3425.304s step_avg:1869.71ms
step:1833/3325 train_time:3427.106s step_avg:1869.67ms
step:1834/3325 train_time:3428.907s step_avg:1869.63ms
step:1835/3325 train_time:3430.710s step_avg:1869.60ms
step:1836/3325 train_time:3432.512s step_avg:1869.56ms
step:1837/3325 train_time:3434.313s step_avg:1869.52ms
step:1838/3325 train_time:3436.115s step_avg:1869.49ms
step:1839/3325 train_time:3437.918s step_avg:1869.45ms
step:1840/3325 train_time:3439.720s step_avg:1869.41ms
step:1841/3325 train_time:3441.522s step_avg:1869.38ms
step:1842/3325 train_time:3443.324s step_avg:1869.34ms
step:1843/3325 train_time:3445.126s step_avg:1869.30ms
step:1844/3325 train_time:3446.928s step_avg:1869.27ms
step:1845/3325 train_time:3448.730s step_avg:1869.23ms
step:1846/3325 train_time:3450.532s step_avg:1869.19ms
step:1847/3325 train_time:3452.334s step_avg:1869.16ms
step:1848/3325 train_time:3454.137s step_avg:1869.12ms
step:1849/3325 train_time:3455.939s step_avg:1869.09ms
step:1850/3325 train_time:3458.022s step_avg:1869.20ms
step:1851/3325 train_time:3459.825s step_avg:1869.17ms
step:1852/3325 train_time:3461.627s step_avg:1869.13ms
step:1853/3325 train_time:3463.430s step_avg:1869.09ms
step:1854/3325 train_time:3465.232s step_avg:1869.06ms
step:1855/3325 train_time:3467.034s step_avg:1869.02ms
step:1856/3325 train_time:3468.837s step_avg:1868.99ms
step:1857/3325 train_time:3470.640s step_avg:1868.95ms
step:1858/3325 train_time:3472.443s step_avg:1868.91ms
step:1859/3325 train_time:3474.245s step_avg:1868.88ms
step:1860/3325 train_time:3476.064s step_avg:1868.85ms
step:1861/3325 train_time:3477.867s step_avg:1868.82ms
step:1862/3325 train_time:3479.670s step_avg:1868.78ms
step:1863/3325 train_time:3481.474s step_avg:1868.75ms
step:1864/3325 train_time:3483.277s step_avg:1868.71ms
step:1865/3325 train_time:3485.079s step_avg:1868.67ms
step:1866/3325 train_time:3486.881s step_avg:1868.64ms
step:1867/3325 train_time:3488.684s step_avg:1868.60ms
step:1868/3325 train_time:3490.486s step_avg:1868.57ms
step:1869/3325 train_time:3492.288s step_avg:1868.53ms
step:1870/3325 train_time:3494.091s step_avg:1868.50ms
step:1871/3325 train_time:3495.894s step_avg:1868.46ms
step:1872/3325 train_time:3497.696s step_avg:1868.43ms
step:1873/3325 train_time:3499.498s step_avg:1868.39ms
step:1874/3325 train_time:3501.301s step_avg:1868.36ms
step:1875/3325 train_time:3503.447s step_avg:1868.51ms
step:1875/3325 val_loss:3.48199 train_time:3503.448s step_avg:1814.94ms
step:1876/3325 train_time:3505.251s step_avg:1868.47ms
step:1877/3325 train_time:3507.054s step_avg:1868.44ms
step:1878/3325 train_time:3508.857s step_avg:1868.40ms
step:1879/3325 train_time:3510.660s step_avg:1868.37ms
step:1880/3325 train_time:3512.463s step_avg:1868.33ms
step:1881/3325 train_time:3514.265s step_avg:1868.30ms
step:1882/3325 train_time:3516.068s step_avg:1868.26ms
step:1883/3325 train_time:3517.871s step_avg:1868.23ms
step:1884/3325 train_time:3519.674s step_avg:1868.19ms
step:1885/3325 train_time:3521.477s step_avg:1868.16ms
step:1886/3325 train_time:3523.279s step_avg:1868.12ms
step:1887/3325 train_time:3525.082s step_avg:1868.09ms
step:1888/3325 train_time:3526.884s step_avg:1868.05ms
step:1889/3325 train_time:3528.687s step_avg:1868.02ms
step:1890/3325 train_time:3530.506s step_avg:1867.99ms
step:1891/3325 train_time:3532.312s step_avg:1867.96ms
step:1892/3325 train_time:3534.115s step_avg:1867.93ms
step:1893/3325 train_time:3535.917s step_avg:1867.89ms
step:1894/3325 train_time:3537.720s step_avg:1867.86ms
step:1895/3325 train_time:3539.522s step_avg:1867.82ms
step:1896/3325 train_time:3541.325s step_avg:1867.79ms
step:1897/3325 train_time:3543.127s step_avg:1867.75ms
step:1898/3325 train_time:3544.929s step_avg:1867.72ms
step:1899/3325 train_time:3546.731s step_avg:1867.68ms
step:1900/3325 train_time:3548.809s step_avg:1867.79ms
step:1901/3325 train_time:3550.646s step_avg:1867.78ms
step:1902/3325 train_time:3552.449s step_avg:1867.74ms
step:1903/3325 train_time:3554.252s step_avg:1867.71ms
step:1904/3325 train_time:3556.055s step_avg:1867.68ms
step:1905/3325 train_time:3557.858s step_avg:1867.64ms
step:1906/3325 train_time:3559.660s step_avg:1867.61ms
step:1907/3325 train_time:3561.463s step_avg:1867.57ms
step:1908/3325 train_time:3563.265s step_avg:1867.54ms
step:1909/3325 train_time:3565.068s step_avg:1867.51ms
step:1910/3325 train_time:3566.870s step_avg:1867.47ms
step:1911/3325 train_time:3568.673s step_avg:1867.44ms
step:1912/3325 train_time:3570.475s step_avg:1867.40ms
step:1913/3325 train_time:3572.277s step_avg:1867.37ms
step:1914/3325 train_time:3574.079s step_avg:1867.34ms
step:1915/3325 train_time:3575.884s step_avg:1867.30ms
step:1916/3325 train_time:3577.686s step_avg:1867.27ms
step:1917/3325 train_time:3579.488s step_avg:1867.23ms
step:1918/3325 train_time:3581.291s step_avg:1867.20ms
step:1919/3325 train_time:3583.093s step_avg:1867.17ms
step:1920/3325 train_time:3584.912s step_avg:1867.14ms
step:1921/3325 train_time:3586.716s step_avg:1867.11ms
step:1922/3325 train_time:3588.520s step_avg:1867.08ms
step:1923/3325 train_time:3590.323s step_avg:1867.04ms
step:1924/3325 train_time:3592.126s step_avg:1867.01ms
step:1925/3325 train_time:3594.206s step_avg:1867.12ms
step:1926/3325 train_time:3596.008s step_avg:1867.09ms
step:1927/3325 train_time:3597.811s step_avg:1867.05ms
step:1928/3325 train_time:3599.614s step_avg:1867.02ms
step:1929/3325 train_time:3601.416s step_avg:1866.99ms
step:1930/3325 train_time:3603.219s step_avg:1866.95ms
step:1931/3325 train_time:3605.022s step_avg:1866.92ms
step:1932/3325 train_time:3606.824s step_avg:1866.89ms
step:1933/3325 train_time:3608.626s step_avg:1866.85ms
step:1934/3325 train_time:3610.428s step_avg:1866.82ms
step:1935/3325 train_time:3612.231s step_avg:1866.79ms
step:1936/3325 train_time:3614.034s step_avg:1866.75ms
step:1937/3325 train_time:3615.839s step_avg:1866.72ms
step:1938/3325 train_time:3617.643s step_avg:1866.69ms
step:1939/3325 train_time:3619.446s step_avg:1866.66ms
step:1940/3325 train_time:3621.250s step_avg:1866.62ms
step:1941/3325 train_time:3623.053s step_avg:1866.59ms
step:1942/3325 train_time:3624.856s step_avg:1866.56ms
step:1943/3325 train_time:3626.658s step_avg:1866.53ms
step:1944/3325 train_time:3628.461s step_avg:1866.49ms
step:1945/3325 train_time:3630.263s step_avg:1866.46ms
step:1946/3325 train_time:3632.065s step_avg:1866.43ms
step:1947/3325 train_time:3633.867s step_avg:1866.39ms
step:1948/3325 train_time:3635.670s step_avg:1866.36ms
step:1949/3325 train_time:3637.473s step_avg:1866.33ms
step:1950/3325 train_time:3639.569s step_avg:1866.45ms
step:1951/3325 train_time:3641.371s step_avg:1866.41ms
step:1952/3325 train_time:3643.174s step_avg:1866.38ms
step:1953/3325 train_time:3644.976s step_avg:1866.35ms
step:1954/3325 train_time:3646.779s step_avg:1866.31ms
step:1955/3325 train_time:3648.581s step_avg:1866.28ms
step:1956/3325 train_time:3650.383s step_avg:1866.25ms
step:1957/3325 train_time:3652.185s step_avg:1866.22ms
step:1958/3325 train_time:3653.987s step_avg:1866.18ms
step:1959/3325 train_time:3655.791s step_avg:1866.15ms
step:1960/3325 train_time:3657.593s step_avg:1866.12ms
step:1961/3325 train_time:3659.395s step_avg:1866.09ms
step:1962/3325 train_time:3661.197s step_avg:1866.05ms
step:1963/3325 train_time:3662.999s step_avg:1866.02ms
step:1964/3325 train_time:3664.801s step_avg:1865.99ms
step:1965/3325 train_time:3666.603s step_avg:1865.96ms
step:1966/3325 train_time:3668.406s step_avg:1865.92ms
step:1967/3325 train_time:3670.211s step_avg:1865.89ms
step:1968/3325 train_time:3672.016s step_avg:1865.86ms
step:1969/3325 train_time:3673.820s step_avg:1865.83ms
step:1970/3325 train_time:3675.624s step_avg:1865.80ms
step:1971/3325 train_time:3677.427s step_avg:1865.77ms
step:1972/3325 train_time:3679.230s step_avg:1865.74ms
step:1973/3325 train_time:3681.032s step_avg:1865.70ms
step:1974/3325 train_time:3682.835s step_avg:1865.67ms
step:1975/3325 train_time:3684.916s step_avg:1865.78ms
step:1976/3325 train_time:3686.718s step_avg:1865.75ms
step:1977/3325 train_time:3688.520s step_avg:1865.72ms
step:1978/3325 train_time:3690.322s step_avg:1865.68ms
step:1979/3325 train_time:3692.124s step_avg:1865.65ms
step:1980/3325 train_time:3693.943s step_avg:1865.63ms
step:1981/3325 train_time:3695.747s step_avg:1865.60ms
step:1982/3325 train_time:3697.549s step_avg:1865.56ms
step:1983/3325 train_time:3699.352s step_avg:1865.53ms
step:1984/3325 train_time:3701.155s step_avg:1865.50ms
step:1985/3325 train_time:3702.958s step_avg:1865.47ms
step:1986/3325 train_time:3704.761s step_avg:1865.44ms
step:1987/3325 train_time:3706.564s step_avg:1865.41ms
step:1988/3325 train_time:3708.367s step_avg:1865.38ms
step:1989/3325 train_time:3710.169s step_avg:1865.34ms
step:1990/3325 train_time:3711.973s step_avg:1865.31ms
step:1991/3325 train_time:3713.775s step_avg:1865.28ms
step:1992/3325 train_time:3715.580s step_avg:1865.25ms
step:1993/3325 train_time:3717.383s step_avg:1865.22ms
step:1994/3325 train_time:3719.185s step_avg:1865.19ms
step:1995/3325 train_time:3720.988s step_avg:1865.16ms
step:1996/3325 train_time:3722.791s step_avg:1865.13ms
step:1997/3325 train_time:3724.594s step_avg:1865.09ms
step:1998/3325 train_time:3726.396s step_avg:1865.06ms
step:1999/3325 train_time:3728.199s step_avg:1865.03ms
step:2000/3325 train_time:3730.345s step_avg:1865.17ms
step:2000/3325 val_loss:3.45851 train_time:3730.346s step_avg:1815.18ms
step:2001/3325 train_time:3732.149s step_avg:1865.14ms
step:2002/3325 train_time:3733.952s step_avg:1865.11ms
step:2003/3325 train_time:3735.755s step_avg:1865.08ms
step:2004/3325 train_time:3737.559s step_avg:1865.05ms
step:2005/3325 train_time:3739.361s step_avg:1865.02ms
step:2006/3325 train_time:3741.164s step_avg:1864.99ms
step:2007/3325 train_time:3742.966s step_avg:1864.96ms
step:2008/3325 train_time:3744.770s step_avg:1864.93ms
step:2009/3325 train_time:3746.572s step_avg:1864.89ms
step:2010/3325 train_time:3748.391s step_avg:1864.87ms
step:2011/3325 train_time:3750.194s step_avg:1864.84ms
step:2012/3325 train_time:3751.997s step_avg:1864.81ms
step:2013/3325 train_time:3753.801s step_avg:1864.78ms
step:2014/3325 train_time:3755.605s step_avg:1864.75ms
step:2015/3325 train_time:3757.409s step_avg:1864.72ms
step:2016/3325 train_time:3759.212s step_avg:1864.69ms
step:2017/3325 train_time:3761.015s step_avg:1864.66ms
step:2018/3325 train_time:3762.818s step_avg:1864.63ms
step:2019/3325 train_time:3764.622s step_avg:1864.60ms
step:2020/3325 train_time:3766.426s step_avg:1864.57ms
step:2021/3325 train_time:3768.230s step_avg:1864.54ms
step:2022/3325 train_time:3770.033s step_avg:1864.51ms
step:2023/3325 train_time:3771.837s step_avg:1864.48ms
step:2024/3325 train_time:3773.640s step_avg:1864.45ms
step:2025/3325 train_time:3775.721s step_avg:1864.55ms
step:2026/3325 train_time:3777.524s step_avg:1864.52ms
step:2027/3325 train_time:3779.326s step_avg:1864.49ms
step:2028/3325 train_time:3781.129s step_avg:1864.46ms
step:2029/3325 train_time:3782.931s step_avg:1864.43ms
step:2030/3325 train_time:3784.734s step_avg:1864.40ms
step:2031/3325 train_time:3786.536s step_avg:1864.37ms
step:2032/3325 train_time:3788.339s step_avg:1864.34ms
step:2033/3325 train_time:3790.142s step_avg:1864.31ms
step:2034/3325 train_time:3791.945s step_avg:1864.28ms
step:2035/3325 train_time:3793.748s step_avg:1864.25ms
step:2036/3325 train_time:3795.552s step_avg:1864.22ms
step:2037/3325 train_time:3797.356s step_avg:1864.19ms
step:2038/3325 train_time:3799.160s step_avg:1864.16ms
step:2039/3325 train_time:3800.964s step_avg:1864.13ms
step:2040/3325 train_time:3802.784s step_avg:1864.11ms
step:2041/3325 train_time:3804.588s step_avg:1864.08ms
step:2042/3325 train_time:3806.391s step_avg:1864.05ms
step:2043/3325 train_time:3808.195s step_avg:1864.02ms
step:2044/3325 train_time:3809.998s step_avg:1863.99ms
step:2045/3325 train_time:3811.801s step_avg:1863.96ms
step:2046/3325 train_time:3813.605s step_avg:1863.93ms
step:2047/3325 train_time:3815.408s step_avg:1863.90ms
step:2048/3325 train_time:3817.212s step_avg:1863.87ms
step:2049/3325 train_time:3819.014s step_avg:1863.84ms
step:2050/3325 train_time:3821.094s step_avg:1863.95ms
step:2051/3325 train_time:3822.896s step_avg:1863.92ms
step:2052/3325 train_time:3824.703s step_avg:1863.89ms
step:2053/3325 train_time:3826.509s step_avg:1863.86ms
step:2054/3325 train_time:3828.314s step_avg:1863.83ms
step:2055/3325 train_time:3830.117s step_avg:1863.80ms
step:2056/3325 train_time:3831.921s step_avg:1863.77ms
step:2057/3325 train_time:3833.724s step_avg:1863.75ms
step:2058/3325 train_time:3835.529s step_avg:1863.72ms
step:2059/3325 train_time:3837.332s step_avg:1863.69ms
step:2060/3325 train_time:3839.135s step_avg:1863.66ms
step:2061/3325 train_time:3840.938s step_avg:1863.63ms
step:2062/3325 train_time:3842.742s step_avg:1863.60ms
step:2063/3325 train_time:3844.546s step_avg:1863.57ms
step:2064/3325 train_time:3846.350s step_avg:1863.54ms
step:2065/3325 train_time:3848.153s step_avg:1863.51ms
step:2066/3325 train_time:3849.955s step_avg:1863.48ms
step:2067/3325 train_time:3851.757s step_avg:1863.45ms
step:2068/3325 train_time:3853.561s step_avg:1863.42ms
step:2069/3325 train_time:3855.365s step_avg:1863.40ms
step:2070/3325 train_time:3857.184s step_avg:1863.37ms
step:2071/3325 train_time:3858.988s step_avg:1863.35ms
step:2072/3325 train_time:3860.791s step_avg:1863.32ms
step:2073/3325 train_time:3862.596s step_avg:1863.29ms
step:2074/3325 train_time:3864.401s step_avg:1863.26ms
step:2075/3325 train_time:3866.482s step_avg:1863.37ms
step:2076/3325 train_time:3868.287s step_avg:1863.34ms
step:2077/3325 train_time:3870.092s step_avg:1863.31ms
step:2078/3325 train_time:3871.894s step_avg:1863.28ms
step:2079/3325 train_time:3873.698s step_avg:1863.25ms
step:2080/3325 train_time:3875.501s step_avg:1863.22ms
step:2081/3325 train_time:3877.304s step_avg:1863.19ms
step:2082/3325 train_time:3879.111s step_avg:1863.17ms
step:2083/3325 train_time:3880.917s step_avg:1863.14ms
step:2084/3325 train_time:3882.722s step_avg:1863.11ms
step:2085/3325 train_time:3884.526s step_avg:1863.08ms
step:2086/3325 train_time:3886.331s step_avg:1863.05ms
step:2087/3325 train_time:3888.134s step_avg:1863.03ms
step:2088/3325 train_time:3889.937s step_avg:1863.00ms
step:2089/3325 train_time:3891.740s step_avg:1862.97ms
step:2090/3325 train_time:3893.545s step_avg:1862.94ms
step:2091/3325 train_time:3895.383s step_avg:1862.93ms
step:2092/3325 train_time:3897.186s step_avg:1862.90ms
step:2093/3325 train_time:3898.988s step_avg:1862.87ms
step:2094/3325 train_time:3900.791s step_avg:1862.84ms
step:2095/3325 train_time:3902.593s step_avg:1862.81ms
step:2096/3325 train_time:3904.396s step_avg:1862.78ms
step:2097/3325 train_time:3906.199s step_avg:1862.76ms
step:2098/3325 train_time:3908.006s step_avg:1862.73ms
step:2099/3325 train_time:3909.809s step_avg:1862.70ms
step:2100/3325 train_time:3911.908s step_avg:1862.81ms
step:2101/3325 train_time:3913.713s step_avg:1862.79ms
step:2102/3325 train_time:3915.516s step_avg:1862.76ms
step:2103/3325 train_time:3917.317s step_avg:1862.73ms
step:2104/3325 train_time:3919.119s step_avg:1862.70ms
step:2105/3325 train_time:3920.920s step_avg:1862.67ms
step:2106/3325 train_time:3922.721s step_avg:1862.64ms
step:2107/3325 train_time:3924.523s step_avg:1862.61ms
step:2108/3325 train_time:3926.326s step_avg:1862.58ms
step:2109/3325 train_time:3928.128s step_avg:1862.55ms
step:2110/3325 train_time:3929.930s step_avg:1862.53ms
step:2111/3325 train_time:3931.732s step_avg:1862.50ms
step:2112/3325 train_time:3933.534s step_avg:1862.47ms
step:2113/3325 train_time:3935.336s step_avg:1862.44ms
step:2114/3325 train_time:3937.138s step_avg:1862.41ms
step:2115/3325 train_time:3938.940s step_avg:1862.38ms
step:2116/3325 train_time:3940.743s step_avg:1862.35ms
step:2117/3325 train_time:3942.545s step_avg:1862.33ms
step:2118/3325 train_time:3944.349s step_avg:1862.30ms
step:2119/3325 train_time:3946.151s step_avg:1862.27ms
step:2120/3325 train_time:3947.953s step_avg:1862.24ms
step:2121/3325 train_time:3949.755s step_avg:1862.21ms
step:2122/3325 train_time:3951.557s step_avg:1862.19ms
step:2123/3325 train_time:3953.359s step_avg:1862.16ms
step:2124/3325 train_time:3955.162s step_avg:1862.13ms
step:2125/3325 train_time:3957.309s step_avg:1862.26ms
step:2125/3325 val_loss:3.43502 train_time:3957.310s step_avg:1815.71ms
step:2126/3325 train_time:3959.112s step_avg:1862.24ms
step:2127/3325 train_time:3960.915s step_avg:1862.21ms
step:2128/3325 train_time:3962.719s step_avg:1862.18ms
step:2129/3325 train_time:3964.522s step_avg:1862.15ms
step:2130/3325 train_time:3966.341s step_avg:1862.13ms
step:2131/3325 train_time:3968.143s step_avg:1862.10ms
step:2132/3325 train_time:3969.945s step_avg:1862.08ms
step:2133/3325 train_time:3971.748s step_avg:1862.05ms
step:2134/3325 train_time:3973.550s step_avg:1862.02ms
step:2135/3325 train_time:3975.353s step_avg:1861.99ms
step:2136/3325 train_time:3977.155s step_avg:1861.96ms
step:2137/3325 train_time:3978.957s step_avg:1861.94ms
step:2138/3325 train_time:3980.760s step_avg:1861.91ms
step:2139/3325 train_time:3982.564s step_avg:1861.88ms
step:2140/3325 train_time:3984.367s step_avg:1861.85ms
step:2141/3325 train_time:3986.169s step_avg:1861.83ms
step:2142/3325 train_time:3987.971s step_avg:1861.80ms
step:2143/3325 train_time:3989.773s step_avg:1861.77ms
step:2144/3325 train_time:3991.575s step_avg:1861.74ms
step:2145/3325 train_time:3993.378s step_avg:1861.71ms
step:2146/3325 train_time:3995.180s step_avg:1861.69ms
step:2147/3325 train_time:3996.983s step_avg:1861.66ms
step:2148/3325 train_time:3998.785s step_avg:1861.63ms
step:2149/3325 train_time:4000.588s step_avg:1861.60ms
step:2150/3325 train_time:4002.672s step_avg:1861.71ms
step:2151/3325 train_time:4004.473s step_avg:1861.68ms
step:2152/3325 train_time:4006.274s step_avg:1861.65ms
step:2153/3325 train_time:4008.076s step_avg:1861.62ms
step:2154/3325 train_time:4009.878s step_avg:1861.60ms
step:2155/3325 train_time:4011.680s step_avg:1861.57ms
step:2156/3325 train_time:4013.483s step_avg:1861.54ms
step:2157/3325 train_time:4015.284s step_avg:1861.51ms
step:2158/3325 train_time:4017.086s step_avg:1861.49ms
step:2159/3325 train_time:4018.888s step_avg:1861.46ms
step:2160/3325 train_time:4020.706s step_avg:1861.44ms
step:2161/3325 train_time:4022.507s step_avg:1861.41ms
step:2162/3325 train_time:4024.308s step_avg:1861.38ms
step:2163/3325 train_time:4026.110s step_avg:1861.35ms
step:2164/3325 train_time:4027.911s step_avg:1861.33ms
step:2165/3325 train_time:4029.712s step_avg:1861.30ms
step:2166/3325 train_time:4031.514s step_avg:1861.27ms
step:2167/3325 train_time:4033.315s step_avg:1861.24ms
step:2168/3325 train_time:4035.117s step_avg:1861.22ms
step:2169/3325 train_time:4036.919s step_avg:1861.19ms
step:2170/3325 train_time:4038.720s step_avg:1861.16ms
step:2171/3325 train_time:4040.522s step_avg:1861.13ms
step:2172/3325 train_time:4042.325s step_avg:1861.11ms
step:2173/3325 train_time:4044.127s step_avg:1861.08ms
step:2174/3325 train_time:4045.929s step_avg:1861.05ms
step:2175/3325 train_time:4048.007s step_avg:1861.15ms
step:2176/3325 train_time:4049.809s step_avg:1861.13ms
step:2177/3325 train_time:4051.611s step_avg:1861.10ms
step:2178/3325 train_time:4053.414s step_avg:1861.07ms
step:2179/3325 train_time:4055.216s step_avg:1861.04ms
step:2180/3325 train_time:4057.018s step_avg:1861.02ms
step:2181/3325 train_time:4058.821s step_avg:1860.99ms
step:2182/3325 train_time:4060.623s step_avg:1860.96ms
step:2183/3325 train_time:4062.427s step_avg:1860.94ms
step:2184/3325 train_time:4064.229s step_avg:1860.91ms
step:2185/3325 train_time:4066.032s step_avg:1860.88ms
step:2186/3325 train_time:4067.833s step_avg:1860.86ms
step:2187/3325 train_time:4069.635s step_avg:1860.83ms
step:2188/3325 train_time:4071.436s step_avg:1860.80ms
step:2189/3325 train_time:4073.238s step_avg:1860.78ms
step:2190/3325 train_time:4075.057s step_avg:1860.76ms
step:2191/3325 train_time:4076.858s step_avg:1860.73ms
step:2192/3325 train_time:4078.664s step_avg:1860.70ms
step:2193/3325 train_time:4080.470s step_avg:1860.68ms
step:2194/3325 train_time:4082.274s step_avg:1860.65ms
step:2195/3325 train_time:4084.077s step_avg:1860.63ms
step:2196/3325 train_time:4085.880s step_avg:1860.60ms
step:2197/3325 train_time:4087.683s step_avg:1860.57ms
step:2198/3325 train_time:4089.486s step_avg:1860.55ms
step:2199/3325 train_time:4091.288s step_avg:1860.52ms
step:2200/3325 train_time:4093.367s step_avg:1860.62ms
step:2201/3325 train_time:4095.170s step_avg:1860.60ms
step:2202/3325 train_time:4096.973s step_avg:1860.57ms
step:2203/3325 train_time:4098.775s step_avg:1860.54ms
step:2204/3325 train_time:4100.578s step_avg:1860.52ms
step:2205/3325 train_time:4102.381s step_avg:1860.49ms
step:2206/3325 train_time:4104.184s step_avg:1860.46ms
step:2207/3325 train_time:4105.987s step_avg:1860.44ms
step:2208/3325 train_time:4107.790s step_avg:1860.41ms
step:2209/3325 train_time:4109.594s step_avg:1860.39ms
step:2210/3325 train_time:4111.396s step_avg:1860.36ms
step:2211/3325 train_time:4113.202s step_avg:1860.34ms
step:2212/3325 train_time:4115.005s step_avg:1860.31ms
step:2213/3325 train_time:4116.809s step_avg:1860.28ms
step:2214/3325 train_time:4118.613s step_avg:1860.26ms
step:2215/3325 train_time:4120.415s step_avg:1860.23ms
step:2216/3325 train_time:4122.219s step_avg:1860.21ms
step:2217/3325 train_time:4124.021s step_avg:1860.18ms
step:2218/3325 train_time:4125.824s step_avg:1860.16ms
step:2219/3325 train_time:4127.626s step_avg:1860.13ms
step:2220/3325 train_time:4129.446s step_avg:1860.11ms
step:2221/3325 train_time:4131.249s step_avg:1860.09ms
step:2222/3325 train_time:4133.052s step_avg:1860.06ms
step:2223/3325 train_time:4134.854s step_avg:1860.03ms
step:2224/3325 train_time:4136.657s step_avg:1860.01ms
step:2225/3325 train_time:4138.736s step_avg:1860.11ms
step:2226/3325 train_time:4140.539s step_avg:1860.08ms
step:2227/3325 train_time:4142.343s step_avg:1860.06ms
step:2228/3325 train_time:4144.146s step_avg:1860.03ms
step:2229/3325 train_time:4145.949s step_avg:1860.00ms
step:2230/3325 train_time:4147.751s step_avg:1859.98ms
step:2231/3325 train_time:4149.563s step_avg:1859.96ms
step:2232/3325 train_time:4151.367s step_avg:1859.93ms
step:2233/3325 train_time:4153.170s step_avg:1859.91ms
step:2234/3325 train_time:4154.972s step_avg:1859.88ms
step:2235/3325 train_time:4156.775s step_avg:1859.85ms
step:2236/3325 train_time:4158.576s step_avg:1859.83ms
step:2237/3325 train_time:4160.379s step_avg:1859.80ms
step:2238/3325 train_time:4162.182s step_avg:1859.78ms
step:2239/3325 train_time:4163.985s step_avg:1859.75ms
step:2240/3325 train_time:4165.788s step_avg:1859.73ms
step:2241/3325 train_time:4167.590s step_avg:1859.70ms
step:2242/3325 train_time:4169.393s step_avg:1859.68ms
step:2243/3325 train_time:4171.195s step_avg:1859.65ms
step:2244/3325 train_time:4172.997s step_avg:1859.62ms
step:2245/3325 train_time:4174.799s step_avg:1859.60ms
step:2246/3325 train_time:4176.602s step_avg:1859.57ms
step:2247/3325 train_time:4178.403s step_avg:1859.55ms
step:2248/3325 train_time:4180.205s step_avg:1859.52ms
step:2249/3325 train_time:4182.008s step_avg:1859.50ms
step:2250/3325 train_time:4184.171s step_avg:1859.63ms
step:2250/3325 val_loss:3.42509 train_time:4184.171s step_avg:1814.89ms
step:2251/3325 train_time:4185.974s step_avg:1859.61ms
step:2252/3325 train_time:4187.776s step_avg:1859.58ms
step:2253/3325 train_time:4189.579s step_avg:1859.56ms
step:2254/3325 train_time:4191.382s step_avg:1859.53ms
step:2255/3325 train_time:4193.185s step_avg:1859.51ms
step:2256/3325 train_time:4194.988s step_avg:1859.48ms
step:2257/3325 train_time:4196.790s step_avg:1859.45ms
step:2258/3325 train_time:4198.591s step_avg:1859.43ms
step:2259/3325 train_time:4200.394s step_avg:1859.40ms
step:2260/3325 train_time:4202.196s step_avg:1859.38ms
step:2261/3325 train_time:4203.999s step_avg:1859.35ms
step:2262/3325 train_time:4205.801s step_avg:1859.33ms
step:2263/3325 train_time:4207.604s step_avg:1859.30ms
step:2264/3325 train_time:4209.409s step_avg:1859.28ms
step:2265/3325 train_time:4211.212s step_avg:1859.25ms
step:2266/3325 train_time:4213.014s step_avg:1859.23ms
step:2267/3325 train_time:4214.815s step_avg:1859.20ms
step:2268/3325 train_time:4216.618s step_avg:1859.18ms
step:2269/3325 train_time:4218.420s step_avg:1859.15ms
step:2270/3325 train_time:4220.222s step_avg:1859.13ms
step:2271/3325 train_time:4222.025s step_avg:1859.10ms
step:2272/3325 train_time:4223.827s step_avg:1859.08ms
step:2273/3325 train_time:4225.629s step_avg:1859.05ms
step:2274/3325 train_time:4227.431s step_avg:1859.03ms
step:2275/3325 train_time:4229.510s step_avg:1859.13ms
step:2276/3325 train_time:4231.313s step_avg:1859.10ms
step:2277/3325 train_time:4233.115s step_avg:1859.08ms
step:2278/3325 train_time:4234.917s step_avg:1859.05ms
step:2279/3325 train_time:4236.721s step_avg:1859.03ms
step:2280/3325 train_time:4238.540s step_avg:1859.01ms
step:2281/3325 train_time:4240.377s step_avg:1859.00ms
step:2282/3325 train_time:4242.179s step_avg:1858.97ms
step:2283/3325 train_time:4243.981s step_avg:1858.95ms
step:2284/3325 train_time:4245.782s step_avg:1858.92ms
step:2285/3325 train_time:4247.584s step_avg:1858.90ms
step:2286/3325 train_time:4249.385s step_avg:1858.87ms
step:2287/3325 train_time:4251.187s step_avg:1858.85ms
step:2288/3325 train_time:4252.989s step_avg:1858.82ms
step:2289/3325 train_time:4254.791s step_avg:1858.80ms
step:2290/3325 train_time:4256.593s step_avg:1858.77ms
step:2291/3325 train_time:4258.394s step_avg:1858.75ms
step:2292/3325 train_time:4260.197s step_avg:1858.72ms
step:2293/3325 train_time:4261.999s step_avg:1858.70ms
step:2294/3325 train_time:4263.801s step_avg:1858.68ms
step:2295/3325 train_time:4265.603s step_avg:1858.65ms
step:2296/3325 train_time:4267.406s step_avg:1858.63ms
step:2297/3325 train_time:4269.208s step_avg:1858.60ms
step:2298/3325 train_time:4271.013s step_avg:1858.58ms
step:2299/3325 train_time:4272.815s step_avg:1858.55ms
step:2300/3325 train_time:4274.895s step_avg:1858.65ms
step:2301/3325 train_time:4276.696s step_avg:1858.63ms
step:2302/3325 train_time:4278.501s step_avg:1858.60ms
step:2303/3325 train_time:4280.305s step_avg:1858.58ms
step:2304/3325 train_time:4282.109s step_avg:1858.55ms
step:2305/3325 train_time:4283.912s step_avg:1858.53ms
step:2306/3325 train_time:4285.715s step_avg:1858.51ms
step:2307/3325 train_time:4287.518s step_avg:1858.48ms
step:2308/3325 train_time:4289.321s step_avg:1858.46ms
step:2309/3325 train_time:4291.124s step_avg:1858.43ms
step:2310/3325 train_time:4292.942s step_avg:1858.42ms
step:2311/3325 train_time:4294.744s step_avg:1858.39ms
step:2312/3325 train_time:4296.547s step_avg:1858.37ms
step:2313/3325 train_time:4298.349s step_avg:1858.34ms
step:2314/3325 train_time:4300.151s step_avg:1858.32ms
step:2315/3325 train_time:4301.954s step_avg:1858.30ms
step:2316/3325 train_time:4303.756s step_avg:1858.27ms
step:2317/3325 train_time:4305.557s step_avg:1858.25ms
step:2318/3325 train_time:4307.360s step_avg:1858.22ms
step:2319/3325 train_time:4309.162s step_avg:1858.20ms
step:2320/3325 train_time:4310.966s step_avg:1858.18ms
step:2321/3325 train_time:4312.768s step_avg:1858.15ms
step:2322/3325 train_time:4314.570s step_avg:1858.13ms
step:2323/3325 train_time:4316.372s step_avg:1858.10ms
step:2324/3325 train_time:4318.175s step_avg:1858.08ms
step:2325/3325 train_time:4320.254s step_avg:1858.17ms
step:2326/3325 train_time:4322.056s step_avg:1858.15ms
step:2327/3325 train_time:4323.859s step_avg:1858.13ms
step:2328/3325 train_time:4325.661s step_avg:1858.10ms
step:2329/3325 train_time:4327.463s step_avg:1858.08ms
step:2330/3325 train_time:4329.264s step_avg:1858.05ms
step:2331/3325 train_time:4331.069s step_avg:1858.03ms
step:2332/3325 train_time:4332.873s step_avg:1858.01ms
step:2333/3325 train_time:4334.677s step_avg:1857.98ms
step:2334/3325 train_time:4336.480s step_avg:1857.96ms
step:2335/3325 train_time:4338.283s step_avg:1857.94ms
step:2336/3325 train_time:4340.087s step_avg:1857.91ms
step:2337/3325 train_time:4341.890s step_avg:1857.89ms
step:2338/3325 train_time:4343.693s step_avg:1857.87ms
step:2339/3325 train_time:4345.495s step_avg:1857.84ms
step:2340/3325 train_time:4347.314s step_avg:1857.83ms
step:2341/3325 train_time:4349.116s step_avg:1857.80ms
step:2342/3325 train_time:4350.918s step_avg:1857.78ms
step:2343/3325 train_time:4352.721s step_avg:1857.76ms
step:2344/3325 train_time:4354.523s step_avg:1857.73ms
step:2345/3325 train_time:4356.325s step_avg:1857.71ms
step:2346/3325 train_time:4358.128s step_avg:1857.68ms
step:2347/3325 train_time:4359.930s step_avg:1857.66ms
step:2348/3325 train_time:4361.732s step_avg:1857.64ms
step:2349/3325 train_time:4363.534s step_avg:1857.61ms
step:2350/3325 train_time:4365.613s step_avg:1857.71ms
step:2351/3325 train_time:4367.415s step_avg:1857.68ms
step:2352/3325 train_time:4369.217s step_avg:1857.66ms
step:2353/3325 train_time:4371.020s step_avg:1857.64ms
step:2354/3325 train_time:4372.822s step_avg:1857.61ms
step:2355/3325 train_time:4374.625s step_avg:1857.59ms
step:2356/3325 train_time:4376.427s step_avg:1857.57ms
step:2357/3325 train_time:4378.229s step_avg:1857.54ms
step:2358/3325 train_time:4380.031s step_avg:1857.52ms
step:2359/3325 train_time:4381.833s step_avg:1857.50ms
step:2360/3325 train_time:4383.635s step_avg:1857.47ms
step:2361/3325 train_time:4385.437s step_avg:1857.45ms
step:2362/3325 train_time:4387.239s step_avg:1857.43ms
step:2363/3325 train_time:4389.041s step_avg:1857.40ms
step:2364/3325 train_time:4390.844s step_avg:1857.38ms
step:2365/3325 train_time:4392.646s step_avg:1857.36ms
step:2366/3325 train_time:4394.449s step_avg:1857.33ms
step:2367/3325 train_time:4396.251s step_avg:1857.31ms
step:2368/3325 train_time:4398.053s step_avg:1857.29ms
step:2369/3325 train_time:4399.855s step_avg:1857.26ms
step:2370/3325 train_time:4401.674s step_avg:1857.25ms
step:2371/3325 train_time:4403.476s step_avg:1857.22ms
step:2372/3325 train_time:4405.279s step_avg:1857.20ms
step:2373/3325 train_time:4407.082s step_avg:1857.18ms
step:2374/3325 train_time:4408.885s step_avg:1857.15ms
step:2375/3325 train_time:4411.036s step_avg:1857.28ms
step:2375/3325 val_loss:3.39929 train_time:4411.037s step_avg:1814.92ms
step:2376/3325 train_time:4412.840s step_avg:1857.26ms
step:2377/3325 train_time:4414.642s step_avg:1857.23ms
step:2378/3325 train_time:4416.445s step_avg:1857.21ms
step:2379/3325 train_time:4418.248s step_avg:1857.19ms
step:2380/3325 train_time:4420.051s step_avg:1857.16ms
step:2381/3325 train_time:4421.853s step_avg:1857.14ms
step:2382/3325 train_time:4423.656s step_avg:1857.12ms
step:2383/3325 train_time:4425.458s step_avg:1857.10ms
step:2384/3325 train_time:4427.261s step_avg:1857.07ms
step:2385/3325 train_time:4429.064s step_avg:1857.05ms
step:2386/3325 train_time:4430.866s step_avg:1857.03ms
step:2387/3325 train_time:4432.669s step_avg:1857.00ms
step:2388/3325 train_time:4434.472s step_avg:1856.98ms
step:2389/3325 train_time:4436.275s step_avg:1856.96ms
step:2390/3325 train_time:4438.078s step_avg:1856.94ms
step:2391/3325 train_time:4439.881s step_avg:1856.91ms
step:2392/3325 train_time:4441.684s step_avg:1856.89ms
step:2393/3325 train_time:4443.487s step_avg:1856.87ms
step:2394/3325 train_time:4445.290s step_avg:1856.85ms
step:2395/3325 train_time:4447.092s step_avg:1856.82ms
step:2396/3325 train_time:4448.896s step_avg:1856.80ms
step:2397/3325 train_time:4450.698s step_avg:1856.78ms
step:2398/3325 train_time:4452.501s step_avg:1856.76ms
step:2399/3325 train_time:4454.303s step_avg:1856.73ms
step:2400/3325 train_time:4456.399s step_avg:1856.83ms
step:2401/3325 train_time:4458.201s step_avg:1856.81ms
step:2402/3325 train_time:4460.004s step_avg:1856.79ms
step:2403/3325 train_time:4461.806s step_avg:1856.76ms
step:2404/3325 train_time:4463.608s step_avg:1856.74ms
step:2405/3325 train_time:4465.411s step_avg:1856.72ms
step:2406/3325 train_time:4467.214s step_avg:1856.70ms
step:2407/3325 train_time:4469.018s step_avg:1856.68ms
step:2408/3325 train_time:4470.821s step_avg:1856.65ms
step:2409/3325 train_time:4472.624s step_avg:1856.63ms
step:2410/3325 train_time:4474.427s step_avg:1856.61ms
step:2411/3325 train_time:4476.230s step_avg:1856.59ms
step:2412/3325 train_time:4478.033s step_avg:1856.56ms
step:2413/3325 train_time:4479.836s step_avg:1856.54ms
step:2414/3325 train_time:4481.639s step_avg:1856.52ms
step:2415/3325 train_time:4483.442s step_avg:1856.50ms
step:2416/3325 train_time:4485.245s step_avg:1856.48ms
step:2417/3325 train_time:4487.048s step_avg:1856.45ms
step:2418/3325 train_time:4488.852s step_avg:1856.43ms
step:2419/3325 train_time:4490.655s step_avg:1856.41ms
step:2420/3325 train_time:4492.459s step_avg:1856.39ms
step:2421/3325 train_time:4494.262s step_avg:1856.37ms
step:2422/3325 train_time:4496.065s step_avg:1856.34ms
step:2423/3325 train_time:4497.868s step_avg:1856.32ms
step:2424/3325 train_time:4499.672s step_avg:1856.30ms
step:2425/3325 train_time:4501.751s step_avg:1856.39ms
step:2426/3325 train_time:4503.554s step_avg:1856.37ms
step:2427/3325 train_time:4505.361s step_avg:1856.35ms
step:2428/3325 train_time:4507.166s step_avg:1856.33ms
step:2429/3325 train_time:4508.972s step_avg:1856.31ms
step:2430/3325 train_time:4510.792s step_avg:1856.29ms
step:2431/3325 train_time:4512.596s step_avg:1856.27ms
step:2432/3325 train_time:4514.399s step_avg:1856.25ms
step:2433/3325 train_time:4516.203s step_avg:1856.23ms
step:2434/3325 train_time:4518.006s step_avg:1856.21ms
step:2435/3325 train_time:4519.809s step_avg:1856.18ms
step:2436/3325 train_time:4521.611s step_avg:1856.16ms
step:2437/3325 train_time:4523.413s step_avg:1856.14ms
step:2438/3325 train_time:4525.216s step_avg:1856.12ms
step:2439/3325 train_time:4527.019s step_avg:1856.10ms
step:2440/3325 train_time:4528.823s step_avg:1856.07ms
step:2441/3325 train_time:4530.626s step_avg:1856.05ms
step:2442/3325 train_time:4532.429s step_avg:1856.03ms
step:2443/3325 train_time:4534.232s step_avg:1856.01ms
step:2444/3325 train_time:4536.034s step_avg:1855.99ms
step:2445/3325 train_time:4537.838s step_avg:1855.97ms
step:2446/3325 train_time:4539.641s step_avg:1855.94ms
step:2447/3325 train_time:4541.444s step_avg:1855.92ms
step:2448/3325 train_time:4543.247s step_avg:1855.90ms
step:2449/3325 train_time:4545.050s step_avg:1855.88ms
step:2450/3325 train_time:4547.130s step_avg:1855.97ms
step:2451/3325 train_time:4548.932s step_avg:1855.95ms
step:2452/3325 train_time:4550.736s step_avg:1855.93ms
step:2453/3325 train_time:4552.539s step_avg:1855.91ms
step:2454/3325 train_time:4554.343s step_avg:1855.89ms
step:2455/3325 train_time:4556.145s step_avg:1855.86ms
step:2456/3325 train_time:4557.949s step_avg:1855.84ms
step:2457/3325 train_time:4559.751s step_avg:1855.82ms
step:2458/3325 train_time:4561.555s step_avg:1855.80ms
step:2459/3325 train_time:4563.358s step_avg:1855.78ms
step:2460/3325 train_time:4565.178s step_avg:1855.76ms
step:2461/3325 train_time:4566.980s step_avg:1855.74ms
step:2462/3325 train_time:4568.785s step_avg:1855.72ms
step:2463/3325 train_time:4570.592s step_avg:1855.70ms
step:2464/3325 train_time:4572.397s step_avg:1855.68ms
step:2465/3325 train_time:4574.201s step_avg:1855.66ms
step:2466/3325 train_time:4576.004s step_avg:1855.64ms
step:2467/3325 train_time:4577.807s step_avg:1855.62ms
step:2468/3325 train_time:4579.611s step_avg:1855.60ms
step:2469/3325 train_time:4581.413s step_avg:1855.57ms
step:2470/3325 train_time:4583.215s step_avg:1855.55ms
step:2471/3325 train_time:4585.054s step_avg:1855.55ms
step:2472/3325 train_time:4586.858s step_avg:1855.52ms
step:2473/3325 train_time:4588.661s step_avg:1855.50ms
step:2474/3325 train_time:4590.464s step_avg:1855.48ms
step:2475/3325 train_time:4592.544s step_avg:1855.57ms
step:2476/3325 train_time:4594.347s step_avg:1855.55ms
step:2477/3325 train_time:4596.150s step_avg:1855.53ms
step:2478/3325 train_time:4597.954s step_avg:1855.51ms
step:2479/3325 train_time:4599.757s step_avg:1855.49ms
step:2480/3325 train_time:4601.560s step_avg:1855.47ms
step:2481/3325 train_time:4603.362s step_avg:1855.45ms
step:2482/3325 train_time:4605.165s step_avg:1855.42ms
step:2483/3325 train_time:4606.967s step_avg:1855.40ms
step:2484/3325 train_time:4608.771s step_avg:1855.38ms
step:2485/3325 train_time:4610.573s step_avg:1855.36ms
step:2486/3325 train_time:4612.377s step_avg:1855.34ms
step:2487/3325 train_time:4614.180s step_avg:1855.32ms
step:2488/3325 train_time:4615.983s step_avg:1855.30ms
step:2489/3325 train_time:4617.786s step_avg:1855.28ms
step:2490/3325 train_time:4619.605s step_avg:1855.26ms
step:2491/3325 train_time:4621.408s step_avg:1855.24ms
step:2492/3325 train_time:4623.210s step_avg:1855.22ms
step:2493/3325 train_time:4625.012s step_avg:1855.20ms
step:2494/3325 train_time:4626.815s step_avg:1855.18ms
step:2495/3325 train_time:4628.617s step_avg:1855.16ms
step:2496/3325 train_time:4630.421s step_avg:1855.14ms
step:2497/3325 train_time:4632.223s step_avg:1855.12ms
step:2498/3325 train_time:4634.026s step_avg:1855.09ms
step:2499/3325 train_time:4635.829s step_avg:1855.07ms
step:2500/3325 train_time:4637.975s step_avg:1855.19ms
step:2500/3325 val_loss:3.37541 train_time:4637.975s step_avg:1815.51ms
step:2501/3325 train_time:4639.779s step_avg:1855.17ms
step:2502/3325 train_time:4641.582s step_avg:1855.15ms
step:2503/3325 train_time:4643.386s step_avg:1855.13ms
step:2504/3325 train_time:4645.189s step_avg:1855.11ms
step:2505/3325 train_time:4646.995s step_avg:1855.09ms
step:2506/3325 train_time:4648.798s step_avg:1855.07ms
step:2507/3325 train_time:4650.602s step_avg:1855.05ms
step:2508/3325 train_time:4652.405s step_avg:1855.03ms
step:2509/3325 train_time:4654.207s step_avg:1855.00ms
step:2510/3325 train_time:4656.010s step_avg:1854.98ms
step:2511/3325 train_time:4657.814s step_avg:1854.96ms
step:2512/3325 train_time:4659.617s step_avg:1854.94ms
step:2513/3325 train_time:4661.419s step_avg:1854.92ms
step:2514/3325 train_time:4663.224s step_avg:1854.90ms
step:2515/3325 train_time:4665.027s step_avg:1854.88ms
step:2516/3325 train_time:4666.829s step_avg:1854.86ms
step:2517/3325 train_time:4668.632s step_avg:1854.84ms
step:2518/3325 train_time:4670.435s step_avg:1854.82ms
step:2519/3325 train_time:4672.239s step_avg:1854.80ms
step:2520/3325 train_time:4674.059s step_avg:1854.79ms
step:2521/3325 train_time:4675.861s step_avg:1854.76ms
step:2522/3325 train_time:4677.665s step_avg:1854.74ms
step:2523/3325 train_time:4679.467s step_avg:1854.72ms
step:2524/3325 train_time:4681.271s step_avg:1854.70ms
step:2525/3325 train_time:4683.352s step_avg:1854.79ms
step:2526/3325 train_time:4685.155s step_avg:1854.77ms
step:2527/3325 train_time:4686.957s step_avg:1854.75ms
step:2528/3325 train_time:4688.761s step_avg:1854.73ms
step:2529/3325 train_time:4690.564s step_avg:1854.71ms
step:2530/3325 train_time:4692.367s step_avg:1854.69ms
step:2531/3325 train_time:4694.171s step_avg:1854.67ms
step:2532/3325 train_time:4695.973s step_avg:1854.65ms
step:2533/3325 train_time:4697.777s step_avg:1854.63ms
step:2534/3325 train_time:4699.580s step_avg:1854.61ms
step:2535/3325 train_time:4701.383s step_avg:1854.59ms
step:2536/3325 train_time:4703.186s step_avg:1854.57ms
step:2537/3325 train_time:4704.989s step_avg:1854.55ms
step:2538/3325 train_time:4706.792s step_avg:1854.53ms
step:2539/3325 train_time:4708.596s step_avg:1854.51ms
step:2540/3325 train_time:4710.399s step_avg:1854.49ms
step:2541/3325 train_time:4712.202s step_avg:1854.47ms
step:2542/3325 train_time:4714.005s step_avg:1854.45ms
step:2543/3325 train_time:4715.808s step_avg:1854.43ms
step:2544/3325 train_time:4717.611s step_avg:1854.41ms
step:2545/3325 train_time:4719.414s step_avg:1854.39ms
step:2546/3325 train_time:4721.218s step_avg:1854.37ms
step:2547/3325 train_time:4723.020s step_avg:1854.35ms
step:2548/3325 train_time:4724.824s step_avg:1854.33ms
step:2549/3325 train_time:4726.627s step_avg:1854.31ms
step:2550/3325 train_time:4728.724s step_avg:1854.40ms
step:2551/3325 train_time:4730.527s step_avg:1854.38ms
step:2552/3325 train_time:4732.329s step_avg:1854.36ms
step:2553/3325 train_time:4734.132s step_avg:1854.34ms
step:2554/3325 train_time:4735.935s step_avg:1854.32ms
step:2555/3325 train_time:4737.738s step_avg:1854.30ms
step:2556/3325 train_time:4739.542s step_avg:1854.28ms
step:2557/3325 train_time:4741.345s step_avg:1854.26ms
step:2558/3325 train_time:4743.148s step_avg:1854.24ms
step:2559/3325 train_time:4744.952s step_avg:1854.22ms
step:2560/3325 train_time:4746.755s step_avg:1854.20ms
step:2561/3325 train_time:4748.559s step_avg:1854.18ms
step:2562/3325 train_time:4750.363s step_avg:1854.16ms
step:2563/3325 train_time:4752.166s step_avg:1854.14ms
step:2564/3325 train_time:4753.970s step_avg:1854.12ms
step:2565/3325 train_time:4755.773s step_avg:1854.10ms
step:2566/3325 train_time:4757.576s step_avg:1854.08ms
step:2567/3325 train_time:4759.380s step_avg:1854.06ms
step:2568/3325 train_time:4761.183s step_avg:1854.04ms
step:2569/3325 train_time:4762.986s step_avg:1854.02ms
step:2570/3325 train_time:4764.788s step_avg:1854.00ms
step:2571/3325 train_time:4766.591s step_avg:1853.98ms
step:2572/3325 train_time:4768.394s step_avg:1853.96ms
step:2573/3325 train_time:4770.197s step_avg:1853.94ms
step:2574/3325 train_time:4772.000s step_avg:1853.92ms
step:2575/3325 train_time:4774.080s step_avg:1854.01ms
step:2576/3325 train_time:4775.883s step_avg:1853.99ms
step:2577/3325 train_time:4777.687s step_avg:1853.97ms
step:2578/3325 train_time:4779.493s step_avg:1853.95ms
step:2579/3325 train_time:4781.298s step_avg:1853.93ms
step:2580/3325 train_time:4783.118s step_avg:1853.92ms
step:2581/3325 train_time:4784.920s step_avg:1853.90ms
step:2582/3325 train_time:4786.724s step_avg:1853.88ms
step:2583/3325 train_time:4788.528s step_avg:1853.86ms
step:2584/3325 train_time:4790.331s step_avg:1853.84ms
step:2585/3325 train_time:4792.133s step_avg:1853.82ms
step:2586/3325 train_time:4793.937s step_avg:1853.80ms
step:2587/3325 train_time:4795.739s step_avg:1853.78ms
step:2588/3325 train_time:4797.544s step_avg:1853.76ms
step:2589/3325 train_time:4799.347s step_avg:1853.75ms
step:2590/3325 train_time:4801.149s step_avg:1853.73ms
step:2591/3325 train_time:4802.951s step_avg:1853.71ms
step:2592/3325 train_time:4804.754s step_avg:1853.69ms
step:2593/3325 train_time:4806.557s step_avg:1853.67ms
step:2594/3325 train_time:4808.360s step_avg:1853.65ms
step:2595/3325 train_time:4810.164s step_avg:1853.63ms
step:2596/3325 train_time:4811.967s step_avg:1853.61ms
step:2597/3325 train_time:4813.770s step_avg:1853.59ms
step:2598/3325 train_time:4815.572s step_avg:1853.57ms
step:2599/3325 train_time:4817.376s step_avg:1853.55ms
step:2600/3325 train_time:4819.458s step_avg:1853.64ms
step:2601/3325 train_time:4821.261s step_avg:1853.62ms
step:2602/3325 train_time:4823.065s step_avg:1853.60ms
step:2603/3325 train_time:4824.867s step_avg:1853.58ms
step:2604/3325 train_time:4826.669s step_avg:1853.56ms
step:2605/3325 train_time:4828.472s step_avg:1853.54ms
step:2606/3325 train_time:4830.275s step_avg:1853.52ms
step:2607/3325 train_time:4832.077s step_avg:1853.50ms
step:2608/3325 train_time:4833.880s step_avg:1853.48ms
step:2609/3325 train_time:4835.682s step_avg:1853.46ms
step:2610/3325 train_time:4837.502s step_avg:1853.45ms
step:2611/3325 train_time:4839.304s step_avg:1853.43ms
step:2612/3325 train_time:4841.107s step_avg:1853.41ms
step:2613/3325 train_time:4842.909s step_avg:1853.39ms
step:2614/3325 train_time:4844.711s step_avg:1853.37ms
step:2615/3325 train_time:4846.514s step_avg:1853.35ms
step:2616/3325 train_time:4848.317s step_avg:1853.33ms
step:2617/3325 train_time:4850.119s step_avg:1853.31ms
step:2618/3325 train_time:4851.922s step_avg:1853.29ms
step:2619/3325 train_time:4853.724s step_avg:1853.27ms
step:2620/3325 train_time:4855.527s step_avg:1853.25ms
step:2621/3325 train_time:4857.329s step_avg:1853.23ms
step:2622/3325 train_time:4859.132s step_avg:1853.22ms
step:2623/3325 train_time:4860.934s step_avg:1853.20ms
step:2624/3325 train_time:4862.736s step_avg:1853.18ms
step:2625/3325 train_time:4864.883s step_avg:1853.29ms
step:2625/3325 val_loss:3.35190 train_time:4864.884s step_avg:1815.27ms
step:2626/3325 train_time:4866.687s step_avg:1853.27ms
step:2627/3325 train_time:4868.490s step_avg:1853.25ms
step:2628/3325 train_time:4870.293s step_avg:1853.23ms
step:2629/3325 train_time:4872.097s step_avg:1853.21ms
step:2630/3325 train_time:4873.900s step_avg:1853.19ms
step:2631/3325 train_time:4875.710s step_avg:1853.18ms
step:2632/3325 train_time:4877.513s step_avg:1853.16ms
step:2633/3325 train_time:4879.316s step_avg:1853.14ms
step:2634/3325 train_time:4881.119s step_avg:1853.12ms
step:2635/3325 train_time:4882.922s step_avg:1853.10ms
step:2636/3325 train_time:4884.724s step_avg:1853.08ms
step:2637/3325 train_time:4886.527s step_avg:1853.06ms
step:2638/3325 train_time:4888.330s step_avg:1853.04ms
step:2639/3325 train_time:4890.132s step_avg:1853.02ms
step:2640/3325 train_time:4891.952s step_avg:1853.01ms
step:2641/3325 train_time:4893.754s step_avg:1852.99ms
step:2642/3325 train_time:4895.561s step_avg:1852.98ms
step:2643/3325 train_time:4897.365s step_avg:1852.96ms
step:2644/3325 train_time:4899.169s step_avg:1852.94ms
step:2645/3325 train_time:4900.971s step_avg:1852.92ms
step:2646/3325 train_time:4902.773s step_avg:1852.90ms
step:2647/3325 train_time:4904.576s step_avg:1852.88ms
step:2648/3325 train_time:4906.379s step_avg:1852.86ms
step:2649/3325 train_time:4908.182s step_avg:1852.84ms
step:2650/3325 train_time:4910.262s step_avg:1852.93ms
step:2651/3325 train_time:4912.065s step_avg:1852.91ms
step:2652/3325 train_time:4913.867s step_avg:1852.89ms
step:2653/3325 train_time:4915.670s step_avg:1852.87ms
step:2654/3325 train_time:4917.473s step_avg:1852.85ms
step:2655/3325 train_time:4919.275s step_avg:1852.83ms
step:2656/3325 train_time:4921.080s step_avg:1852.82ms
step:2657/3325 train_time:4922.883s step_avg:1852.80ms
step:2658/3325 train_time:4924.687s step_avg:1852.78ms
step:2659/3325 train_time:4926.490s step_avg:1852.76ms
step:2660/3325 train_time:4928.292s step_avg:1852.74ms
step:2661/3325 train_time:4930.131s step_avg:1852.74ms
step:2662/3325 train_time:4931.934s step_avg:1852.72ms
step:2663/3325 train_time:4933.738s step_avg:1852.70ms
step:2664/3325 train_time:4935.542s step_avg:1852.68ms
step:2665/3325 train_time:4937.345s step_avg:1852.66ms
step:2666/3325 train_time:4939.148s step_avg:1852.64ms
step:2667/3325 train_time:4940.951s step_avg:1852.63ms
step:2668/3325 train_time:4942.755s step_avg:1852.61ms
step:2669/3325 train_time:4944.558s step_avg:1852.59ms
step:2670/3325 train_time:4946.377s step_avg:1852.58ms
step:2671/3325 train_time:4948.180s step_avg:1852.56ms
step:2672/3325 train_time:4949.983s step_avg:1852.54ms
step:2673/3325 train_time:4951.787s step_avg:1852.52ms
step:2674/3325 train_time:4953.590s step_avg:1852.50ms
step:2675/3325 train_time:4955.671s step_avg:1852.59ms
step:2676/3325 train_time:4957.474s step_avg:1852.57ms
step:2677/3325 train_time:4959.277s step_avg:1852.55ms
step:2678/3325 train_time:4961.080s step_avg:1852.53ms
step:2679/3325 train_time:4962.882s step_avg:1852.51ms
step:2680/3325 train_time:4964.685s step_avg:1852.49ms
step:2681/3325 train_time:4966.488s step_avg:1852.48ms
step:2682/3325 train_time:4968.291s step_avg:1852.46ms
step:2683/3325 train_time:4970.094s step_avg:1852.44ms
step:2684/3325 train_time:4971.897s step_avg:1852.42ms
step:2685/3325 train_time:4973.700s step_avg:1852.40ms
step:2686/3325 train_time:4975.505s step_avg:1852.38ms
step:2687/3325 train_time:4977.308s step_avg:1852.37ms
step:2688/3325 train_time:4979.111s step_avg:1852.35ms
step:2689/3325 train_time:4980.913s step_avg:1852.33ms
step:2690/3325 train_time:4982.716s step_avg:1852.31ms
step:2691/3325 train_time:4984.520s step_avg:1852.29ms
step:2692/3325 train_time:4986.322s step_avg:1852.27ms
step:2693/3325 train_time:4988.124s step_avg:1852.26ms
step:2694/3325 train_time:4989.927s step_avg:1852.24ms
step:2695/3325 train_time:4991.729s step_avg:1852.22ms
step:2696/3325 train_time:4993.533s step_avg:1852.20ms
step:2697/3325 train_time:4995.336s step_avg:1852.18ms
step:2698/3325 train_time:4997.139s step_avg:1852.16ms
step:2699/3325 train_time:4998.942s step_avg:1852.15ms
step:2700/3325 train_time:5001.036s step_avg:1852.24ms
step:2701/3325 train_time:5002.839s step_avg:1852.22ms
step:2702/3325 train_time:5004.642s step_avg:1852.20ms
step:2703/3325 train_time:5006.445s step_avg:1852.18ms
step:2704/3325 train_time:5008.248s step_avg:1852.16ms
step:2705/3325 train_time:5010.051s step_avg:1852.14ms
step:2706/3325 train_time:5011.853s step_avg:1852.13ms
step:2707/3325 train_time:5013.656s step_avg:1852.11ms
step:2708/3325 train_time:5015.459s step_avg:1852.09ms
step:2709/3325 train_time:5017.261s step_avg:1852.07ms
step:2710/3325 train_time:5019.064s step_avg:1852.05ms
step:2711/3325 train_time:5020.866s step_avg:1852.03ms
step:2712/3325 train_time:5022.669s step_avg:1852.02ms
step:2713/3325 train_time:5024.471s step_avg:1852.00ms
step:2714/3325 train_time:5026.275s step_avg:1851.98ms
step:2715/3325 train_time:5028.077s step_avg:1851.96ms
step:2716/3325 train_time:5029.879s step_avg:1851.94ms
step:2717/3325 train_time:5031.682s step_avg:1851.93ms
step:2718/3325 train_time:5033.484s step_avg:1851.91ms
step:2719/3325 train_time:5035.288s step_avg:1851.89ms
step:2720/3325 train_time:5037.091s step_avg:1851.87ms
step:2721/3325 train_time:5038.894s step_avg:1851.85ms
step:2722/3325 train_time:5040.696s step_avg:1851.84ms
step:2723/3325 train_time:5042.500s step_avg:1851.82ms
step:2724/3325 train_time:5044.302s step_avg:1851.80ms
step:2725/3325 train_time:5046.384s step_avg:1851.88ms
step:2726/3325 train_time:5048.186s step_avg:1851.87ms
step:2727/3325 train_time:5049.987s step_avg:1851.85ms
step:2728/3325 train_time:5051.789s step_avg:1851.83ms
step:2729/3325 train_time:5053.592s step_avg:1851.81ms
step:2730/3325 train_time:5055.412s step_avg:1851.80ms
step:2731/3325 train_time:5057.215s step_avg:1851.78ms
step:2732/3325 train_time:5059.018s step_avg:1851.76ms
step:2733/3325 train_time:5060.821s step_avg:1851.75ms
step:2734/3325 train_time:5062.624s step_avg:1851.73ms
step:2735/3325 train_time:5064.426s step_avg:1851.71ms
step:2736/3325 train_time:5066.230s step_avg:1851.69ms
step:2737/3325 train_time:5068.032s step_avg:1851.67ms
step:2738/3325 train_time:5069.835s step_avg:1851.66ms
step:2739/3325 train_time:5071.637s step_avg:1851.64ms
step:2740/3325 train_time:5073.440s step_avg:1851.62ms
step:2741/3325 train_time:5075.245s step_avg:1851.60ms
step:2742/3325 train_time:5077.048s step_avg:1851.59ms
step:2743/3325 train_time:5078.853s step_avg:1851.57ms
step:2744/3325 train_time:5080.656s step_avg:1851.55ms
step:2745/3325 train_time:5082.459s step_avg:1851.53ms
step:2746/3325 train_time:5084.263s step_avg:1851.52ms
step:2747/3325 train_time:5086.066s step_avg:1851.50ms
step:2748/3325 train_time:5087.870s step_avg:1851.48ms
step:2749/3325 train_time:5089.673s step_avg:1851.46ms
step:2750/3325 train_time:5091.822s step_avg:1851.57ms
step:2750/3325 val_loss:3.33108 train_time:5091.822s step_avg:1815.51ms
step:2751/3325 train_time:5093.626s step_avg:1851.55ms
step:2752/3325 train_time:5095.430s step_avg:1851.54ms
step:2753/3325 train_time:5097.234s step_avg:1851.52ms
step:2754/3325 train_time:5099.038s step_avg:1851.50ms
step:2755/3325 train_time:5100.841s step_avg:1851.48ms
step:2756/3325 train_time:5102.645s step_avg:1851.47ms
step:2757/3325 train_time:5104.448s step_avg:1851.45ms
step:2758/3325 train_time:5106.253s step_avg:1851.43ms
step:2759/3325 train_time:5108.056s step_avg:1851.42ms
step:2760/3325 train_time:5109.875s step_avg:1851.40ms
step:2761/3325 train_time:5111.679s step_avg:1851.39ms
step:2762/3325 train_time:5113.483s step_avg:1851.37ms
step:2763/3325 train_time:5115.287s step_avg:1851.35ms
step:2764/3325 train_time:5117.090s step_avg:1851.34ms
step:2765/3325 train_time:5118.893s step_avg:1851.32ms
step:2766/3325 train_time:5120.695s step_avg:1851.30ms
step:2767/3325 train_time:5122.498s step_avg:1851.28ms
step:2768/3325 train_time:5124.302s step_avg:1851.27ms
step:2769/3325 train_time:5126.107s step_avg:1851.25ms
step:2770/3325 train_time:5127.911s step_avg:1851.23ms
step:2771/3325 train_time:5129.713s step_avg:1851.21ms
step:2772/3325 train_time:5131.516s step_avg:1851.20ms
step:2773/3325 train_time:5133.320s step_avg:1851.18ms
step:2774/3325 train_time:5135.123s step_avg:1851.16ms
step:2775/3325 train_time:5137.207s step_avg:1851.25ms
step:2776/3325 train_time:5139.010s step_avg:1851.23ms
step:2777/3325 train_time:5140.813s step_avg:1851.21ms
step:2778/3325 train_time:5142.616s step_avg:1851.19ms
step:2779/3325 train_time:5144.419s step_avg:1851.18ms
step:2780/3325 train_time:5146.222s step_avg:1851.16ms
step:2781/3325 train_time:5148.025s step_avg:1851.14ms
step:2782/3325 train_time:5149.829s step_avg:1851.12ms
step:2783/3325 train_time:5151.631s step_avg:1851.11ms
step:2784/3325 train_time:5153.435s step_avg:1851.09ms
step:2785/3325 train_time:5155.238s step_avg:1851.07ms
step:2786/3325 train_time:5157.042s step_avg:1851.06ms
step:2787/3325 train_time:5158.848s step_avg:1851.04ms
step:2788/3325 train_time:5160.652s step_avg:1851.02ms
step:2789/3325 train_time:5162.455s step_avg:1851.01ms
step:2790/3325 train_time:5164.276s step_avg:1851.00ms
step:2791/3325 train_time:5166.080s step_avg:1850.98ms
step:2792/3325 train_time:5167.883s step_avg:1850.96ms
step:2793/3325 train_time:5169.686s step_avg:1850.94ms
step:2794/3325 train_time:5171.489s step_avg:1850.93ms
step:2795/3325 train_time:5173.292s step_avg:1850.91ms
step:2796/3325 train_time:5175.095s step_avg:1850.89ms
step:2797/3325 train_time:5176.897s step_avg:1850.87ms
step:2798/3325 train_time:5178.700s step_avg:1850.86ms
step:2799/3325 train_time:5180.503s step_avg:1850.84ms
step:2800/3325 train_time:5182.590s step_avg:1850.92ms
step:2801/3325 train_time:5184.392s step_avg:1850.91ms
step:2802/3325 train_time:5186.196s step_avg:1850.89ms
step:2803/3325 train_time:5187.998s step_avg:1850.87ms
step:2804/3325 train_time:5189.800s step_avg:1850.86ms
step:2805/3325 train_time:5191.603s step_avg:1850.84ms
step:2806/3325 train_time:5193.407s step_avg:1850.82ms
step:2807/3325 train_time:5195.210s step_avg:1850.81ms
step:2808/3325 train_time:5197.016s step_avg:1850.79ms
step:2809/3325 train_time:5198.818s step_avg:1850.77ms
step:2810/3325 train_time:5200.621s step_avg:1850.75ms
step:2811/3325 train_time:5202.423s step_avg:1850.74ms
step:2812/3325 train_time:5204.227s step_avg:1850.72ms
step:2813/3325 train_time:5206.030s step_avg:1850.70ms
step:2814/3325 train_time:5207.832s step_avg:1850.69ms
step:2815/3325 train_time:5209.636s step_avg:1850.67ms
step:2816/3325 train_time:5211.439s step_avg:1850.65ms
step:2817/3325 train_time:5213.243s step_avg:1850.64ms
step:2818/3325 train_time:5215.046s step_avg:1850.62ms
step:2819/3325 train_time:5216.848s step_avg:1850.60ms
step:2820/3325 train_time:5218.667s step_avg:1850.59ms
step:2821/3325 train_time:5220.469s step_avg:1850.57ms
step:2822/3325 train_time:5222.272s step_avg:1850.56ms
step:2823/3325 train_time:5224.075s step_avg:1850.54ms
step:2824/3325 train_time:5225.877s step_avg:1850.52ms
step:2825/3325 train_time:5227.956s step_avg:1850.60ms
step:2826/3325 train_time:5229.759s step_avg:1850.59ms
step:2827/3325 train_time:5231.561s step_avg:1850.57ms
step:2828/3325 train_time:5233.364s step_avg:1850.55ms
step:2829/3325 train_time:5235.167s step_avg:1850.54ms
step:2830/3325 train_time:5236.972s step_avg:1850.52ms
step:2831/3325 train_time:5238.774s step_avg:1850.50ms
step:2832/3325 train_time:5240.576s step_avg:1850.49ms
step:2833/3325 train_time:5242.379s step_avg:1850.47ms
step:2834/3325 train_time:5244.181s step_avg:1850.45ms
step:2835/3325 train_time:5245.984s step_avg:1850.44ms
step:2836/3325 train_time:5247.788s step_avg:1850.42ms
step:2837/3325 train_time:5249.591s step_avg:1850.40ms
step:2838/3325 train_time:5251.394s step_avg:1850.39ms
step:2839/3325 train_time:5253.197s step_avg:1850.37ms
step:2840/3325 train_time:5255.003s step_avg:1850.35ms
step:2841/3325 train_time:5256.806s step_avg:1850.34ms
step:2842/3325 train_time:5258.609s step_avg:1850.32ms
step:2843/3325 train_time:5260.411s step_avg:1850.30ms
step:2844/3325 train_time:5262.213s step_avg:1850.29ms
step:2845/3325 train_time:5264.018s step_avg:1850.27ms
step:2846/3325 train_time:5265.821s step_avg:1850.25ms
step:2847/3325 train_time:5267.624s step_avg:1850.24ms
step:2848/3325 train_time:5269.426s step_avg:1850.22ms
step:2849/3325 train_time:5271.229s step_avg:1850.20ms
step:2850/3325 train_time:5273.334s step_avg:1850.29ms
step:2851/3325 train_time:5275.169s step_avg:1850.29ms
step:2852/3325 train_time:5276.972s step_avg:1850.27ms
step:2853/3325 train_time:5278.776s step_avg:1850.25ms
step:2854/3325 train_time:5280.578s step_avg:1850.24ms
step:2855/3325 train_time:5282.381s step_avg:1850.22ms
step:2856/3325 train_time:5284.207s step_avg:1850.21ms
step:2857/3325 train_time:5286.010s step_avg:1850.20ms
step:2858/3325 train_time:5287.813s step_avg:1850.18ms
step:2859/3325 train_time:5289.616s step_avg:1850.16ms
step:2860/3325 train_time:5291.424s step_avg:1850.15ms
step:2861/3325 train_time:5293.226s step_avg:1850.13ms
step:2862/3325 train_time:5295.030s step_avg:1850.12ms
step:2863/3325 train_time:5296.833s step_avg:1850.10ms
step:2864/3325 train_time:5298.636s step_avg:1850.08ms
step:2865/3325 train_time:5300.439s step_avg:1850.07ms
step:2866/3325 train_time:5302.241s step_avg:1850.05ms
step:2867/3325 train_time:5304.045s step_avg:1850.03ms
step:2868/3325 train_time:5305.849s step_avg:1850.02ms
step:2869/3325 train_time:5307.652s step_avg:1850.00ms
step:2870/3325 train_time:5309.454s step_avg:1849.98ms
step:2871/3325 train_time:5311.257s step_avg:1849.97ms
step:2872/3325 train_time:5313.060s step_avg:1849.95ms
step:2873/3325 train_time:5314.863s step_avg:1849.93ms
step:2874/3325 train_time:5316.666s step_avg:1849.92ms
step:2875/3325 train_time:5318.811s step_avg:1850.02ms
step:2875/3325 val_loss:3.31271 train_time:5318.811s step_avg:1815.91ms
step:2876/3325 train_time:5320.615s step_avg:1850.01ms
step:2877/3325 train_time:5322.420s step_avg:1849.99ms
step:2878/3325 train_time:5324.225s step_avg:1849.97ms
step:2879/3325 train_time:5326.027s step_avg:1849.96ms
step:2880/3325 train_time:5327.846s step_avg:1849.95ms
step:2881/3325 train_time:5329.648s step_avg:1849.93ms
step:2882/3325 train_time:5331.451s step_avg:1849.91ms
step:2883/3325 train_time:5333.254s step_avg:1849.90ms
step:2884/3325 train_time:5335.057s step_avg:1849.88ms
step:2885/3325 train_time:5336.859s step_avg:1849.86ms
step:2886/3325 train_time:5338.662s step_avg:1849.85ms
step:2887/3325 train_time:5340.464s step_avg:1849.83ms
step:2888/3325 train_time:5342.267s step_avg:1849.82ms
step:2889/3325 train_time:5344.069s step_avg:1849.80ms
step:2890/3325 train_time:5345.871s step_avg:1849.78ms
step:2891/3325 train_time:5347.674s step_avg:1849.77ms
step:2892/3325 train_time:5349.476s step_avg:1849.75ms
step:2893/3325 train_time:5351.279s step_avg:1849.73ms
step:2894/3325 train_time:5353.082s step_avg:1849.72ms
step:2895/3325 train_time:5354.884s step_avg:1849.70ms
step:2896/3325 train_time:5356.687s step_avg:1849.68ms
step:2897/3325 train_time:5358.489s step_avg:1849.67ms
step:2898/3325 train_time:5360.292s step_avg:1849.65ms
step:2899/3325 train_time:5362.097s step_avg:1849.64ms
step:2900/3325 train_time:5364.176s step_avg:1849.72ms
step:2901/3325 train_time:5365.979s step_avg:1849.70ms
step:2902/3325 train_time:5367.781s step_avg:1849.68ms
step:2903/3325 train_time:5369.584s step_avg:1849.67ms
step:2904/3325 train_time:5371.386s step_avg:1849.65ms
step:2905/3325 train_time:5373.189s step_avg:1849.63ms
step:2906/3325 train_time:5374.992s step_avg:1849.62ms
step:2907/3325 train_time:5376.796s step_avg:1849.60ms
step:2908/3325 train_time:5378.599s step_avg:1849.59ms
step:2909/3325 train_time:5380.402s step_avg:1849.57ms
step:2910/3325 train_time:5382.225s step_avg:1849.56ms
step:2911/3325 train_time:5384.028s step_avg:1849.55ms
step:2912/3325 train_time:5385.830s step_avg:1849.53ms
step:2913/3325 train_time:5387.634s step_avg:1849.51ms
step:2914/3325 train_time:5389.437s step_avg:1849.50ms
step:2915/3325 train_time:5391.240s step_avg:1849.48ms
step:2916/3325 train_time:5393.044s step_avg:1849.47ms
step:2917/3325 train_time:5394.847s step_avg:1849.45ms
step:2918/3325 train_time:5396.649s step_avg:1849.43ms
step:2919/3325 train_time:5398.452s step_avg:1849.42ms
step:2920/3325 train_time:5400.256s step_avg:1849.40ms
step:2921/3325 train_time:5402.059s step_avg:1849.39ms
step:2922/3325 train_time:5403.862s step_avg:1849.37ms
step:2923/3325 train_time:5405.665s step_avg:1849.36ms
step:2924/3325 train_time:5407.468s step_avg:1849.34ms
step:2925/3325 train_time:5409.548s step_avg:1849.42ms
step:2926/3325 train_time:5411.351s step_avg:1849.40ms
step:2927/3325 train_time:5413.154s step_avg:1849.39ms
step:2928/3325 train_time:5414.957s step_avg:1849.37ms
step:2929/3325 train_time:5416.760s step_avg:1849.35ms
step:2930/3325 train_time:5418.563s step_avg:1849.34ms
step:2931/3325 train_time:5420.365s step_avg:1849.32ms
step:2932/3325 train_time:5422.170s step_avg:1849.31ms
step:2933/3325 train_time:5423.972s step_avg:1849.29ms
step:2934/3325 train_time:5425.775s step_avg:1849.28ms
step:2935/3325 train_time:5427.578s step_avg:1849.26ms
step:2936/3325 train_time:5429.382s step_avg:1849.24ms
step:2937/3325 train_time:5431.185s step_avg:1849.23ms
step:2938/3325 train_time:5432.989s step_avg:1849.21ms
step:2939/3325 train_time:5434.793s step_avg:1849.20ms
step:2940/3325 train_time:5436.612s step_avg:1849.19ms
step:2941/3325 train_time:5438.415s step_avg:1849.17ms
step:2942/3325 train_time:5440.217s step_avg:1849.16ms
step:2943/3325 train_time:5442.021s step_avg:1849.14ms
step:2944/3325 train_time:5443.823s step_avg:1849.12ms
step:2945/3325 train_time:5445.626s step_avg:1849.11ms
step:2946/3325 train_time:5447.428s step_avg:1849.09ms
step:2947/3325 train_time:5449.230s step_avg:1849.08ms
step:2948/3325 train_time:5451.033s step_avg:1849.06ms
step:2949/3325 train_time:5452.836s step_avg:1849.05ms
step:2950/3325 train_time:5454.918s step_avg:1849.12ms
step:2951/3325 train_time:5456.721s step_avg:1849.11ms
step:2952/3325 train_time:5458.524s step_avg:1849.09ms
step:2953/3325 train_time:5460.326s step_avg:1849.08ms
step:2954/3325 train_time:5462.130s step_avg:1849.06ms
step:2955/3325 train_time:5463.933s step_avg:1849.05ms
step:2956/3325 train_time:5465.735s step_avg:1849.03ms
step:2957/3325 train_time:5467.537s step_avg:1849.01ms
step:2958/3325 train_time:5469.340s step_avg:1849.00ms
step:2959/3325 train_time:5471.142s step_avg:1848.98ms
step:2960/3325 train_time:5472.946s step_avg:1848.97ms
step:2961/3325 train_time:5474.749s step_avg:1848.95ms
step:2962/3325 train_time:5476.552s step_avg:1848.94ms
step:2963/3325 train_time:5478.355s step_avg:1848.92ms
step:2964/3325 train_time:5480.158s step_avg:1848.91ms
step:2965/3325 train_time:5481.963s step_avg:1848.89ms
step:2966/3325 train_time:5483.766s step_avg:1848.88ms
step:2967/3325 train_time:5485.568s step_avg:1848.86ms
step:2968/3325 train_time:5487.370s step_avg:1848.84ms
step:2969/3325 train_time:5489.172s step_avg:1848.83ms
step:2970/3325 train_time:5490.990s step_avg:1848.82ms
step:2971/3325 train_time:5492.792s step_avg:1848.80ms
step:2972/3325 train_time:5494.595s step_avg:1848.79ms
step:2973/3325 train_time:5496.397s step_avg:1848.77ms
step:2974/3325 train_time:5498.200s step_avg:1848.76ms
step:2975/3325 train_time:5500.279s step_avg:1848.83ms
step:2976/3325 train_time:5502.084s step_avg:1848.82ms
step:2977/3325 train_time:5503.887s step_avg:1848.80ms
step:2978/3325 train_time:5505.690s step_avg:1848.79ms
step:2979/3325 train_time:5507.492s step_avg:1848.77ms
step:2980/3325 train_time:5509.294s step_avg:1848.76ms
step:2981/3325 train_time:5511.097s step_avg:1848.74ms
step:2982/3325 train_time:5512.899s step_avg:1848.73ms
step:2983/3325 train_time:5514.702s step_avg:1848.71ms
step:2984/3325 train_time:5516.505s step_avg:1848.69ms
step:2985/3325 train_time:5518.307s step_avg:1848.68ms
step:2986/3325 train_time:5520.110s step_avg:1848.66ms
step:2987/3325 train_time:5521.913s step_avg:1848.65ms
step:2988/3325 train_time:5523.718s step_avg:1848.63ms
step:2989/3325 train_time:5525.521s step_avg:1848.62ms
step:2990/3325 train_time:5527.324s step_avg:1848.60ms
step:2991/3325 train_time:5529.127s step_avg:1848.59ms
step:2992/3325 train_time:5530.930s step_avg:1848.57ms
step:2993/3325 train_time:5532.733s step_avg:1848.56ms
step:2994/3325 train_time:5534.536s step_avg:1848.54ms
step:2995/3325 train_time:5536.339s step_avg:1848.53ms
step:2996/3325 train_time:5538.142s step_avg:1848.51ms
step:2997/3325 train_time:5539.944s step_avg:1848.50ms
step:2998/3325 train_time:5541.747s step_avg:1848.48ms
step:2999/3325 train_time:5543.550s step_avg:1848.47ms
step:3000/3325 train_time:5545.711s step_avg:1848.57ms
step:3000/3325 val_loss:3.29839 train_time:5545.712s step_avg:1815.20ms
step:3001/3325 train_time:5547.515s step_avg:1848.56ms
step:3002/3325 train_time:5549.317s step_avg:1848.54ms
step:3003/3325 train_time:5551.120s step_avg:1848.52ms
step:3004/3325 train_time:5552.922s step_avg:1848.51ms
step:3005/3325 train_time:5554.725s step_avg:1848.49ms
step:3006/3325 train_time:5556.528s step_avg:1848.48ms
step:3007/3325 train_time:5558.330s step_avg:1848.46ms
step:3008/3325 train_time:5560.134s step_avg:1848.45ms
step:3009/3325 train_time:5561.937s step_avg:1848.43ms
step:3010/3325 train_time:5563.740s step_avg:1848.42ms
step:3011/3325 train_time:5565.542s step_avg:1848.40ms
step:3012/3325 train_time:5567.344s step_avg:1848.39ms
step:3013/3325 train_time:5569.146s step_avg:1848.37ms
step:3014/3325 train_time:5570.949s step_avg:1848.36ms
step:3015/3325 train_time:5572.751s step_avg:1848.34ms
step:3016/3325 train_time:5574.555s step_avg:1848.33ms
step:3017/3325 train_time:5576.358s step_avg:1848.31ms
step:3018/3325 train_time:5578.160s step_avg:1848.30ms
step:3019/3325 train_time:5579.964s step_avg:1848.28ms
step:3020/3325 train_time:5581.766s step_avg:1848.27ms
step:3021/3325 train_time:5583.569s step_avg:1848.25ms
step:3022/3325 train_time:5585.372s step_avg:1848.24ms
step:3023/3325 train_time:5587.174s step_avg:1848.22ms
step:3024/3325 train_time:5588.977s step_avg:1848.21ms
step:3025/3325 train_time:5591.056s step_avg:1848.28ms
step:3025/3325 val_loss:3.29120 train_time:5591.057s step_avg:1813.80ms
step:3026/3325 train_time:5592.860s step_avg:1848.27ms
step:3027/3325 train_time:5594.664s step_avg:1848.25ms
step:3028/3325 train_time:5596.467s step_avg:1848.24ms
step:3029/3325 train_time:5598.271s step_avg:1848.22ms
step:3030/3325 train_time:5600.091s step_avg:1848.21ms
step:3031/3325 train_time:5601.894s step_avg:1848.20ms
step:3032/3325 train_time:5603.697s step_avg:1848.18ms
step:3033/3325 train_time:5605.500s step_avg:1848.17ms
step:3034/3325 train_time:5607.303s step_avg:1848.16ms
step:3035/3325 train_time:5609.107s step_avg:1848.14ms
step:3036/3325 train_time:5610.910s step_avg:1848.13ms
step:3037/3325 train_time:5612.714s step_avg:1848.11ms
step:3038/3325 train_time:5614.517s step_avg:1848.10ms
step:3039/3325 train_time:5616.320s step_avg:1848.08ms
step:3040/3325 train_time:5618.124s step_avg:1848.07ms
step:3041/3325 train_time:5619.962s step_avg:1848.06ms
step:3042/3325 train_time:5621.766s step_avg:1848.05ms
step:3043/3325 train_time:5623.569s step_avg:1848.03ms
step:3044/3325 train_time:5625.372s step_avg:1848.02ms
step:3045/3325 train_time:5627.174s step_avg:1848.00ms
step:3046/3325 train_time:5628.978s step_avg:1847.99ms
step:3047/3325 train_time:5630.781s step_avg:1847.98ms
step:3048/3325 train_time:5632.584s step_avg:1847.96ms
step:3049/3325 train_time:5634.386s step_avg:1847.95ms
step:3050/3325 train_time:5636.465s step_avg:1848.02ms
step:3050/3325 val_loss:3.28852 train_time:5636.465s step_avg:1816.35ms
step:3051/3325 train_time:5638.269s step_avg:1848.01ms
step:3052/3325 train_time:5640.072s step_avg:1847.99ms
step:3053/3325 train_time:5641.875s step_avg:1847.98ms
step:3054/3325 train_time:5643.678s step_avg:1847.96ms
step:3055/3325 train_time:5645.481s step_avg:1847.95ms
step:3056/3325 train_time:5647.284s step_avg:1847.93ms
step:3057/3325 train_time:5649.087s step_avg:1847.92ms
step:3058/3325 train_time:5650.891s step_avg:1847.90ms
step:3059/3325 train_time:5652.693s step_avg:1847.89ms
step:3060/3325 train_time:5654.513s step_avg:1847.88ms
step:3061/3325 train_time:5656.317s step_avg:1847.87ms
step:3062/3325 train_time:5658.121s step_avg:1847.85ms
step:3063/3325 train_time:5659.925s step_avg:1847.84ms
step:3064/3325 train_time:5661.729s step_avg:1847.82ms
step:3065/3325 train_time:5663.533s step_avg:1847.81ms
step:3066/3325 train_time:5665.337s step_avg:1847.79ms
step:3067/3325 train_time:5667.141s step_avg:1847.78ms
step:3068/3325 train_time:5668.944s step_avg:1847.77ms
step:3069/3325 train_time:5670.748s step_avg:1847.75ms
step:3070/3325 train_time:5672.551s step_avg:1847.74ms
step:3071/3325 train_time:5674.355s step_avg:1847.72ms
step:3072/3325 train_time:5676.159s step_avg:1847.71ms
step:3073/3325 train_time:5677.964s step_avg:1847.69ms
step:3074/3325 train_time:5679.767s step_avg:1847.68ms
step:3075/3325 train_time:5681.847s step_avg:1847.76ms
step:3075/3325 val_loss:3.28564 train_time:5681.847s step_avg:1815.28ms
step:3076/3325 train_time:5683.651s step_avg:1847.74ms
step:3077/3325 train_time:5685.454s step_avg:1847.73ms
step:3078/3325 train_time:5687.258s step_avg:1847.71ms
step:3079/3325 train_time:5689.062s step_avg:1847.70ms
step:3080/3325 train_time:5690.865s step_avg:1847.68ms
step:3081/3325 train_time:5692.669s step_avg:1847.67ms
step:3082/3325 train_time:5694.473s step_avg:1847.65ms
step:3083/3325 train_time:5696.277s step_avg:1847.64ms
step:3084/3325 train_time:5698.080s step_avg:1847.63ms
step:3085/3325 train_time:5699.883s step_avg:1847.61ms
step:3086/3325 train_time:5701.687s step_avg:1847.60ms
step:3087/3325 train_time:5703.490s step_avg:1847.58ms
step:3088/3325 train_time:5705.294s step_avg:1847.57ms
step:3089/3325 train_time:5707.097s step_avg:1847.55ms
step:3090/3325 train_time:5708.916s step_avg:1847.55ms
step:3091/3325 train_time:5710.720s step_avg:1847.53ms
step:3092/3325 train_time:5712.523s step_avg:1847.52ms
step:3093/3325 train_time:5714.326s step_avg:1847.50ms
step:3094/3325 train_time:5716.130s step_avg:1847.49ms
step:3095/3325 train_time:5717.933s step_avg:1847.47ms
step:3096/3325 train_time:5719.737s step_avg:1847.46ms
step:3097/3325 train_time:5721.540s step_avg:1847.45ms
step:3098/3325 train_time:5723.343s step_avg:1847.43ms
step:3099/3325 train_time:5725.148s step_avg:1847.42ms
step:3100/3325 train_time:5727.228s step_avg:1847.49ms
step:3100/3325 val_loss:3.28307 train_time:5727.228s step_avg:1815.24ms
step:3101/3325 train_time:5729.033s step_avg:1847.48ms
step:3102/3325 train_time:5730.837s step_avg:1847.47ms
step:3103/3325 train_time:5732.641s step_avg:1847.45ms
step:3104/3325 train_time:5734.445s step_avg:1847.44ms
step:3105/3325 train_time:5736.250s step_avg:1847.42ms
step:3106/3325 train_time:5738.054s step_avg:1847.41ms
step:3107/3325 train_time:5739.858s step_avg:1847.40ms
step:3108/3325 train_time:5741.663s step_avg:1847.38ms
step:3109/3325 train_time:5743.469s step_avg:1847.37ms
step:3110/3325 train_time:5745.274s step_avg:1847.35ms
step:3111/3325 train_time:5747.078s step_avg:1847.34ms
step:3112/3325 train_time:5748.882s step_avg:1847.33ms
step:3113/3325 train_time:5750.686s step_avg:1847.31ms
step:3114/3325 train_time:5752.491s step_avg:1847.30ms
step:3115/3325 train_time:5754.295s step_avg:1847.29ms
step:3116/3325 train_time:5756.099s step_avg:1847.27ms
step:3117/3325 train_time:5757.903s step_avg:1847.26ms
step:3118/3325 train_time:5759.706s step_avg:1847.24ms
step:3119/3325 train_time:5761.510s step_avg:1847.23ms
step:3120/3325 train_time:5763.333s step_avg:1847.22ms
step:3121/3325 train_time:5765.136s step_avg:1847.21ms
step:3122/3325 train_time:5766.940s step_avg:1847.19ms
step:3123/3325 train_time:5768.743s step_avg:1847.18ms
step:3124/3325 train_time:5770.547s step_avg:1847.17ms
step:3125/3325 train_time:5772.693s step_avg:1847.26ms
step:3125/3325 val_loss:3.28036 train_time:5772.693s step_avg:1818.60ms
step:3126/3325 train_time:5774.497s step_avg:1847.25ms
step:3127/3325 train_time:5776.300s step_avg:1847.23ms
step:3128/3325 train_time:5778.104s step_avg:1847.22ms
step:3129/3325 train_time:5779.908s step_avg:1847.21ms
step:3130/3325 train_time:5781.712s step_avg:1847.19ms
step:3131/3325 train_time:5783.516s step_avg:1847.18ms
step:3132/3325 train_time:5785.320s step_avg:1847.16ms
step:3133/3325 train_time:5787.123s step_avg:1847.15ms
step:3134/3325 train_time:5788.927s step_avg:1847.14ms
step:3135/3325 train_time:5790.731s step_avg:1847.12ms
step:3136/3325 train_time:5792.535s step_avg:1847.11ms
step:3137/3325 train_time:5794.339s step_avg:1847.10ms
step:3138/3325 train_time:5796.142s step_avg:1847.08ms
step:3139/3325 train_time:5797.946s step_avg:1847.07ms
step:3140/3325 train_time:5799.750s step_avg:1847.05ms
step:3141/3325 train_time:5801.555s step_avg:1847.04ms
step:3142/3325 train_time:5803.358s step_avg:1847.03ms
step:3143/3325 train_time:5805.162s step_avg:1847.01ms
step:3144/3325 train_time:5806.966s step_avg:1847.00ms
step:3145/3325 train_time:5808.769s step_avg:1846.99ms
step:3146/3325 train_time:5810.572s step_avg:1846.97ms
step:3147/3325 train_time:5812.376s step_avg:1846.96ms
step:3148/3325 train_time:5814.180s step_avg:1846.94ms
step:3149/3325 train_time:5815.983s step_avg:1846.93ms
step:3150/3325 train_time:5818.081s step_avg:1847.01ms
step:3150/3325 val_loss:3.27774 train_time:5818.081s step_avg:1815.52ms
step:3151/3325 train_time:5819.887s step_avg:1847.00ms
step:3152/3325 train_time:5821.692s step_avg:1846.98ms
step:3153/3325 train_time:5823.497s step_avg:1846.97ms
step:3154/3325 train_time:5825.301s step_avg:1846.96ms
step:3155/3325 train_time:5827.108s step_avg:1846.94ms
step:3156/3325 train_time:5828.913s step_avg:1846.93ms
step:3157/3325 train_time:5830.718s step_avg:1846.92ms
step:3158/3325 train_time:5832.523s step_avg:1846.90ms
step:3159/3325 train_time:5834.328s step_avg:1846.89ms
step:3160/3325 train_time:5836.134s step_avg:1846.88ms
step:3161/3325 train_time:5837.939s step_avg:1846.86ms
step:3162/3325 train_time:5839.746s step_avg:1846.85ms
step:3163/3325 train_time:5841.552s step_avg:1846.84ms
step:3164/3325 train_time:5843.356s step_avg:1846.83ms
step:3165/3325 train_time:5845.160s step_avg:1846.81ms
step:3166/3325 train_time:5846.964s step_avg:1846.80ms
step:3167/3325 train_time:5848.768s step_avg:1846.79ms
step:3168/3325 train_time:5850.573s step_avg:1846.77ms
step:3169/3325 train_time:5852.376s step_avg:1846.76ms
step:3170/3325 train_time:5854.180s step_avg:1846.74ms
step:3171/3325 train_time:5855.984s step_avg:1846.73ms
step:3172/3325 train_time:5857.787s step_avg:1846.72ms
step:3173/3325 train_time:5859.594s step_avg:1846.70ms
step:3174/3325 train_time:5861.399s step_avg:1846.69ms
step:3175/3325 train_time:5863.480s step_avg:1846.77ms
step:3175/3325 val_loss:3.27379 train_time:5863.480s step_avg:1815.95ms
step:3176/3325 train_time:5865.285s step_avg:1846.75ms
step:3177/3325 train_time:5867.089s step_avg:1846.74ms
step:3178/3325 train_time:5868.893s step_avg:1846.73ms
step:3179/3325 train_time:5870.697s step_avg:1846.71ms
step:3180/3325 train_time:5872.517s step_avg:1846.70ms
step:3181/3325 train_time:5874.322s step_avg:1846.69ms
step:3182/3325 train_time:5876.126s step_avg:1846.68ms
step:3183/3325 train_time:5877.931s step_avg:1846.66ms
step:3184/3325 train_time:5879.735s step_avg:1846.65ms
step:3185/3325 train_time:5881.539s step_avg:1846.64ms
step:3186/3325 train_time:5883.344s step_avg:1846.62ms
step:3187/3325 train_time:5885.148s step_avg:1846.61ms
step:3188/3325 train_time:5886.951s step_avg:1846.60ms
step:3189/3325 train_time:5888.756s step_avg:1846.58ms
step:3190/3325 train_time:5890.559s step_avg:1846.57ms
step:3191/3325 train_time:5892.363s step_avg:1846.56ms
step:3192/3325 train_time:5894.166s step_avg:1846.54ms
step:3193/3325 train_time:5895.971s step_avg:1846.53ms
step:3194/3325 train_time:5897.774s step_avg:1846.52ms
step:3195/3325 train_time:5899.578s step_avg:1846.50ms
step:3196/3325 train_time:5901.381s step_avg:1846.49ms
step:3197/3325 train_time:5903.185s step_avg:1846.48ms
step:3198/3325 train_time:5904.988s step_avg:1846.46ms
step:3199/3325 train_time:5906.791s step_avg:1846.45ms
step:3200/3325 train_time:5908.872s step_avg:1846.52ms
step:3200/3325 val_loss:3.27149 train_time:5908.872s step_avg:1815.67ms
step:3201/3325 train_time:5910.677s step_avg:1846.51ms
step:3202/3325 train_time:5912.481s step_avg:1846.50ms
step:3203/3325 train_time:5914.285s step_avg:1846.48ms
step:3204/3325 train_time:5916.092s step_avg:1846.47ms
step:3205/3325 train_time:5917.896s step_avg:1846.46ms
step:3206/3325 train_time:5919.701s step_avg:1846.44ms
step:3207/3325 train_time:5921.505s step_avg:1846.43ms
step:3208/3325 train_time:5923.309s step_avg:1846.42ms
step:3209/3325 train_time:5925.114s step_avg:1846.41ms
step:3210/3325 train_time:5926.934s step_avg:1846.40ms
step:3211/3325 train_time:5928.738s step_avg:1846.38ms
step:3212/3325 train_time:5930.542s step_avg:1846.37ms
step:3213/3325 train_time:5932.346s step_avg:1846.36ms
step:3214/3325 train_time:5934.151s step_avg:1846.34ms
step:3215/3325 train_time:5935.957s step_avg:1846.33ms
step:3216/3325 train_time:5937.761s step_avg:1846.32ms
step:3217/3325 train_time:5939.565s step_avg:1846.31ms
step:3218/3325 train_time:5941.369s step_avg:1846.29ms
step:3219/3325 train_time:5943.172s step_avg:1846.28ms
step:3220/3325 train_time:5944.976s step_avg:1846.27ms
step:3221/3325 train_time:5946.779s step_avg:1846.25ms
step:3222/3325 train_time:5948.583s step_avg:1846.24ms
step:3223/3325 train_time:5950.386s step_avg:1846.23ms
step:3224/3325 train_time:5952.190s step_avg:1846.21ms
step:3225/3325 train_time:5954.269s step_avg:1846.29ms
step:3225/3325 val_loss:3.26938 train_time:5954.270s step_avg:1815.91ms
step:3226/3325 train_time:5956.074s step_avg:1846.27ms
step:3227/3325 train_time:5957.878s step_avg:1846.26ms
step:3228/3325 train_time:5959.682s step_avg:1846.25ms
step:3229/3325 train_time:5961.488s step_avg:1846.23ms
step:3230/3325 train_time:5963.292s step_avg:1846.22ms
step:3231/3325 train_time:5965.132s step_avg:1846.22ms
step:3232/3325 train_time:5966.937s step_avg:1846.21ms
step:3233/3325 train_time:5968.741s step_avg:1846.19ms
step:3234/3325 train_time:5970.547s step_avg:1846.18ms
step:3235/3325 train_time:5972.353s step_avg:1846.17ms
step:3236/3325 train_time:5974.158s step_avg:1846.16ms
step:3237/3325 train_time:5975.962s step_avg:1846.14ms
step:3238/3325 train_time:5977.768s step_avg:1846.13ms
step:3239/3325 train_time:5979.572s step_avg:1846.12ms
step:3240/3325 train_time:5981.393s step_avg:1846.11ms
step:3241/3325 train_time:5983.197s step_avg:1846.10ms
step:3242/3325 train_time:5985.001s step_avg:1846.08ms
step:3243/3325 train_time:5986.805s step_avg:1846.07ms
step:3244/3325 train_time:5988.609s step_avg:1846.06ms
step:3245/3325 train_time:5990.413s step_avg:1846.04ms
step:3246/3325 train_time:5992.216s step_avg:1846.03ms
step:3247/3325 train_time:5994.021s step_avg:1846.02ms
step:3248/3325 train_time:5995.825s step_avg:1846.01ms
step:3249/3325 train_time:5997.628s step_avg:1845.99ms
step:3250/3325 train_time:5999.777s step_avg:1846.09ms
step:3250/3325 val_loss:3.26766 train_time:5999.777s step_avg:1820.30ms
step:3251/3325 train_time:6001.581s step_avg:1846.07ms
step:3252/3325 train_time:6003.384s step_avg:1846.06ms
step:3253/3325 train_time:6005.188s step_avg:1846.05ms
step:3254/3325 train_time:6006.994s step_avg:1846.03ms
step:3255/3325 train_time:6008.797s step_avg:1846.02ms
step:3256/3325 train_time:6010.601s step_avg:1846.01ms
step:3257/3325 train_time:6012.405s step_avg:1845.99ms
step:3258/3325 train_time:6014.209s step_avg:1845.98ms
step:3259/3325 train_time:6016.012s step_avg:1845.97ms
step:3260/3325 train_time:6017.816s step_avg:1845.96ms
step:3261/3325 train_time:6019.619s step_avg:1845.94ms
step:3262/3325 train_time:6021.423s step_avg:1845.93ms
step:3263/3325 train_time:6023.227s step_avg:1845.92ms
step:3264/3325 train_time:6025.030s step_avg:1845.90ms
step:3265/3325 train_time:6026.836s step_avg:1845.89ms
step:3266/3325 train_time:6028.644s step_avg:1845.88ms
step:3267/3325 train_time:6030.450s step_avg:1845.87ms
step:3268/3325 train_time:6032.255s step_avg:1845.86ms
step:3269/3325 train_time:6034.060s step_avg:1845.84ms
step:3270/3325 train_time:6035.881s step_avg:1845.84ms
step:3271/3325 train_time:6037.685s step_avg:1845.82ms
step:3272/3325 train_time:6039.489s step_avg:1845.81ms
step:3273/3325 train_time:6041.292s step_avg:1845.80ms
step:3274/3325 train_time:6043.098s step_avg:1845.78ms
step:3275/3325 train_time:6045.178s step_avg:1845.86ms
step:3275/3325 val_loss:3.26605 train_time:6045.178s step_avg:1816.04ms
step:3276/3325 train_time:6046.983s step_avg:1845.84ms
step:3277/3325 train_time:6048.787s step_avg:1845.83ms
step:3278/3325 train_time:6050.591s step_avg:1845.82ms
step:3279/3325 train_time:6052.396s step_avg:1845.81ms
step:3280/3325 train_time:6054.200s step_avg:1845.79ms
step:3281/3325 train_time:6056.004s step_avg:1845.78ms
step:3282/3325 train_time:6057.808s step_avg:1845.77ms
step:3283/3325 train_time:6059.612s step_avg:1845.75ms
step:3284/3325 train_time:6061.417s step_avg:1845.74ms
step:3285/3325 train_time:6063.221s step_avg:1845.73ms
step:3286/3325 train_time:6065.025s step_avg:1845.72ms
step:3287/3325 train_time:6066.829s step_avg:1845.70ms
step:3288/3325 train_time:6068.635s step_avg:1845.69ms
step:3289/3325 train_time:6070.441s step_avg:1845.68ms
step:3290/3325 train_time:6072.246s step_avg:1845.67ms
step:3291/3325 train_time:6074.052s step_avg:1845.66ms
step:3292/3325 train_time:6075.856s step_avg:1845.64ms
step:3293/3325 train_time:6077.664s step_avg:1845.63ms
step:3294/3325 train_time:6079.470s step_avg:1845.62ms
step:3295/3325 train_time:6081.277s step_avg:1845.61ms
step:3296/3325 train_time:6083.084s step_avg:1845.60ms
step:3297/3325 train_time:6084.889s step_avg:1845.58ms
step:3298/3325 train_time:6086.694s step_avg:1845.57ms
step:3299/3325 train_time:6088.499s step_avg:1845.56ms
step:3300/3325 train_time:6090.598s step_avg:1845.64ms
step:3300/3325 val_loss:3.26481 train_time:6090.598s step_avg:1816.80ms
step:3301/3325 train_time:6092.403s step_avg:1845.62ms
step:3302/3325 train_time:6094.207s step_avg:1845.61ms
step:3303/3325 train_time:6096.011s step_avg:1845.60ms
step:3304/3325 train_time:6097.815s step_avg:1845.59ms
step:3305/3325 train_time:6099.619s step_avg:1845.57ms
step:3306/3325 train_time:6101.425s step_avg:1845.56ms
step:3307/3325 train_time:6103.230s step_avg:1845.55ms
step:3308/3325 train_time:6105.034s step_avg:1845.54ms
step:3309/3325 train_time:6106.838s step_avg:1845.52ms
step:3310/3325 train_time:6108.642s step_avg:1845.51ms
step:3311/3325 train_time:6110.446s step_avg:1845.50ms
step:3312/3325 train_time:6112.250s step_avg:1845.49ms
step:3313/3325 train_time:6114.054s step_avg:1845.47ms
step:3314/3325 train_time:6115.858s step_avg:1845.46ms
step:3315/3325 train_time:6117.662s step_avg:1845.45ms
step:3316/3325 train_time:6119.467s step_avg:1845.44ms
step:3317/3325 train_time:6121.274s step_avg:1845.42ms
step:3318/3325 train_time:6123.080s step_avg:1845.41ms
step:3319/3325 train_time:6124.886s step_avg:1845.40ms
step:3320/3325 train_time:6126.694s step_avg:1845.39ms
step:3321/3325 train_time:6128.499s step_avg:1845.38ms
step:3322/3325 train_time:6130.305s step_avg:1845.37ms
step:3323/3325 train_time:6132.112s step_avg:1845.35ms
step:3324/3325 train_time:6133.918s step_avg:1845.34ms
step:3325/3325 train_time:6138.698s step_avg:1846.22ms
step:3325/3325 val_loss:3.26418 train_time:6138.698s step_avg:1924.00ms
trial:0 best_val_loss:3.26418 best_val_step:3325 first_step_to_target:3150
wandb: updating run metadata
wandb: uploading history steps 240-240, summary, console lines 3369-3371
wandb: 
wandb: Run history:
wandb:                           aux/beta2 ▁▁▁▁▁▁▁▁▁▁▁▁▁▁▁▁▁▁▁▁▁▁▁▁▁▁▁▁▁▁▁▁▁▁▁▁▁▁▁▁
wandb:        speedrun/final_best_val_loss ▁
wandb:        speedrun/final_best_val_step ▁
wandb: speedrun/final_first_step_to_target ▁
wandb:       speedrun/final_reached_target ▁
wandb:       speedrun/first_step_to_target ▁▁▁▁▁▁▁▁▁▁▁▁▁▁▁▁▁▁▁▁▁▁▁▁▁▁▁▁▁▁████████
wandb:             speedrun/reached_target ▁▁▁▁▁▁▁▁▁▁▁▁▁▁▁▁▁▁▁▁▁▁▁▁▁▁▁▁▁▁████████
wandb:            speedrun/target_val_loss ▁▁▁▁▁▁▁▁▁▁▁▁▁▁▁▁▁▁▁▁▁▁▁▁▁▁▁▁▁▁▁▁▁▁▁▁▁▁▁▁
wandb:                speedrun/train_steps ▁▁▁▁▁▁▁▁▁▁▁▁▁▁▁▁▁▁▁▁▁▁▁▁▁▁▁▁▁▁▁▁▁▁▁▁▁▁▁▁
wandb:                    time/step_avg_ms  █▁▁▁▁▁▁▁▁▁▁▁▁▁▁▁▁▁▁▁▁▁▁▁▁▁▁▁▁▁▁▁▁▁▁▁▂
wandb:                              +4,530 ...
wandb: 
wandb: Run summary:
wandb:                           aux/beta2 0.99
wandb:        speedrun/final_best_val_loss 3.26418
wandb:        speedrun/final_best_val_step 3325
wandb: speedrun/final_first_step_to_target 3150
wandb:       speedrun/final_reached_target 1
wandb:       speedrun/first_step_to_target 3150
wandb:             speedrun/reached_target 1
wandb:            speedrun/target_val_loss 3.28
wandb:                speedrun/train_steps 3325
wandb:                    time/step_avg_ms 1924.00084
wandb:                              +4,530 ...
wandb: 
wandb: 🚀 View run g1r3-fern/h175-arm_a-ctrl at: https://wandb.ai/wandb-applied-ai-team/modded-nanogpt-senpai/runs/8yyqtef1
wandb: ⭐️ View project at: https://wandb.ai/wandb-applied-ai-team/modded-nanogpt-senpai
wandb: Synced 6 W&B file(s), 0 media file(s), 0 artifact file(s) and 0 other file(s)
wandb: Find logs at: ./wandb/run-20260526_083243-8yyqtef1/logs
[chain] arm_a exit=0 20260526T102245Z
