=== START Cell E (cosine_updown) at 2026-05-26T15:40:14Z ===
logs/d8514ce8-f8e4-43c1-9ac3-c58315f03972.txt
wandb: [wandb.login()] Loaded credentials for https://api.wandb.ai from WANDB_API_KEY.
wandb: W&B API key is configured. Use `wandb login --relogin` to force relogin
wandb: Tracking run with wandb version 0.26.1
wandb: Run data is saved locally in /workspace/senpai/target/wandb/run-20260526_154019-mkvt4nxw
wandb: Run `wandb offline` to turn off syncing.
wandb: Syncing run wd-sched-E-cosine_updown-n1
wandb: ⭐️ View project at https://wandb.ai/wandb-applied-ai-team/modded-nanogpt-senpai
wandb: 🚀 View run at https://wandb.ai/wandb-applied-ai-team/modded-nanogpt-senpai/runs/mkvt4nxw
[init] mode=musoft  L=12  block_residual_attn.proj_std=0.005984
step:0/3250 val_loss:10.82583 train_time:0.000s step_avg:nanms
step:1/3250 train_time:5.987s step_avg:5987.45ms
step:2/3250 train_time:7.808s step_avg:3904.23ms
step:3/3250 train_time:9.627s step_avg:3209.11ms
step:4/3250 train_time:11.446s step_avg:2861.57ms
step:5/3250 train_time:13.264s step_avg:2652.84ms
step:6/3250 train_time:15.083s step_avg:2513.76ms
step:7/3250 train_time:16.902s step_avg:2414.62ms
step:8/3250 train_time:18.722s step_avg:2340.28ms
step:9/3250 train_time:20.543s step_avg:2282.51ms
step:10/3250 train_time:22.362s step_avg:2236.23ms
step:11/3250 train_time:24.183s step_avg:2198.41ms
step:12/3250 train_time:26.003s step_avg:2166.90ms
step:13/3250 train_time:27.824s step_avg:2140.31ms
step:14/3250 train_time:29.645s step_avg:2117.52ms
step:15/3250 train_time:31.467s step_avg:2097.79ms
step:16/3250 train_time:33.288s step_avg:2080.49ms
step:17/3250 train_time:35.980s step_avg:2116.45ms
step:18/3250 train_time:37.802s step_avg:2100.09ms
step:19/3250 train_time:39.624s step_avg:2085.46ms
step:20/3250 train_time:41.448s step_avg:2072.40ms
step:21/3250 train_time:43.273s step_avg:2060.60ms
step:22/3250 train_time:45.096s step_avg:2049.84ms
step:23/3250 train_time:46.920s step_avg:2040.00ms
step:24/3250 train_time:48.745s step_avg:2031.03ms
step:25/3250 train_time:50.841s step_avg:2033.66ms
step:26/3250 train_time:52.666s step_avg:2025.63ms
step:27/3250 train_time:54.492s step_avg:2018.21ms
step:28/3250 train_time:56.317s step_avg:2011.32ms
step:29/3250 train_time:58.142s step_avg:2004.89ms
step:30/3250 train_time:59.968s step_avg:1998.93ms
step:31/3250 train_time:61.793s step_avg:1993.33ms
step:32/3250 train_time:63.619s step_avg:1988.09ms
step:33/3250 train_time:66.278s step_avg:2008.42ms
step:34/3250 train_time:68.103s step_avg:2003.02ms
step:35/3250 train_time:69.927s step_avg:1997.91ms
step:36/3250 train_time:71.751s step_avg:1993.08ms
step:37/3250 train_time:73.575s step_avg:1988.51ms
step:38/3250 train_time:75.402s step_avg:1984.27ms
step:39/3250 train_time:77.227s step_avg:1980.18ms
step:40/3250 train_time:79.051s step_avg:1976.27ms
step:41/3250 train_time:80.876s step_avg:1972.58ms
step:42/3250 train_time:82.702s step_avg:1969.08ms
step:43/3250 train_time:84.527s step_avg:1965.75ms
step:44/3250 train_time:86.352s step_avg:1962.56ms
step:45/3250 train_time:88.177s step_avg:1959.49ms
step:46/3250 train_time:90.002s step_avg:1956.56ms
step:47/3250 train_time:91.827s step_avg:1953.76ms
step:48/3250 train_time:93.653s step_avg:1951.10ms
step:49/3250 train_time:96.312s step_avg:1965.54ms
step:50/3250 train_time:98.408s step_avg:1968.16ms
step:51/3250 train_time:100.233s step_avg:1965.35ms
step:52/3250 train_time:102.058s step_avg:1962.65ms
step:53/3250 train_time:103.882s step_avg:1960.04ms
step:54/3250 train_time:105.707s step_avg:1957.53ms
step:55/3250 train_time:107.531s step_avg:1955.11ms
step:56/3250 train_time:109.356s step_avg:1952.78ms
step:57/3250 train_time:111.182s step_avg:1950.55ms
step:58/3250 train_time:113.007s step_avg:1948.39ms
step:59/3250 train_time:114.832s step_avg:1946.30ms
step:60/3250 train_time:116.660s step_avg:1944.33ms
step:61/3250 train_time:118.484s step_avg:1942.37ms
step:62/3250 train_time:120.309s step_avg:1940.46ms
step:63/3250 train_time:122.133s step_avg:1938.63ms
step:64/3250 train_time:123.960s step_avg:1936.88ms
step:65/3250 train_time:126.620s step_avg:1948.00ms
step:66/3250 train_time:128.444s step_avg:1946.12ms
step:67/3250 train_time:130.269s step_avg:1944.31ms
step:68/3250 train_time:132.094s step_avg:1942.56ms
step:69/3250 train_time:133.919s step_avg:1940.85ms
step:70/3250 train_time:135.744s step_avg:1939.20ms
step:71/3250 train_time:137.570s step_avg:1937.60ms
step:72/3250 train_time:139.396s step_avg:1936.05ms
step:73/3250 train_time:141.220s step_avg:1934.52ms
step:74/3250 train_time:143.045s step_avg:1933.05ms
step:75/3250 train_time:145.143s step_avg:1935.24ms
step:76/3250 train_time:146.968s step_avg:1933.79ms
step:77/3250 train_time:148.796s step_avg:1932.42ms
step:78/3250 train_time:150.625s step_avg:1931.09ms
step:79/3250 train_time:152.450s step_avg:1929.74ms
step:80/3250 train_time:154.275s step_avg:1928.43ms
step:81/3250 train_time:156.934s step_avg:1937.46ms
step:82/3250 train_time:158.759s step_avg:1936.08ms
step:83/3250 train_time:160.585s step_avg:1934.76ms
step:84/3250 train_time:162.410s step_avg:1933.45ms
step:85/3250 train_time:164.236s step_avg:1932.19ms
step:86/3250 train_time:166.061s step_avg:1930.94ms
step:87/3250 train_time:167.885s step_avg:1929.72ms
step:88/3250 train_time:169.711s step_avg:1928.53ms
step:89/3250 train_time:171.536s step_avg:1927.38ms
step:90/3250 train_time:173.361s step_avg:1926.23ms
step:91/3250 train_time:175.186s step_avg:1925.12ms
step:92/3250 train_time:177.011s step_avg:1924.04ms
step:93/3250 train_time:178.838s step_avg:1922.99ms
step:94/3250 train_time:180.664s step_avg:1921.96ms
step:95/3250 train_time:182.489s step_avg:1920.94ms
step:96/3250 train_time:184.314s step_avg:1919.94ms
step:97/3250 train_time:186.974s step_avg:1927.57ms
step:98/3250 train_time:188.800s step_avg:1926.53ms
step:99/3250 train_time:190.625s step_avg:1925.51ms
step:100/3250 train_time:192.724s step_avg:1927.24ms
step:101/3250 train_time:194.550s step_avg:1926.24ms
step:102/3250 train_time:196.376s step_avg:1925.26ms
step:103/3250 train_time:198.202s step_avg:1924.29ms
step:104/3250 train_time:200.027s step_avg:1923.33ms
step:105/3250 train_time:201.852s step_avg:1922.40ms
step:106/3250 train_time:203.678s step_avg:1921.49ms
step:107/3250 train_time:205.504s step_avg:1920.60ms
step:108/3250 train_time:207.329s step_avg:1919.72ms
step:109/3250 train_time:209.154s step_avg:1918.85ms
step:110/3250 train_time:210.980s step_avg:1918.00ms
step:111/3250 train_time:212.805s step_avg:1917.16ms
step:112/3250 train_time:214.629s step_avg:1916.33ms
step:113/3250 train_time:217.289s step_avg:1922.91ms
step:114/3250 train_time:219.112s step_avg:1922.04ms
step:115/3250 train_time:220.937s step_avg:1921.19ms
step:116/3250 train_time:222.761s step_avg:1920.36ms
step:117/3250 train_time:224.587s step_avg:1919.55ms
step:118/3250 train_time:226.414s step_avg:1918.77ms
step:119/3250 train_time:228.239s step_avg:1917.98ms
step:120/3250 train_time:230.064s step_avg:1917.20ms
step:121/3250 train_time:231.888s step_avg:1916.43ms
step:122/3250 train_time:233.713s step_avg:1915.68ms
step:123/3250 train_time:235.538s step_avg:1914.95ms
step:124/3250 train_time:237.363s step_avg:1914.22ms
step:125/3250 train_time:239.525s step_avg:1916.20ms
step:125/3250 val_loss:4.57373 train_time:239.525s step_avg:1916.20ms
step:126/3250 train_time:241.350s step_avg:1915.48ms
step:127/3250 train_time:243.176s step_avg:1914.77ms
step:128/3250 train_time:245.001s step_avg:1914.07ms
step:129/3250 train_time:247.661s step_avg:1919.85ms
step:130/3250 train_time:249.485s step_avg:1919.12ms
step:131/3250 train_time:251.310s step_avg:1918.39ms
step:132/3250 train_time:253.134s step_avg:1917.68ms
step:133/3250 train_time:254.958s step_avg:1916.98ms
step:134/3250 train_time:256.784s step_avg:1916.30ms
step:135/3250 train_time:258.608s step_avg:1915.62ms
step:136/3250 train_time:260.432s step_avg:1914.94ms
step:137/3250 train_time:262.256s step_avg:1914.28ms
step:138/3250 train_time:264.081s step_avg:1913.63ms
step:139/3250 train_time:265.906s step_avg:1912.99ms
step:140/3250 train_time:267.730s step_avg:1912.36ms
step:141/3250 train_time:269.555s step_avg:1911.74ms
step:142/3250 train_time:271.379s step_avg:1911.12ms
step:143/3250 train_time:273.203s step_avg:1910.51ms
step:144/3250 train_time:275.032s step_avg:1909.94ms
step:145/3250 train_time:277.691s step_avg:1915.11ms
step:146/3250 train_time:279.517s step_avg:1914.50ms
step:147/3250 train_time:281.343s step_avg:1913.90ms
step:148/3250 train_time:283.168s step_avg:1913.30ms
step:149/3250 train_time:284.993s step_avg:1912.70ms
step:150/3250 train_time:287.089s step_avg:1913.93ms
step:151/3250 train_time:288.913s step_avg:1913.33ms
step:152/3250 train_time:290.738s step_avg:1912.75ms
step:153/3250 train_time:292.563s step_avg:1912.17ms
step:154/3250 train_time:294.388s step_avg:1911.61ms
step:155/3250 train_time:296.211s step_avg:1911.04ms
step:156/3250 train_time:298.036s step_avg:1910.49ms
step:157/3250 train_time:299.860s step_avg:1909.93ms
step:158/3250 train_time:301.685s step_avg:1909.40ms
step:159/3250 train_time:303.509s step_avg:1908.86ms
step:160/3250 train_time:305.333s step_avg:1908.33ms
step:161/3250 train_time:307.992s step_avg:1912.99ms
step:162/3250 train_time:309.815s step_avg:1912.44ms
step:163/3250 train_time:311.638s step_avg:1911.89ms
step:164/3250 train_time:313.463s step_avg:1911.36ms
step:165/3250 train_time:315.288s step_avg:1910.84ms
step:166/3250 train_time:317.111s step_avg:1910.31ms
step:167/3250 train_time:318.935s step_avg:1909.79ms
step:168/3250 train_time:320.758s step_avg:1909.28ms
step:169/3250 train_time:322.583s step_avg:1908.77ms
step:170/3250 train_time:324.408s step_avg:1908.29ms
step:171/3250 train_time:326.232s step_avg:1907.79ms
step:172/3250 train_time:328.056s step_avg:1907.30ms
step:173/3250 train_time:329.880s step_avg:1906.82ms
step:174/3250 train_time:331.705s step_avg:1906.35ms
step:175/3250 train_time:333.808s step_avg:1907.47ms
step:176/3250 train_time:335.633s step_avg:1907.00ms
step:177/3250 train_time:338.292s step_avg:1911.25ms
step:178/3250 train_time:340.116s step_avg:1910.77ms
step:179/3250 train_time:341.940s step_avg:1910.28ms
step:180/3250 train_time:343.764s step_avg:1909.80ms
step:181/3250 train_time:345.588s step_avg:1909.33ms
step:182/3250 train_time:347.413s step_avg:1908.86ms
step:183/3250 train_time:349.237s step_avg:1908.40ms
step:184/3250 train_time:351.062s step_avg:1907.94ms
step:185/3250 train_time:352.886s step_avg:1907.49ms
step:186/3250 train_time:354.710s step_avg:1907.05ms
step:187/3250 train_time:356.536s step_avg:1906.61ms
step:188/3250 train_time:358.360s step_avg:1906.17ms
step:189/3250 train_time:360.184s step_avg:1905.73ms
step:190/3250 train_time:362.008s step_avg:1905.31ms
step:191/3250 train_time:363.938s step_avg:1905.43ms
step:192/3250 train_time:365.762s step_avg:1905.01ms
step:193/3250 train_time:368.420s step_avg:1908.91ms
step:194/3250 train_time:370.244s step_avg:1908.47ms
step:195/3250 train_time:372.069s step_avg:1908.05ms
step:196/3250 train_time:373.896s step_avg:1907.63ms
step:197/3250 train_time:375.720s step_avg:1907.21ms
step:198/3250 train_time:377.544s step_avg:1906.79ms
step:199/3250 train_time:379.368s step_avg:1906.37ms
step:200/3250 train_time:381.464s step_avg:1907.32ms
step:201/3250 train_time:383.288s step_avg:1906.90ms
step:202/3250 train_time:385.112s step_avg:1906.49ms
step:203/3250 train_time:386.936s step_avg:1906.09ms
step:204/3250 train_time:388.761s step_avg:1905.69ms
step:205/3250 train_time:390.585s step_avg:1905.29ms
step:206/3250 train_time:392.410s step_avg:1904.90ms
step:207/3250 train_time:394.233s step_avg:1904.51ms
step:208/3250 train_time:396.056s step_avg:1904.12ms
step:209/3250 train_time:398.714s step_avg:1907.72ms
step:210/3250 train_time:400.537s step_avg:1907.32ms
step:211/3250 train_time:402.360s step_avg:1906.92ms
step:212/3250 train_time:404.184s step_avg:1906.53ms
step:213/3250 train_time:406.008s step_avg:1906.14ms
step:214/3250 train_time:407.831s step_avg:1905.75ms
step:215/3250 train_time:409.654s step_avg:1905.37ms
step:216/3250 train_time:411.477s step_avg:1904.99ms
step:217/3250 train_time:413.301s step_avg:1904.61ms
step:218/3250 train_time:415.126s step_avg:1904.25ms
step:219/3250 train_time:416.949s step_avg:1903.88ms
step:220/3250 train_time:418.772s step_avg:1903.51ms
step:221/3250 train_time:420.595s step_avg:1903.15ms
step:222/3250 train_time:422.419s step_avg:1902.79ms
step:223/3250 train_time:424.244s step_avg:1902.44ms
step:224/3250 train_time:426.067s step_avg:1902.09ms
step:225/3250 train_time:428.997s step_avg:1906.66ms
step:226/3250 train_time:430.820s step_avg:1906.28ms
step:227/3250 train_time:432.644s step_avg:1905.92ms
step:228/3250 train_time:434.468s step_avg:1905.56ms
step:229/3250 train_time:436.291s step_avg:1905.20ms
step:230/3250 train_time:438.114s step_avg:1904.84ms
step:231/3250 train_time:439.937s step_avg:1904.49ms
step:232/3250 train_time:441.761s step_avg:1904.14ms
step:233/3250 train_time:443.587s step_avg:1903.81ms
step:234/3250 train_time:445.410s step_avg:1903.46ms
step:235/3250 train_time:447.233s step_avg:1903.12ms
step:236/3250 train_time:449.056s step_avg:1902.78ms
step:237/3250 train_time:450.880s step_avg:1902.45ms
step:238/3250 train_time:452.703s step_avg:1902.11ms
step:239/3250 train_time:454.526s step_avg:1901.78ms
step:240/3250 train_time:456.350s step_avg:1901.46ms
step:241/3250 train_time:459.008s step_avg:1904.60ms
step:242/3250 train_time:460.830s step_avg:1904.26ms
step:243/3250 train_time:462.656s step_avg:1903.93ms
step:244/3250 train_time:464.480s step_avg:1903.61ms
step:245/3250 train_time:466.304s step_avg:1903.28ms
step:246/3250 train_time:468.127s step_avg:1902.96ms
step:247/3250 train_time:469.950s step_avg:1902.63ms
step:248/3250 train_time:471.774s step_avg:1902.31ms
step:249/3250 train_time:473.598s step_avg:1902.00ms
step:250/3250 train_time:475.757s step_avg:1903.03ms
step:250/3250 val_loss:4.05922 train_time:475.757s step_avg:1889.86ms
step:251/3250 train_time:477.582s step_avg:1902.72ms
step:252/3250 train_time:479.405s step_avg:1902.40ms
step:253/3250 train_time:481.230s step_avg:1902.09ms
step:254/3250 train_time:483.054s step_avg:1901.79ms
step:255/3250 train_time:484.878s step_avg:1901.48ms
step:256/3250 train_time:486.702s step_avg:1901.18ms
step:257/3250 train_time:489.360s step_avg:1904.13ms
step:258/3250 train_time:491.183s step_avg:1903.81ms
step:259/3250 train_time:493.006s step_avg:1903.50ms
step:260/3250 train_time:494.830s step_avg:1903.19ms
step:261/3250 train_time:496.653s step_avg:1902.88ms
step:262/3250 train_time:498.476s step_avg:1902.58ms
step:263/3250 train_time:500.299s step_avg:1902.28ms
step:264/3250 train_time:502.123s step_avg:1901.98ms
step:265/3250 train_time:503.946s step_avg:1901.68ms
step:266/3250 train_time:505.770s step_avg:1901.39ms
step:267/3250 train_time:507.593s step_avg:1901.10ms
step:268/3250 train_time:509.417s step_avg:1900.81ms
step:269/3250 train_time:511.239s step_avg:1900.52ms
step:270/3250 train_time:513.063s step_avg:1900.23ms
step:271/3250 train_time:514.887s step_avg:1899.95ms
step:272/3250 train_time:516.711s step_avg:1899.67ms
step:273/3250 train_time:519.369s step_avg:1902.45ms
step:274/3250 train_time:521.191s step_avg:1902.16ms
step:275/3250 train_time:523.287s step_avg:1902.86ms
step:276/3250 train_time:525.110s step_avg:1902.57ms
step:277/3250 train_time:526.933s step_avg:1902.29ms
step:278/3250 train_time:528.756s step_avg:1902.00ms
step:279/3250 train_time:530.578s step_avg:1901.71ms
step:280/3250 train_time:532.403s step_avg:1901.44ms
step:281/3250 train_time:534.226s step_avg:1901.16ms
step:282/3250 train_time:536.050s step_avg:1900.89ms
step:283/3250 train_time:537.872s step_avg:1900.61ms
step:284/3250 train_time:539.695s step_avg:1900.34ms
step:285/3250 train_time:541.519s step_avg:1900.07ms
step:286/3250 train_time:543.343s step_avg:1899.80ms
step:287/3250 train_time:545.167s step_avg:1899.54ms
step:288/3250 train_time:546.990s step_avg:1899.27ms
step:289/3250 train_time:549.648s step_avg:1901.89ms
step:290/3250 train_time:551.469s step_avg:1901.62ms
step:291/3250 train_time:553.293s step_avg:1901.35ms
step:292/3250 train_time:555.115s step_avg:1901.08ms
step:293/3250 train_time:556.938s step_avg:1900.81ms
step:294/3250 train_time:558.760s step_avg:1900.54ms
step:295/3250 train_time:560.583s step_avg:1900.28ms
step:296/3250 train_time:562.406s step_avg:1900.02ms
step:297/3250 train_time:564.228s step_avg:1899.76ms
step:298/3250 train_time:566.051s step_avg:1899.50ms
step:299/3250 train_time:567.874s step_avg:1899.24ms
step:300/3250 train_time:569.968s step_avg:1899.89ms
step:301/3250 train_time:571.790s step_avg:1899.64ms
step:302/3250 train_time:573.613s step_avg:1899.38ms
step:303/3250 train_time:575.435s step_avg:1899.12ms
step:304/3250 train_time:577.256s step_avg:1898.87ms
step:305/3250 train_time:579.913s step_avg:1901.36ms
step:306/3250 train_time:581.735s step_avg:1901.10ms
step:307/3250 train_time:583.557s step_avg:1900.84ms
step:308/3250 train_time:585.379s step_avg:1900.58ms
step:309/3250 train_time:587.202s step_avg:1900.33ms
step:310/3250 train_time:589.023s step_avg:1900.07ms
step:311/3250 train_time:590.845s step_avg:1899.82ms
step:312/3250 train_time:592.668s step_avg:1899.58ms
step:313/3250 train_time:594.491s step_avg:1899.33ms
step:314/3250 train_time:596.314s step_avg:1899.09ms
step:315/3250 train_time:598.136s step_avg:1898.84ms
step:316/3250 train_time:599.958s step_avg:1898.60ms
step:317/3250 train_time:601.781s step_avg:1898.36ms
step:318/3250 train_time:603.604s step_avg:1898.13ms
step:319/3250 train_time:605.426s step_avg:1897.89ms
step:320/3250 train_time:607.248s step_avg:1897.65ms
step:321/3250 train_time:609.905s step_avg:1900.02ms
step:322/3250 train_time:611.727s step_avg:1899.77ms
step:323/3250 train_time:613.550s step_avg:1899.54ms
step:324/3250 train_time:615.372s step_avg:1899.30ms
step:325/3250 train_time:617.465s step_avg:1899.89ms
step:326/3250 train_time:619.287s step_avg:1899.65ms
step:327/3250 train_time:621.108s step_avg:1899.41ms
step:328/3250 train_time:622.932s step_avg:1899.18ms
step:329/3250 train_time:624.754s step_avg:1898.95ms
step:330/3250 train_time:626.576s step_avg:1898.72ms
step:331/3250 train_time:628.398s step_avg:1898.48ms
step:332/3250 train_time:630.220s step_avg:1898.25ms
step:333/3250 train_time:632.045s step_avg:1898.03ms
step:334/3250 train_time:633.868s step_avg:1897.81ms
step:335/3250 train_time:635.690s step_avg:1897.58ms
step:336/3250 train_time:637.511s step_avg:1897.36ms
step:337/3250 train_time:640.169s step_avg:1899.61ms
step:338/3250 train_time:641.991s step_avg:1899.38ms
step:339/3250 train_time:643.812s step_avg:1899.15ms
step:340/3250 train_time:645.634s step_avg:1898.92ms
step:341/3250 train_time:647.457s step_avg:1898.70ms
step:342/3250 train_time:649.279s step_avg:1898.48ms
step:343/3250 train_time:651.101s step_avg:1898.25ms
step:344/3250 train_time:652.924s step_avg:1898.04ms
step:345/3250 train_time:654.746s step_avg:1897.81ms
step:346/3250 train_time:656.568s step_avg:1897.60ms
step:347/3250 train_time:658.391s step_avg:1897.38ms
step:348/3250 train_time:660.214s step_avg:1897.17ms
step:349/3250 train_time:662.036s step_avg:1896.95ms
step:350/3250 train_time:664.130s step_avg:1897.51ms
step:351/3250 train_time:665.951s step_avg:1897.30ms
step:352/3250 train_time:667.773s step_avg:1897.08ms
step:353/3250 train_time:670.429s step_avg:1899.23ms
step:354/3250 train_time:672.252s step_avg:1899.02ms
step:355/3250 train_time:674.074s step_avg:1898.80ms
step:356/3250 train_time:675.896s step_avg:1898.59ms
step:357/3250 train_time:677.719s step_avg:1898.37ms
step:358/3250 train_time:679.540s step_avg:1898.16ms
step:359/3250 train_time:681.362s step_avg:1897.95ms
step:360/3250 train_time:683.185s step_avg:1897.74ms
step:361/3250 train_time:685.007s step_avg:1897.53ms
step:362/3250 train_time:686.830s step_avg:1897.32ms
step:363/3250 train_time:688.652s step_avg:1897.11ms
step:364/3250 train_time:690.473s step_avg:1896.91ms
step:365/3250 train_time:692.296s step_avg:1896.70ms
step:366/3250 train_time:694.119s step_avg:1896.50ms
step:367/3250 train_time:695.943s step_avg:1896.30ms
step:368/3250 train_time:697.765s step_avg:1896.10ms
step:369/3250 train_time:700.421s step_avg:1898.16ms
step:370/3250 train_time:702.244s step_avg:1897.96ms
step:371/3250 train_time:704.066s step_avg:1897.75ms
step:372/3250 train_time:705.888s step_avg:1897.55ms
step:373/3250 train_time:707.710s step_avg:1897.35ms
step:374/3250 train_time:709.533s step_avg:1897.15ms
step:375/3250 train_time:711.691s step_avg:1897.84ms
step:375/3250 val_loss:3.88456 train_time:711.691s step_avg:1887.47ms
step:376/3250 train_time:713.515s step_avg:1897.65ms
step:377/3250 train_time:715.337s step_avg:1897.45ms
step:378/3250 train_time:717.160s step_avg:1897.25ms
step:379/3250 train_time:718.982s step_avg:1897.05ms
step:380/3250 train_time:720.805s step_avg:1896.85ms
step:381/3250 train_time:722.655s step_avg:1896.73ms
step:382/3250 train_time:724.478s step_avg:1896.54ms
step:383/3250 train_time:726.300s step_avg:1896.34ms
step:384/3250 train_time:728.123s step_avg:1896.15ms
step:385/3250 train_time:730.781s step_avg:1898.13ms
step:386/3250 train_time:732.603s step_avg:1897.94ms
step:387/3250 train_time:734.425s step_avg:1897.74ms
step:388/3250 train_time:736.248s step_avg:1897.55ms
step:389/3250 train_time:738.070s step_avg:1897.35ms
step:390/3250 train_time:739.893s step_avg:1897.16ms
step:391/3250 train_time:741.716s step_avg:1896.97ms
step:392/3250 train_time:743.538s step_avg:1896.78ms
step:393/3250 train_time:745.361s step_avg:1896.59ms
step:394/3250 train_time:747.183s step_avg:1896.40ms
step:395/3250 train_time:749.005s step_avg:1896.22ms
step:396/3250 train_time:750.827s step_avg:1896.03ms
step:397/3250 train_time:752.650s step_avg:1895.84ms
step:398/3250 train_time:754.473s step_avg:1895.66ms
step:399/3250 train_time:756.295s step_avg:1895.48ms
step:400/3250 train_time:758.391s step_avg:1895.98ms
step:401/3250 train_time:761.049s step_avg:1897.88ms
step:402/3250 train_time:762.872s step_avg:1897.69ms
step:403/3250 train_time:764.694s step_avg:1897.50ms
step:404/3250 train_time:766.516s step_avg:1897.32ms
step:405/3250 train_time:768.337s step_avg:1897.13ms
step:406/3250 train_time:770.159s step_avg:1896.94ms
step:407/3250 train_time:771.982s step_avg:1896.76ms
step:408/3250 train_time:773.804s step_avg:1896.58ms
step:409/3250 train_time:775.626s step_avg:1896.40ms
step:410/3250 train_time:777.448s step_avg:1896.21ms
step:411/3250 train_time:779.269s step_avg:1896.03ms
step:412/3250 train_time:781.093s step_avg:1895.86ms
step:413/3250 train_time:782.915s step_avg:1895.68ms
step:414/3250 train_time:784.737s step_avg:1895.50ms
step:415/3250 train_time:786.560s step_avg:1895.33ms
step:416/3250 train_time:788.383s step_avg:1895.15ms
step:417/3250 train_time:791.040s step_avg:1896.98ms
step:418/3250 train_time:792.861s step_avg:1896.80ms
step:419/3250 train_time:794.683s step_avg:1896.62ms
step:420/3250 train_time:796.506s step_avg:1896.44ms
step:421/3250 train_time:798.328s step_avg:1896.27ms
step:422/3250 train_time:800.151s step_avg:1896.09ms
step:423/3250 train_time:801.974s step_avg:1895.92ms
step:424/3250 train_time:803.795s step_avg:1895.74ms
step:425/3250 train_time:805.889s step_avg:1896.21ms
step:426/3250 train_time:807.710s step_avg:1896.03ms
step:427/3250 train_time:809.532s step_avg:1895.86ms
step:428/3250 train_time:811.355s step_avg:1895.69ms
step:429/3250 train_time:813.177s step_avg:1895.52ms
step:430/3250 train_time:814.998s step_avg:1895.34ms
step:431/3250 train_time:816.819s step_avg:1895.17ms
step:432/3250 train_time:818.641s step_avg:1895.00ms
step:433/3250 train_time:821.297s step_avg:1896.76ms
step:434/3250 train_time:823.119s step_avg:1896.59ms
step:435/3250 train_time:824.941s step_avg:1896.42ms
step:436/3250 train_time:826.764s step_avg:1896.25ms
step:437/3250 train_time:828.587s step_avg:1896.08ms
step:438/3250 train_time:830.410s step_avg:1895.91ms
step:439/3250 train_time:832.232s step_avg:1895.74ms
step:440/3250 train_time:834.056s step_avg:1895.58ms
step:441/3250 train_time:835.878s step_avg:1895.42ms
step:442/3250 train_time:837.701s step_avg:1895.25ms
step:443/3250 train_time:839.522s step_avg:1895.08ms
step:444/3250 train_time:841.344s step_avg:1894.92ms
step:445/3250 train_time:843.167s step_avg:1894.76ms
step:446/3250 train_time:844.991s step_avg:1894.60ms
step:447/3250 train_time:846.814s step_avg:1894.44ms
step:448/3250 train_time:848.637s step_avg:1894.28ms
step:449/3250 train_time:851.294s step_avg:1895.98ms
step:450/3250 train_time:853.389s step_avg:1896.42ms
step:451/3250 train_time:855.212s step_avg:1896.26ms
step:452/3250 train_time:857.034s step_avg:1896.09ms
step:453/3250 train_time:858.856s step_avg:1895.93ms
step:454/3250 train_time:860.679s step_avg:1895.77ms
step:455/3250 train_time:862.501s step_avg:1895.61ms
step:456/3250 train_time:864.324s step_avg:1895.45ms
step:457/3250 train_time:866.146s step_avg:1895.29ms
step:458/3250 train_time:867.968s step_avg:1895.13ms
step:459/3250 train_time:869.790s step_avg:1894.97ms
step:460/3250 train_time:871.613s step_avg:1894.81ms
step:461/3250 train_time:873.436s step_avg:1894.65ms
step:462/3250 train_time:875.258s step_avg:1894.50ms
step:463/3250 train_time:877.080s step_avg:1894.34ms
step:464/3250 train_time:878.902s step_avg:1894.18ms
step:465/3250 train_time:881.558s step_avg:1895.82ms
step:466/3250 train_time:883.380s step_avg:1895.67ms
step:467/3250 train_time:885.202s step_avg:1895.51ms
step:468/3250 train_time:887.024s step_avg:1895.35ms
step:469/3250 train_time:888.846s step_avg:1895.20ms
step:470/3250 train_time:890.670s step_avg:1895.04ms
step:471/3250 train_time:892.492s step_avg:1894.89ms
step:472/3250 train_time:894.313s step_avg:1894.73ms
step:473/3250 train_time:896.136s step_avg:1894.58ms
step:474/3250 train_time:897.958s step_avg:1894.43ms
step:475/3250 train_time:900.053s step_avg:1894.85ms
step:476/3250 train_time:901.876s step_avg:1894.70ms
step:477/3250 train_time:903.697s step_avg:1894.54ms
step:478/3250 train_time:905.519s step_avg:1894.39ms
step:479/3250 train_time:907.340s step_avg:1894.24ms
step:480/3250 train_time:909.165s step_avg:1894.09ms
step:481/3250 train_time:911.821s step_avg:1895.68ms
step:482/3250 train_time:913.643s step_avg:1895.53ms
step:483/3250 train_time:915.466s step_avg:1895.37ms
step:484/3250 train_time:917.289s step_avg:1895.22ms
step:485/3250 train_time:919.111s step_avg:1895.07ms
step:486/3250 train_time:920.934s step_avg:1894.93ms
step:487/3250 train_time:922.756s step_avg:1894.78ms
step:488/3250 train_time:924.579s step_avg:1894.63ms
step:489/3250 train_time:926.402s step_avg:1894.48ms
step:490/3250 train_time:928.224s step_avg:1894.33ms
step:491/3250 train_time:930.045s step_avg:1894.19ms
step:492/3250 train_time:931.868s step_avg:1894.04ms
step:493/3250 train_time:933.691s step_avg:1893.90ms
step:494/3250 train_time:935.513s step_avg:1893.75ms
step:495/3250 train_time:937.335s step_avg:1893.61ms
step:496/3250 train_time:939.157s step_avg:1893.46ms
step:497/3250 train_time:941.814s step_avg:1895.00ms
step:498/3250 train_time:943.637s step_avg:1894.85ms
step:499/3250 train_time:945.458s step_avg:1894.71ms
step:500/3250 train_time:947.616s step_avg:1895.23ms
step:500/3250 val_loss:3.78529 train_time:947.617s step_avg:1887.40ms
step:501/3250 train_time:949.439s step_avg:1895.09ms
step:502/3250 train_time:951.261s step_avg:1894.94ms
step:503/3250 train_time:953.084s step_avg:1894.80ms
step:504/3250 train_time:954.906s step_avg:1894.66ms
step:505/3250 train_time:956.729s step_avg:1894.51ms
step:506/3250 train_time:958.552s step_avg:1894.37ms
step:507/3250 train_time:960.375s step_avg:1894.23ms
step:508/3250 train_time:962.198s step_avg:1894.09ms
step:509/3250 train_time:964.021s step_avg:1893.95ms
step:510/3250 train_time:965.843s step_avg:1893.81ms
step:511/3250 train_time:967.665s step_avg:1893.67ms
step:512/3250 train_time:969.488s step_avg:1893.53ms
step:513/3250 train_time:972.146s step_avg:1895.02ms
step:514/3250 train_time:973.968s step_avg:1894.88ms
step:515/3250 train_time:975.790s step_avg:1894.74ms
step:516/3250 train_time:977.613s step_avg:1894.60ms
step:517/3250 train_time:979.436s step_avg:1894.46ms
step:518/3250 train_time:981.258s step_avg:1894.32ms
step:519/3250 train_time:983.079s step_avg:1894.18ms
step:520/3250 train_time:984.901s step_avg:1894.04ms
step:521/3250 train_time:986.725s step_avg:1893.91ms
step:522/3250 train_time:988.551s step_avg:1893.78ms
step:523/3250 train_time:990.372s step_avg:1893.64ms
step:524/3250 train_time:992.194s step_avg:1893.50ms
step:525/3250 train_time:994.286s step_avg:1893.88ms
step:526/3250 train_time:996.108s step_avg:1893.74ms
step:527/3250 train_time:997.931s step_avg:1893.61ms
step:528/3250 train_time:999.755s step_avg:1893.48ms
step:529/3250 train_time:1002.412s step_avg:1894.92ms
step:530/3250 train_time:1004.234s step_avg:1894.78ms
step:531/3250 train_time:1006.055s step_avg:1894.64ms
step:532/3250 train_time:1007.878s step_avg:1894.51ms
step:533/3250 train_time:1009.700s step_avg:1894.37ms
step:534/3250 train_time:1011.522s step_avg:1894.24ms
step:535/3250 train_time:1013.344s step_avg:1894.10ms
step:536/3250 train_time:1015.165s step_avg:1893.97ms
step:537/3250 train_time:1016.987s step_avg:1893.83ms
step:538/3250 train_time:1018.810s step_avg:1893.70ms
step:539/3250 train_time:1020.632s step_avg:1893.57ms
step:540/3250 train_time:1022.454s step_avg:1893.43ms
step:541/3250 train_time:1024.276s step_avg:1893.30ms
step:542/3250 train_time:1026.099s step_avg:1893.17ms
step:543/3250 train_time:1027.920s step_avg:1893.04ms
step:544/3250 train_time:1029.743s step_avg:1892.91ms
step:545/3250 train_time:1032.400s step_avg:1894.31ms
step:546/3250 train_time:1034.221s step_avg:1894.18ms
step:547/3250 train_time:1036.043s step_avg:1894.05ms
step:548/3250 train_time:1037.865s step_avg:1893.91ms
step:549/3250 train_time:1039.688s step_avg:1893.78ms
step:550/3250 train_time:1041.781s step_avg:1894.15ms
step:551/3250 train_time:1043.603s step_avg:1894.02ms
step:552/3250 train_time:1045.425s step_avg:1893.89ms
step:553/3250 train_time:1047.246s step_avg:1893.75ms
step:554/3250 train_time:1049.068s step_avg:1893.62ms
step:555/3250 train_time:1050.890s step_avg:1893.50ms
step:556/3250 train_time:1052.713s step_avg:1893.37ms
step:557/3250 train_time:1054.536s step_avg:1893.24ms
step:558/3250 train_time:1056.357s step_avg:1893.11ms
step:559/3250 train_time:1058.180s step_avg:1892.99ms
step:560/3250 train_time:1060.002s step_avg:1892.86ms
step:561/3250 train_time:1062.659s step_avg:1894.22ms
step:562/3250 train_time:1064.480s step_avg:1894.09ms
step:563/3250 train_time:1066.301s step_avg:1893.96ms
step:564/3250 train_time:1068.123s step_avg:1893.83ms
step:565/3250 train_time:1069.945s step_avg:1893.71ms
step:566/3250 train_time:1071.767s step_avg:1893.58ms
step:567/3250 train_time:1073.588s step_avg:1893.45ms
step:568/3250 train_time:1075.410s step_avg:1893.33ms
step:569/3250 train_time:1077.233s step_avg:1893.20ms
step:570/3250 train_time:1079.056s step_avg:1893.08ms
step:571/3250 train_time:1080.915s step_avg:1893.02ms
step:572/3250 train_time:1082.738s step_avg:1892.90ms
step:573/3250 train_time:1084.561s step_avg:1892.78ms
step:574/3250 train_time:1086.384s step_avg:1892.65ms
step:575/3250 train_time:1088.484s step_avg:1893.02ms
step:576/3250 train_time:1090.306s step_avg:1892.89ms
step:577/3250 train_time:1092.963s step_avg:1894.22ms
step:578/3250 train_time:1094.787s step_avg:1894.09ms
step:579/3250 train_time:1096.610s step_avg:1893.97ms
step:580/3250 train_time:1098.432s step_avg:1893.85ms
step:581/3250 train_time:1100.255s step_avg:1893.73ms
step:582/3250 train_time:1102.079s step_avg:1893.61ms
step:583/3250 train_time:1103.901s step_avg:1893.48ms
step:584/3250 train_time:1105.724s step_avg:1893.36ms
step:585/3250 train_time:1107.548s step_avg:1893.24ms
step:586/3250 train_time:1109.371s step_avg:1893.13ms
step:587/3250 train_time:1111.195s step_avg:1893.01ms
step:588/3250 train_time:1113.019s step_avg:1892.89ms
step:589/3250 train_time:1114.841s step_avg:1892.77ms
step:590/3250 train_time:1116.663s step_avg:1892.65ms
step:591/3250 train_time:1118.487s step_avg:1892.53ms
step:592/3250 train_time:1120.310s step_avg:1892.42ms
step:593/3250 train_time:1122.968s step_avg:1893.71ms
step:594/3250 train_time:1124.791s step_avg:1893.59ms
step:595/3250 train_time:1126.613s step_avg:1893.47ms
step:596/3250 train_time:1128.452s step_avg:1893.38ms
step:597/3250 train_time:1130.275s step_avg:1893.26ms
step:598/3250 train_time:1132.097s step_avg:1893.14ms
step:599/3250 train_time:1133.920s step_avg:1893.02ms
step:600/3250 train_time:1136.014s step_avg:1893.36ms
step:601/3250 train_time:1137.837s step_avg:1893.24ms
step:602/3250 train_time:1139.660s step_avg:1893.12ms
step:603/3250 train_time:1141.483s step_avg:1893.01ms
step:604/3250 train_time:1143.307s step_avg:1892.89ms
step:605/3250 train_time:1145.130s step_avg:1892.78ms
step:606/3250 train_time:1146.954s step_avg:1892.66ms
step:607/3250 train_time:1148.778s step_avg:1892.55ms
step:608/3250 train_time:1150.601s step_avg:1892.44ms
step:609/3250 train_time:1153.259s step_avg:1893.69ms
step:610/3250 train_time:1155.081s step_avg:1893.57ms
step:611/3250 train_time:1156.903s step_avg:1893.46ms
step:612/3250 train_time:1158.728s step_avg:1893.35ms
step:613/3250 train_time:1160.552s step_avg:1893.23ms
step:614/3250 train_time:1162.376s step_avg:1893.12ms
step:615/3250 train_time:1164.199s step_avg:1893.01ms
step:616/3250 train_time:1166.021s step_avg:1892.89ms
step:617/3250 train_time:1167.844s step_avg:1892.78ms
step:618/3250 train_time:1169.668s step_avg:1892.67ms
step:619/3250 train_time:1171.492s step_avg:1892.56ms
step:620/3250 train_time:1173.315s step_avg:1892.44ms
step:621/3250 train_time:1175.140s step_avg:1892.33ms
step:622/3250 train_time:1176.963s step_avg:1892.22ms
step:623/3250 train_time:1178.787s step_avg:1892.11ms
step:624/3250 train_time:1180.611s step_avg:1892.00ms
step:625/3250 train_time:1183.605s step_avg:1893.77ms
step:625/3250 val_loss:3.72098 train_time:1183.606s step_avg:1887.91ms
step:626/3250 train_time:1185.429s step_avg:1893.66ms
step:627/3250 train_time:1187.253s step_avg:1893.55ms
step:628/3250 train_time:1189.077s step_avg:1893.43ms
step:629/3250 train_time:1190.900s step_avg:1893.32ms
step:630/3250 train_time:1192.722s step_avg:1893.21ms
step:631/3250 train_time:1194.545s step_avg:1893.10ms
step:632/3250 train_time:1196.369s step_avg:1892.99ms
step:633/3250 train_time:1198.194s step_avg:1892.88ms
step:634/3250 train_time:1200.017s step_avg:1892.77ms
step:635/3250 train_time:1201.841s step_avg:1892.66ms
step:636/3250 train_time:1203.665s step_avg:1892.55ms
step:637/3250 train_time:1205.489s step_avg:1892.45ms
step:638/3250 train_time:1207.312s step_avg:1892.34ms
step:639/3250 train_time:1209.136s step_avg:1892.23ms
step:640/3250 train_time:1210.959s step_avg:1892.12ms
step:641/3250 train_time:1213.616s step_avg:1893.32ms
step:642/3250 train_time:1215.439s step_avg:1893.21ms
step:643/3250 train_time:1217.263s step_avg:1893.10ms
step:644/3250 train_time:1219.086s step_avg:1892.99ms
step:645/3250 train_time:1220.908s step_avg:1892.88ms
step:646/3250 train_time:1222.731s step_avg:1892.77ms
step:647/3250 train_time:1224.553s step_avg:1892.66ms
step:648/3250 train_time:1226.376s step_avg:1892.56ms
step:649/3250 train_time:1228.200s step_avg:1892.45ms
step:650/3250 train_time:1230.294s step_avg:1892.76ms
step:651/3250 train_time:1232.118s step_avg:1892.65ms
step:652/3250 train_time:1233.940s step_avg:1892.55ms
step:653/3250 train_time:1235.763s step_avg:1892.44ms
step:654/3250 train_time:1237.587s step_avg:1892.34ms
step:655/3250 train_time:1239.411s step_avg:1892.23ms
step:656/3250 train_time:1241.235s step_avg:1892.13ms
step:657/3250 train_time:1243.892s step_avg:1893.29ms
step:658/3250 train_time:1245.717s step_avg:1893.19ms
step:659/3250 train_time:1247.541s step_avg:1893.08ms
step:660/3250 train_time:1249.365s step_avg:1892.98ms
step:661/3250 train_time:1251.187s step_avg:1892.87ms
step:662/3250 train_time:1253.011s step_avg:1892.77ms
step:663/3250 train_time:1254.835s step_avg:1892.66ms
step:664/3250 train_time:1256.659s step_avg:1892.56ms
step:665/3250 train_time:1258.482s step_avg:1892.45ms
step:666/3250 train_time:1260.306s step_avg:1892.35ms
step:667/3250 train_time:1262.130s step_avg:1892.25ms
step:668/3250 train_time:1263.954s step_avg:1892.15ms
step:669/3250 train_time:1265.778s step_avg:1892.04ms
step:670/3250 train_time:1267.602s step_avg:1891.94ms
step:671/3250 train_time:1269.426s step_avg:1891.84ms
step:672/3250 train_time:1271.250s step_avg:1891.74ms
step:673/3250 train_time:1273.908s step_avg:1892.88ms
step:674/3250 train_time:1275.730s step_avg:1892.77ms
step:675/3250 train_time:1277.826s step_avg:1893.08ms
step:676/3250 train_time:1279.648s step_avg:1892.97ms
step:677/3250 train_time:1281.471s step_avg:1892.87ms
step:678/3250 train_time:1283.294s step_avg:1892.76ms
step:679/3250 train_time:1285.116s step_avg:1892.66ms
step:680/3250 train_time:1286.939s step_avg:1892.56ms
step:681/3250 train_time:1288.761s step_avg:1892.45ms
step:682/3250 train_time:1290.584s step_avg:1892.35ms
step:683/3250 train_time:1292.406s step_avg:1892.25ms
step:684/3250 train_time:1294.229s step_avg:1892.15ms
step:685/3250 train_time:1296.052s step_avg:1892.05ms
step:686/3250 train_time:1297.875s step_avg:1891.95ms
step:687/3250 train_time:1299.700s step_avg:1891.85ms
step:688/3250 train_time:1301.524s step_avg:1891.75ms
step:689/3250 train_time:1304.181s step_avg:1892.86ms
step:690/3250 train_time:1306.004s step_avg:1892.76ms
step:691/3250 train_time:1307.828s step_avg:1892.66ms
step:692/3250 train_time:1309.651s step_avg:1892.56ms
step:693/3250 train_time:1311.474s step_avg:1892.46ms
step:694/3250 train_time:1313.296s step_avg:1892.36ms
step:695/3250 train_time:1315.120s step_avg:1892.26ms
step:696/3250 train_time:1316.945s step_avg:1892.16ms
step:697/3250 train_time:1318.771s step_avg:1892.07ms
step:698/3250 train_time:1320.595s step_avg:1891.97ms
step:699/3250 train_time:1322.419s step_avg:1891.87ms
step:700/3250 train_time:1324.515s step_avg:1892.16ms
step:701/3250 train_time:1326.338s step_avg:1892.07ms
step:702/3250 train_time:1328.164s step_avg:1891.97ms
step:703/3250 train_time:1329.987s step_avg:1891.87ms
step:704/3250 train_time:1331.811s step_avg:1891.78ms
step:705/3250 train_time:1334.469s step_avg:1892.86ms
step:706/3250 train_time:1336.293s step_avg:1892.77ms
step:707/3250 train_time:1338.117s step_avg:1892.67ms
step:708/3250 train_time:1339.940s step_avg:1892.57ms
step:709/3250 train_time:1341.765s step_avg:1892.48ms
step:710/3250 train_time:1343.590s step_avg:1892.38ms
step:711/3250 train_time:1345.414s step_avg:1892.28ms
step:712/3250 train_time:1347.238s step_avg:1892.19ms
step:713/3250 train_time:1349.063s step_avg:1892.09ms
step:714/3250 train_time:1350.888s step_avg:1892.00ms
step:715/3250 train_time:1352.712s step_avg:1891.91ms
step:716/3250 train_time:1354.537s step_avg:1891.81ms
step:717/3250 train_time:1356.361s step_avg:1891.72ms
step:718/3250 train_time:1358.186s step_avg:1891.62ms
step:719/3250 train_time:1360.010s step_avg:1891.53ms
step:720/3250 train_time:1361.834s step_avg:1891.44ms
step:721/3250 train_time:1364.493s step_avg:1892.50ms
step:722/3250 train_time:1366.317s step_avg:1892.41ms
step:723/3250 train_time:1368.141s step_avg:1892.31ms
step:724/3250 train_time:1369.964s step_avg:1892.22ms
step:725/3250 train_time:1372.063s step_avg:1892.50ms
step:726/3250 train_time:1373.887s step_avg:1892.41ms
step:727/3250 train_time:1375.711s step_avg:1892.31ms
step:728/3250 train_time:1377.536s step_avg:1892.22ms
step:729/3250 train_time:1379.360s step_avg:1892.13ms
step:730/3250 train_time:1381.184s step_avg:1892.03ms
step:731/3250 train_time:1383.009s step_avg:1891.94ms
step:732/3250 train_time:1384.834s step_avg:1891.85ms
step:733/3250 train_time:1386.660s step_avg:1891.76ms
step:734/3250 train_time:1388.483s step_avg:1891.67ms
step:735/3250 train_time:1390.307s step_avg:1891.57ms
step:736/3250 train_time:1392.131s step_avg:1891.48ms
step:737/3250 train_time:1394.789s step_avg:1892.52ms
step:738/3250 train_time:1396.617s step_avg:1892.43ms
step:739/3250 train_time:1398.442s step_avg:1892.34ms
step:740/3250 train_time:1400.266s step_avg:1892.25ms
step:741/3250 train_time:1402.089s step_avg:1892.16ms
step:742/3250 train_time:1403.912s step_avg:1892.06ms
step:743/3250 train_time:1405.736s step_avg:1891.97ms
step:744/3250 train_time:1407.560s step_avg:1891.88ms
step:745/3250 train_time:1409.385s step_avg:1891.79ms
step:746/3250 train_time:1411.209s step_avg:1891.70ms
step:747/3250 train_time:1413.032s step_avg:1891.61ms
step:748/3250 train_time:1414.857s step_avg:1891.52ms
step:749/3250 train_time:1416.683s step_avg:1891.43ms
step:750/3250 train_time:1418.845s step_avg:1891.79ms
step:750/3250 val_loss:3.67684 train_time:1418.846s step_avg:1881.92ms
step:751/3250 train_time:1420.670s step_avg:1891.70ms
step:752/3250 train_time:1422.495s step_avg:1891.62ms
step:753/3250 train_time:1425.154s step_avg:1892.63ms
step:754/3250 train_time:1426.976s step_avg:1892.54ms
step:755/3250 train_time:1428.800s step_avg:1892.45ms
step:756/3250 train_time:1430.623s step_avg:1892.36ms
step:757/3250 train_time:1432.447s step_avg:1892.27ms
step:758/3250 train_time:1434.271s step_avg:1892.18ms
step:759/3250 train_time:1436.095s step_avg:1892.09ms
step:760/3250 train_time:1437.917s step_avg:1892.00ms
step:761/3250 train_time:1439.778s step_avg:1891.95ms
step:762/3250 train_time:1441.601s step_avg:1891.86ms
step:763/3250 train_time:1443.424s step_avg:1891.78ms
step:764/3250 train_time:1445.250s step_avg:1891.69ms
step:765/3250 train_time:1447.073s step_avg:1891.60ms
step:766/3250 train_time:1448.898s step_avg:1891.51ms
step:767/3250 train_time:1450.721s step_avg:1891.42ms
step:768/3250 train_time:1452.545s step_avg:1891.34ms
step:769/3250 train_time:1455.204s step_avg:1892.33ms
step:770/3250 train_time:1457.028s step_avg:1892.24ms
step:771/3250 train_time:1458.850s step_avg:1892.15ms
step:772/3250 train_time:1460.673s step_avg:1892.06ms
step:773/3250 train_time:1462.496s step_avg:1891.97ms
step:774/3250 train_time:1464.319s step_avg:1891.88ms
step:775/3250 train_time:1466.414s step_avg:1892.15ms
step:776/3250 train_time:1468.236s step_avg:1892.06ms
step:777/3250 train_time:1470.058s step_avg:1891.97ms
step:778/3250 train_time:1471.882s step_avg:1891.88ms
step:779/3250 train_time:1473.705s step_avg:1891.79ms
step:780/3250 train_time:1475.530s step_avg:1891.70ms
step:781/3250 train_time:1477.352s step_avg:1891.62ms
step:782/3250 train_time:1479.176s step_avg:1891.53ms
step:783/3250 train_time:1480.999s step_avg:1891.44ms
step:784/3250 train_time:1482.823s step_avg:1891.36ms
step:785/3250 train_time:1485.481s step_avg:1892.33ms
step:786/3250 train_time:1487.304s step_avg:1892.24ms
step:787/3250 train_time:1489.128s step_avg:1892.16ms
step:788/3250 train_time:1490.950s step_avg:1892.07ms
step:789/3250 train_time:1492.773s step_avg:1891.98ms
step:790/3250 train_time:1494.596s step_avg:1891.89ms
step:791/3250 train_time:1496.420s step_avg:1891.81ms
step:792/3250 train_time:1498.243s step_avg:1891.72ms
step:793/3250 train_time:1500.066s step_avg:1891.63ms
step:794/3250 train_time:1501.889s step_avg:1891.55ms
step:795/3250 train_time:1503.711s step_avg:1891.46ms
step:796/3250 train_time:1505.535s step_avg:1891.38ms
step:797/3250 train_time:1507.359s step_avg:1891.29ms
step:798/3250 train_time:1509.181s step_avg:1891.20ms
step:799/3250 train_time:1511.004s step_avg:1891.12ms
step:800/3250 train_time:1513.098s step_avg:1891.37ms
step:801/3250 train_time:1515.756s step_avg:1892.33ms
step:802/3250 train_time:1517.578s step_avg:1892.24ms
step:803/3250 train_time:1519.400s step_avg:1892.15ms
step:804/3250 train_time:1521.221s step_avg:1892.07ms
step:805/3250 train_time:1523.044s step_avg:1891.98ms
step:806/3250 train_time:1524.867s step_avg:1891.89ms
step:807/3250 train_time:1526.690s step_avg:1891.81ms
step:808/3250 train_time:1528.512s step_avg:1891.72ms
step:809/3250 train_time:1530.334s step_avg:1891.64ms
step:810/3250 train_time:1532.157s step_avg:1891.55ms
step:811/3250 train_time:1533.980s step_avg:1891.47ms
step:812/3250 train_time:1535.803s step_avg:1891.38ms
step:813/3250 train_time:1537.625s step_avg:1891.30ms
step:814/3250 train_time:1539.448s step_avg:1891.21ms
step:815/3250 train_time:1541.271s step_avg:1891.13ms
step:816/3250 train_time:1543.095s step_avg:1891.05ms
step:817/3250 train_time:1545.752s step_avg:1891.99ms
step:818/3250 train_time:1547.574s step_avg:1891.90ms
step:819/3250 train_time:1549.398s step_avg:1891.82ms
step:820/3250 train_time:1551.220s step_avg:1891.73ms
step:821/3250 train_time:1553.042s step_avg:1891.65ms
step:822/3250 train_time:1554.867s step_avg:1891.57ms
step:823/3250 train_time:1556.691s step_avg:1891.48ms
step:824/3250 train_time:1558.514s step_avg:1891.40ms
step:825/3250 train_time:1560.609s step_avg:1891.65ms
step:826/3250 train_time:1562.432s step_avg:1891.56ms
step:827/3250 train_time:1564.254s step_avg:1891.48ms
step:828/3250 train_time:1566.078s step_avg:1891.40ms
step:829/3250 train_time:1567.901s step_avg:1891.32ms
step:830/3250 train_time:1569.724s step_avg:1891.23ms
step:831/3250 train_time:1571.548s step_avg:1891.15ms
step:832/3250 train_time:1573.371s step_avg:1891.07ms
step:833/3250 train_time:1576.028s step_avg:1891.99ms
step:834/3250 train_time:1577.851s step_avg:1891.91ms
step:835/3250 train_time:1579.673s step_avg:1891.82ms
step:836/3250 train_time:1581.495s step_avg:1891.74ms
step:837/3250 train_time:1583.317s step_avg:1891.66ms
step:838/3250 train_time:1585.143s step_avg:1891.58ms
step:839/3250 train_time:1586.966s step_avg:1891.50ms
step:840/3250 train_time:1588.789s step_avg:1891.42ms
step:841/3250 train_time:1590.611s step_avg:1891.33ms
step:842/3250 train_time:1592.434s step_avg:1891.25ms
step:843/3250 train_time:1594.257s step_avg:1891.17ms
step:844/3250 train_time:1596.082s step_avg:1891.09ms
step:845/3250 train_time:1597.904s step_avg:1891.01ms
step:846/3250 train_time:1599.727s step_avg:1890.93ms
step:847/3250 train_time:1601.551s step_avg:1890.85ms
step:848/3250 train_time:1603.375s step_avg:1890.77ms
step:849/3250 train_time:1606.033s step_avg:1891.68ms
step:850/3250 train_time:1608.127s step_avg:1891.91ms
step:851/3250 train_time:1609.949s step_avg:1891.83ms
step:852/3250 train_time:1611.773s step_avg:1891.75ms
step:853/3250 train_time:1613.595s step_avg:1891.67ms
step:854/3250 train_time:1615.418s step_avg:1891.59ms
step:855/3250 train_time:1617.241s step_avg:1891.51ms
step:856/3250 train_time:1619.064s step_avg:1891.43ms
step:857/3250 train_time:1620.887s step_avg:1891.35ms
step:858/3250 train_time:1622.710s step_avg:1891.27ms
step:859/3250 train_time:1624.533s step_avg:1891.19ms
step:860/3250 train_time:1626.356s step_avg:1891.11ms
step:861/3250 train_time:1628.179s step_avg:1891.03ms
step:862/3250 train_time:1630.002s step_avg:1890.95ms
step:863/3250 train_time:1631.826s step_avg:1890.88ms
step:864/3250 train_time:1633.650s step_avg:1890.80ms
step:865/3250 train_time:1636.308s step_avg:1891.69ms
step:866/3250 train_time:1638.131s step_avg:1891.61ms
step:867/3250 train_time:1639.954s step_avg:1891.53ms
step:868/3250 train_time:1641.777s step_avg:1891.45ms
step:869/3250 train_time:1643.600s step_avg:1891.37ms
step:870/3250 train_time:1645.424s step_avg:1891.29ms
step:871/3250 train_time:1647.247s step_avg:1891.21ms
step:872/3250 train_time:1649.071s step_avg:1891.14ms
step:873/3250 train_time:1650.894s step_avg:1891.06ms
step:874/3250 train_time:1652.718s step_avg:1890.98ms
step:875/3250 train_time:1654.877s step_avg:1891.29ms
step:875/3250 val_loss:3.64617 train_time:1654.878s step_avg:1888.25ms
step:876/3250 train_time:1656.702s step_avg:1891.21ms
step:877/3250 train_time:1658.526s step_avg:1891.14ms
step:878/3250 train_time:1660.349s step_avg:1891.06ms
step:879/3250 train_time:1662.173s step_avg:1890.98ms
step:880/3250 train_time:1663.998s step_avg:1890.91ms
step:881/3250 train_time:1666.656s step_avg:1891.78ms
step:882/3250 train_time:1668.479s step_avg:1891.70ms
step:883/3250 train_time:1670.301s step_avg:1891.62ms
step:884/3250 train_time:1672.123s step_avg:1891.54ms
step:885/3250 train_time:1673.946s step_avg:1891.46ms
step:886/3250 train_time:1675.769s step_avg:1891.39ms
step:887/3250 train_time:1677.592s step_avg:1891.31ms
step:888/3250 train_time:1679.416s step_avg:1891.23ms
step:889/3250 train_time:1681.240s step_avg:1891.16ms
step:890/3250 train_time:1683.065s step_avg:1891.08ms
step:891/3250 train_time:1684.888s step_avg:1891.01ms
step:892/3250 train_time:1686.711s step_avg:1890.93ms
step:893/3250 train_time:1688.535s step_avg:1890.86ms
step:894/3250 train_time:1690.359s step_avg:1890.78ms
step:895/3250 train_time:1692.182s step_avg:1890.71ms
step:896/3250 train_time:1694.005s step_avg:1890.63ms
step:897/3250 train_time:1696.662s step_avg:1891.49ms
step:898/3250 train_time:1698.486s step_avg:1891.41ms
step:899/3250 train_time:1700.308s step_avg:1891.33ms
step:900/3250 train_time:1702.404s step_avg:1891.56ms
step:901/3250 train_time:1704.227s step_avg:1891.48ms
step:902/3250 train_time:1706.051s step_avg:1891.41ms
step:903/3250 train_time:1707.874s step_avg:1891.33ms
step:904/3250 train_time:1709.697s step_avg:1891.26ms
step:905/3250 train_time:1711.520s step_avg:1891.18ms
step:906/3250 train_time:1713.344s step_avg:1891.11ms
step:907/3250 train_time:1715.167s step_avg:1891.03ms
step:908/3250 train_time:1716.992s step_avg:1890.96ms
step:909/3250 train_time:1718.816s step_avg:1890.89ms
step:910/3250 train_time:1720.639s step_avg:1890.81ms
step:911/3250 train_time:1722.463s step_avg:1890.74ms
step:912/3250 train_time:1724.287s step_avg:1890.67ms
step:913/3250 train_time:1726.945s step_avg:1891.51ms
step:914/3250 train_time:1728.767s step_avg:1891.43ms
step:915/3250 train_time:1730.590s step_avg:1891.35ms
step:916/3250 train_time:1732.413s step_avg:1891.28ms
step:917/3250 train_time:1734.237s step_avg:1891.21ms
step:918/3250 train_time:1736.060s step_avg:1891.13ms
step:919/3250 train_time:1737.883s step_avg:1891.06ms
step:920/3250 train_time:1739.706s step_avg:1890.98ms
step:921/3250 train_time:1741.529s step_avg:1890.91ms
step:922/3250 train_time:1743.353s step_avg:1890.84ms
step:923/3250 train_time:1745.176s step_avg:1890.77ms
step:924/3250 train_time:1747.000s step_avg:1890.69ms
step:925/3250 train_time:1749.096s step_avg:1890.91ms
step:926/3250 train_time:1750.920s step_avg:1890.84ms
step:927/3250 train_time:1752.742s step_avg:1890.77ms
step:928/3250 train_time:1754.565s step_avg:1890.69ms
step:929/3250 train_time:1757.223s step_avg:1891.52ms
step:930/3250 train_time:1759.046s step_avg:1891.45ms
step:931/3250 train_time:1760.868s step_avg:1891.37ms
step:932/3250 train_time:1762.690s step_avg:1891.30ms
step:933/3250 train_time:1764.514s step_avg:1891.23ms
step:934/3250 train_time:1766.337s step_avg:1891.15ms
step:935/3250 train_time:1768.160s step_avg:1891.08ms
step:936/3250 train_time:1769.983s step_avg:1891.01ms
step:937/3250 train_time:1771.806s step_avg:1890.93ms
step:938/3250 train_time:1773.630s step_avg:1890.86ms
step:939/3250 train_time:1775.453s step_avg:1890.79ms
step:940/3250 train_time:1777.277s step_avg:1890.72ms
step:941/3250 train_time:1779.100s step_avg:1890.65ms
step:942/3250 train_time:1780.923s step_avg:1890.58ms
step:943/3250 train_time:1782.747s step_avg:1890.51ms
step:944/3250 train_time:1784.571s step_avg:1890.44ms
step:945/3250 train_time:1787.229s step_avg:1891.25ms
step:946/3250 train_time:1789.052s step_avg:1891.18ms
step:947/3250 train_time:1790.874s step_avg:1891.10ms
step:948/3250 train_time:1792.697s step_avg:1891.03ms
step:949/3250 train_time:1794.521s step_avg:1890.96ms
step:950/3250 train_time:1796.618s step_avg:1891.18ms
step:951/3250 train_time:1798.476s step_avg:1891.14ms
step:952/3250 train_time:1800.300s step_avg:1891.07ms
step:953/3250 train_time:1802.123s step_avg:1891.00ms
step:954/3250 train_time:1803.947s step_avg:1890.93ms
step:955/3250 train_time:1805.771s step_avg:1890.86ms
step:956/3250 train_time:1807.595s step_avg:1890.79ms
step:957/3250 train_time:1809.418s step_avg:1890.72ms
step:958/3250 train_time:1811.241s step_avg:1890.65ms
step:959/3250 train_time:1813.066s step_avg:1890.58ms
step:960/3250 train_time:1814.891s step_avg:1890.51ms
step:961/3250 train_time:1817.549s step_avg:1891.31ms
step:962/3250 train_time:1819.371s step_avg:1891.24ms
step:963/3250 train_time:1821.195s step_avg:1891.17ms
step:964/3250 train_time:1823.020s step_avg:1891.10ms
step:965/3250 train_time:1824.843s step_avg:1891.03ms
step:966/3250 train_time:1826.666s step_avg:1890.96ms
step:967/3250 train_time:1828.488s step_avg:1890.89ms
step:968/3250 train_time:1830.311s step_avg:1890.82ms
step:969/3250 train_time:1832.136s step_avg:1890.75ms
step:970/3250 train_time:1833.959s step_avg:1890.68ms
step:971/3250 train_time:1835.783s step_avg:1890.61ms
step:972/3250 train_time:1837.607s step_avg:1890.54ms
step:973/3250 train_time:1839.432s step_avg:1890.47ms
step:974/3250 train_time:1841.257s step_avg:1890.41ms
step:975/3250 train_time:1843.356s step_avg:1890.62ms
step:976/3250 train_time:1845.180s step_avg:1890.55ms
step:977/3250 train_time:1847.838s step_avg:1891.34ms
step:978/3250 train_time:1849.662s step_avg:1891.27ms
step:979/3250 train_time:1851.486s step_avg:1891.20ms
step:980/3250 train_time:1853.310s step_avg:1891.13ms
step:981/3250 train_time:1855.134s step_avg:1891.06ms
step:982/3250 train_time:1856.959s step_avg:1891.00ms
step:983/3250 train_time:1858.784s step_avg:1890.93ms
step:984/3250 train_time:1860.608s step_avg:1890.86ms
step:985/3250 train_time:1862.432s step_avg:1890.79ms
step:986/3250 train_time:1864.257s step_avg:1890.73ms
step:987/3250 train_time:1866.080s step_avg:1890.66ms
step:988/3250 train_time:1867.903s step_avg:1890.59ms
step:989/3250 train_time:1869.728s step_avg:1890.52ms
step:990/3250 train_time:1871.552s step_avg:1890.46ms
step:991/3250 train_time:1873.376s step_avg:1890.39ms
step:992/3250 train_time:1875.201s step_avg:1890.32ms
step:993/3250 train_time:1877.859s step_avg:1891.10ms
step:994/3250 train_time:1879.682s step_avg:1891.03ms
step:995/3250 train_time:1881.506s step_avg:1890.96ms
step:996/3250 train_time:1883.329s step_avg:1890.89ms
step:997/3250 train_time:1885.153s step_avg:1890.83ms
step:998/3250 train_time:1886.977s step_avg:1890.76ms
step:999/3250 train_time:1888.801s step_avg:1890.69ms
step:1000/3250 train_time:1890.963s step_avg:1890.96ms
step:1000/3250 val_loss:3.62131 train_time:1890.963s step_avg:1888.68ms
step:1001/3250 train_time:1892.788s step_avg:1890.90ms
step:1002/3250 train_time:1894.612s step_avg:1890.83ms
step:1003/3250 train_time:1896.438s step_avg:1890.77ms
step:1004/3250 train_time:1898.263s step_avg:1890.70ms
step:1005/3250 train_time:1900.088s step_avg:1890.63ms
step:1006/3250 train_time:1901.913s step_avg:1890.57ms
step:1007/3250 train_time:1903.737s step_avg:1890.50ms
step:1008/3250 train_time:1905.562s step_avg:1890.44ms
step:1009/3250 train_time:1908.221s step_avg:1891.20ms
step:1010/3250 train_time:1910.045s step_avg:1891.13ms
step:1011/3250 train_time:1911.870s step_avg:1891.07ms
step:1012/3250 train_time:1913.695s step_avg:1891.00ms
step:1013/3250 train_time:1915.519s step_avg:1890.94ms
step:1014/3250 train_time:1917.343s step_avg:1890.87ms
step:1015/3250 train_time:1919.168s step_avg:1890.81ms
step:1016/3250 train_time:1920.993s step_avg:1890.74ms
step:1017/3250 train_time:1922.819s step_avg:1890.68ms
step:1018/3250 train_time:1924.643s step_avg:1890.61ms
step:1019/3250 train_time:1926.467s step_avg:1890.55ms
step:1020/3250 train_time:1928.292s step_avg:1890.48ms
step:1021/3250 train_time:1930.117s step_avg:1890.42ms
step:1022/3250 train_time:1931.942s step_avg:1890.35ms
step:1023/3250 train_time:1933.766s step_avg:1890.29ms
step:1024/3250 train_time:1935.590s step_avg:1890.22ms
step:1025/3250 train_time:1938.521s step_avg:1891.24ms
step:1026/3250 train_time:1940.345s step_avg:1891.17ms
step:1027/3250 train_time:1942.170s step_avg:1891.11ms
step:1028/3250 train_time:1943.994s step_avg:1891.05ms
step:1029/3250 train_time:1945.818s step_avg:1890.98ms
step:1030/3250 train_time:1947.643s step_avg:1890.92ms
step:1031/3250 train_time:1949.468s step_avg:1890.85ms
step:1032/3250 train_time:1951.293s step_avg:1890.79ms
step:1033/3250 train_time:1953.118s step_avg:1890.72ms
step:1034/3250 train_time:1954.943s step_avg:1890.66ms
step:1035/3250 train_time:1956.767s step_avg:1890.60ms
step:1036/3250 train_time:1958.591s step_avg:1890.53ms
step:1037/3250 train_time:1960.415s step_avg:1890.47ms
step:1038/3250 train_time:1962.241s step_avg:1890.41ms
step:1039/3250 train_time:1964.066s step_avg:1890.34ms
step:1040/3250 train_time:1965.890s step_avg:1890.28ms
step:1041/3250 train_time:1968.550s step_avg:1891.02ms
step:1042/3250 train_time:1970.376s step_avg:1890.96ms
step:1043/3250 train_time:1972.201s step_avg:1890.89ms
step:1044/3250 train_time:1974.025s step_avg:1890.83ms
step:1045/3250 train_time:1975.850s step_avg:1890.77ms
step:1046/3250 train_time:1977.675s step_avg:1890.70ms
step:1047/3250 train_time:1979.499s step_avg:1890.64ms
step:1048/3250 train_time:1981.326s step_avg:1890.58ms
step:1049/3250 train_time:1983.151s step_avg:1890.52ms
step:1050/3250 train_time:1985.247s step_avg:1890.71ms
step:1051/3250 train_time:1987.073s step_avg:1890.65ms
step:1052/3250 train_time:1988.899s step_avg:1890.59ms
step:1053/3250 train_time:1990.723s step_avg:1890.53ms
step:1054/3250 train_time:1992.549s step_avg:1890.46ms
step:1055/3250 train_time:1994.375s step_avg:1890.40ms
step:1056/3250 train_time:1996.200s step_avg:1890.34ms
step:1057/3250 train_time:1998.860s step_avg:1891.07ms
step:1058/3250 train_time:2000.685s step_avg:1891.01ms
step:1059/3250 train_time:2002.510s step_avg:1890.94ms
step:1060/3250 train_time:2004.335s step_avg:1890.88ms
step:1061/3250 train_time:2006.160s step_avg:1890.82ms
step:1062/3250 train_time:2007.985s step_avg:1890.76ms
step:1063/3250 train_time:2009.811s step_avg:1890.70ms
step:1064/3250 train_time:2011.636s step_avg:1890.64ms
step:1065/3250 train_time:2013.461s step_avg:1890.57ms
step:1066/3250 train_time:2015.286s step_avg:1890.51ms
step:1067/3250 train_time:2017.111s step_avg:1890.45ms
step:1068/3250 train_time:2018.937s step_avg:1890.39ms
step:1069/3250 train_time:2020.762s step_avg:1890.33ms
step:1070/3250 train_time:2022.586s step_avg:1890.27ms
step:1071/3250 train_time:2024.411s step_avg:1890.21ms
step:1072/3250 train_time:2026.236s step_avg:1890.15ms
step:1073/3250 train_time:2028.895s step_avg:1890.86ms
step:1074/3250 train_time:2030.720s step_avg:1890.80ms
step:1075/3250 train_time:2032.817s step_avg:1890.99ms
step:1076/3250 train_time:2034.641s step_avg:1890.93ms
step:1077/3250 train_time:2036.466s step_avg:1890.87ms
step:1078/3250 train_time:2038.290s step_avg:1890.81ms
step:1079/3250 train_time:2040.114s step_avg:1890.75ms
step:1080/3250 train_time:2041.939s step_avg:1890.68ms
step:1081/3250 train_time:2043.764s step_avg:1890.62ms
step:1082/3250 train_time:2045.587s step_avg:1890.56ms
step:1083/3250 train_time:2047.412s step_avg:1890.50ms
step:1084/3250 train_time:2049.237s step_avg:1890.44ms
step:1085/3250 train_time:2051.062s step_avg:1890.38ms
step:1086/3250 train_time:2052.887s step_avg:1890.32ms
step:1087/3250 train_time:2054.712s step_avg:1890.26ms
step:1088/3250 train_time:2056.537s step_avg:1890.20ms
step:1089/3250 train_time:2059.196s step_avg:1890.91ms
step:1090/3250 train_time:2061.022s step_avg:1890.85ms
step:1091/3250 train_time:2062.846s step_avg:1890.78ms
step:1092/3250 train_time:2064.671s step_avg:1890.72ms
step:1093/3250 train_time:2066.496s step_avg:1890.66ms
step:1094/3250 train_time:2068.321s step_avg:1890.60ms
step:1095/3250 train_time:2070.145s step_avg:1890.54ms
step:1096/3250 train_time:2071.971s step_avg:1890.48ms
step:1097/3250 train_time:2073.796s step_avg:1890.43ms
step:1098/3250 train_time:2075.622s step_avg:1890.37ms
step:1099/3250 train_time:2077.448s step_avg:1890.31ms
step:1100/3250 train_time:2079.547s step_avg:1890.50ms
step:1101/3250 train_time:2081.374s step_avg:1890.44ms
step:1102/3250 train_time:2083.200s step_avg:1890.38ms
step:1103/3250 train_time:2085.025s step_avg:1890.32ms
step:1104/3250 train_time:2086.850s step_avg:1890.26ms
step:1105/3250 train_time:2089.509s step_avg:1890.96ms
step:1106/3250 train_time:2091.334s step_avg:1890.90ms
step:1107/3250 train_time:2093.159s step_avg:1890.84ms
step:1108/3250 train_time:2094.982s step_avg:1890.78ms
step:1109/3250 train_time:2096.807s step_avg:1890.72ms
step:1110/3250 train_time:2098.632s step_avg:1890.66ms
step:1111/3250 train_time:2100.457s step_avg:1890.60ms
step:1112/3250 train_time:2102.283s step_avg:1890.54ms
step:1113/3250 train_time:2104.108s step_avg:1890.48ms
step:1114/3250 train_time:2105.933s step_avg:1890.42ms
step:1115/3250 train_time:2107.758s step_avg:1890.37ms
step:1116/3250 train_time:2109.583s step_avg:1890.31ms
step:1117/3250 train_time:2111.410s step_avg:1890.25ms
step:1118/3250 train_time:2113.236s step_avg:1890.19ms
step:1119/3250 train_time:2115.062s step_avg:1890.14ms
step:1120/3250 train_time:2116.887s step_avg:1890.08ms
step:1121/3250 train_time:2119.546s step_avg:1890.76ms
step:1122/3250 train_time:2121.372s step_avg:1890.71ms
step:1123/3250 train_time:2123.197s step_avg:1890.65ms
step:1124/3250 train_time:2125.022s step_avg:1890.59ms
step:1125/3250 train_time:2127.185s step_avg:1890.83ms
step:1125/3250 val_loss:3.60685 train_time:2127.186s step_avg:1889.78ms
step:1126/3250 train_time:2129.014s step_avg:1890.78ms
step:1127/3250 train_time:2130.841s step_avg:1890.72ms
step:1128/3250 train_time:2132.667s step_avg:1890.66ms
step:1129/3250 train_time:2134.491s step_avg:1890.60ms
step:1130/3250 train_time:2136.318s step_avg:1890.55ms
step:1131/3250 train_time:2138.144s step_avg:1890.49ms
step:1132/3250 train_time:2139.970s step_avg:1890.43ms
step:1133/3250 train_time:2141.794s step_avg:1890.37ms
step:1134/3250 train_time:2143.620s step_avg:1890.32ms
step:1135/3250 train_time:2145.445s step_avg:1890.26ms
step:1136/3250 train_time:2147.271s step_avg:1890.20ms
step:1137/3250 train_time:2149.930s step_avg:1890.88ms
step:1138/3250 train_time:2151.755s step_avg:1890.82ms
step:1139/3250 train_time:2153.579s step_avg:1890.76ms
step:1140/3250 train_time:2155.403s step_avg:1890.70ms
step:1141/3250 train_time:2157.265s step_avg:1890.68ms
step:1142/3250 train_time:2159.090s step_avg:1890.62ms
step:1143/3250 train_time:2160.914s step_avg:1890.56ms
step:1144/3250 train_time:2162.739s step_avg:1890.51ms
step:1145/3250 train_time:2164.564s step_avg:1890.45ms
step:1146/3250 train_time:2166.389s step_avg:1890.39ms
step:1147/3250 train_time:2168.213s step_avg:1890.33ms
step:1148/3250 train_time:2170.039s step_avg:1890.28ms
step:1149/3250 train_time:2171.864s step_avg:1890.22ms
step:1150/3250 train_time:2173.961s step_avg:1890.40ms
step:1151/3250 train_time:2175.787s step_avg:1890.34ms
step:1152/3250 train_time:2177.612s step_avg:1890.29ms
step:1153/3250 train_time:2180.271s step_avg:1890.95ms
step:1154/3250 train_time:2182.095s step_avg:1890.90ms
step:1155/3250 train_time:2183.919s step_avg:1890.84ms
step:1156/3250 train_time:2185.742s step_avg:1890.78ms
step:1157/3250 train_time:2187.566s step_avg:1890.72ms
step:1158/3250 train_time:2189.390s step_avg:1890.66ms
step:1159/3250 train_time:2191.215s step_avg:1890.61ms
step:1160/3250 train_time:2193.039s step_avg:1890.55ms
step:1161/3250 train_time:2194.862s step_avg:1890.49ms
step:1162/3250 train_time:2196.687s step_avg:1890.44ms
step:1163/3250 train_time:2198.512s step_avg:1890.38ms
step:1164/3250 train_time:2200.337s step_avg:1890.32ms
step:1165/3250 train_time:2202.161s step_avg:1890.27ms
step:1166/3250 train_time:2203.985s step_avg:1890.21ms
step:1167/3250 train_time:2205.810s step_avg:1890.15ms
step:1168/3250 train_time:2207.636s step_avg:1890.10ms
step:1169/3250 train_time:2210.295s step_avg:1890.76ms
step:1170/3250 train_time:2212.122s step_avg:1890.70ms
step:1171/3250 train_time:2213.946s step_avg:1890.65ms
step:1172/3250 train_time:2215.770s step_avg:1890.59ms
step:1173/3250 train_time:2217.594s step_avg:1890.53ms
step:1174/3250 train_time:2219.422s step_avg:1890.48ms
step:1175/3250 train_time:2221.519s step_avg:1890.65ms
step:1176/3250 train_time:2223.344s step_avg:1890.60ms
step:1177/3250 train_time:2225.167s step_avg:1890.54ms
step:1178/3250 train_time:2226.992s step_avg:1890.49ms
step:1179/3250 train_time:2228.816s step_avg:1890.43ms
step:1180/3250 train_time:2230.641s step_avg:1890.37ms
step:1181/3250 train_time:2232.466s step_avg:1890.32ms
step:1182/3250 train_time:2234.290s step_avg:1890.26ms
step:1183/3250 train_time:2236.114s step_avg:1890.21ms
step:1184/3250 train_time:2237.938s step_avg:1890.15ms
step:1185/3250 train_time:2240.597s step_avg:1890.80ms
step:1186/3250 train_time:2242.421s step_avg:1890.74ms
step:1187/3250 train_time:2244.246s step_avg:1890.69ms
step:1188/3250 train_time:2246.071s step_avg:1890.63ms
step:1189/3250 train_time:2247.896s step_avg:1890.58ms
step:1190/3250 train_time:2249.723s step_avg:1890.52ms
step:1191/3250 train_time:2251.548s step_avg:1890.47ms
step:1192/3250 train_time:2253.372s step_avg:1890.41ms
step:1193/3250 train_time:2255.197s step_avg:1890.36ms
step:1194/3250 train_time:2257.022s step_avg:1890.30ms
step:1195/3250 train_time:2258.848s step_avg:1890.25ms
step:1196/3250 train_time:2260.674s step_avg:1890.20ms
step:1197/3250 train_time:2262.499s step_avg:1890.14ms
step:1198/3250 train_time:2264.323s step_avg:1890.09ms
step:1199/3250 train_time:2266.147s step_avg:1890.03ms
step:1200/3250 train_time:2268.244s step_avg:1890.20ms
step:1201/3250 train_time:2270.902s step_avg:1890.84ms
step:1202/3250 train_time:2272.728s step_avg:1890.79ms
step:1203/3250 train_time:2274.553s step_avg:1890.73ms
step:1204/3250 train_time:2276.377s step_avg:1890.68ms
step:1205/3250 train_time:2278.203s step_avg:1890.62ms
step:1206/3250 train_time:2280.028s step_avg:1890.57ms
step:1207/3250 train_time:2281.853s step_avg:1890.52ms
step:1208/3250 train_time:2283.678s step_avg:1890.46ms
step:1209/3250 train_time:2285.503s step_avg:1890.41ms
step:1210/3250 train_time:2287.329s step_avg:1890.35ms
step:1211/3250 train_time:2289.154s step_avg:1890.30ms
step:1212/3250 train_time:2290.979s step_avg:1890.25ms
step:1213/3250 train_time:2292.804s step_avg:1890.19ms
step:1214/3250 train_time:2294.630s step_avg:1890.14ms
step:1215/3250 train_time:2296.456s step_avg:1890.09ms
step:1216/3250 train_time:2298.281s step_avg:1890.03ms
step:1217/3250 train_time:2300.940s step_avg:1890.67ms
step:1218/3250 train_time:2302.765s step_avg:1890.61ms
step:1219/3250 train_time:2304.589s step_avg:1890.56ms
step:1220/3250 train_time:2306.413s step_avg:1890.50ms
step:1221/3250 train_time:2308.238s step_avg:1890.45ms
step:1222/3250 train_time:2310.064s step_avg:1890.40ms
step:1223/3250 train_time:2311.888s step_avg:1890.34ms
step:1224/3250 train_time:2313.713s step_avg:1890.29ms
step:1225/3250 train_time:2315.810s step_avg:1890.46ms
step:1226/3250 train_time:2317.634s step_avg:1890.40ms
step:1227/3250 train_time:2319.459s step_avg:1890.35ms
step:1228/3250 train_time:2321.285s step_avg:1890.30ms
step:1229/3250 train_time:2323.109s step_avg:1890.24ms
step:1230/3250 train_time:2324.933s step_avg:1890.19ms
step:1231/3250 train_time:2326.757s step_avg:1890.14ms
step:1232/3250 train_time:2328.583s step_avg:1890.08ms
step:1233/3250 train_time:2331.242s step_avg:1890.71ms
step:1234/3250 train_time:2333.066s step_avg:1890.65ms
step:1235/3250 train_time:2334.890s step_avg:1890.60ms
step:1236/3250 train_time:2336.715s step_avg:1890.55ms
step:1237/3250 train_time:2338.539s step_avg:1890.49ms
step:1238/3250 train_time:2340.364s step_avg:1890.44ms
step:1239/3250 train_time:2342.188s step_avg:1890.39ms
step:1240/3250 train_time:2344.014s step_avg:1890.33ms
step:1241/3250 train_time:2345.839s step_avg:1890.28ms
step:1242/3250 train_time:2347.664s step_avg:1890.23ms
step:1243/3250 train_time:2349.488s step_avg:1890.18ms
step:1244/3250 train_time:2351.313s step_avg:1890.12ms
step:1245/3250 train_time:2353.138s step_avg:1890.07ms
step:1246/3250 train_time:2354.963s step_avg:1890.02ms
step:1247/3250 train_time:2356.787s step_avg:1889.97ms
step:1248/3250 train_time:2358.613s step_avg:1889.91ms
step:1249/3250 train_time:2361.272s step_avg:1890.53ms
step:1250/3250 train_time:2363.435s step_avg:1890.75ms
step:1250/3250 val_loss:3.58904 train_time:2363.436s step_avg:1890.00ms
step:1251/3250 train_time:2365.262s step_avg:1890.70ms
step:1252/3250 train_time:2367.088s step_avg:1890.65ms
step:1253/3250 train_time:2368.913s step_avg:1890.59ms
step:1254/3250 train_time:2370.738s step_avg:1890.54ms
step:1255/3250 train_time:2372.563s step_avg:1890.49ms
step:1256/3250 train_time:2374.389s step_avg:1890.44ms
step:1257/3250 train_time:2376.216s step_avg:1890.39ms
step:1258/3250 train_time:2378.043s step_avg:1890.34ms
step:1259/3250 train_time:2379.868s step_avg:1890.28ms
step:1260/3250 train_time:2381.694s step_avg:1890.23ms
step:1261/3250 train_time:2383.519s step_avg:1890.18ms
step:1262/3250 train_time:2385.345s step_avg:1890.13ms
step:1263/3250 train_time:2387.171s step_avg:1890.08ms
step:1264/3250 train_time:2388.998s step_avg:1890.03ms
step:1265/3250 train_time:2391.658s step_avg:1890.64ms
step:1266/3250 train_time:2393.483s step_avg:1890.59ms
step:1267/3250 train_time:2395.315s step_avg:1890.54ms
step:1268/3250 train_time:2397.141s step_avg:1890.49ms
step:1269/3250 train_time:2398.965s step_avg:1890.44ms
step:1270/3250 train_time:2400.790s step_avg:1890.39ms
step:1271/3250 train_time:2402.615s step_avg:1890.33ms
step:1272/3250 train_time:2404.440s step_avg:1890.28ms
step:1273/3250 train_time:2406.265s step_avg:1890.23ms
step:1274/3250 train_time:2408.091s step_avg:1890.18ms
step:1275/3250 train_time:2410.189s step_avg:1890.34ms
step:1276/3250 train_time:2412.013s step_avg:1890.29ms
step:1277/3250 train_time:2413.840s step_avg:1890.24ms
step:1278/3250 train_time:2415.666s step_avg:1890.19ms
step:1279/3250 train_time:2417.491s step_avg:1890.14ms
step:1280/3250 train_time:2419.316s step_avg:1890.09ms
step:1281/3250 train_time:2421.976s step_avg:1890.69ms
step:1282/3250 train_time:2423.799s step_avg:1890.64ms
step:1283/3250 train_time:2425.624s step_avg:1890.59ms
step:1284/3250 train_time:2427.449s step_avg:1890.54ms
step:1285/3250 train_time:2429.274s step_avg:1890.49ms
step:1286/3250 train_time:2431.097s step_avg:1890.43ms
step:1287/3250 train_time:2432.921s step_avg:1890.38ms
step:1288/3250 train_time:2434.745s step_avg:1890.33ms
step:1289/3250 train_time:2436.570s step_avg:1890.28ms
step:1290/3250 train_time:2438.395s step_avg:1890.23ms
step:1291/3250 train_time:2440.218s step_avg:1890.18ms
step:1292/3250 train_time:2442.042s step_avg:1890.13ms
step:1293/3250 train_time:2443.867s step_avg:1890.08ms
step:1294/3250 train_time:2445.692s step_avg:1890.02ms
step:1295/3250 train_time:2447.517s step_avg:1889.97ms
step:1296/3250 train_time:2449.341s step_avg:1889.92ms
step:1297/3250 train_time:2452.000s step_avg:1890.52ms
step:1298/3250 train_time:2453.825s step_avg:1890.47ms
step:1299/3250 train_time:2455.650s step_avg:1890.42ms
step:1300/3250 train_time:2457.746s step_avg:1890.57ms
step:1301/3250 train_time:2459.569s step_avg:1890.52ms
step:1302/3250 train_time:2461.394s step_avg:1890.47ms
step:1303/3250 train_time:2463.219s step_avg:1890.42ms
step:1304/3250 train_time:2465.043s step_avg:1890.37ms
step:1305/3250 train_time:2466.867s step_avg:1890.32ms
step:1306/3250 train_time:2468.691s step_avg:1890.27ms
step:1307/3250 train_time:2470.516s step_avg:1890.22ms
step:1308/3250 train_time:2472.343s step_avg:1890.17ms
step:1309/3250 train_time:2474.168s step_avg:1890.12ms
step:1310/3250 train_time:2475.992s step_avg:1890.07ms
step:1311/3250 train_time:2477.819s step_avg:1890.02ms
step:1312/3250 train_time:2479.644s step_avg:1889.97ms
step:1313/3250 train_time:2482.303s step_avg:1890.56ms
step:1314/3250 train_time:2484.127s step_avg:1890.51ms
step:1315/3250 train_time:2485.952s step_avg:1890.46ms
step:1316/3250 train_time:2487.777s step_avg:1890.41ms
step:1317/3250 train_time:2489.600s step_avg:1890.36ms
step:1318/3250 train_time:2491.424s step_avg:1890.31ms
step:1319/3250 train_time:2493.248s step_avg:1890.26ms
step:1320/3250 train_time:2495.073s step_avg:1890.21ms
step:1321/3250 train_time:2496.897s step_avg:1890.16ms
step:1322/3250 train_time:2498.722s step_avg:1890.11ms
step:1323/3250 train_time:2500.545s step_avg:1890.06ms
step:1324/3250 train_time:2502.369s step_avg:1890.01ms
step:1325/3250 train_time:2504.465s step_avg:1890.16ms
step:1326/3250 train_time:2506.289s step_avg:1890.11ms
step:1327/3250 train_time:2508.113s step_avg:1890.06ms
step:1328/3250 train_time:2509.936s step_avg:1890.01ms
step:1329/3250 train_time:2512.595s step_avg:1890.59ms
step:1330/3250 train_time:2514.418s step_avg:1890.54ms
step:1331/3250 train_time:2516.276s step_avg:1890.52ms
step:1332/3250 train_time:2518.100s step_avg:1890.47ms
step:1333/3250 train_time:2519.924s step_avg:1890.42ms
step:1334/3250 train_time:2521.748s step_avg:1890.37ms
step:1335/3250 train_time:2523.571s step_avg:1890.32ms
step:1336/3250 train_time:2525.395s step_avg:1890.27ms
step:1337/3250 train_time:2527.219s step_avg:1890.22ms
step:1338/3250 train_time:2529.043s step_avg:1890.17ms
step:1339/3250 train_time:2530.867s step_avg:1890.12ms
step:1340/3250 train_time:2532.691s step_avg:1890.07ms
step:1341/3250 train_time:2534.515s step_avg:1890.02ms
step:1342/3250 train_time:2536.339s step_avg:1889.97ms
step:1343/3250 train_time:2538.189s step_avg:1889.94ms
step:1344/3250 train_time:2540.014s step_avg:1889.89ms
step:1345/3250 train_time:2542.672s step_avg:1890.46ms
step:1346/3250 train_time:2544.494s step_avg:1890.41ms
step:1347/3250 train_time:2546.319s step_avg:1890.36ms
step:1348/3250 train_time:2548.143s step_avg:1890.31ms
step:1349/3250 train_time:2549.966s step_avg:1890.26ms
step:1350/3250 train_time:2552.060s step_avg:1890.42ms
step:1351/3250 train_time:2553.883s step_avg:1890.37ms
step:1352/3250 train_time:2555.707s step_avg:1890.32ms
step:1353/3250 train_time:2557.531s step_avg:1890.27ms
step:1354/3250 train_time:2559.355s step_avg:1890.22ms
step:1355/3250 train_time:2561.178s step_avg:1890.17ms
step:1356/3250 train_time:2563.003s step_avg:1890.12ms
step:1357/3250 train_time:2564.826s step_avg:1890.07ms
step:1358/3250 train_time:2566.650s step_avg:1890.02ms
step:1359/3250 train_time:2568.475s step_avg:1889.97ms
step:1360/3250 train_time:2570.298s step_avg:1889.93ms
step:1361/3250 train_time:2572.956s step_avg:1890.49ms
step:1362/3250 train_time:2574.779s step_avg:1890.44ms
step:1363/3250 train_time:2576.603s step_avg:1890.39ms
step:1364/3250 train_time:2578.427s step_avg:1890.34ms
step:1365/3250 train_time:2580.251s step_avg:1890.29ms
step:1366/3250 train_time:2582.075s step_avg:1890.25ms
step:1367/3250 train_time:2583.898s step_avg:1890.20ms
step:1368/3250 train_time:2585.723s step_avg:1890.15ms
step:1369/3250 train_time:2587.547s step_avg:1890.10ms
step:1370/3250 train_time:2589.372s step_avg:1890.05ms
step:1371/3250 train_time:2591.195s step_avg:1890.00ms
step:1372/3250 train_time:2593.019s step_avg:1889.96ms
step:1373/3250 train_time:2594.843s step_avg:1889.91ms
step:1374/3250 train_time:2596.667s step_avg:1889.86ms
step:1375/3250 train_time:2598.830s step_avg:1890.06ms
step:1375/3250 val_loss:3.56783 train_time:2598.830s step_avg:1883.15ms
step:1376/3250 train_time:2600.655s step_avg:1890.01ms
step:1377/3250 train_time:2603.314s step_avg:1890.57ms
step:1378/3250 train_time:2605.138s step_avg:1890.52ms
step:1379/3250 train_time:2606.963s step_avg:1890.47ms
step:1380/3250 train_time:2608.787s step_avg:1890.43ms
step:1381/3250 train_time:2610.611s step_avg:1890.38ms
step:1382/3250 train_time:2612.435s step_avg:1890.33ms
step:1383/3250 train_time:2614.259s step_avg:1890.28ms
step:1384/3250 train_time:2616.084s step_avg:1890.23ms
step:1385/3250 train_time:2617.908s step_avg:1890.19ms
step:1386/3250 train_time:2619.732s step_avg:1890.14ms
step:1387/3250 train_time:2621.556s step_avg:1890.09ms
step:1388/3250 train_time:2623.380s step_avg:1890.04ms
step:1389/3250 train_time:2625.205s step_avg:1890.00ms
step:1390/3250 train_time:2627.029s step_avg:1889.95ms
step:1391/3250 train_time:2628.853s step_avg:1889.90ms
step:1392/3250 train_time:2630.677s step_avg:1889.85ms
step:1393/3250 train_time:2633.336s step_avg:1890.41ms
step:1394/3250 train_time:2635.160s step_avg:1890.36ms
step:1395/3250 train_time:2636.985s step_avg:1890.31ms
step:1396/3250 train_time:2638.810s step_avg:1890.26ms
step:1397/3250 train_time:2640.633s step_avg:1890.22ms
step:1398/3250 train_time:2642.456s step_avg:1890.17ms
step:1399/3250 train_time:2644.280s step_avg:1890.12ms
step:1400/3250 train_time:2646.378s step_avg:1890.27ms
step:1401/3250 train_time:2648.202s step_avg:1890.22ms
step:1402/3250 train_time:2650.027s step_avg:1890.18ms
step:1403/3250 train_time:2651.850s step_avg:1890.13ms
step:1404/3250 train_time:2653.674s step_avg:1890.08ms
step:1405/3250 train_time:2655.497s step_avg:1890.03ms
step:1406/3250 train_time:2657.322s step_avg:1889.99ms
step:1407/3250 train_time:2659.145s step_avg:1889.94ms
step:1408/3250 train_time:2660.969s step_avg:1889.89ms
step:1409/3250 train_time:2663.627s step_avg:1890.44ms
step:1410/3250 train_time:2665.450s step_avg:1890.39ms
step:1411/3250 train_time:2667.274s step_avg:1890.34ms
step:1412/3250 train_time:2669.096s step_avg:1890.29ms
step:1413/3250 train_time:2670.919s step_avg:1890.25ms
step:1414/3250 train_time:2672.741s step_avg:1890.20ms
step:1415/3250 train_time:2674.565s step_avg:1890.15ms
step:1416/3250 train_time:2676.390s step_avg:1890.11ms
step:1417/3250 train_time:2678.214s step_avg:1890.06ms
step:1418/3250 train_time:2680.039s step_avg:1890.01ms
step:1419/3250 train_time:2681.862s step_avg:1889.97ms
step:1420/3250 train_time:2683.686s step_avg:1889.92ms
step:1421/3250 train_time:2685.510s step_avg:1889.87ms
step:1422/3250 train_time:2687.334s step_avg:1889.83ms
step:1423/3250 train_time:2689.157s step_avg:1889.78ms
step:1424/3250 train_time:2690.981s step_avg:1889.73ms
step:1425/3250 train_time:2693.912s step_avg:1890.46ms
step:1426/3250 train_time:2695.734s step_avg:1890.42ms
step:1427/3250 train_time:2697.558s step_avg:1890.37ms
step:1428/3250 train_time:2699.382s step_avg:1890.32ms
step:1429/3250 train_time:2701.206s step_avg:1890.28ms
step:1430/3250 train_time:2703.029s step_avg:1890.23ms
step:1431/3250 train_time:2704.852s step_avg:1890.18ms
step:1432/3250 train_time:2706.677s step_avg:1890.14ms
step:1433/3250 train_time:2708.500s step_avg:1890.09ms
step:1434/3250 train_time:2710.323s step_avg:1890.04ms
step:1435/3250 train_time:2712.146s step_avg:1890.00ms
step:1436/3250 train_time:2713.969s step_avg:1889.95ms
step:1437/3250 train_time:2715.794s step_avg:1889.91ms
step:1438/3250 train_time:2717.619s step_avg:1889.86ms
step:1439/3250 train_time:2719.442s step_avg:1889.81ms
step:1440/3250 train_time:2721.266s step_avg:1889.77ms
step:1441/3250 train_time:2723.924s step_avg:1890.30ms
step:1442/3250 train_time:2725.747s step_avg:1890.25ms
step:1443/3250 train_time:2727.570s step_avg:1890.21ms
step:1444/3250 train_time:2729.393s step_avg:1890.16ms
step:1445/3250 train_time:2731.216s step_avg:1890.12ms
step:1446/3250 train_time:2733.040s step_avg:1890.07ms
step:1447/3250 train_time:2734.862s step_avg:1890.02ms
step:1448/3250 train_time:2736.686s step_avg:1889.98ms
step:1449/3250 train_time:2738.509s step_avg:1889.93ms
step:1450/3250 train_time:2740.604s step_avg:1890.07ms
step:1451/3250 train_time:2742.427s step_avg:1890.03ms
step:1452/3250 train_time:2744.251s step_avg:1889.98ms
step:1453/3250 train_time:2746.074s step_avg:1889.93ms
step:1454/3250 train_time:2747.897s step_avg:1889.89ms
step:1455/3250 train_time:2749.720s step_avg:1889.84ms
step:1456/3250 train_time:2751.543s step_avg:1889.80ms
step:1457/3250 train_time:2754.202s step_avg:1890.32ms
step:1458/3250 train_time:2756.024s step_avg:1890.28ms
step:1459/3250 train_time:2757.848s step_avg:1890.23ms
step:1460/3250 train_time:2759.671s step_avg:1890.19ms
step:1461/3250 train_time:2761.493s step_avg:1890.14ms
step:1462/3250 train_time:2763.316s step_avg:1890.09ms
step:1463/3250 train_time:2765.139s step_avg:1890.05ms
step:1464/3250 train_time:2766.964s step_avg:1890.00ms
step:1465/3250 train_time:2768.789s step_avg:1889.96ms
step:1466/3250 train_time:2770.612s step_avg:1889.91ms
step:1467/3250 train_time:2772.436s step_avg:1889.87ms
step:1468/3250 train_time:2774.261s step_avg:1889.82ms
step:1469/3250 train_time:2776.086s step_avg:1889.78ms
step:1470/3250 train_time:2777.910s step_avg:1889.73ms
step:1471/3250 train_time:2779.733s step_avg:1889.69ms
step:1472/3250 train_time:2781.557s step_avg:1889.64ms
step:1473/3250 train_time:2784.215s step_avg:1890.17ms
step:1474/3250 train_time:2786.039s step_avg:1890.12ms
step:1475/3250 train_time:2788.134s step_avg:1890.26ms
step:1476/3250 train_time:2789.957s step_avg:1890.21ms
step:1477/3250 train_time:2791.780s step_avg:1890.17ms
step:1478/3250 train_time:2793.604s step_avg:1890.12ms
step:1479/3250 train_time:2795.429s step_avg:1890.08ms
step:1480/3250 train_time:2797.253s step_avg:1890.04ms
step:1481/3250 train_time:2799.076s step_avg:1889.99ms
step:1482/3250 train_time:2800.900s step_avg:1889.95ms
step:1483/3250 train_time:2802.723s step_avg:1889.90ms
step:1484/3250 train_time:2804.547s step_avg:1889.86ms
step:1485/3250 train_time:2806.371s step_avg:1889.81ms
step:1486/3250 train_time:2808.195s step_avg:1889.77ms
step:1487/3250 train_time:2810.019s step_avg:1889.72ms
step:1488/3250 train_time:2811.842s step_avg:1889.68ms
step:1489/3250 train_time:2814.501s step_avg:1890.20ms
step:1490/3250 train_time:2816.326s step_avg:1890.15ms
step:1491/3250 train_time:2818.149s step_avg:1890.11ms
step:1492/3250 train_time:2819.973s step_avg:1890.06ms
step:1493/3250 train_time:2821.796s step_avg:1890.02ms
step:1494/3250 train_time:2823.620s step_avg:1889.97ms
step:1495/3250 train_time:2825.445s step_avg:1889.93ms
step:1496/3250 train_time:2827.270s step_avg:1889.89ms
step:1497/3250 train_time:2829.094s step_avg:1889.84ms
step:1498/3250 train_time:2830.918s step_avg:1889.80ms
step:1499/3250 train_time:2832.742s step_avg:1889.75ms
step:1500/3250 train_time:2834.905s step_avg:1889.94ms
step:1500/3250 val_loss:3.55088 train_time:2834.906s step_avg:1888.60ms
step:1501/3250 train_time:2836.731s step_avg:1889.89ms
step:1502/3250 train_time:2838.555s step_avg:1889.85ms
step:1503/3250 train_time:2840.379s step_avg:1889.81ms
step:1504/3250 train_time:2842.203s step_avg:1889.76ms
step:1505/3250 train_time:2844.862s step_avg:1890.27ms
step:1506/3250 train_time:2846.685s step_avg:1890.23ms
step:1507/3250 train_time:2848.508s step_avg:1890.18ms
step:1508/3250 train_time:2850.333s step_avg:1890.14ms
step:1509/3250 train_time:2852.157s step_avg:1890.10ms
step:1510/3250 train_time:2853.980s step_avg:1890.05ms
step:1511/3250 train_time:2855.803s step_avg:1890.01ms
step:1512/3250 train_time:2857.626s step_avg:1889.96ms
step:1513/3250 train_time:2859.450s step_avg:1889.92ms
step:1514/3250 train_time:2861.273s step_avg:1889.88ms
step:1515/3250 train_time:2863.096s step_avg:1889.83ms
step:1516/3250 train_time:2864.920s step_avg:1889.79ms
step:1517/3250 train_time:2866.744s step_avg:1889.75ms
step:1518/3250 train_time:2868.569s step_avg:1889.70ms
step:1519/3250 train_time:2870.392s step_avg:1889.66ms
step:1520/3250 train_time:2872.217s step_avg:1889.62ms
step:1521/3250 train_time:2874.909s step_avg:1890.14ms
step:1522/3250 train_time:2876.733s step_avg:1890.10ms
step:1523/3250 train_time:2878.557s step_avg:1890.06ms
step:1524/3250 train_time:2880.380s step_avg:1890.01ms
step:1525/3250 train_time:2882.477s step_avg:1890.15ms
step:1526/3250 train_time:2884.301s step_avg:1890.11ms
step:1527/3250 train_time:2886.125s step_avg:1890.06ms
step:1528/3250 train_time:2887.949s step_avg:1890.02ms
step:1529/3250 train_time:2889.774s step_avg:1889.98ms
step:1530/3250 train_time:2891.600s step_avg:1889.93ms
step:1531/3250 train_time:2893.424s step_avg:1889.89ms
step:1532/3250 train_time:2895.248s step_avg:1889.85ms
step:1533/3250 train_time:2897.074s step_avg:1889.81ms
step:1534/3250 train_time:2898.900s step_avg:1889.77ms
step:1535/3250 train_time:2900.725s step_avg:1889.72ms
step:1536/3250 train_time:2902.548s step_avg:1889.68ms
step:1537/3250 train_time:2905.207s step_avg:1890.18ms
step:1538/3250 train_time:2907.031s step_avg:1890.14ms
step:1539/3250 train_time:2908.854s step_avg:1890.09ms
step:1540/3250 train_time:2910.678s step_avg:1890.05ms
step:1541/3250 train_time:2912.501s step_avg:1890.01ms
step:1542/3250 train_time:2914.325s step_avg:1889.96ms
step:1543/3250 train_time:2916.150s step_avg:1889.92ms
step:1544/3250 train_time:2917.974s step_avg:1889.88ms
step:1545/3250 train_time:2919.799s step_avg:1889.84ms
step:1546/3250 train_time:2921.624s step_avg:1889.80ms
step:1547/3250 train_time:2923.449s step_avg:1889.75ms
step:1548/3250 train_time:2925.274s step_avg:1889.71ms
step:1549/3250 train_time:2927.098s step_avg:1889.67ms
step:1550/3250 train_time:2929.194s step_avg:1889.80ms
step:1551/3250 train_time:2931.018s step_avg:1889.76ms
step:1552/3250 train_time:2932.842s step_avg:1889.72ms
step:1553/3250 train_time:2935.501s step_avg:1890.21ms
step:1554/3250 train_time:2937.325s step_avg:1890.17ms
step:1555/3250 train_time:2939.150s step_avg:1890.13ms
step:1556/3250 train_time:2940.973s step_avg:1890.09ms
step:1557/3250 train_time:2942.797s step_avg:1890.04ms
step:1558/3250 train_time:2944.622s step_avg:1890.00ms
step:1559/3250 train_time:2946.446s step_avg:1889.96ms
step:1560/3250 train_time:2948.271s step_avg:1889.92ms
step:1561/3250 train_time:2950.095s step_avg:1889.87ms
step:1562/3250 train_time:2951.920s step_avg:1889.83ms
step:1563/3250 train_time:2953.745s step_avg:1889.79ms
step:1564/3250 train_time:2955.570s step_avg:1889.75ms
step:1565/3250 train_time:2957.394s step_avg:1889.71ms
step:1566/3250 train_time:2959.219s step_avg:1889.67ms
step:1567/3250 train_time:2961.043s step_avg:1889.63ms
step:1568/3250 train_time:2962.867s step_avg:1889.58ms
step:1569/3250 train_time:2965.526s step_avg:1890.07ms
step:1570/3250 train_time:2967.350s step_avg:1890.03ms
step:1571/3250 train_time:2969.175s step_avg:1889.99ms
step:1572/3250 train_time:2971.001s step_avg:1889.95ms
step:1573/3250 train_time:2972.825s step_avg:1889.91ms
step:1574/3250 train_time:2974.650s step_avg:1889.87ms
step:1575/3250 train_time:2976.748s step_avg:1890.00ms
step:1576/3250 train_time:2978.572s step_avg:1889.96ms
step:1577/3250 train_time:2980.398s step_avg:1889.92ms
step:1578/3250 train_time:2982.223s step_avg:1889.87ms
step:1579/3250 train_time:2984.046s step_avg:1889.83ms
step:1580/3250 train_time:2985.871s step_avg:1889.79ms
step:1581/3250 train_time:2987.697s step_avg:1889.75ms
step:1582/3250 train_time:2989.522s step_avg:1889.71ms
step:1583/3250 train_time:2991.345s step_avg:1889.67ms
step:1584/3250 train_time:2993.170s step_avg:1889.63ms
step:1585/3250 train_time:2995.829s step_avg:1890.11ms
step:1586/3250 train_time:2997.653s step_avg:1890.07ms
step:1587/3250 train_time:2999.476s step_avg:1890.03ms
step:1588/3250 train_time:3001.299s step_avg:1889.99ms
step:1589/3250 train_time:3003.124s step_avg:1889.95ms
step:1590/3250 train_time:3004.949s step_avg:1889.91ms
step:1591/3250 train_time:3006.773s step_avg:1889.86ms
step:1592/3250 train_time:3008.597s step_avg:1889.82ms
step:1593/3250 train_time:3010.422s step_avg:1889.78ms
step:1594/3250 train_time:3012.247s step_avg:1889.74ms
step:1595/3250 train_time:3014.072s step_avg:1889.70ms
step:1596/3250 train_time:3015.896s step_avg:1889.66ms
step:1597/3250 train_time:3017.719s step_avg:1889.62ms
step:1598/3250 train_time:3019.543s step_avg:1889.58ms
step:1599/3250 train_time:3021.367s step_avg:1889.54ms
step:1600/3250 train_time:3023.464s step_avg:1889.67ms
step:1601/3250 train_time:3026.123s step_avg:1890.15ms
step:1602/3250 train_time:3027.946s step_avg:1890.10ms
step:1603/3250 train_time:3029.768s step_avg:1890.06ms
step:1604/3250 train_time:3031.591s step_avg:1890.02ms
step:1605/3250 train_time:3033.414s step_avg:1889.98ms
step:1606/3250 train_time:3035.237s step_avg:1889.94ms
step:1607/3250 train_time:3037.060s step_avg:1889.89ms
step:1608/3250 train_time:3038.884s step_avg:1889.85ms
step:1609/3250 train_time:3040.706s step_avg:1889.81ms
step:1610/3250 train_time:3042.529s step_avg:1889.77ms
step:1611/3250 train_time:3044.352s step_avg:1889.73ms
step:1612/3250 train_time:3046.176s step_avg:1889.69ms
step:1613/3250 train_time:3048.000s step_avg:1889.65ms
step:1614/3250 train_time:3049.823s step_avg:1889.61ms
step:1615/3250 train_time:3051.645s step_avg:1889.56ms
step:1616/3250 train_time:3053.469s step_avg:1889.52ms
step:1617/3250 train_time:3056.126s step_avg:1890.00ms
step:1618/3250 train_time:3057.948s step_avg:1889.96ms
step:1619/3250 train_time:3059.771s step_avg:1889.91ms
step:1620/3250 train_time:3061.595s step_avg:1889.87ms
step:1621/3250 train_time:3063.419s step_avg:1889.83ms
step:1622/3250 train_time:3065.243s step_avg:1889.79ms
step:1623/3250 train_time:3067.065s step_avg:1889.75ms
step:1624/3250 train_time:3068.888s step_avg:1889.71ms
step:1625/3250 train_time:3071.048s step_avg:1889.88ms
step:1625/3250 val_loss:3.53786 train_time:3071.049s step_avg:1889.14ms
step:1626/3250 train_time:3072.875s step_avg:1889.84ms
step:1627/3250 train_time:3074.699s step_avg:1889.80ms
step:1628/3250 train_time:3076.522s step_avg:1889.76ms
step:1629/3250 train_time:3078.345s step_avg:1889.71ms
step:1630/3250 train_time:3080.169s step_avg:1889.67ms
step:1631/3250 train_time:3081.994s step_avg:1889.63ms
step:1632/3250 train_time:3083.817s step_avg:1889.59ms
step:1633/3250 train_time:3086.476s step_avg:1890.06ms
step:1634/3250 train_time:3088.299s step_avg:1890.02ms
step:1635/3250 train_time:3090.124s step_avg:1889.98ms
step:1636/3250 train_time:3091.948s step_avg:1889.94ms
step:1637/3250 train_time:3093.772s step_avg:1889.90ms
step:1638/3250 train_time:3095.596s step_avg:1889.86ms
step:1639/3250 train_time:3097.420s step_avg:1889.82ms
step:1640/3250 train_time:3099.243s step_avg:1889.78ms
step:1641/3250 train_time:3101.066s step_avg:1889.74ms
step:1642/3250 train_time:3102.893s step_avg:1889.70ms
step:1643/3250 train_time:3104.718s step_avg:1889.66ms
step:1644/3250 train_time:3106.541s step_avg:1889.62ms
step:1645/3250 train_time:3108.365s step_avg:1889.58ms
step:1646/3250 train_time:3110.188s step_avg:1889.54ms
step:1647/3250 train_time:3112.014s step_avg:1889.50ms
step:1648/3250 train_time:3113.839s step_avg:1889.47ms
step:1649/3250 train_time:3116.496s step_avg:1889.93ms
step:1650/3250 train_time:3118.591s step_avg:1890.06ms
step:1651/3250 train_time:3120.415s step_avg:1890.01ms
step:1652/3250 train_time:3122.240s step_avg:1889.98ms
step:1653/3250 train_time:3124.065s step_avg:1889.94ms
step:1654/3250 train_time:3125.888s step_avg:1889.90ms
step:1655/3250 train_time:3127.710s step_avg:1889.86ms
step:1656/3250 train_time:3129.533s step_avg:1889.81ms
step:1657/3250 train_time:3131.358s step_avg:1889.78ms
step:1658/3250 train_time:3133.182s step_avg:1889.74ms
step:1659/3250 train_time:3135.005s step_avg:1889.70ms
step:1660/3250 train_time:3136.829s step_avg:1889.66ms
step:1661/3250 train_time:3138.653s step_avg:1889.62ms
step:1662/3250 train_time:3140.478s step_avg:1889.58ms
step:1663/3250 train_time:3142.301s step_avg:1889.54ms
step:1664/3250 train_time:3144.125s step_avg:1889.50ms
step:1665/3250 train_time:3146.783s step_avg:1889.96ms
step:1666/3250 train_time:3148.606s step_avg:1889.92ms
step:1667/3250 train_time:3150.428s step_avg:1889.88ms
step:1668/3250 train_time:3152.251s step_avg:1889.84ms
step:1669/3250 train_time:3154.075s step_avg:1889.80ms
step:1670/3250 train_time:3155.899s step_avg:1889.76ms
step:1671/3250 train_time:3157.723s step_avg:1889.72ms
step:1672/3250 train_time:3159.547s step_avg:1889.68ms
step:1673/3250 train_time:3161.370s step_avg:1889.64ms
step:1674/3250 train_time:3163.195s step_avg:1889.60ms
step:1675/3250 train_time:3165.291s step_avg:1889.73ms
step:1676/3250 train_time:3167.114s step_avg:1889.69ms
step:1677/3250 train_time:3168.937s step_avg:1889.65ms
step:1678/3250 train_time:3170.761s step_avg:1889.61ms
step:1679/3250 train_time:3172.586s step_avg:1889.57ms
step:1680/3250 train_time:3174.410s step_avg:1889.53ms
step:1681/3250 train_time:3177.067s step_avg:1889.99ms
step:1682/3250 train_time:3178.889s step_avg:1889.95ms
step:1683/3250 train_time:3180.713s step_avg:1889.91ms
step:1684/3250 train_time:3182.538s step_avg:1889.87ms
step:1685/3250 train_time:3184.362s step_avg:1889.83ms
step:1686/3250 train_time:3186.185s step_avg:1889.79ms
step:1687/3250 train_time:3188.008s step_avg:1889.75ms
step:1688/3250 train_time:3189.832s step_avg:1889.71ms
step:1689/3250 train_time:3191.656s step_avg:1889.67ms
step:1690/3250 train_time:3193.480s step_avg:1889.63ms
step:1691/3250 train_time:3195.303s step_avg:1889.59ms
step:1692/3250 train_time:3197.128s step_avg:1889.56ms
step:1693/3250 train_time:3198.955s step_avg:1889.52ms
step:1694/3250 train_time:3200.779s step_avg:1889.48ms
step:1695/3250 train_time:3202.604s step_avg:1889.44ms
step:1696/3250 train_time:3204.429s step_avg:1889.40ms
step:1697/3250 train_time:3207.086s step_avg:1889.86ms
step:1698/3250 train_time:3208.909s step_avg:1889.82ms
step:1699/3250 train_time:3210.732s step_avg:1889.78ms
step:1700/3250 train_time:3212.834s step_avg:1889.90ms
step:1701/3250 train_time:3214.659s step_avg:1889.86ms
step:1702/3250 train_time:3216.483s step_avg:1889.83ms
step:1703/3250 train_time:3218.306s step_avg:1889.79ms
step:1704/3250 train_time:3220.130s step_avg:1889.75ms
step:1705/3250 train_time:3221.953s step_avg:1889.71ms
step:1706/3250 train_time:3223.779s step_avg:1889.67ms
step:1707/3250 train_time:3225.604s step_avg:1889.63ms
step:1708/3250 train_time:3227.427s step_avg:1889.59ms
step:1709/3250 train_time:3229.250s step_avg:1889.56ms
step:1710/3250 train_time:3231.075s step_avg:1889.52ms
step:1711/3250 train_time:3232.931s step_avg:1889.50ms
step:1712/3250 train_time:3234.755s step_avg:1889.46ms
step:1713/3250 train_time:3237.412s step_avg:1889.91ms
step:1714/3250 train_time:3239.236s step_avg:1889.87ms
step:1715/3250 train_time:3241.059s step_avg:1889.83ms
step:1716/3250 train_time:3242.884s step_avg:1889.79ms
step:1717/3250 train_time:3244.710s step_avg:1889.76ms
step:1718/3250 train_time:3246.533s step_avg:1889.72ms
step:1719/3250 train_time:3248.357s step_avg:1889.68ms
step:1720/3250 train_time:3250.180s step_avg:1889.64ms
step:1721/3250 train_time:3252.005s step_avg:1889.60ms
step:1722/3250 train_time:3253.830s step_avg:1889.56ms
step:1723/3250 train_time:3255.653s step_avg:1889.53ms
step:1724/3250 train_time:3257.477s step_avg:1889.49ms
step:1725/3250 train_time:3259.576s step_avg:1889.61ms
step:1726/3250 train_time:3261.399s step_avg:1889.57ms
step:1727/3250 train_time:3263.223s step_avg:1889.53ms
step:1728/3250 train_time:3265.047s step_avg:1889.49ms
step:1729/3250 train_time:3267.704s step_avg:1889.94ms
step:1730/3250 train_time:3269.528s step_avg:1889.90ms
step:1731/3250 train_time:3271.351s step_avg:1889.86ms
step:1732/3250 train_time:3273.175s step_avg:1889.82ms
step:1733/3250 train_time:3274.999s step_avg:1889.79ms
step:1734/3250 train_time:3276.823s step_avg:1889.75ms
step:1735/3250 train_time:3278.647s step_avg:1889.71ms
step:1736/3250 train_time:3280.471s step_avg:1889.67ms
step:1737/3250 train_time:3282.294s step_avg:1889.63ms
step:1738/3250 train_time:3284.118s step_avg:1889.60ms
step:1739/3250 train_time:3285.942s step_avg:1889.56ms
step:1740/3250 train_time:3287.766s step_avg:1889.52ms
step:1741/3250 train_time:3289.589s step_avg:1889.48ms
step:1742/3250 train_time:3291.413s step_avg:1889.44ms
step:1743/3250 train_time:3293.236s step_avg:1889.41ms
step:1744/3250 train_time:3295.060s step_avg:1889.37ms
step:1745/3250 train_time:3297.718s step_avg:1889.81ms
step:1746/3250 train_time:3299.541s step_avg:1889.77ms
step:1747/3250 train_time:3301.364s step_avg:1889.73ms
step:1748/3250 train_time:3303.188s step_avg:1889.70ms
step:1749/3250 train_time:3305.011s step_avg:1889.66ms
step:1750/3250 train_time:3307.171s step_avg:1889.81ms
step:1750/3250 val_loss:3.52122 train_time:3307.171s step_avg:1888.98ms
step:1751/3250 train_time:3308.995s step_avg:1889.77ms
step:1752/3250 train_time:3310.819s step_avg:1889.74ms
step:1753/3250 train_time:3312.643s step_avg:1889.70ms
step:1754/3250 train_time:3314.468s step_avg:1889.66ms
step:1755/3250 train_time:3316.291s step_avg:1889.62ms
step:1756/3250 train_time:3318.114s step_avg:1889.59ms
step:1757/3250 train_time:3319.937s step_avg:1889.55ms
step:1758/3250 train_time:3321.761s step_avg:1889.51ms
step:1759/3250 train_time:3323.585s step_avg:1889.47ms
step:1760/3250 train_time:3325.408s step_avg:1889.44ms
step:1761/3250 train_time:3328.065s step_avg:1889.87ms
step:1762/3250 train_time:3329.889s step_avg:1889.83ms
step:1763/3250 train_time:3331.712s step_avg:1889.80ms
step:1764/3250 train_time:3333.535s step_avg:1889.76ms
step:1765/3250 train_time:3335.359s step_avg:1889.72ms
step:1766/3250 train_time:3337.183s step_avg:1889.68ms
step:1767/3250 train_time:3339.006s step_avg:1889.65ms
step:1768/3250 train_time:3340.831s step_avg:1889.61ms
step:1769/3250 train_time:3342.654s step_avg:1889.57ms
step:1770/3250 train_time:3344.477s step_avg:1889.53ms
step:1771/3250 train_time:3346.300s step_avg:1889.50ms
step:1772/3250 train_time:3348.123s step_avg:1889.46ms
step:1773/3250 train_time:3349.946s step_avg:1889.42ms
step:1774/3250 train_time:3351.770s step_avg:1889.39ms
step:1775/3250 train_time:3353.865s step_avg:1889.50ms
step:1776/3250 train_time:3355.688s step_avg:1889.46ms
step:1777/3250 train_time:3358.346s step_avg:1889.90ms
step:1778/3250 train_time:3360.169s step_avg:1889.86ms
step:1779/3250 train_time:3361.992s step_avg:1889.82ms
step:1780/3250 train_time:3363.815s step_avg:1889.78ms
step:1781/3250 train_time:3365.638s step_avg:1889.75ms
step:1782/3250 train_time:3367.461s step_avg:1889.71ms
step:1783/3250 train_time:3369.285s step_avg:1889.67ms
step:1784/3250 train_time:3371.109s step_avg:1889.64ms
step:1785/3250 train_time:3372.933s step_avg:1889.60ms
step:1786/3250 train_time:3374.757s step_avg:1889.56ms
step:1787/3250 train_time:3376.579s step_avg:1889.52ms
step:1788/3250 train_time:3378.402s step_avg:1889.49ms
step:1789/3250 train_time:3380.227s step_avg:1889.45ms
step:1790/3250 train_time:3382.051s step_avg:1889.41ms
step:1791/3250 train_time:3383.875s step_avg:1889.38ms
step:1792/3250 train_time:3385.698s step_avg:1889.34ms
step:1793/3250 train_time:3388.355s step_avg:1889.77ms
step:1794/3250 train_time:3390.178s step_avg:1889.73ms
step:1795/3250 train_time:3392.001s step_avg:1889.69ms
step:1796/3250 train_time:3393.823s step_avg:1889.66ms
step:1797/3250 train_time:3395.646s step_avg:1889.62ms
step:1798/3250 train_time:3397.469s step_avg:1889.58ms
step:1799/3250 train_time:3399.292s step_avg:1889.55ms
step:1800/3250 train_time:3401.386s step_avg:1889.66ms
step:1801/3250 train_time:3403.208s step_avg:1889.62ms
step:1802/3250 train_time:3405.030s step_avg:1889.58ms
step:1803/3250 train_time:3406.856s step_avg:1889.55ms
step:1804/3250 train_time:3408.679s step_avg:1889.51ms
step:1805/3250 train_time:3410.501s step_avg:1889.47ms
step:1806/3250 train_time:3412.324s step_avg:1889.44ms
step:1807/3250 train_time:3414.147s step_avg:1889.40ms
step:1808/3250 train_time:3415.971s step_avg:1889.36ms
step:1809/3250 train_time:3418.628s step_avg:1889.79ms
step:1810/3250 train_time:3420.450s step_avg:1889.75ms
step:1811/3250 train_time:3422.273s step_avg:1889.71ms
step:1812/3250 train_time:3424.095s step_avg:1889.68ms
step:1813/3250 train_time:3425.918s step_avg:1889.64ms
step:1814/3250 train_time:3427.740s step_avg:1889.60ms
step:1815/3250 train_time:3429.563s step_avg:1889.57ms
step:1816/3250 train_time:3431.387s step_avg:1889.53ms
step:1817/3250 train_time:3433.211s step_avg:1889.49ms
step:1818/3250 train_time:3435.034s step_avg:1889.46ms
step:1819/3250 train_time:3436.857s step_avg:1889.42ms
step:1820/3250 train_time:3438.679s step_avg:1889.38ms
step:1821/3250 train_time:3440.503s step_avg:1889.35ms
step:1822/3250 train_time:3442.327s step_avg:1889.31ms
step:1823/3250 train_time:3444.150s step_avg:1889.28ms
step:1824/3250 train_time:3445.973s step_avg:1889.24ms
step:1825/3250 train_time:3448.903s step_avg:1889.81ms
step:1826/3250 train_time:3450.728s step_avg:1889.77ms
step:1827/3250 train_time:3452.551s step_avg:1889.74ms
step:1828/3250 train_time:3454.373s step_avg:1889.70ms
step:1829/3250 train_time:3456.196s step_avg:1889.66ms
step:1830/3250 train_time:3458.018s step_avg:1889.63ms
step:1831/3250 train_time:3459.841s step_avg:1889.59ms
step:1832/3250 train_time:3461.664s step_avg:1889.55ms
step:1833/3250 train_time:3463.487s step_avg:1889.52ms
step:1834/3250 train_time:3465.310s step_avg:1889.48ms
step:1835/3250 train_time:3467.132s step_avg:1889.45ms
step:1836/3250 train_time:3468.955s step_avg:1889.41ms
step:1837/3250 train_time:3470.778s step_avg:1889.37ms
step:1838/3250 train_time:3472.601s step_avg:1889.34ms
step:1839/3250 train_time:3474.423s step_avg:1889.30ms
step:1840/3250 train_time:3476.246s step_avg:1889.26ms
step:1841/3250 train_time:3478.903s step_avg:1889.68ms
step:1842/3250 train_time:3480.725s step_avg:1889.64ms
step:1843/3250 train_time:3482.547s step_avg:1889.61ms
step:1844/3250 train_time:3484.369s step_avg:1889.57ms
step:1845/3250 train_time:3486.191s step_avg:1889.53ms
step:1846/3250 train_time:3488.014s step_avg:1889.50ms
step:1847/3250 train_time:3489.838s step_avg:1889.46ms
step:1848/3250 train_time:3491.660s step_avg:1889.43ms
step:1849/3250 train_time:3493.483s step_avg:1889.39ms
step:1850/3250 train_time:3495.577s step_avg:1889.50ms
step:1851/3250 train_time:3497.400s step_avg:1889.46ms
step:1852/3250 train_time:3499.223s step_avg:1889.43ms
step:1853/3250 train_time:3501.045s step_avg:1889.39ms
step:1854/3250 train_time:3502.868s step_avg:1889.36ms
step:1855/3250 train_time:3504.691s step_avg:1889.32ms
step:1856/3250 train_time:3506.514s step_avg:1889.29ms
step:1857/3250 train_time:3509.172s step_avg:1889.70ms
step:1858/3250 train_time:3510.997s step_avg:1889.66ms
step:1859/3250 train_time:3512.820s step_avg:1889.63ms
step:1860/3250 train_time:3514.642s step_avg:1889.59ms
step:1861/3250 train_time:3516.464s step_avg:1889.56ms
step:1862/3250 train_time:3518.286s step_avg:1889.52ms
step:1863/3250 train_time:3520.110s step_avg:1889.48ms
step:1864/3250 train_time:3521.933s step_avg:1889.45ms
step:1865/3250 train_time:3523.756s step_avg:1889.41ms
step:1866/3250 train_time:3525.578s step_avg:1889.38ms
step:1867/3250 train_time:3527.401s step_avg:1889.34ms
step:1868/3250 train_time:3529.223s step_avg:1889.31ms
step:1869/3250 train_time:3531.047s step_avg:1889.27ms
step:1870/3250 train_time:3532.870s step_avg:1889.24ms
step:1871/3250 train_time:3534.693s step_avg:1889.20ms
step:1872/3250 train_time:3536.516s step_avg:1889.16ms
step:1873/3250 train_time:3539.173s step_avg:1889.57ms
step:1874/3250 train_time:3540.995s step_avg:1889.54ms
step:1875/3250 train_time:3543.154s step_avg:1889.68ms
step:1875/3250 val_loss:3.50459 train_time:3543.154s step_avg:1887.86ms
step:1876/3250 train_time:3544.976s step_avg:1889.65ms
step:1877/3250 train_time:3546.798s step_avg:1889.61ms
step:1878/3250 train_time:3548.620s step_avg:1889.57ms
step:1879/3250 train_time:3550.444s step_avg:1889.54ms
step:1880/3250 train_time:3552.266s step_avg:1889.50ms
step:1881/3250 train_time:3554.088s step_avg:1889.47ms
step:1882/3250 train_time:3555.909s step_avg:1889.43ms
step:1883/3250 train_time:3557.731s step_avg:1889.40ms
step:1884/3250 train_time:3559.555s step_avg:1889.36ms
step:1885/3250 train_time:3561.377s step_avg:1889.32ms
step:1886/3250 train_time:3563.199s step_avg:1889.29ms
step:1887/3250 train_time:3565.020s step_avg:1889.25ms
step:1888/3250 train_time:3566.843s step_avg:1889.22ms
step:1889/3250 train_time:3569.499s step_avg:1889.62ms
step:1890/3250 train_time:3571.321s step_avg:1889.59ms
step:1891/3250 train_time:3573.144s step_avg:1889.55ms
step:1892/3250 train_time:3574.966s step_avg:1889.52ms
step:1893/3250 train_time:3576.789s step_avg:1889.48ms
step:1894/3250 train_time:3578.611s step_avg:1889.45ms
step:1895/3250 train_time:3580.433s step_avg:1889.41ms
step:1896/3250 train_time:3582.256s step_avg:1889.38ms
step:1897/3250 train_time:3584.079s step_avg:1889.34ms
step:1898/3250 train_time:3585.901s step_avg:1889.30ms
step:1899/3250 train_time:3587.723s step_avg:1889.27ms
step:1900/3250 train_time:3589.818s step_avg:1889.38ms
step:1901/3250 train_time:3591.672s step_avg:1889.36ms
step:1902/3250 train_time:3593.495s step_avg:1889.32ms
step:1903/3250 train_time:3595.317s step_avg:1889.29ms
step:1904/3250 train_time:3597.139s step_avg:1889.25ms
step:1905/3250 train_time:3599.796s step_avg:1889.66ms
step:1906/3250 train_time:3601.617s step_avg:1889.62ms
step:1907/3250 train_time:3603.439s step_avg:1889.59ms
step:1908/3250 train_time:3605.260s step_avg:1889.55ms
step:1909/3250 train_time:3607.082s step_avg:1889.51ms
step:1910/3250 train_time:3608.905s step_avg:1889.48ms
step:1911/3250 train_time:3610.728s step_avg:1889.44ms
step:1912/3250 train_time:3612.549s step_avg:1889.41ms
step:1913/3250 train_time:3614.370s step_avg:1889.37ms
step:1914/3250 train_time:3616.191s step_avg:1889.34ms
step:1915/3250 train_time:3618.014s step_avg:1889.30ms
step:1916/3250 train_time:3619.837s step_avg:1889.27ms
step:1917/3250 train_time:3621.659s step_avg:1889.23ms
step:1918/3250 train_time:3623.481s step_avg:1889.20ms
step:1919/3250 train_time:3625.303s step_avg:1889.16ms
step:1920/3250 train_time:3627.125s step_avg:1889.13ms
step:1921/3250 train_time:3629.782s step_avg:1889.53ms
step:1922/3250 train_time:3631.605s step_avg:1889.49ms
step:1923/3250 train_time:3633.427s step_avg:1889.46ms
step:1924/3250 train_time:3635.250s step_avg:1889.42ms
step:1925/3250 train_time:3637.344s step_avg:1889.53ms
step:1926/3250 train_time:3639.168s step_avg:1889.50ms
step:1927/3250 train_time:3640.992s step_avg:1889.46ms
step:1928/3250 train_time:3642.815s step_avg:1889.43ms
step:1929/3250 train_time:3644.639s step_avg:1889.39ms
step:1930/3250 train_time:3646.462s step_avg:1889.36ms
step:1931/3250 train_time:3648.284s step_avg:1889.32ms
step:1932/3250 train_time:3650.107s step_avg:1889.29ms
step:1933/3250 train_time:3651.930s step_avg:1889.26ms
step:1934/3250 train_time:3653.754s step_avg:1889.22ms
step:1935/3250 train_time:3655.578s step_avg:1889.19ms
step:1936/3250 train_time:3657.402s step_avg:1889.15ms
step:1937/3250 train_time:3660.059s step_avg:1889.55ms
step:1938/3250 train_time:3661.883s step_avg:1889.52ms
step:1939/3250 train_time:3663.706s step_avg:1889.48ms
step:1940/3250 train_time:3665.528s step_avg:1889.45ms
step:1941/3250 train_time:3667.352s step_avg:1889.41ms
step:1942/3250 train_time:3669.175s step_avg:1889.38ms
step:1943/3250 train_time:3670.997s step_avg:1889.34ms
step:1944/3250 train_time:3672.819s step_avg:1889.31ms
step:1945/3250 train_time:3674.641s step_avg:1889.28ms
step:1946/3250 train_time:3676.464s step_avg:1889.24ms
step:1947/3250 train_time:3678.287s step_avg:1889.21ms
step:1948/3250 train_time:3680.110s step_avg:1889.17ms
step:1949/3250 train_time:3681.932s step_avg:1889.14ms
step:1950/3250 train_time:3684.029s step_avg:1889.25ms
step:1951/3250 train_time:3685.852s step_avg:1889.21ms
step:1952/3250 train_time:3687.674s step_avg:1889.18ms
step:1953/3250 train_time:3690.331s step_avg:1889.57ms
step:1954/3250 train_time:3692.153s step_avg:1889.54ms
step:1955/3250 train_time:3693.974s step_avg:1889.50ms
step:1956/3250 train_time:3695.795s step_avg:1889.47ms
step:1957/3250 train_time:3697.617s step_avg:1889.43ms
step:1958/3250 train_time:3699.440s step_avg:1889.40ms
step:1959/3250 train_time:3701.262s step_avg:1889.36ms
step:1960/3250 train_time:3703.084s step_avg:1889.33ms
step:1961/3250 train_time:3704.905s step_avg:1889.29ms
step:1962/3250 train_time:3706.728s step_avg:1889.26ms
step:1963/3250 train_time:3708.551s step_avg:1889.23ms
step:1964/3250 train_time:3710.374s step_avg:1889.19ms
step:1965/3250 train_time:3712.196s step_avg:1889.16ms
step:1966/3250 train_time:3714.018s step_avg:1889.12ms
step:1967/3250 train_time:3715.841s step_avg:1889.09ms
step:1968/3250 train_time:3717.664s step_avg:1889.06ms
step:1969/3250 train_time:3720.320s step_avg:1889.45ms
step:1970/3250 train_time:3722.142s step_avg:1889.41ms
step:1971/3250 train_time:3723.965s step_avg:1889.38ms
step:1972/3250 train_time:3725.786s step_avg:1889.34ms
step:1973/3250 train_time:3727.609s step_avg:1889.31ms
step:1974/3250 train_time:3729.430s step_avg:1889.28ms
step:1975/3250 train_time:3731.525s step_avg:1889.38ms
step:1976/3250 train_time:3733.346s step_avg:1889.35ms
step:1977/3250 train_time:3735.167s step_avg:1889.31ms
step:1978/3250 train_time:3736.989s step_avg:1889.28ms
step:1979/3250 train_time:3738.810s step_avg:1889.24ms
step:1980/3250 train_time:3740.632s step_avg:1889.21ms
step:1981/3250 train_time:3742.453s step_avg:1889.17ms
step:1982/3250 train_time:3744.275s step_avg:1889.14ms
step:1983/3250 train_time:3746.096s step_avg:1889.11ms
step:1984/3250 train_time:3747.917s step_avg:1889.07ms
step:1985/3250 train_time:3750.574s step_avg:1889.46ms
step:1986/3250 train_time:3752.396s step_avg:1889.42ms
step:1987/3250 train_time:3754.217s step_avg:1889.39ms
step:1988/3250 train_time:3756.039s step_avg:1889.36ms
step:1989/3250 train_time:3757.860s step_avg:1889.32ms
step:1990/3250 train_time:3759.682s step_avg:1889.29ms
step:1991/3250 train_time:3761.504s step_avg:1889.25ms
step:1992/3250 train_time:3763.327s step_avg:1889.22ms
step:1993/3250 train_time:3765.148s step_avg:1889.19ms
step:1994/3250 train_time:3766.969s step_avg:1889.15ms
step:1995/3250 train_time:3768.791s step_avg:1889.12ms
step:1996/3250 train_time:3770.614s step_avg:1889.09ms
step:1997/3250 train_time:3772.437s step_avg:1889.05ms
step:1998/3250 train_time:3774.259s step_avg:1889.02ms
step:1999/3250 train_time:3776.081s step_avg:1888.99ms
step:2000/3250 train_time:3778.243s step_avg:1889.12ms
step:2000/3250 val_loss:3.48246 train_time:3778.244s step_avg:1880.72ms
step:2001/3250 train_time:3780.900s step_avg:1889.51ms
step:2002/3250 train_time:3782.722s step_avg:1889.47ms
step:2003/3250 train_time:3784.544s step_avg:1889.44ms
step:2004/3250 train_time:3786.365s step_avg:1889.40ms
step:2005/3250 train_time:3788.188s step_avg:1889.37ms
step:2006/3250 train_time:3790.011s step_avg:1889.34ms
step:2007/3250 train_time:3791.833s step_avg:1889.30ms
step:2008/3250 train_time:3793.654s step_avg:1889.27ms
step:2009/3250 train_time:3795.475s step_avg:1889.24ms
step:2010/3250 train_time:3797.298s step_avg:1889.20ms
step:2011/3250 train_time:3799.121s step_avg:1889.17ms
step:2012/3250 train_time:3800.943s step_avg:1889.14ms
step:2013/3250 train_time:3802.765s step_avg:1889.10ms
step:2014/3250 train_time:3804.587s step_avg:1889.07ms
step:2015/3250 train_time:3806.409s step_avg:1889.04ms
step:2016/3250 train_time:3808.232s step_avg:1889.00ms
step:2017/3250 train_time:3810.888s step_avg:1889.38ms
step:2018/3250 train_time:3812.710s step_avg:1889.35ms
step:2019/3250 train_time:3814.532s step_avg:1889.32ms
step:2020/3250 train_time:3816.355s step_avg:1889.28ms
step:2021/3250 train_time:3818.176s step_avg:1889.25ms
step:2022/3250 train_time:3819.998s step_avg:1889.22ms
step:2023/3250 train_time:3821.819s step_avg:1889.18ms
step:2024/3250 train_time:3823.642s step_avg:1889.15ms
step:2025/3250 train_time:3825.735s step_avg:1889.25ms
step:2026/3250 train_time:3827.569s step_avg:1889.22ms
step:2027/3250 train_time:3829.391s step_avg:1889.19ms
step:2028/3250 train_time:3831.212s step_avg:1889.16ms
step:2029/3250 train_time:3833.033s step_avg:1889.12ms
step:2030/3250 train_time:3834.855s step_avg:1889.09ms
step:2031/3250 train_time:3836.676s step_avg:1889.06ms
step:2032/3250 train_time:3838.498s step_avg:1889.02ms
step:2033/3250 train_time:3841.155s step_avg:1889.40ms
step:2034/3250 train_time:3842.978s step_avg:1889.37ms
step:2035/3250 train_time:3844.800s step_avg:1889.34ms
step:2036/3250 train_time:3846.621s step_avg:1889.30ms
step:2037/3250 train_time:3848.443s step_avg:1889.27ms
step:2038/3250 train_time:3850.265s step_avg:1889.24ms
step:2039/3250 train_time:3852.089s step_avg:1889.20ms
step:2040/3250 train_time:3853.911s step_avg:1889.17ms
step:2041/3250 train_time:3855.733s step_avg:1889.14ms
step:2042/3250 train_time:3857.555s step_avg:1889.11ms
step:2043/3250 train_time:3859.377s step_avg:1889.07ms
step:2044/3250 train_time:3861.200s step_avg:1889.04ms
step:2045/3250 train_time:3863.023s step_avg:1889.01ms
step:2046/3250 train_time:3864.845s step_avg:1888.98ms
step:2047/3250 train_time:3866.666s step_avg:1888.94ms
step:2048/3250 train_time:3868.489s step_avg:1888.91ms
step:2049/3250 train_time:3871.146s step_avg:1889.29ms
step:2050/3250 train_time:3873.238s step_avg:1889.38ms
step:2051/3250 train_time:3875.058s step_avg:1889.35ms
step:2052/3250 train_time:3876.879s step_avg:1889.32ms
step:2053/3250 train_time:3878.701s step_avg:1889.28ms
step:2054/3250 train_time:3880.523s step_avg:1889.25ms
step:2055/3250 train_time:3882.344s step_avg:1889.22ms
step:2056/3250 train_time:3884.165s step_avg:1889.19ms
step:2057/3250 train_time:3885.986s step_avg:1889.15ms
step:2058/3250 train_time:3887.808s step_avg:1889.12ms
step:2059/3250 train_time:3889.630s step_avg:1889.09ms
step:2060/3250 train_time:3891.452s step_avg:1889.05ms
step:2061/3250 train_time:3893.273s step_avg:1889.02ms
step:2062/3250 train_time:3895.095s step_avg:1888.99ms
step:2063/3250 train_time:3896.916s step_avg:1888.96ms
step:2064/3250 train_time:3898.738s step_avg:1888.92ms
step:2065/3250 train_time:3901.394s step_avg:1889.29ms
step:2066/3250 train_time:3903.215s step_avg:1889.26ms
step:2067/3250 train_time:3905.036s step_avg:1889.23ms
step:2068/3250 train_time:3906.857s step_avg:1889.20ms
step:2069/3250 train_time:3908.679s step_avg:1889.16ms
step:2070/3250 train_time:3910.500s step_avg:1889.13ms
step:2071/3250 train_time:3912.321s step_avg:1889.10ms
step:2072/3250 train_time:3914.141s step_avg:1889.06ms
step:2073/3250 train_time:3915.963s step_avg:1889.03ms
step:2074/3250 train_time:3917.785s step_avg:1889.00ms
step:2075/3250 train_time:3919.879s step_avg:1889.10ms
step:2076/3250 train_time:3921.700s step_avg:1889.07ms
step:2077/3250 train_time:3923.521s step_avg:1889.03ms
step:2078/3250 train_time:3925.341s step_avg:1889.00ms
step:2079/3250 train_time:3927.164s step_avg:1888.97ms
step:2080/3250 train_time:3928.986s step_avg:1888.94ms
step:2081/3250 train_time:3931.642s step_avg:1889.30ms
step:2082/3250 train_time:3933.463s step_avg:1889.27ms
step:2083/3250 train_time:3935.286s step_avg:1889.24ms
step:2084/3250 train_time:3937.108s step_avg:1889.21ms
step:2085/3250 train_time:3938.930s step_avg:1889.18ms
step:2086/3250 train_time:3940.751s step_avg:1889.14ms
step:2087/3250 train_time:3942.573s step_avg:1889.11ms
step:2088/3250 train_time:3944.394s step_avg:1889.08ms
step:2089/3250 train_time:3946.216s step_avg:1889.05ms
step:2090/3250 train_time:3948.039s step_avg:1889.01ms
step:2091/3250 train_time:3949.895s step_avg:1889.00ms
step:2092/3250 train_time:3951.718s step_avg:1888.97ms
step:2093/3250 train_time:3953.541s step_avg:1888.93ms
step:2094/3250 train_time:3955.362s step_avg:1888.90ms
step:2095/3250 train_time:3957.184s step_avg:1888.87ms
step:2096/3250 train_time:3959.006s step_avg:1888.84ms
step:2097/3250 train_time:3961.663s step_avg:1889.21ms
step:2098/3250 train_time:3963.484s step_avg:1889.17ms
step:2099/3250 train_time:3965.304s step_avg:1889.14ms
step:2100/3250 train_time:3967.402s step_avg:1889.24ms
step:2101/3250 train_time:3969.223s step_avg:1889.21ms
step:2102/3250 train_time:3971.044s step_avg:1889.17ms
step:2103/3250 train_time:3972.865s step_avg:1889.14ms
step:2104/3250 train_time:3974.685s step_avg:1889.11ms
step:2105/3250 train_time:3976.506s step_avg:1889.08ms
step:2106/3250 train_time:3978.327s step_avg:1889.04ms
step:2107/3250 train_time:3980.148s step_avg:1889.01ms
step:2108/3250 train_time:3981.970s step_avg:1888.98ms
step:2109/3250 train_time:3983.791s step_avg:1888.95ms
step:2110/3250 train_time:3985.612s step_avg:1888.92ms
step:2111/3250 train_time:3987.434s step_avg:1888.88ms
step:2112/3250 train_time:3989.255s step_avg:1888.85ms
step:2113/3250 train_time:3991.912s step_avg:1889.22ms
step:2114/3250 train_time:3993.732s step_avg:1889.18ms
step:2115/3250 train_time:3995.553s step_avg:1889.15ms
step:2116/3250 train_time:3997.375s step_avg:1889.12ms
step:2117/3250 train_time:3999.197s step_avg:1889.09ms
step:2118/3250 train_time:4001.018s step_avg:1889.05ms
step:2119/3250 train_time:4002.840s step_avg:1889.02ms
step:2120/3250 train_time:4004.661s step_avg:1888.99ms
step:2121/3250 train_time:4006.484s step_avg:1888.96ms
step:2122/3250 train_time:4008.306s step_avg:1888.93ms
step:2123/3250 train_time:4010.128s step_avg:1888.90ms
step:2124/3250 train_time:4011.949s step_avg:1888.86ms
step:2125/3250 train_time:4014.107s step_avg:1888.99ms
step:2125/3250 val_loss:3.46245 train_time:4014.107s step_avg:1886.91ms
step:2126/3250 train_time:4015.931s step_avg:1888.96ms
step:2127/3250 train_time:4017.753s step_avg:1888.93ms
step:2128/3250 train_time:4019.575s step_avg:1888.90ms
step:2129/3250 train_time:4022.232s step_avg:1889.26ms
step:2130/3250 train_time:4024.053s step_avg:1889.23ms
step:2131/3250 train_time:4025.876s step_avg:1889.20ms
step:2132/3250 train_time:4027.698s step_avg:1889.16ms
step:2133/3250 train_time:4029.520s step_avg:1889.13ms
step:2134/3250 train_time:4031.341s step_avg:1889.10ms
step:2135/3250 train_time:4033.162s step_avg:1889.07ms
step:2136/3250 train_time:4034.984s step_avg:1889.04ms
step:2137/3250 train_time:4036.807s step_avg:1889.01ms
step:2138/3250 train_time:4038.629s step_avg:1888.97ms
step:2139/3250 train_time:4040.450s step_avg:1888.94ms
step:2140/3250 train_time:4042.272s step_avg:1888.91ms
step:2141/3250 train_time:4044.094s step_avg:1888.88ms
step:2142/3250 train_time:4045.919s step_avg:1888.85ms
step:2143/3250 train_time:4047.741s step_avg:1888.82ms
step:2144/3250 train_time:4049.563s step_avg:1888.79ms
step:2145/3250 train_time:4052.219s step_avg:1889.15ms
step:2146/3250 train_time:4054.041s step_avg:1889.12ms
step:2147/3250 train_time:4055.863s step_avg:1889.08ms
step:2148/3250 train_time:4057.685s step_avg:1889.05ms
step:2149/3250 train_time:4059.506s step_avg:1889.02ms
step:2150/3250 train_time:4061.600s step_avg:1889.12ms
step:2151/3250 train_time:4063.422s step_avg:1889.09ms
step:2152/3250 train_time:4065.245s step_avg:1889.05ms
step:2153/3250 train_time:4067.068s step_avg:1889.02ms
step:2154/3250 train_time:4068.890s step_avg:1888.99ms
step:2155/3250 train_time:4070.711s step_avg:1888.96ms
step:2156/3250 train_time:4072.533s step_avg:1888.93ms
step:2157/3250 train_time:4074.354s step_avg:1888.90ms
step:2158/3250 train_time:4076.176s step_avg:1888.87ms
step:2159/3250 train_time:4077.998s step_avg:1888.84ms
step:2160/3250 train_time:4079.820s step_avg:1888.81ms
step:2161/3250 train_time:4082.475s step_avg:1889.16ms
step:2162/3250 train_time:4084.297s step_avg:1889.13ms
step:2163/3250 train_time:4086.119s step_avg:1889.10ms
step:2164/3250 train_time:4087.940s step_avg:1889.07ms
step:2165/3250 train_time:4089.761s step_avg:1889.04ms
step:2166/3250 train_time:4091.583s step_avg:1889.00ms
step:2167/3250 train_time:4093.404s step_avg:1888.97ms
step:2168/3250 train_time:4095.224s step_avg:1888.94ms
step:2169/3250 train_time:4097.047s step_avg:1888.91ms
step:2170/3250 train_time:4098.869s step_avg:1888.88ms
step:2171/3250 train_time:4100.691s step_avg:1888.85ms
step:2172/3250 train_time:4102.512s step_avg:1888.82ms
step:2173/3250 train_time:4104.333s step_avg:1888.79ms
step:2174/3250 train_time:4106.155s step_avg:1888.76ms
step:2175/3250 train_time:4108.249s step_avg:1888.85ms
step:2176/3250 train_time:4110.070s step_avg:1888.82ms
step:2177/3250 train_time:4112.727s step_avg:1889.17ms
step:2178/3250 train_time:4114.548s step_avg:1889.14ms
step:2179/3250 train_time:4116.370s step_avg:1889.11ms
step:2180/3250 train_time:4118.193s step_avg:1889.08ms
step:2181/3250 train_time:4120.016s step_avg:1889.05ms
step:2182/3250 train_time:4121.837s step_avg:1889.02ms
step:2183/3250 train_time:4123.658s step_avg:1888.99ms
step:2184/3250 train_time:4125.482s step_avg:1888.96ms
step:2185/3250 train_time:4127.304s step_avg:1888.93ms
step:2186/3250 train_time:4129.127s step_avg:1888.90ms
step:2187/3250 train_time:4130.951s step_avg:1888.87ms
step:2188/3250 train_time:4132.773s step_avg:1888.84ms
step:2189/3250 train_time:4134.594s step_avg:1888.80ms
step:2190/3250 train_time:4136.418s step_avg:1888.78ms
step:2191/3250 train_time:4138.240s step_avg:1888.74ms
step:2192/3250 train_time:4140.061s step_avg:1888.71ms
step:2193/3250 train_time:4142.718s step_avg:1889.06ms
step:2194/3250 train_time:4144.541s step_avg:1889.03ms
step:2195/3250 train_time:4146.363s step_avg:1889.00ms
step:2196/3250 train_time:4148.185s step_avg:1888.97ms
step:2197/3250 train_time:4150.006s step_avg:1888.94ms
step:2198/3250 train_time:4151.828s step_avg:1888.91ms
step:2199/3250 train_time:4153.650s step_avg:1888.88ms
step:2200/3250 train_time:4155.750s step_avg:1888.98ms
step:2201/3250 train_time:4157.572s step_avg:1888.95ms
step:2202/3250 train_time:4159.393s step_avg:1888.92ms
step:2203/3250 train_time:4161.215s step_avg:1888.89ms
step:2204/3250 train_time:4163.036s step_avg:1888.85ms
step:2205/3250 train_time:4164.858s step_avg:1888.82ms
step:2206/3250 train_time:4166.681s step_avg:1888.79ms
step:2207/3250 train_time:4168.503s step_avg:1888.76ms
step:2208/3250 train_time:4170.324s step_avg:1888.73ms
step:2209/3250 train_time:4172.981s step_avg:1889.08ms
step:2210/3250 train_time:4174.803s step_avg:1889.05ms
step:2211/3250 train_time:4176.624s step_avg:1889.02ms
step:2212/3250 train_time:4178.445s step_avg:1888.99ms
step:2213/3250 train_time:4180.266s step_avg:1888.96ms
step:2214/3250 train_time:4182.087s step_avg:1888.93ms
step:2215/3250 train_time:4183.909s step_avg:1888.90ms
step:2216/3250 train_time:4185.730s step_avg:1888.87ms
step:2217/3250 train_time:4187.551s step_avg:1888.84ms
step:2218/3250 train_time:4189.371s step_avg:1888.81ms
step:2219/3250 train_time:4191.193s step_avg:1888.78ms
step:2220/3250 train_time:4193.014s step_avg:1888.75ms
step:2221/3250 train_time:4194.835s step_avg:1888.71ms
step:2222/3250 train_time:4196.657s step_avg:1888.68ms
step:2223/3250 train_time:4198.478s step_avg:1888.65ms
step:2224/3250 train_time:4200.301s step_avg:1888.62ms
step:2225/3250 train_time:4203.229s step_avg:1889.09ms
step:2226/3250 train_time:4205.050s step_avg:1889.06ms
step:2227/3250 train_time:4206.871s step_avg:1889.03ms
step:2228/3250 train_time:4208.691s step_avg:1889.00ms
step:2229/3250 train_time:4210.512s step_avg:1888.97ms
step:2230/3250 train_time:4212.334s step_avg:1888.94ms
step:2231/3250 train_time:4214.155s step_avg:1888.91ms
step:2232/3250 train_time:4215.978s step_avg:1888.88ms
step:2233/3250 train_time:4217.799s step_avg:1888.85ms
step:2234/3250 train_time:4219.622s step_avg:1888.82ms
step:2235/3250 train_time:4221.444s step_avg:1888.79ms
step:2236/3250 train_time:4223.266s step_avg:1888.76ms
step:2237/3250 train_time:4225.086s step_avg:1888.73ms
step:2238/3250 train_time:4226.909s step_avg:1888.70ms
step:2239/3250 train_time:4228.730s step_avg:1888.67ms
step:2240/3250 train_time:4230.551s step_avg:1888.64ms
step:2241/3250 train_time:4233.208s step_avg:1888.98ms
step:2242/3250 train_time:4235.029s step_avg:1888.95ms
step:2243/3250 train_time:4236.852s step_avg:1888.92ms
step:2244/3250 train_time:4238.673s step_avg:1888.89ms
step:2245/3250 train_time:4240.494s step_avg:1888.86ms
step:2246/3250 train_time:4242.315s step_avg:1888.83ms
step:2247/3250 train_time:4244.136s step_avg:1888.80ms
step:2248/3250 train_time:4245.978s step_avg:1888.78ms
step:2249/3250 train_time:4247.800s step_avg:1888.75ms
step:2250/3250 train_time:4249.957s step_avg:1888.87ms
step:2250/3250 val_loss:3.44121 train_time:4249.957s step_avg:1886.80ms
step:2251/3250 train_time:4251.779s step_avg:1888.84ms
step:2252/3250 train_time:4253.601s step_avg:1888.81ms
step:2253/3250 train_time:4255.423s step_avg:1888.78ms
step:2254/3250 train_time:4257.244s step_avg:1888.75ms
step:2255/3250 train_time:4259.066s step_avg:1888.72ms
step:2256/3250 train_time:4260.888s step_avg:1888.69ms
step:2257/3250 train_time:4263.543s step_avg:1889.03ms
step:2258/3250 train_time:4265.364s step_avg:1889.00ms
step:2259/3250 train_time:4267.185s step_avg:1888.97ms
step:2260/3250 train_time:4269.006s step_avg:1888.94ms
step:2261/3250 train_time:4270.828s step_avg:1888.91ms
step:2262/3250 train_time:4272.648s step_avg:1888.88ms
step:2263/3250 train_time:4274.471s step_avg:1888.85ms
step:2264/3250 train_time:4276.293s step_avg:1888.82ms
step:2265/3250 train_time:4278.114s step_avg:1888.79ms
step:2266/3250 train_time:4279.934s step_avg:1888.76ms
step:2267/3250 train_time:4281.755s step_avg:1888.73ms
step:2268/3250 train_time:4283.578s step_avg:1888.70ms
step:2269/3250 train_time:4285.401s step_avg:1888.67ms
step:2270/3250 train_time:4287.222s step_avg:1888.64ms
step:2271/3250 train_time:4289.044s step_avg:1888.61ms
step:2272/3250 train_time:4290.865s step_avg:1888.58ms
step:2273/3250 train_time:4293.521s step_avg:1888.92ms
step:2274/3250 train_time:4295.343s step_avg:1888.89ms
step:2275/3250 train_time:4297.436s step_avg:1888.98ms
step:2276/3250 train_time:4299.258s step_avg:1888.95ms
step:2277/3250 train_time:4301.080s step_avg:1888.92ms
step:2278/3250 train_time:4302.902s step_avg:1888.89ms
step:2279/3250 train_time:4304.725s step_avg:1888.87ms
step:2280/3250 train_time:4306.547s step_avg:1888.84ms
step:2281/3250 train_time:4308.403s step_avg:1888.82ms
step:2282/3250 train_time:4310.226s step_avg:1888.79ms
step:2283/3250 train_time:4312.047s step_avg:1888.76ms
step:2284/3250 train_time:4313.869s step_avg:1888.73ms
step:2285/3250 train_time:4315.691s step_avg:1888.70ms
step:2286/3250 train_time:4317.513s step_avg:1888.68ms
step:2287/3250 train_time:4319.336s step_avg:1888.65ms
step:2288/3250 train_time:4321.158s step_avg:1888.62ms
step:2289/3250 train_time:4323.814s step_avg:1888.95ms
step:2290/3250 train_time:4325.637s step_avg:1888.92ms
step:2291/3250 train_time:4327.458s step_avg:1888.89ms
step:2292/3250 train_time:4329.280s step_avg:1888.87ms
step:2293/3250 train_time:4331.102s step_avg:1888.84ms
step:2294/3250 train_time:4332.924s step_avg:1888.81ms
step:2295/3250 train_time:4334.747s step_avg:1888.78ms
step:2296/3250 train_time:4336.569s step_avg:1888.75ms
step:2297/3250 train_time:4338.390s step_avg:1888.72ms
step:2298/3250 train_time:4340.212s step_avg:1888.69ms
step:2299/3250 train_time:4342.034s step_avg:1888.66ms
step:2300/3250 train_time:4344.131s step_avg:1888.75ms
step:2301/3250 train_time:4345.953s step_avg:1888.72ms
step:2302/3250 train_time:4347.776s step_avg:1888.69ms
step:2303/3250 train_time:4349.598s step_avg:1888.67ms
step:2304/3250 train_time:4351.420s step_avg:1888.64ms
step:2305/3250 train_time:4354.077s step_avg:1888.97ms
step:2306/3250 train_time:4355.900s step_avg:1888.94ms
step:2307/3250 train_time:4357.721s step_avg:1888.91ms
step:2308/3250 train_time:4359.543s step_avg:1888.88ms
step:2309/3250 train_time:4361.364s step_avg:1888.85ms
step:2310/3250 train_time:4363.187s step_avg:1888.83ms
step:2311/3250 train_time:4365.009s step_avg:1888.80ms
step:2312/3250 train_time:4366.831s step_avg:1888.77ms
step:2313/3250 train_time:4368.653s step_avg:1888.74ms
step:2314/3250 train_time:4370.474s step_avg:1888.71ms
step:2315/3250 train_time:4372.296s step_avg:1888.68ms
step:2316/3250 train_time:4374.119s step_avg:1888.65ms
step:2317/3250 train_time:4375.941s step_avg:1888.62ms
step:2318/3250 train_time:4377.763s step_avg:1888.60ms
step:2319/3250 train_time:4379.585s step_avg:1888.57ms
step:2320/3250 train_time:4381.408s step_avg:1888.54ms
step:2321/3250 train_time:4384.065s step_avg:1888.87ms
step:2322/3250 train_time:4385.886s step_avg:1888.84ms
step:2323/3250 train_time:4387.708s step_avg:1888.81ms
step:2324/3250 train_time:4389.530s step_avg:1888.78ms
step:2325/3250 train_time:4391.624s step_avg:1888.87ms
step:2326/3250 train_time:4393.446s step_avg:1888.84ms
step:2327/3250 train_time:4395.268s step_avg:1888.81ms
step:2328/3250 train_time:4397.089s step_avg:1888.78ms
step:2329/3250 train_time:4398.910s step_avg:1888.76ms
step:2330/3250 train_time:4400.733s step_avg:1888.73ms
step:2331/3250 train_time:4402.555s step_avg:1888.70ms
step:2332/3250 train_time:4404.377s step_avg:1888.67ms
step:2333/3250 train_time:4406.198s step_avg:1888.64ms
step:2334/3250 train_time:4408.020s step_avg:1888.61ms
step:2335/3250 train_time:4409.843s step_avg:1888.58ms
step:2336/3250 train_time:4411.665s step_avg:1888.56ms
step:2337/3250 train_time:4414.322s step_avg:1888.88ms
step:2338/3250 train_time:4416.144s step_avg:1888.86ms
step:2339/3250 train_time:4417.965s step_avg:1888.83ms
step:2340/3250 train_time:4419.787s step_avg:1888.80ms
step:2341/3250 train_time:4421.608s step_avg:1888.77ms
step:2342/3250 train_time:4423.428s step_avg:1888.74ms
step:2343/3250 train_time:4425.251s step_avg:1888.71ms
step:2344/3250 train_time:4427.072s step_avg:1888.68ms
step:2345/3250 train_time:4428.894s step_avg:1888.65ms
step:2346/3250 train_time:4430.715s step_avg:1888.63ms
step:2347/3250 train_time:4432.537s step_avg:1888.60ms
step:2348/3250 train_time:4434.359s step_avg:1888.57ms
step:2349/3250 train_time:4436.180s step_avg:1888.54ms
step:2350/3250 train_time:4438.273s step_avg:1888.63ms
step:2351/3250 train_time:4440.095s step_avg:1888.60ms
step:2352/3250 train_time:4441.916s step_avg:1888.57ms
step:2353/3250 train_time:4444.573s step_avg:1888.90ms
step:2354/3250 train_time:4446.394s step_avg:1888.87ms
step:2355/3250 train_time:4448.217s step_avg:1888.84ms
step:2356/3250 train_time:4450.038s step_avg:1888.81ms
step:2357/3250 train_time:4451.859s step_avg:1888.78ms
step:2358/3250 train_time:4453.680s step_avg:1888.75ms
step:2359/3250 train_time:4455.502s step_avg:1888.73ms
step:2360/3250 train_time:4457.323s step_avg:1888.70ms
step:2361/3250 train_time:4459.145s step_avg:1888.67ms
step:2362/3250 train_time:4460.965s step_avg:1888.64ms
step:2363/3250 train_time:4462.786s step_avg:1888.61ms
step:2364/3250 train_time:4464.609s step_avg:1888.58ms
step:2365/3250 train_time:4466.430s step_avg:1888.55ms
step:2366/3250 train_time:4468.252s step_avg:1888.53ms
step:2367/3250 train_time:4470.073s step_avg:1888.50ms
step:2368/3250 train_time:4471.894s step_avg:1888.47ms
step:2369/3250 train_time:4474.550s step_avg:1888.79ms
step:2370/3250 train_time:4476.371s step_avg:1888.76ms
step:2371/3250 train_time:4478.191s step_avg:1888.74ms
step:2372/3250 train_time:4480.012s step_avg:1888.71ms
step:2373/3250 train_time:4481.834s step_avg:1888.68ms
step:2374/3250 train_time:4483.656s step_avg:1888.65ms
step:2375/3250 train_time:4485.815s step_avg:1888.76ms
step:2375/3250 val_loss:3.41831 train_time:4485.815s step_avg:1886.86ms
step:2376/3250 train_time:4487.639s step_avg:1888.74ms
step:2377/3250 train_time:4489.461s step_avg:1888.71ms
step:2378/3250 train_time:4491.283s step_avg:1888.68ms
step:2379/3250 train_time:4493.106s step_avg:1888.65ms
step:2380/3250 train_time:4494.928s step_avg:1888.63ms
step:2381/3250 train_time:4496.750s step_avg:1888.60ms
step:2382/3250 train_time:4498.572s step_avg:1888.57ms
step:2383/3250 train_time:4500.393s step_avg:1888.54ms
step:2384/3250 train_time:4502.217s step_avg:1888.51ms
step:2385/3250 train_time:4504.873s step_avg:1888.84ms
step:2386/3250 train_time:4506.695s step_avg:1888.81ms
step:2387/3250 train_time:4508.516s step_avg:1888.78ms
step:2388/3250 train_time:4510.338s step_avg:1888.75ms
step:2389/3250 train_time:4512.161s step_avg:1888.72ms
step:2390/3250 train_time:4513.983s step_avg:1888.70ms
step:2391/3250 train_time:4515.804s step_avg:1888.67ms
step:2392/3250 train_time:4517.625s step_avg:1888.64ms
step:2393/3250 train_time:4519.448s step_avg:1888.61ms
step:2394/3250 train_time:4521.269s step_avg:1888.58ms
step:2395/3250 train_time:4523.092s step_avg:1888.56ms
step:2396/3250 train_time:4524.913s step_avg:1888.53ms
step:2397/3250 train_time:4526.735s step_avg:1888.50ms
step:2398/3250 train_time:4528.558s step_avg:1888.47ms
step:2399/3250 train_time:4530.380s step_avg:1888.45ms
step:2400/3250 train_time:4532.478s step_avg:1888.53ms
step:2401/3250 train_time:4535.135s step_avg:1888.85ms
step:2402/3250 train_time:4536.956s step_avg:1888.82ms
step:2403/3250 train_time:4538.779s step_avg:1888.80ms
step:2404/3250 train_time:4540.601s step_avg:1888.77ms
step:2405/3250 train_time:4542.423s step_avg:1888.74ms
step:2406/3250 train_time:4544.244s step_avg:1888.71ms
step:2407/3250 train_time:4546.066s step_avg:1888.69ms
step:2408/3250 train_time:4547.888s step_avg:1888.66ms
step:2409/3250 train_time:4549.711s step_avg:1888.63ms
step:2410/3250 train_time:4551.533s step_avg:1888.60ms
step:2411/3250 train_time:4553.355s step_avg:1888.58ms
step:2412/3250 train_time:4555.177s step_avg:1888.55ms
step:2413/3250 train_time:4556.999s step_avg:1888.52ms
step:2414/3250 train_time:4558.822s step_avg:1888.49ms
step:2415/3250 train_time:4560.646s step_avg:1888.47ms
step:2416/3250 train_time:4562.469s step_avg:1888.44ms
step:2417/3250 train_time:4565.126s step_avg:1888.76ms
step:2418/3250 train_time:4566.948s step_avg:1888.73ms
step:2419/3250 train_time:4568.771s step_avg:1888.70ms
step:2420/3250 train_time:4570.593s step_avg:1888.67ms
step:2421/3250 train_time:4572.417s step_avg:1888.65ms
step:2422/3250 train_time:4574.240s step_avg:1888.62ms
step:2423/3250 train_time:4576.063s step_avg:1888.59ms
step:2424/3250 train_time:4577.885s step_avg:1888.57ms
step:2425/3250 train_time:4579.980s step_avg:1888.65ms
step:2426/3250 train_time:4581.803s step_avg:1888.62ms
step:2427/3250 train_time:4583.627s step_avg:1888.60ms
step:2428/3250 train_time:4585.450s step_avg:1888.57ms
step:2429/3250 train_time:4587.272s step_avg:1888.54ms
step:2430/3250 train_time:4589.093s step_avg:1888.52ms
step:2431/3250 train_time:4590.915s step_avg:1888.49ms
step:2432/3250 train_time:4592.738s step_avg:1888.46ms
step:2433/3250 train_time:4595.396s step_avg:1888.78ms
step:2434/3250 train_time:4597.216s step_avg:1888.75ms
step:2435/3250 train_time:4599.039s step_avg:1888.72ms
step:2436/3250 train_time:4600.861s step_avg:1888.70ms
step:2437/3250 train_time:4602.684s step_avg:1888.67ms
step:2438/3250 train_time:4604.506s step_avg:1888.64ms
step:2439/3250 train_time:4606.328s step_avg:1888.61ms
step:2440/3250 train_time:4608.151s step_avg:1888.59ms
step:2441/3250 train_time:4609.974s step_avg:1888.56ms
step:2442/3250 train_time:4611.797s step_avg:1888.53ms
step:2443/3250 train_time:4613.620s step_avg:1888.51ms
step:2444/3250 train_time:4615.442s step_avg:1888.48ms
step:2445/3250 train_time:4617.266s step_avg:1888.45ms
step:2446/3250 train_time:4619.088s step_avg:1888.43ms
step:2447/3250 train_time:4620.911s step_avg:1888.40ms
step:2448/3250 train_time:4622.734s step_avg:1888.37ms
step:2449/3250 train_time:4625.391s step_avg:1888.69ms
step:2450/3250 train_time:4627.484s step_avg:1888.77ms
step:2451/3250 train_time:4629.307s step_avg:1888.74ms
step:2452/3250 train_time:4631.130s step_avg:1888.72ms
step:2453/3250 train_time:4632.952s step_avg:1888.69ms
step:2454/3250 train_time:4634.774s step_avg:1888.66ms
step:2455/3250 train_time:4636.596s step_avg:1888.63ms
step:2456/3250 train_time:4638.420s step_avg:1888.61ms
step:2457/3250 train_time:4640.244s step_avg:1888.58ms
step:2458/3250 train_time:4642.068s step_avg:1888.55ms
step:2459/3250 train_time:4643.891s step_avg:1888.53ms
step:2460/3250 train_time:4645.715s step_avg:1888.50ms
step:2461/3250 train_time:4647.539s step_avg:1888.48ms
step:2462/3250 train_time:4649.364s step_avg:1888.45ms
step:2463/3250 train_time:4651.187s step_avg:1888.42ms
step:2464/3250 train_time:4653.010s step_avg:1888.40ms
step:2465/3250 train_time:4655.666s step_avg:1888.71ms
step:2466/3250 train_time:4657.489s step_avg:1888.68ms
step:2467/3250 train_time:4659.311s step_avg:1888.65ms
step:2468/3250 train_time:4661.134s step_avg:1888.63ms
step:2469/3250 train_time:4662.959s step_avg:1888.60ms
step:2470/3250 train_time:4664.782s step_avg:1888.58ms
step:2471/3250 train_time:4666.644s step_avg:1888.56ms
step:2472/3250 train_time:4668.468s step_avg:1888.54ms
step:2473/3250 train_time:4670.291s step_avg:1888.51ms
step:2474/3250 train_time:4672.115s step_avg:1888.49ms
step:2475/3250 train_time:4674.210s step_avg:1888.57ms
step:2476/3250 train_time:4676.033s step_avg:1888.54ms
step:2477/3250 train_time:4677.856s step_avg:1888.52ms
step:2478/3250 train_time:4679.679s step_avg:1888.49ms
step:2479/3250 train_time:4681.502s step_avg:1888.46ms
step:2480/3250 train_time:4683.325s step_avg:1888.44ms
step:2481/3250 train_time:4685.982s step_avg:1888.75ms
step:2482/3250 train_time:4687.804s step_avg:1888.72ms
step:2483/3250 train_time:4689.627s step_avg:1888.69ms
step:2484/3250 train_time:4691.448s step_avg:1888.67ms
step:2485/3250 train_time:4693.271s step_avg:1888.64ms
step:2486/3250 train_time:4695.094s step_avg:1888.61ms
step:2487/3250 train_time:4696.916s step_avg:1888.59ms
step:2488/3250 train_time:4698.738s step_avg:1888.56ms
step:2489/3250 train_time:4700.560s step_avg:1888.53ms
step:2490/3250 train_time:4702.382s step_avg:1888.51ms
step:2491/3250 train_time:4704.204s step_avg:1888.48ms
step:2492/3250 train_time:4706.027s step_avg:1888.45ms
step:2493/3250 train_time:4707.849s step_avg:1888.43ms
step:2494/3250 train_time:4709.672s step_avg:1888.40ms
step:2495/3250 train_time:4711.494s step_avg:1888.37ms
step:2496/3250 train_time:4713.319s step_avg:1888.35ms
step:2497/3250 train_time:4715.976s step_avg:1888.66ms
step:2498/3250 train_time:4717.798s step_avg:1888.63ms
step:2499/3250 train_time:4719.621s step_avg:1888.60ms
step:2500/3250 train_time:4721.780s step_avg:1888.71ms
step:2500/3250 val_loss:3.39563 train_time:4721.780s step_avg:1887.72ms
step:2501/3250 train_time:4723.604s step_avg:1888.69ms
step:2502/3250 train_time:4725.426s step_avg:1888.66ms
step:2503/3250 train_time:4727.248s step_avg:1888.63ms
step:2504/3250 train_time:4729.071s step_avg:1888.61ms
step:2505/3250 train_time:4730.896s step_avg:1888.58ms
step:2506/3250 train_time:4732.719s step_avg:1888.56ms
step:2507/3250 train_time:4734.542s step_avg:1888.53ms
step:2508/3250 train_time:4736.365s step_avg:1888.50ms
step:2509/3250 train_time:4738.189s step_avg:1888.48ms
step:2510/3250 train_time:4740.013s step_avg:1888.45ms
step:2511/3250 train_time:4741.837s step_avg:1888.43ms
step:2512/3250 train_time:4743.659s step_avg:1888.40ms
step:2513/3250 train_time:4746.317s step_avg:1888.71ms
step:2514/3250 train_time:4748.139s step_avg:1888.68ms
step:2515/3250 train_time:4749.961s step_avg:1888.65ms
step:2516/3250 train_time:4751.783s step_avg:1888.63ms
step:2517/3250 train_time:4753.605s step_avg:1888.60ms
step:2518/3250 train_time:4755.428s step_avg:1888.57ms
step:2519/3250 train_time:4757.250s step_avg:1888.55ms
step:2520/3250 train_time:4759.073s step_avg:1888.52ms
step:2521/3250 train_time:4760.896s step_avg:1888.50ms
step:2522/3250 train_time:4762.718s step_avg:1888.47ms
step:2523/3250 train_time:4764.540s step_avg:1888.44ms
step:2524/3250 train_time:4766.363s step_avg:1888.42ms
step:2525/3250 train_time:4768.455s step_avg:1888.50ms
step:2526/3250 train_time:4770.280s step_avg:1888.47ms
step:2527/3250 train_time:4772.102s step_avg:1888.45ms
step:2528/3250 train_time:4773.924s step_avg:1888.42ms
step:2529/3250 train_time:4776.581s step_avg:1888.72ms
step:2530/3250 train_time:4778.404s step_avg:1888.70ms
step:2531/3250 train_time:4780.228s step_avg:1888.67ms
step:2532/3250 train_time:4782.052s step_avg:1888.65ms
step:2533/3250 train_time:4783.875s step_avg:1888.62ms
step:2534/3250 train_time:4785.699s step_avg:1888.59ms
step:2535/3250 train_time:4787.522s step_avg:1888.57ms
step:2536/3250 train_time:4789.344s step_avg:1888.54ms
step:2537/3250 train_time:4791.167s step_avg:1888.52ms
step:2538/3250 train_time:4792.991s step_avg:1888.49ms
step:2539/3250 train_time:4794.814s step_avg:1888.47ms
step:2540/3250 train_time:4796.637s step_avg:1888.44ms
step:2541/3250 train_time:4798.460s step_avg:1888.41ms
step:2542/3250 train_time:4800.283s step_avg:1888.39ms
step:2543/3250 train_time:4802.106s step_avg:1888.36ms
step:2544/3250 train_time:4803.929s step_avg:1888.34ms
step:2545/3250 train_time:4806.587s step_avg:1888.64ms
step:2546/3250 train_time:4808.409s step_avg:1888.61ms
step:2547/3250 train_time:4810.233s step_avg:1888.59ms
step:2548/3250 train_time:4812.055s step_avg:1888.56ms
step:2549/3250 train_time:4813.876s step_avg:1888.54ms
step:2550/3250 train_time:4815.970s step_avg:1888.62ms
step:2551/3250 train_time:4817.791s step_avg:1888.59ms
step:2552/3250 train_time:4819.613s step_avg:1888.56ms
step:2553/3250 train_time:4821.437s step_avg:1888.54ms
step:2554/3250 train_time:4823.259s step_avg:1888.51ms
step:2555/3250 train_time:4825.081s step_avg:1888.49ms
step:2556/3250 train_time:4826.903s step_avg:1888.46ms
step:2557/3250 train_time:4828.725s step_avg:1888.43ms
step:2558/3250 train_time:4830.548s step_avg:1888.41ms
step:2559/3250 train_time:4832.370s step_avg:1888.38ms
step:2560/3250 train_time:4834.192s step_avg:1888.36ms
step:2561/3250 train_time:4836.849s step_avg:1888.66ms
step:2562/3250 train_time:4838.672s step_avg:1888.63ms
step:2563/3250 train_time:4840.494s step_avg:1888.60ms
step:2564/3250 train_time:4842.315s step_avg:1888.58ms
step:2565/3250 train_time:4844.137s step_avg:1888.55ms
step:2566/3250 train_time:4845.959s step_avg:1888.53ms
step:2567/3250 train_time:4847.782s step_avg:1888.50ms
step:2568/3250 train_time:4849.604s step_avg:1888.47ms
step:2569/3250 train_time:4851.426s step_avg:1888.45ms
step:2570/3250 train_time:4853.247s step_avg:1888.42ms
step:2571/3250 train_time:4855.069s step_avg:1888.40ms
step:2572/3250 train_time:4856.892s step_avg:1888.37ms
step:2573/3250 train_time:4858.714s step_avg:1888.35ms
step:2574/3250 train_time:4860.537s step_avg:1888.32ms
step:2575/3250 train_time:4862.632s step_avg:1888.40ms
step:2576/3250 train_time:4864.454s step_avg:1888.37ms
step:2577/3250 train_time:4867.111s step_avg:1888.67ms
step:2578/3250 train_time:4868.933s step_avg:1888.65ms
step:2579/3250 train_time:4870.755s step_avg:1888.62ms
step:2580/3250 train_time:4872.577s step_avg:1888.60ms
step:2581/3250 train_time:4874.399s step_avg:1888.57ms
step:2582/3250 train_time:4876.221s step_avg:1888.54ms
step:2583/3250 train_time:4878.043s step_avg:1888.52ms
step:2584/3250 train_time:4879.865s step_avg:1888.49ms
step:2585/3250 train_time:4881.689s step_avg:1888.47ms
step:2586/3250 train_time:4883.511s step_avg:1888.44ms
step:2587/3250 train_time:4885.334s step_avg:1888.42ms
step:2588/3250 train_time:4887.155s step_avg:1888.39ms
step:2589/3250 train_time:4888.977s step_avg:1888.37ms
step:2590/3250 train_time:4890.799s step_avg:1888.34ms
step:2591/3250 train_time:4892.622s step_avg:1888.31ms
step:2592/3250 train_time:4894.445s step_avg:1888.29ms
step:2593/3250 train_time:4897.102s step_avg:1888.59ms
step:2594/3250 train_time:4898.923s step_avg:1888.56ms
step:2595/3250 train_time:4900.748s step_avg:1888.53ms
step:2596/3250 train_time:4902.570s step_avg:1888.51ms
step:2597/3250 train_time:4904.392s step_avg:1888.48ms
step:2598/3250 train_time:4906.213s step_avg:1888.46ms
step:2599/3250 train_time:4908.035s step_avg:1888.43ms
step:2600/3250 train_time:4910.130s step_avg:1888.51ms
step:2601/3250 train_time:4911.953s step_avg:1888.49ms
step:2602/3250 train_time:4913.776s step_avg:1888.46ms
step:2603/3250 train_time:4915.597s step_avg:1888.44ms
step:2604/3250 train_time:4917.419s step_avg:1888.41ms
step:2605/3250 train_time:4919.243s step_avg:1888.38ms
step:2606/3250 train_time:4921.065s step_avg:1888.36ms
step:2607/3250 train_time:4922.887s step_avg:1888.33ms
step:2608/3250 train_time:4924.709s step_avg:1888.31ms
step:2609/3250 train_time:4927.366s step_avg:1888.60ms
step:2610/3250 train_time:4929.189s step_avg:1888.58ms
step:2611/3250 train_time:4931.012s step_avg:1888.55ms
step:2612/3250 train_time:4932.833s step_avg:1888.53ms
step:2613/3250 train_time:4934.654s step_avg:1888.50ms
step:2614/3250 train_time:4936.476s step_avg:1888.48ms
step:2615/3250 train_time:4938.298s step_avg:1888.45ms
step:2616/3250 train_time:4940.120s step_avg:1888.43ms
step:2617/3250 train_time:4941.943s step_avg:1888.40ms
step:2618/3250 train_time:4943.765s step_avg:1888.37ms
step:2619/3250 train_time:4945.586s step_avg:1888.35ms
step:2620/3250 train_time:4947.408s step_avg:1888.32ms
step:2621/3250 train_time:4949.230s step_avg:1888.30ms
step:2622/3250 train_time:4951.052s step_avg:1888.27ms
step:2623/3250 train_time:4952.874s step_avg:1888.25ms
step:2624/3250 train_time:4954.696s step_avg:1888.22ms
step:2625/3250 train_time:4957.690s step_avg:1888.64ms
step:2625/3250 val_loss:3.37063 train_time:4957.690s step_avg:1887.28ms
step:2626/3250 train_time:4959.514s step_avg:1888.62ms
step:2627/3250 train_time:4961.337s step_avg:1888.59ms
step:2628/3250 train_time:4963.160s step_avg:1888.57ms
step:2629/3250 train_time:4964.983s step_avg:1888.54ms
step:2630/3250 train_time:4966.807s step_avg:1888.52ms
step:2631/3250 train_time:4968.630s step_avg:1888.49ms
step:2632/3250 train_time:4970.453s step_avg:1888.47ms
step:2633/3250 train_time:4972.277s step_avg:1888.45ms
step:2634/3250 train_time:4974.100s step_avg:1888.42ms
step:2635/3250 train_time:4975.923s step_avg:1888.40ms
step:2636/3250 train_time:4977.746s step_avg:1888.37ms
step:2637/3250 train_time:4979.569s step_avg:1888.35ms
step:2638/3250 train_time:4981.394s step_avg:1888.32ms
step:2639/3250 train_time:4983.217s step_avg:1888.30ms
step:2640/3250 train_time:4985.039s step_avg:1888.27ms
step:2641/3250 train_time:4987.697s step_avg:1888.56ms
step:2642/3250 train_time:4989.520s step_avg:1888.54ms
step:2643/3250 train_time:4991.342s step_avg:1888.51ms
step:2644/3250 train_time:4993.164s step_avg:1888.49ms
step:2645/3250 train_time:4994.986s step_avg:1888.46ms
step:2646/3250 train_time:4996.809s step_avg:1888.44ms
step:2647/3250 train_time:4998.632s step_avg:1888.41ms
step:2648/3250 train_time:5000.454s step_avg:1888.39ms
step:2649/3250 train_time:5002.276s step_avg:1888.36ms
step:2650/3250 train_time:5004.370s step_avg:1888.44ms
step:2651/3250 train_time:5006.192s step_avg:1888.42ms
step:2652/3250 train_time:5008.014s step_avg:1888.39ms
step:2653/3250 train_time:5009.840s step_avg:1888.37ms
step:2654/3250 train_time:5011.664s step_avg:1888.34ms
step:2655/3250 train_time:5013.487s step_avg:1888.32ms
step:2656/3250 train_time:5015.309s step_avg:1888.29ms
step:2657/3250 train_time:5017.967s step_avg:1888.58ms
step:2658/3250 train_time:5019.789s step_avg:1888.56ms
step:2659/3250 train_time:5021.611s step_avg:1888.53ms
step:2660/3250 train_time:5023.432s step_avg:1888.51ms
step:2661/3250 train_time:5025.291s step_avg:1888.50ms
step:2662/3250 train_time:5027.113s step_avg:1888.47ms
step:2663/3250 train_time:5028.936s step_avg:1888.45ms
step:2664/3250 train_time:5030.759s step_avg:1888.42ms
step:2665/3250 train_time:5032.582s step_avg:1888.40ms
step:2666/3250 train_time:5034.405s step_avg:1888.37ms
step:2667/3250 train_time:5036.228s step_avg:1888.35ms
step:2668/3250 train_time:5038.050s step_avg:1888.32ms
step:2669/3250 train_time:5039.874s step_avg:1888.30ms
step:2670/3250 train_time:5041.698s step_avg:1888.28ms
step:2671/3250 train_time:5043.521s step_avg:1888.25ms
step:2672/3250 train_time:5045.343s step_avg:1888.23ms
step:2673/3250 train_time:5048.000s step_avg:1888.51ms
step:2674/3250 train_time:5049.823s step_avg:1888.49ms
step:2675/3250 train_time:5051.917s step_avg:1888.57ms
step:2676/3250 train_time:5053.739s step_avg:1888.54ms
step:2677/3250 train_time:5055.561s step_avg:1888.52ms
step:2678/3250 train_time:5057.383s step_avg:1888.49ms
step:2679/3250 train_time:5059.206s step_avg:1888.47ms
step:2680/3250 train_time:5061.029s step_avg:1888.44ms
step:2681/3250 train_time:5062.851s step_avg:1888.42ms
step:2682/3250 train_time:5064.674s step_avg:1888.39ms
step:2683/3250 train_time:5066.496s step_avg:1888.37ms
step:2684/3250 train_time:5068.319s step_avg:1888.35ms
step:2685/3250 train_time:5070.143s step_avg:1888.32ms
step:2686/3250 train_time:5071.966s step_avg:1888.30ms
step:2687/3250 train_time:5073.788s step_avg:1888.27ms
step:2688/3250 train_time:5075.610s step_avg:1888.25ms
step:2689/3250 train_time:5078.267s step_avg:1888.53ms
step:2690/3250 train_time:5080.089s step_avg:1888.51ms
step:2691/3250 train_time:5081.911s step_avg:1888.48ms
step:2692/3250 train_time:5083.734s step_avg:1888.46ms
step:2693/3250 train_time:5085.557s step_avg:1888.44ms
step:2694/3250 train_time:5087.379s step_avg:1888.41ms
step:2695/3250 train_time:5089.202s step_avg:1888.39ms
step:2696/3250 train_time:5091.024s step_avg:1888.36ms
step:2697/3250 train_time:5092.847s step_avg:1888.34ms
step:2698/3250 train_time:5094.671s step_avg:1888.31ms
step:2699/3250 train_time:5096.495s step_avg:1888.29ms
step:2700/3250 train_time:5098.594s step_avg:1888.37ms
step:2701/3250 train_time:5100.417s step_avg:1888.34ms
step:2702/3250 train_time:5102.240s step_avg:1888.32ms
step:2703/3250 train_time:5104.062s step_avg:1888.30ms
step:2704/3250 train_time:5105.885s step_avg:1888.27ms
step:2705/3250 train_time:5108.542s step_avg:1888.56ms
step:2706/3250 train_time:5110.366s step_avg:1888.53ms
step:2707/3250 train_time:5112.189s step_avg:1888.51ms
step:2708/3250 train_time:5114.011s step_avg:1888.48ms
step:2709/3250 train_time:5115.834s step_avg:1888.46ms
step:2710/3250 train_time:5117.656s step_avg:1888.43ms
step:2711/3250 train_time:5119.481s step_avg:1888.41ms
step:2712/3250 train_time:5121.303s step_avg:1888.39ms
step:2713/3250 train_time:5123.126s step_avg:1888.36ms
step:2714/3250 train_time:5124.950s step_avg:1888.34ms
step:2715/3250 train_time:5126.772s step_avg:1888.31ms
step:2716/3250 train_time:5128.596s step_avg:1888.29ms
step:2717/3250 train_time:5130.420s step_avg:1888.27ms
step:2718/3250 train_time:5132.243s step_avg:1888.24ms
step:2719/3250 train_time:5134.066s step_avg:1888.22ms
step:2720/3250 train_time:5135.890s step_avg:1888.19ms
step:2721/3250 train_time:5138.547s step_avg:1888.48ms
step:2722/3250 train_time:5140.370s step_avg:1888.45ms
step:2723/3250 train_time:5142.193s step_avg:1888.43ms
step:2724/3250 train_time:5144.015s step_avg:1888.40ms
step:2725/3250 train_time:5146.110s step_avg:1888.48ms
step:2726/3250 train_time:5147.933s step_avg:1888.46ms
step:2727/3250 train_time:5149.756s step_avg:1888.43ms
step:2728/3250 train_time:5151.579s step_avg:1888.41ms
step:2729/3250 train_time:5153.401s step_avg:1888.38ms
step:2730/3250 train_time:5155.225s step_avg:1888.36ms
step:2731/3250 train_time:5157.048s step_avg:1888.34ms
step:2732/3250 train_time:5158.872s step_avg:1888.31ms
step:2733/3250 train_time:5160.694s step_avg:1888.29ms
step:2734/3250 train_time:5162.517s step_avg:1888.27ms
step:2735/3250 train_time:5164.340s step_avg:1888.24ms
step:2736/3250 train_time:5166.162s step_avg:1888.22ms
step:2737/3250 train_time:5168.821s step_avg:1888.50ms
step:2738/3250 train_time:5170.644s step_avg:1888.47ms
step:2739/3250 train_time:5172.466s step_avg:1888.45ms
step:2740/3250 train_time:5174.288s step_avg:1888.43ms
step:2741/3250 train_time:5176.109s step_avg:1888.40ms
step:2742/3250 train_time:5177.932s step_avg:1888.38ms
step:2743/3250 train_time:5179.756s step_avg:1888.35ms
step:2744/3250 train_time:5181.578s step_avg:1888.33ms
step:2745/3250 train_time:5183.400s step_avg:1888.31ms
step:2746/3250 train_time:5185.222s step_avg:1888.28ms
step:2747/3250 train_time:5187.044s step_avg:1888.26ms
step:2748/3250 train_time:5188.868s step_avg:1888.23ms
step:2749/3250 train_time:5190.692s step_avg:1888.21ms
step:2750/3250 train_time:5192.854s step_avg:1888.31ms
step:2750/3250 val_loss:3.34784 train_time:5192.854s step_avg:1881.31ms
step:2751/3250 train_time:5194.677s step_avg:1888.29ms
step:2752/3250 train_time:5196.501s step_avg:1888.26ms
step:2753/3250 train_time:5199.159s step_avg:1888.54ms
step:2754/3250 train_time:5200.983s step_avg:1888.52ms
step:2755/3250 train_time:5202.806s step_avg:1888.50ms
step:2756/3250 train_time:5204.630s step_avg:1888.47ms
step:2757/3250 train_time:5206.453s step_avg:1888.45ms
step:2758/3250 train_time:5208.277s step_avg:1888.43ms
step:2759/3250 train_time:5210.100s step_avg:1888.40ms
step:2760/3250 train_time:5211.922s step_avg:1888.38ms
step:2761/3250 train_time:5213.745s step_avg:1888.35ms
step:2762/3250 train_time:5215.568s step_avg:1888.33ms
step:2763/3250 train_time:5217.393s step_avg:1888.31ms
step:2764/3250 train_time:5219.216s step_avg:1888.28ms
step:2765/3250 train_time:5221.039s step_avg:1888.26ms
step:2766/3250 train_time:5222.862s step_avg:1888.24ms
step:2767/3250 train_time:5224.686s step_avg:1888.21ms
step:2768/3250 train_time:5226.510s step_avg:1888.19ms
step:2769/3250 train_time:5229.168s step_avg:1888.47ms
step:2770/3250 train_time:5230.991s step_avg:1888.44ms
step:2771/3250 train_time:5232.815s step_avg:1888.42ms
step:2772/3250 train_time:5234.637s step_avg:1888.40ms
step:2773/3250 train_time:5236.459s step_avg:1888.37ms
step:2774/3250 train_time:5238.282s step_avg:1888.35ms
step:2775/3250 train_time:5240.379s step_avg:1888.42ms
step:2776/3250 train_time:5242.201s step_avg:1888.40ms
step:2777/3250 train_time:5244.024s step_avg:1888.38ms
step:2778/3250 train_time:5245.847s step_avg:1888.35ms
step:2779/3250 train_time:5247.671s step_avg:1888.33ms
step:2780/3250 train_time:5249.493s step_avg:1888.31ms
step:2781/3250 train_time:5251.316s step_avg:1888.28ms
step:2782/3250 train_time:5253.138s step_avg:1888.26ms
step:2783/3250 train_time:5254.961s step_avg:1888.24ms
step:2784/3250 train_time:5256.784s step_avg:1888.21ms
step:2785/3250 train_time:5259.442s step_avg:1888.49ms
step:2786/3250 train_time:5261.264s step_avg:1888.47ms
step:2787/3250 train_time:5263.086s step_avg:1888.44ms
step:2788/3250 train_time:5264.909s step_avg:1888.42ms
step:2789/3250 train_time:5266.734s step_avg:1888.39ms
step:2790/3250 train_time:5268.557s step_avg:1888.37ms
step:2791/3250 train_time:5270.381s step_avg:1888.35ms
step:2792/3250 train_time:5272.204s step_avg:1888.33ms
step:2793/3250 train_time:5274.027s step_avg:1888.30ms
step:2794/3250 train_time:5275.851s step_avg:1888.28ms
step:2795/3250 train_time:5277.675s step_avg:1888.26ms
step:2796/3250 train_time:5279.498s step_avg:1888.23ms
step:2797/3250 train_time:5281.322s step_avg:1888.21ms
step:2798/3250 train_time:5283.145s step_avg:1888.19ms
step:2799/3250 train_time:5284.970s step_avg:1888.16ms
step:2800/3250 train_time:5287.071s step_avg:1888.24ms
step:2801/3250 train_time:5289.729s step_avg:1888.51ms
step:2802/3250 train_time:5291.552s step_avg:1888.49ms
step:2803/3250 train_time:5293.374s step_avg:1888.47ms
step:2804/3250 train_time:5295.198s step_avg:1888.44ms
step:2805/3250 train_time:5297.023s step_avg:1888.42ms
step:2806/3250 train_time:5298.845s step_avg:1888.40ms
step:2807/3250 train_time:5300.668s step_avg:1888.37ms
step:2808/3250 train_time:5302.492s step_avg:1888.35ms
step:2809/3250 train_time:5304.314s step_avg:1888.33ms
step:2810/3250 train_time:5306.137s step_avg:1888.30ms
step:2811/3250 train_time:5307.960s step_avg:1888.28ms
step:2812/3250 train_time:5309.784s step_avg:1888.26ms
step:2813/3250 train_time:5311.608s step_avg:1888.24ms
step:2814/3250 train_time:5313.431s step_avg:1888.21ms
step:2815/3250 train_time:5315.254s step_avg:1888.19ms
step:2816/3250 train_time:5317.078s step_avg:1888.17ms
step:2817/3250 train_time:5319.736s step_avg:1888.44ms
step:2818/3250 train_time:5321.559s step_avg:1888.42ms
step:2819/3250 train_time:5323.382s step_avg:1888.39ms
step:2820/3250 train_time:5325.205s step_avg:1888.37ms
step:2821/3250 train_time:5327.029s step_avg:1888.35ms
step:2822/3250 train_time:5328.853s step_avg:1888.32ms
step:2823/3250 train_time:5330.675s step_avg:1888.30ms
step:2824/3250 train_time:5332.498s step_avg:1888.28ms
step:2825/3250 train_time:5334.593s step_avg:1888.35ms
step:2826/3250 train_time:5336.416s step_avg:1888.33ms
step:2827/3250 train_time:5338.242s step_avg:1888.31ms
step:2828/3250 train_time:5340.066s step_avg:1888.28ms
step:2829/3250 train_time:5341.890s step_avg:1888.26ms
step:2830/3250 train_time:5343.713s step_avg:1888.24ms
step:2831/3250 train_time:5345.537s step_avg:1888.22ms
step:2832/3250 train_time:5347.362s step_avg:1888.19ms
step:2833/3250 train_time:5350.020s step_avg:1888.46ms
step:2834/3250 train_time:5351.844s step_avg:1888.44ms
step:2835/3250 train_time:5353.667s step_avg:1888.42ms
step:2836/3250 train_time:5355.489s step_avg:1888.40ms
step:2837/3250 train_time:5357.313s step_avg:1888.37ms
step:2838/3250 train_time:5359.136s step_avg:1888.35ms
step:2839/3250 train_time:5360.960s step_avg:1888.33ms
step:2840/3250 train_time:5362.783s step_avg:1888.30ms
step:2841/3250 train_time:5364.607s step_avg:1888.28ms
step:2842/3250 train_time:5366.430s step_avg:1888.26ms
step:2843/3250 train_time:5368.254s step_avg:1888.24ms
step:2844/3250 train_time:5370.078s step_avg:1888.21ms
step:2845/3250 train_time:5371.901s step_avg:1888.19ms
step:2846/3250 train_time:5373.724s step_avg:1888.17ms
step:2847/3250 train_time:5375.548s step_avg:1888.14ms
step:2848/3250 train_time:5377.373s step_avg:1888.12ms
step:2849/3250 train_time:5380.031s step_avg:1888.39ms
step:2850/3250 train_time:5382.126s step_avg:1888.47ms
step:2851/3250 train_time:5383.987s step_avg:1888.46ms
step:2852/3250 train_time:5385.811s step_avg:1888.43ms
step:2853/3250 train_time:5387.635s step_avg:1888.41ms
step:2854/3250 train_time:5389.457s step_avg:1888.39ms
step:2855/3250 train_time:5391.281s step_avg:1888.36ms
step:2856/3250 train_time:5393.104s step_avg:1888.34ms
step:2857/3250 train_time:5394.928s step_avg:1888.32ms
step:2858/3250 train_time:5396.751s step_avg:1888.30ms
step:2859/3250 train_time:5398.574s step_avg:1888.27ms
step:2860/3250 train_time:5400.397s step_avg:1888.25ms
step:2861/3250 train_time:5402.222s step_avg:1888.23ms
step:2862/3250 train_time:5404.045s step_avg:1888.21ms
step:2863/3250 train_time:5405.870s step_avg:1888.18ms
step:2864/3250 train_time:5407.693s step_avg:1888.16ms
step:2865/3250 train_time:5410.351s step_avg:1888.43ms
step:2866/3250 train_time:5412.174s step_avg:1888.41ms
step:2867/3250 train_time:5413.997s step_avg:1888.38ms
step:2868/3250 train_time:5415.820s step_avg:1888.36ms
step:2869/3250 train_time:5417.644s step_avg:1888.34ms
step:2870/3250 train_time:5419.469s step_avg:1888.32ms
step:2871/3250 train_time:5421.292s step_avg:1888.29ms
step:2872/3250 train_time:5423.116s step_avg:1888.27ms
step:2873/3250 train_time:5424.939s step_avg:1888.25ms
step:2874/3250 train_time:5426.763s step_avg:1888.23ms
step:2875/3250 train_time:5428.923s step_avg:1888.32ms
step:2875/3250 val_loss:3.32563 train_time:5428.924s step_avg:1888.56ms
step:2876/3250 train_time:5430.748s step_avg:1888.30ms
step:2877/3250 train_time:5432.572s step_avg:1888.28ms
step:2878/3250 train_time:5434.396s step_avg:1888.25ms
step:2879/3250 train_time:5436.221s step_avg:1888.23ms
step:2880/3250 train_time:5438.046s step_avg:1888.21ms
step:2881/3250 train_time:5440.704s step_avg:1888.48ms
step:2882/3250 train_time:5442.528s step_avg:1888.46ms
step:2883/3250 train_time:5444.352s step_avg:1888.43ms
step:2884/3250 train_time:5446.178s step_avg:1888.41ms
step:2885/3250 train_time:5448.002s step_avg:1888.39ms
step:2886/3250 train_time:5449.826s step_avg:1888.37ms
step:2887/3250 train_time:5451.651s step_avg:1888.34ms
step:2888/3250 train_time:5453.475s step_avg:1888.32ms
step:2889/3250 train_time:5455.300s step_avg:1888.30ms
step:2890/3250 train_time:5457.125s step_avg:1888.28ms
step:2891/3250 train_time:5458.950s step_avg:1888.26ms
step:2892/3250 train_time:5460.775s step_avg:1888.23ms
step:2893/3250 train_time:5462.598s step_avg:1888.21ms
step:2894/3250 train_time:5464.422s step_avg:1888.19ms
step:2895/3250 train_time:5466.247s step_avg:1888.17ms
step:2896/3250 train_time:5468.071s step_avg:1888.15ms
step:2897/3250 train_time:5470.731s step_avg:1888.41ms
step:2898/3250 train_time:5472.555s step_avg:1888.39ms
step:2899/3250 train_time:5474.380s step_avg:1888.37ms
step:2900/3250 train_time:5476.476s step_avg:1888.44ms
step:2901/3250 train_time:5478.301s step_avg:1888.42ms
step:2902/3250 train_time:5480.125s step_avg:1888.40ms
step:2903/3250 train_time:5481.950s step_avg:1888.37ms
step:2904/3250 train_time:5483.776s step_avg:1888.35ms
step:2905/3250 train_time:5485.602s step_avg:1888.33ms
step:2906/3250 train_time:5487.427s step_avg:1888.31ms
step:2907/3250 train_time:5489.252s step_avg:1888.29ms
step:2908/3250 train_time:5491.078s step_avg:1888.27ms
step:2909/3250 train_time:5492.904s step_avg:1888.24ms
step:2910/3250 train_time:5494.730s step_avg:1888.22ms
step:2911/3250 train_time:5496.556s step_avg:1888.20ms
step:2912/3250 train_time:5498.381s step_avg:1888.18ms
step:2913/3250 train_time:5501.040s step_avg:1888.44ms
step:2914/3250 train_time:5502.865s step_avg:1888.42ms
step:2915/3250 train_time:5504.689s step_avg:1888.40ms
step:2916/3250 train_time:5506.515s step_avg:1888.38ms
step:2917/3250 train_time:5508.341s step_avg:1888.36ms
step:2918/3250 train_time:5510.165s step_avg:1888.34ms
step:2919/3250 train_time:5511.990s step_avg:1888.31ms
step:2920/3250 train_time:5513.816s step_avg:1888.29ms
step:2921/3250 train_time:5515.642s step_avg:1888.27ms
step:2922/3250 train_time:5517.466s step_avg:1888.25ms
step:2923/3250 train_time:5519.291s step_avg:1888.23ms
step:2924/3250 train_time:5521.117s step_avg:1888.21ms
step:2925/3250 train_time:5523.216s step_avg:1888.28ms
step:2925/3250 val_loss:3.31633 train_time:5523.217s step_avg:1885.86ms
step:2926/3250 train_time:5525.042s step_avg:1888.26ms
step:2927/3250 train_time:5526.866s step_avg:1888.24ms
step:2928/3250 train_time:5528.692s step_avg:1888.21ms
step:2929/3250 train_time:5531.351s step_avg:1888.48ms
step:2930/3250 train_time:5533.176s step_avg:1888.46ms
step:2931/3250 train_time:5535.001s step_avg:1888.43ms
step:2932/3250 train_time:5536.828s step_avg:1888.41ms
step:2933/3250 train_time:5538.653s step_avg:1888.39ms
step:2934/3250 train_time:5540.477s step_avg:1888.37ms
step:2935/3250 train_time:5542.308s step_avg:1888.35ms
step:2936/3250 train_time:5544.134s step_avg:1888.33ms
step:2937/3250 train_time:5545.959s step_avg:1888.31ms
step:2938/3250 train_time:5547.783s step_avg:1888.29ms
step:2939/3250 train_time:5549.607s step_avg:1888.26ms
step:2940/3250 train_time:5551.432s step_avg:1888.24ms
step:2941/3250 train_time:5553.256s step_avg:1888.22ms
step:2942/3250 train_time:5555.081s step_avg:1888.20ms
step:2943/3250 train_time:5556.905s step_avg:1888.18ms
step:2944/3250 train_time:5558.730s step_avg:1888.16ms
step:2945/3250 train_time:5561.390s step_avg:1888.42ms
step:2946/3250 train_time:5563.214s step_avg:1888.40ms
step:2947/3250 train_time:5565.039s step_avg:1888.37ms
step:2948/3250 train_time:5566.863s step_avg:1888.35ms
step:2949/3250 train_time:5568.686s step_avg:1888.33ms
step:2950/3250 train_time:5570.786s step_avg:1888.40ms
step:2950/3250 val_loss:3.31258 train_time:5570.786s step_avg:1902.76ms
step:2951/3250 train_time:5572.612s step_avg:1888.38ms
step:2952/3250 train_time:5574.436s step_avg:1888.36ms
step:2953/3250 train_time:5576.260s step_avg:1888.34ms
step:2954/3250 train_time:5578.084s step_avg:1888.32ms
step:2955/3250 train_time:5579.909s step_avg:1888.29ms
step:2956/3250 train_time:5581.734s step_avg:1888.27ms
step:2957/3250 train_time:5583.559s step_avg:1888.25ms
step:2958/3250 train_time:5585.383s step_avg:1888.23ms
step:2959/3250 train_time:5587.207s step_avg:1888.21ms
step:2960/3250 train_time:5589.032s step_avg:1888.19ms
step:2961/3250 train_time:5591.691s step_avg:1888.45ms
step:2962/3250 train_time:5593.515s step_avg:1888.42ms
step:2963/3250 train_time:5595.340s step_avg:1888.40ms
step:2964/3250 train_time:5597.165s step_avg:1888.38ms
step:2965/3250 train_time:5598.989s step_avg:1888.36ms
step:2966/3250 train_time:5600.812s step_avg:1888.34ms
step:2967/3250 train_time:5602.637s step_avg:1888.32ms
step:2968/3250 train_time:5604.462s step_avg:1888.30ms
step:2969/3250 train_time:5606.287s step_avg:1888.27ms
step:2970/3250 train_time:5608.111s step_avg:1888.25ms
step:2971/3250 train_time:5609.936s step_avg:1888.23ms
step:2972/3250 train_time:5611.762s step_avg:1888.21ms
step:2973/3250 train_time:5613.587s step_avg:1888.19ms
step:2974/3250 train_time:5615.412s step_avg:1888.17ms
step:2975/3250 train_time:5617.508s step_avg:1888.24ms
step:2975/3250 val_loss:3.30852 train_time:5617.509s step_avg:1868.91ms
step:2976/3250 train_time:5619.335s step_avg:1888.22ms
step:2977/3250 train_time:5621.995s step_avg:1888.48ms
step:2978/3250 train_time:5623.820s step_avg:1888.46ms
step:2979/3250 train_time:5625.645s step_avg:1888.43ms
step:2980/3250 train_time:5627.470s step_avg:1888.41ms
step:2981/3250 train_time:5629.294s step_avg:1888.39ms
step:2982/3250 train_time:5631.119s step_avg:1888.37ms
step:2983/3250 train_time:5632.944s step_avg:1888.35ms
step:2984/3250 train_time:5634.769s step_avg:1888.33ms
step:2985/3250 train_time:5636.593s step_avg:1888.31ms
step:2986/3250 train_time:5638.418s step_avg:1888.28ms
step:2987/3250 train_time:5640.244s step_avg:1888.26ms
step:2988/3250 train_time:5642.070s step_avg:1888.24ms
step:2989/3250 train_time:5643.896s step_avg:1888.22ms
step:2990/3250 train_time:5645.721s step_avg:1888.20ms
step:2991/3250 train_time:5647.547s step_avg:1888.18ms
step:2992/3250 train_time:5649.372s step_avg:1888.16ms
step:2993/3250 train_time:5652.031s step_avg:1888.42ms
step:2994/3250 train_time:5653.855s step_avg:1888.40ms
step:2995/3250 train_time:5655.679s step_avg:1888.37ms
step:2996/3250 train_time:5657.503s step_avg:1888.35ms
step:2997/3250 train_time:5659.328s step_avg:1888.33ms
step:2998/3250 train_time:5661.152s step_avg:1888.31ms
step:2999/3250 train_time:5662.976s step_avg:1888.29ms
step:3000/3250 train_time:5665.137s step_avg:1888.38ms
step:3000/3250 val_loss:3.30480 train_time:5665.137s step_avg:1905.13ms
step:3001/3250 train_time:5666.962s step_avg:1888.36ms
step:3002/3250 train_time:5668.788s step_avg:1888.34ms
step:3003/3250 train_time:5670.613s step_avg:1888.32ms
step:3004/3250 train_time:5672.438s step_avg:1888.30ms
step:3005/3250 train_time:5674.264s step_avg:1888.27ms
step:3006/3250 train_time:5676.089s step_avg:1888.25ms
step:3007/3250 train_time:5677.913s step_avg:1888.23ms
step:3008/3250 train_time:5679.740s step_avg:1888.21ms
step:3009/3250 train_time:5682.399s step_avg:1888.47ms
step:3010/3250 train_time:5684.223s step_avg:1888.45ms
step:3011/3250 train_time:5686.048s step_avg:1888.43ms
step:3012/3250 train_time:5687.873s step_avg:1888.40ms
step:3013/3250 train_time:5689.698s step_avg:1888.38ms
step:3014/3250 train_time:5691.522s step_avg:1888.36ms
step:3015/3250 train_time:5693.347s step_avg:1888.34ms
step:3016/3250 train_time:5695.173s step_avg:1888.32ms
step:3017/3250 train_time:5696.998s step_avg:1888.30ms
step:3018/3250 train_time:5698.823s step_avg:1888.28ms
step:3019/3250 train_time:5700.647s step_avg:1888.26ms
step:3020/3250 train_time:5702.473s step_avg:1888.24ms
step:3021/3250 train_time:5704.297s step_avg:1888.21ms
step:3022/3250 train_time:5706.122s step_avg:1888.19ms
step:3023/3250 train_time:5707.947s step_avg:1888.17ms
step:3024/3250 train_time:5709.776s step_avg:1888.15ms
step:3025/3250 train_time:5712.708s step_avg:1888.50ms
step:3025/3250 val_loss:3.30006 train_time:5712.708s step_avg:1902.84ms
step:3026/3250 train_time:5714.535s step_avg:1888.48ms
step:3027/3250 train_time:5716.361s step_avg:1888.46ms
step:3028/3250 train_time:5718.185s step_avg:1888.44ms
step:3029/3250 train_time:5720.010s step_avg:1888.42ms
step:3030/3250 train_time:5721.834s step_avg:1888.39ms
step:3031/3250 train_time:5723.659s step_avg:1888.37ms
step:3032/3250 train_time:5725.484s step_avg:1888.35ms
step:3033/3250 train_time:5727.309s step_avg:1888.33ms
step:3034/3250 train_time:5729.133s step_avg:1888.31ms
step:3035/3250 train_time:5730.958s step_avg:1888.29ms
step:3036/3250 train_time:5732.783s step_avg:1888.27ms
step:3037/3250 train_time:5734.608s step_avg:1888.25ms
step:3038/3250 train_time:5736.435s step_avg:1888.23ms
step:3039/3250 train_time:5738.259s step_avg:1888.21ms
step:3040/3250 train_time:5740.084s step_avg:1888.19ms
step:3041/3250 train_time:5742.777s step_avg:1888.45ms
step:3042/3250 train_time:5744.601s step_avg:1888.43ms
step:3043/3250 train_time:5746.426s step_avg:1888.41ms
step:3044/3250 train_time:5748.251s step_avg:1888.39ms
step:3045/3250 train_time:5750.075s step_avg:1888.37ms
step:3046/3250 train_time:5751.899s step_avg:1888.35ms
step:3047/3250 train_time:5753.724s step_avg:1888.32ms
step:3048/3250 train_time:5755.550s step_avg:1888.30ms
step:3049/3250 train_time:5757.375s step_avg:1888.28ms
step:3050/3250 train_time:5759.471s step_avg:1888.35ms
step:3050/3250 val_loss:3.29630 train_time:5759.472s step_avg:1870.54ms
step:3051/3250 train_time:5761.297s step_avg:1888.33ms
step:3052/3250 train_time:5763.123s step_avg:1888.31ms
step:3053/3250 train_time:5764.948s step_avg:1888.29ms
step:3054/3250 train_time:5766.774s step_avg:1888.27ms
step:3055/3250 train_time:5768.599s step_avg:1888.25ms
step:3056/3250 train_time:5770.424s step_avg:1888.23ms
step:3057/3250 train_time:5773.083s step_avg:1888.48ms
step:3058/3250 train_time:5774.909s step_avg:1888.46ms
step:3059/3250 train_time:5776.733s step_avg:1888.44ms
step:3060/3250 train_time:5778.557s step_avg:1888.42ms
step:3061/3250 train_time:5780.381s step_avg:1888.40ms
step:3062/3250 train_time:5782.206s step_avg:1888.38ms
step:3063/3250 train_time:5784.030s step_avg:1888.35ms
step:3064/3250 train_time:5785.855s step_avg:1888.33ms
step:3065/3250 train_time:5787.680s step_avg:1888.31ms
step:3066/3250 train_time:5789.504s step_avg:1888.29ms
step:3067/3250 train_time:5791.328s step_avg:1888.27ms
step:3068/3250 train_time:5793.152s step_avg:1888.25ms
step:3069/3250 train_time:5794.978s step_avg:1888.23ms
step:3070/3250 train_time:5796.802s step_avg:1888.21ms
step:3071/3250 train_time:5798.627s step_avg:1888.19ms
step:3072/3250 train_time:5800.451s step_avg:1888.17ms
step:3073/3250 train_time:5803.110s step_avg:1888.42ms
step:3074/3250 train_time:5804.935s step_avg:1888.40ms
step:3075/3250 train_time:5807.031s step_avg:1888.47ms
step:3075/3250 val_loss:3.29274 train_time:5807.031s step_avg:1902.38ms
step:3076/3250 train_time:5808.855s step_avg:1888.44ms
step:3077/3250 train_time:5810.680s step_avg:1888.42ms
step:3078/3250 train_time:5812.505s step_avg:1888.40ms
step:3079/3250 train_time:5814.330s step_avg:1888.38ms
step:3080/3250 train_time:5816.154s step_avg:1888.36ms
step:3081/3250 train_time:5817.978s step_avg:1888.34ms
step:3082/3250 train_time:5819.803s step_avg:1888.32ms
step:3083/3250 train_time:5821.628s step_avg:1888.30ms
step:3084/3250 train_time:5823.453s step_avg:1888.28ms
step:3085/3250 train_time:5825.278s step_avg:1888.26ms
step:3086/3250 train_time:5827.103s step_avg:1888.24ms
step:3087/3250 train_time:5828.928s step_avg:1888.22ms
step:3088/3250 train_time:5830.752s step_avg:1888.20ms
step:3089/3250 train_time:5833.411s step_avg:1888.45ms
step:3090/3250 train_time:5835.236s step_avg:1888.43ms
step:3091/3250 train_time:5837.059s step_avg:1888.40ms
step:3092/3250 train_time:5838.883s step_avg:1888.38ms
step:3093/3250 train_time:5840.707s step_avg:1888.36ms
step:3094/3250 train_time:5842.531s step_avg:1888.34ms
step:3095/3250 train_time:5844.356s step_avg:1888.32ms
step:3096/3250 train_time:5846.179s step_avg:1888.30ms
step:3097/3250 train_time:5848.002s step_avg:1888.28ms
step:3098/3250 train_time:5849.827s step_avg:1888.26ms
step:3099/3250 train_time:5851.652s step_avg:1888.24ms
step:3100/3250 train_time:5853.749s step_avg:1888.31ms
step:3100/3250 val_loss:3.28928 train_time:5853.749s step_avg:1868.72ms
step:3101/3250 train_time:5855.573s step_avg:1888.29ms
step:3102/3250 train_time:5857.397s step_avg:1888.26ms
step:3103/3250 train_time:5859.221s step_avg:1888.24ms
step:3104/3250 train_time:5861.045s step_avg:1888.22ms
step:3105/3250 train_time:5863.704s step_avg:1888.47ms
step:3106/3250 train_time:5865.527s step_avg:1888.45ms
step:3107/3250 train_time:5867.351s step_avg:1888.43ms
step:3108/3250 train_time:5869.174s step_avg:1888.41ms
step:3109/3250 train_time:5870.999s step_avg:1888.39ms
step:3110/3250 train_time:5872.823s step_avg:1888.37ms
step:3111/3250 train_time:5874.647s step_avg:1888.35ms
step:3112/3250 train_time:5876.471s step_avg:1888.33ms
step:3113/3250 train_time:5878.294s step_avg:1888.31ms
step:3114/3250 train_time:5880.118s step_avg:1888.28ms
step:3115/3250 train_time:5881.942s step_avg:1888.26ms
step:3116/3250 train_time:5883.766s step_avg:1888.24ms
step:3117/3250 train_time:5885.589s step_avg:1888.22ms
step:3118/3250 train_time:5887.412s step_avg:1888.20ms
step:3119/3250 train_time:5889.236s step_avg:1888.18ms
step:3120/3250 train_time:5891.061s step_avg:1888.16ms
step:3121/3250 train_time:5893.720s step_avg:1888.41ms
step:3122/3250 train_time:5895.544s step_avg:1888.39ms
step:3123/3250 train_time:5897.368s step_avg:1888.37ms
step:3124/3250 train_time:5899.193s step_avg:1888.35ms
step:3125/3250 train_time:5901.357s step_avg:1888.43ms
step:3125/3250 val_loss:3.28618 train_time:5901.358s step_avg:1904.34ms
step:3126/3250 train_time:5903.181s step_avg:1888.41ms
step:3127/3250 train_time:5905.005s step_avg:1888.39ms
step:3128/3250 train_time:5906.830s step_avg:1888.37ms
step:3129/3250 train_time:5908.653s step_avg:1888.35ms
step:3130/3250 train_time:5910.477s step_avg:1888.33ms
step:3131/3250 train_time:5912.301s step_avg:1888.31ms
step:3132/3250 train_time:5914.125s step_avg:1888.29ms
step:3133/3250 train_time:5915.948s step_avg:1888.27ms
step:3134/3250 train_time:5917.771s step_avg:1888.25ms
step:3135/3250 train_time:5919.594s step_avg:1888.23ms
step:3136/3250 train_time:5921.417s step_avg:1888.21ms
step:3137/3250 train_time:5924.076s step_avg:1888.45ms
step:3138/3250 train_time:5925.899s step_avg:1888.43ms
step:3139/3250 train_time:5927.722s step_avg:1888.41ms
step:3140/3250 train_time:5929.547s step_avg:1888.39ms
step:3141/3250 train_time:5931.370s step_avg:1888.37ms
step:3142/3250 train_time:5933.193s step_avg:1888.35ms
step:3143/3250 train_time:5935.017s step_avg:1888.33ms
step:3144/3250 train_time:5936.840s step_avg:1888.31ms
step:3145/3250 train_time:5938.663s step_avg:1888.29ms
step:3146/3250 train_time:5940.488s step_avg:1888.27ms
step:3147/3250 train_time:5942.311s step_avg:1888.25ms
step:3148/3250 train_time:5944.134s step_avg:1888.23ms
step:3149/3250 train_time:5945.958s step_avg:1888.21ms
step:3150/3250 train_time:5948.051s step_avg:1888.27ms
step:3150/3250 val_loss:3.28290 train_time:5948.052s step_avg:1867.76ms
step:3151/3250 train_time:5949.875s step_avg:1888.25ms
step:3152/3250 train_time:5951.699s step_avg:1888.23ms
step:3153/3250 train_time:5954.357s step_avg:1888.47ms
step:3154/3250 train_time:5956.180s step_avg:1888.45ms
step:3155/3250 train_time:5958.002s step_avg:1888.43ms
step:3156/3250 train_time:5959.826s step_avg:1888.41ms
step:3157/3250 train_time:5961.650s step_avg:1888.39ms
step:3158/3250 train_time:5963.473s step_avg:1888.37ms
step:3159/3250 train_time:5965.297s step_avg:1888.35ms
step:3160/3250 train_time:5967.120s step_avg:1888.33ms
step:3161/3250 train_time:5968.944s step_avg:1888.31ms
step:3162/3250 train_time:5970.768s step_avg:1888.29ms
step:3163/3250 train_time:5972.592s step_avg:1888.27ms
step:3164/3250 train_time:5974.416s step_avg:1888.25ms
step:3165/3250 train_time:5976.239s step_avg:1888.23ms
step:3166/3250 train_time:5978.064s step_avg:1888.21ms
step:3167/3250 train_time:5979.888s step_avg:1888.19ms
step:3168/3250 train_time:5981.712s step_avg:1888.17ms
step:3169/3250 train_time:5984.370s step_avg:1888.41ms
step:3170/3250 train_time:5986.194s step_avg:1888.39ms
step:3171/3250 train_time:5988.018s step_avg:1888.37ms
step:3172/3250 train_time:5989.841s step_avg:1888.35ms
step:3173/3250 train_time:5991.665s step_avg:1888.33ms
step:3174/3250 train_time:5993.488s step_avg:1888.31ms
step:3175/3250 train_time:5995.585s step_avg:1888.37ms
step:3175/3250 val_loss:3.28034 train_time:5995.585s step_avg:1901.35ms
step:3176/3250 train_time:5997.410s step_avg:1888.35ms
step:3177/3250 train_time:5999.235s step_avg:1888.33ms
step:3178/3250 train_time:6001.060s step_avg:1888.31ms
step:3179/3250 train_time:6002.883s step_avg:1888.29ms
step:3180/3250 train_time:6004.707s step_avg:1888.27ms
step:3181/3250 train_time:6006.531s step_avg:1888.25ms
step:3182/3250 train_time:6008.355s step_avg:1888.23ms
step:3183/3250 train_time:6010.179s step_avg:1888.21ms
step:3184/3250 train_time:6012.003s step_avg:1888.19ms
step:3185/3250 train_time:6014.661s step_avg:1888.43ms
step:3186/3250 train_time:6016.485s step_avg:1888.41ms
step:3187/3250 train_time:6018.308s step_avg:1888.39ms
step:3188/3250 train_time:6020.133s step_avg:1888.37ms
step:3189/3250 train_time:6021.957s step_avg:1888.35ms
step:3190/3250 train_time:6023.781s step_avg:1888.33ms
step:3191/3250 train_time:6025.604s step_avg:1888.31ms
step:3192/3250 train_time:6027.430s step_avg:1888.29ms
step:3193/3250 train_time:6029.254s step_avg:1888.27ms
step:3194/3250 train_time:6031.079s step_avg:1888.25ms
step:3195/3250 train_time:6032.903s step_avg:1888.23ms
step:3196/3250 train_time:6034.726s step_avg:1888.21ms
step:3197/3250 train_time:6036.550s step_avg:1888.19ms
step:3198/3250 train_time:6038.374s step_avg:1888.17ms
step:3199/3250 train_time:6040.198s step_avg:1888.15ms
step:3200/3250 train_time:6042.293s step_avg:1888.22ms
step:3200/3250 val_loss:3.27806 train_time:6042.293s step_avg:1868.32ms
step:3201/3250 train_time:6044.952s step_avg:1888.46ms
step:3202/3250 train_time:6046.776s step_avg:1888.44ms
step:3203/3250 train_time:6048.600s step_avg:1888.42ms
step:3204/3250 train_time:6050.424s step_avg:1888.40ms
step:3205/3250 train_time:6052.247s step_avg:1888.38ms
step:3206/3250 train_time:6054.071s step_avg:1888.36ms
step:3207/3250 train_time:6055.896s step_avg:1888.34ms
step:3208/3250 train_time:6057.720s step_avg:1888.32ms
step:3209/3250 train_time:6059.543s step_avg:1888.30ms
step:3210/3250 train_time:6061.367s step_avg:1888.28ms
step:3211/3250 train_time:6063.192s step_avg:1888.26ms
step:3212/3250 train_time:6065.016s step_avg:1888.24ms
step:3213/3250 train_time:6066.839s step_avg:1888.22ms
step:3214/3250 train_time:6068.662s step_avg:1888.20ms
step:3215/3250 train_time:6070.488s step_avg:1888.18ms
step:3216/3250 train_time:6072.312s step_avg:1888.16ms
step:3217/3250 train_time:6074.971s step_avg:1888.40ms
step:3218/3250 train_time:6076.795s step_avg:1888.38ms
step:3219/3250 train_time:6078.622s step_avg:1888.36ms
step:3220/3250 train_time:6080.446s step_avg:1888.34ms
step:3221/3250 train_time:6082.269s step_avg:1888.32ms
step:3222/3250 train_time:6084.096s step_avg:1888.30ms
step:3223/3250 train_time:6085.921s step_avg:1888.28ms
step:3224/3250 train_time:6087.744s step_avg:1888.26ms
step:3225/3250 train_time:6089.840s step_avg:1888.32ms
step:3225/3250 val_loss:3.27638 train_time:6089.840s step_avg:1901.87ms
step:3226/3250 train_time:6091.666s step_avg:1888.30ms
step:3227/3250 train_time:6093.491s step_avg:1888.28ms
step:3228/3250 train_time:6095.315s step_avg:1888.26ms
step:3229/3250 train_time:6097.139s step_avg:1888.24ms
step:3230/3250 train_time:6098.964s step_avg:1888.22ms
step:3231/3250 train_time:6100.824s step_avg:1888.22ms
step:3232/3250 train_time:6102.650s step_avg:1888.20ms
step:3233/3250 train_time:6105.308s step_avg:1888.43ms
step:3234/3250 train_time:6107.132s step_avg:1888.41ms
step:3235/3250 train_time:6108.954s step_avg:1888.39ms
step:3236/3250 train_time:6110.778s step_avg:1888.37ms
step:3237/3250 train_time:6112.602s step_avg:1888.35ms
step:3238/3250 train_time:6114.426s step_avg:1888.33ms
step:3239/3250 train_time:6116.248s step_avg:1888.31ms
step:3240/3250 train_time:6118.071s step_avg:1888.29ms
step:3241/3250 train_time:6119.894s step_avg:1888.27ms
step:3242/3250 train_time:6121.718s step_avg:1888.25ms
step:3243/3250 train_time:6123.542s step_avg:1888.23ms
step:3244/3250 train_time:6125.366s step_avg:1888.21ms
step:3245/3250 train_time:6127.189s step_avg:1888.19ms
step:3246/3250 train_time:6129.013s step_avg:1888.17ms
step:3247/3250 train_time:6130.836s step_avg:1888.15ms
step:3248/3250 train_time:6132.661s step_avg:1888.13ms
step:3249/3250 train_time:6135.319s step_avg:1888.37ms
step:3250/3250 train_time:6137.482s step_avg:1888.46ms
step:3250/3250 val_loss:3.27570 train_time:6137.482s step_avg:1905.69ms
trial:0 best_val_loss:3.27570 best_val_step:3250 first_step_to_target:3200
wandb: updating run metadata
wandb: uploading output.log; uploading wandb-summary.json; uploading config.yaml
wandb: uploading history steps 3250-3250, summary, console lines 3288-3289
wandb: 
wandb: Run history:
wandb:        speedrun/final_best_val_loss ▁
wandb:        speedrun/final_best_val_step ▁
wandb: speedrun/final_first_step_to_target ▁
wandb:       speedrun/final_reached_target ▁
wandb:       speedrun/first_step_to_target ▁▁▁▁▁▁▁▁▁▁▁▁▁▁▁▁▁▁▁▁▁▁▁▁▁▁▁▁▁▁▁▁▁▁▁███
wandb:             speedrun/reached_target ▁▁▁▁▁▁▁▁▁▁▁▁▁▁▁▁▁▁▁▁▁▁▁▁▁▁▁▁▁▁▁▁▁▁▁███
wandb:            speedrun/target_val_loss ▁▁▁▁▁▁▁▁▁▁▁▁▁▁▁▁▁▁▁▁▁▁▁▁▁▁▁▁▁▁▁▁▁▁▁▁▁▁▁▁
wandb:                speedrun/train_steps ▁▁▁▁▁▁▁▁▁▁▁▁▁▁▁▁▁▁▁▁▁▁▁▁▁▁▁▁▁▁▁▁▁▁▁▁▁▁▁▁
wandb:                    time/step_avg_ms  █▄▄▄▄▃▄▄▄▄▃▄▄▄▄▃▄▄▄▄▄▃▄▄▆▁▆▆▁▆▁▆▁▆▁▆▆
wandb:                  time/train_seconds ▁▁▂▂▂▂▃▃▃▃▄▄▄▅▅▅▅▆▆▆▆▇▇▇▇▇▇▇██████████
wandb:                              +4,448 ...
wandb: 
wandb: Run summary:
wandb:        speedrun/final_best_val_loss 3.2757
wandb:        speedrun/final_best_val_step 3250
wandb: speedrun/final_first_step_to_target 3200
wandb:       speedrun/final_reached_target 1
wandb:       speedrun/first_step_to_target 3200
wandb:             speedrun/reached_target 1
wandb:            speedrun/target_val_loss 3.28
wandb:                speedrun/train_steps 3250
wandb:                    time/step_avg_ms 1905.6877
wandb:                  time/train_seconds 6137.48226
wandb:                              +4,448 ...
wandb: 
wandb: 🚀 View run wd-sched-E-cosine_updown-n1 at: https://wandb.ai/wandb-applied-ai-team/modded-nanogpt-senpai/runs/mkvt4nxw
wandb: ⭐️ View project at: https://wandb.ai/wandb-applied-ai-team/modded-nanogpt-senpai
wandb: Synced 6 W&B file(s), 0 media file(s), 0 artifact file(s) and 0 other file(s)
wandb: Find logs at: ./wandb/run-20260526_154019-mkvt4nxw/logs
=== END Cell E (cosine_updown) rc=0 at 2026-05-26T17:30:09Z ===
