=== 2026-05-20T16:19:51+00:00 launching arm A (embed=0.0 lm_head=0.0 scalar=0.0) ===
logs/d70913b3-e777-46f5-8a13-e79840d0a5c7.txt
GRAD_CLIP: max_norm=10.0 (ENABLED)
EMBED_COOLDOWN_SHAPE: linear_floor (applies to adam_embed only; lm_head/scalars use linear)
ADAMW_BETA2: 0.99 (effective memory ~99 steps)
ADAMW_LR_MULT: embed=1.5 lm_head=1.0 scalar=1.0
  Effective base LRs: embed=0.4500 lm_head=0.003125 scalar=0.0100
ADAMW_WD: embed=0.0 lm_head=0.0 scalar=0.0
NS_SCHEDULE: ns_iters=12 -> ns_iters_cooldown=16 at fraction 0.7 of train_steps (shape=late_peak)
NS_COEF_SCHEDULE: linear_ramp_down
  ns_iters=12: c=[0.7,0.662,0.624,0.585,0.547,0.509,0.471,0.433,0.395,0.356,0.318,0.28] avg_c=0.4900
  ns_iters=16: c=[0.7,0.672,0.644,0.616,0.588,0.56,0.532,0.504,0.476,0.448,0.42,0.392,0.364,0.336,0.308,0.28] avg_c=0.4900
wandb: [wandb.login()] Loaded credentials for https://api.wandb.ai from WANDB_API_KEY.
wandb: W&B API key is configured. Use `wandb login --relogin` to force relogin
wandb: Tracking run with wandb version 0.26.1
wandb: Run data is saved locally in /workspace/senpai/target/wandb/run-20260520_161956-6o12nq7j
wandb: Run `wandb offline` to turn off syncing.
wandb: Syncing run g1r4-frieren/wd-A
wandb: ⭐️ View project at https://wandb.ai/wandb-applied-ai-team/modded-nanogpt-senpai
wandb: 🚀 View run at https://wandb.ai/wandb-applied-ai-team/modded-nanogpt-senpai/runs/6o12nq7j
step:0/3350 val_loss:10.82583 train_time:0.000s step_avg:nanms
step:1/3350 train_time:4.145s step_avg:4145.42ms
step:2/3350 train_time:5.916s step_avg:2958.05ms
step:3/3350 train_time:7.750s step_avg:2583.33ms
step:4/3350 train_time:9.588s step_avg:2396.93ms
step:5/3350 train_time:11.424s step_avg:2284.89ms
step:6/3350 train_time:13.261s step_avg:2210.15ms
step:7/3350 train_time:15.096s step_avg:2156.57ms
step:8/3350 train_time:16.935s step_avg:2116.90ms
step:9/3350 train_time:18.775s step_avg:2086.09ms
step:10/3350 train_time:20.611s step_avg:2061.10ms
step:11/3350 train_time:22.450s step_avg:2040.92ms
step:12/3350 train_time:24.289s step_avg:2024.10ms
step:13/3350 train_time:26.128s step_avg:2009.84ms
step:14/3350 train_time:27.968s step_avg:1997.73ms
step:15/3350 train_time:29.807s step_avg:1987.16ms
step:16/3350 train_time:31.647s step_avg:1977.92ms
step:17/3350 train_time:33.486s step_avg:1969.77ms
step:18/3350 train_time:35.329s step_avg:1962.71ms
step:19/3350 train_time:37.172s step_avg:1956.40ms
step:20/3350 train_time:39.013s step_avg:1950.67ms
step:21/3350 train_time:40.857s step_avg:1945.55ms
step:22/3350 train_time:42.699s step_avg:1940.87ms
step:23/3350 train_time:44.541s step_avg:1936.58ms
step:24/3350 train_time:46.384s step_avg:1932.67ms
step:25/3350 train_time:48.515s step_avg:1940.61ms
step:26/3350 train_time:50.357s step_avg:1936.83ms
step:27/3350 train_time:52.202s step_avg:1933.41ms
step:28/3350 train_time:54.046s step_avg:1930.21ms
step:29/3350 train_time:55.890s step_avg:1927.23ms
step:30/3350 train_time:57.733s step_avg:1924.42ms
step:31/3350 train_time:59.576s step_avg:1921.82ms
step:32/3350 train_time:61.420s step_avg:1919.39ms
step:33/3350 train_time:63.263s step_avg:1917.05ms
step:34/3350 train_time:65.106s step_avg:1914.89ms
step:35/3350 train_time:66.950s step_avg:1912.86ms
step:36/3350 train_time:68.794s step_avg:1910.94ms
step:37/3350 train_time:70.638s step_avg:1909.15ms
step:38/3350 train_time:72.483s step_avg:1907.45ms
step:39/3350 train_time:74.329s step_avg:1905.88ms
step:40/3350 train_time:76.172s step_avg:1904.29ms
step:41/3350 train_time:78.017s step_avg:1902.85ms
step:42/3350 train_time:79.860s step_avg:1901.44ms
step:43/3350 train_time:81.705s step_avg:1900.11ms
step:44/3350 train_time:83.548s step_avg:1898.83ms
step:45/3350 train_time:85.391s step_avg:1897.58ms
step:46/3350 train_time:87.235s step_avg:1896.42ms
step:47/3350 train_time:89.079s step_avg:1895.30ms
step:48/3350 train_time:90.921s step_avg:1894.19ms
step:49/3350 train_time:92.765s step_avg:1893.16ms
step:50/3350 train_time:94.883s step_avg:1897.66ms
step:51/3350 train_time:96.725s step_avg:1896.57ms
step:52/3350 train_time:98.569s step_avg:1895.55ms
step:53/3350 train_time:100.413s step_avg:1894.59ms
step:54/3350 train_time:102.258s step_avg:1893.66ms
step:55/3350 train_time:104.101s step_avg:1892.75ms
step:56/3350 train_time:105.946s step_avg:1891.89ms
step:57/3350 train_time:107.789s step_avg:1891.04ms
step:58/3350 train_time:109.636s step_avg:1890.27ms
step:59/3350 train_time:111.481s step_avg:1889.50ms
step:60/3350 train_time:113.325s step_avg:1888.76ms
step:61/3350 train_time:115.170s step_avg:1888.03ms
step:62/3350 train_time:117.013s step_avg:1887.30ms
step:63/3350 train_time:118.856s step_avg:1886.61ms
step:64/3350 train_time:120.701s step_avg:1885.96ms
step:65/3350 train_time:122.545s step_avg:1885.30ms
step:66/3350 train_time:124.391s step_avg:1884.71ms
step:67/3350 train_time:126.236s step_avg:1884.12ms
step:68/3350 train_time:128.081s step_avg:1883.55ms
step:69/3350 train_time:129.926s step_avg:1882.98ms
step:70/3350 train_time:131.770s step_avg:1882.43ms
step:71/3350 train_time:133.615s step_avg:1881.90ms
step:72/3350 train_time:135.460s step_avg:1881.39ms
step:73/3350 train_time:137.304s step_avg:1880.88ms
step:74/3350 train_time:139.149s step_avg:1880.39ms
step:75/3350 train_time:141.282s step_avg:1883.76ms
step:76/3350 train_time:143.128s step_avg:1883.26ms
step:77/3350 train_time:144.972s step_avg:1882.76ms
step:78/3350 train_time:146.815s step_avg:1882.25ms
step:79/3350 train_time:148.660s step_avg:1881.77ms
step:80/3350 train_time:150.505s step_avg:1881.31ms
step:81/3350 train_time:152.348s step_avg:1880.84ms
step:82/3350 train_time:154.193s step_avg:1880.40ms
step:83/3350 train_time:156.036s step_avg:1879.96ms
step:84/3350 train_time:157.881s step_avg:1879.54ms
step:85/3350 train_time:159.728s step_avg:1879.15ms
step:86/3350 train_time:161.573s step_avg:1878.75ms
step:87/3350 train_time:163.416s step_avg:1878.34ms
step:88/3350 train_time:165.258s step_avg:1877.94ms
step:89/3350 train_time:167.102s step_avg:1877.55ms
step:90/3350 train_time:168.945s step_avg:1877.16ms
step:91/3350 train_time:170.788s step_avg:1876.79ms
step:92/3350 train_time:172.630s step_avg:1876.42ms
step:93/3350 train_time:174.473s step_avg:1876.05ms
step:94/3350 train_time:176.316s step_avg:1875.70ms
step:95/3350 train_time:178.160s step_avg:1875.37ms
step:96/3350 train_time:180.003s step_avg:1875.03ms
step:97/3350 train_time:181.846s step_avg:1874.70ms
step:98/3350 train_time:183.688s step_avg:1874.37ms
step:99/3350 train_time:185.531s step_avg:1874.05ms
step:100/3350 train_time:187.660s step_avg:1876.60ms
step:101/3350 train_time:189.502s step_avg:1876.25ms
step:102/3350 train_time:191.345s step_avg:1875.93ms
step:103/3350 train_time:193.187s step_avg:1875.60ms
step:104/3350 train_time:195.029s step_avg:1875.28ms
step:105/3350 train_time:196.872s step_avg:1874.98ms
step:106/3350 train_time:198.715s step_avg:1874.67ms
step:107/3350 train_time:200.557s step_avg:1874.36ms
step:108/3350 train_time:202.400s step_avg:1874.08ms
step:109/3350 train_time:204.244s step_avg:1873.80ms
step:110/3350 train_time:206.089s step_avg:1873.54ms
step:111/3350 train_time:207.932s step_avg:1873.26ms
step:112/3350 train_time:209.774s step_avg:1872.98ms
step:113/3350 train_time:211.616s step_avg:1872.71ms
step:114/3350 train_time:213.458s step_avg:1872.44ms
step:115/3350 train_time:215.301s step_avg:1872.18ms
step:116/3350 train_time:217.144s step_avg:1871.93ms
step:117/3350 train_time:218.986s step_avg:1871.68ms
step:118/3350 train_time:220.829s step_avg:1871.43ms
step:119/3350 train_time:222.671s step_avg:1871.18ms
step:120/3350 train_time:224.514s step_avg:1870.95ms
step:121/3350 train_time:226.356s step_avg:1870.71ms
step:122/3350 train_time:228.200s step_avg:1870.49ms
step:123/3350 train_time:230.042s step_avg:1870.26ms
step:124/3350 train_time:231.885s step_avg:1870.04ms
step:125/3350 train_time:234.065s step_avg:1872.52ms
step:125/3350 val_loss:4.60401 train_time:234.066s step_avg:1872.52ms
step:126/3350 train_time:235.909s step_avg:1872.29ms
step:127/3350 train_time:237.752s step_avg:1872.06ms
step:128/3350 train_time:239.598s step_avg:1871.86ms
step:129/3350 train_time:241.441s step_avg:1871.64ms
step:130/3350 train_time:243.284s step_avg:1871.41ms
step:131/3350 train_time:245.127s step_avg:1871.20ms
step:132/3350 train_time:246.970s step_avg:1870.98ms
step:133/3350 train_time:248.813s step_avg:1870.78ms
step:134/3350 train_time:250.657s step_avg:1870.57ms
step:135/3350 train_time:252.499s step_avg:1870.37ms
step:136/3350 train_time:254.342s step_avg:1870.16ms
step:137/3350 train_time:256.184s step_avg:1869.96ms
step:138/3350 train_time:258.027s step_avg:1869.76ms
step:139/3350 train_time:259.869s step_avg:1869.56ms
step:140/3350 train_time:261.713s step_avg:1869.38ms
step:141/3350 train_time:263.556s step_avg:1869.19ms
step:142/3350 train_time:265.399s step_avg:1869.01ms
step:143/3350 train_time:267.242s step_avg:1868.83ms
step:144/3350 train_time:269.086s step_avg:1868.65ms
step:145/3350 train_time:270.929s step_avg:1868.47ms
step:146/3350 train_time:272.770s step_avg:1868.29ms
step:147/3350 train_time:274.613s step_avg:1868.12ms
step:148/3350 train_time:276.459s step_avg:1867.97ms
step:149/3350 train_time:278.302s step_avg:1867.80ms
step:150/3350 train_time:280.433s step_avg:1869.55ms
step:151/3350 train_time:282.275s step_avg:1869.37ms
step:152/3350 train_time:284.118s step_avg:1869.20ms
step:153/3350 train_time:285.963s step_avg:1869.04ms
step:154/3350 train_time:287.806s step_avg:1868.87ms
step:155/3350 train_time:289.650s step_avg:1868.71ms
step:156/3350 train_time:291.493s step_avg:1868.55ms
step:157/3350 train_time:293.336s step_avg:1868.38ms
step:158/3350 train_time:295.181s step_avg:1868.24ms
step:159/3350 train_time:297.025s step_avg:1868.08ms
step:160/3350 train_time:298.869s step_avg:1867.93ms
step:161/3350 train_time:300.712s step_avg:1867.78ms
step:162/3350 train_time:302.555s step_avg:1867.62ms
step:163/3350 train_time:304.399s step_avg:1867.48ms
step:164/3350 train_time:306.243s step_avg:1867.33ms
step:165/3350 train_time:308.086s step_avg:1867.19ms
step:166/3350 train_time:309.930s step_avg:1867.05ms
step:167/3350 train_time:311.773s step_avg:1866.91ms
step:168/3350 train_time:313.616s step_avg:1866.76ms
step:169/3350 train_time:315.460s step_avg:1866.63ms
step:170/3350 train_time:317.304s step_avg:1866.49ms
step:171/3350 train_time:319.148s step_avg:1866.36ms
step:172/3350 train_time:320.991s step_avg:1866.23ms
step:173/3350 train_time:322.832s step_avg:1866.08ms
step:174/3350 train_time:324.675s step_avg:1865.95ms
step:175/3350 train_time:326.798s step_avg:1867.42ms
step:176/3350 train_time:328.641s step_avg:1867.28ms
step:177/3350 train_time:330.484s step_avg:1867.14ms
step:178/3350 train_time:332.327s step_avg:1867.00ms
step:179/3350 train_time:334.169s step_avg:1866.87ms
step:180/3350 train_time:336.013s step_avg:1866.74ms
step:181/3350 train_time:337.857s step_avg:1866.61ms
step:182/3350 train_time:339.700s step_avg:1866.48ms
step:183/3350 train_time:341.543s step_avg:1866.36ms
step:184/3350 train_time:343.386s step_avg:1866.23ms
step:185/3350 train_time:345.227s step_avg:1866.09ms
step:186/3350 train_time:347.070s step_avg:1865.97ms
step:187/3350 train_time:348.913s step_avg:1865.84ms
step:188/3350 train_time:350.756s step_avg:1865.72ms
step:189/3350 train_time:352.599s step_avg:1865.60ms
step:190/3350 train_time:354.443s step_avg:1865.49ms
step:191/3350 train_time:356.394s step_avg:1865.94ms
step:192/3350 train_time:358.235s step_avg:1865.81ms
step:193/3350 train_time:360.078s step_avg:1865.69ms
step:194/3350 train_time:361.920s step_avg:1865.57ms
step:195/3350 train_time:363.765s step_avg:1865.46ms
step:196/3350 train_time:365.608s step_avg:1865.35ms
step:197/3350 train_time:367.452s step_avg:1865.24ms
step:198/3350 train_time:369.295s step_avg:1865.12ms
step:199/3350 train_time:371.138s step_avg:1865.01ms
step:200/3350 train_time:373.273s step_avg:1866.36ms
step:201/3350 train_time:375.115s step_avg:1866.24ms
step:202/3350 train_time:376.956s step_avg:1866.12ms
step:203/3350 train_time:378.801s step_avg:1866.01ms
step:204/3350 train_time:380.644s step_avg:1865.90ms
step:205/3350 train_time:382.486s step_avg:1865.79ms
step:206/3350 train_time:384.328s step_avg:1865.67ms
step:207/3350 train_time:386.171s step_avg:1865.56ms
step:208/3350 train_time:388.015s step_avg:1865.46ms
step:209/3350 train_time:389.860s step_avg:1865.36ms
step:210/3350 train_time:391.703s step_avg:1865.25ms
step:211/3350 train_time:393.546s step_avg:1865.15ms
step:212/3350 train_time:395.390s step_avg:1865.05ms
step:213/3350 train_time:397.232s step_avg:1864.94ms
step:214/3350 train_time:399.075s step_avg:1864.84ms
step:215/3350 train_time:400.920s step_avg:1864.74ms
step:216/3350 train_time:402.761s step_avg:1864.63ms
step:217/3350 train_time:404.603s step_avg:1864.53ms
step:218/3350 train_time:406.445s step_avg:1864.43ms
step:219/3350 train_time:408.289s step_avg:1864.33ms
step:220/3350 train_time:410.132s step_avg:1864.24ms
step:221/3350 train_time:411.975s step_avg:1864.14ms
step:222/3350 train_time:413.818s step_avg:1864.04ms
step:223/3350 train_time:415.662s step_avg:1863.95ms
step:224/3350 train_time:417.502s step_avg:1863.85ms
step:225/3350 train_time:419.632s step_avg:1865.03ms
step:226/3350 train_time:421.475s step_avg:1864.93ms
step:227/3350 train_time:423.317s step_avg:1864.83ms
step:228/3350 train_time:425.161s step_avg:1864.74ms
step:229/3350 train_time:427.004s step_avg:1864.65ms
step:230/3350 train_time:428.846s step_avg:1864.55ms
step:231/3350 train_time:430.689s step_avg:1864.45ms
step:232/3350 train_time:432.530s step_avg:1864.36ms
step:233/3350 train_time:434.373s step_avg:1864.26ms
step:234/3350 train_time:436.215s step_avg:1864.17ms
step:235/3350 train_time:438.059s step_avg:1864.08ms
step:236/3350 train_time:439.902s step_avg:1863.99ms
step:237/3350 train_time:441.745s step_avg:1863.90ms
step:238/3350 train_time:443.589s step_avg:1863.82ms
step:239/3350 train_time:445.432s step_avg:1863.73ms
step:240/3350 train_time:447.277s step_avg:1863.65ms
step:241/3350 train_time:449.121s step_avg:1863.57ms
step:242/3350 train_time:450.964s step_avg:1863.49ms
step:243/3350 train_time:452.806s step_avg:1863.40ms
step:244/3350 train_time:454.648s step_avg:1863.31ms
step:245/3350 train_time:456.491s step_avg:1863.23ms
step:246/3350 train_time:458.333s step_avg:1863.14ms
step:247/3350 train_time:460.174s step_avg:1863.05ms
step:248/3350 train_time:462.015s step_avg:1862.97ms
step:249/3350 train_time:463.857s step_avg:1862.88ms
step:250/3350 train_time:466.036s step_avg:1864.15ms
step:250/3350 val_loss:4.08457 train_time:466.037s step_avg:1855.77ms
step:251/3350 train_time:467.880s step_avg:1864.06ms
step:252/3350 train_time:469.721s step_avg:1863.97ms
step:253/3350 train_time:471.564s step_avg:1863.89ms
step:254/3350 train_time:473.408s step_avg:1863.81ms
step:255/3350 train_time:475.251s step_avg:1863.73ms
step:256/3350 train_time:477.092s step_avg:1863.64ms
step:257/3350 train_time:478.936s step_avg:1863.56ms
step:258/3350 train_time:480.777s step_avg:1863.48ms
step:259/3350 train_time:482.620s step_avg:1863.40ms
step:260/3350 train_time:484.462s step_avg:1863.31ms
step:261/3350 train_time:486.304s step_avg:1863.23ms
step:262/3350 train_time:488.146s step_avg:1863.15ms
step:263/3350 train_time:489.989s step_avg:1863.07ms
step:264/3350 train_time:491.830s step_avg:1862.99ms
step:265/3350 train_time:493.673s step_avg:1862.92ms
step:266/3350 train_time:495.516s step_avg:1862.84ms
step:267/3350 train_time:497.358s step_avg:1862.76ms
step:268/3350 train_time:499.200s step_avg:1862.69ms
step:269/3350 train_time:501.041s step_avg:1862.61ms
step:270/3350 train_time:502.882s step_avg:1862.53ms
step:271/3350 train_time:504.725s step_avg:1862.45ms
step:272/3350 train_time:506.567s step_avg:1862.38ms
step:273/3350 train_time:508.408s step_avg:1862.30ms
step:274/3350 train_time:510.250s step_avg:1862.23ms
step:275/3350 train_time:512.367s step_avg:1863.15ms
step:276/3350 train_time:514.207s step_avg:1863.07ms
step:277/3350 train_time:516.049s step_avg:1862.99ms
step:278/3350 train_time:517.890s step_avg:1862.91ms
step:279/3350 train_time:519.733s step_avg:1862.84ms
step:280/3350 train_time:521.575s step_avg:1862.77ms
step:281/3350 train_time:523.416s step_avg:1862.69ms
step:282/3350 train_time:525.257s step_avg:1862.61ms
step:283/3350 train_time:527.100s step_avg:1862.54ms
step:284/3350 train_time:528.941s step_avg:1862.47ms
step:285/3350 train_time:530.783s step_avg:1862.40ms
step:286/3350 train_time:532.625s step_avg:1862.33ms
step:287/3350 train_time:534.470s step_avg:1862.26ms
step:288/3350 train_time:536.311s step_avg:1862.19ms
step:289/3350 train_time:538.154s step_avg:1862.12ms
step:290/3350 train_time:539.996s step_avg:1862.05ms
step:291/3350 train_time:541.840s step_avg:1861.99ms
step:292/3350 train_time:543.684s step_avg:1861.93ms
step:293/3350 train_time:545.528s step_avg:1861.87ms
step:294/3350 train_time:547.370s step_avg:1861.80ms
step:295/3350 train_time:549.213s step_avg:1861.74ms
step:296/3350 train_time:551.055s step_avg:1861.67ms
step:297/3350 train_time:552.900s step_avg:1861.61ms
step:298/3350 train_time:554.742s step_avg:1861.55ms
step:299/3350 train_time:556.586s step_avg:1861.49ms
step:300/3350 train_time:558.719s step_avg:1862.40ms
step:301/3350 train_time:560.560s step_avg:1862.32ms
step:302/3350 train_time:562.403s step_avg:1862.26ms
step:303/3350 train_time:564.245s step_avg:1862.19ms
step:304/3350 train_time:566.087s step_avg:1862.13ms
step:305/3350 train_time:567.928s step_avg:1862.06ms
step:306/3350 train_time:569.770s step_avg:1861.99ms
step:307/3350 train_time:571.612s step_avg:1861.93ms
step:308/3350 train_time:573.455s step_avg:1861.87ms
step:309/3350 train_time:575.296s step_avg:1861.80ms
step:310/3350 train_time:577.138s step_avg:1861.74ms
step:311/3350 train_time:578.980s step_avg:1861.67ms
step:312/3350 train_time:580.822s step_avg:1861.61ms
step:313/3350 train_time:582.664s step_avg:1861.55ms
step:314/3350 train_time:584.506s step_avg:1861.48ms
step:315/3350 train_time:586.348s step_avg:1861.42ms
step:316/3350 train_time:588.190s step_avg:1861.36ms
step:317/3350 train_time:590.033s step_avg:1861.30ms
step:318/3350 train_time:591.876s step_avg:1861.25ms
step:319/3350 train_time:593.719s step_avg:1861.19ms
step:320/3350 train_time:595.562s step_avg:1861.13ms
step:321/3350 train_time:597.403s step_avg:1861.07ms
step:322/3350 train_time:599.247s step_avg:1861.02ms
step:323/3350 train_time:601.090s step_avg:1860.96ms
step:324/3350 train_time:602.931s step_avg:1860.90ms
step:325/3350 train_time:605.052s step_avg:1861.70ms
step:326/3350 train_time:606.894s step_avg:1861.64ms
step:327/3350 train_time:608.735s step_avg:1861.58ms
step:328/3350 train_time:610.578s step_avg:1861.52ms
step:329/3350 train_time:612.419s step_avg:1861.46ms
step:330/3350 train_time:614.261s step_avg:1861.40ms
step:331/3350 train_time:616.106s step_avg:1861.35ms
step:332/3350 train_time:617.950s step_avg:1861.30ms
step:333/3350 train_time:619.790s step_avg:1861.23ms
step:334/3350 train_time:621.633s step_avg:1861.18ms
step:335/3350 train_time:623.476s step_avg:1861.12ms
step:336/3350 train_time:625.319s step_avg:1861.07ms
step:337/3350 train_time:627.160s step_avg:1861.01ms
step:338/3350 train_time:629.004s step_avg:1860.96ms
step:339/3350 train_time:630.845s step_avg:1860.90ms
step:340/3350 train_time:632.687s step_avg:1860.84ms
step:341/3350 train_time:634.528s step_avg:1860.79ms
step:342/3350 train_time:636.370s step_avg:1860.73ms
step:343/3350 train_time:638.212s step_avg:1860.68ms
step:344/3350 train_time:640.053s step_avg:1860.62ms
step:345/3350 train_time:641.896s step_avg:1860.57ms
step:346/3350 train_time:643.738s step_avg:1860.51ms
step:347/3350 train_time:645.580s step_avg:1860.46ms
step:348/3350 train_time:647.423s step_avg:1860.41ms
step:349/3350 train_time:649.266s step_avg:1860.36ms
step:350/3350 train_time:651.390s step_avg:1861.11ms
step:351/3350 train_time:653.232s step_avg:1861.06ms
step:352/3350 train_time:655.073s step_avg:1861.00ms
step:353/3350 train_time:656.915s step_avg:1860.95ms
step:354/3350 train_time:658.757s step_avg:1860.90ms
step:355/3350 train_time:660.600s step_avg:1860.84ms
step:356/3350 train_time:662.441s step_avg:1860.79ms
step:357/3350 train_time:664.282s step_avg:1860.73ms
step:358/3350 train_time:666.124s step_avg:1860.68ms
step:359/3350 train_time:667.966s step_avg:1860.63ms
step:360/3350 train_time:669.808s step_avg:1860.58ms
step:361/3350 train_time:671.651s step_avg:1860.53ms
step:362/3350 train_time:673.492s step_avg:1860.48ms
step:363/3350 train_time:675.334s step_avg:1860.42ms
step:364/3350 train_time:677.176s step_avg:1860.37ms
step:365/3350 train_time:679.017s step_avg:1860.32ms
step:366/3350 train_time:680.859s step_avg:1860.27ms
step:367/3350 train_time:682.701s step_avg:1860.22ms
step:368/3350 train_time:684.541s step_avg:1860.17ms
step:369/3350 train_time:686.383s step_avg:1860.12ms
step:370/3350 train_time:688.226s step_avg:1860.07ms
step:371/3350 train_time:690.069s step_avg:1860.02ms
step:372/3350 train_time:691.910s step_avg:1859.97ms
step:373/3350 train_time:693.752s step_avg:1859.92ms
step:374/3350 train_time:695.594s step_avg:1859.88ms
step:375/3350 train_time:697.780s step_avg:1860.75ms
step:375/3350 val_loss:3.90782 train_time:697.780s step_avg:1853.95ms
step:376/3350 train_time:699.623s step_avg:1860.70ms
step:377/3350 train_time:701.466s step_avg:1860.65ms
step:378/3350 train_time:703.308s step_avg:1860.60ms
step:379/3350 train_time:705.148s step_avg:1860.55ms
step:380/3350 train_time:706.990s step_avg:1860.50ms
step:381/3350 train_time:708.867s step_avg:1860.54ms
step:382/3350 train_time:710.708s step_avg:1860.49ms
step:383/3350 train_time:712.549s step_avg:1860.44ms
step:384/3350 train_time:714.390s step_avg:1860.39ms
step:385/3350 train_time:716.232s step_avg:1860.34ms
step:386/3350 train_time:718.073s step_avg:1860.29ms
step:387/3350 train_time:719.914s step_avg:1860.24ms
step:388/3350 train_time:721.756s step_avg:1860.20ms
step:389/3350 train_time:723.597s step_avg:1860.15ms
step:390/3350 train_time:725.439s step_avg:1860.10ms
step:391/3350 train_time:727.284s step_avg:1860.06ms
step:392/3350 train_time:729.126s step_avg:1860.01ms
step:393/3350 train_time:730.967s step_avg:1859.97ms
step:394/3350 train_time:732.810s step_avg:1859.92ms
step:395/3350 train_time:734.653s step_avg:1859.88ms
step:396/3350 train_time:736.497s step_avg:1859.84ms
step:397/3350 train_time:738.341s step_avg:1859.80ms
step:398/3350 train_time:740.185s step_avg:1859.76ms
step:399/3350 train_time:742.030s step_avg:1859.72ms
step:400/3350 train_time:744.169s step_avg:1860.42ms
step:401/3350 train_time:746.014s step_avg:1860.38ms
step:402/3350 train_time:747.857s step_avg:1860.34ms
step:403/3350 train_time:749.699s step_avg:1860.30ms
step:404/3350 train_time:751.543s step_avg:1860.25ms
step:405/3350 train_time:753.387s step_avg:1860.21ms
step:406/3350 train_time:755.228s step_avg:1860.17ms
step:407/3350 train_time:757.069s step_avg:1860.12ms
step:408/3350 train_time:758.911s step_avg:1860.08ms
step:409/3350 train_time:760.752s step_avg:1860.03ms
step:410/3350 train_time:762.593s step_avg:1859.98ms
step:411/3350 train_time:764.435s step_avg:1859.94ms
step:412/3350 train_time:766.276s step_avg:1859.89ms
step:413/3350 train_time:768.118s step_avg:1859.85ms
step:414/3350 train_time:769.960s step_avg:1859.81ms
step:415/3350 train_time:771.802s step_avg:1859.76ms
step:416/3350 train_time:773.642s step_avg:1859.72ms
step:417/3350 train_time:775.482s step_avg:1859.67ms
step:418/3350 train_time:777.321s step_avg:1859.62ms
step:419/3350 train_time:779.164s step_avg:1859.58ms
step:420/3350 train_time:781.004s step_avg:1859.53ms
step:421/3350 train_time:782.845s step_avg:1859.49ms
step:422/3350 train_time:784.685s step_avg:1859.44ms
step:423/3350 train_time:786.527s step_avg:1859.40ms
step:424/3350 train_time:788.369s step_avg:1859.36ms
step:425/3350 train_time:790.486s step_avg:1859.97ms
step:426/3350 train_time:792.327s step_avg:1859.92ms
step:427/3350 train_time:794.168s step_avg:1859.88ms
step:428/3350 train_time:796.008s step_avg:1859.83ms
step:429/3350 train_time:797.850s step_avg:1859.79ms
step:430/3350 train_time:799.692s step_avg:1859.75ms
step:431/3350 train_time:801.533s step_avg:1859.71ms
step:432/3350 train_time:803.373s step_avg:1859.66ms
step:433/3350 train_time:805.213s step_avg:1859.61ms
step:434/3350 train_time:807.054s step_avg:1859.57ms
step:435/3350 train_time:808.895s step_avg:1859.53ms
step:436/3350 train_time:810.736s step_avg:1859.49ms
step:437/3350 train_time:812.576s step_avg:1859.44ms
step:438/3350 train_time:814.417s step_avg:1859.40ms
step:439/3350 train_time:816.257s step_avg:1859.36ms
step:440/3350 train_time:818.097s step_avg:1859.31ms
step:441/3350 train_time:819.937s step_avg:1859.27ms
step:442/3350 train_time:821.779s step_avg:1859.23ms
step:443/3350 train_time:823.620s step_avg:1859.19ms
step:444/3350 train_time:825.460s step_avg:1859.14ms
step:445/3350 train_time:827.301s step_avg:1859.10ms
step:446/3350 train_time:829.142s step_avg:1859.06ms
step:447/3350 train_time:830.983s step_avg:1859.02ms
step:448/3350 train_time:832.826s step_avg:1858.99ms
step:449/3350 train_time:834.666s step_avg:1858.95ms
step:450/3350 train_time:836.784s step_avg:1859.52ms
step:451/3350 train_time:838.624s step_avg:1859.48ms
step:452/3350 train_time:840.464s step_avg:1859.43ms
step:453/3350 train_time:842.305s step_avg:1859.39ms
step:454/3350 train_time:844.147s step_avg:1859.35ms
step:455/3350 train_time:845.988s step_avg:1859.31ms
step:456/3350 train_time:847.827s step_avg:1859.27ms
step:457/3350 train_time:849.667s step_avg:1859.23ms
step:458/3350 train_time:851.508s step_avg:1859.19ms
step:459/3350 train_time:853.349s step_avg:1859.15ms
step:460/3350 train_time:855.190s step_avg:1859.11ms
step:461/3350 train_time:857.033s step_avg:1859.07ms
step:462/3350 train_time:858.873s step_avg:1859.03ms
step:463/3350 train_time:860.714s step_avg:1858.99ms
step:464/3350 train_time:862.555s step_avg:1858.95ms
step:465/3350 train_time:864.396s step_avg:1858.92ms
step:466/3350 train_time:866.236s step_avg:1858.87ms
step:467/3350 train_time:868.077s step_avg:1858.84ms
step:468/3350 train_time:869.917s step_avg:1858.80ms
step:469/3350 train_time:871.757s step_avg:1858.76ms
step:470/3350 train_time:873.597s step_avg:1858.72ms
step:471/3350 train_time:875.438s step_avg:1858.68ms
step:472/3350 train_time:877.278s step_avg:1858.64ms
step:473/3350 train_time:879.118s step_avg:1858.60ms
step:474/3350 train_time:880.960s step_avg:1858.57ms
step:475/3350 train_time:883.087s step_avg:1859.13ms
step:476/3350 train_time:884.929s step_avg:1859.09ms
step:477/3350 train_time:886.771s step_avg:1859.06ms
step:478/3350 train_time:888.615s step_avg:1859.03ms
step:479/3350 train_time:890.456s step_avg:1858.99ms
step:480/3350 train_time:892.297s step_avg:1858.95ms
step:481/3350 train_time:894.138s step_avg:1858.92ms
step:482/3350 train_time:895.979s step_avg:1858.88ms
step:483/3350 train_time:897.821s step_avg:1858.84ms
step:484/3350 train_time:899.662s step_avg:1858.81ms
step:485/3350 train_time:901.504s step_avg:1858.77ms
step:486/3350 train_time:903.346s step_avg:1858.74ms
step:487/3350 train_time:905.188s step_avg:1858.70ms
step:488/3350 train_time:907.032s step_avg:1858.67ms
step:489/3350 train_time:908.874s step_avg:1858.64ms
step:490/3350 train_time:910.715s step_avg:1858.60ms
step:491/3350 train_time:912.558s step_avg:1858.57ms
step:492/3350 train_time:914.399s step_avg:1858.53ms
step:493/3350 train_time:916.239s step_avg:1858.50ms
step:494/3350 train_time:918.080s step_avg:1858.46ms
step:495/3350 train_time:919.919s step_avg:1858.42ms
step:496/3350 train_time:921.761s step_avg:1858.39ms
step:497/3350 train_time:923.601s step_avg:1858.35ms
step:498/3350 train_time:925.442s step_avg:1858.32ms
step:499/3350 train_time:927.282s step_avg:1858.28ms
step:500/3350 train_time:929.474s step_avg:1858.95ms
step:500/3350 val_loss:3.80968 train_time:929.474s step_avg:1853.55ms
step:501/3350 train_time:931.316s step_avg:1858.91ms
step:502/3350 train_time:933.158s step_avg:1858.88ms
step:503/3350 train_time:934.999s step_avg:1858.84ms
step:504/3350 train_time:936.840s step_avg:1858.81ms
step:505/3350 train_time:938.681s step_avg:1858.77ms
step:506/3350 train_time:940.521s step_avg:1858.74ms
step:507/3350 train_time:942.362s step_avg:1858.70ms
step:508/3350 train_time:944.205s step_avg:1858.67ms
step:509/3350 train_time:946.047s step_avg:1858.64ms
step:510/3350 train_time:947.888s step_avg:1858.60ms
step:511/3350 train_time:949.729s step_avg:1858.57ms
step:512/3350 train_time:951.572s step_avg:1858.54ms
step:513/3350 train_time:953.414s step_avg:1858.51ms
step:514/3350 train_time:955.256s step_avg:1858.48ms
step:515/3350 train_time:957.096s step_avg:1858.44ms
step:516/3350 train_time:958.936s step_avg:1858.40ms
step:517/3350 train_time:960.779s step_avg:1858.37ms
step:518/3350 train_time:962.620s step_avg:1858.34ms
step:519/3350 train_time:964.461s step_avg:1858.31ms
step:520/3350 train_time:966.303s step_avg:1858.27ms
step:521/3350 train_time:968.144s step_avg:1858.24ms
step:522/3350 train_time:969.984s step_avg:1858.21ms
step:523/3350 train_time:971.826s step_avg:1858.18ms
step:524/3350 train_time:973.664s step_avg:1858.14ms
step:525/3350 train_time:975.779s step_avg:1858.63ms
step:526/3350 train_time:977.620s step_avg:1858.59ms
step:527/3350 train_time:979.460s step_avg:1858.56ms
step:528/3350 train_time:981.301s step_avg:1858.52ms
step:529/3350 train_time:983.141s step_avg:1858.49ms
step:530/3350 train_time:984.981s step_avg:1858.45ms
step:531/3350 train_time:986.822s step_avg:1858.42ms
step:532/3350 train_time:988.663s step_avg:1858.39ms
step:533/3350 train_time:990.503s step_avg:1858.36ms
step:534/3350 train_time:992.344s step_avg:1858.32ms
step:535/3350 train_time:994.184s step_avg:1858.29ms
step:536/3350 train_time:996.027s step_avg:1858.26ms
step:537/3350 train_time:997.868s step_avg:1858.23ms
step:538/3350 train_time:999.709s step_avg:1858.19ms
step:539/3350 train_time:1001.550s step_avg:1858.16ms
step:540/3350 train_time:1003.390s step_avg:1858.13ms
step:541/3350 train_time:1005.231s step_avg:1858.10ms
step:542/3350 train_time:1007.071s step_avg:1858.06ms
step:543/3350 train_time:1008.912s step_avg:1858.03ms
step:544/3350 train_time:1010.753s step_avg:1858.00ms
step:545/3350 train_time:1012.595s step_avg:1857.97ms
step:546/3350 train_time:1014.435s step_avg:1857.94ms
step:547/3350 train_time:1016.276s step_avg:1857.91ms
step:548/3350 train_time:1018.117s step_avg:1857.88ms
step:549/3350 train_time:1019.958s step_avg:1857.85ms
step:550/3350 train_time:1022.074s step_avg:1858.32ms
step:551/3350 train_time:1023.914s step_avg:1858.28ms
step:552/3350 train_time:1025.754s step_avg:1858.25ms
step:553/3350 train_time:1027.594s step_avg:1858.22ms
step:554/3350 train_time:1029.434s step_avg:1858.18ms
step:555/3350 train_time:1031.276s step_avg:1858.15ms
step:556/3350 train_time:1033.116s step_avg:1858.12ms
step:557/3350 train_time:1034.957s step_avg:1858.09ms
step:558/3350 train_time:1036.798s step_avg:1858.06ms
step:559/3350 train_time:1038.638s step_avg:1858.03ms
step:560/3350 train_time:1040.480s step_avg:1858.00ms
step:561/3350 train_time:1042.320s step_avg:1857.97ms
step:562/3350 train_time:1044.160s step_avg:1857.94ms
step:563/3350 train_time:1046.002s step_avg:1857.91ms
step:564/3350 train_time:1047.842s step_avg:1857.88ms
step:565/3350 train_time:1049.682s step_avg:1857.84ms
step:566/3350 train_time:1051.522s step_avg:1857.81ms
step:567/3350 train_time:1053.362s step_avg:1857.78ms
step:568/3350 train_time:1055.205s step_avg:1857.76ms
step:569/3350 train_time:1057.046s step_avg:1857.73ms
step:570/3350 train_time:1058.888s step_avg:1857.70ms
step:571/3350 train_time:1060.769s step_avg:1857.74ms
step:572/3350 train_time:1062.611s step_avg:1857.71ms
step:573/3350 train_time:1064.450s step_avg:1857.68ms
step:574/3350 train_time:1066.290s step_avg:1857.65ms
step:575/3350 train_time:1068.406s step_avg:1858.10ms
step:576/3350 train_time:1070.247s step_avg:1858.07ms
step:577/3350 train_time:1072.091s step_avg:1858.04ms
step:578/3350 train_time:1073.933s step_avg:1858.02ms
step:579/3350 train_time:1075.772s step_avg:1857.98ms
step:580/3350 train_time:1077.612s step_avg:1857.95ms
step:581/3350 train_time:1079.454s step_avg:1857.92ms
step:582/3350 train_time:1081.296s step_avg:1857.90ms
step:583/3350 train_time:1083.138s step_avg:1857.87ms
step:584/3350 train_time:1084.980s step_avg:1857.84ms
step:585/3350 train_time:1086.824s step_avg:1857.82ms
step:586/3350 train_time:1088.665s step_avg:1857.79ms
step:587/3350 train_time:1090.507s step_avg:1857.76ms
step:588/3350 train_time:1092.350s step_avg:1857.74ms
step:589/3350 train_time:1094.193s step_avg:1857.71ms
step:590/3350 train_time:1096.035s step_avg:1857.69ms
step:591/3350 train_time:1097.878s step_avg:1857.66ms
step:592/3350 train_time:1099.720s step_avg:1857.64ms
step:593/3350 train_time:1101.564s step_avg:1857.61ms
step:594/3350 train_time:1103.405s step_avg:1857.58ms
step:595/3350 train_time:1105.245s step_avg:1857.55ms
step:596/3350 train_time:1107.088s step_avg:1857.53ms
step:597/3350 train_time:1108.930s step_avg:1857.50ms
step:598/3350 train_time:1110.774s step_avg:1857.48ms
step:599/3350 train_time:1112.616s step_avg:1857.46ms
step:600/3350 train_time:1114.753s step_avg:1857.92ms
step:601/3350 train_time:1116.595s step_avg:1857.89ms
step:602/3350 train_time:1118.438s step_avg:1857.87ms
step:603/3350 train_time:1120.280s step_avg:1857.84ms
step:604/3350 train_time:1122.122s step_avg:1857.82ms
step:605/3350 train_time:1123.964s step_avg:1857.79ms
step:606/3350 train_time:1125.806s step_avg:1857.77ms
step:607/3350 train_time:1127.647s step_avg:1857.74ms
step:608/3350 train_time:1129.489s step_avg:1857.71ms
step:609/3350 train_time:1131.331s step_avg:1857.69ms
step:610/3350 train_time:1133.176s step_avg:1857.67ms
step:611/3350 train_time:1135.019s step_avg:1857.64ms
step:612/3350 train_time:1136.860s step_avg:1857.61ms
step:613/3350 train_time:1138.703s step_avg:1857.59ms
step:614/3350 train_time:1140.546s step_avg:1857.57ms
step:615/3350 train_time:1142.390s step_avg:1857.54ms
step:616/3350 train_time:1144.234s step_avg:1857.52ms
step:617/3350 train_time:1146.076s step_avg:1857.50ms
step:618/3350 train_time:1147.921s step_avg:1857.48ms
step:619/3350 train_time:1149.764s step_avg:1857.45ms
step:620/3350 train_time:1151.604s step_avg:1857.43ms
step:621/3350 train_time:1153.449s step_avg:1857.41ms
step:622/3350 train_time:1155.290s step_avg:1857.38ms
step:623/3350 train_time:1157.132s step_avg:1857.35ms
step:624/3350 train_time:1158.975s step_avg:1857.33ms
step:625/3350 train_time:1161.171s step_avg:1857.87ms
step:625/3350 val_loss:3.73924 train_time:1161.172s step_avg:1853.58ms
step:626/3350 train_time:1163.014s step_avg:1857.85ms
step:627/3350 train_time:1164.859s step_avg:1857.83ms
step:628/3350 train_time:1166.702s step_avg:1857.81ms
step:629/3350 train_time:1168.546s step_avg:1857.78ms
step:630/3350 train_time:1170.388s step_avg:1857.76ms
step:631/3350 train_time:1172.231s step_avg:1857.73ms
step:632/3350 train_time:1174.075s step_avg:1857.71ms
step:633/3350 train_time:1175.916s step_avg:1857.69ms
step:634/3350 train_time:1177.760s step_avg:1857.67ms
step:635/3350 train_time:1179.602s step_avg:1857.64ms
step:636/3350 train_time:1181.444s step_avg:1857.62ms
step:637/3350 train_time:1183.287s step_avg:1857.59ms
step:638/3350 train_time:1185.130s step_avg:1857.57ms
step:639/3350 train_time:1186.973s step_avg:1857.55ms
step:640/3350 train_time:1188.815s step_avg:1857.52ms
step:641/3350 train_time:1190.657s step_avg:1857.50ms
step:642/3350 train_time:1192.500s step_avg:1857.48ms
step:643/3350 train_time:1194.342s step_avg:1857.45ms
step:644/3350 train_time:1196.184s step_avg:1857.43ms
step:645/3350 train_time:1198.028s step_avg:1857.41ms
step:646/3350 train_time:1199.869s step_avg:1857.38ms
step:647/3350 train_time:1201.712s step_avg:1857.36ms
step:648/3350 train_time:1203.553s step_avg:1857.33ms
step:649/3350 train_time:1205.394s step_avg:1857.31ms
step:650/3350 train_time:1207.523s step_avg:1857.73ms
step:651/3350 train_time:1209.365s step_avg:1857.70ms
step:652/3350 train_time:1211.206s step_avg:1857.68ms
step:653/3350 train_time:1213.049s step_avg:1857.66ms
step:654/3350 train_time:1214.891s step_avg:1857.63ms
step:655/3350 train_time:1216.734s step_avg:1857.61ms
step:656/3350 train_time:1218.576s step_avg:1857.58ms
step:657/3350 train_time:1220.417s step_avg:1857.56ms
step:658/3350 train_time:1222.259s step_avg:1857.54ms
step:659/3350 train_time:1224.101s step_avg:1857.51ms
step:660/3350 train_time:1225.943s step_avg:1857.49ms
step:661/3350 train_time:1227.784s step_avg:1857.46ms
step:662/3350 train_time:1229.625s step_avg:1857.44ms
step:663/3350 train_time:1231.467s step_avg:1857.42ms
step:664/3350 train_time:1233.309s step_avg:1857.39ms
step:665/3350 train_time:1235.149s step_avg:1857.37ms
step:666/3350 train_time:1236.990s step_avg:1857.34ms
step:667/3350 train_time:1238.831s step_avg:1857.32ms
step:668/3350 train_time:1240.673s step_avg:1857.30ms
step:669/3350 train_time:1242.514s step_avg:1857.27ms
step:670/3350 train_time:1244.360s step_avg:1857.25ms
step:671/3350 train_time:1246.202s step_avg:1857.23ms
step:672/3350 train_time:1248.044s step_avg:1857.21ms
step:673/3350 train_time:1249.885s step_avg:1857.18ms
step:674/3350 train_time:1251.727s step_avg:1857.16ms
step:675/3350 train_time:1253.844s step_avg:1857.55ms
step:676/3350 train_time:1255.684s step_avg:1857.52ms
step:677/3350 train_time:1257.524s step_avg:1857.50ms
step:678/3350 train_time:1259.366s step_avg:1857.47ms
step:679/3350 train_time:1261.206s step_avg:1857.45ms
step:680/3350 train_time:1263.047s step_avg:1857.42ms
step:681/3350 train_time:1264.889s step_avg:1857.40ms
step:682/3350 train_time:1266.730s step_avg:1857.38ms
step:683/3350 train_time:1268.571s step_avg:1857.35ms
step:684/3350 train_time:1270.414s step_avg:1857.33ms
step:685/3350 train_time:1272.255s step_avg:1857.31ms
step:686/3350 train_time:1274.097s step_avg:1857.28ms
step:687/3350 train_time:1275.937s step_avg:1857.26ms
step:688/3350 train_time:1277.779s step_avg:1857.24ms
step:689/3350 train_time:1279.620s step_avg:1857.21ms
step:690/3350 train_time:1281.461s step_avg:1857.19ms
step:691/3350 train_time:1283.302s step_avg:1857.17ms
step:692/3350 train_time:1285.143s step_avg:1857.14ms
step:693/3350 train_time:1286.984s step_avg:1857.12ms
step:694/3350 train_time:1288.826s step_avg:1857.10ms
step:695/3350 train_time:1290.669s step_avg:1857.08ms
step:696/3350 train_time:1292.513s step_avg:1857.06ms
step:697/3350 train_time:1294.354s step_avg:1857.04ms
step:698/3350 train_time:1296.194s step_avg:1857.01ms
step:699/3350 train_time:1298.036s step_avg:1856.99ms
step:700/3350 train_time:1300.170s step_avg:1857.39ms
step:701/3350 train_time:1302.011s step_avg:1857.36ms
step:702/3350 train_time:1303.851s step_avg:1857.34ms
step:703/3350 train_time:1305.691s step_avg:1857.31ms
step:704/3350 train_time:1307.532s step_avg:1857.29ms
step:705/3350 train_time:1309.370s step_avg:1857.26ms
step:706/3350 train_time:1311.211s step_avg:1857.24ms
step:707/3350 train_time:1313.054s step_avg:1857.22ms
step:708/3350 train_time:1314.894s step_avg:1857.20ms
step:709/3350 train_time:1316.735s step_avg:1857.17ms
step:710/3350 train_time:1318.576s step_avg:1857.15ms
step:711/3350 train_time:1320.418s step_avg:1857.13ms
step:712/3350 train_time:1322.260s step_avg:1857.11ms
step:713/3350 train_time:1324.103s step_avg:1857.09ms
step:714/3350 train_time:1325.944s step_avg:1857.06ms
step:715/3350 train_time:1327.785s step_avg:1857.04ms
step:716/3350 train_time:1329.626s step_avg:1857.02ms
step:717/3350 train_time:1331.468s step_avg:1857.00ms
step:718/3350 train_time:1333.312s step_avg:1856.98ms
step:719/3350 train_time:1335.153s step_avg:1856.96ms
step:720/3350 train_time:1336.994s step_avg:1856.94ms
step:721/3350 train_time:1338.836s step_avg:1856.92ms
step:722/3350 train_time:1340.679s step_avg:1856.90ms
step:723/3350 train_time:1342.521s step_avg:1856.87ms
step:724/3350 train_time:1344.361s step_avg:1856.85ms
step:725/3350 train_time:1346.485s step_avg:1857.22ms
step:726/3350 train_time:1348.326s step_avg:1857.20ms
step:727/3350 train_time:1350.166s step_avg:1857.18ms
step:728/3350 train_time:1352.008s step_avg:1857.15ms
step:729/3350 train_time:1353.849s step_avg:1857.13ms
step:730/3350 train_time:1355.687s step_avg:1857.11ms
step:731/3350 train_time:1357.530s step_avg:1857.09ms
step:732/3350 train_time:1359.370s step_avg:1857.06ms
step:733/3350 train_time:1361.213s step_avg:1857.04ms
step:734/3350 train_time:1363.054s step_avg:1857.02ms
step:735/3350 train_time:1364.895s step_avg:1857.00ms
step:736/3350 train_time:1366.735s step_avg:1856.98ms
step:737/3350 train_time:1368.576s step_avg:1856.96ms
step:738/3350 train_time:1370.418s step_avg:1856.93ms
step:739/3350 train_time:1372.259s step_avg:1856.91ms
step:740/3350 train_time:1374.101s step_avg:1856.89ms
step:741/3350 train_time:1375.941s step_avg:1856.87ms
step:742/3350 train_time:1377.782s step_avg:1856.85ms
step:743/3350 train_time:1379.622s step_avg:1856.83ms
step:744/3350 train_time:1381.461s step_avg:1856.80ms
step:745/3350 train_time:1383.300s step_avg:1856.78ms
step:746/3350 train_time:1385.142s step_avg:1856.76ms
step:747/3350 train_time:1386.982s step_avg:1856.74ms
step:748/3350 train_time:1388.823s step_avg:1856.72ms
step:749/3350 train_time:1390.665s step_avg:1856.70ms
step:750/3350 train_time:1392.852s step_avg:1857.14ms
step:750/3350 val_loss:3.69538 train_time:1392.852s step_avg:1853.45ms
step:751/3350 train_time:1394.694s step_avg:1857.12ms
step:752/3350 train_time:1396.534s step_avg:1857.09ms
step:753/3350 train_time:1398.376s step_avg:1857.07ms
step:754/3350 train_time:1400.218s step_avg:1857.05ms
step:755/3350 train_time:1402.060s step_avg:1857.03ms
step:756/3350 train_time:1403.900s step_avg:1857.01ms
step:757/3350 train_time:1405.743s step_avg:1856.99ms
step:758/3350 train_time:1407.585s step_avg:1856.97ms
step:759/3350 train_time:1409.428s step_avg:1856.95ms
step:760/3350 train_time:1411.270s step_avg:1856.93ms
step:761/3350 train_time:1413.152s step_avg:1856.97ms
step:762/3350 train_time:1414.994s step_avg:1856.95ms
step:763/3350 train_time:1416.834s step_avg:1856.93ms
step:764/3350 train_time:1418.675s step_avg:1856.90ms
step:765/3350 train_time:1420.517s step_avg:1856.88ms
step:766/3350 train_time:1422.359s step_avg:1856.87ms
step:767/3350 train_time:1424.200s step_avg:1856.84ms
step:768/3350 train_time:1426.041s step_avg:1856.82ms
step:769/3350 train_time:1427.881s step_avg:1856.80ms
step:770/3350 train_time:1429.722s step_avg:1856.78ms
step:771/3350 train_time:1431.564s step_avg:1856.76ms
step:772/3350 train_time:1433.406s step_avg:1856.74ms
step:773/3350 train_time:1435.246s step_avg:1856.72ms
step:774/3350 train_time:1437.087s step_avg:1856.70ms
step:775/3350 train_time:1439.213s step_avg:1857.05ms
step:776/3350 train_time:1441.055s step_avg:1857.03ms
step:777/3350 train_time:1442.894s step_avg:1857.01ms
step:778/3350 train_time:1444.735s step_avg:1856.99ms
step:779/3350 train_time:1446.575s step_avg:1856.96ms
step:780/3350 train_time:1448.416s step_avg:1856.94ms
step:781/3350 train_time:1450.257s step_avg:1856.92ms
step:782/3350 train_time:1452.097s step_avg:1856.90ms
step:783/3350 train_time:1453.938s step_avg:1856.88ms
step:784/3350 train_time:1455.779s step_avg:1856.86ms
step:785/3350 train_time:1457.619s step_avg:1856.84ms
step:786/3350 train_time:1459.460s step_avg:1856.82ms
step:787/3350 train_time:1461.300s step_avg:1856.80ms
step:788/3350 train_time:1463.142s step_avg:1856.78ms
step:789/3350 train_time:1464.982s step_avg:1856.76ms
step:790/3350 train_time:1466.822s step_avg:1856.74ms
step:791/3350 train_time:1468.666s step_avg:1856.72ms
step:792/3350 train_time:1470.507s step_avg:1856.70ms
step:793/3350 train_time:1472.347s step_avg:1856.68ms
step:794/3350 train_time:1474.188s step_avg:1856.66ms
step:795/3350 train_time:1476.028s step_avg:1856.64ms
step:796/3350 train_time:1477.870s step_avg:1856.62ms
step:797/3350 train_time:1479.711s step_avg:1856.60ms
step:798/3350 train_time:1481.552s step_avg:1856.58ms
step:799/3350 train_time:1483.394s step_avg:1856.56ms
step:800/3350 train_time:1485.528s step_avg:1856.91ms
step:801/3350 train_time:1487.369s step_avg:1856.89ms
step:802/3350 train_time:1489.210s step_avg:1856.87ms
step:803/3350 train_time:1491.050s step_avg:1856.85ms
step:804/3350 train_time:1492.892s step_avg:1856.83ms
step:805/3350 train_time:1494.733s step_avg:1856.81ms
step:806/3350 train_time:1496.573s step_avg:1856.79ms
step:807/3350 train_time:1498.414s step_avg:1856.77ms
step:808/3350 train_time:1500.254s step_avg:1856.75ms
step:809/3350 train_time:1502.095s step_avg:1856.73ms
step:810/3350 train_time:1503.935s step_avg:1856.71ms
step:811/3350 train_time:1505.775s step_avg:1856.69ms
step:812/3350 train_time:1507.616s step_avg:1856.67ms
step:813/3350 train_time:1509.457s step_avg:1856.65ms
step:814/3350 train_time:1511.300s step_avg:1856.63ms
step:815/3350 train_time:1513.140s step_avg:1856.61ms
step:816/3350 train_time:1514.980s step_avg:1856.59ms
step:817/3350 train_time:1516.823s step_avg:1856.58ms
step:818/3350 train_time:1518.664s step_avg:1856.56ms
step:819/3350 train_time:1520.505s step_avg:1856.54ms
step:820/3350 train_time:1522.346s step_avg:1856.52ms
step:821/3350 train_time:1524.186s step_avg:1856.50ms
step:822/3350 train_time:1526.027s step_avg:1856.48ms
step:823/3350 train_time:1527.868s step_avg:1856.46ms
step:824/3350 train_time:1529.708s step_avg:1856.44ms
step:825/3350 train_time:1531.832s step_avg:1856.77ms
step:826/3350 train_time:1533.672s step_avg:1856.75ms
step:827/3350 train_time:1535.512s step_avg:1856.73ms
step:828/3350 train_time:1537.354s step_avg:1856.71ms
step:829/3350 train_time:1539.196s step_avg:1856.69ms
step:830/3350 train_time:1541.038s step_avg:1856.67ms
step:831/3350 train_time:1542.879s step_avg:1856.65ms
step:832/3350 train_time:1544.720s step_avg:1856.64ms
step:833/3350 train_time:1546.563s step_avg:1856.62ms
step:834/3350 train_time:1548.406s step_avg:1856.60ms
step:835/3350 train_time:1550.247s step_avg:1856.58ms
step:836/3350 train_time:1552.087s step_avg:1856.56ms
step:837/3350 train_time:1553.927s step_avg:1856.54ms
step:838/3350 train_time:1555.768s step_avg:1856.52ms
step:839/3350 train_time:1557.609s step_avg:1856.51ms
step:840/3350 train_time:1559.449s step_avg:1856.49ms
step:841/3350 train_time:1561.292s step_avg:1856.47ms
step:842/3350 train_time:1563.133s step_avg:1856.45ms
step:843/3350 train_time:1564.974s step_avg:1856.43ms
step:844/3350 train_time:1566.815s step_avg:1856.42ms
step:845/3350 train_time:1568.656s step_avg:1856.40ms
step:846/3350 train_time:1570.498s step_avg:1856.38ms
step:847/3350 train_time:1572.339s step_avg:1856.36ms
step:848/3350 train_time:1574.180s step_avg:1856.34ms
step:849/3350 train_time:1576.021s step_avg:1856.33ms
step:850/3350 train_time:1578.143s step_avg:1856.64ms
step:851/3350 train_time:1579.983s step_avg:1856.62ms
step:852/3350 train_time:1581.824s step_avg:1856.60ms
step:853/3350 train_time:1583.665s step_avg:1856.58ms
step:854/3350 train_time:1585.506s step_avg:1856.56ms
step:855/3350 train_time:1587.348s step_avg:1856.55ms
step:856/3350 train_time:1589.189s step_avg:1856.53ms
step:857/3350 train_time:1591.031s step_avg:1856.51ms
step:858/3350 train_time:1592.872s step_avg:1856.49ms
step:859/3350 train_time:1594.714s step_avg:1856.48ms
step:860/3350 train_time:1596.556s step_avg:1856.46ms
step:861/3350 train_time:1598.396s step_avg:1856.44ms
step:862/3350 train_time:1600.236s step_avg:1856.42ms
step:863/3350 train_time:1602.076s step_avg:1856.40ms
step:864/3350 train_time:1603.916s step_avg:1856.38ms
step:865/3350 train_time:1605.756s step_avg:1856.37ms
step:866/3350 train_time:1607.596s step_avg:1856.35ms
step:867/3350 train_time:1609.437s step_avg:1856.33ms
step:868/3350 train_time:1611.277s step_avg:1856.31ms
step:869/3350 train_time:1613.117s step_avg:1856.29ms
step:870/3350 train_time:1614.957s step_avg:1856.27ms
step:871/3350 train_time:1616.797s step_avg:1856.25ms
step:872/3350 train_time:1618.636s step_avg:1856.23ms
step:873/3350 train_time:1620.476s step_avg:1856.22ms
step:874/3350 train_time:1622.316s step_avg:1856.20ms
step:875/3350 train_time:1624.497s step_avg:1856.57ms
step:875/3350 val_loss:3.65821 train_time:1624.497s step_avg:1853.16ms
step:876/3350 train_time:1626.337s step_avg:1856.55ms
step:877/3350 train_time:1628.180s step_avg:1856.53ms
step:878/3350 train_time:1630.019s step_avg:1856.51ms
step:879/3350 train_time:1631.861s step_avg:1856.50ms
step:880/3350 train_time:1633.701s step_avg:1856.48ms
step:881/3350 train_time:1635.541s step_avg:1856.46ms
step:882/3350 train_time:1637.382s step_avg:1856.44ms
step:883/3350 train_time:1639.224s step_avg:1856.43ms
step:884/3350 train_time:1641.063s step_avg:1856.41ms
step:885/3350 train_time:1642.903s step_avg:1856.39ms
step:886/3350 train_time:1644.742s step_avg:1856.37ms
step:887/3350 train_time:1646.584s step_avg:1856.35ms
step:888/3350 train_time:1648.423s step_avg:1856.33ms
step:889/3350 train_time:1650.262s step_avg:1856.31ms
step:890/3350 train_time:1652.102s step_avg:1856.29ms
step:891/3350 train_time:1653.943s step_avg:1856.28ms
step:892/3350 train_time:1655.783s step_avg:1856.26ms
step:893/3350 train_time:1657.622s step_avg:1856.24ms
step:894/3350 train_time:1659.462s step_avg:1856.22ms
step:895/3350 train_time:1661.303s step_avg:1856.20ms
step:896/3350 train_time:1663.143s step_avg:1856.19ms
step:897/3350 train_time:1664.982s step_avg:1856.17ms
step:898/3350 train_time:1666.822s step_avg:1856.15ms
step:899/3350 train_time:1668.662s step_avg:1856.13ms
step:900/3350 train_time:1670.788s step_avg:1856.43ms
step:901/3350 train_time:1672.628s step_avg:1856.41ms
step:902/3350 train_time:1674.467s step_avg:1856.39ms
step:903/3350 train_time:1676.307s step_avg:1856.38ms
step:904/3350 train_time:1678.145s step_avg:1856.36ms
step:905/3350 train_time:1679.984s step_avg:1856.34ms
step:906/3350 train_time:1681.825s step_avg:1856.32ms
step:907/3350 train_time:1683.664s step_avg:1856.30ms
step:908/3350 train_time:1685.504s step_avg:1856.28ms
step:909/3350 train_time:1687.344s step_avg:1856.26ms
step:910/3350 train_time:1689.184s step_avg:1856.25ms
step:911/3350 train_time:1691.024s step_avg:1856.23ms
step:912/3350 train_time:1692.865s step_avg:1856.21ms
step:913/3350 train_time:1694.704s step_avg:1856.19ms
step:914/3350 train_time:1696.547s step_avg:1856.18ms
step:915/3350 train_time:1698.389s step_avg:1856.16ms
step:916/3350 train_time:1700.230s step_avg:1856.15ms
step:917/3350 train_time:1702.071s step_avg:1856.13ms
step:918/3350 train_time:1703.910s step_avg:1856.11ms
step:919/3350 train_time:1705.751s step_avg:1856.09ms
step:920/3350 train_time:1707.590s step_avg:1856.08ms
step:921/3350 train_time:1709.430s step_avg:1856.06ms
step:922/3350 train_time:1711.270s step_avg:1856.04ms
step:923/3350 train_time:1713.110s step_avg:1856.02ms
step:924/3350 train_time:1714.950s step_avg:1856.01ms
step:925/3350 train_time:1717.064s step_avg:1856.29ms
step:926/3350 train_time:1718.903s step_avg:1856.27ms
step:927/3350 train_time:1720.743s step_avg:1856.25ms
step:928/3350 train_time:1722.582s step_avg:1856.23ms
step:929/3350 train_time:1724.423s step_avg:1856.21ms
step:930/3350 train_time:1726.262s step_avg:1856.20ms
step:931/3350 train_time:1728.104s step_avg:1856.18ms
step:932/3350 train_time:1729.944s step_avg:1856.16ms
step:933/3350 train_time:1731.783s step_avg:1856.15ms
step:934/3350 train_time:1733.624s step_avg:1856.13ms
step:935/3350 train_time:1735.463s step_avg:1856.11ms
step:936/3350 train_time:1737.304s step_avg:1856.09ms
step:937/3350 train_time:1739.144s step_avg:1856.08ms
step:938/3350 train_time:1740.985s step_avg:1856.06ms
step:939/3350 train_time:1742.825s step_avg:1856.04ms
step:940/3350 train_time:1744.665s step_avg:1856.03ms
step:941/3350 train_time:1746.506s step_avg:1856.01ms
step:942/3350 train_time:1748.346s step_avg:1855.99ms
step:943/3350 train_time:1750.186s step_avg:1855.98ms
step:944/3350 train_time:1752.027s step_avg:1855.96ms
step:945/3350 train_time:1753.867s step_avg:1855.94ms
step:946/3350 train_time:1755.706s step_avg:1855.93ms
step:947/3350 train_time:1757.547s step_avg:1855.91ms
step:948/3350 train_time:1759.388s step_avg:1855.89ms
step:949/3350 train_time:1761.229s step_avg:1855.88ms
step:950/3350 train_time:1763.344s step_avg:1856.15ms
step:951/3350 train_time:1765.224s step_avg:1856.18ms
step:952/3350 train_time:1767.063s step_avg:1856.16ms
step:953/3350 train_time:1768.903s step_avg:1856.14ms
step:954/3350 train_time:1770.744s step_avg:1856.13ms
step:955/3350 train_time:1772.583s step_avg:1856.11ms
step:956/3350 train_time:1774.424s step_avg:1856.09ms
step:957/3350 train_time:1776.264s step_avg:1856.08ms
step:958/3350 train_time:1778.106s step_avg:1856.06ms
step:959/3350 train_time:1779.945s step_avg:1856.04ms
step:960/3350 train_time:1781.785s step_avg:1856.03ms
step:961/3350 train_time:1783.625s step_avg:1856.01ms
step:962/3350 train_time:1785.465s step_avg:1855.99ms
step:963/3350 train_time:1787.305s step_avg:1855.98ms
step:964/3350 train_time:1789.146s step_avg:1855.96ms
step:965/3350 train_time:1790.986s step_avg:1855.94ms
step:966/3350 train_time:1792.827s step_avg:1855.93ms
step:967/3350 train_time:1794.668s step_avg:1855.91ms
step:968/3350 train_time:1796.508s step_avg:1855.90ms
step:969/3350 train_time:1798.349s step_avg:1855.88ms
step:970/3350 train_time:1800.192s step_avg:1855.87ms
step:971/3350 train_time:1802.032s step_avg:1855.85ms
step:972/3350 train_time:1803.870s step_avg:1855.83ms
step:973/3350 train_time:1805.710s step_avg:1855.82ms
step:974/3350 train_time:1807.549s step_avg:1855.80ms
step:975/3350 train_time:1809.665s step_avg:1856.07ms
step:976/3350 train_time:1811.504s step_avg:1856.05ms
step:977/3350 train_time:1813.344s step_avg:1856.03ms
step:978/3350 train_time:1815.184s step_avg:1856.02ms
step:979/3350 train_time:1817.027s step_avg:1856.00ms
step:980/3350 train_time:1818.867s step_avg:1855.99ms
step:981/3350 train_time:1820.708s step_avg:1855.97ms
step:982/3350 train_time:1822.547s step_avg:1855.95ms
step:983/3350 train_time:1824.387s step_avg:1855.94ms
step:984/3350 train_time:1826.227s step_avg:1855.92ms
step:985/3350 train_time:1828.067s step_avg:1855.91ms
step:986/3350 train_time:1829.907s step_avg:1855.89ms
step:987/3350 train_time:1831.747s step_avg:1855.87ms
step:988/3350 train_time:1833.587s step_avg:1855.86ms
step:989/3350 train_time:1835.427s step_avg:1855.84ms
step:990/3350 train_time:1837.266s step_avg:1855.82ms
step:991/3350 train_time:1839.107s step_avg:1855.81ms
step:992/3350 train_time:1840.947s step_avg:1855.79ms
step:993/3350 train_time:1842.788s step_avg:1855.78ms
step:994/3350 train_time:1844.627s step_avg:1855.76ms
step:995/3350 train_time:1846.467s step_avg:1855.75ms
step:996/3350 train_time:1848.307s step_avg:1855.73ms
step:997/3350 train_time:1850.149s step_avg:1855.72ms
step:998/3350 train_time:1851.989s step_avg:1855.70ms
step:999/3350 train_time:1853.830s step_avg:1855.69ms
step:1000/3350 train_time:1856.022s step_avg:1856.02ms
step:1000/3350 val_loss:3.62349 train_time:1856.022s step_avg:1852.20ms
step:1001/3350 train_time:1857.864s step_avg:1856.01ms
step:1002/3350 train_time:1859.705s step_avg:1855.99ms
step:1003/3350 train_time:1861.547s step_avg:1855.98ms
step:1004/3350 train_time:1863.389s step_avg:1855.97ms
step:1005/3350 train_time:1865.232s step_avg:1855.95ms
step:1006/3350 train_time:1867.074s step_avg:1855.94ms
step:1007/3350 train_time:1868.915s step_avg:1855.92ms
step:1008/3350 train_time:1870.756s step_avg:1855.91ms
step:1009/3350 train_time:1872.597s step_avg:1855.89ms
step:1010/3350 train_time:1874.437s step_avg:1855.88ms
step:1011/3350 train_time:1876.279s step_avg:1855.86ms
step:1012/3350 train_time:1878.119s step_avg:1855.85ms
step:1013/3350 train_time:1879.961s step_avg:1855.83ms
step:1014/3350 train_time:1881.801s step_avg:1855.82ms
step:1015/3350 train_time:1883.644s step_avg:1855.81ms
step:1016/3350 train_time:1885.485s step_avg:1855.79ms
step:1017/3350 train_time:1887.326s step_avg:1855.78ms
step:1018/3350 train_time:1889.165s step_avg:1855.76ms
step:1019/3350 train_time:1891.006s step_avg:1855.75ms
step:1020/3350 train_time:1892.847s step_avg:1855.73ms
step:1021/3350 train_time:1894.687s step_avg:1855.72ms
step:1022/3350 train_time:1896.527s step_avg:1855.70ms
step:1023/3350 train_time:1898.367s step_avg:1855.69ms
step:1024/3350 train_time:1900.208s step_avg:1855.67ms
step:1025/3350 train_time:1902.325s step_avg:1855.93ms
step:1026/3350 train_time:1904.166s step_avg:1855.91ms
step:1027/3350 train_time:1906.007s step_avg:1855.90ms
step:1028/3350 train_time:1907.847s step_avg:1855.88ms
step:1029/3350 train_time:1909.688s step_avg:1855.87ms
step:1030/3350 train_time:1911.528s step_avg:1855.85ms
step:1031/3350 train_time:1913.369s step_avg:1855.84ms
step:1032/3350 train_time:1915.209s step_avg:1855.82ms
step:1033/3350 train_time:1917.050s step_avg:1855.81ms
step:1034/3350 train_time:1918.892s step_avg:1855.79ms
step:1035/3350 train_time:1920.733s step_avg:1855.78ms
step:1036/3350 train_time:1922.573s step_avg:1855.77ms
step:1037/3350 train_time:1924.415s step_avg:1855.75ms
step:1038/3350 train_time:1926.255s step_avg:1855.74ms
step:1039/3350 train_time:1928.096s step_avg:1855.72ms
step:1040/3350 train_time:1929.938s step_avg:1855.71ms
step:1041/3350 train_time:1931.777s step_avg:1855.69ms
step:1042/3350 train_time:1933.617s step_avg:1855.68ms
step:1043/3350 train_time:1935.459s step_avg:1855.67ms
step:1044/3350 train_time:1937.300s step_avg:1855.65ms
step:1045/3350 train_time:1939.142s step_avg:1855.64ms
step:1046/3350 train_time:1940.984s step_avg:1855.63ms
step:1047/3350 train_time:1942.829s step_avg:1855.62ms
step:1048/3350 train_time:1944.669s step_avg:1855.60ms
step:1049/3350 train_time:1946.510s step_avg:1855.59ms
step:1050/3350 train_time:1948.629s step_avg:1855.84ms
step:1051/3350 train_time:1950.471s step_avg:1855.82ms
step:1052/3350 train_time:1952.312s step_avg:1855.81ms
step:1053/3350 train_time:1954.153s step_avg:1855.80ms
step:1054/3350 train_time:1955.994s step_avg:1855.78ms
step:1055/3350 train_time:1957.835s step_avg:1855.77ms
step:1056/3350 train_time:1959.678s step_avg:1855.76ms
step:1057/3350 train_time:1961.519s step_avg:1855.74ms
step:1058/3350 train_time:1963.360s step_avg:1855.73ms
step:1059/3350 train_time:1965.200s step_avg:1855.71ms
step:1060/3350 train_time:1967.041s step_avg:1855.70ms
step:1061/3350 train_time:1968.883s step_avg:1855.69ms
step:1062/3350 train_time:1970.724s step_avg:1855.67ms
step:1063/3350 train_time:1972.565s step_avg:1855.66ms
step:1064/3350 train_time:1974.407s step_avg:1855.65ms
step:1065/3350 train_time:1976.248s step_avg:1855.63ms
step:1066/3350 train_time:1978.090s step_avg:1855.62ms
step:1067/3350 train_time:1979.931s step_avg:1855.61ms
step:1068/3350 train_time:1981.772s step_avg:1855.59ms
step:1069/3350 train_time:1983.613s step_avg:1855.58ms
step:1070/3350 train_time:1985.455s step_avg:1855.57ms
step:1071/3350 train_time:1987.297s step_avg:1855.55ms
step:1072/3350 train_time:1989.138s step_avg:1855.54ms
step:1073/3350 train_time:1990.979s step_avg:1855.53ms
step:1074/3350 train_time:1992.821s step_avg:1855.51ms
step:1075/3350 train_time:1994.938s step_avg:1855.76ms
step:1076/3350 train_time:1996.778s step_avg:1855.74ms
step:1077/3350 train_time:1998.620s step_avg:1855.73ms
step:1078/3350 train_time:2000.460s step_avg:1855.71ms
step:1079/3350 train_time:2002.300s step_avg:1855.70ms
step:1080/3350 train_time:2004.139s step_avg:1855.68ms
step:1081/3350 train_time:2005.980s step_avg:1855.67ms
step:1082/3350 train_time:2007.820s step_avg:1855.66ms
step:1083/3350 train_time:2009.661s step_avg:1855.64ms
step:1084/3350 train_time:2011.502s step_avg:1855.63ms
step:1085/3350 train_time:2013.343s step_avg:1855.62ms
step:1086/3350 train_time:2015.184s step_avg:1855.60ms
step:1087/3350 train_time:2017.028s step_avg:1855.59ms
step:1088/3350 train_time:2018.868s step_avg:1855.58ms
step:1089/3350 train_time:2020.708s step_avg:1855.56ms
step:1090/3350 train_time:2022.548s step_avg:1855.55ms
step:1091/3350 train_time:2024.388s step_avg:1855.53ms
step:1092/3350 train_time:2026.230s step_avg:1855.52ms
step:1093/3350 train_time:2028.070s step_avg:1855.51ms
step:1094/3350 train_time:2029.910s step_avg:1855.49ms
step:1095/3350 train_time:2031.751s step_avg:1855.48ms
step:1096/3350 train_time:2033.592s step_avg:1855.47ms
step:1097/3350 train_time:2035.433s step_avg:1855.45ms
step:1098/3350 train_time:2037.274s step_avg:1855.44ms
step:1099/3350 train_time:2039.114s step_avg:1855.43ms
step:1100/3350 train_time:2041.241s step_avg:1855.67ms
step:1101/3350 train_time:2043.080s step_avg:1855.66ms
step:1102/3350 train_time:2044.922s step_avg:1855.65ms
step:1103/3350 train_time:2046.763s step_avg:1855.63ms
step:1104/3350 train_time:2048.604s step_avg:1855.62ms
step:1105/3350 train_time:2050.444s step_avg:1855.61ms
step:1106/3350 train_time:2052.285s step_avg:1855.59ms
step:1107/3350 train_time:2054.125s step_avg:1855.58ms
step:1108/3350 train_time:2055.965s step_avg:1855.56ms
step:1109/3350 train_time:2057.806s step_avg:1855.55ms
step:1110/3350 train_time:2059.645s step_avg:1855.54ms
step:1111/3350 train_time:2061.485s step_avg:1855.52ms
step:1112/3350 train_time:2063.325s step_avg:1855.51ms
step:1113/3350 train_time:2065.165s step_avg:1855.49ms
step:1114/3350 train_time:2067.006s step_avg:1855.48ms
step:1115/3350 train_time:2068.845s step_avg:1855.47ms
step:1116/3350 train_time:2070.685s step_avg:1855.45ms
step:1117/3350 train_time:2072.525s step_avg:1855.44ms
step:1118/3350 train_time:2074.365s step_avg:1855.42ms
step:1119/3350 train_time:2076.205s step_avg:1855.41ms
step:1120/3350 train_time:2078.045s step_avg:1855.40ms
step:1121/3350 train_time:2079.886s step_avg:1855.38ms
step:1122/3350 train_time:2081.726s step_avg:1855.37ms
step:1123/3350 train_time:2083.566s step_avg:1855.36ms
step:1124/3350 train_time:2085.406s step_avg:1855.34ms
step:1125/3350 train_time:2087.584s step_avg:1855.63ms
step:1125/3350 val_loss:3.59632 train_time:2087.584s step_avg:1852.50ms
step:1126/3350 train_time:2089.426s step_avg:1855.62ms
step:1127/3350 train_time:2091.266s step_avg:1855.60ms
step:1128/3350 train_time:2093.107s step_avg:1855.59ms
step:1129/3350 train_time:2094.948s step_avg:1855.58ms
step:1130/3350 train_time:2096.789s step_avg:1855.57ms
step:1131/3350 train_time:2098.630s step_avg:1855.55ms
step:1132/3350 train_time:2100.470s step_avg:1855.54ms
step:1133/3350 train_time:2102.311s step_avg:1855.53ms
step:1134/3350 train_time:2104.151s step_avg:1855.51ms
step:1135/3350 train_time:2105.991s step_avg:1855.50ms
step:1136/3350 train_time:2107.832s step_avg:1855.49ms
step:1137/3350 train_time:2109.672s step_avg:1855.47ms
step:1138/3350 train_time:2111.512s step_avg:1855.46ms
step:1139/3350 train_time:2113.353s step_avg:1855.45ms
step:1140/3350 train_time:2115.193s step_avg:1855.43ms
step:1141/3350 train_time:2117.072s step_avg:1855.45ms
step:1142/3350 train_time:2118.913s step_avg:1855.44ms
step:1143/3350 train_time:2120.753s step_avg:1855.43ms
step:1144/3350 train_time:2122.594s step_avg:1855.41ms
step:1145/3350 train_time:2124.434s step_avg:1855.40ms
step:1146/3350 train_time:2126.274s step_avg:1855.39ms
step:1147/3350 train_time:2128.115s step_avg:1855.37ms
step:1148/3350 train_time:2129.954s step_avg:1855.36ms
step:1149/3350 train_time:2131.795s step_avg:1855.35ms
step:1150/3350 train_time:2133.910s step_avg:1855.57ms
step:1151/3350 train_time:2135.750s step_avg:1855.56ms
step:1152/3350 train_time:2137.591s step_avg:1855.55ms
step:1153/3350 train_time:2139.431s step_avg:1855.53ms
step:1154/3350 train_time:2141.271s step_avg:1855.52ms
step:1155/3350 train_time:2143.112s step_avg:1855.51ms
step:1156/3350 train_time:2144.952s step_avg:1855.49ms
step:1157/3350 train_time:2146.795s step_avg:1855.48ms
step:1158/3350 train_time:2148.635s step_avg:1855.47ms
step:1159/3350 train_time:2150.474s step_avg:1855.46ms
step:1160/3350 train_time:2152.314s step_avg:1855.44ms
step:1161/3350 train_time:2154.154s step_avg:1855.43ms
step:1162/3350 train_time:2155.994s step_avg:1855.42ms
step:1163/3350 train_time:2157.834s step_avg:1855.40ms
step:1164/3350 train_time:2159.674s step_avg:1855.39ms
step:1165/3350 train_time:2161.514s step_avg:1855.38ms
step:1166/3350 train_time:2163.354s step_avg:1855.36ms
step:1167/3350 train_time:2165.195s step_avg:1855.35ms
step:1168/3350 train_time:2167.036s step_avg:1855.34ms
step:1169/3350 train_time:2168.876s step_avg:1855.33ms
step:1170/3350 train_time:2170.716s step_avg:1855.31ms
step:1171/3350 train_time:2172.556s step_avg:1855.30ms
step:1172/3350 train_time:2174.396s step_avg:1855.29ms
step:1173/3350 train_time:2176.237s step_avg:1855.27ms
step:1174/3350 train_time:2178.077s step_avg:1855.26ms
step:1175/3350 train_time:2180.192s step_avg:1855.48ms
step:1176/3350 train_time:2182.032s step_avg:1855.47ms
step:1177/3350 train_time:2183.871s step_avg:1855.46ms
step:1178/3350 train_time:2185.710s step_avg:1855.44ms
step:1179/3350 train_time:2187.551s step_avg:1855.43ms
step:1180/3350 train_time:2189.391s step_avg:1855.42ms
step:1181/3350 train_time:2191.230s step_avg:1855.40ms
step:1182/3350 train_time:2193.070s step_avg:1855.39ms
step:1183/3350 train_time:2194.910s step_avg:1855.38ms
step:1184/3350 train_time:2196.750s step_avg:1855.36ms
step:1185/3350 train_time:2198.590s step_avg:1855.35ms
step:1186/3350 train_time:2200.429s step_avg:1855.34ms
step:1187/3350 train_time:2202.270s step_avg:1855.32ms
step:1188/3350 train_time:2204.109s step_avg:1855.31ms
step:1189/3350 train_time:2205.949s step_avg:1855.30ms
step:1190/3350 train_time:2207.789s step_avg:1855.28ms
step:1191/3350 train_time:2209.629s step_avg:1855.27ms
step:1192/3350 train_time:2211.470s step_avg:1855.26ms
step:1193/3350 train_time:2213.312s step_avg:1855.25ms
step:1194/3350 train_time:2215.152s step_avg:1855.24ms
step:1195/3350 train_time:2216.993s step_avg:1855.22ms
step:1196/3350 train_time:2218.833s step_avg:1855.21ms
step:1197/3350 train_time:2220.673s step_avg:1855.20ms
step:1198/3350 train_time:2222.514s step_avg:1855.19ms
step:1199/3350 train_time:2224.353s step_avg:1855.17ms
step:1200/3350 train_time:2226.483s step_avg:1855.40ms
step:1201/3350 train_time:2228.323s step_avg:1855.39ms
step:1202/3350 train_time:2230.163s step_avg:1855.38ms
step:1203/3350 train_time:2232.006s step_avg:1855.37ms
step:1204/3350 train_time:2233.847s step_avg:1855.35ms
step:1205/3350 train_time:2235.688s step_avg:1855.34ms
step:1206/3350 train_time:2237.528s step_avg:1855.33ms
step:1207/3350 train_time:2239.368s step_avg:1855.32ms
step:1208/3350 train_time:2241.208s step_avg:1855.30ms
step:1209/3350 train_time:2243.048s step_avg:1855.29ms
step:1210/3350 train_time:2244.888s step_avg:1855.28ms
step:1211/3350 train_time:2246.729s step_avg:1855.27ms
step:1212/3350 train_time:2248.572s step_avg:1855.26ms
step:1213/3350 train_time:2250.414s step_avg:1855.25ms
step:1214/3350 train_time:2252.254s step_avg:1855.23ms
step:1215/3350 train_time:2254.095s step_avg:1855.22ms
step:1216/3350 train_time:2255.936s step_avg:1855.21ms
step:1217/3350 train_time:2257.776s step_avg:1855.20ms
step:1218/3350 train_time:2259.617s step_avg:1855.19ms
step:1219/3350 train_time:2261.457s step_avg:1855.17ms
step:1220/3350 train_time:2263.297s step_avg:1855.16ms
step:1221/3350 train_time:2265.137s step_avg:1855.15ms
step:1222/3350 train_time:2266.977s step_avg:1855.14ms
step:1223/3350 train_time:2268.818s step_avg:1855.13ms
step:1224/3350 train_time:2270.659s step_avg:1855.11ms
step:1225/3350 train_time:2272.779s step_avg:1855.33ms
step:1226/3350 train_time:2274.618s step_avg:1855.32ms
step:1227/3350 train_time:2276.458s step_avg:1855.30ms
step:1228/3350 train_time:2278.297s step_avg:1855.29ms
step:1229/3350 train_time:2280.138s step_avg:1855.28ms
step:1230/3350 train_time:2281.979s step_avg:1855.27ms
step:1231/3350 train_time:2283.819s step_avg:1855.25ms
step:1232/3350 train_time:2285.659s step_avg:1855.24ms
step:1233/3350 train_time:2287.500s step_avg:1855.23ms
step:1234/3350 train_time:2289.340s step_avg:1855.22ms
step:1235/3350 train_time:2291.181s step_avg:1855.21ms
step:1236/3350 train_time:2293.021s step_avg:1855.19ms
step:1237/3350 train_time:2294.861s step_avg:1855.18ms
step:1238/3350 train_time:2296.702s step_avg:1855.17ms
step:1239/3350 train_time:2298.543s step_avg:1855.16ms
step:1240/3350 train_time:2300.385s step_avg:1855.15ms
step:1241/3350 train_time:2302.225s step_avg:1855.14ms
step:1242/3350 train_time:2304.065s step_avg:1855.12ms
step:1243/3350 train_time:2305.905s step_avg:1855.11ms
step:1244/3350 train_time:2307.747s step_avg:1855.10ms
step:1245/3350 train_time:2309.587s step_avg:1855.09ms
step:1246/3350 train_time:2311.429s step_avg:1855.08ms
step:1247/3350 train_time:2313.270s step_avg:1855.07ms
step:1248/3350 train_time:2315.111s step_avg:1855.06ms
step:1249/3350 train_time:2316.952s step_avg:1855.05ms
step:1250/3350 train_time:2319.132s step_avg:1855.31ms
step:1250/3350 val_loss:3.56791 train_time:2319.132s step_avg:1852.39ms
step:1251/3350 train_time:2320.976s step_avg:1855.30ms
step:1252/3350 train_time:2322.822s step_avg:1855.29ms
step:1253/3350 train_time:2324.664s step_avg:1855.28ms
step:1254/3350 train_time:2326.504s step_avg:1855.27ms
step:1255/3350 train_time:2328.344s step_avg:1855.25ms
step:1256/3350 train_time:2330.183s step_avg:1855.24ms
step:1257/3350 train_time:2332.025s step_avg:1855.23ms
step:1258/3350 train_time:2333.866s step_avg:1855.22ms
step:1259/3350 train_time:2335.707s step_avg:1855.21ms
step:1260/3350 train_time:2337.549s step_avg:1855.20ms
step:1261/3350 train_time:2339.391s step_avg:1855.19ms
step:1262/3350 train_time:2341.232s step_avg:1855.18ms
step:1263/3350 train_time:2343.073s step_avg:1855.16ms
step:1264/3350 train_time:2344.914s step_avg:1855.15ms
step:1265/3350 train_time:2346.756s step_avg:1855.14ms
step:1266/3350 train_time:2348.596s step_avg:1855.13ms
step:1267/3350 train_time:2350.437s step_avg:1855.12ms
step:1268/3350 train_time:2352.278s step_avg:1855.11ms
step:1269/3350 train_time:2354.119s step_avg:1855.10ms
step:1270/3350 train_time:2355.961s step_avg:1855.09ms
step:1271/3350 train_time:2357.802s step_avg:1855.08ms
step:1272/3350 train_time:2359.643s step_avg:1855.07ms
step:1273/3350 train_time:2361.484s step_avg:1855.05ms
step:1274/3350 train_time:2363.324s step_avg:1855.04ms
step:1275/3350 train_time:2365.440s step_avg:1855.25ms
step:1276/3350 train_time:2367.281s step_avg:1855.24ms
step:1277/3350 train_time:2369.122s step_avg:1855.23ms
step:1278/3350 train_time:2370.963s step_avg:1855.21ms
step:1279/3350 train_time:2372.803s step_avg:1855.20ms
step:1280/3350 train_time:2374.645s step_avg:1855.19ms
step:1281/3350 train_time:2376.487s step_avg:1855.18ms
step:1282/3350 train_time:2378.328s step_avg:1855.17ms
step:1283/3350 train_time:2380.170s step_avg:1855.16ms
step:1284/3350 train_time:2382.012s step_avg:1855.15ms
step:1285/3350 train_time:2383.852s step_avg:1855.14ms
step:1286/3350 train_time:2385.692s step_avg:1855.13ms
step:1287/3350 train_time:2387.533s step_avg:1855.11ms
step:1288/3350 train_time:2389.373s step_avg:1855.10ms
step:1289/3350 train_time:2391.215s step_avg:1855.09ms
step:1290/3350 train_time:2393.055s step_avg:1855.08ms
step:1291/3350 train_time:2394.896s step_avg:1855.07ms
step:1292/3350 train_time:2396.738s step_avg:1855.06ms
step:1293/3350 train_time:2398.579s step_avg:1855.05ms
step:1294/3350 train_time:2400.420s step_avg:1855.04ms
step:1295/3350 train_time:2402.263s step_avg:1855.03ms
step:1296/3350 train_time:2404.103s step_avg:1855.02ms
step:1297/3350 train_time:2405.944s step_avg:1855.01ms
step:1298/3350 train_time:2407.784s step_avg:1855.00ms
step:1299/3350 train_time:2409.625s step_avg:1854.98ms
step:1300/3350 train_time:2411.751s step_avg:1855.19ms
step:1301/3350 train_time:2413.593s step_avg:1855.18ms
step:1302/3350 train_time:2415.436s step_avg:1855.17ms
step:1303/3350 train_time:2417.277s step_avg:1855.16ms
step:1304/3350 train_time:2419.121s step_avg:1855.15ms
step:1305/3350 train_time:2420.961s step_avg:1855.14ms
step:1306/3350 train_time:2422.801s step_avg:1855.13ms
step:1307/3350 train_time:2424.641s step_avg:1855.12ms
step:1308/3350 train_time:2426.482s step_avg:1855.11ms
step:1309/3350 train_time:2428.322s step_avg:1855.10ms
step:1310/3350 train_time:2430.162s step_avg:1855.09ms
step:1311/3350 train_time:2432.003s step_avg:1855.07ms
step:1312/3350 train_time:2433.842s step_avg:1855.06ms
step:1313/3350 train_time:2435.683s step_avg:1855.05ms
step:1314/3350 train_time:2437.523s step_avg:1855.04ms
step:1315/3350 train_time:2439.364s step_avg:1855.03ms
step:1316/3350 train_time:2441.206s step_avg:1855.02ms
step:1317/3350 train_time:2443.046s step_avg:1855.01ms
step:1318/3350 train_time:2444.886s step_avg:1855.00ms
step:1319/3350 train_time:2446.726s step_avg:1854.99ms
step:1320/3350 train_time:2448.567s step_avg:1854.98ms
step:1321/3350 train_time:2450.406s step_avg:1854.96ms
step:1322/3350 train_time:2452.247s step_avg:1854.95ms
step:1323/3350 train_time:2454.089s step_avg:1854.94ms
step:1324/3350 train_time:2455.928s step_avg:1854.93ms
step:1325/3350 train_time:2458.044s step_avg:1855.13ms
step:1326/3350 train_time:2459.884s step_avg:1855.12ms
step:1327/3350 train_time:2461.726s step_avg:1855.11ms
step:1328/3350 train_time:2463.566s step_avg:1855.09ms
step:1329/3350 train_time:2465.406s step_avg:1855.08ms
step:1330/3350 train_time:2467.245s step_avg:1855.07ms
step:1331/3350 train_time:2469.124s step_avg:1855.09ms
step:1332/3350 train_time:2470.963s step_avg:1855.08ms
step:1333/3350 train_time:2472.804s step_avg:1855.07ms
step:1334/3350 train_time:2474.643s step_avg:1855.06ms
step:1335/3350 train_time:2476.484s step_avg:1855.04ms
step:1336/3350 train_time:2478.324s step_avg:1855.03ms
step:1337/3350 train_time:2480.163s step_avg:1855.02ms
step:1338/3350 train_time:2482.003s step_avg:1855.01ms
step:1339/3350 train_time:2483.843s step_avg:1855.00ms
step:1340/3350 train_time:2485.684s step_avg:1854.99ms
step:1341/3350 train_time:2487.524s step_avg:1854.98ms
step:1342/3350 train_time:2489.364s step_avg:1854.97ms
step:1343/3350 train_time:2491.203s step_avg:1854.95ms
step:1344/3350 train_time:2493.044s step_avg:1854.94ms
step:1345/3350 train_time:2494.886s step_avg:1854.93ms
step:1346/3350 train_time:2496.726s step_avg:1854.92ms
step:1347/3350 train_time:2498.567s step_avg:1854.91ms
step:1348/3350 train_time:2500.407s step_avg:1854.90ms
step:1349/3350 train_time:2502.248s step_avg:1854.89ms
step:1350/3350 train_time:2504.365s step_avg:1855.08ms
step:1351/3350 train_time:2506.204s step_avg:1855.07ms
step:1352/3350 train_time:2508.045s step_avg:1855.06ms
step:1353/3350 train_time:2509.884s step_avg:1855.05ms
step:1354/3350 train_time:2511.723s step_avg:1855.04ms
step:1355/3350 train_time:2513.564s step_avg:1855.03ms
step:1356/3350 train_time:2515.407s step_avg:1855.02ms
step:1357/3350 train_time:2517.249s step_avg:1855.01ms
step:1358/3350 train_time:2519.091s step_avg:1855.00ms
step:1359/3350 train_time:2520.932s step_avg:1854.99ms
step:1360/3350 train_time:2522.774s step_avg:1854.98ms
step:1361/3350 train_time:2524.615s step_avg:1854.97ms
step:1362/3350 train_time:2526.455s step_avg:1854.96ms
step:1363/3350 train_time:2528.297s step_avg:1854.95ms
step:1364/3350 train_time:2530.138s step_avg:1854.94ms
step:1365/3350 train_time:2531.978s step_avg:1854.93ms
step:1366/3350 train_time:2533.820s step_avg:1854.92ms
step:1367/3350 train_time:2535.662s step_avg:1854.91ms
step:1368/3350 train_time:2537.504s step_avg:1854.90ms
step:1369/3350 train_time:2539.346s step_avg:1854.89ms
step:1370/3350 train_time:2541.187s step_avg:1854.88ms
step:1371/3350 train_time:2543.030s step_avg:1854.87ms
step:1372/3350 train_time:2544.872s step_avg:1854.86ms
step:1373/3350 train_time:2546.714s step_avg:1854.85ms
step:1374/3350 train_time:2548.557s step_avg:1854.84ms
step:1375/3350 train_time:2550.744s step_avg:1855.09ms
step:1375/3350 val_loss:3.53920 train_time:2550.745s step_avg:1852.90ms
step:1376/3350 train_time:2552.586s step_avg:1855.08ms
step:1377/3350 train_time:2554.430s step_avg:1855.07ms
step:1378/3350 train_time:2556.272s step_avg:1855.06ms
step:1379/3350 train_time:2558.114s step_avg:1855.05ms
step:1380/3350 train_time:2559.955s step_avg:1855.04ms
step:1381/3350 train_time:2561.798s step_avg:1855.03ms
step:1382/3350 train_time:2563.641s step_avg:1855.02ms
step:1383/3350 train_time:2565.483s step_avg:1855.01ms
step:1384/3350 train_time:2567.322s step_avg:1855.00ms
step:1385/3350 train_time:2569.165s step_avg:1854.99ms
step:1386/3350 train_time:2571.007s step_avg:1854.98ms
step:1387/3350 train_time:2572.851s step_avg:1854.98ms
step:1388/3350 train_time:2574.693s step_avg:1854.97ms
step:1389/3350 train_time:2576.535s step_avg:1854.96ms
step:1390/3350 train_time:2578.377s step_avg:1854.95ms
step:1391/3350 train_time:2580.222s step_avg:1854.94ms
step:1392/3350 train_time:2582.064s step_avg:1854.93ms
step:1393/3350 train_time:2583.905s step_avg:1854.92ms
step:1394/3350 train_time:2585.747s step_avg:1854.91ms
step:1395/3350 train_time:2587.588s step_avg:1854.90ms
step:1396/3350 train_time:2589.430s step_avg:1854.89ms
step:1397/3350 train_time:2591.272s step_avg:1854.88ms
step:1398/3350 train_time:2593.112s step_avg:1854.87ms
step:1399/3350 train_time:2594.952s step_avg:1854.86ms
step:1400/3350 train_time:2597.081s step_avg:1855.06ms
step:1401/3350 train_time:2598.924s step_avg:1855.05ms
step:1402/3350 train_time:2600.766s step_avg:1855.04ms
step:1403/3350 train_time:2602.609s step_avg:1855.03ms
step:1404/3350 train_time:2604.449s step_avg:1855.02ms
step:1405/3350 train_time:2606.290s step_avg:1855.01ms
step:1406/3350 train_time:2608.132s step_avg:1855.00ms
step:1407/3350 train_time:2609.973s step_avg:1854.99ms
step:1408/3350 train_time:2611.817s step_avg:1854.98ms
step:1409/3350 train_time:2613.657s step_avg:1854.97ms
step:1410/3350 train_time:2615.498s step_avg:1854.96ms
step:1411/3350 train_time:2617.340s step_avg:1854.95ms
step:1412/3350 train_time:2619.182s step_avg:1854.94ms
step:1413/3350 train_time:2621.022s step_avg:1854.93ms
step:1414/3350 train_time:2622.862s step_avg:1854.92ms
step:1415/3350 train_time:2624.705s step_avg:1854.92ms
step:1416/3350 train_time:2626.545s step_avg:1854.90ms
step:1417/3350 train_time:2628.386s step_avg:1854.90ms
step:1418/3350 train_time:2630.227s step_avg:1854.89ms
step:1419/3350 train_time:2632.068s step_avg:1854.88ms
step:1420/3350 train_time:2633.909s step_avg:1854.87ms
step:1421/3350 train_time:2635.750s step_avg:1854.86ms
step:1422/3350 train_time:2637.591s step_avg:1854.85ms
step:1423/3350 train_time:2639.434s step_avg:1854.84ms
step:1424/3350 train_time:2641.273s step_avg:1854.83ms
step:1425/3350 train_time:2643.390s step_avg:1855.01ms
step:1426/3350 train_time:2645.230s step_avg:1855.00ms
step:1427/3350 train_time:2647.070s step_avg:1854.99ms
step:1428/3350 train_time:2648.911s step_avg:1854.98ms
step:1429/3350 train_time:2650.752s step_avg:1854.97ms
step:1430/3350 train_time:2652.598s step_avg:1854.96ms
step:1431/3350 train_time:2654.439s step_avg:1854.95ms
step:1432/3350 train_time:2656.280s step_avg:1854.94ms
step:1433/3350 train_time:2658.120s step_avg:1854.93ms
step:1434/3350 train_time:2659.961s step_avg:1854.92ms
step:1435/3350 train_time:2661.804s step_avg:1854.92ms
step:1436/3350 train_time:2663.644s step_avg:1854.91ms
step:1437/3350 train_time:2665.484s step_avg:1854.90ms
step:1438/3350 train_time:2667.328s step_avg:1854.89ms
step:1439/3350 train_time:2669.170s step_avg:1854.88ms
step:1440/3350 train_time:2671.011s step_avg:1854.87ms
step:1441/3350 train_time:2672.851s step_avg:1854.86ms
step:1442/3350 train_time:2674.692s step_avg:1854.85ms
step:1443/3350 train_time:2676.533s step_avg:1854.84ms
step:1444/3350 train_time:2678.373s step_avg:1854.83ms
step:1445/3350 train_time:2680.214s step_avg:1854.82ms
step:1446/3350 train_time:2682.055s step_avg:1854.81ms
step:1447/3350 train_time:2683.896s step_avg:1854.80ms
step:1448/3350 train_time:2685.738s step_avg:1854.79ms
step:1449/3350 train_time:2687.580s step_avg:1854.78ms
step:1450/3350 train_time:2689.702s step_avg:1854.97ms
step:1451/3350 train_time:2691.543s step_avg:1854.96ms
step:1452/3350 train_time:2693.387s step_avg:1854.95ms
step:1453/3350 train_time:2695.230s step_avg:1854.94ms
step:1454/3350 train_time:2697.073s step_avg:1854.93ms
step:1455/3350 train_time:2698.915s step_avg:1854.92ms
step:1456/3350 train_time:2700.756s step_avg:1854.92ms
step:1457/3350 train_time:2702.601s step_avg:1854.91ms
step:1458/3350 train_time:2704.445s step_avg:1854.90ms
step:1459/3350 train_time:2706.287s step_avg:1854.89ms
step:1460/3350 train_time:2708.130s step_avg:1854.88ms
step:1461/3350 train_time:2709.973s step_avg:1854.88ms
step:1462/3350 train_time:2711.817s step_avg:1854.87ms
step:1463/3350 train_time:2713.660s step_avg:1854.86ms
step:1464/3350 train_time:2715.502s step_avg:1854.85ms
step:1465/3350 train_time:2717.347s step_avg:1854.84ms
step:1466/3350 train_time:2719.191s step_avg:1854.84ms
step:1467/3350 train_time:2721.036s step_avg:1854.83ms
step:1468/3350 train_time:2722.876s step_avg:1854.82ms
step:1469/3350 train_time:2724.718s step_avg:1854.81ms
step:1470/3350 train_time:2726.562s step_avg:1854.80ms
step:1471/3350 train_time:2728.405s step_avg:1854.80ms
step:1472/3350 train_time:2730.249s step_avg:1854.79ms
step:1473/3350 train_time:2732.092s step_avg:1854.78ms
step:1474/3350 train_time:2733.930s step_avg:1854.77ms
step:1475/3350 train_time:2736.046s step_avg:1854.95ms
step:1476/3350 train_time:2737.886s step_avg:1854.94ms
step:1477/3350 train_time:2739.728s step_avg:1854.93ms
step:1478/3350 train_time:2741.569s step_avg:1854.92ms
step:1479/3350 train_time:2743.411s step_avg:1854.91ms
step:1480/3350 train_time:2745.253s step_avg:1854.90ms
step:1481/3350 train_time:2747.095s step_avg:1854.89ms
step:1482/3350 train_time:2748.935s step_avg:1854.88ms
step:1483/3350 train_time:2750.776s step_avg:1854.87ms
step:1484/3350 train_time:2752.617s step_avg:1854.86ms
step:1485/3350 train_time:2754.459s step_avg:1854.85ms
step:1486/3350 train_time:2756.301s step_avg:1854.85ms
step:1487/3350 train_time:2758.142s step_avg:1854.84ms
step:1488/3350 train_time:2759.983s step_avg:1854.83ms
step:1489/3350 train_time:2761.825s step_avg:1854.82ms
step:1490/3350 train_time:2763.666s step_avg:1854.81ms
step:1491/3350 train_time:2765.509s step_avg:1854.80ms
step:1492/3350 train_time:2767.349s step_avg:1854.79ms
step:1493/3350 train_time:2769.191s step_avg:1854.78ms
step:1494/3350 train_time:2771.031s step_avg:1854.77ms
step:1495/3350 train_time:2772.873s step_avg:1854.76ms
step:1496/3350 train_time:2774.715s step_avg:1854.76ms
step:1497/3350 train_time:2776.555s step_avg:1854.75ms
step:1498/3350 train_time:2778.396s step_avg:1854.74ms
step:1499/3350 train_time:2780.238s step_avg:1854.73ms
step:1500/3350 train_time:2782.434s step_avg:1854.96ms
step:1500/3350 val_loss:3.51200 train_time:2782.434s step_avg:1853.51ms
step:1501/3350 train_time:2784.275s step_avg:1854.95ms
step:1502/3350 train_time:2786.118s step_avg:1854.94ms
step:1503/3350 train_time:2787.959s step_avg:1854.93ms
step:1504/3350 train_time:2789.800s step_avg:1854.92ms
step:1505/3350 train_time:2791.641s step_avg:1854.91ms
step:1506/3350 train_time:2793.483s step_avg:1854.90ms
step:1507/3350 train_time:2795.325s step_avg:1854.89ms
step:1508/3350 train_time:2797.167s step_avg:1854.89ms
step:1509/3350 train_time:2799.009s step_avg:1854.88ms
step:1510/3350 train_time:2800.853s step_avg:1854.87ms
step:1511/3350 train_time:2802.694s step_avg:1854.86ms
step:1512/3350 train_time:2804.535s step_avg:1854.85ms
step:1513/3350 train_time:2806.376s step_avg:1854.84ms
step:1514/3350 train_time:2808.217s step_avg:1854.83ms
step:1515/3350 train_time:2810.059s step_avg:1854.82ms
step:1516/3350 train_time:2811.899s step_avg:1854.81ms
step:1517/3350 train_time:2813.743s step_avg:1854.81ms
step:1518/3350 train_time:2815.583s step_avg:1854.80ms
step:1519/3350 train_time:2817.423s step_avg:1854.79ms
step:1520/3350 train_time:2819.267s step_avg:1854.78ms
step:1521/3350 train_time:2821.143s step_avg:1854.80ms
step:1522/3350 train_time:2822.984s step_avg:1854.79ms
step:1523/3350 train_time:2824.825s step_avg:1854.78ms
step:1524/3350 train_time:2826.666s step_avg:1854.77ms
step:1525/3350 train_time:2828.783s step_avg:1854.94ms
step:1526/3350 train_time:2830.627s step_avg:1854.93ms
step:1527/3350 train_time:2832.469s step_avg:1854.92ms
step:1528/3350 train_time:2834.309s step_avg:1854.91ms
step:1529/3350 train_time:2836.150s step_avg:1854.91ms
step:1530/3350 train_time:2837.992s step_avg:1854.90ms
step:1531/3350 train_time:2839.833s step_avg:1854.89ms
step:1532/3350 train_time:2841.674s step_avg:1854.88ms
step:1533/3350 train_time:2843.515s step_avg:1854.87ms
step:1534/3350 train_time:2845.358s step_avg:1854.86ms
step:1535/3350 train_time:2847.199s step_avg:1854.85ms
step:1536/3350 train_time:2849.040s step_avg:1854.84ms
step:1537/3350 train_time:2850.881s step_avg:1854.83ms
step:1538/3350 train_time:2852.724s step_avg:1854.83ms
step:1539/3350 train_time:2854.565s step_avg:1854.82ms
step:1540/3350 train_time:2856.406s step_avg:1854.81ms
step:1541/3350 train_time:2858.246s step_avg:1854.80ms
step:1542/3350 train_time:2860.089s step_avg:1854.79ms
step:1543/3350 train_time:2861.933s step_avg:1854.78ms
step:1544/3350 train_time:2863.774s step_avg:1854.78ms
step:1545/3350 train_time:2865.616s step_avg:1854.77ms
step:1546/3350 train_time:2867.456s step_avg:1854.76ms
step:1547/3350 train_time:2869.297s step_avg:1854.75ms
step:1548/3350 train_time:2871.138s step_avg:1854.74ms
step:1549/3350 train_time:2872.978s step_avg:1854.73ms
step:1550/3350 train_time:2875.096s step_avg:1854.90ms
step:1551/3350 train_time:2876.937s step_avg:1854.89ms
step:1552/3350 train_time:2878.777s step_avg:1854.88ms
step:1553/3350 train_time:2880.618s step_avg:1854.87ms
step:1554/3350 train_time:2882.458s step_avg:1854.86ms
step:1555/3350 train_time:2884.298s step_avg:1854.85ms
step:1556/3350 train_time:2886.141s step_avg:1854.85ms
step:1557/3350 train_time:2887.981s step_avg:1854.84ms
step:1558/3350 train_time:2889.821s step_avg:1854.83ms
step:1559/3350 train_time:2891.664s step_avg:1854.82ms
step:1560/3350 train_time:2893.505s step_avg:1854.81ms
step:1561/3350 train_time:2895.346s step_avg:1854.80ms
step:1562/3350 train_time:2897.187s step_avg:1854.79ms
step:1563/3350 train_time:2899.028s step_avg:1854.78ms
step:1564/3350 train_time:2900.870s step_avg:1854.78ms
step:1565/3350 train_time:2902.711s step_avg:1854.77ms
step:1566/3350 train_time:2904.551s step_avg:1854.76ms
step:1567/3350 train_time:2906.392s step_avg:1854.75ms
step:1568/3350 train_time:2908.233s step_avg:1854.74ms
step:1569/3350 train_time:2910.074s step_avg:1854.73ms
step:1570/3350 train_time:2911.916s step_avg:1854.72ms
step:1571/3350 train_time:2913.757s step_avg:1854.71ms
step:1572/3350 train_time:2915.600s step_avg:1854.71ms
step:1573/3350 train_time:2917.440s step_avg:1854.70ms
step:1574/3350 train_time:2919.284s step_avg:1854.69ms
step:1575/3350 train_time:2921.401s step_avg:1854.86ms
step:1576/3350 train_time:2923.241s step_avg:1854.85ms
step:1577/3350 train_time:2925.082s step_avg:1854.84ms
step:1578/3350 train_time:2926.922s step_avg:1854.83ms
step:1579/3350 train_time:2928.763s step_avg:1854.82ms
step:1580/3350 train_time:2930.605s step_avg:1854.81ms
step:1581/3350 train_time:2932.445s step_avg:1854.80ms
step:1582/3350 train_time:2934.285s step_avg:1854.79ms
step:1583/3350 train_time:2936.126s step_avg:1854.79ms
step:1584/3350 train_time:2937.966s step_avg:1854.78ms
step:1585/3350 train_time:2939.808s step_avg:1854.77ms
step:1586/3350 train_time:2941.648s step_avg:1854.76ms
step:1587/3350 train_time:2943.486s step_avg:1854.75ms
step:1588/3350 train_time:2945.327s step_avg:1854.74ms
step:1589/3350 train_time:2947.170s step_avg:1854.73ms
step:1590/3350 train_time:2949.010s step_avg:1854.72ms
step:1591/3350 train_time:2950.850s step_avg:1854.71ms
step:1592/3350 train_time:2952.690s step_avg:1854.71ms
step:1593/3350 train_time:2954.532s step_avg:1854.70ms
step:1594/3350 train_time:2956.373s step_avg:1854.69ms
step:1595/3350 train_time:2958.214s step_avg:1854.68ms
step:1596/3350 train_time:2960.056s step_avg:1854.67ms
step:1597/3350 train_time:2961.897s step_avg:1854.66ms
step:1598/3350 train_time:2963.742s step_avg:1854.66ms
step:1599/3350 train_time:2965.586s step_avg:1854.65ms
step:1600/3350 train_time:2967.726s step_avg:1854.83ms
step:1601/3350 train_time:2969.568s step_avg:1854.82ms
step:1602/3350 train_time:2971.411s step_avg:1854.81ms
step:1603/3350 train_time:2973.256s step_avg:1854.81ms
step:1604/3350 train_time:2975.098s step_avg:1854.80ms
step:1605/3350 train_time:2976.941s step_avg:1854.79ms
step:1606/3350 train_time:2978.785s step_avg:1854.79ms
step:1607/3350 train_time:2980.628s step_avg:1854.78ms
step:1608/3350 train_time:2982.472s step_avg:1854.77ms
step:1609/3350 train_time:2984.315s step_avg:1854.76ms
step:1610/3350 train_time:2986.157s step_avg:1854.76ms
step:1611/3350 train_time:2987.998s step_avg:1854.75ms
step:1612/3350 train_time:2989.840s step_avg:1854.74ms
step:1613/3350 train_time:2991.684s step_avg:1854.73ms
step:1614/3350 train_time:2993.527s step_avg:1854.73ms
step:1615/3350 train_time:2995.367s step_avg:1854.72ms
step:1616/3350 train_time:2997.211s step_avg:1854.71ms
step:1617/3350 train_time:2999.054s step_avg:1854.70ms
step:1618/3350 train_time:3000.897s step_avg:1854.70ms
step:1619/3350 train_time:3002.738s step_avg:1854.69ms
step:1620/3350 train_time:3004.583s step_avg:1854.68ms
step:1621/3350 train_time:3006.429s step_avg:1854.68ms
step:1622/3350 train_time:3008.272s step_avg:1854.67ms
step:1623/3350 train_time:3010.116s step_avg:1854.66ms
step:1624/3350 train_time:3011.961s step_avg:1854.66ms
step:1625/3350 train_time:3014.154s step_avg:1854.86ms
step:1625/3350 val_loss:3.49385 train_time:3014.154s step_avg:1853.76ms
step:1626/3350 train_time:3016.001s step_avg:1854.86ms
step:1627/3350 train_time:3017.845s step_avg:1854.85ms
step:1628/3350 train_time:3019.690s step_avg:1854.85ms
step:1629/3350 train_time:3021.534s step_avg:1854.84ms
step:1630/3350 train_time:3023.378s step_avg:1854.83ms
step:1631/3350 train_time:3025.223s step_avg:1854.83ms
step:1632/3350 train_time:3027.068s step_avg:1854.82ms
step:1633/3350 train_time:3028.909s step_avg:1854.81ms
step:1634/3350 train_time:3030.752s step_avg:1854.81ms
step:1635/3350 train_time:3032.597s step_avg:1854.80ms
step:1636/3350 train_time:3034.441s step_avg:1854.79ms
step:1637/3350 train_time:3036.282s step_avg:1854.78ms
step:1638/3350 train_time:3038.125s step_avg:1854.78ms
step:1639/3350 train_time:3039.969s step_avg:1854.77ms
step:1640/3350 train_time:3041.812s step_avg:1854.76ms
step:1641/3350 train_time:3043.656s step_avg:1854.76ms
step:1642/3350 train_time:3045.502s step_avg:1854.75ms
step:1643/3350 train_time:3047.347s step_avg:1854.75ms
step:1644/3350 train_time:3049.192s step_avg:1854.74ms
step:1645/3350 train_time:3051.034s step_avg:1854.73ms
step:1646/3350 train_time:3052.880s step_avg:1854.73ms
step:1647/3350 train_time:3054.725s step_avg:1854.72ms
step:1648/3350 train_time:3056.570s step_avg:1854.71ms
step:1649/3350 train_time:3058.412s step_avg:1854.71ms
step:1650/3350 train_time:3060.542s step_avg:1854.87ms
step:1651/3350 train_time:3062.384s step_avg:1854.87ms
step:1652/3350 train_time:3064.226s step_avg:1854.86ms
step:1653/3350 train_time:3066.072s step_avg:1854.85ms
step:1654/3350 train_time:3067.916s step_avg:1854.85ms
step:1655/3350 train_time:3069.760s step_avg:1854.84ms
step:1656/3350 train_time:3071.606s step_avg:1854.83ms
step:1657/3350 train_time:3073.450s step_avg:1854.83ms
step:1658/3350 train_time:3075.294s step_avg:1854.82ms
step:1659/3350 train_time:3077.138s step_avg:1854.82ms
step:1660/3350 train_time:3078.983s step_avg:1854.81ms
step:1661/3350 train_time:3080.826s step_avg:1854.80ms
step:1662/3350 train_time:3082.667s step_avg:1854.79ms
step:1663/3350 train_time:3084.510s step_avg:1854.79ms
step:1664/3350 train_time:3086.355s step_avg:1854.78ms
step:1665/3350 train_time:3088.202s step_avg:1854.78ms
step:1666/3350 train_time:3090.051s step_avg:1854.77ms
step:1667/3350 train_time:3091.893s step_avg:1854.76ms
step:1668/3350 train_time:3093.740s step_avg:1854.76ms
step:1669/3350 train_time:3095.585s step_avg:1854.75ms
step:1670/3350 train_time:3097.434s step_avg:1854.75ms
step:1671/3350 train_time:3099.280s step_avg:1854.75ms
step:1672/3350 train_time:3101.123s step_avg:1854.74ms
step:1673/3350 train_time:3102.967s step_avg:1854.73ms
step:1674/3350 train_time:3104.812s step_avg:1854.73ms
step:1675/3350 train_time:3106.942s step_avg:1854.89ms
step:1676/3350 train_time:3108.785s step_avg:1854.88ms
step:1677/3350 train_time:3110.630s step_avg:1854.88ms
step:1678/3350 train_time:3112.474s step_avg:1854.87ms
step:1679/3350 train_time:3114.324s step_avg:1854.87ms
step:1680/3350 train_time:3116.167s step_avg:1854.86ms
step:1681/3350 train_time:3118.011s step_avg:1854.85ms
step:1682/3350 train_time:3119.855s step_avg:1854.85ms
step:1683/3350 train_time:3121.700s step_avg:1854.84ms
step:1684/3350 train_time:3123.548s step_avg:1854.84ms
step:1685/3350 train_time:3125.393s step_avg:1854.83ms
step:1686/3350 train_time:3127.237s step_avg:1854.83ms
step:1687/3350 train_time:3129.084s step_avg:1854.82ms
step:1688/3350 train_time:3130.926s step_avg:1854.81ms
step:1689/3350 train_time:3132.769s step_avg:1854.81ms
step:1690/3350 train_time:3134.614s step_avg:1854.80ms
step:1691/3350 train_time:3136.459s step_avg:1854.80ms
step:1692/3350 train_time:3138.305s step_avg:1854.79ms
step:1693/3350 train_time:3140.149s step_avg:1854.78ms
step:1694/3350 train_time:3141.995s step_avg:1854.78ms
step:1695/3350 train_time:3143.840s step_avg:1854.77ms
step:1696/3350 train_time:3145.686s step_avg:1854.77ms
step:1697/3350 train_time:3147.530s step_avg:1854.76ms
step:1698/3350 train_time:3149.375s step_avg:1854.76ms
step:1699/3350 train_time:3151.219s step_avg:1854.75ms
step:1700/3350 train_time:3153.350s step_avg:1854.91ms
step:1701/3350 train_time:3155.196s step_avg:1854.91ms
step:1702/3350 train_time:3157.038s step_avg:1854.90ms
step:1703/3350 train_time:3158.887s step_avg:1854.90ms
step:1704/3350 train_time:3160.731s step_avg:1854.89ms
step:1705/3350 train_time:3162.576s step_avg:1854.88ms
step:1706/3350 train_time:3164.421s step_avg:1854.88ms
step:1707/3350 train_time:3166.265s step_avg:1854.87ms
step:1708/3350 train_time:3168.110s step_avg:1854.87ms
step:1709/3350 train_time:3169.955s step_avg:1854.86ms
step:1710/3350 train_time:3171.799s step_avg:1854.85ms
step:1711/3350 train_time:3173.683s step_avg:1854.87ms
step:1712/3350 train_time:3175.531s step_avg:1854.87ms
step:1713/3350 train_time:3177.377s step_avg:1854.86ms
step:1714/3350 train_time:3179.221s step_avg:1854.85ms
step:1715/3350 train_time:3181.064s step_avg:1854.85ms
step:1716/3350 train_time:3182.906s step_avg:1854.84ms
step:1717/3350 train_time:3184.751s step_avg:1854.83ms
step:1718/3350 train_time:3186.596s step_avg:1854.83ms
step:1719/3350 train_time:3188.441s step_avg:1854.82ms
step:1720/3350 train_time:3190.287s step_avg:1854.82ms
step:1721/3350 train_time:3192.133s step_avg:1854.81ms
step:1722/3350 train_time:3193.977s step_avg:1854.81ms
step:1723/3350 train_time:3195.821s step_avg:1854.80ms
step:1724/3350 train_time:3197.667s step_avg:1854.80ms
step:1725/3350 train_time:3199.797s step_avg:1854.95ms
step:1726/3350 train_time:3201.639s step_avg:1854.95ms
step:1727/3350 train_time:3203.483s step_avg:1854.94ms
step:1728/3350 train_time:3205.327s step_avg:1854.93ms
step:1729/3350 train_time:3207.171s step_avg:1854.93ms
step:1730/3350 train_time:3209.016s step_avg:1854.92ms
step:1731/3350 train_time:3210.860s step_avg:1854.92ms
step:1732/3350 train_time:3212.706s step_avg:1854.91ms
step:1733/3350 train_time:3214.549s step_avg:1854.90ms
step:1734/3350 train_time:3216.396s step_avg:1854.90ms
step:1735/3350 train_time:3218.240s step_avg:1854.89ms
step:1736/3350 train_time:3220.086s step_avg:1854.89ms
step:1737/3350 train_time:3221.931s step_avg:1854.88ms
step:1738/3350 train_time:3223.778s step_avg:1854.88ms
step:1739/3350 train_time:3225.623s step_avg:1854.87ms
step:1740/3350 train_time:3227.466s step_avg:1854.87ms
step:1741/3350 train_time:3229.313s step_avg:1854.86ms
step:1742/3350 train_time:3231.155s step_avg:1854.85ms
step:1743/3350 train_time:3232.999s step_avg:1854.85ms
step:1744/3350 train_time:3234.842s step_avg:1854.84ms
step:1745/3350 train_time:3236.686s step_avg:1854.83ms
step:1746/3350 train_time:3238.528s step_avg:1854.83ms
step:1747/3350 train_time:3240.371s step_avg:1854.82ms
step:1748/3350 train_time:3242.216s step_avg:1854.81ms
step:1749/3350 train_time:3244.061s step_avg:1854.81ms
step:1750/3350 train_time:3246.260s step_avg:1855.01ms
step:1750/3350 val_loss:3.47188 train_time:3246.260s step_avg:1856.85ms
step:1751/3350 train_time:3248.107s step_avg:1855.00ms
step:1752/3350 train_time:3249.952s step_avg:1855.00ms
step:1753/3350 train_time:3251.800s step_avg:1854.99ms
step:1754/3350 train_time:3253.644s step_avg:1854.99ms
step:1755/3350 train_time:3255.488s step_avg:1854.98ms
step:1756/3350 train_time:3257.333s step_avg:1854.97ms
step:1757/3350 train_time:3259.177s step_avg:1854.97ms
step:1758/3350 train_time:3261.022s step_avg:1854.96ms
step:1759/3350 train_time:3262.867s step_avg:1854.96ms
step:1760/3350 train_time:3264.712s step_avg:1854.95ms
step:1761/3350 train_time:3266.556s step_avg:1854.94ms
step:1762/3350 train_time:3268.401s step_avg:1854.94ms
step:1763/3350 train_time:3270.245s step_avg:1854.93ms
step:1764/3350 train_time:3272.089s step_avg:1854.93ms
step:1765/3350 train_time:3273.934s step_avg:1854.92ms
step:1766/3350 train_time:3275.778s step_avg:1854.91ms
step:1767/3350 train_time:3277.624s step_avg:1854.91ms
step:1768/3350 train_time:3279.467s step_avg:1854.90ms
step:1769/3350 train_time:3281.312s step_avg:1854.90ms
step:1770/3350 train_time:3283.157s step_avg:1854.89ms
step:1771/3350 train_time:3285.002s step_avg:1854.89ms
step:1772/3350 train_time:3286.846s step_avg:1854.88ms
step:1773/3350 train_time:3288.690s step_avg:1854.87ms
step:1774/3350 train_time:3290.533s step_avg:1854.87ms
step:1775/3350 train_time:3292.662s step_avg:1855.02ms
step:1776/3350 train_time:3294.507s step_avg:1855.02ms
step:1777/3350 train_time:3296.351s step_avg:1855.01ms
step:1778/3350 train_time:3298.194s step_avg:1855.00ms
step:1779/3350 train_time:3300.041s step_avg:1855.00ms
step:1780/3350 train_time:3301.885s step_avg:1854.99ms
step:1781/3350 train_time:3303.731s step_avg:1854.99ms
step:1782/3350 train_time:3305.576s step_avg:1854.98ms
step:1783/3350 train_time:3307.418s step_avg:1854.97ms
step:1784/3350 train_time:3309.261s step_avg:1854.97ms
step:1785/3350 train_time:3311.104s step_avg:1854.96ms
step:1786/3350 train_time:3312.949s step_avg:1854.95ms
step:1787/3350 train_time:3314.797s step_avg:1854.95ms
step:1788/3350 train_time:3316.639s step_avg:1854.94ms
step:1789/3350 train_time:3318.484s step_avg:1854.94ms
step:1790/3350 train_time:3320.331s step_avg:1854.93ms
step:1791/3350 train_time:3322.174s step_avg:1854.93ms
step:1792/3350 train_time:3324.020s step_avg:1854.92ms
step:1793/3350 train_time:3325.865s step_avg:1854.92ms
step:1794/3350 train_time:3327.709s step_avg:1854.91ms
step:1795/3350 train_time:3329.554s step_avg:1854.90ms
step:1796/3350 train_time:3331.399s step_avg:1854.90ms
step:1797/3350 train_time:3333.243s step_avg:1854.89ms
step:1798/3350 train_time:3335.086s step_avg:1854.89ms
step:1799/3350 train_time:3336.931s step_avg:1854.88ms
step:1800/3350 train_time:3339.069s step_avg:1855.04ms
step:1801/3350 train_time:3340.913s step_avg:1855.03ms
step:1802/3350 train_time:3342.757s step_avg:1855.03ms
step:1803/3350 train_time:3344.601s step_avg:1855.02ms
step:1804/3350 train_time:3346.446s step_avg:1855.01ms
step:1805/3350 train_time:3348.292s step_avg:1855.01ms
step:1806/3350 train_time:3350.137s step_avg:1855.00ms
step:1807/3350 train_time:3351.981s step_avg:1855.00ms
step:1808/3350 train_time:3353.829s step_avg:1854.99ms
step:1809/3350 train_time:3355.675s step_avg:1854.99ms
step:1810/3350 train_time:3357.521s step_avg:1854.98ms
step:1811/3350 train_time:3359.363s step_avg:1854.98ms
step:1812/3350 train_time:3361.209s step_avg:1854.97ms
step:1813/3350 train_time:3363.053s step_avg:1854.97ms
step:1814/3350 train_time:3364.899s step_avg:1854.96ms
step:1815/3350 train_time:3366.743s step_avg:1854.95ms
step:1816/3350 train_time:3368.586s step_avg:1854.95ms
step:1817/3350 train_time:3370.429s step_avg:1854.94ms
step:1818/3350 train_time:3372.274s step_avg:1854.94ms
step:1819/3350 train_time:3374.118s step_avg:1854.93ms
step:1820/3350 train_time:3375.962s step_avg:1854.92ms
step:1821/3350 train_time:3377.805s step_avg:1854.92ms
step:1822/3350 train_time:3379.650s step_avg:1854.91ms
step:1823/3350 train_time:3381.494s step_avg:1854.91ms
step:1824/3350 train_time:3383.337s step_avg:1854.90ms
step:1825/3350 train_time:3385.460s step_avg:1855.05ms
step:1826/3350 train_time:3387.304s step_avg:1855.04ms
step:1827/3350 train_time:3389.149s step_avg:1855.03ms
step:1828/3350 train_time:3390.993s step_avg:1855.03ms
step:1829/3350 train_time:3392.836s step_avg:1855.02ms
step:1830/3350 train_time:3394.679s step_avg:1855.02ms
step:1831/3350 train_time:3396.522s step_avg:1855.01ms
step:1832/3350 train_time:3398.366s step_avg:1855.00ms
step:1833/3350 train_time:3400.210s step_avg:1855.00ms
step:1834/3350 train_time:3402.055s step_avg:1854.99ms
step:1835/3350 train_time:3403.901s step_avg:1854.99ms
step:1836/3350 train_time:3405.750s step_avg:1854.98ms
step:1837/3350 train_time:3407.594s step_avg:1854.98ms
step:1838/3350 train_time:3409.437s step_avg:1854.97ms
step:1839/3350 train_time:3411.283s step_avg:1854.97ms
step:1840/3350 train_time:3413.127s step_avg:1854.96ms
step:1841/3350 train_time:3414.970s step_avg:1854.95ms
step:1842/3350 train_time:3416.814s step_avg:1854.95ms
step:1843/3350 train_time:3418.658s step_avg:1854.94ms
step:1844/3350 train_time:3420.501s step_avg:1854.94ms
step:1845/3350 train_time:3422.346s step_avg:1854.93ms
step:1846/3350 train_time:3424.191s step_avg:1854.92ms
step:1847/3350 train_time:3426.035s step_avg:1854.92ms
step:1848/3350 train_time:3427.882s step_avg:1854.91ms
step:1849/3350 train_time:3429.724s step_avg:1854.91ms
step:1850/3350 train_time:3431.848s step_avg:1855.05ms
step:1851/3350 train_time:3433.690s step_avg:1855.05ms
step:1852/3350 train_time:3435.533s step_avg:1855.04ms
step:1853/3350 train_time:3437.375s step_avg:1855.03ms
step:1854/3350 train_time:3439.217s step_avg:1855.03ms
step:1855/3350 train_time:3441.061s step_avg:1855.02ms
step:1856/3350 train_time:3442.905s step_avg:1855.01ms
step:1857/3350 train_time:3444.747s step_avg:1855.01ms
step:1858/3350 train_time:3446.590s step_avg:1855.00ms
step:1859/3350 train_time:3448.433s step_avg:1854.99ms
step:1860/3350 train_time:3450.276s step_avg:1854.99ms
step:1861/3350 train_time:3452.121s step_avg:1854.98ms
step:1862/3350 train_time:3453.967s step_avg:1854.98ms
step:1863/3350 train_time:3455.811s step_avg:1854.97ms
step:1864/3350 train_time:3457.656s step_avg:1854.97ms
step:1865/3350 train_time:3459.497s step_avg:1854.96ms
step:1866/3350 train_time:3461.343s step_avg:1854.95ms
step:1867/3350 train_time:3463.186s step_avg:1854.95ms
step:1868/3350 train_time:3465.029s step_avg:1854.94ms
step:1869/3350 train_time:3466.873s step_avg:1854.93ms
step:1870/3350 train_time:3468.715s step_avg:1854.93ms
step:1871/3350 train_time:3470.560s step_avg:1854.92ms
step:1872/3350 train_time:3472.403s step_avg:1854.92ms
step:1873/3350 train_time:3474.246s step_avg:1854.91ms
step:1874/3350 train_time:3476.090s step_avg:1854.90ms
step:1875/3350 train_time:3478.283s step_avg:1855.08ms
step:1875/3350 val_loss:3.45283 train_time:3478.283s step_avg:1856.19ms
step:1876/3350 train_time:3480.128s step_avg:1855.08ms
step:1877/3350 train_time:3481.974s step_avg:1855.07ms
step:1878/3350 train_time:3483.816s step_avg:1855.07ms
step:1879/3350 train_time:3485.659s step_avg:1855.06ms
step:1880/3350 train_time:3487.502s step_avg:1855.05ms
step:1881/3350 train_time:3489.345s step_avg:1855.05ms
step:1882/3350 train_time:3491.188s step_avg:1855.04ms
step:1883/3350 train_time:3493.033s step_avg:1855.04ms
step:1884/3350 train_time:3494.875s step_avg:1855.03ms
step:1885/3350 train_time:3496.718s step_avg:1855.02ms
step:1886/3350 train_time:3498.560s step_avg:1855.02ms
step:1887/3350 train_time:3500.404s step_avg:1855.01ms
step:1888/3350 train_time:3502.246s step_avg:1855.00ms
step:1889/3350 train_time:3504.090s step_avg:1855.00ms
step:1890/3350 train_time:3505.932s step_avg:1854.99ms
step:1891/3350 train_time:3507.774s step_avg:1854.98ms
step:1892/3350 train_time:3509.619s step_avg:1854.98ms
step:1893/3350 train_time:3511.461s step_avg:1854.97ms
step:1894/3350 train_time:3513.303s step_avg:1854.96ms
step:1895/3350 train_time:3515.148s step_avg:1854.96ms
step:1896/3350 train_time:3516.990s step_avg:1854.95ms
step:1897/3350 train_time:3518.833s step_avg:1854.95ms
step:1898/3350 train_time:3520.678s step_avg:1854.94ms
step:1899/3350 train_time:3522.520s step_avg:1854.93ms
step:1900/3350 train_time:3524.650s step_avg:1855.08ms
step:1901/3350 train_time:3526.522s step_avg:1855.09ms
step:1902/3350 train_time:3528.366s step_avg:1855.08ms
step:1903/3350 train_time:3530.211s step_avg:1855.08ms
step:1904/3350 train_time:3532.054s step_avg:1855.07ms
step:1905/3350 train_time:3533.897s step_avg:1855.06ms
step:1906/3350 train_time:3535.739s step_avg:1855.06ms
step:1907/3350 train_time:3537.583s step_avg:1855.05ms
step:1908/3350 train_time:3539.428s step_avg:1855.05ms
step:1909/3350 train_time:3541.270s step_avg:1855.04ms
step:1910/3350 train_time:3543.111s step_avg:1855.03ms
step:1911/3350 train_time:3544.956s step_avg:1855.03ms
step:1912/3350 train_time:3546.798s step_avg:1855.02ms
step:1913/3350 train_time:3548.641s step_avg:1855.01ms
step:1914/3350 train_time:3550.483s step_avg:1855.01ms
step:1915/3350 train_time:3552.325s step_avg:1855.00ms
step:1916/3350 train_time:3554.168s step_avg:1854.99ms
step:1917/3350 train_time:3556.010s step_avg:1854.99ms
step:1918/3350 train_time:3557.853s step_avg:1854.98ms
step:1919/3350 train_time:3559.697s step_avg:1854.97ms
step:1920/3350 train_time:3561.539s step_avg:1854.97ms
step:1921/3350 train_time:3563.382s step_avg:1854.96ms
step:1922/3350 train_time:3565.224s step_avg:1854.96ms
step:1923/3350 train_time:3567.066s step_avg:1854.95ms
step:1924/3350 train_time:3568.908s step_avg:1854.94ms
step:1925/3350 train_time:3571.033s step_avg:1855.08ms
step:1926/3350 train_time:3572.876s step_avg:1855.08ms
step:1927/3350 train_time:3574.718s step_avg:1855.07ms
step:1928/3350 train_time:3576.561s step_avg:1855.06ms
step:1929/3350 train_time:3578.405s step_avg:1855.06ms
step:1930/3350 train_time:3580.250s step_avg:1855.05ms
step:1931/3350 train_time:3582.094s step_avg:1855.05ms
step:1932/3350 train_time:3583.939s step_avg:1855.04ms
step:1933/3350 train_time:3585.783s step_avg:1855.04ms
step:1934/3350 train_time:3587.630s step_avg:1855.03ms
step:1935/3350 train_time:3589.474s step_avg:1855.03ms
step:1936/3350 train_time:3591.320s step_avg:1855.02ms
step:1937/3350 train_time:3593.162s step_avg:1855.01ms
step:1938/3350 train_time:3595.005s step_avg:1855.01ms
step:1939/3350 train_time:3596.850s step_avg:1855.00ms
step:1940/3350 train_time:3598.692s step_avg:1855.00ms
step:1941/3350 train_time:3600.535s step_avg:1854.99ms
step:1942/3350 train_time:3602.377s step_avg:1854.98ms
step:1943/3350 train_time:3604.219s step_avg:1854.98ms
step:1944/3350 train_time:3606.061s step_avg:1854.97ms
step:1945/3350 train_time:3607.903s step_avg:1854.96ms
step:1946/3350 train_time:3609.744s step_avg:1854.96ms
step:1947/3350 train_time:3611.585s step_avg:1854.95ms
step:1948/3350 train_time:3613.427s step_avg:1854.94ms
step:1949/3350 train_time:3615.268s step_avg:1854.94ms
step:1950/3350 train_time:3617.389s step_avg:1855.07ms
step:1951/3350 train_time:3619.231s step_avg:1855.06ms
step:1952/3350 train_time:3621.075s step_avg:1855.06ms
step:1953/3350 train_time:3622.919s step_avg:1855.05ms
step:1954/3350 train_time:3624.761s step_avg:1855.05ms
step:1955/3350 train_time:3626.602s step_avg:1855.04ms
step:1956/3350 train_time:3628.443s step_avg:1855.03ms
step:1957/3350 train_time:3630.287s step_avg:1855.03ms
step:1958/3350 train_time:3632.128s step_avg:1855.02ms
step:1959/3350 train_time:3633.971s step_avg:1855.01ms
step:1960/3350 train_time:3635.813s step_avg:1855.01ms
step:1961/3350 train_time:3637.656s step_avg:1855.00ms
step:1962/3350 train_time:3639.498s step_avg:1854.99ms
step:1963/3350 train_time:3641.336s step_avg:1854.99ms
step:1964/3350 train_time:3643.178s step_avg:1854.98ms
step:1965/3350 train_time:3645.023s step_avg:1854.97ms
step:1966/3350 train_time:3646.866s step_avg:1854.97ms
step:1967/3350 train_time:3648.707s step_avg:1854.96ms
step:1968/3350 train_time:3650.549s step_avg:1854.95ms
step:1969/3350 train_time:3652.390s step_avg:1854.95ms
step:1970/3350 train_time:3654.231s step_avg:1854.94ms
step:1971/3350 train_time:3656.075s step_avg:1854.93ms
step:1972/3350 train_time:3657.919s step_avg:1854.93ms
step:1973/3350 train_time:3659.759s step_avg:1854.92ms
step:1974/3350 train_time:3661.600s step_avg:1854.91ms
step:1975/3350 train_time:3663.717s step_avg:1855.05ms
step:1976/3350 train_time:3665.559s step_avg:1855.04ms
step:1977/3350 train_time:3667.400s step_avg:1855.03ms
step:1978/3350 train_time:3669.243s step_avg:1855.03ms
step:1979/3350 train_time:3671.083s step_avg:1855.02ms
step:1980/3350 train_time:3672.924s step_avg:1855.01ms
step:1981/3350 train_time:3674.767s step_avg:1855.01ms
step:1982/3350 train_time:3676.610s step_avg:1855.00ms
step:1983/3350 train_time:3678.455s step_avg:1854.99ms
step:1984/3350 train_time:3680.298s step_avg:1854.99ms
step:1985/3350 train_time:3682.143s step_avg:1854.98ms
step:1986/3350 train_time:3683.987s step_avg:1854.98ms
step:1987/3350 train_time:3685.830s step_avg:1854.97ms
step:1988/3350 train_time:3687.674s step_avg:1854.97ms
step:1989/3350 train_time:3689.518s step_avg:1854.96ms
step:1990/3350 train_time:3691.362s step_avg:1854.96ms
step:1991/3350 train_time:3693.206s step_avg:1854.95ms
step:1992/3350 train_time:3695.049s step_avg:1854.94ms
step:1993/3350 train_time:3696.892s step_avg:1854.94ms
step:1994/3350 train_time:3698.735s step_avg:1854.93ms
step:1995/3350 train_time:3700.579s step_avg:1854.93ms
step:1996/3350 train_time:3702.424s step_avg:1854.92ms
step:1997/3350 train_time:3704.268s step_avg:1854.92ms
step:1998/3350 train_time:3706.111s step_avg:1854.91ms
step:1999/3350 train_time:3707.955s step_avg:1854.90ms
step:2000/3350 train_time:3710.167s step_avg:1855.08ms
step:2000/3350 val_loss:3.43384 train_time:3710.167s step_avg:1855.07ms
step:2001/3350 train_time:3712.014s step_avg:1855.08ms
step:2002/3350 train_time:3713.860s step_avg:1855.08ms
step:2003/3350 train_time:3715.702s step_avg:1855.07ms
step:2004/3350 train_time:3717.547s step_avg:1855.06ms
step:2005/3350 train_time:3719.391s step_avg:1855.06ms
step:2006/3350 train_time:3721.237s step_avg:1855.05ms
step:2007/3350 train_time:3723.080s step_avg:1855.05ms
step:2008/3350 train_time:3724.922s step_avg:1855.04ms
step:2009/3350 train_time:3726.765s step_avg:1855.03ms
step:2010/3350 train_time:3728.611s step_avg:1855.03ms
step:2011/3350 train_time:3730.454s step_avg:1855.02ms
step:2012/3350 train_time:3732.298s step_avg:1855.02ms
step:2013/3350 train_time:3734.142s step_avg:1855.01ms
step:2014/3350 train_time:3735.985s step_avg:1855.01ms
step:2015/3350 train_time:3737.829s step_avg:1855.00ms
step:2016/3350 train_time:3739.673s step_avg:1855.00ms
step:2017/3350 train_time:3741.517s step_avg:1854.99ms
step:2018/3350 train_time:3743.359s step_avg:1854.98ms
step:2019/3350 train_time:3745.206s step_avg:1854.98ms
step:2020/3350 train_time:3747.052s step_avg:1854.98ms
step:2021/3350 train_time:3748.895s step_avg:1854.97ms
step:2022/3350 train_time:3750.739s step_avg:1854.96ms
step:2023/3350 train_time:3752.582s step_avg:1854.96ms
step:2024/3350 train_time:3754.429s step_avg:1854.96ms
step:2025/3350 train_time:3756.561s step_avg:1855.09ms
step:2026/3350 train_time:3758.403s step_avg:1855.09ms
step:2027/3350 train_time:3760.247s step_avg:1855.08ms
step:2028/3350 train_time:3762.091s step_avg:1855.07ms
step:2029/3350 train_time:3763.935s step_avg:1855.07ms
step:2030/3350 train_time:3765.777s step_avg:1855.06ms
step:2031/3350 train_time:3767.621s step_avg:1855.06ms
step:2032/3350 train_time:3769.467s step_avg:1855.05ms
step:2033/3350 train_time:3771.311s step_avg:1855.05ms
step:2034/3350 train_time:3773.152s step_avg:1855.04ms
step:2035/3350 train_time:3774.994s step_avg:1855.03ms
step:2036/3350 train_time:3776.840s step_avg:1855.03ms
step:2037/3350 train_time:3778.682s step_avg:1855.02ms
step:2038/3350 train_time:3780.524s step_avg:1855.02ms
step:2039/3350 train_time:3782.367s step_avg:1855.01ms
step:2040/3350 train_time:3784.209s step_avg:1855.00ms
step:2041/3350 train_time:3786.053s step_avg:1855.00ms
step:2042/3350 train_time:3787.896s step_avg:1854.99ms
step:2043/3350 train_time:3789.741s step_avg:1854.99ms
step:2044/3350 train_time:3791.585s step_avg:1854.98ms
step:2045/3350 train_time:3793.429s step_avg:1854.98ms
step:2046/3350 train_time:3795.272s step_avg:1854.97ms
step:2047/3350 train_time:3797.115s step_avg:1854.97ms
step:2048/3350 train_time:3798.957s step_avg:1854.96ms
step:2049/3350 train_time:3800.799s step_avg:1854.95ms
step:2050/3350 train_time:3802.924s step_avg:1855.08ms
step:2051/3350 train_time:3804.766s step_avg:1855.08ms
step:2052/3350 train_time:3806.609s step_avg:1855.07ms
step:2053/3350 train_time:3808.453s step_avg:1855.07ms
step:2054/3350 train_time:3810.297s step_avg:1855.06ms
step:2055/3350 train_time:3812.142s step_avg:1855.06ms
step:2056/3350 train_time:3813.984s step_avg:1855.05ms
step:2057/3350 train_time:3815.827s step_avg:1855.04ms
step:2058/3350 train_time:3817.670s step_avg:1855.04ms
step:2059/3350 train_time:3819.513s step_avg:1855.03ms
step:2060/3350 train_time:3821.355s step_avg:1855.03ms
step:2061/3350 train_time:3823.199s step_avg:1855.02ms
step:2062/3350 train_time:3825.041s step_avg:1855.02ms
step:2063/3350 train_time:3826.885s step_avg:1855.01ms
step:2064/3350 train_time:3828.727s step_avg:1855.00ms
step:2065/3350 train_time:3830.569s step_avg:1855.00ms
step:2066/3350 train_time:3832.412s step_avg:1854.99ms
step:2067/3350 train_time:3834.253s step_avg:1854.98ms
step:2068/3350 train_time:3836.095s step_avg:1854.98ms
step:2069/3350 train_time:3837.939s step_avg:1854.97ms
step:2070/3350 train_time:3839.783s step_avg:1854.97ms
step:2071/3350 train_time:3841.627s step_avg:1854.96ms
step:2072/3350 train_time:3843.472s step_avg:1854.96ms
step:2073/3350 train_time:3845.313s step_avg:1854.95ms
step:2074/3350 train_time:3847.158s step_avg:1854.95ms
step:2075/3350 train_time:3849.288s step_avg:1855.08ms
step:2076/3350 train_time:3851.133s step_avg:1855.07ms
step:2077/3350 train_time:3852.978s step_avg:1855.07ms
step:2078/3350 train_time:3854.823s step_avg:1855.06ms
step:2079/3350 train_time:3856.669s step_avg:1855.06ms
step:2080/3350 train_time:3858.513s step_avg:1855.05ms
step:2081/3350 train_time:3860.359s step_avg:1855.05ms
step:2082/3350 train_time:3862.205s step_avg:1855.05ms
step:2083/3350 train_time:3864.048s step_avg:1855.04ms
step:2084/3350 train_time:3865.890s step_avg:1855.03ms
step:2085/3350 train_time:3867.732s step_avg:1855.03ms
step:2086/3350 train_time:3869.575s step_avg:1855.02ms
step:2087/3350 train_time:3871.416s step_avg:1855.02ms
step:2088/3350 train_time:3873.260s step_avg:1855.01ms
step:2089/3350 train_time:3875.101s step_avg:1855.00ms
step:2090/3350 train_time:3876.943s step_avg:1855.00ms
step:2091/3350 train_time:3878.821s step_avg:1855.01ms
step:2092/3350 train_time:3880.663s step_avg:1855.00ms
step:2093/3350 train_time:3882.504s step_avg:1854.99ms
step:2094/3350 train_time:3884.344s step_avg:1854.99ms
step:2095/3350 train_time:3886.186s step_avg:1854.98ms
step:2096/3350 train_time:3888.028s step_avg:1854.98ms
step:2097/3350 train_time:3889.871s step_avg:1854.97ms
step:2098/3350 train_time:3891.713s step_avg:1854.96ms
step:2099/3350 train_time:3893.555s step_avg:1854.96ms
step:2100/3350 train_time:3895.687s step_avg:1855.09ms
step:2101/3350 train_time:3897.530s step_avg:1855.08ms
step:2102/3350 train_time:3899.372s step_avg:1855.08ms
step:2103/3350 train_time:3901.214s step_avg:1855.07ms
step:2104/3350 train_time:3903.059s step_avg:1855.07ms
step:2105/3350 train_time:3904.902s step_avg:1855.06ms
step:2106/3350 train_time:3906.744s step_avg:1855.05ms
step:2107/3350 train_time:3908.589s step_avg:1855.05ms
step:2108/3350 train_time:3910.433s step_avg:1855.04ms
step:2109/3350 train_time:3912.275s step_avg:1855.04ms
step:2110/3350 train_time:3914.117s step_avg:1855.03ms
step:2111/3350 train_time:3915.959s step_avg:1855.03ms
step:2112/3350 train_time:3917.800s step_avg:1855.02ms
step:2113/3350 train_time:3919.643s step_avg:1855.01ms
step:2114/3350 train_time:3921.485s step_avg:1855.01ms
step:2115/3350 train_time:3923.326s step_avg:1855.00ms
step:2116/3350 train_time:3925.167s step_avg:1854.99ms
step:2117/3350 train_time:3927.011s step_avg:1854.99ms
step:2118/3350 train_time:3928.856s step_avg:1854.98ms
step:2119/3350 train_time:3930.698s step_avg:1854.98ms
step:2120/3350 train_time:3932.539s step_avg:1854.97ms
step:2121/3350 train_time:3934.381s step_avg:1854.96ms
step:2122/3350 train_time:3936.225s step_avg:1854.96ms
step:2123/3350 train_time:3938.068s step_avg:1854.95ms
step:2124/3350 train_time:3939.911s step_avg:1854.95ms
step:2125/3350 train_time:3942.093s step_avg:1855.10ms
step:2125/3350 val_loss:3.41742 train_time:3942.093s step_avg:1855.41ms
step:2126/3350 train_time:3943.935s step_avg:1855.10ms
step:2127/3350 train_time:3945.777s step_avg:1855.09ms
step:2128/3350 train_time:3947.618s step_avg:1855.08ms
step:2129/3350 train_time:3949.461s step_avg:1855.08ms
step:2130/3350 train_time:3951.302s step_avg:1855.07ms
step:2131/3350 train_time:3953.146s step_avg:1855.07ms
step:2132/3350 train_time:3954.988s step_avg:1855.06ms
step:2133/3350 train_time:3956.831s step_avg:1855.05ms
step:2134/3350 train_time:3958.673s step_avg:1855.05ms
step:2135/3350 train_time:3960.515s step_avg:1855.04ms
step:2136/3350 train_time:3962.358s step_avg:1855.04ms
step:2137/3350 train_time:3964.201s step_avg:1855.03ms
step:2138/3350 train_time:3966.047s step_avg:1855.03ms
step:2139/3350 train_time:3967.889s step_avg:1855.02ms
step:2140/3350 train_time:3969.731s step_avg:1855.01ms
step:2141/3350 train_time:3971.575s step_avg:1855.01ms
step:2142/3350 train_time:3973.416s step_avg:1855.00ms
step:2143/3350 train_time:3975.257s step_avg:1855.00ms
step:2144/3350 train_time:3977.098s step_avg:1854.99ms
step:2145/3350 train_time:3978.942s step_avg:1854.98ms
step:2146/3350 train_time:3980.783s step_avg:1854.98ms
step:2147/3350 train_time:3982.624s step_avg:1854.97ms
step:2148/3350 train_time:3984.468s step_avg:1854.97ms
step:2149/3350 train_time:3986.310s step_avg:1854.96ms
step:2150/3350 train_time:3988.430s step_avg:1855.08ms
step:2151/3350 train_time:3990.270s step_avg:1855.08ms
step:2152/3350 train_time:3992.111s step_avg:1855.07ms
step:2153/3350 train_time:3993.952s step_avg:1855.06ms
step:2154/3350 train_time:3995.793s step_avg:1855.06ms
step:2155/3350 train_time:3997.635s step_avg:1855.05ms
step:2156/3350 train_time:3999.476s step_avg:1855.04ms
step:2157/3350 train_time:4001.318s step_avg:1855.04ms
step:2158/3350 train_time:4003.159s step_avg:1855.03ms
step:2159/3350 train_time:4005.000s step_avg:1855.03ms
step:2160/3350 train_time:4006.844s step_avg:1855.02ms
step:2161/3350 train_time:4008.686s step_avg:1855.01ms
step:2162/3350 train_time:4010.531s step_avg:1855.01ms
step:2163/3350 train_time:4012.375s step_avg:1855.00ms
step:2164/3350 train_time:4014.217s step_avg:1855.00ms
step:2165/3350 train_time:4016.061s step_avg:1854.99ms
step:2166/3350 train_time:4017.906s step_avg:1854.99ms
step:2167/3350 train_time:4019.752s step_avg:1854.98ms
step:2168/3350 train_time:4021.597s step_avg:1854.98ms
step:2169/3350 train_time:4023.439s step_avg:1854.97ms
step:2170/3350 train_time:4025.282s step_avg:1854.97ms
step:2171/3350 train_time:4027.124s step_avg:1854.96ms
step:2172/3350 train_time:4028.969s step_avg:1854.96ms
step:2173/3350 train_time:4030.812s step_avg:1854.95ms
step:2174/3350 train_time:4032.655s step_avg:1854.95ms
step:2175/3350 train_time:4034.788s step_avg:1855.07ms
step:2176/3350 train_time:4036.631s step_avg:1855.07ms
step:2177/3350 train_time:4038.476s step_avg:1855.06ms
step:2178/3350 train_time:4040.321s step_avg:1855.06ms
step:2179/3350 train_time:4042.165s step_avg:1855.05ms
step:2180/3350 train_time:4044.007s step_avg:1855.05ms
step:2181/3350 train_time:4045.851s step_avg:1855.04ms
step:2182/3350 train_time:4047.694s step_avg:1855.04ms
step:2183/3350 train_time:4049.538s step_avg:1855.03ms
step:2184/3350 train_time:4051.384s step_avg:1855.03ms
step:2185/3350 train_time:4053.227s step_avg:1855.02ms
step:2186/3350 train_time:4055.071s step_avg:1855.02ms
step:2187/3350 train_time:4056.917s step_avg:1855.01ms
step:2188/3350 train_time:4058.763s step_avg:1855.01ms
step:2189/3350 train_time:4060.609s step_avg:1855.01ms
step:2190/3350 train_time:4062.453s step_avg:1855.00ms
step:2191/3350 train_time:4064.296s step_avg:1855.00ms
step:2192/3350 train_time:4066.140s step_avg:1854.99ms
step:2193/3350 train_time:4067.985s step_avg:1854.99ms
step:2194/3350 train_time:4069.831s step_avg:1854.98ms
step:2195/3350 train_time:4071.676s step_avg:1854.98ms
step:2196/3350 train_time:4073.521s step_avg:1854.97ms
step:2197/3350 train_time:4075.362s step_avg:1854.97ms
step:2198/3350 train_time:4077.206s step_avg:1854.96ms
step:2199/3350 train_time:4079.050s step_avg:1854.96ms
step:2200/3350 train_time:4081.190s step_avg:1855.09ms
step:2201/3350 train_time:4083.034s step_avg:1855.08ms
step:2202/3350 train_time:4084.876s step_avg:1855.08ms
step:2203/3350 train_time:4086.718s step_avg:1855.07ms
step:2204/3350 train_time:4088.563s step_avg:1855.06ms
step:2205/3350 train_time:4090.409s step_avg:1855.06ms
step:2206/3350 train_time:4092.255s step_avg:1855.06ms
step:2207/3350 train_time:4094.098s step_avg:1855.05ms
step:2208/3350 train_time:4095.942s step_avg:1855.05ms
step:2209/3350 train_time:4097.785s step_avg:1855.04ms
step:2210/3350 train_time:4099.629s step_avg:1855.04ms
step:2211/3350 train_time:4101.475s step_avg:1855.03ms
step:2212/3350 train_time:4103.316s step_avg:1855.03ms
step:2213/3350 train_time:4105.160s step_avg:1855.02ms
step:2214/3350 train_time:4107.007s step_avg:1855.02ms
step:2215/3350 train_time:4108.852s step_avg:1855.01ms
step:2216/3350 train_time:4110.696s step_avg:1855.01ms
step:2217/3350 train_time:4112.537s step_avg:1855.00ms
step:2218/3350 train_time:4114.380s step_avg:1855.00ms
step:2219/3350 train_time:4116.222s step_avg:1854.99ms
step:2220/3350 train_time:4118.066s step_avg:1854.98ms
step:2221/3350 train_time:4119.909s step_avg:1854.98ms
step:2222/3350 train_time:4121.751s step_avg:1854.97ms
step:2223/3350 train_time:4123.593s step_avg:1854.97ms
step:2224/3350 train_time:4125.434s step_avg:1854.96ms
step:2225/3350 train_time:4127.554s step_avg:1855.08ms
step:2226/3350 train_time:4129.397s step_avg:1855.08ms
step:2227/3350 train_time:4131.239s step_avg:1855.07ms
step:2228/3350 train_time:4133.081s step_avg:1855.06ms
step:2229/3350 train_time:4134.925s step_avg:1855.06ms
step:2230/3350 train_time:4136.769s step_avg:1855.05ms
step:2231/3350 train_time:4138.613s step_avg:1855.05ms
step:2232/3350 train_time:4140.453s step_avg:1855.04ms
step:2233/3350 train_time:4142.294s step_avg:1855.04ms
step:2234/3350 train_time:4144.138s step_avg:1855.03ms
step:2235/3350 train_time:4145.980s step_avg:1855.02ms
step:2236/3350 train_time:4147.823s step_avg:1855.02ms
step:2237/3350 train_time:4149.667s step_avg:1855.01ms
step:2238/3350 train_time:4151.508s step_avg:1855.01ms
step:2239/3350 train_time:4153.352s step_avg:1855.00ms
step:2240/3350 train_time:4155.192s step_avg:1855.00ms
step:2241/3350 train_time:4157.035s step_avg:1854.99ms
step:2242/3350 train_time:4158.877s step_avg:1854.99ms
step:2243/3350 train_time:4160.719s step_avg:1854.98ms
step:2244/3350 train_time:4162.562s step_avg:1854.97ms
step:2245/3350 train_time:4164.406s step_avg:1854.97ms
step:2246/3350 train_time:4166.251s step_avg:1854.96ms
step:2247/3350 train_time:4168.092s step_avg:1854.96ms
step:2248/3350 train_time:4169.934s step_avg:1854.95ms
step:2249/3350 train_time:4171.775s step_avg:1854.95ms
step:2250/3350 train_time:4173.959s step_avg:1855.09ms
step:2250/3350 val_loss:3.40092 train_time:4173.960s step_avg:1854.93ms
step:2251/3350 train_time:4175.802s step_avg:1855.09ms
step:2252/3350 train_time:4177.643s step_avg:1855.08ms
step:2253/3350 train_time:4179.485s step_avg:1855.08ms
step:2254/3350 train_time:4181.328s step_avg:1855.07ms
step:2255/3350 train_time:4183.170s step_avg:1855.06ms
step:2256/3350 train_time:4185.011s step_avg:1855.06ms
step:2257/3350 train_time:4186.853s step_avg:1855.05ms
step:2258/3350 train_time:4188.697s step_avg:1855.05ms
step:2259/3350 train_time:4190.539s step_avg:1855.04ms
step:2260/3350 train_time:4192.382s step_avg:1855.04ms
step:2261/3350 train_time:4194.225s step_avg:1855.03ms
step:2262/3350 train_time:4196.068s step_avg:1855.03ms
step:2263/3350 train_time:4197.909s step_avg:1855.02ms
step:2264/3350 train_time:4199.750s step_avg:1855.01ms
step:2265/3350 train_time:4201.596s step_avg:1855.01ms
step:2266/3350 train_time:4203.439s step_avg:1855.00ms
step:2267/3350 train_time:4205.283s step_avg:1855.00ms
step:2268/3350 train_time:4207.125s step_avg:1854.99ms
step:2269/3350 train_time:4208.967s step_avg:1854.99ms
step:2270/3350 train_time:4210.811s step_avg:1854.98ms
step:2271/3350 train_time:4212.653s step_avg:1854.98ms
step:2272/3350 train_time:4214.495s step_avg:1854.97ms
step:2273/3350 train_time:4216.344s step_avg:1854.97ms
step:2274/3350 train_time:4218.187s step_avg:1854.96ms
step:2275/3350 train_time:4220.314s step_avg:1855.08ms
step:2276/3350 train_time:4222.158s step_avg:1855.08ms
step:2277/3350 train_time:4224.003s step_avg:1855.07ms
step:2278/3350 train_time:4225.844s step_avg:1855.07ms
step:2279/3350 train_time:4227.686s step_avg:1855.06ms
step:2280/3350 train_time:4229.528s step_avg:1855.06ms
step:2281/3350 train_time:4231.404s step_avg:1855.07ms
step:2282/3350 train_time:4233.248s step_avg:1855.06ms
step:2283/3350 train_time:4235.091s step_avg:1855.06ms
step:2284/3350 train_time:4236.933s step_avg:1855.05ms
step:2285/3350 train_time:4238.775s step_avg:1855.04ms
step:2286/3350 train_time:4240.616s step_avg:1855.04ms
step:2287/3350 train_time:4242.458s step_avg:1855.03ms
step:2288/3350 train_time:4244.300s step_avg:1855.03ms
step:2289/3350 train_time:4246.141s step_avg:1855.02ms
step:2290/3350 train_time:4247.983s step_avg:1855.01ms
step:2291/3350 train_time:4249.829s step_avg:1855.01ms
step:2292/3350 train_time:4251.670s step_avg:1855.00ms
step:2293/3350 train_time:4253.512s step_avg:1855.00ms
step:2294/3350 train_time:4255.359s step_avg:1855.00ms
step:2295/3350 train_time:4257.202s step_avg:1854.99ms
step:2296/3350 train_time:4259.046s step_avg:1854.99ms
step:2297/3350 train_time:4260.890s step_avg:1854.98ms
step:2298/3350 train_time:4262.733s step_avg:1854.98ms
step:2299/3350 train_time:4264.576s step_avg:1854.97ms
step:2300/3350 train_time:4266.714s step_avg:1855.09ms
step:2301/3350 train_time:4268.559s step_avg:1855.09ms
step:2302/3350 train_time:4270.401s step_avg:1855.08ms
step:2303/3350 train_time:4272.245s step_avg:1855.08ms
step:2304/3350 train_time:4274.087s step_avg:1855.07ms
step:2305/3350 train_time:4275.929s step_avg:1855.07ms
step:2306/3350 train_time:4277.770s step_avg:1855.06ms
step:2307/3350 train_time:4279.612s step_avg:1855.06ms
step:2308/3350 train_time:4281.454s step_avg:1855.05ms
step:2309/3350 train_time:4283.295s step_avg:1855.04ms
step:2310/3350 train_time:4285.137s step_avg:1855.04ms
step:2311/3350 train_time:4286.981s step_avg:1855.03ms
step:2312/3350 train_time:4288.824s step_avg:1855.03ms
step:2313/3350 train_time:4290.665s step_avg:1855.02ms
step:2314/3350 train_time:4292.508s step_avg:1855.02ms
step:2315/3350 train_time:4294.349s step_avg:1855.01ms
step:2316/3350 train_time:4296.193s step_avg:1855.01ms
step:2317/3350 train_time:4298.036s step_avg:1855.00ms
step:2318/3350 train_time:4299.876s step_avg:1854.99ms
step:2319/3350 train_time:4301.718s step_avg:1854.99ms
step:2320/3350 train_time:4303.560s step_avg:1854.98ms
step:2321/3350 train_time:4305.401s step_avg:1854.98ms
step:2322/3350 train_time:4307.243s step_avg:1854.97ms
step:2323/3350 train_time:4309.085s step_avg:1854.97ms
step:2324/3350 train_time:4310.928s step_avg:1854.96ms
step:2325/3350 train_time:4313.047s step_avg:1855.07ms
step:2326/3350 train_time:4314.887s step_avg:1855.07ms
step:2327/3350 train_time:4316.728s step_avg:1855.06ms
step:2328/3350 train_time:4318.570s step_avg:1855.06ms
step:2329/3350 train_time:4320.410s step_avg:1855.05ms
step:2330/3350 train_time:4322.253s step_avg:1855.04ms
step:2331/3350 train_time:4324.096s step_avg:1855.04ms
step:2332/3350 train_time:4325.939s step_avg:1855.03ms
step:2333/3350 train_time:4327.781s step_avg:1855.03ms
step:2334/3350 train_time:4329.623s step_avg:1855.02ms
step:2335/3350 train_time:4331.464s step_avg:1855.02ms
step:2336/3350 train_time:4333.306s step_avg:1855.01ms
step:2337/3350 train_time:4335.147s step_avg:1855.01ms
step:2338/3350 train_time:4336.989s step_avg:1855.00ms
step:2339/3350 train_time:4338.831s step_avg:1854.99ms
step:2340/3350 train_time:4340.674s step_avg:1854.99ms
step:2341/3350 train_time:4342.515s step_avg:1854.98ms
step:2342/3350 train_time:4344.356s step_avg:1854.98ms
step:2343/3350 train_time:4346.202s step_avg:1854.97ms
step:2344/3350 train_time:4348.044s step_avg:1854.97ms
step:2345/3350 train_time:4349.886s step_avg:1854.96ms
step:2346/3350 train_time:4351.729s step_avg:1854.96ms
step:2347/3350 train_time:4353.571s step_avg:1854.95ms
step:2348/3350 train_time:4355.416s step_avg:1854.95ms
step:2349/3350 train_time:4357.257s step_avg:1854.94ms
step:2350/3350 train_time:4359.377s step_avg:1855.05ms
step:2351/3350 train_time:4361.218s step_avg:1855.05ms
step:2352/3350 train_time:4363.059s step_avg:1855.04ms
step:2353/3350 train_time:4364.902s step_avg:1855.04ms
step:2354/3350 train_time:4366.745s step_avg:1855.03ms
step:2355/3350 train_time:4368.587s step_avg:1855.03ms
step:2356/3350 train_time:4370.430s step_avg:1855.02ms
step:2357/3350 train_time:4372.270s step_avg:1855.02ms
step:2358/3350 train_time:4374.113s step_avg:1855.01ms
step:2359/3350 train_time:4375.957s step_avg:1855.01ms
step:2360/3350 train_time:4377.802s step_avg:1855.00ms
step:2361/3350 train_time:4379.643s step_avg:1855.00ms
step:2362/3350 train_time:4381.486s step_avg:1854.99ms
step:2363/3350 train_time:4383.330s step_avg:1854.99ms
step:2364/3350 train_time:4385.172s step_avg:1854.98ms
step:2365/3350 train_time:4387.014s step_avg:1854.97ms
step:2366/3350 train_time:4388.860s step_avg:1854.97ms
step:2367/3350 train_time:4390.703s step_avg:1854.97ms
step:2368/3350 train_time:4392.546s step_avg:1854.96ms
step:2369/3350 train_time:4394.387s step_avg:1854.95ms
step:2370/3350 train_time:4396.231s step_avg:1854.95ms
step:2371/3350 train_time:4398.075s step_avg:1854.95ms
step:2372/3350 train_time:4399.917s step_avg:1854.94ms
step:2373/3350 train_time:4401.759s step_avg:1854.93ms
step:2374/3350 train_time:4403.600s step_avg:1854.93ms
step:2375/3350 train_time:4405.791s step_avg:1855.07ms
step:2375/3350 val_loss:3.38474 train_time:4405.791s step_avg:1854.65ms
step:2376/3350 train_time:4407.637s step_avg:1855.07ms
step:2377/3350 train_time:4409.482s step_avg:1855.06ms
step:2378/3350 train_time:4411.324s step_avg:1855.06ms
step:2379/3350 train_time:4413.166s step_avg:1855.05ms
step:2380/3350 train_time:4415.008s step_avg:1855.05ms
step:2381/3350 train_time:4416.851s step_avg:1855.04ms
step:2382/3350 train_time:4418.695s step_avg:1855.04ms
step:2383/3350 train_time:4420.536s step_avg:1855.03ms
step:2384/3350 train_time:4422.379s step_avg:1855.02ms
step:2385/3350 train_time:4424.220s step_avg:1855.02ms
step:2386/3350 train_time:4426.063s step_avg:1855.01ms
step:2387/3350 train_time:4427.903s step_avg:1855.01ms
step:2388/3350 train_time:4429.743s step_avg:1855.00ms
step:2389/3350 train_time:4431.586s step_avg:1855.00ms
step:2390/3350 train_time:4433.427s step_avg:1854.99ms
step:2391/3350 train_time:4435.269s step_avg:1854.99ms
step:2392/3350 train_time:4437.111s step_avg:1854.98ms
step:2393/3350 train_time:4438.954s step_avg:1854.97ms
step:2394/3350 train_time:4440.799s step_avg:1854.97ms
step:2395/3350 train_time:4442.641s step_avg:1854.96ms
step:2396/3350 train_time:4444.483s step_avg:1854.96ms
step:2397/3350 train_time:4446.325s step_avg:1854.95ms
step:2398/3350 train_time:4448.169s step_avg:1854.95ms
step:2399/3350 train_time:4450.011s step_avg:1854.94ms
step:2400/3350 train_time:4452.144s step_avg:1855.06ms
step:2401/3350 train_time:4453.987s step_avg:1855.06ms
step:2402/3350 train_time:4455.830s step_avg:1855.05ms
step:2403/3350 train_time:4457.670s step_avg:1855.04ms
step:2404/3350 train_time:4459.514s step_avg:1855.04ms
step:2405/3350 train_time:4461.356s step_avg:1855.03ms
step:2406/3350 train_time:4463.197s step_avg:1855.03ms
step:2407/3350 train_time:4465.041s step_avg:1855.02ms
step:2408/3350 train_time:4466.883s step_avg:1855.02ms
step:2409/3350 train_time:4468.727s step_avg:1855.01ms
step:2410/3350 train_time:4470.569s step_avg:1855.01ms
step:2411/3350 train_time:4472.412s step_avg:1855.00ms
step:2412/3350 train_time:4474.255s step_avg:1855.00ms
step:2413/3350 train_time:4476.100s step_avg:1854.99ms
step:2414/3350 train_time:4477.943s step_avg:1854.99ms
step:2415/3350 train_time:4479.786s step_avg:1854.98ms
step:2416/3350 train_time:4481.630s step_avg:1854.98ms
step:2417/3350 train_time:4483.471s step_avg:1854.97ms
step:2418/3350 train_time:4485.313s step_avg:1854.97ms
step:2419/3350 train_time:4487.157s step_avg:1854.96ms
step:2420/3350 train_time:4488.998s step_avg:1854.96ms
step:2421/3350 train_time:4490.840s step_avg:1854.95ms
step:2422/3350 train_time:4492.681s step_avg:1854.95ms
step:2423/3350 train_time:4494.523s step_avg:1854.94ms
step:2424/3350 train_time:4496.365s step_avg:1854.94ms
step:2425/3350 train_time:4498.486s step_avg:1855.05ms
step:2426/3350 train_time:4500.330s step_avg:1855.04ms
step:2427/3350 train_time:4502.173s step_avg:1855.04ms
step:2428/3350 train_time:4504.016s step_avg:1855.03ms
step:2429/3350 train_time:4505.857s step_avg:1855.03ms
step:2430/3350 train_time:4507.698s step_avg:1855.02ms
step:2431/3350 train_time:4509.540s step_avg:1855.01ms
step:2432/3350 train_time:4511.383s step_avg:1855.01ms
step:2433/3350 train_time:4513.223s step_avg:1855.00ms
step:2434/3350 train_time:4515.065s step_avg:1855.00ms
step:2435/3350 train_time:4516.907s step_avg:1854.99ms
step:2436/3350 train_time:4518.748s step_avg:1854.99ms
step:2437/3350 train_time:4520.591s step_avg:1854.98ms
step:2438/3350 train_time:4522.434s step_avg:1854.98ms
step:2439/3350 train_time:4524.276s step_avg:1854.97ms
step:2440/3350 train_time:4526.120s step_avg:1854.97ms
step:2441/3350 train_time:4527.961s step_avg:1854.96ms
step:2442/3350 train_time:4529.803s step_avg:1854.96ms
step:2443/3350 train_time:4531.644s step_avg:1854.95ms
step:2444/3350 train_time:4533.485s step_avg:1854.94ms
step:2445/3350 train_time:4535.328s step_avg:1854.94ms
step:2446/3350 train_time:4537.169s step_avg:1854.93ms
step:2447/3350 train_time:4539.012s step_avg:1854.93ms
step:2448/3350 train_time:4540.855s step_avg:1854.92ms
step:2449/3350 train_time:4542.698s step_avg:1854.92ms
step:2450/3350 train_time:4544.816s step_avg:1855.03ms
step:2451/3350 train_time:4546.656s step_avg:1855.02ms
step:2452/3350 train_time:4548.501s step_avg:1855.02ms
step:2453/3350 train_time:4550.341s step_avg:1855.01ms
step:2454/3350 train_time:4552.183s step_avg:1855.01ms
step:2455/3350 train_time:4554.023s step_avg:1855.00ms
step:2456/3350 train_time:4555.864s step_avg:1854.99ms
step:2457/3350 train_time:4557.705s step_avg:1854.99ms
step:2458/3350 train_time:4559.549s step_avg:1854.98ms
step:2459/3350 train_time:4561.389s step_avg:1854.98ms
step:2460/3350 train_time:4563.229s step_avg:1854.97ms
step:2461/3350 train_time:4565.069s step_avg:1854.97ms
step:2462/3350 train_time:4566.909s step_avg:1854.96ms
step:2463/3350 train_time:4568.751s step_avg:1854.95ms
step:2464/3350 train_time:4570.593s step_avg:1854.95ms
step:2465/3350 train_time:4572.434s step_avg:1854.94ms
step:2466/3350 train_time:4574.274s step_avg:1854.94ms
step:2467/3350 train_time:4576.114s step_avg:1854.93ms
step:2468/3350 train_time:4577.955s step_avg:1854.92ms
step:2469/3350 train_time:4579.795s step_avg:1854.92ms
step:2470/3350 train_time:4581.635s step_avg:1854.91ms
step:2471/3350 train_time:4583.512s step_avg:1854.92ms
step:2472/3350 train_time:4585.352s step_avg:1854.92ms
step:2473/3350 train_time:4587.194s step_avg:1854.91ms
step:2474/3350 train_time:4589.034s step_avg:1854.90ms
step:2475/3350 train_time:4591.151s step_avg:1855.01ms
step:2476/3350 train_time:4592.993s step_avg:1855.01ms
step:2477/3350 train_time:4594.834s step_avg:1855.00ms
step:2478/3350 train_time:4596.675s step_avg:1854.99ms
step:2479/3350 train_time:4598.517s step_avg:1854.99ms
step:2480/3350 train_time:4600.358s step_avg:1854.98ms
step:2481/3350 train_time:4602.204s step_avg:1854.98ms
step:2482/3350 train_time:4604.046s step_avg:1854.97ms
step:2483/3350 train_time:4605.887s step_avg:1854.97ms
step:2484/3350 train_time:4607.728s step_avg:1854.96ms
step:2485/3350 train_time:4609.570s step_avg:1854.96ms
step:2486/3350 train_time:4611.412s step_avg:1854.95ms
step:2487/3350 train_time:4613.255s step_avg:1854.95ms
step:2488/3350 train_time:4615.099s step_avg:1854.94ms
step:2489/3350 train_time:4616.944s step_avg:1854.94ms
step:2490/3350 train_time:4618.787s step_avg:1854.93ms
step:2491/3350 train_time:4620.632s step_avg:1854.93ms
step:2492/3350 train_time:4622.475s step_avg:1854.93ms
step:2493/3350 train_time:4624.318s step_avg:1854.92ms
step:2494/3350 train_time:4626.162s step_avg:1854.92ms
step:2495/3350 train_time:4628.004s step_avg:1854.91ms
step:2496/3350 train_time:4629.847s step_avg:1854.91ms
step:2497/3350 train_time:4631.689s step_avg:1854.90ms
step:2498/3350 train_time:4633.535s step_avg:1854.90ms
step:2499/3350 train_time:4635.378s step_avg:1854.89ms
step:2500/3350 train_time:4637.583s step_avg:1855.03ms
step:2500/3350 val_loss:3.36862 train_time:4637.583s step_avg:1854.34ms
step:2501/3350 train_time:4639.430s step_avg:1855.03ms
step:2502/3350 train_time:4641.274s step_avg:1855.03ms
step:2503/3350 train_time:4643.116s step_avg:1855.02ms
step:2504/3350 train_time:4644.959s step_avg:1855.02ms
step:2505/3350 train_time:4646.802s step_avg:1855.01ms
step:2506/3350 train_time:4648.646s step_avg:1855.01ms
step:2507/3350 train_time:4650.488s step_avg:1855.00ms
step:2508/3350 train_time:4652.331s step_avg:1855.00ms
step:2509/3350 train_time:4654.175s step_avg:1854.99ms
step:2510/3350 train_time:4656.018s step_avg:1854.99ms
step:2511/3350 train_time:4657.860s step_avg:1854.98ms
step:2512/3350 train_time:4659.701s step_avg:1854.98ms
step:2513/3350 train_time:4661.544s step_avg:1854.97ms
step:2514/3350 train_time:4663.388s step_avg:1854.97ms
step:2515/3350 train_time:4665.231s step_avg:1854.96ms
step:2516/3350 train_time:4667.073s step_avg:1854.96ms
step:2517/3350 train_time:4668.916s step_avg:1854.95ms
step:2518/3350 train_time:4670.758s step_avg:1854.95ms
step:2519/3350 train_time:4672.602s step_avg:1854.94ms
step:2520/3350 train_time:4674.444s step_avg:1854.94ms
step:2521/3350 train_time:4676.289s step_avg:1854.93ms
step:2522/3350 train_time:4678.130s step_avg:1854.93ms
step:2523/3350 train_time:4679.971s step_avg:1854.92ms
step:2524/3350 train_time:4681.815s step_avg:1854.92ms
step:2525/3350 train_time:4683.945s step_avg:1855.03ms
step:2526/3350 train_time:4685.785s step_avg:1855.02ms
step:2527/3350 train_time:4687.628s step_avg:1855.02ms
step:2528/3350 train_time:4689.470s step_avg:1855.01ms
step:2529/3350 train_time:4691.311s step_avg:1855.01ms
step:2530/3350 train_time:4693.154s step_avg:1855.00ms
step:2531/3350 train_time:4694.997s step_avg:1855.00ms
step:2532/3350 train_time:4696.841s step_avg:1854.99ms
step:2533/3350 train_time:4698.685s step_avg:1854.99ms
step:2534/3350 train_time:4700.527s step_avg:1854.98ms
step:2535/3350 train_time:4702.369s step_avg:1854.98ms
step:2536/3350 train_time:4704.213s step_avg:1854.97ms
step:2537/3350 train_time:4706.055s step_avg:1854.97ms
step:2538/3350 train_time:4707.896s step_avg:1854.96ms
step:2539/3350 train_time:4709.740s step_avg:1854.96ms
step:2540/3350 train_time:4711.582s step_avg:1854.95ms
step:2541/3350 train_time:4713.427s step_avg:1854.95ms
step:2542/3350 train_time:4715.271s step_avg:1854.95ms
step:2543/3350 train_time:4717.115s step_avg:1854.94ms
step:2544/3350 train_time:4718.961s step_avg:1854.94ms
step:2545/3350 train_time:4720.801s step_avg:1854.93ms
step:2546/3350 train_time:4722.642s step_avg:1854.93ms
step:2547/3350 train_time:4724.483s step_avg:1854.92ms
step:2548/3350 train_time:4726.323s step_avg:1854.92ms
step:2549/3350 train_time:4728.163s step_avg:1854.91ms
step:2550/3350 train_time:4730.280s step_avg:1855.01ms
step:2551/3350 train_time:4732.124s step_avg:1855.01ms
step:2552/3350 train_time:4733.966s step_avg:1855.00ms
step:2553/3350 train_time:4735.807s step_avg:1855.00ms
step:2554/3350 train_time:4737.649s step_avg:1854.99ms
step:2555/3350 train_time:4739.489s step_avg:1854.99ms
step:2556/3350 train_time:4741.330s step_avg:1854.98ms
step:2557/3350 train_time:4743.174s step_avg:1854.98ms
step:2558/3350 train_time:4745.014s step_avg:1854.97ms
step:2559/3350 train_time:4746.856s step_avg:1854.97ms
step:2560/3350 train_time:4748.697s step_avg:1854.96ms
step:2561/3350 train_time:4750.538s step_avg:1854.95ms
step:2562/3350 train_time:4752.377s step_avg:1854.95ms
step:2563/3350 train_time:4754.220s step_avg:1854.94ms
step:2564/3350 train_time:4756.062s step_avg:1854.94ms
step:2565/3350 train_time:4757.902s step_avg:1854.93ms
step:2566/3350 train_time:4759.741s step_avg:1854.93ms
step:2567/3350 train_time:4761.582s step_avg:1854.92ms
step:2568/3350 train_time:4763.423s step_avg:1854.92ms
step:2569/3350 train_time:4765.263s step_avg:1854.91ms
step:2570/3350 train_time:4767.104s step_avg:1854.90ms
step:2571/3350 train_time:4768.944s step_avg:1854.90ms
step:2572/3350 train_time:4770.784s step_avg:1854.89ms
step:2573/3350 train_time:4772.625s step_avg:1854.89ms
step:2574/3350 train_time:4774.464s step_avg:1854.88ms
step:2575/3350 train_time:4776.581s step_avg:1854.98ms
step:2576/3350 train_time:4778.422s step_avg:1854.98ms
step:2577/3350 train_time:4780.263s step_avg:1854.97ms
step:2578/3350 train_time:4782.108s step_avg:1854.97ms
step:2579/3350 train_time:4783.953s step_avg:1854.96ms
step:2580/3350 train_time:4785.794s step_avg:1854.96ms
step:2581/3350 train_time:4787.635s step_avg:1854.95ms
step:2582/3350 train_time:4789.477s step_avg:1854.95ms
step:2583/3350 train_time:4791.321s step_avg:1854.94ms
step:2584/3350 train_time:4793.162s step_avg:1854.94ms
step:2585/3350 train_time:4795.002s step_avg:1854.93ms
step:2586/3350 train_time:4796.844s step_avg:1854.93ms
step:2587/3350 train_time:4798.685s step_avg:1854.92ms
step:2588/3350 train_time:4800.526s step_avg:1854.92ms
step:2589/3350 train_time:4802.369s step_avg:1854.91ms
step:2590/3350 train_time:4804.210s step_avg:1854.91ms
step:2591/3350 train_time:4806.052s step_avg:1854.90ms
step:2592/3350 train_time:4807.893s step_avg:1854.90ms
step:2593/3350 train_time:4809.736s step_avg:1854.89ms
step:2594/3350 train_time:4811.577s step_avg:1854.89ms
step:2595/3350 train_time:4813.416s step_avg:1854.88ms
step:2596/3350 train_time:4815.256s step_avg:1854.88ms
step:2597/3350 train_time:4817.099s step_avg:1854.87ms
step:2598/3350 train_time:4818.940s step_avg:1854.87ms
step:2599/3350 train_time:4820.780s step_avg:1854.86ms
step:2600/3350 train_time:4822.909s step_avg:1854.97ms
step:2601/3350 train_time:4824.749s step_avg:1854.96ms
step:2602/3350 train_time:4826.589s step_avg:1854.95ms
step:2603/3350 train_time:4828.432s step_avg:1854.95ms
step:2604/3350 train_time:4830.274s step_avg:1854.94ms
step:2605/3350 train_time:4832.115s step_avg:1854.94ms
step:2606/3350 train_time:4833.955s step_avg:1854.93ms
step:2607/3350 train_time:4835.795s step_avg:1854.93ms
step:2608/3350 train_time:4837.636s step_avg:1854.92ms
step:2609/3350 train_time:4839.476s step_avg:1854.92ms
step:2610/3350 train_time:4841.319s step_avg:1854.91ms
step:2611/3350 train_time:4843.161s step_avg:1854.91ms
step:2612/3350 train_time:4845.001s step_avg:1854.90ms
step:2613/3350 train_time:4846.843s step_avg:1854.90ms
step:2614/3350 train_time:4848.685s step_avg:1854.89ms
step:2615/3350 train_time:4850.527s step_avg:1854.89ms
step:2616/3350 train_time:4852.366s step_avg:1854.88ms
step:2617/3350 train_time:4854.205s step_avg:1854.87ms
step:2618/3350 train_time:4856.047s step_avg:1854.87ms
step:2619/3350 train_time:4857.887s step_avg:1854.86ms
step:2620/3350 train_time:4859.728s step_avg:1854.86ms
step:2621/3350 train_time:4861.568s step_avg:1854.85ms
step:2622/3350 train_time:4863.407s step_avg:1854.85ms
step:2623/3350 train_time:4865.249s step_avg:1854.84ms
step:2624/3350 train_time:4867.089s step_avg:1854.84ms
step:2625/3350 train_time:4869.268s step_avg:1854.96ms
step:2625/3350 val_loss:3.35182 train_time:4869.269s step_avg:1853.48ms
step:2626/3350 train_time:4871.110s step_avg:1854.95ms
step:2627/3350 train_time:4872.952s step_avg:1854.95ms
step:2628/3350 train_time:4874.792s step_avg:1854.94ms
step:2629/3350 train_time:4876.633s step_avg:1854.94ms
step:2630/3350 train_time:4878.473s step_avg:1854.93ms
step:2631/3350 train_time:4880.314s step_avg:1854.93ms
step:2632/3350 train_time:4882.154s step_avg:1854.92ms
step:2633/3350 train_time:4883.996s step_avg:1854.92ms
step:2634/3350 train_time:4885.835s step_avg:1854.91ms
step:2635/3350 train_time:4887.676s step_avg:1854.91ms
step:2636/3350 train_time:4889.518s step_avg:1854.90ms
step:2637/3350 train_time:4891.360s step_avg:1854.90ms
step:2638/3350 train_time:4893.200s step_avg:1854.89ms
step:2639/3350 train_time:4895.040s step_avg:1854.88ms
step:2640/3350 train_time:4896.879s step_avg:1854.88ms
step:2641/3350 train_time:4898.720s step_avg:1854.87ms
step:2642/3350 train_time:4900.559s step_avg:1854.87ms
step:2643/3350 train_time:4902.401s step_avg:1854.86ms
step:2644/3350 train_time:4904.240s step_avg:1854.86ms
step:2645/3350 train_time:4906.083s step_avg:1854.85ms
step:2646/3350 train_time:4907.923s step_avg:1854.85ms
step:2647/3350 train_time:4909.766s step_avg:1854.84ms
step:2648/3350 train_time:4911.605s step_avg:1854.84ms
step:2649/3350 train_time:4913.449s step_avg:1854.83ms
step:2650/3350 train_time:4915.572s step_avg:1854.93ms
step:2651/3350 train_time:4917.415s step_avg:1854.93ms
step:2652/3350 train_time:4919.257s step_avg:1854.92ms
step:2653/3350 train_time:4921.097s step_avg:1854.92ms
step:2654/3350 train_time:4922.938s step_avg:1854.91ms
step:2655/3350 train_time:4924.779s step_avg:1854.91ms
step:2656/3350 train_time:4926.619s step_avg:1854.90ms
step:2657/3350 train_time:4928.460s step_avg:1854.90ms
step:2658/3350 train_time:4930.300s step_avg:1854.89ms
step:2659/3350 train_time:4932.143s step_avg:1854.89ms
step:2660/3350 train_time:4933.984s step_avg:1854.88ms
step:2661/3350 train_time:4935.863s step_avg:1854.89ms
step:2662/3350 train_time:4937.703s step_avg:1854.88ms
step:2663/3350 train_time:4939.543s step_avg:1854.88ms
step:2664/3350 train_time:4941.385s step_avg:1854.87ms
step:2665/3350 train_time:4943.227s step_avg:1854.87ms
step:2666/3350 train_time:4945.067s step_avg:1854.86ms
step:2667/3350 train_time:4946.910s step_avg:1854.86ms
step:2668/3350 train_time:4948.752s step_avg:1854.85ms
step:2669/3350 train_time:4950.593s step_avg:1854.85ms
step:2670/3350 train_time:4952.435s step_avg:1854.84ms
step:2671/3350 train_time:4954.279s step_avg:1854.84ms
step:2672/3350 train_time:4956.120s step_avg:1854.84ms
step:2673/3350 train_time:4957.962s step_avg:1854.83ms
step:2674/3350 train_time:4959.803s step_avg:1854.83ms
step:2675/3350 train_time:4961.923s step_avg:1854.92ms
step:2676/3350 train_time:4963.763s step_avg:1854.92ms
step:2677/3350 train_time:4965.604s step_avg:1854.91ms
step:2678/3350 train_time:4967.444s step_avg:1854.91ms
step:2679/3350 train_time:4969.284s step_avg:1854.90ms
step:2680/3350 train_time:4971.125s step_avg:1854.90ms
step:2681/3350 train_time:4972.965s step_avg:1854.89ms
step:2682/3350 train_time:4974.805s step_avg:1854.89ms
step:2683/3350 train_time:4976.645s step_avg:1854.88ms
step:2684/3350 train_time:4978.487s step_avg:1854.88ms
step:2685/3350 train_time:4980.329s step_avg:1854.87ms
step:2686/3350 train_time:4982.171s step_avg:1854.87ms
step:2687/3350 train_time:4984.014s step_avg:1854.86ms
step:2688/3350 train_time:4985.853s step_avg:1854.86ms
step:2689/3350 train_time:4987.693s step_avg:1854.85ms
step:2690/3350 train_time:4989.534s step_avg:1854.85ms
step:2691/3350 train_time:4991.375s step_avg:1854.84ms
step:2692/3350 train_time:4993.217s step_avg:1854.84ms
step:2693/3350 train_time:4995.058s step_avg:1854.83ms
step:2694/3350 train_time:4996.901s step_avg:1854.83ms
step:2695/3350 train_time:4998.744s step_avg:1854.82ms
step:2696/3350 train_time:5000.586s step_avg:1854.82ms
step:2697/3350 train_time:5002.427s step_avg:1854.81ms
step:2698/3350 train_time:5004.267s step_avg:1854.81ms
step:2699/3350 train_time:5006.108s step_avg:1854.80ms
step:2700/3350 train_time:5008.242s step_avg:1854.90ms
step:2701/3350 train_time:5010.084s step_avg:1854.90ms
step:2702/3350 train_time:5011.925s step_avg:1854.89ms
step:2703/3350 train_time:5013.769s step_avg:1854.89ms
step:2704/3350 train_time:5015.609s step_avg:1854.89ms
step:2705/3350 train_time:5017.450s step_avg:1854.88ms
step:2706/3350 train_time:5019.290s step_avg:1854.87ms
step:2707/3350 train_time:5021.131s step_avg:1854.87ms
step:2708/3350 train_time:5022.974s step_avg:1854.86ms
step:2709/3350 train_time:5024.817s step_avg:1854.86ms
step:2710/3350 train_time:5026.657s step_avg:1854.85ms
step:2711/3350 train_time:5028.500s step_avg:1854.85ms
step:2712/3350 train_time:5030.341s step_avg:1854.85ms
step:2713/3350 train_time:5032.185s step_avg:1854.84ms
step:2714/3350 train_time:5034.024s step_avg:1854.84ms
step:2715/3350 train_time:5035.867s step_avg:1854.83ms
step:2716/3350 train_time:5037.708s step_avg:1854.83ms
step:2717/3350 train_time:5039.551s step_avg:1854.82ms
step:2718/3350 train_time:5041.393s step_avg:1854.82ms
step:2719/3350 train_time:5043.235s step_avg:1854.81ms
step:2720/3350 train_time:5045.076s step_avg:1854.81ms
step:2721/3350 train_time:5046.918s step_avg:1854.80ms
step:2722/3350 train_time:5048.760s step_avg:1854.80ms
step:2723/3350 train_time:5050.601s step_avg:1854.79ms
step:2724/3350 train_time:5052.443s step_avg:1854.79ms
step:2725/3350 train_time:5054.565s step_avg:1854.89ms
step:2726/3350 train_time:5056.407s step_avg:1854.88ms
step:2727/3350 train_time:5058.248s step_avg:1854.88ms
step:2728/3350 train_time:5060.092s step_avg:1854.87ms
step:2729/3350 train_time:5061.936s step_avg:1854.87ms
step:2730/3350 train_time:5063.777s step_avg:1854.86ms
step:2731/3350 train_time:5065.618s step_avg:1854.86ms
step:2732/3350 train_time:5067.461s step_avg:1854.85ms
step:2733/3350 train_time:5069.301s step_avg:1854.85ms
step:2734/3350 train_time:5071.144s step_avg:1854.84ms
step:2735/3350 train_time:5072.984s step_avg:1854.84ms
step:2736/3350 train_time:5074.826s step_avg:1854.83ms
step:2737/3350 train_time:5076.665s step_avg:1854.83ms
step:2738/3350 train_time:5078.506s step_avg:1854.82ms
step:2739/3350 train_time:5080.350s step_avg:1854.82ms
step:2740/3350 train_time:5082.190s step_avg:1854.81ms
step:2741/3350 train_time:5084.033s step_avg:1854.81ms
step:2742/3350 train_time:5085.876s step_avg:1854.81ms
step:2743/3350 train_time:5087.718s step_avg:1854.80ms
step:2744/3350 train_time:5089.559s step_avg:1854.80ms
step:2745/3350 train_time:5091.402s step_avg:1854.79ms
step:2746/3350 train_time:5093.246s step_avg:1854.79ms
step:2747/3350 train_time:5095.087s step_avg:1854.78ms
step:2748/3350 train_time:5096.930s step_avg:1854.78ms
step:2749/3350 train_time:5098.773s step_avg:1854.77ms
step:2750/3350 train_time:5100.957s step_avg:1854.89ms
step:2750/3350 val_loss:3.33539 train_time:5100.957s step_avg:1853.51ms
step:2751/3350 train_time:5102.799s step_avg:1854.89ms
step:2752/3350 train_time:5104.640s step_avg:1854.88ms
step:2753/3350 train_time:5106.482s step_avg:1854.88ms
step:2754/3350 train_time:5108.323s step_avg:1854.87ms
step:2755/3350 train_time:5110.163s step_avg:1854.87ms
step:2756/3350 train_time:5112.007s step_avg:1854.86ms
step:2757/3350 train_time:5113.847s step_avg:1854.86ms
step:2758/3350 train_time:5115.689s step_avg:1854.85ms
step:2759/3350 train_time:5117.530s step_avg:1854.85ms
step:2760/3350 train_time:5119.371s step_avg:1854.84ms
step:2761/3350 train_time:5121.213s step_avg:1854.84ms
step:2762/3350 train_time:5123.056s step_avg:1854.84ms
step:2763/3350 train_time:5124.898s step_avg:1854.83ms
step:2764/3350 train_time:5126.740s step_avg:1854.83ms
step:2765/3350 train_time:5128.582s step_avg:1854.82ms
step:2766/3350 train_time:5130.425s step_avg:1854.82ms
step:2767/3350 train_time:5132.266s step_avg:1854.81ms
step:2768/3350 train_time:5134.110s step_avg:1854.81ms
step:2769/3350 train_time:5135.951s step_avg:1854.80ms
step:2770/3350 train_time:5137.792s step_avg:1854.80ms
step:2771/3350 train_time:5139.633s step_avg:1854.79ms
step:2772/3350 train_time:5141.474s step_avg:1854.79ms
step:2773/3350 train_time:5143.315s step_avg:1854.78ms
step:2774/3350 train_time:5145.156s step_avg:1854.78ms
step:2775/3350 train_time:5147.274s step_avg:1854.87ms
step:2776/3350 train_time:5149.118s step_avg:1854.87ms
step:2777/3350 train_time:5150.961s step_avg:1854.87ms
step:2778/3350 train_time:5152.804s step_avg:1854.86ms
step:2779/3350 train_time:5154.647s step_avg:1854.86ms
step:2780/3350 train_time:5156.488s step_avg:1854.85ms
step:2781/3350 train_time:5158.328s step_avg:1854.85ms
step:2782/3350 train_time:5160.169s step_avg:1854.84ms
step:2783/3350 train_time:5162.011s step_avg:1854.84ms
step:2784/3350 train_time:5163.853s step_avg:1854.83ms
step:2785/3350 train_time:5165.693s step_avg:1854.83ms
step:2786/3350 train_time:5167.535s step_avg:1854.82ms
step:2787/3350 train_time:5169.378s step_avg:1854.82ms
step:2788/3350 train_time:5171.221s step_avg:1854.81ms
step:2789/3350 train_time:5173.062s step_avg:1854.81ms
step:2790/3350 train_time:5174.902s step_avg:1854.80ms
step:2791/3350 train_time:5176.744s step_avg:1854.80ms
step:2792/3350 train_time:5178.587s step_avg:1854.79ms
step:2793/3350 train_time:5180.429s step_avg:1854.79ms
step:2794/3350 train_time:5182.270s step_avg:1854.79ms
step:2795/3350 train_time:5184.113s step_avg:1854.78ms
step:2796/3350 train_time:5185.953s step_avg:1854.78ms
step:2797/3350 train_time:5187.793s step_avg:1854.77ms
step:2798/3350 train_time:5189.634s step_avg:1854.77ms
step:2799/3350 train_time:5191.476s step_avg:1854.76ms
step:2800/3350 train_time:5193.605s step_avg:1854.86ms
step:2801/3350 train_time:5195.448s step_avg:1854.85ms
step:2802/3350 train_time:5197.288s step_avg:1854.85ms
step:2803/3350 train_time:5199.129s step_avg:1854.84ms
step:2804/3350 train_time:5200.971s step_avg:1854.84ms
step:2805/3350 train_time:5202.812s step_avg:1854.83ms
step:2806/3350 train_time:5204.653s step_avg:1854.83ms
step:2807/3350 train_time:5206.495s step_avg:1854.83ms
step:2808/3350 train_time:5208.337s step_avg:1854.82ms
step:2809/3350 train_time:5210.180s step_avg:1854.82ms
step:2810/3350 train_time:5212.020s step_avg:1854.81ms
step:2811/3350 train_time:5213.861s step_avg:1854.81ms
step:2812/3350 train_time:5215.703s step_avg:1854.80ms
step:2813/3350 train_time:5217.545s step_avg:1854.80ms
step:2814/3350 train_time:5219.387s step_avg:1854.79ms
step:2815/3350 train_time:5221.227s step_avg:1854.79ms
step:2816/3350 train_time:5223.069s step_avg:1854.78ms
step:2817/3350 train_time:5224.909s step_avg:1854.78ms
step:2818/3350 train_time:5226.749s step_avg:1854.77ms
step:2819/3350 train_time:5228.590s step_avg:1854.77ms
step:2820/3350 train_time:5230.430s step_avg:1854.76ms
step:2821/3350 train_time:5232.272s step_avg:1854.76ms
step:2822/3350 train_time:5234.112s step_avg:1854.75ms
step:2823/3350 train_time:5235.953s step_avg:1854.75ms
step:2824/3350 train_time:5237.794s step_avg:1854.74ms
step:2825/3350 train_time:5239.910s step_avg:1854.84ms
step:2826/3350 train_time:5241.753s step_avg:1854.83ms
step:2827/3350 train_time:5243.595s step_avg:1854.83ms
step:2828/3350 train_time:5245.435s step_avg:1854.82ms
step:2829/3350 train_time:5247.276s step_avg:1854.82ms
step:2830/3350 train_time:5249.117s step_avg:1854.81ms
step:2831/3350 train_time:5250.957s step_avg:1854.81ms
step:2832/3350 train_time:5252.798s step_avg:1854.80ms
step:2833/3350 train_time:5254.641s step_avg:1854.80ms
step:2834/3350 train_time:5256.484s step_avg:1854.79ms
step:2835/3350 train_time:5258.326s step_avg:1854.79ms
step:2836/3350 train_time:5260.170s step_avg:1854.78ms
step:2837/3350 train_time:5262.010s step_avg:1854.78ms
step:2838/3350 train_time:5263.851s step_avg:1854.77ms
step:2839/3350 train_time:5265.693s step_avg:1854.77ms
step:2840/3350 train_time:5267.533s step_avg:1854.77ms
step:2841/3350 train_time:5269.374s step_avg:1854.76ms
step:2842/3350 train_time:5271.215s step_avg:1854.76ms
step:2843/3350 train_time:5273.058s step_avg:1854.75ms
step:2844/3350 train_time:5274.899s step_avg:1854.75ms
step:2845/3350 train_time:5276.741s step_avg:1854.74ms
step:2846/3350 train_time:5278.581s step_avg:1854.74ms
step:2847/3350 train_time:5280.425s step_avg:1854.73ms
step:2848/3350 train_time:5282.265s step_avg:1854.73ms
step:2849/3350 train_time:5296.250s step_avg:1858.99ms
step:2850/3350 train_time:5298.400s step_avg:1859.09ms
step:2851/3350 train_time:5300.314s step_avg:1859.11ms
step:2852/3350 train_time:5302.192s step_avg:1859.11ms
step:2853/3350 train_time:5304.068s step_avg:1859.12ms
step:2854/3350 train_time:5305.944s step_avg:1859.13ms
step:2855/3350 train_time:5307.825s step_avg:1859.13ms
step:2856/3350 train_time:5309.703s step_avg:1859.14ms
step:2857/3350 train_time:5311.579s step_avg:1859.15ms
step:2858/3350 train_time:5313.455s step_avg:1859.15ms
step:2859/3350 train_time:5315.337s step_avg:1859.16ms
step:2860/3350 train_time:5317.213s step_avg:1859.17ms
step:2861/3350 train_time:5319.093s step_avg:1859.17ms
step:2862/3350 train_time:5320.968s step_avg:1859.18ms
step:2863/3350 train_time:5322.847s step_avg:1859.19ms
step:2864/3350 train_time:5324.723s step_avg:1859.19ms
step:2865/3350 train_time:5326.605s step_avg:1859.20ms
step:2866/3350 train_time:5328.485s step_avg:1859.21ms
step:2867/3350 train_time:5330.367s step_avg:1859.21ms
step:2868/3350 train_time:5332.245s step_avg:1859.22ms
step:2869/3350 train_time:5334.122s step_avg:1859.23ms
step:2870/3350 train_time:5336.000s step_avg:1859.23ms
step:2871/3350 train_time:5337.882s step_avg:1859.24ms
step:2872/3350 train_time:5339.762s step_avg:1859.25ms
step:2873/3350 train_time:5341.643s step_avg:1859.26ms
step:2874/3350 train_time:5343.527s step_avg:1859.26ms
step:2875/3350 train_time:5345.757s step_avg:1859.39ms
step:2875/3350 val_loss:3.32060 train_time:5345.758s step_avg:1958.41ms
step:2876/3350 train_time:5347.640s step_avg:1859.40ms
step:2877/3350 train_time:5349.526s step_avg:1859.41ms
step:2878/3350 train_time:5351.406s step_avg:1859.42ms
step:2879/3350 train_time:5353.288s step_avg:1859.43ms
step:2880/3350 train_time:5355.168s step_avg:1859.43ms
step:2881/3350 train_time:5357.050s step_avg:1859.44ms
step:2882/3350 train_time:5358.933s step_avg:1859.45ms
step:2883/3350 train_time:5360.815s step_avg:1859.46ms
step:2884/3350 train_time:5362.695s step_avg:1859.46ms
step:2885/3350 train_time:5364.574s step_avg:1859.47ms
step:2886/3350 train_time:5366.453s step_avg:1859.48ms
step:2887/3350 train_time:5368.334s step_avg:1859.49ms
step:2888/3350 train_time:5370.216s step_avg:1859.49ms
step:2889/3350 train_time:5372.097s step_avg:1859.50ms
step:2890/3350 train_time:5373.978s step_avg:1859.51ms
step:2891/3350 train_time:5375.860s step_avg:1859.52ms
step:2892/3350 train_time:5377.742s step_avg:1859.52ms
step:2893/3350 train_time:5379.623s step_avg:1859.53ms
step:2894/3350 train_time:5381.504s step_avg:1859.54ms
step:2895/3350 train_time:5383.383s step_avg:1859.55ms
step:2896/3350 train_time:5385.263s step_avg:1859.55ms
step:2897/3350 train_time:5387.144s step_avg:1859.56ms
step:2898/3350 train_time:5389.023s step_avg:1859.57ms
step:2899/3350 train_time:5390.904s step_avg:1859.57ms
step:2900/3350 train_time:5393.072s step_avg:1859.68ms
step:2901/3350 train_time:5394.953s step_avg:1859.69ms
step:2902/3350 train_time:5396.831s step_avg:1859.69ms
step:2903/3350 train_time:5398.711s step_avg:1859.70ms
step:2904/3350 train_time:5400.588s step_avg:1859.71ms
step:2905/3350 train_time:5402.467s step_avg:1859.71ms
step:2906/3350 train_time:5404.349s step_avg:1859.72ms
step:2907/3350 train_time:5406.231s step_avg:1859.73ms
step:2908/3350 train_time:5408.114s step_avg:1859.74ms
step:2909/3350 train_time:5409.994s step_avg:1859.74ms
step:2910/3350 train_time:5411.875s step_avg:1859.75ms
step:2911/3350 train_time:5413.758s step_avg:1859.76ms
step:2912/3350 train_time:5415.639s step_avg:1859.77ms
step:2913/3350 train_time:5417.517s step_avg:1859.77ms
step:2914/3350 train_time:5419.398s step_avg:1859.78ms
step:2915/3350 train_time:5421.278s step_avg:1859.79ms
step:2916/3350 train_time:5423.156s step_avg:1859.79ms
step:2917/3350 train_time:5425.037s step_avg:1859.80ms
step:2918/3350 train_time:5426.920s step_avg:1859.81ms
step:2919/3350 train_time:5428.803s step_avg:1859.82ms
step:2920/3350 train_time:5430.682s step_avg:1859.82ms
step:2921/3350 train_time:5432.561s step_avg:1859.83ms
step:2922/3350 train_time:5434.439s step_avg:1859.84ms
step:2923/3350 train_time:5436.319s step_avg:1859.84ms
step:2924/3350 train_time:5438.198s step_avg:1859.85ms
step:2925/3350 train_time:5440.362s step_avg:1859.95ms
step:2926/3350 train_time:5442.241s step_avg:1859.96ms
step:2927/3350 train_time:5444.120s step_avg:1859.97ms
step:2928/3350 train_time:5446.001s step_avg:1859.97ms
step:2929/3350 train_time:5447.885s step_avg:1859.98ms
step:2930/3350 train_time:5449.765s step_avg:1859.99ms
step:2931/3350 train_time:5451.643s step_avg:1859.99ms
step:2932/3350 train_time:5453.522s step_avg:1860.00ms
step:2933/3350 train_time:5455.404s step_avg:1860.01ms
step:2934/3350 train_time:5457.285s step_avg:1860.02ms
step:2935/3350 train_time:5459.164s step_avg:1860.02ms
step:2936/3350 train_time:5461.045s step_avg:1860.03ms
step:2937/3350 train_time:5462.927s step_avg:1860.04ms
step:2938/3350 train_time:5464.807s step_avg:1860.04ms
step:2939/3350 train_time:5466.688s step_avg:1860.05ms
step:2940/3350 train_time:5468.569s step_avg:1860.06ms
step:2941/3350 train_time:5470.446s step_avg:1860.06ms
step:2942/3350 train_time:5472.327s step_avg:1860.07ms
step:2943/3350 train_time:5474.203s step_avg:1860.08ms
step:2944/3350 train_time:5476.084s step_avg:1860.08ms
step:2945/3350 train_time:5477.965s step_avg:1860.09ms
step:2946/3350 train_time:5479.847s step_avg:1860.10ms
step:2947/3350 train_time:5481.726s step_avg:1860.10ms
step:2948/3350 train_time:5483.607s step_avg:1860.11ms
step:2949/3350 train_time:5485.484s step_avg:1860.12ms
step:2950/3350 train_time:5487.643s step_avg:1860.22ms
step:2951/3350 train_time:5489.519s step_avg:1860.22ms
step:2952/3350 train_time:5491.400s step_avg:1860.23ms
step:2953/3350 train_time:5493.279s step_avg:1860.24ms
step:2954/3350 train_time:5495.157s step_avg:1860.24ms
step:2955/3350 train_time:5497.036s step_avg:1860.25ms
step:2956/3350 train_time:5498.917s step_avg:1860.26ms
step:2957/3350 train_time:5500.796s step_avg:1860.26ms
step:2958/3350 train_time:5502.674s step_avg:1860.27ms
step:2959/3350 train_time:5504.556s step_avg:1860.28ms
step:2960/3350 train_time:5506.436s step_avg:1860.28ms
step:2961/3350 train_time:5508.315s step_avg:1860.29ms
step:2962/3350 train_time:5510.197s step_avg:1860.30ms
step:2963/3350 train_time:5512.075s step_avg:1860.30ms
step:2964/3350 train_time:5513.959s step_avg:1860.31ms
step:2965/3350 train_time:5515.840s step_avg:1860.32ms
step:2966/3350 train_time:5517.724s step_avg:1860.33ms
step:2967/3350 train_time:5519.605s step_avg:1860.33ms
step:2968/3350 train_time:5521.485s step_avg:1860.34ms
step:2969/3350 train_time:5523.366s step_avg:1860.35ms
step:2970/3350 train_time:5525.245s step_avg:1860.35ms
step:2971/3350 train_time:5527.126s step_avg:1860.36ms
step:2972/3350 train_time:5529.005s step_avg:1860.36ms
step:2973/3350 train_time:5530.887s step_avg:1860.37ms
step:2974/3350 train_time:5532.769s step_avg:1860.38ms
step:2975/3350 train_time:5534.930s step_avg:1860.48ms
step:2976/3350 train_time:5536.808s step_avg:1860.49ms
step:2977/3350 train_time:5538.689s step_avg:1860.49ms
step:2978/3350 train_time:5540.570s step_avg:1860.50ms
step:2979/3350 train_time:5542.450s step_avg:1860.51ms
step:2980/3350 train_time:5544.331s step_avg:1860.51ms
step:2981/3350 train_time:5546.210s step_avg:1860.52ms
step:2982/3350 train_time:5548.091s step_avg:1860.53ms
step:2983/3350 train_time:5549.973s step_avg:1860.53ms
step:2984/3350 train_time:5551.854s step_avg:1860.54ms
step:2985/3350 train_time:5553.735s step_avg:1860.55ms
step:2986/3350 train_time:5555.616s step_avg:1860.55ms
step:2987/3350 train_time:5557.497s step_avg:1860.56ms
step:2988/3350 train_time:5559.379s step_avg:1860.57ms
step:2989/3350 train_time:5561.258s step_avg:1860.57ms
step:2990/3350 train_time:5563.138s step_avg:1860.58ms
step:2991/3350 train_time:5565.019s step_avg:1860.59ms
step:2992/3350 train_time:5566.897s step_avg:1860.59ms
step:2993/3350 train_time:5568.777s step_avg:1860.60ms
step:2994/3350 train_time:5570.656s step_avg:1860.61ms
step:2995/3350 train_time:5572.537s step_avg:1860.61ms
step:2996/3350 train_time:5574.418s step_avg:1860.62ms
step:2997/3350 train_time:5576.298s step_avg:1860.63ms
step:2998/3350 train_time:5578.175s step_avg:1860.63ms
step:2999/3350 train_time:5580.056s step_avg:1860.64ms
step:3000/3350 train_time:5582.291s step_avg:1860.76ms
step:3000/3350 val_loss:3.30476 train_time:5582.292s step_avg:1892.27ms
step:3001/3350 train_time:5584.172s step_avg:1860.77ms
step:3002/3350 train_time:5586.049s step_avg:1860.78ms
step:3003/3350 train_time:5587.927s step_avg:1860.78ms
step:3004/3350 train_time:5589.807s step_avg:1860.79ms
step:3005/3350 train_time:5591.686s step_avg:1860.79ms
step:3006/3350 train_time:5593.567s step_avg:1860.80ms
step:3007/3350 train_time:5595.446s step_avg:1860.81ms
step:3008/3350 train_time:5597.325s step_avg:1860.81ms
step:3009/3350 train_time:5599.202s step_avg:1860.82ms
step:3010/3350 train_time:5601.082s step_avg:1860.82ms
step:3011/3350 train_time:5602.960s step_avg:1860.83ms
step:3012/3350 train_time:5604.838s step_avg:1860.84ms
step:3013/3350 train_time:5606.717s step_avg:1860.84ms
step:3014/3350 train_time:5608.596s step_avg:1860.85ms
step:3015/3350 train_time:5610.473s step_avg:1860.85ms
step:3016/3350 train_time:5612.354s step_avg:1860.86ms
step:3017/3350 train_time:5614.233s step_avg:1860.87ms
step:3018/3350 train_time:5616.111s step_avg:1860.87ms
step:3019/3350 train_time:5617.991s step_avg:1860.88ms
step:3020/3350 train_time:5619.870s step_avg:1860.88ms
step:3021/3350 train_time:5621.746s step_avg:1860.89ms
step:3022/3350 train_time:5623.625s step_avg:1860.90ms
step:3023/3350 train_time:5625.503s step_avg:1860.90ms
step:3024/3350 train_time:5627.385s step_avg:1860.91ms
step:3025/3350 train_time:5629.542s step_avg:1861.01ms
step:3025/3350 val_loss:3.30107 train_time:5629.542s step_avg:1890.02ms
step:3026/3350 train_time:5631.424s step_avg:1861.01ms
step:3027/3350 train_time:5633.302s step_avg:1861.02ms
step:3028/3350 train_time:5635.182s step_avg:1861.02ms
step:3029/3350 train_time:5637.061s step_avg:1861.03ms
step:3030/3350 train_time:5638.941s step_avg:1861.04ms
step:3031/3350 train_time:5640.823s step_avg:1861.04ms
step:3032/3350 train_time:5642.705s step_avg:1861.05ms
step:3033/3350 train_time:5644.582s step_avg:1861.06ms
step:3034/3350 train_time:5646.460s step_avg:1861.06ms
step:3035/3350 train_time:5648.340s step_avg:1861.07ms
step:3036/3350 train_time:5650.220s step_avg:1861.07ms
step:3037/3350 train_time:5652.102s step_avg:1861.08ms
step:3038/3350 train_time:5653.982s step_avg:1861.09ms
step:3039/3350 train_time:5655.861s step_avg:1861.09ms
step:3040/3350 train_time:5657.740s step_avg:1861.10ms
step:3041/3350 train_time:5659.659s step_avg:1861.12ms
step:3042/3350 train_time:5661.540s step_avg:1861.12ms
step:3043/3350 train_time:5663.417s step_avg:1861.13ms
step:3044/3350 train_time:5665.295s step_avg:1861.14ms
step:3045/3350 train_time:5667.178s step_avg:1861.14ms
step:3046/3350 train_time:5669.058s step_avg:1861.15ms
step:3047/3350 train_time:5670.939s step_avg:1861.15ms
step:3048/3350 train_time:5672.817s step_avg:1861.16ms
step:3049/3350 train_time:5674.697s step_avg:1861.17ms
step:3050/3350 train_time:5676.853s step_avg:1861.26ms
step:3050/3350 val_loss:3.29832 train_time:5676.853s step_avg:1892.45ms
step:3051/3350 train_time:5678.736s step_avg:1861.27ms
step:3052/3350 train_time:5680.616s step_avg:1861.28ms
step:3053/3350 train_time:5682.495s step_avg:1861.28ms
step:3054/3350 train_time:5684.376s step_avg:1861.29ms
step:3055/3350 train_time:5686.256s step_avg:1861.29ms
step:3056/3350 train_time:5688.135s step_avg:1861.30ms
step:3057/3350 train_time:5690.010s step_avg:1861.31ms
step:3058/3350 train_time:5691.891s step_avg:1861.31ms
step:3059/3350 train_time:5693.770s step_avg:1861.32ms
step:3060/3350 train_time:5695.650s step_avg:1861.32ms
step:3061/3350 train_time:5697.529s step_avg:1861.33ms
step:3062/3350 train_time:5699.406s step_avg:1861.33ms
step:3063/3350 train_time:5701.283s step_avg:1861.34ms
step:3064/3350 train_time:5703.162s step_avg:1861.35ms
step:3065/3350 train_time:5705.042s step_avg:1861.35ms
step:3066/3350 train_time:5706.921s step_avg:1861.36ms
step:3067/3350 train_time:5708.800s step_avg:1861.36ms
step:3068/3350 train_time:5710.680s step_avg:1861.37ms
step:3069/3350 train_time:5712.560s step_avg:1861.37ms
step:3070/3350 train_time:5714.436s step_avg:1861.38ms
step:3071/3350 train_time:5716.312s step_avg:1861.38ms
step:3072/3350 train_time:5718.192s step_avg:1861.39ms
step:3073/3350 train_time:5720.071s step_avg:1861.40ms
step:3074/3350 train_time:5721.952s step_avg:1861.40ms
step:3075/3350 train_time:5724.109s step_avg:1861.50ms
step:3075/3350 val_loss:3.29518 train_time:5724.109s step_avg:1890.24ms
step:3076/3350 train_time:5725.990s step_avg:1861.51ms
step:3077/3350 train_time:5727.869s step_avg:1861.51ms
step:3078/3350 train_time:5729.747s step_avg:1861.52ms
step:3079/3350 train_time:5731.627s step_avg:1861.52ms
step:3080/3350 train_time:5733.508s step_avg:1861.53ms
step:3081/3350 train_time:5735.388s step_avg:1861.53ms
step:3082/3350 train_time:5737.270s step_avg:1861.54ms
step:3083/3350 train_time:5739.149s step_avg:1861.55ms
step:3084/3350 train_time:5741.026s step_avg:1861.55ms
step:3085/3350 train_time:5742.904s step_avg:1861.56ms
step:3086/3350 train_time:5744.781s step_avg:1861.56ms
step:3087/3350 train_time:5746.661s step_avg:1861.57ms
step:3088/3350 train_time:5748.538s step_avg:1861.57ms
step:3089/3350 train_time:5750.417s step_avg:1861.58ms
step:3090/3350 train_time:5752.298s step_avg:1861.59ms
step:3091/3350 train_time:5754.177s step_avg:1861.59ms
step:3092/3350 train_time:5756.053s step_avg:1861.60ms
step:3093/3350 train_time:5757.933s step_avg:1861.60ms
step:3094/3350 train_time:5759.813s step_avg:1861.61ms
step:3095/3350 train_time:5761.691s step_avg:1861.61ms
step:3096/3350 train_time:5763.574s step_avg:1861.62ms
step:3097/3350 train_time:5765.454s step_avg:1861.63ms
step:3098/3350 train_time:5767.331s step_avg:1861.63ms
step:3099/3350 train_time:5769.211s step_avg:1861.64ms
step:3100/3350 train_time:5771.379s step_avg:1861.74ms
step:3100/3350 val_loss:3.29264 train_time:5771.379s step_avg:1890.80ms
step:3101/3350 train_time:5773.262s step_avg:1861.74ms
step:3102/3350 train_time:5775.140s step_avg:1861.75ms
step:3103/3350 train_time:5777.019s step_avg:1861.75ms
step:3104/3350 train_time:5778.898s step_avg:1861.76ms
step:3105/3350 train_time:5780.775s step_avg:1861.76ms
step:3106/3350 train_time:5782.652s step_avg:1861.77ms
step:3107/3350 train_time:5784.531s step_avg:1861.77ms
step:3108/3350 train_time:5786.409s step_avg:1861.78ms
step:3109/3350 train_time:5788.291s step_avg:1861.79ms
step:3110/3350 train_time:5790.168s step_avg:1861.79ms
step:3111/3350 train_time:5792.046s step_avg:1861.80ms
step:3112/3350 train_time:5793.923s step_avg:1861.80ms
step:3113/3350 train_time:5795.803s step_avg:1861.81ms
step:3114/3350 train_time:5797.682s step_avg:1861.81ms
step:3115/3350 train_time:5799.559s step_avg:1861.82ms
step:3116/3350 train_time:5801.437s step_avg:1861.82ms
step:3117/3350 train_time:5803.316s step_avg:1861.83ms
step:3118/3350 train_time:5805.194s step_avg:1861.83ms
step:3119/3350 train_time:5807.075s step_avg:1861.84ms
step:3120/3350 train_time:5808.954s step_avg:1861.84ms
step:3121/3350 train_time:5810.833s step_avg:1861.85ms
step:3122/3350 train_time:5812.711s step_avg:1861.86ms
step:3123/3350 train_time:5814.591s step_avg:1861.86ms
step:3124/3350 train_time:5816.470s step_avg:1861.87ms
step:3125/3350 train_time:5818.688s step_avg:1861.98ms
step:3125/3350 val_loss:3.28971 train_time:5818.689s step_avg:1892.38ms
step:3126/3350 train_time:5820.567s step_avg:1861.99ms
step:3127/3350 train_time:5822.446s step_avg:1861.99ms
step:3128/3350 train_time:5824.328s step_avg:1862.00ms
step:3129/3350 train_time:5826.204s step_avg:1862.00ms
step:3130/3350 train_time:5828.082s step_avg:1862.01ms
step:3131/3350 train_time:5829.963s step_avg:1862.01ms
step:3132/3350 train_time:5831.841s step_avg:1862.02ms
step:3133/3350 train_time:5833.718s step_avg:1862.02ms
step:3134/3350 train_time:5835.597s step_avg:1862.03ms
step:3135/3350 train_time:5837.474s step_avg:1862.03ms
step:3136/3350 train_time:5839.352s step_avg:1862.04ms
step:3137/3350 train_time:5841.229s step_avg:1862.04ms
step:3138/3350 train_time:5843.107s step_avg:1862.05ms
step:3139/3350 train_time:5844.986s step_avg:1862.05ms
step:3140/3350 train_time:5846.862s step_avg:1862.06ms
step:3141/3350 train_time:5848.741s step_avg:1862.06ms
step:3142/3350 train_time:5850.620s step_avg:1862.07ms
step:3143/3350 train_time:5852.499s step_avg:1862.07ms
step:3144/3350 train_time:5854.376s step_avg:1862.08ms
step:3145/3350 train_time:5856.256s step_avg:1862.08ms
step:3146/3350 train_time:5858.136s step_avg:1862.09ms
step:3147/3350 train_time:5860.013s step_avg:1862.09ms
step:3148/3350 train_time:5861.890s step_avg:1862.10ms
step:3149/3350 train_time:5863.768s step_avg:1862.10ms
step:3150/3350 train_time:5865.926s step_avg:1862.20ms
step:3150/3350 val_loss:3.28670 train_time:5865.926s step_avg:1889.48ms
step:3151/3350 train_time:5867.807s step_avg:1862.20ms
step:3152/3350 train_time:5869.687s step_avg:1862.21ms
step:3153/3350 train_time:5871.568s step_avg:1862.22ms
step:3154/3350 train_time:5873.448s step_avg:1862.22ms
step:3155/3350 train_time:5875.328s step_avg:1862.23ms
step:3156/3350 train_time:5877.209s step_avg:1862.23ms
step:3157/3350 train_time:5879.093s step_avg:1862.24ms
step:3158/3350 train_time:5880.976s step_avg:1862.25ms
step:3159/3350 train_time:5882.857s step_avg:1862.25ms
step:3160/3350 train_time:5884.735s step_avg:1862.26ms
step:3161/3350 train_time:5886.617s step_avg:1862.26ms
step:3162/3350 train_time:5888.497s step_avg:1862.27ms
step:3163/3350 train_time:5890.377s step_avg:1862.28ms
step:3164/3350 train_time:5892.254s step_avg:1862.28ms
step:3165/3350 train_time:5894.135s step_avg:1862.29ms
step:3166/3350 train_time:5896.015s step_avg:1862.29ms
step:3167/3350 train_time:5897.897s step_avg:1862.30ms
step:3168/3350 train_time:5899.774s step_avg:1862.30ms
step:3169/3350 train_time:5901.650s step_avg:1862.31ms
step:3170/3350 train_time:5903.535s step_avg:1862.31ms
step:3171/3350 train_time:5905.412s step_avg:1862.32ms
step:3172/3350 train_time:5907.291s step_avg:1862.32ms
step:3173/3350 train_time:5909.171s step_avg:1862.33ms
step:3174/3350 train_time:5911.052s step_avg:1862.34ms
step:3175/3350 train_time:5913.206s step_avg:1862.43ms
step:3175/3350 val_loss:3.28411 train_time:5913.206s step_avg:1891.21ms
step:3176/3350 train_time:5915.088s step_avg:1862.43ms
step:3177/3350 train_time:5916.969s step_avg:1862.44ms
step:3178/3350 train_time:5918.851s step_avg:1862.45ms
step:3179/3350 train_time:5920.731s step_avg:1862.45ms
step:3180/3350 train_time:5922.612s step_avg:1862.46ms
step:3181/3350 train_time:5924.492s step_avg:1862.46ms
step:3182/3350 train_time:5926.368s step_avg:1862.47ms
step:3183/3350 train_time:5928.249s step_avg:1862.47ms
step:3184/3350 train_time:5930.128s step_avg:1862.48ms
step:3185/3350 train_time:5932.007s step_avg:1862.48ms
step:3186/3350 train_time:5933.883s step_avg:1862.49ms
step:3187/3350 train_time:5935.763s step_avg:1862.49ms
step:3188/3350 train_time:5937.644s step_avg:1862.50ms
step:3189/3350 train_time:5939.523s step_avg:1862.50ms
step:3190/3350 train_time:5941.401s step_avg:1862.51ms
step:3191/3350 train_time:5943.281s step_avg:1862.51ms
step:3192/3350 train_time:5945.161s step_avg:1862.52ms
step:3193/3350 train_time:5947.041s step_avg:1862.52ms
step:3194/3350 train_time:5948.922s step_avg:1862.53ms
step:3195/3350 train_time:5950.801s step_avg:1862.54ms
step:3196/3350 train_time:5952.681s step_avg:1862.54ms
step:3197/3350 train_time:5954.560s step_avg:1862.55ms
step:3198/3350 train_time:5956.441s step_avg:1862.55ms
step:3199/3350 train_time:5958.320s step_avg:1862.56ms
step:3200/3350 train_time:5960.487s step_avg:1862.65ms
step:3200/3350 val_loss:3.28161 train_time:5960.487s step_avg:1891.24ms
step:3201/3350 train_time:5962.367s step_avg:1862.66ms
step:3202/3350 train_time:5964.247s step_avg:1862.66ms
step:3203/3350 train_time:5966.126s step_avg:1862.67ms
step:3204/3350 train_time:5968.004s step_avg:1862.67ms
step:3205/3350 train_time:5969.885s step_avg:1862.68ms
step:3206/3350 train_time:5971.762s step_avg:1862.68ms
step:3207/3350 train_time:5973.641s step_avg:1862.69ms
step:3208/3350 train_time:5975.519s step_avg:1862.69ms
step:3209/3350 train_time:5977.399s step_avg:1862.70ms
step:3210/3350 train_time:5979.278s step_avg:1862.70ms
step:3211/3350 train_time:5981.156s step_avg:1862.71ms
step:3212/3350 train_time:5983.037s step_avg:1862.71ms
step:3213/3350 train_time:5984.918s step_avg:1862.72ms
step:3214/3350 train_time:5986.797s step_avg:1862.72ms
step:3215/3350 train_time:5988.678s step_avg:1862.73ms
step:3216/3350 train_time:5990.557s step_avg:1862.74ms
step:3217/3350 train_time:5992.436s step_avg:1862.74ms
step:3218/3350 train_time:5994.316s step_avg:1862.75ms
step:3219/3350 train_time:5996.194s step_avg:1862.75ms
step:3220/3350 train_time:5998.076s step_avg:1862.76ms
step:3221/3350 train_time:5999.952s step_avg:1862.76ms
step:3222/3350 train_time:6001.830s step_avg:1862.77ms
step:3223/3350 train_time:6003.711s step_avg:1862.77ms
step:3224/3350 train_time:6005.588s step_avg:1862.78ms
step:3225/3350 train_time:6007.744s step_avg:1862.87ms
step:3225/3350 val_loss:3.27939 train_time:6007.744s step_avg:1890.27ms
step:3226/3350 train_time:6009.626s step_avg:1862.87ms
step:3227/3350 train_time:6011.505s step_avg:1862.88ms
step:3228/3350 train_time:6013.386s step_avg:1862.88ms
step:3229/3350 train_time:6015.266s step_avg:1862.89ms
step:3230/3350 train_time:6017.145s step_avg:1862.89ms
step:3231/3350 train_time:6019.059s step_avg:1862.91ms
step:3232/3350 train_time:6020.938s step_avg:1862.91ms
step:3233/3350 train_time:6022.814s step_avg:1862.92ms
step:3234/3350 train_time:6024.690s step_avg:1862.92ms
step:3235/3350 train_time:6026.566s step_avg:1862.93ms
step:3236/3350 train_time:6028.445s step_avg:1862.93ms
step:3237/3350 train_time:6030.325s step_avg:1862.94ms
step:3238/3350 train_time:6032.207s step_avg:1862.94ms
step:3239/3350 train_time:6034.085s step_avg:1862.95ms
step:3240/3350 train_time:6035.962s step_avg:1862.95ms
step:3241/3350 train_time:6037.841s step_avg:1862.96ms
step:3242/3350 train_time:6039.721s step_avg:1862.96ms
step:3243/3350 train_time:6041.600s step_avg:1862.97ms
step:3244/3350 train_time:6043.480s step_avg:1862.97ms
step:3245/3350 train_time:6045.360s step_avg:1862.98ms
step:3246/3350 train_time:6047.236s step_avg:1862.98ms
step:3247/3350 train_time:6049.112s step_avg:1862.98ms
step:3248/3350 train_time:6050.990s step_avg:1862.99ms
step:3249/3350 train_time:6052.868s step_avg:1862.99ms
step:3250/3350 train_time:6055.093s step_avg:1863.11ms
step:3250/3350 val_loss:3.27727 train_time:6055.093s step_avg:1893.98ms
step:3251/3350 train_time:6056.972s step_avg:1863.11ms
step:3252/3350 train_time:6058.852s step_avg:1863.12ms
step:3253/3350 train_time:6060.732s step_avg:1863.12ms
step:3254/3350 train_time:6062.609s step_avg:1863.13ms
step:3255/3350 train_time:6064.493s step_avg:1863.13ms
step:3256/3350 train_time:6066.373s step_avg:1863.14ms
step:3257/3350 train_time:6068.253s step_avg:1863.14ms
step:3258/3350 train_time:6070.133s step_avg:1863.15ms
step:3259/3350 train_time:6072.015s step_avg:1863.15ms
step:3260/3350 train_time:6073.896s step_avg:1863.16ms
step:3261/3350 train_time:6075.775s step_avg:1863.16ms
step:3262/3350 train_time:6077.654s step_avg:1863.17ms
step:3263/3350 train_time:6079.537s step_avg:1863.17ms
step:3264/3350 train_time:6081.414s step_avg:1863.18ms
step:3265/3350 train_time:6083.294s step_avg:1863.18ms
step:3266/3350 train_time:6085.171s step_avg:1863.19ms
step:3267/3350 train_time:6087.051s step_avg:1863.19ms
step:3268/3350 train_time:6088.928s step_avg:1863.20ms
step:3269/3350 train_time:6090.809s step_avg:1863.20ms
step:3270/3350 train_time:6092.688s step_avg:1863.21ms
step:3271/3350 train_time:6094.568s step_avg:1863.21ms
step:3272/3350 train_time:6096.450s step_avg:1863.22ms
step:3273/3350 train_time:6098.328s step_avg:1863.22ms
step:3274/3350 train_time:6100.213s step_avg:1863.23ms
step:3275/3350 train_time:6102.373s step_avg:1863.32ms
step:3275/3350 val_loss:3.27537 train_time:6102.373s step_avg:1891.19ms
step:3276/3350 train_time:6104.253s step_avg:1863.32ms
step:3277/3350 train_time:6106.134s step_avg:1863.33ms
step:3278/3350 train_time:6108.014s step_avg:1863.34ms
step:3279/3350 train_time:6109.894s step_avg:1863.34ms
step:3280/3350 train_time:6111.773s step_avg:1863.35ms
step:3281/3350 train_time:6113.655s step_avg:1863.35ms
step:3282/3350 train_time:6115.533s step_avg:1863.36ms
step:3283/3350 train_time:6117.414s step_avg:1863.36ms
step:3284/3350 train_time:6119.291s step_avg:1863.37ms
step:3285/3350 train_time:6121.170s step_avg:1863.37ms
step:3286/3350 train_time:6123.048s step_avg:1863.37ms
step:3287/3350 train_time:6124.928s step_avg:1863.38ms
step:3288/3350 train_time:6126.809s step_avg:1863.38ms
step:3289/3350 train_time:6128.687s step_avg:1863.39ms
step:3290/3350 train_time:6130.568s step_avg:1863.39ms
step:3291/3350 train_time:6132.452s step_avg:1863.40ms
step:3292/3350 train_time:6134.329s step_avg:1863.40ms
step:3293/3350 train_time:6136.208s step_avg:1863.41ms
step:3294/3350 train_time:6138.085s step_avg:1863.41ms
step:3295/3350 train_time:6139.967s step_avg:1863.42ms
step:3296/3350 train_time:6141.850s step_avg:1863.43ms
step:3297/3350 train_time:6143.726s step_avg:1863.43ms
step:3298/3350 train_time:6145.606s step_avg:1863.43ms
step:3299/3350 train_time:6147.483s step_avg:1863.44ms
step:3300/3350 train_time:6149.650s step_avg:1863.53ms
step:3300/3350 val_loss:3.27375 train_time:6149.650s step_avg:1891.08ms
step:3301/3350 train_time:6151.529s step_avg:1863.54ms
step:3302/3350 train_time:6153.407s step_avg:1863.54ms
step:3303/3350 train_time:6155.286s step_avg:1863.54ms
step:3304/3350 train_time:6157.168s step_avg:1863.55ms
step:3305/3350 train_time:6159.049s step_avg:1863.55ms
step:3306/3350 train_time:6160.926s step_avg:1863.56ms
step:3307/3350 train_time:6162.806s step_avg:1863.56ms
step:3308/3350 train_time:6164.688s step_avg:1863.57ms
step:3309/3350 train_time:6166.569s step_avg:1863.57ms
step:3310/3350 train_time:6168.452s step_avg:1863.58ms
step:3311/3350 train_time:6170.334s step_avg:1863.59ms
step:3312/3350 train_time:6172.210s step_avg:1863.59ms
step:3313/3350 train_time:6174.090s step_avg:1863.60ms
step:3314/3350 train_time:6175.970s step_avg:1863.60ms
step:3315/3350 train_time:6177.846s step_avg:1863.60ms
step:3316/3350 train_time:6179.726s step_avg:1863.61ms
step:3317/3350 train_time:6181.606s step_avg:1863.61ms
step:3318/3350 train_time:6183.487s step_avg:1863.62ms
step:3319/3350 train_time:6185.366s step_avg:1863.62ms
step:3320/3350 train_time:6187.246s step_avg:1863.63ms
step:3321/3350 train_time:6189.124s step_avg:1863.63ms
step:3322/3350 train_time:6191.004s step_avg:1863.64ms
step:3323/3350 train_time:6192.884s step_avg:1863.64ms
step:3324/3350 train_time:6194.764s step_avg:1863.65ms
step:3325/3350 train_time:6196.926s step_avg:1863.74ms
step:3325/3350 val_loss:3.27244 train_time:6196.926s step_avg:1891.04ms
step:3326/3350 train_time:6198.807s step_avg:1863.74ms
step:3327/3350 train_time:6200.691s step_avg:1863.75ms
step:3328/3350 train_time:6202.573s step_avg:1863.75ms
step:3329/3350 train_time:6204.456s step_avg:1863.76ms
step:3330/3350 train_time:6206.335s step_avg:1863.76ms
step:3331/3350 train_time:6208.218s step_avg:1863.77ms
step:3332/3350 train_time:6210.098s step_avg:1863.77ms
step:3333/3350 train_time:6211.981s step_avg:1863.78ms
step:3334/3350 train_time:6213.861s step_avg:1863.79ms
step:3335/3350 train_time:6215.741s step_avg:1863.79ms
step:3336/3350 train_time:6217.621s step_avg:1863.80ms
step:3337/3350 train_time:6219.500s step_avg:1863.80ms
step:3338/3350 train_time:6221.384s step_avg:1863.81ms
step:3339/3350 train_time:6223.264s step_avg:1863.81ms
step:3340/3350 train_time:6225.142s step_avg:1863.81ms
step:3341/3350 train_time:6227.023s step_avg:1863.82ms
step:3342/3350 train_time:6228.904s step_avg:1863.83ms
step:3343/3350 train_time:6230.788s step_avg:1863.83ms
step:3344/3350 train_time:6232.665s step_avg:1863.84ms
step:3345/3350 train_time:6234.544s step_avg:1863.84ms
step:3346/3350 train_time:6236.424s step_avg:1863.84ms
step:3347/3350 train_time:6238.304s step_avg:1863.85ms
step:3348/3350 train_time:6240.185s step_avg:1863.85ms
step:3349/3350 train_time:6242.064s step_avg:1863.86ms
step:3350/3350 train_time:6244.302s step_avg:1863.97ms
step:3350/3350 val_loss:3.27167 train_time:6244.302s step_avg:1895.04ms
trial:0 best_val_loss:3.27167 best_val_step:3350 first_step_to_target:3225
wandb: updating run metadata
wandb: uploading wandb-summary.json; uploading config.yaml; uploading output.log
wandb: uploading history steps 143-143, summary, console lines 3388-3389
wandb: 
wandb: Run history:
wandb:        speedrun/final_best_val_loss ▁
wandb:        speedrun/final_best_val_step ▁
wandb: speedrun/final_first_step_to_target ▁
wandb:       speedrun/final_reached_target ▁
wandb:       speedrun/first_step_to_target ▁▁▁▁▁▁▁▁▁▁▁▁▁▁▁▁▁▁▁▁▁▁▁▁▁▁▁▁▁▁▁▁▁██████
wandb:             speedrun/reached_target ▁▁▁▁▁▁▁▁▁▁▁▁▁▁▁▁▁▁▁▁▁▁▁▁▁▁▁▁▁▁▁▁▁██████
wandb:            speedrun/target_val_loss ▁▁▁▁▁▁▁▁▁▁▁▁▁▁▁▁▁▁▁▁▁▁▁▁▁▁▁▁▁▁▁▁▁▁▁▁▁▁▁▁
wandb:                speedrun/train_steps ▁▁▁▁▁▁▁▁▁▁▁▁▁▁▁▁▁▁▁▁▁▁▁▁▁▁▁▁▁▁▁▁▁▁▁▁▁▁▁▁
wandb:                    time/step_avg_ms  ▂▁▁▁▁▁▁▁▁▁▁▁▁▁▁▁▁▁▁▁▁▁█▄▃▄▄▄▄▃▄▄▄▄▄▄▄▄
wandb:                  time/train_seconds ▁▁▂▂▂▂▃▃▃▃▄▄▄▄▅▅▅▅▆▆▆▆▇▇▇▇▇▇▇██████████
wandb:                              +4,337 ...
wandb: 
wandb: Run summary:
wandb:        speedrun/final_best_val_loss 3.27167
wandb:        speedrun/final_best_val_step 3350
wandb: speedrun/final_first_step_to_target 3225
wandb:       speedrun/final_reached_target 1
wandb:       speedrun/first_step_to_target 3225
wandb:             speedrun/reached_target 1
wandb:            speedrun/target_val_loss 3.28
wandb:                speedrun/train_steps 3350
wandb:                    time/step_avg_ms 1895.0379
wandb:                  time/train_seconds 6244.30204
wandb:                              +4,337 ...
wandb: 
wandb: 🚀 View run g1r4-frieren/wd-A at: https://wandb.ai/wandb-applied-ai-team/modded-nanogpt-senpai/runs/6o12nq7j
wandb: ⭐️ View project at: https://wandb.ai/wandb-applied-ai-team/modded-nanogpt-senpai
wandb: Synced 6 W&B file(s), 0 media file(s), 0 artifact file(s) and 0 other file(s)
wandb: Find logs at: ./wandb/run-20260520_161956-6o12nq7j/logs
=== 2026-05-20T18:11:46+00:00 arm A done, exit=0 ===
=== 2026-05-20T18:11:46+00:00 launching arm B (embed=0.0 lm_head=0.01 scalar=0.0) ===
logs/0c1c8fe4-a45d-41cc-b60c-2eb84130b06e.txt
GRAD_CLIP: max_norm=10.0 (ENABLED)
EMBED_COOLDOWN_SHAPE: linear_floor (applies to adam_embed only; lm_head/scalars use linear)
ADAMW_BETA2: 0.99 (effective memory ~99 steps)
ADAMW_LR_MULT: embed=1.5 lm_head=1.0 scalar=1.0
  Effective base LRs: embed=0.4500 lm_head=0.003125 scalar=0.0100
ADAMW_WD: embed=0.0 lm_head=0.01 scalar=0.0
NS_SCHEDULE: ns_iters=12 -> ns_iters_cooldown=16 at fraction 0.7 of train_steps (shape=late_peak)
NS_COEF_SCHEDULE: linear_ramp_down
  ns_iters=12: c=[0.7,0.662,0.624,0.585,0.547,0.509,0.471,0.433,0.395,0.356,0.318,0.28] avg_c=0.4900
  ns_iters=16: c=[0.7,0.672,0.644,0.616,0.588,0.56,0.532,0.504,0.476,0.448,0.42,0.392,0.364,0.336,0.308,0.28] avg_c=0.4900
wandb: [wandb.login()] Loaded credentials for https://api.wandb.ai from WANDB_API_KEY.
wandb: W&B API key is configured. Use `wandb login --relogin` to force relogin
wandb: Tracking run with wandb version 0.26.1
wandb: Run data is saved locally in /workspace/senpai/target/wandb/run-20260520_181151-n0demgqa
wandb: Run `wandb offline` to turn off syncing.
wandb: Syncing run g1r4-frieren/wd-B
wandb: ⭐️ View project at https://wandb.ai/wandb-applied-ai-team/modded-nanogpt-senpai
wandb: 🚀 View run at https://wandb.ai/wandb-applied-ai-team/modded-nanogpt-senpai/runs/n0demgqa
step:0/3350 val_loss:10.82583 train_time:0.000s step_avg:nanms
step:1/3350 train_time:4.168s step_avg:4167.56ms
step:2/3350 train_time:5.939s step_avg:2969.36ms
step:3/3350 train_time:7.777s step_avg:2592.26ms
step:4/3350 train_time:9.618s step_avg:2404.58ms
step:5/3350 train_time:11.457s step_avg:2291.36ms
step:6/3350 train_time:13.295s step_avg:2215.79ms
step:7/3350 train_time:15.136s step_avg:2162.29ms
step:8/3350 train_time:16.976s step_avg:2121.94ms
step:9/3350 train_time:18.815s step_avg:2090.55ms
step:10/3350 train_time:20.655s step_avg:2065.54ms
step:11/3350 train_time:22.497s step_avg:2045.22ms
step:12/3350 train_time:24.339s step_avg:2028.24ms
step:13/3350 train_time:26.180s step_avg:2013.81ms
step:14/3350 train_time:28.021s step_avg:2001.50ms
step:15/3350 train_time:29.864s step_avg:1990.94ms
step:16/3350 train_time:31.706s step_avg:1981.61ms
step:17/3350 train_time:33.548s step_avg:1973.39ms
step:18/3350 train_time:35.391s step_avg:1966.15ms
step:19/3350 train_time:37.234s step_avg:1959.68ms
step:20/3350 train_time:39.078s step_avg:1953.88ms
step:21/3350 train_time:40.920s step_avg:1948.58ms
step:22/3350 train_time:42.763s step_avg:1943.79ms
step:23/3350 train_time:44.607s step_avg:1939.44ms
step:24/3350 train_time:46.452s step_avg:1935.48ms
step:25/3350 train_time:48.569s step_avg:1942.76ms
step:26/3350 train_time:50.411s step_avg:1938.89ms
step:27/3350 train_time:52.255s step_avg:1935.35ms
step:28/3350 train_time:54.098s step_avg:1932.08ms
step:29/3350 train_time:55.941s step_avg:1929.01ms
step:30/3350 train_time:57.784s step_avg:1926.12ms
step:31/3350 train_time:59.627s step_avg:1923.44ms
step:32/3350 train_time:61.471s step_avg:1920.96ms
step:33/3350 train_time:63.314s step_avg:1918.61ms
step:34/3350 train_time:65.157s step_avg:1916.39ms
step:35/3350 train_time:67.001s step_avg:1914.32ms
step:36/3350 train_time:68.844s step_avg:1912.34ms
step:37/3350 train_time:70.688s step_avg:1910.48ms
step:38/3350 train_time:72.531s step_avg:1908.70ms
step:39/3350 train_time:74.374s step_avg:1907.04ms
step:40/3350 train_time:76.220s step_avg:1905.49ms
step:41/3350 train_time:78.062s step_avg:1903.95ms
step:42/3350 train_time:79.906s step_avg:1902.52ms
step:43/3350 train_time:81.750s step_avg:1901.17ms
step:44/3350 train_time:83.593s step_avg:1899.85ms
step:45/3350 train_time:85.437s step_avg:1898.61ms
step:46/3350 train_time:87.280s step_avg:1897.40ms
step:47/3350 train_time:89.124s step_avg:1896.25ms
step:48/3350 train_time:90.967s step_avg:1895.15ms
step:49/3350 train_time:92.810s step_avg:1894.07ms
step:50/3350 train_time:94.927s step_avg:1898.54ms
step:51/3350 train_time:96.772s step_avg:1897.50ms
step:52/3350 train_time:98.616s step_avg:1896.46ms
step:53/3350 train_time:100.459s step_avg:1895.46ms
step:54/3350 train_time:102.303s step_avg:1894.51ms
step:55/3350 train_time:104.147s step_avg:1893.57ms
step:56/3350 train_time:105.990s step_avg:1892.68ms
step:57/3350 train_time:107.834s step_avg:1891.82ms
step:58/3350 train_time:109.678s step_avg:1891.00ms
step:59/3350 train_time:111.522s step_avg:1890.20ms
step:60/3350 train_time:113.366s step_avg:1889.43ms
step:61/3350 train_time:115.209s step_avg:1888.67ms
step:62/3350 train_time:117.052s step_avg:1887.93ms
step:63/3350 train_time:118.895s step_avg:1887.22ms
step:64/3350 train_time:120.739s step_avg:1886.55ms
step:65/3350 train_time:122.584s step_avg:1885.91ms
step:66/3350 train_time:124.426s step_avg:1885.25ms
step:67/3350 train_time:126.269s step_avg:1884.61ms
step:68/3350 train_time:128.113s step_avg:1884.02ms
step:69/3350 train_time:129.957s step_avg:1883.44ms
step:70/3350 train_time:131.802s step_avg:1882.88ms
step:71/3350 train_time:133.644s step_avg:1882.32ms
step:72/3350 train_time:135.488s step_avg:1881.77ms
step:73/3350 train_time:137.331s step_avg:1881.24ms
step:74/3350 train_time:139.174s step_avg:1880.73ms
step:75/3350 train_time:141.293s step_avg:1883.91ms
step:76/3350 train_time:143.136s step_avg:1883.37ms
step:77/3350 train_time:144.979s step_avg:1882.85ms
step:78/3350 train_time:146.822s step_avg:1882.34ms
step:79/3350 train_time:148.665s step_avg:1881.84ms
step:80/3350 train_time:150.509s step_avg:1881.36ms
step:81/3350 train_time:152.354s step_avg:1880.91ms
step:82/3350 train_time:154.197s step_avg:1880.45ms
step:83/3350 train_time:156.041s step_avg:1880.01ms
step:84/3350 train_time:157.884s step_avg:1879.57ms
step:85/3350 train_time:159.729s step_avg:1879.16ms
step:86/3350 train_time:161.573s step_avg:1878.75ms
step:87/3350 train_time:163.417s step_avg:1878.35ms
step:88/3350 train_time:165.261s step_avg:1877.96ms
step:89/3350 train_time:167.105s step_avg:1877.58ms
step:90/3350 train_time:168.950s step_avg:1877.22ms
step:91/3350 train_time:170.793s step_avg:1876.85ms
step:92/3350 train_time:172.637s step_avg:1876.49ms
step:93/3350 train_time:174.480s step_avg:1876.13ms
step:94/3350 train_time:176.323s step_avg:1875.78ms
step:95/3350 train_time:178.166s step_avg:1875.44ms
step:96/3350 train_time:180.010s step_avg:1875.10ms
step:97/3350 train_time:181.855s step_avg:1874.79ms
step:98/3350 train_time:183.697s step_avg:1874.46ms
step:99/3350 train_time:185.541s step_avg:1874.15ms
step:100/3350 train_time:187.669s step_avg:1876.69ms
step:101/3350 train_time:189.512s step_avg:1876.36ms
step:102/3350 train_time:191.355s step_avg:1876.03ms
step:103/3350 train_time:193.197s step_avg:1875.70ms
step:104/3350 train_time:195.040s step_avg:1875.38ms
step:105/3350 train_time:196.885s step_avg:1875.09ms
step:106/3350 train_time:198.729s step_avg:1874.80ms
step:107/3350 train_time:200.573s step_avg:1874.51ms
step:108/3350 train_time:202.415s step_avg:1874.22ms
step:109/3350 train_time:204.259s step_avg:1873.93ms
step:110/3350 train_time:206.103s step_avg:1873.67ms
step:111/3350 train_time:207.946s step_avg:1873.39ms
step:112/3350 train_time:209.790s step_avg:1873.13ms
step:113/3350 train_time:211.633s step_avg:1872.86ms
step:114/3350 train_time:213.476s step_avg:1872.60ms
step:115/3350 train_time:215.320s step_avg:1872.35ms
step:116/3350 train_time:217.164s step_avg:1872.10ms
step:117/3350 train_time:219.009s step_avg:1871.87ms
step:118/3350 train_time:220.851s step_avg:1871.62ms
step:119/3350 train_time:222.695s step_avg:1871.38ms
step:120/3350 train_time:224.539s step_avg:1871.16ms
step:121/3350 train_time:226.383s step_avg:1870.93ms
step:122/3350 train_time:228.227s step_avg:1870.71ms
step:123/3350 train_time:230.070s step_avg:1870.48ms
step:124/3350 train_time:231.913s step_avg:1870.27ms
step:125/3350 train_time:234.095s step_avg:1872.76ms
step:125/3350 val_loss:4.59852 train_time:234.095s step_avg:1872.76ms
step:126/3350 train_time:235.940s step_avg:1872.54ms
step:127/3350 train_time:237.783s step_avg:1872.31ms
step:128/3350 train_time:239.627s step_avg:1872.09ms
step:129/3350 train_time:241.470s step_avg:1871.86ms
step:130/3350 train_time:243.314s step_avg:1871.64ms
step:131/3350 train_time:245.157s step_avg:1871.43ms
step:132/3350 train_time:247.001s step_avg:1871.22ms
step:133/3350 train_time:248.843s step_avg:1871.00ms
step:134/3350 train_time:250.686s step_avg:1870.79ms
step:135/3350 train_time:252.530s step_avg:1870.59ms
step:136/3350 train_time:254.373s step_avg:1870.39ms
step:137/3350 train_time:256.218s step_avg:1870.20ms
step:138/3350 train_time:258.062s step_avg:1870.01ms
step:139/3350 train_time:259.905s step_avg:1869.82ms
step:140/3350 train_time:261.749s step_avg:1869.64ms
step:141/3350 train_time:263.592s step_avg:1869.45ms
step:142/3350 train_time:265.436s step_avg:1869.27ms
step:143/3350 train_time:267.279s step_avg:1869.09ms
step:144/3350 train_time:269.121s step_avg:1868.90ms
step:145/3350 train_time:270.964s step_avg:1868.72ms
step:146/3350 train_time:272.807s step_avg:1868.54ms
step:147/3350 train_time:274.652s step_avg:1868.38ms
step:148/3350 train_time:276.494s step_avg:1868.21ms
step:149/3350 train_time:278.337s step_avg:1868.03ms
step:150/3350 train_time:280.454s step_avg:1869.70ms
step:151/3350 train_time:282.297s step_avg:1869.52ms
step:152/3350 train_time:284.140s step_avg:1869.34ms
step:153/3350 train_time:285.983s step_avg:1869.17ms
step:154/3350 train_time:287.826s step_avg:1869.00ms
step:155/3350 train_time:289.671s step_avg:1868.85ms
step:156/3350 train_time:291.514s step_avg:1868.68ms
step:157/3350 train_time:293.356s step_avg:1868.51ms
step:158/3350 train_time:295.200s step_avg:1868.35ms
step:159/3350 train_time:297.043s step_avg:1868.19ms
step:160/3350 train_time:298.886s step_avg:1868.04ms
step:161/3350 train_time:300.728s step_avg:1867.88ms
step:162/3350 train_time:302.572s step_avg:1867.73ms
step:163/3350 train_time:304.414s step_avg:1867.57ms
step:164/3350 train_time:306.254s step_avg:1867.40ms
step:165/3350 train_time:308.098s step_avg:1867.26ms
step:166/3350 train_time:309.941s step_avg:1867.11ms
step:167/3350 train_time:311.783s step_avg:1866.97ms
step:168/3350 train_time:313.625s step_avg:1866.81ms
step:169/3350 train_time:315.469s step_avg:1866.68ms
step:170/3350 train_time:317.313s step_avg:1866.55ms
step:171/3350 train_time:319.158s step_avg:1866.42ms
step:172/3350 train_time:321.004s step_avg:1866.30ms
step:173/3350 train_time:322.846s step_avg:1866.16ms
step:174/3350 train_time:324.698s step_avg:1866.08ms
step:175/3350 train_time:326.819s step_avg:1867.53ms
step:176/3350 train_time:328.662s step_avg:1867.40ms
step:177/3350 train_time:330.506s step_avg:1867.27ms
step:178/3350 train_time:332.350s step_avg:1867.14ms
step:179/3350 train_time:334.194s step_avg:1867.01ms
step:180/3350 train_time:336.039s step_avg:1866.88ms
step:181/3350 train_time:337.883s step_avg:1866.76ms
step:182/3350 train_time:339.728s step_avg:1866.64ms
step:183/3350 train_time:341.571s step_avg:1866.51ms
step:184/3350 train_time:343.415s step_avg:1866.38ms
step:185/3350 train_time:345.259s step_avg:1866.26ms
step:186/3350 train_time:347.102s step_avg:1866.14ms
step:187/3350 train_time:348.947s step_avg:1866.03ms
step:188/3350 train_time:350.792s step_avg:1865.91ms
step:189/3350 train_time:352.636s step_avg:1865.80ms
step:190/3350 train_time:354.480s step_avg:1865.69ms
step:191/3350 train_time:356.432s step_avg:1866.13ms
step:192/3350 train_time:358.276s step_avg:1866.02ms
step:193/3350 train_time:360.120s step_avg:1865.91ms
step:194/3350 train_time:361.963s step_avg:1865.79ms
step:195/3350 train_time:363.809s step_avg:1865.68ms
step:196/3350 train_time:365.654s step_avg:1865.58ms
step:197/3350 train_time:367.497s step_avg:1865.47ms
step:198/3350 train_time:369.341s step_avg:1865.36ms
step:199/3350 train_time:371.185s step_avg:1865.25ms
step:200/3350 train_time:373.326s step_avg:1866.63ms
step:201/3350 train_time:375.171s step_avg:1866.52ms
step:202/3350 train_time:377.015s step_avg:1866.41ms
step:203/3350 train_time:378.858s step_avg:1866.30ms
step:204/3350 train_time:380.702s step_avg:1866.19ms
step:205/3350 train_time:382.545s step_avg:1866.07ms
step:206/3350 train_time:384.389s step_avg:1865.97ms
step:207/3350 train_time:386.233s step_avg:1865.86ms
step:208/3350 train_time:388.077s step_avg:1865.75ms
step:209/3350 train_time:389.921s step_avg:1865.65ms
step:210/3350 train_time:391.765s step_avg:1865.55ms
step:211/3350 train_time:393.611s step_avg:1865.45ms
step:212/3350 train_time:395.453s step_avg:1865.34ms
step:213/3350 train_time:397.297s step_avg:1865.24ms
step:214/3350 train_time:399.141s step_avg:1865.14ms
step:215/3350 train_time:400.985s step_avg:1865.04ms
step:216/3350 train_time:402.829s step_avg:1864.95ms
step:217/3350 train_time:404.672s step_avg:1864.85ms
step:218/3350 train_time:406.517s step_avg:1864.76ms
step:219/3350 train_time:408.361s step_avg:1864.66ms
step:220/3350 train_time:410.204s step_avg:1864.56ms
step:221/3350 train_time:412.048s step_avg:1864.47ms
step:222/3350 train_time:413.893s step_avg:1864.38ms
step:223/3350 train_time:415.737s step_avg:1864.29ms
step:224/3350 train_time:417.581s step_avg:1864.20ms
step:225/3350 train_time:419.700s step_avg:1865.33ms
step:226/3350 train_time:421.543s step_avg:1865.24ms
step:227/3350 train_time:423.386s step_avg:1865.14ms
step:228/3350 train_time:425.229s step_avg:1865.04ms
step:229/3350 train_time:427.072s step_avg:1864.95ms
step:230/3350 train_time:428.915s step_avg:1864.85ms
step:231/3350 train_time:430.759s step_avg:1864.76ms
step:232/3350 train_time:432.604s step_avg:1864.67ms
step:233/3350 train_time:434.447s step_avg:1864.58ms
step:234/3350 train_time:436.290s step_avg:1864.49ms
step:235/3350 train_time:438.134s step_avg:1864.40ms
step:236/3350 train_time:439.978s step_avg:1864.31ms
step:237/3350 train_time:441.821s step_avg:1864.22ms
step:238/3350 train_time:443.663s step_avg:1864.13ms
step:239/3350 train_time:445.506s step_avg:1864.04ms
step:240/3350 train_time:447.350s step_avg:1863.96ms
step:241/3350 train_time:449.194s step_avg:1863.87ms
step:242/3350 train_time:451.038s step_avg:1863.79ms
step:243/3350 train_time:452.884s step_avg:1863.72ms
step:244/3350 train_time:454.726s step_avg:1863.63ms
step:245/3350 train_time:456.571s step_avg:1863.56ms
step:246/3350 train_time:458.415s step_avg:1863.48ms
step:247/3350 train_time:460.259s step_avg:1863.40ms
step:248/3350 train_time:462.104s step_avg:1863.32ms
step:249/3350 train_time:463.948s step_avg:1863.25ms
step:250/3350 train_time:466.142s step_avg:1864.57ms
step:250/3350 val_loss:4.09442 train_time:466.142s step_avg:1856.38ms
step:251/3350 train_time:467.987s step_avg:1864.49ms
step:252/3350 train_time:469.833s step_avg:1864.42ms
step:253/3350 train_time:471.677s step_avg:1864.34ms
step:254/3350 train_time:473.521s step_avg:1864.26ms
step:255/3350 train_time:475.364s step_avg:1864.17ms
step:256/3350 train_time:477.207s step_avg:1864.09ms
step:257/3350 train_time:479.052s step_avg:1864.02ms
step:258/3350 train_time:480.896s step_avg:1863.94ms
step:259/3350 train_time:482.739s step_avg:1863.86ms
step:260/3350 train_time:484.584s step_avg:1863.78ms
step:261/3350 train_time:486.427s step_avg:1863.70ms
step:262/3350 train_time:488.269s step_avg:1863.62ms
step:263/3350 train_time:490.112s step_avg:1863.55ms
step:264/3350 train_time:491.956s step_avg:1863.47ms
step:265/3350 train_time:493.802s step_avg:1863.40ms
step:266/3350 train_time:495.646s step_avg:1863.33ms
step:267/3350 train_time:497.491s step_avg:1863.26ms
step:268/3350 train_time:499.334s step_avg:1863.19ms
step:269/3350 train_time:501.179s step_avg:1863.12ms
step:270/3350 train_time:503.024s step_avg:1863.05ms
step:271/3350 train_time:504.867s step_avg:1862.98ms
step:272/3350 train_time:506.713s step_avg:1862.92ms
step:273/3350 train_time:508.556s step_avg:1862.84ms
step:274/3350 train_time:510.399s step_avg:1862.77ms
step:275/3350 train_time:512.531s step_avg:1863.75ms
step:276/3350 train_time:514.374s step_avg:1863.67ms
step:277/3350 train_time:516.217s step_avg:1863.60ms
step:278/3350 train_time:518.061s step_avg:1863.53ms
step:279/3350 train_time:519.906s step_avg:1863.46ms
step:280/3350 train_time:521.749s step_avg:1863.39ms
step:281/3350 train_time:523.593s step_avg:1863.32ms
step:282/3350 train_time:525.437s step_avg:1863.25ms
step:283/3350 train_time:527.280s step_avg:1863.18ms
step:284/3350 train_time:529.123s step_avg:1863.11ms
step:285/3350 train_time:530.966s step_avg:1863.04ms
step:286/3350 train_time:532.809s step_avg:1862.97ms
step:287/3350 train_time:534.654s step_avg:1862.91ms
step:288/3350 train_time:536.499s step_avg:1862.84ms
step:289/3350 train_time:538.342s step_avg:1862.78ms
step:290/3350 train_time:540.186s step_avg:1862.71ms
step:291/3350 train_time:542.030s step_avg:1862.64ms
step:292/3350 train_time:543.872s step_avg:1862.58ms
step:293/3350 train_time:545.715s step_avg:1862.51ms
step:294/3350 train_time:547.557s step_avg:1862.44ms
step:295/3350 train_time:549.401s step_avg:1862.38ms
step:296/3350 train_time:551.243s step_avg:1862.31ms
step:297/3350 train_time:553.086s step_avg:1862.24ms
step:298/3350 train_time:554.930s step_avg:1862.18ms
step:299/3350 train_time:556.776s step_avg:1862.13ms
step:300/3350 train_time:558.906s step_avg:1863.02ms
step:301/3350 train_time:560.750s step_avg:1862.96ms
step:302/3350 train_time:562.593s step_avg:1862.89ms
step:303/3350 train_time:564.436s step_avg:1862.82ms
step:304/3350 train_time:566.277s step_avg:1862.75ms
step:305/3350 train_time:568.120s step_avg:1862.69ms
step:306/3350 train_time:569.963s step_avg:1862.62ms
step:307/3350 train_time:571.808s step_avg:1862.57ms
step:308/3350 train_time:573.651s step_avg:1862.50ms
step:309/3350 train_time:575.493s step_avg:1862.44ms
step:310/3350 train_time:577.336s step_avg:1862.37ms
step:311/3350 train_time:579.178s step_avg:1862.31ms
step:312/3350 train_time:581.024s step_avg:1862.26ms
step:313/3350 train_time:582.867s step_avg:1862.20ms
step:314/3350 train_time:584.712s step_avg:1862.14ms
step:315/3350 train_time:586.555s step_avg:1862.08ms
step:316/3350 train_time:588.399s step_avg:1862.02ms
step:317/3350 train_time:590.241s step_avg:1861.96ms
step:318/3350 train_time:592.084s step_avg:1861.90ms
step:319/3350 train_time:593.927s step_avg:1861.84ms
step:320/3350 train_time:595.770s step_avg:1861.78ms
step:321/3350 train_time:597.615s step_avg:1861.73ms
step:322/3350 train_time:599.460s step_avg:1861.68ms
step:323/3350 train_time:601.303s step_avg:1861.62ms
step:324/3350 train_time:603.147s step_avg:1861.56ms
step:325/3350 train_time:605.269s step_avg:1862.37ms
step:326/3350 train_time:607.112s step_avg:1862.31ms
step:327/3350 train_time:608.955s step_avg:1862.25ms
step:328/3350 train_time:610.797s step_avg:1862.19ms
step:329/3350 train_time:612.640s step_avg:1862.13ms
step:330/3350 train_time:614.481s step_avg:1862.06ms
step:331/3350 train_time:616.325s step_avg:1862.01ms
step:332/3350 train_time:618.168s step_avg:1861.95ms
step:333/3350 train_time:620.011s step_avg:1861.90ms
step:334/3350 train_time:621.854s step_avg:1861.84ms
step:335/3350 train_time:623.698s step_avg:1861.78ms
step:336/3350 train_time:625.540s step_avg:1861.73ms
step:337/3350 train_time:627.382s step_avg:1861.67ms
step:338/3350 train_time:629.225s step_avg:1861.61ms
step:339/3350 train_time:631.067s step_avg:1861.56ms
step:340/3350 train_time:632.910s step_avg:1861.50ms
step:341/3350 train_time:634.752s step_avg:1861.44ms
step:342/3350 train_time:636.594s step_avg:1861.39ms
step:343/3350 train_time:638.436s step_avg:1861.33ms
step:344/3350 train_time:640.280s step_avg:1861.28ms
step:345/3350 train_time:642.121s step_avg:1861.22ms
step:346/3350 train_time:643.964s step_avg:1861.17ms
step:347/3350 train_time:645.806s step_avg:1861.11ms
step:348/3350 train_time:647.649s step_avg:1861.06ms
step:349/3350 train_time:649.491s step_avg:1861.01ms
step:350/3350 train_time:651.615s step_avg:1861.76ms
step:351/3350 train_time:653.458s step_avg:1861.70ms
step:352/3350 train_time:655.303s step_avg:1861.66ms
step:353/3350 train_time:657.146s step_avg:1861.60ms
step:354/3350 train_time:658.988s step_avg:1861.55ms
step:355/3350 train_time:660.830s step_avg:1861.49ms
step:356/3350 train_time:662.672s step_avg:1861.44ms
step:357/3350 train_time:664.515s step_avg:1861.39ms
step:358/3350 train_time:666.356s step_avg:1861.33ms
step:359/3350 train_time:668.198s step_avg:1861.28ms
step:360/3350 train_time:670.042s step_avg:1861.23ms
step:361/3350 train_time:671.884s step_avg:1861.18ms
step:362/3350 train_time:673.729s step_avg:1861.13ms
step:363/3350 train_time:675.570s step_avg:1861.07ms
step:364/3350 train_time:677.413s step_avg:1861.02ms
step:365/3350 train_time:679.255s step_avg:1860.97ms
step:366/3350 train_time:681.097s step_avg:1860.92ms
step:367/3350 train_time:682.940s step_avg:1860.87ms
step:368/3350 train_time:684.783s step_avg:1860.82ms
step:369/3350 train_time:686.627s step_avg:1860.78ms
step:370/3350 train_time:688.470s step_avg:1860.73ms
step:371/3350 train_time:690.312s step_avg:1860.68ms
step:372/3350 train_time:692.155s step_avg:1860.63ms
step:373/3350 train_time:693.997s step_avg:1860.58ms
step:374/3350 train_time:695.838s step_avg:1860.53ms
step:375/3350 train_time:698.025s step_avg:1861.40ms
step:375/3350 val_loss:3.91280 train_time:698.025s step_avg:1855.06ms
step:376/3350 train_time:699.869s step_avg:1861.35ms
step:377/3350 train_time:701.712s step_avg:1861.30ms
step:378/3350 train_time:703.554s step_avg:1861.25ms
step:379/3350 train_time:705.397s step_avg:1861.21ms
step:380/3350 train_time:707.239s step_avg:1861.16ms
step:381/3350 train_time:709.118s step_avg:1861.20ms
step:382/3350 train_time:710.961s step_avg:1861.15ms
step:383/3350 train_time:712.804s step_avg:1861.11ms
step:384/3350 train_time:714.646s step_avg:1861.06ms
step:385/3350 train_time:716.489s step_avg:1861.01ms
step:386/3350 train_time:718.333s step_avg:1860.97ms
step:387/3350 train_time:720.176s step_avg:1860.92ms
step:388/3350 train_time:722.018s step_avg:1860.87ms
step:389/3350 train_time:723.860s step_avg:1860.82ms
step:390/3350 train_time:725.702s step_avg:1860.77ms
step:391/3350 train_time:727.544s step_avg:1860.73ms
step:392/3350 train_time:729.387s step_avg:1860.68ms
step:393/3350 train_time:731.229s step_avg:1860.63ms
step:394/3350 train_time:733.071s step_avg:1860.59ms
step:395/3350 train_time:734.913s step_avg:1860.54ms
step:396/3350 train_time:736.754s step_avg:1860.49ms
step:397/3350 train_time:738.596s step_avg:1860.44ms
step:398/3350 train_time:740.439s step_avg:1860.40ms
step:399/3350 train_time:742.280s step_avg:1860.35ms
step:400/3350 train_time:744.412s step_avg:1861.03ms
step:401/3350 train_time:746.255s step_avg:1860.99ms
step:402/3350 train_time:748.099s step_avg:1860.94ms
step:403/3350 train_time:749.940s step_avg:1860.89ms
step:404/3350 train_time:751.783s step_avg:1860.85ms
step:405/3350 train_time:753.627s step_avg:1860.81ms
step:406/3350 train_time:755.470s step_avg:1860.76ms
step:407/3350 train_time:757.314s step_avg:1860.72ms
step:408/3350 train_time:759.157s step_avg:1860.68ms
step:409/3350 train_time:760.999s step_avg:1860.63ms
step:410/3350 train_time:762.842s step_avg:1860.59ms
step:411/3350 train_time:764.685s step_avg:1860.55ms
step:412/3350 train_time:766.528s step_avg:1860.50ms
step:413/3350 train_time:768.370s step_avg:1860.46ms
step:414/3350 train_time:770.212s step_avg:1860.42ms
step:415/3350 train_time:772.056s step_avg:1860.38ms
step:416/3350 train_time:773.898s step_avg:1860.33ms
step:417/3350 train_time:775.744s step_avg:1860.30ms
step:418/3350 train_time:777.586s step_avg:1860.25ms
step:419/3350 train_time:779.431s step_avg:1860.22ms
step:420/3350 train_time:781.272s step_avg:1860.17ms
step:421/3350 train_time:783.115s step_avg:1860.13ms
step:422/3350 train_time:784.959s step_avg:1860.09ms
step:423/3350 train_time:786.800s step_avg:1860.05ms
step:424/3350 train_time:788.642s step_avg:1860.00ms
step:425/3350 train_time:790.765s step_avg:1860.62ms
step:426/3350 train_time:792.607s step_avg:1860.58ms
step:427/3350 train_time:794.450s step_avg:1860.54ms
step:428/3350 train_time:796.293s step_avg:1860.50ms
step:429/3350 train_time:798.136s step_avg:1860.46ms
step:430/3350 train_time:799.979s step_avg:1860.42ms
step:431/3350 train_time:801.822s step_avg:1860.38ms
step:432/3350 train_time:803.664s step_avg:1860.33ms
step:433/3350 train_time:805.507s step_avg:1860.29ms
step:434/3350 train_time:807.352s step_avg:1860.26ms
step:435/3350 train_time:809.196s step_avg:1860.22ms
step:436/3350 train_time:811.038s step_avg:1860.18ms
step:437/3350 train_time:812.881s step_avg:1860.14ms
step:438/3350 train_time:814.725s step_avg:1860.10ms
step:439/3350 train_time:816.568s step_avg:1860.06ms
step:440/3350 train_time:818.411s step_avg:1860.03ms
step:441/3350 train_time:820.255s step_avg:1859.99ms
step:442/3350 train_time:822.098s step_avg:1859.95ms
step:443/3350 train_time:823.940s step_avg:1859.91ms
step:444/3350 train_time:825.783s step_avg:1859.87ms
step:445/3350 train_time:827.626s step_avg:1859.83ms
step:446/3350 train_time:829.469s step_avg:1859.80ms
step:447/3350 train_time:831.310s step_avg:1859.75ms
step:448/3350 train_time:833.152s step_avg:1859.71ms
step:449/3350 train_time:834.992s step_avg:1859.67ms
step:450/3350 train_time:837.110s step_avg:1860.24ms
step:451/3350 train_time:838.951s step_avg:1860.20ms
step:452/3350 train_time:840.792s step_avg:1860.16ms
step:453/3350 train_time:842.636s step_avg:1860.12ms
step:454/3350 train_time:844.478s step_avg:1860.08ms
step:455/3350 train_time:846.319s step_avg:1860.04ms
step:456/3350 train_time:848.162s step_avg:1860.00ms
step:457/3350 train_time:850.003s step_avg:1859.96ms
step:458/3350 train_time:851.845s step_avg:1859.92ms
step:459/3350 train_time:853.687s step_avg:1859.88ms
step:460/3350 train_time:855.529s step_avg:1859.84ms
step:461/3350 train_time:857.370s step_avg:1859.81ms
step:462/3350 train_time:859.212s step_avg:1859.77ms
step:463/3350 train_time:861.056s step_avg:1859.73ms
step:464/3350 train_time:862.900s step_avg:1859.70ms
step:465/3350 train_time:864.742s step_avg:1859.66ms
step:466/3350 train_time:866.583s step_avg:1859.62ms
step:467/3350 train_time:868.425s step_avg:1859.58ms
step:468/3350 train_time:870.268s step_avg:1859.55ms
step:469/3350 train_time:872.109s step_avg:1859.51ms
step:470/3350 train_time:873.951s step_avg:1859.47ms
step:471/3350 train_time:875.791s step_avg:1859.43ms
step:472/3350 train_time:877.633s step_avg:1859.39ms
step:473/3350 train_time:879.475s step_avg:1859.36ms
step:474/3350 train_time:881.316s step_avg:1859.32ms
step:475/3350 train_time:883.433s step_avg:1859.86ms
step:476/3350 train_time:885.274s step_avg:1859.82ms
step:477/3350 train_time:887.116s step_avg:1859.78ms
step:478/3350 train_time:888.956s step_avg:1859.74ms
step:479/3350 train_time:890.799s step_avg:1859.71ms
step:480/3350 train_time:892.641s step_avg:1859.67ms
step:481/3350 train_time:894.484s step_avg:1859.63ms
step:482/3350 train_time:896.325s step_avg:1859.60ms
step:483/3350 train_time:898.166s step_avg:1859.56ms
step:484/3350 train_time:900.009s step_avg:1859.52ms
step:485/3350 train_time:901.852s step_avg:1859.49ms
step:486/3350 train_time:903.693s step_avg:1859.45ms
step:487/3350 train_time:905.535s step_avg:1859.41ms
step:488/3350 train_time:907.377s step_avg:1859.38ms
step:489/3350 train_time:909.221s step_avg:1859.35ms
step:490/3350 train_time:911.062s step_avg:1859.31ms
step:491/3350 train_time:912.904s step_avg:1859.27ms
step:492/3350 train_time:914.746s step_avg:1859.24ms
step:493/3350 train_time:916.589s step_avg:1859.21ms
step:494/3350 train_time:918.431s step_avg:1859.17ms
step:495/3350 train_time:920.273s step_avg:1859.14ms
step:496/3350 train_time:922.115s step_avg:1859.10ms
step:497/3350 train_time:923.955s step_avg:1859.06ms
step:498/3350 train_time:925.797s step_avg:1859.03ms
step:499/3350 train_time:927.639s step_avg:1859.00ms
step:500/3350 train_time:929.832s step_avg:1859.66ms
step:500/3350 val_loss:3.81336 train_time:929.832s step_avg:1854.46ms
step:501/3350 train_time:931.681s step_avg:1859.64ms
step:502/3350 train_time:933.522s step_avg:1859.61ms
step:503/3350 train_time:935.364s step_avg:1859.57ms
step:504/3350 train_time:937.205s step_avg:1859.53ms
step:505/3350 train_time:939.047s step_avg:1859.50ms
step:506/3350 train_time:940.889s step_avg:1859.46ms
step:507/3350 train_time:942.730s step_avg:1859.43ms
step:508/3350 train_time:944.571s step_avg:1859.39ms
step:509/3350 train_time:946.413s step_avg:1859.36ms
step:510/3350 train_time:948.253s step_avg:1859.32ms
step:511/3350 train_time:950.094s step_avg:1859.28ms
step:512/3350 train_time:951.937s step_avg:1859.25ms
step:513/3350 train_time:953.780s step_avg:1859.22ms
step:514/3350 train_time:955.621s step_avg:1859.19ms
step:515/3350 train_time:957.464s step_avg:1859.15ms
step:516/3350 train_time:959.306s step_avg:1859.12ms
step:517/3350 train_time:961.148s step_avg:1859.09ms
step:518/3350 train_time:962.989s step_avg:1859.05ms
step:519/3350 train_time:964.831s step_avg:1859.02ms
step:520/3350 train_time:966.674s step_avg:1858.99ms
step:521/3350 train_time:968.515s step_avg:1858.95ms
step:522/3350 train_time:970.356s step_avg:1858.92ms
step:523/3350 train_time:972.198s step_avg:1858.89ms
step:524/3350 train_time:974.039s step_avg:1858.85ms
step:525/3350 train_time:976.156s step_avg:1859.34ms
step:526/3350 train_time:977.995s step_avg:1859.31ms
step:527/3350 train_time:979.836s step_avg:1859.27ms
step:528/3350 train_time:981.678s step_avg:1859.24ms
step:529/3350 train_time:983.519s step_avg:1859.20ms
step:530/3350 train_time:985.360s step_avg:1859.17ms
step:531/3350 train_time:987.203s step_avg:1859.14ms
step:532/3350 train_time:989.045s step_avg:1859.11ms
step:533/3350 train_time:990.887s step_avg:1859.07ms
step:534/3350 train_time:992.728s step_avg:1859.04ms
step:535/3350 train_time:994.570s step_avg:1859.01ms
step:536/3350 train_time:996.412s step_avg:1858.98ms
step:537/3350 train_time:998.252s step_avg:1858.94ms
step:538/3350 train_time:1000.093s step_avg:1858.91ms
step:539/3350 train_time:1001.935s step_avg:1858.88ms
step:540/3350 train_time:1003.775s step_avg:1858.84ms
step:541/3350 train_time:1005.617s step_avg:1858.81ms
step:542/3350 train_time:1007.458s step_avg:1858.78ms
step:543/3350 train_time:1009.299s step_avg:1858.75ms
step:544/3350 train_time:1011.141s step_avg:1858.71ms
step:545/3350 train_time:1012.982s step_avg:1858.68ms
step:546/3350 train_time:1014.824s step_avg:1858.65ms
step:547/3350 train_time:1016.666s step_avg:1858.62ms
step:548/3350 train_time:1018.508s step_avg:1858.59ms
step:549/3350 train_time:1020.350s step_avg:1858.56ms
step:550/3350 train_time:1022.465s step_avg:1859.03ms
step:551/3350 train_time:1024.307s step_avg:1859.00ms
step:552/3350 train_time:1026.149s step_avg:1858.97ms
step:553/3350 train_time:1027.990s step_avg:1858.93ms
step:554/3350 train_time:1029.830s step_avg:1858.90ms
step:555/3350 train_time:1031.672s step_avg:1858.87ms
step:556/3350 train_time:1033.512s step_avg:1858.84ms
step:557/3350 train_time:1035.354s step_avg:1858.81ms
step:558/3350 train_time:1037.196s step_avg:1858.77ms
step:559/3350 train_time:1039.039s step_avg:1858.75ms
step:560/3350 train_time:1040.881s step_avg:1858.72ms
step:561/3350 train_time:1042.721s step_avg:1858.68ms
step:562/3350 train_time:1044.563s step_avg:1858.65ms
step:563/3350 train_time:1046.403s step_avg:1858.62ms
step:564/3350 train_time:1048.244s step_avg:1858.59ms
step:565/3350 train_time:1050.086s step_avg:1858.56ms
step:566/3350 train_time:1051.927s step_avg:1858.53ms
step:567/3350 train_time:1053.770s step_avg:1858.50ms
step:568/3350 train_time:1055.611s step_avg:1858.47ms
step:569/3350 train_time:1057.452s step_avg:1858.44ms
step:570/3350 train_time:1059.294s step_avg:1858.41ms
step:571/3350 train_time:1061.175s step_avg:1858.45ms
step:572/3350 train_time:1063.015s step_avg:1858.42ms
step:573/3350 train_time:1064.857s step_avg:1858.39ms
step:574/3350 train_time:1066.699s step_avg:1858.36ms
step:575/3350 train_time:1068.813s step_avg:1858.81ms
step:576/3350 train_time:1070.654s step_avg:1858.77ms
step:577/3350 train_time:1072.497s step_avg:1858.75ms
step:578/3350 train_time:1074.339s step_avg:1858.72ms
step:579/3350 train_time:1076.180s step_avg:1858.69ms
step:580/3350 train_time:1078.022s step_avg:1858.66ms
step:581/3350 train_time:1079.863s step_avg:1858.63ms
step:582/3350 train_time:1081.704s step_avg:1858.60ms
step:583/3350 train_time:1083.546s step_avg:1858.57ms
step:584/3350 train_time:1085.387s step_avg:1858.54ms
step:585/3350 train_time:1087.225s step_avg:1858.50ms
step:586/3350 train_time:1089.066s step_avg:1858.47ms
step:587/3350 train_time:1090.907s step_avg:1858.44ms
step:588/3350 train_time:1092.747s step_avg:1858.41ms
step:589/3350 train_time:1094.589s step_avg:1858.39ms
step:590/3350 train_time:1096.431s step_avg:1858.36ms
step:591/3350 train_time:1098.272s step_avg:1858.33ms
step:592/3350 train_time:1100.113s step_avg:1858.30ms
step:593/3350 train_time:1101.954s step_avg:1858.27ms
step:594/3350 train_time:1103.797s step_avg:1858.24ms
step:595/3350 train_time:1105.640s step_avg:1858.22ms
step:596/3350 train_time:1107.482s step_avg:1858.19ms
step:597/3350 train_time:1109.323s step_avg:1858.16ms
step:598/3350 train_time:1111.165s step_avg:1858.14ms
step:599/3350 train_time:1113.007s step_avg:1858.11ms
step:600/3350 train_time:1115.134s step_avg:1858.56ms
step:601/3350 train_time:1116.974s step_avg:1858.53ms
step:602/3350 train_time:1118.815s step_avg:1858.50ms
step:603/3350 train_time:1120.656s step_avg:1858.47ms
step:604/3350 train_time:1122.495s step_avg:1858.44ms
step:605/3350 train_time:1124.339s step_avg:1858.41ms
step:606/3350 train_time:1126.181s step_avg:1858.39ms
step:607/3350 train_time:1128.024s step_avg:1858.36ms
step:608/3350 train_time:1129.864s step_avg:1858.33ms
step:609/3350 train_time:1131.707s step_avg:1858.30ms
step:610/3350 train_time:1133.548s step_avg:1858.28ms
step:611/3350 train_time:1135.390s step_avg:1858.25ms
step:612/3350 train_time:1137.232s step_avg:1858.22ms
step:613/3350 train_time:1139.074s step_avg:1858.20ms
step:614/3350 train_time:1140.916s step_avg:1858.17ms
step:615/3350 train_time:1142.758s step_avg:1858.14ms
step:616/3350 train_time:1144.599s step_avg:1858.12ms
step:617/3350 train_time:1146.439s step_avg:1858.09ms
step:618/3350 train_time:1148.279s step_avg:1858.06ms
step:619/3350 train_time:1150.121s step_avg:1858.03ms
step:620/3350 train_time:1151.963s step_avg:1858.00ms
step:621/3350 train_time:1153.806s step_avg:1857.98ms
step:622/3350 train_time:1155.648s step_avg:1857.95ms
step:623/3350 train_time:1157.490s step_avg:1857.93ms
step:624/3350 train_time:1159.331s step_avg:1857.90ms
step:625/3350 train_time:1161.512s step_avg:1858.42ms
step:625/3350 val_loss:3.74434 train_time:1161.513s step_avg:1853.44ms
step:626/3350 train_time:1163.354s step_avg:1858.39ms
step:627/3350 train_time:1165.196s step_avg:1858.37ms
step:628/3350 train_time:1167.038s step_avg:1858.34ms
step:629/3350 train_time:1168.879s step_avg:1858.31ms
step:630/3350 train_time:1170.720s step_avg:1858.29ms
step:631/3350 train_time:1172.562s step_avg:1858.26ms
step:632/3350 train_time:1174.404s step_avg:1858.23ms
step:633/3350 train_time:1176.246s step_avg:1858.21ms
step:634/3350 train_time:1178.087s step_avg:1858.18ms
step:635/3350 train_time:1179.928s step_avg:1858.15ms
step:636/3350 train_time:1181.770s step_avg:1858.13ms
step:637/3350 train_time:1183.610s step_avg:1858.10ms
step:638/3350 train_time:1185.452s step_avg:1858.08ms
step:639/3350 train_time:1187.294s step_avg:1858.05ms
step:640/3350 train_time:1189.136s step_avg:1858.02ms
step:641/3350 train_time:1190.976s step_avg:1858.00ms
step:642/3350 train_time:1192.818s step_avg:1857.97ms
step:643/3350 train_time:1194.660s step_avg:1857.95ms
step:644/3350 train_time:1196.501s step_avg:1857.92ms
step:645/3350 train_time:1198.341s step_avg:1857.89ms
step:646/3350 train_time:1200.184s step_avg:1857.87ms
step:647/3350 train_time:1202.025s step_avg:1857.84ms
step:648/3350 train_time:1203.867s step_avg:1857.82ms
step:649/3350 train_time:1205.707s step_avg:1857.79ms
step:650/3350 train_time:1207.821s step_avg:1858.19ms
step:651/3350 train_time:1209.663s step_avg:1858.16ms
step:652/3350 train_time:1211.504s step_avg:1858.14ms
step:653/3350 train_time:1213.344s step_avg:1858.11ms
step:654/3350 train_time:1215.186s step_avg:1858.08ms
step:655/3350 train_time:1217.027s step_avg:1858.06ms
step:656/3350 train_time:1218.869s step_avg:1858.03ms
step:657/3350 train_time:1220.709s step_avg:1858.00ms
step:658/3350 train_time:1222.550s step_avg:1857.98ms
step:659/3350 train_time:1224.391s step_avg:1857.95ms
step:660/3350 train_time:1226.231s step_avg:1857.93ms
step:661/3350 train_time:1228.071s step_avg:1857.90ms
step:662/3350 train_time:1229.912s step_avg:1857.87ms
step:663/3350 train_time:1231.752s step_avg:1857.85ms
step:664/3350 train_time:1233.596s step_avg:1857.83ms
step:665/3350 train_time:1235.437s step_avg:1857.80ms
step:666/3350 train_time:1237.278s step_avg:1857.78ms
step:667/3350 train_time:1239.119s step_avg:1857.75ms
step:668/3350 train_time:1240.961s step_avg:1857.73ms
step:669/3350 train_time:1242.801s step_avg:1857.70ms
step:670/3350 train_time:1244.644s step_avg:1857.68ms
step:671/3350 train_time:1246.484s step_avg:1857.65ms
step:672/3350 train_time:1248.326s step_avg:1857.63ms
step:673/3350 train_time:1250.166s step_avg:1857.60ms
step:674/3350 train_time:1252.006s step_avg:1857.58ms
step:675/3350 train_time:1254.121s step_avg:1857.96ms
step:676/3350 train_time:1255.961s step_avg:1857.93ms
step:677/3350 train_time:1257.802s step_avg:1857.90ms
step:678/3350 train_time:1259.644s step_avg:1857.88ms
step:679/3350 train_time:1261.485s step_avg:1857.86ms
step:680/3350 train_time:1263.325s step_avg:1857.83ms
step:681/3350 train_time:1265.166s step_avg:1857.81ms
step:682/3350 train_time:1267.006s step_avg:1857.78ms
step:683/3350 train_time:1268.848s step_avg:1857.76ms
step:684/3350 train_time:1270.688s step_avg:1857.73ms
step:685/3350 train_time:1272.529s step_avg:1857.71ms
step:686/3350 train_time:1274.371s step_avg:1857.68ms
step:687/3350 train_time:1276.210s step_avg:1857.66ms
step:688/3350 train_time:1278.052s step_avg:1857.63ms
step:689/3350 train_time:1279.892s step_avg:1857.61ms
step:690/3350 train_time:1281.732s step_avg:1857.58ms
step:691/3350 train_time:1283.574s step_avg:1857.56ms
step:692/3350 train_time:1285.415s step_avg:1857.54ms
step:693/3350 train_time:1287.257s step_avg:1857.51ms
step:694/3350 train_time:1289.097s step_avg:1857.49ms
step:695/3350 train_time:1290.938s step_avg:1857.46ms
step:696/3350 train_time:1292.780s step_avg:1857.44ms
step:697/3350 train_time:1294.621s step_avg:1857.42ms
step:698/3350 train_time:1296.462s step_avg:1857.40ms
step:699/3350 train_time:1298.303s step_avg:1857.37ms
step:700/3350 train_time:1300.432s step_avg:1857.76ms
step:701/3350 train_time:1302.274s step_avg:1857.74ms
step:702/3350 train_time:1304.117s step_avg:1857.72ms
step:703/3350 train_time:1305.958s step_avg:1857.69ms
step:704/3350 train_time:1307.799s step_avg:1857.67ms
step:705/3350 train_time:1309.640s step_avg:1857.64ms
step:706/3350 train_time:1311.479s step_avg:1857.62ms
step:707/3350 train_time:1313.320s step_avg:1857.60ms
step:708/3350 train_time:1315.160s step_avg:1857.57ms
step:709/3350 train_time:1317.001s step_avg:1857.55ms
step:710/3350 train_time:1318.841s step_avg:1857.52ms
step:711/3350 train_time:1320.682s step_avg:1857.50ms
step:712/3350 train_time:1322.523s step_avg:1857.48ms
step:713/3350 train_time:1324.365s step_avg:1857.45ms
step:714/3350 train_time:1326.206s step_avg:1857.43ms
step:715/3350 train_time:1328.047s step_avg:1857.41ms
step:716/3350 train_time:1329.887s step_avg:1857.38ms
step:717/3350 train_time:1331.727s step_avg:1857.36ms
step:718/3350 train_time:1333.568s step_avg:1857.34ms
step:719/3350 train_time:1335.409s step_avg:1857.31ms
step:720/3350 train_time:1337.249s step_avg:1857.29ms
step:721/3350 train_time:1339.090s step_avg:1857.27ms
step:722/3350 train_time:1340.931s step_avg:1857.25ms
step:723/3350 train_time:1342.772s step_avg:1857.22ms
step:724/3350 train_time:1344.612s step_avg:1857.20ms
step:725/3350 train_time:1346.726s step_avg:1857.55ms
step:726/3350 train_time:1348.567s step_avg:1857.53ms
step:727/3350 train_time:1350.406s step_avg:1857.51ms
step:728/3350 train_time:1352.248s step_avg:1857.48ms
step:729/3350 train_time:1354.088s step_avg:1857.46ms
step:730/3350 train_time:1355.929s step_avg:1857.44ms
step:731/3350 train_time:1357.770s step_avg:1857.41ms
step:732/3350 train_time:1359.611s step_avg:1857.39ms
step:733/3350 train_time:1361.452s step_avg:1857.37ms
step:734/3350 train_time:1363.293s step_avg:1857.35ms
step:735/3350 train_time:1365.134s step_avg:1857.33ms
step:736/3350 train_time:1366.975s step_avg:1857.30ms
step:737/3350 train_time:1368.815s step_avg:1857.28ms
step:738/3350 train_time:1370.654s step_avg:1857.26ms
step:739/3350 train_time:1372.495s step_avg:1857.23ms
step:740/3350 train_time:1374.336s step_avg:1857.21ms
step:741/3350 train_time:1376.177s step_avg:1857.19ms
step:742/3350 train_time:1378.018s step_avg:1857.17ms
step:743/3350 train_time:1379.857s step_avg:1857.14ms
step:744/3350 train_time:1381.698s step_avg:1857.12ms
step:745/3350 train_time:1383.538s step_avg:1857.10ms
step:746/3350 train_time:1385.379s step_avg:1857.08ms
step:747/3350 train_time:1387.220s step_avg:1857.05ms
step:748/3350 train_time:1389.060s step_avg:1857.03ms
step:749/3350 train_time:1390.901s step_avg:1857.01ms
step:750/3350 train_time:1393.081s step_avg:1857.44ms
step:750/3350 val_loss:3.69965 train_time:1393.082s step_avg:1852.55ms
step:751/3350 train_time:1394.924s step_avg:1857.42ms
step:752/3350 train_time:1396.765s step_avg:1857.40ms
step:753/3350 train_time:1398.607s step_avg:1857.38ms
step:754/3350 train_time:1400.449s step_avg:1857.36ms
step:755/3350 train_time:1402.290s step_avg:1857.34ms
step:756/3350 train_time:1404.131s step_avg:1857.32ms
step:757/3350 train_time:1405.972s step_avg:1857.29ms
step:758/3350 train_time:1407.813s step_avg:1857.27ms
step:759/3350 train_time:1409.655s step_avg:1857.25ms
step:760/3350 train_time:1411.496s step_avg:1857.23ms
step:761/3350 train_time:1413.377s step_avg:1857.26ms
step:762/3350 train_time:1415.218s step_avg:1857.24ms
step:763/3350 train_time:1417.059s step_avg:1857.22ms
step:764/3350 train_time:1418.898s step_avg:1857.20ms
step:765/3350 train_time:1420.739s step_avg:1857.18ms
step:766/3350 train_time:1422.580s step_avg:1857.15ms
step:767/3350 train_time:1424.422s step_avg:1857.13ms
step:768/3350 train_time:1426.263s step_avg:1857.11ms
step:769/3350 train_time:1428.105s step_avg:1857.09ms
step:770/3350 train_time:1429.946s step_avg:1857.07ms
step:771/3350 train_time:1431.787s step_avg:1857.05ms
step:772/3350 train_time:1433.629s step_avg:1857.03ms
step:773/3350 train_time:1435.470s step_avg:1857.01ms
step:774/3350 train_time:1437.310s step_avg:1856.99ms
step:775/3350 train_time:1439.425s step_avg:1857.32ms
step:776/3350 train_time:1441.265s step_avg:1857.30ms
step:777/3350 train_time:1443.109s step_avg:1857.28ms
step:778/3350 train_time:1444.950s step_avg:1857.26ms
step:779/3350 train_time:1446.790s step_avg:1857.24ms
step:780/3350 train_time:1448.631s step_avg:1857.22ms
step:781/3350 train_time:1450.472s step_avg:1857.20ms
step:782/3350 train_time:1452.312s step_avg:1857.18ms
step:783/3350 train_time:1454.153s step_avg:1857.16ms
step:784/3350 train_time:1455.994s step_avg:1857.13ms
step:785/3350 train_time:1457.835s step_avg:1857.11ms
step:786/3350 train_time:1459.679s step_avg:1857.10ms
step:787/3350 train_time:1461.522s step_avg:1857.08ms
step:788/3350 train_time:1463.363s step_avg:1857.06ms
step:789/3350 train_time:1465.205s step_avg:1857.04ms
step:790/3350 train_time:1467.045s step_avg:1857.02ms
step:791/3350 train_time:1468.889s step_avg:1857.00ms
step:792/3350 train_time:1470.731s step_avg:1856.98ms
step:793/3350 train_time:1472.573s step_avg:1856.96ms
step:794/3350 train_time:1474.414s step_avg:1856.94ms
step:795/3350 train_time:1476.255s step_avg:1856.92ms
step:796/3350 train_time:1478.095s step_avg:1856.90ms
step:797/3350 train_time:1479.936s step_avg:1856.88ms
step:798/3350 train_time:1481.776s step_avg:1856.86ms
step:799/3350 train_time:1483.617s step_avg:1856.84ms
step:800/3350 train_time:1485.745s step_avg:1857.18ms
step:801/3350 train_time:1487.585s step_avg:1857.16ms
step:802/3350 train_time:1489.426s step_avg:1857.14ms
step:803/3350 train_time:1491.267s step_avg:1857.12ms
step:804/3350 train_time:1493.109s step_avg:1857.10ms
step:805/3350 train_time:1494.950s step_avg:1857.08ms
step:806/3350 train_time:1496.790s step_avg:1857.06ms
step:807/3350 train_time:1498.632s step_avg:1857.04ms
step:808/3350 train_time:1500.474s step_avg:1857.02ms
step:809/3350 train_time:1502.314s step_avg:1857.00ms
step:810/3350 train_time:1504.155s step_avg:1856.98ms
step:811/3350 train_time:1505.995s step_avg:1856.96ms
step:812/3350 train_time:1507.836s step_avg:1856.94ms
step:813/3350 train_time:1509.677s step_avg:1856.92ms
step:814/3350 train_time:1511.516s step_avg:1856.90ms
step:815/3350 train_time:1513.358s step_avg:1856.88ms
step:816/3350 train_time:1515.198s step_avg:1856.86ms
step:817/3350 train_time:1517.040s step_avg:1856.84ms
step:818/3350 train_time:1518.881s step_avg:1856.82ms
step:819/3350 train_time:1520.720s step_avg:1856.80ms
step:820/3350 train_time:1522.562s step_avg:1856.78ms
step:821/3350 train_time:1524.403s step_avg:1856.76ms
step:822/3350 train_time:1526.244s step_avg:1856.74ms
step:823/3350 train_time:1528.085s step_avg:1856.73ms
step:824/3350 train_time:1529.927s step_avg:1856.71ms
step:825/3350 train_time:1532.046s step_avg:1857.03ms
step:826/3350 train_time:1533.886s step_avg:1857.00ms
step:827/3350 train_time:1535.728s step_avg:1856.99ms
step:828/3350 train_time:1537.570s step_avg:1856.97ms
step:829/3350 train_time:1539.411s step_avg:1856.95ms
step:830/3350 train_time:1541.254s step_avg:1856.93ms
step:831/3350 train_time:1543.094s step_avg:1856.91ms
step:832/3350 train_time:1544.935s step_avg:1856.89ms
step:833/3350 train_time:1546.776s step_avg:1856.87ms
step:834/3350 train_time:1548.619s step_avg:1856.86ms
step:835/3350 train_time:1550.459s step_avg:1856.84ms
step:836/3350 train_time:1552.308s step_avg:1856.83ms
step:837/3350 train_time:1554.149s step_avg:1856.81ms
step:838/3350 train_time:1555.992s step_avg:1856.79ms
step:839/3350 train_time:1557.833s step_avg:1856.77ms
step:840/3350 train_time:1559.675s step_avg:1856.76ms
step:841/3350 train_time:1561.517s step_avg:1856.74ms
step:842/3350 train_time:1563.358s step_avg:1856.72ms
step:843/3350 train_time:1565.200s step_avg:1856.70ms
step:844/3350 train_time:1567.041s step_avg:1856.68ms
step:845/3350 train_time:1568.883s step_avg:1856.67ms
step:846/3350 train_time:1570.724s step_avg:1856.65ms
step:847/3350 train_time:1572.567s step_avg:1856.63ms
step:848/3350 train_time:1574.408s step_avg:1856.61ms
step:849/3350 train_time:1576.249s step_avg:1856.59ms
step:850/3350 train_time:1578.365s step_avg:1856.90ms
step:851/3350 train_time:1580.206s step_avg:1856.88ms
step:852/3350 train_time:1582.048s step_avg:1856.86ms
step:853/3350 train_time:1583.889s step_avg:1856.84ms
step:854/3350 train_time:1585.730s step_avg:1856.83ms
step:855/3350 train_time:1587.571s step_avg:1856.81ms
step:856/3350 train_time:1589.411s step_avg:1856.79ms
step:857/3350 train_time:1591.253s step_avg:1856.77ms
step:858/3350 train_time:1593.093s step_avg:1856.75ms
step:859/3350 train_time:1594.936s step_avg:1856.74ms
step:860/3350 train_time:1596.776s step_avg:1856.72ms
step:861/3350 train_time:1598.617s step_avg:1856.70ms
step:862/3350 train_time:1600.460s step_avg:1856.68ms
step:863/3350 train_time:1602.303s step_avg:1856.67ms
step:864/3350 train_time:1604.144s step_avg:1856.65ms
step:865/3350 train_time:1605.985s step_avg:1856.63ms
step:866/3350 train_time:1607.825s step_avg:1856.61ms
step:867/3350 train_time:1609.667s step_avg:1856.59ms
step:868/3350 train_time:1611.507s step_avg:1856.58ms
step:869/3350 train_time:1613.350s step_avg:1856.56ms
step:870/3350 train_time:1615.192s step_avg:1856.54ms
step:871/3350 train_time:1617.032s step_avg:1856.52ms
step:872/3350 train_time:1618.873s step_avg:1856.51ms
step:873/3350 train_time:1620.714s step_avg:1856.49ms
step:874/3350 train_time:1622.554s step_avg:1856.47ms
step:875/3350 train_time:1624.735s step_avg:1856.84ms
step:875/3350 val_loss:3.66186 train_time:1624.736s step_avg:1853.23ms
step:876/3350 train_time:1626.578s step_avg:1856.82ms
step:877/3350 train_time:1628.420s step_avg:1856.81ms
step:878/3350 train_time:1630.261s step_avg:1856.79ms
step:879/3350 train_time:1632.102s step_avg:1856.77ms
step:880/3350 train_time:1633.944s step_avg:1856.75ms
step:881/3350 train_time:1635.787s step_avg:1856.74ms
step:882/3350 train_time:1637.629s step_avg:1856.72ms
step:883/3350 train_time:1639.470s step_avg:1856.70ms
step:884/3350 train_time:1641.312s step_avg:1856.69ms
step:885/3350 train_time:1643.153s step_avg:1856.67ms
step:886/3350 train_time:1644.994s step_avg:1856.65ms
step:887/3350 train_time:1646.835s step_avg:1856.63ms
step:888/3350 train_time:1648.677s step_avg:1856.62ms
step:889/3350 train_time:1650.519s step_avg:1856.60ms
step:890/3350 train_time:1652.361s step_avg:1856.59ms
step:891/3350 train_time:1654.203s step_avg:1856.57ms
step:892/3350 train_time:1656.044s step_avg:1856.55ms
step:893/3350 train_time:1657.884s step_avg:1856.53ms
step:894/3350 train_time:1659.725s step_avg:1856.52ms
step:895/3350 train_time:1661.568s step_avg:1856.50ms
step:896/3350 train_time:1663.408s step_avg:1856.48ms
step:897/3350 train_time:1665.248s step_avg:1856.46ms
step:898/3350 train_time:1667.087s step_avg:1856.44ms
step:899/3350 train_time:1668.930s step_avg:1856.43ms
step:900/3350 train_time:1671.056s step_avg:1856.73ms
step:901/3350 train_time:1672.895s step_avg:1856.71ms
step:902/3350 train_time:1674.736s step_avg:1856.69ms
step:903/3350 train_time:1676.576s step_avg:1856.67ms
step:904/3350 train_time:1678.416s step_avg:1856.65ms
step:905/3350 train_time:1680.256s step_avg:1856.64ms
step:906/3350 train_time:1682.096s step_avg:1856.62ms
step:907/3350 train_time:1683.935s step_avg:1856.60ms
step:908/3350 train_time:1685.775s step_avg:1856.58ms
step:909/3350 train_time:1687.615s step_avg:1856.56ms
step:910/3350 train_time:1689.456s step_avg:1856.55ms
step:911/3350 train_time:1691.295s step_avg:1856.53ms
step:912/3350 train_time:1693.135s step_avg:1856.51ms
step:913/3350 train_time:1694.975s step_avg:1856.49ms
step:914/3350 train_time:1696.816s step_avg:1856.47ms
step:915/3350 train_time:1698.658s step_avg:1856.46ms
step:916/3350 train_time:1700.497s step_avg:1856.44ms
step:917/3350 train_time:1702.338s step_avg:1856.42ms
step:918/3350 train_time:1704.178s step_avg:1856.40ms
step:919/3350 train_time:1706.017s step_avg:1856.38ms
step:920/3350 train_time:1707.857s step_avg:1856.37ms
step:921/3350 train_time:1709.698s step_avg:1856.35ms
step:922/3350 train_time:1711.537s step_avg:1856.33ms
step:923/3350 train_time:1713.377s step_avg:1856.31ms
step:924/3350 train_time:1715.218s step_avg:1856.30ms
step:925/3350 train_time:1717.333s step_avg:1856.58ms
step:926/3350 train_time:1719.172s step_avg:1856.56ms
step:927/3350 train_time:1721.012s step_avg:1856.54ms
step:928/3350 train_time:1722.852s step_avg:1856.52ms
step:929/3350 train_time:1724.691s step_avg:1856.50ms
step:930/3350 train_time:1726.533s step_avg:1856.49ms
step:931/3350 train_time:1728.373s step_avg:1856.47ms
step:932/3350 train_time:1730.212s step_avg:1856.45ms
step:933/3350 train_time:1732.051s step_avg:1856.43ms
step:934/3350 train_time:1733.890s step_avg:1856.41ms
step:935/3350 train_time:1735.730s step_avg:1856.40ms
step:936/3350 train_time:1737.569s step_avg:1856.38ms
step:937/3350 train_time:1739.408s step_avg:1856.36ms
step:938/3350 train_time:1741.249s step_avg:1856.34ms
step:939/3350 train_time:1743.087s step_avg:1856.32ms
step:940/3350 train_time:1744.927s step_avg:1856.31ms
step:941/3350 train_time:1746.768s step_avg:1856.29ms
step:942/3350 train_time:1748.608s step_avg:1856.27ms
step:943/3350 train_time:1750.448s step_avg:1856.25ms
step:944/3350 train_time:1752.288s step_avg:1856.24ms
step:945/3350 train_time:1754.129s step_avg:1856.22ms
step:946/3350 train_time:1755.968s step_avg:1856.20ms
step:947/3350 train_time:1757.807s step_avg:1856.18ms
step:948/3350 train_time:1759.649s step_avg:1856.17ms
step:949/3350 train_time:1761.489s step_avg:1856.15ms
step:950/3350 train_time:1763.603s step_avg:1856.42ms
step:951/3350 train_time:1765.481s step_avg:1856.45ms
step:952/3350 train_time:1767.321s step_avg:1856.43ms
step:953/3350 train_time:1769.161s step_avg:1856.41ms
step:954/3350 train_time:1771.001s step_avg:1856.39ms
step:955/3350 train_time:1772.841s step_avg:1856.38ms
step:956/3350 train_time:1774.681s step_avg:1856.36ms
step:957/3350 train_time:1776.521s step_avg:1856.34ms
step:958/3350 train_time:1778.360s step_avg:1856.33ms
step:959/3350 train_time:1780.200s step_avg:1856.31ms
step:960/3350 train_time:1782.039s step_avg:1856.29ms
step:961/3350 train_time:1783.878s step_avg:1856.27ms
step:962/3350 train_time:1785.718s step_avg:1856.26ms
step:963/3350 train_time:1787.557s step_avg:1856.24ms
step:964/3350 train_time:1789.398s step_avg:1856.22ms
step:965/3350 train_time:1791.238s step_avg:1856.20ms
step:966/3350 train_time:1793.077s step_avg:1856.19ms
step:967/3350 train_time:1794.917s step_avg:1856.17ms
step:968/3350 train_time:1796.758s step_avg:1856.15ms
step:969/3350 train_time:1798.598s step_avg:1856.14ms
step:970/3350 train_time:1800.437s step_avg:1856.12ms
step:971/3350 train_time:1802.277s step_avg:1856.10ms
step:972/3350 train_time:1804.117s step_avg:1856.09ms
step:973/3350 train_time:1805.955s step_avg:1856.07ms
step:974/3350 train_time:1807.794s step_avg:1856.05ms
step:975/3350 train_time:1809.910s step_avg:1856.32ms
step:976/3350 train_time:1811.748s step_avg:1856.30ms
step:977/3350 train_time:1813.588s step_avg:1856.28ms
step:978/3350 train_time:1815.428s step_avg:1856.27ms
step:979/3350 train_time:1817.268s step_avg:1856.25ms
step:980/3350 train_time:1819.109s step_avg:1856.23ms
step:981/3350 train_time:1820.951s step_avg:1856.22ms
step:982/3350 train_time:1822.791s step_avg:1856.20ms
step:983/3350 train_time:1824.631s step_avg:1856.19ms
step:984/3350 train_time:1826.470s step_avg:1856.17ms
step:985/3350 train_time:1828.309s step_avg:1856.15ms
step:986/3350 train_time:1830.150s step_avg:1856.14ms
step:987/3350 train_time:1831.989s step_avg:1856.12ms
step:988/3350 train_time:1833.829s step_avg:1856.10ms
step:989/3350 train_time:1835.669s step_avg:1856.09ms
step:990/3350 train_time:1837.509s step_avg:1856.07ms
step:991/3350 train_time:1839.350s step_avg:1856.05ms
step:992/3350 train_time:1841.189s step_avg:1856.04ms
step:993/3350 train_time:1843.028s step_avg:1856.02ms
step:994/3350 train_time:1844.869s step_avg:1856.00ms
step:995/3350 train_time:1846.709s step_avg:1855.99ms
step:996/3350 train_time:1848.548s step_avg:1855.97ms
step:997/3350 train_time:1850.388s step_avg:1855.96ms
step:998/3350 train_time:1852.227s step_avg:1855.94ms
step:999/3350 train_time:1854.067s step_avg:1855.92ms
step:1000/3350 train_time:1856.262s step_avg:1856.26ms
step:1000/3350 val_loss:3.62662 train_time:1856.262s step_avg:1852.21ms
step:1001/3350 train_time:1858.103s step_avg:1856.25ms
step:1002/3350 train_time:1859.943s step_avg:1856.23ms
step:1003/3350 train_time:1861.785s step_avg:1856.22ms
step:1004/3350 train_time:1863.626s step_avg:1856.20ms
step:1005/3350 train_time:1865.468s step_avg:1856.19ms
step:1006/3350 train_time:1867.310s step_avg:1856.17ms
step:1007/3350 train_time:1869.151s step_avg:1856.16ms
step:1008/3350 train_time:1870.990s step_avg:1856.14ms
step:1009/3350 train_time:1872.831s step_avg:1856.13ms
step:1010/3350 train_time:1874.671s step_avg:1856.11ms
step:1011/3350 train_time:1876.513s step_avg:1856.10ms
step:1012/3350 train_time:1878.353s step_avg:1856.08ms
step:1013/3350 train_time:1880.192s step_avg:1856.06ms
step:1014/3350 train_time:1882.033s step_avg:1856.05ms
step:1015/3350 train_time:1883.874s step_avg:1856.03ms
step:1016/3350 train_time:1885.715s step_avg:1856.02ms
step:1017/3350 train_time:1887.554s step_avg:1856.00ms
step:1018/3350 train_time:1889.395s step_avg:1855.99ms
step:1019/3350 train_time:1891.235s step_avg:1855.97ms
step:1020/3350 train_time:1893.075s step_avg:1855.96ms
step:1021/3350 train_time:1894.916s step_avg:1855.94ms
step:1022/3350 train_time:1896.756s step_avg:1855.93ms
step:1023/3350 train_time:1898.597s step_avg:1855.91ms
step:1024/3350 train_time:1900.437s step_avg:1855.90ms
step:1025/3350 train_time:1902.551s step_avg:1856.15ms
step:1026/3350 train_time:1904.390s step_avg:1856.13ms
step:1027/3350 train_time:1906.230s step_avg:1856.11ms
step:1028/3350 train_time:1908.071s step_avg:1856.10ms
step:1029/3350 train_time:1909.912s step_avg:1856.09ms
step:1030/3350 train_time:1911.753s step_avg:1856.07ms
step:1031/3350 train_time:1913.593s step_avg:1856.06ms
step:1032/3350 train_time:1915.435s step_avg:1856.04ms
step:1033/3350 train_time:1917.274s step_avg:1856.03ms
step:1034/3350 train_time:1919.114s step_avg:1856.01ms
step:1035/3350 train_time:1920.954s step_avg:1855.99ms
step:1036/3350 train_time:1922.794s step_avg:1855.98ms
step:1037/3350 train_time:1924.633s step_avg:1855.96ms
step:1038/3350 train_time:1926.474s step_avg:1855.95ms
step:1039/3350 train_time:1928.314s step_avg:1855.93ms
step:1040/3350 train_time:1930.154s step_avg:1855.92ms
step:1041/3350 train_time:1931.995s step_avg:1855.90ms
step:1042/3350 train_time:1933.833s step_avg:1855.89ms
step:1043/3350 train_time:1935.673s step_avg:1855.87ms
step:1044/3350 train_time:1937.513s step_avg:1855.85ms
step:1045/3350 train_time:1939.354s step_avg:1855.84ms
step:1046/3350 train_time:1941.195s step_avg:1855.83ms
step:1047/3350 train_time:1943.034s step_avg:1855.81ms
step:1048/3350 train_time:1944.875s step_avg:1855.80ms
step:1049/3350 train_time:1946.715s step_avg:1855.78ms
step:1050/3350 train_time:1948.830s step_avg:1856.03ms
step:1051/3350 train_time:1950.669s step_avg:1856.01ms
step:1052/3350 train_time:1952.509s step_avg:1856.00ms
step:1053/3350 train_time:1954.350s step_avg:1855.98ms
step:1054/3350 train_time:1956.189s step_avg:1855.97ms
step:1055/3350 train_time:1958.030s step_avg:1855.95ms
step:1056/3350 train_time:1959.871s step_avg:1855.94ms
step:1057/3350 train_time:1961.711s step_avg:1855.92ms
step:1058/3350 train_time:1963.551s step_avg:1855.91ms
step:1059/3350 train_time:1965.393s step_avg:1855.90ms
step:1060/3350 train_time:1967.234s step_avg:1855.88ms
step:1061/3350 train_time:1969.074s step_avg:1855.87ms
step:1062/3350 train_time:1970.914s step_avg:1855.85ms
step:1063/3350 train_time:1972.755s step_avg:1855.84ms
step:1064/3350 train_time:1974.595s step_avg:1855.82ms
step:1065/3350 train_time:1976.435s step_avg:1855.81ms
step:1066/3350 train_time:1978.277s step_avg:1855.79ms
step:1067/3350 train_time:1980.117s step_avg:1855.78ms
step:1068/3350 train_time:1981.958s step_avg:1855.77ms
step:1069/3350 train_time:1983.798s step_avg:1855.75ms
step:1070/3350 train_time:1985.640s step_avg:1855.74ms
step:1071/3350 train_time:1987.481s step_avg:1855.72ms
step:1072/3350 train_time:1989.322s step_avg:1855.71ms
step:1073/3350 train_time:1991.164s step_avg:1855.70ms
step:1074/3350 train_time:1993.005s step_avg:1855.68ms
step:1075/3350 train_time:1995.120s step_avg:1855.93ms
step:1076/3350 train_time:1996.962s step_avg:1855.91ms
step:1077/3350 train_time:1998.802s step_avg:1855.90ms
step:1078/3350 train_time:2000.644s step_avg:1855.89ms
step:1079/3350 train_time:2002.485s step_avg:1855.87ms
step:1080/3350 train_time:2004.327s step_avg:1855.86ms
step:1081/3350 train_time:2006.167s step_avg:1855.84ms
step:1082/3350 train_time:2008.007s step_avg:1855.83ms
step:1083/3350 train_time:2009.849s step_avg:1855.82ms
step:1084/3350 train_time:2011.690s step_avg:1855.80ms
step:1085/3350 train_time:2013.530s step_avg:1855.79ms
step:1086/3350 train_time:2015.373s step_avg:1855.78ms
step:1087/3350 train_time:2017.213s step_avg:1855.76ms
step:1088/3350 train_time:2019.054s step_avg:1855.75ms
step:1089/3350 train_time:2020.894s step_avg:1855.73ms
step:1090/3350 train_time:2022.734s step_avg:1855.72ms
step:1091/3350 train_time:2024.575s step_avg:1855.71ms
step:1092/3350 train_time:2026.416s step_avg:1855.69ms
step:1093/3350 train_time:2028.257s step_avg:1855.68ms
step:1094/3350 train_time:2030.096s step_avg:1855.66ms
step:1095/3350 train_time:2031.936s step_avg:1855.65ms
step:1096/3350 train_time:2033.776s step_avg:1855.64ms
step:1097/3350 train_time:2035.617s step_avg:1855.62ms
step:1098/3350 train_time:2037.457s step_avg:1855.61ms
step:1099/3350 train_time:2039.297s step_avg:1855.59ms
step:1100/3350 train_time:2041.423s step_avg:1855.84ms
step:1101/3350 train_time:2043.264s step_avg:1855.83ms
step:1102/3350 train_time:2045.104s step_avg:1855.81ms
step:1103/3350 train_time:2046.944s step_avg:1855.80ms
step:1104/3350 train_time:2048.787s step_avg:1855.79ms
step:1105/3350 train_time:2050.629s step_avg:1855.77ms
step:1106/3350 train_time:2052.468s step_avg:1855.76ms
step:1107/3350 train_time:2054.309s step_avg:1855.74ms
step:1108/3350 train_time:2056.149s step_avg:1855.73ms
step:1109/3350 train_time:2057.989s step_avg:1855.72ms
step:1110/3350 train_time:2059.829s step_avg:1855.70ms
step:1111/3350 train_time:2061.668s step_avg:1855.69ms
step:1112/3350 train_time:2063.508s step_avg:1855.67ms
step:1113/3350 train_time:2065.349s step_avg:1855.66ms
step:1114/3350 train_time:2067.192s step_avg:1855.65ms
step:1115/3350 train_time:2069.034s step_avg:1855.64ms
step:1116/3350 train_time:2070.876s step_avg:1855.62ms
step:1117/3350 train_time:2072.719s step_avg:1855.61ms
step:1118/3350 train_time:2074.559s step_avg:1855.60ms
step:1119/3350 train_time:2076.401s step_avg:1855.59ms
step:1120/3350 train_time:2078.243s step_avg:1855.57ms
step:1121/3350 train_time:2080.087s step_avg:1855.56ms
step:1122/3350 train_time:2081.928s step_avg:1855.55ms
step:1123/3350 train_time:2083.770s step_avg:1855.54ms
step:1124/3350 train_time:2085.615s step_avg:1855.53ms
step:1125/3350 train_time:2087.812s step_avg:1855.83ms
step:1125/3350 val_loss:3.60129 train_time:2087.813s step_avg:1852.41ms
step:1126/3350 train_time:2089.659s step_avg:1855.82ms
step:1127/3350 train_time:2091.502s step_avg:1855.81ms
step:1128/3350 train_time:2093.343s step_avg:1855.80ms
step:1129/3350 train_time:2095.186s step_avg:1855.79ms
step:1130/3350 train_time:2097.029s step_avg:1855.78ms
step:1131/3350 train_time:2098.873s step_avg:1855.77ms
step:1132/3350 train_time:2100.717s step_avg:1855.76ms
step:1133/3350 train_time:2102.572s step_avg:1855.76ms
step:1134/3350 train_time:2104.414s step_avg:1855.74ms
step:1135/3350 train_time:2106.255s step_avg:1855.73ms
step:1136/3350 train_time:2108.096s step_avg:1855.72ms
step:1137/3350 train_time:2109.938s step_avg:1855.71ms
step:1138/3350 train_time:2111.779s step_avg:1855.69ms
step:1139/3350 train_time:2113.622s step_avg:1855.68ms
step:1140/3350 train_time:2115.462s step_avg:1855.67ms
step:1141/3350 train_time:2117.344s step_avg:1855.69ms
step:1142/3350 train_time:2119.184s step_avg:1855.68ms
step:1143/3350 train_time:2121.027s step_avg:1855.67ms
step:1144/3350 train_time:2122.869s step_avg:1855.65ms
step:1145/3350 train_time:2124.709s step_avg:1855.64ms
step:1146/3350 train_time:2126.554s step_avg:1855.63ms
step:1147/3350 train_time:2128.394s step_avg:1855.62ms
step:1148/3350 train_time:2130.238s step_avg:1855.61ms
step:1149/3350 train_time:2132.080s step_avg:1855.60ms
step:1150/3350 train_time:2134.198s step_avg:1855.82ms
step:1151/3350 train_time:2136.041s step_avg:1855.81ms
step:1152/3350 train_time:2137.881s step_avg:1855.80ms
step:1153/3350 train_time:2139.723s step_avg:1855.79ms
step:1154/3350 train_time:2141.565s step_avg:1855.78ms
step:1155/3350 train_time:2143.407s step_avg:1855.76ms
step:1156/3350 train_time:2145.248s step_avg:1855.75ms
step:1157/3350 train_time:2147.086s step_avg:1855.74ms
step:1158/3350 train_time:2148.928s step_avg:1855.72ms
step:1159/3350 train_time:2150.769s step_avg:1855.71ms
step:1160/3350 train_time:2152.610s step_avg:1855.70ms
step:1161/3350 train_time:2154.451s step_avg:1855.69ms
step:1162/3350 train_time:2156.293s step_avg:1855.67ms
step:1163/3350 train_time:2158.134s step_avg:1855.66ms
step:1164/3350 train_time:2159.977s step_avg:1855.65ms
step:1165/3350 train_time:2161.820s step_avg:1855.64ms
step:1166/3350 train_time:2163.663s step_avg:1855.63ms
step:1167/3350 train_time:2165.505s step_avg:1855.62ms
step:1168/3350 train_time:2167.348s step_avg:1855.61ms
step:1169/3350 train_time:2169.190s step_avg:1855.59ms
step:1170/3350 train_time:2171.031s step_avg:1855.58ms
step:1171/3350 train_time:2172.873s step_avg:1855.57ms
step:1172/3350 train_time:2174.717s step_avg:1855.56ms
step:1173/3350 train_time:2176.558s step_avg:1855.55ms
step:1174/3350 train_time:2178.401s step_avg:1855.54ms
step:1175/3350 train_time:2180.516s step_avg:1855.76ms
step:1176/3350 train_time:2182.356s step_avg:1855.75ms
step:1177/3350 train_time:2184.198s step_avg:1855.73ms
step:1178/3350 train_time:2186.040s step_avg:1855.72ms
step:1179/3350 train_time:2187.880s step_avg:1855.71ms
step:1180/3350 train_time:2189.722s step_avg:1855.70ms
step:1181/3350 train_time:2191.563s step_avg:1855.68ms
step:1182/3350 train_time:2193.405s step_avg:1855.67ms
step:1183/3350 train_time:2195.246s step_avg:1855.66ms
step:1184/3350 train_time:2197.087s step_avg:1855.65ms
step:1185/3350 train_time:2198.932s step_avg:1855.64ms
step:1186/3350 train_time:2200.773s step_avg:1855.63ms
step:1187/3350 train_time:2202.613s step_avg:1855.61ms
step:1188/3350 train_time:2204.456s step_avg:1855.60ms
step:1189/3350 train_time:2206.298s step_avg:1855.59ms
step:1190/3350 train_time:2208.140s step_avg:1855.58ms
step:1191/3350 train_time:2209.982s step_avg:1855.57ms
step:1192/3350 train_time:2211.823s step_avg:1855.56ms
step:1193/3350 train_time:2213.665s step_avg:1855.55ms
step:1194/3350 train_time:2215.507s step_avg:1855.53ms
step:1195/3350 train_time:2217.351s step_avg:1855.52ms
step:1196/3350 train_time:2219.191s step_avg:1855.51ms
step:1197/3350 train_time:2221.034s step_avg:1855.50ms
step:1198/3350 train_time:2222.875s step_avg:1855.49ms
step:1199/3350 train_time:2224.717s step_avg:1855.48ms
step:1200/3350 train_time:2226.852s step_avg:1855.71ms
step:1201/3350 train_time:2228.693s step_avg:1855.70ms
step:1202/3350 train_time:2230.534s step_avg:1855.69ms
step:1203/3350 train_time:2232.376s step_avg:1855.67ms
step:1204/3350 train_time:2234.219s step_avg:1855.66ms
step:1205/3350 train_time:2236.059s step_avg:1855.65ms
step:1206/3350 train_time:2237.900s step_avg:1855.64ms
step:1207/3350 train_time:2239.742s step_avg:1855.63ms
step:1208/3350 train_time:2241.584s step_avg:1855.62ms
step:1209/3350 train_time:2243.426s step_avg:1855.60ms
step:1210/3350 train_time:2245.266s step_avg:1855.59ms
step:1211/3350 train_time:2247.109s step_avg:1855.58ms
step:1212/3350 train_time:2248.951s step_avg:1855.57ms
step:1213/3350 train_time:2250.794s step_avg:1855.56ms
step:1214/3350 train_time:2252.634s step_avg:1855.55ms
step:1215/3350 train_time:2254.475s step_avg:1855.53ms
step:1216/3350 train_time:2256.316s step_avg:1855.52ms
step:1217/3350 train_time:2258.160s step_avg:1855.51ms
step:1218/3350 train_time:2260.000s step_avg:1855.50ms
step:1219/3350 train_time:2261.843s step_avg:1855.49ms
step:1220/3350 train_time:2263.684s step_avg:1855.48ms
step:1221/3350 train_time:2265.525s step_avg:1855.47ms
step:1222/3350 train_time:2267.369s step_avg:1855.46ms
step:1223/3350 train_time:2269.211s step_avg:1855.45ms
step:1224/3350 train_time:2271.052s step_avg:1855.43ms
step:1225/3350 train_time:2273.171s step_avg:1855.65ms
step:1226/3350 train_time:2275.011s step_avg:1855.64ms
step:1227/3350 train_time:2276.853s step_avg:1855.63ms
step:1228/3350 train_time:2278.694s step_avg:1855.61ms
step:1229/3350 train_time:2280.537s step_avg:1855.60ms
step:1230/3350 train_time:2282.378s step_avg:1855.59ms
step:1231/3350 train_time:2284.219s step_avg:1855.58ms
step:1232/3350 train_time:2286.060s step_avg:1855.57ms
step:1233/3350 train_time:2287.903s step_avg:1855.56ms
step:1234/3350 train_time:2289.749s step_avg:1855.55ms
step:1235/3350 train_time:2291.589s step_avg:1855.54ms
step:1236/3350 train_time:2293.430s step_avg:1855.53ms
step:1237/3350 train_time:2295.271s step_avg:1855.51ms
step:1238/3350 train_time:2297.112s step_avg:1855.50ms
step:1239/3350 train_time:2298.952s step_avg:1855.49ms
step:1240/3350 train_time:2300.794s step_avg:1855.48ms
step:1241/3350 train_time:2302.636s step_avg:1855.47ms
step:1242/3350 train_time:2304.476s step_avg:1855.46ms
step:1243/3350 train_time:2306.319s step_avg:1855.45ms
step:1244/3350 train_time:2308.160s step_avg:1855.43ms
step:1245/3350 train_time:2310.002s step_avg:1855.42ms
step:1246/3350 train_time:2311.843s step_avg:1855.41ms
step:1247/3350 train_time:2313.687s step_avg:1855.40ms
step:1248/3350 train_time:2315.530s step_avg:1855.39ms
step:1249/3350 train_time:2317.371s step_avg:1855.38ms
step:1250/3350 train_time:2319.561s step_avg:1855.65ms
step:1250/3350 val_loss:3.56970 train_time:2319.562s step_avg:1853.99ms
step:1251/3350 train_time:2321.403s step_avg:1855.64ms
step:1252/3350 train_time:2323.247s step_avg:1855.63ms
step:1253/3350 train_time:2325.090s step_avg:1855.62ms
step:1254/3350 train_time:2326.931s step_avg:1855.61ms
step:1255/3350 train_time:2328.773s step_avg:1855.60ms
step:1256/3350 train_time:2330.616s step_avg:1855.59ms
step:1257/3350 train_time:2332.458s step_avg:1855.57ms
step:1258/3350 train_time:2334.300s step_avg:1855.56ms
step:1259/3350 train_time:2336.141s step_avg:1855.55ms
step:1260/3350 train_time:2337.983s step_avg:1855.54ms
step:1261/3350 train_time:2339.825s step_avg:1855.53ms
step:1262/3350 train_time:2341.668s step_avg:1855.52ms
step:1263/3350 train_time:2343.510s step_avg:1855.51ms
step:1264/3350 train_time:2345.352s step_avg:1855.50ms
step:1265/3350 train_time:2347.193s step_avg:1855.49ms
step:1266/3350 train_time:2349.036s step_avg:1855.48ms
step:1267/3350 train_time:2350.879s step_avg:1855.47ms
step:1268/3350 train_time:2352.723s step_avg:1855.46ms
step:1269/3350 train_time:2354.565s step_avg:1855.45ms
step:1270/3350 train_time:2356.407s step_avg:1855.44ms
step:1271/3350 train_time:2358.249s step_avg:1855.43ms
step:1272/3350 train_time:2360.091s step_avg:1855.42ms
step:1273/3350 train_time:2361.934s step_avg:1855.41ms
step:1274/3350 train_time:2363.775s step_avg:1855.40ms
step:1275/3350 train_time:2365.905s step_avg:1855.61ms
step:1276/3350 train_time:2367.748s step_avg:1855.60ms
step:1277/3350 train_time:2369.589s step_avg:1855.59ms
step:1278/3350 train_time:2371.431s step_avg:1855.58ms
step:1279/3350 train_time:2373.272s step_avg:1855.57ms
step:1280/3350 train_time:2375.115s step_avg:1855.56ms
step:1281/3350 train_time:2376.956s step_avg:1855.55ms
step:1282/3350 train_time:2378.797s step_avg:1855.54ms
step:1283/3350 train_time:2380.641s step_avg:1855.53ms
step:1284/3350 train_time:2382.482s step_avg:1855.52ms
step:1285/3350 train_time:2384.324s step_avg:1855.50ms
step:1286/3350 train_time:2386.167s step_avg:1855.50ms
step:1287/3350 train_time:2388.009s step_avg:1855.48ms
step:1288/3350 train_time:2389.850s step_avg:1855.47ms
step:1289/3350 train_time:2391.692s step_avg:1855.46ms
step:1290/3350 train_time:2393.535s step_avg:1855.45ms
step:1291/3350 train_time:2395.380s step_avg:1855.45ms
step:1292/3350 train_time:2397.222s step_avg:1855.44ms
step:1293/3350 train_time:2399.064s step_avg:1855.42ms
step:1294/3350 train_time:2400.907s step_avg:1855.41ms
step:1295/3350 train_time:2402.749s step_avg:1855.40ms
step:1296/3350 train_time:2404.590s step_avg:1855.39ms
step:1297/3350 train_time:2406.431s step_avg:1855.38ms
step:1298/3350 train_time:2408.273s step_avg:1855.37ms
step:1299/3350 train_time:2410.116s step_avg:1855.36ms
step:1300/3350 train_time:2412.243s step_avg:1855.57ms
step:1301/3350 train_time:2414.083s step_avg:1855.56ms
step:1302/3350 train_time:2415.926s step_avg:1855.55ms
step:1303/3350 train_time:2417.767s step_avg:1855.54ms
step:1304/3350 train_time:2419.608s step_avg:1855.53ms
step:1305/3350 train_time:2421.451s step_avg:1855.52ms
step:1306/3350 train_time:2423.293s step_avg:1855.51ms
step:1307/3350 train_time:2425.136s step_avg:1855.50ms
step:1308/3350 train_time:2426.979s step_avg:1855.49ms
step:1309/3350 train_time:2428.822s step_avg:1855.48ms
step:1310/3350 train_time:2430.663s step_avg:1855.47ms
step:1311/3350 train_time:2432.503s step_avg:1855.46ms
step:1312/3350 train_time:2434.347s step_avg:1855.45ms
step:1313/3350 train_time:2436.188s step_avg:1855.44ms
step:1314/3350 train_time:2438.030s step_avg:1855.43ms
step:1315/3350 train_time:2439.873s step_avg:1855.42ms
step:1316/3350 train_time:2441.715s step_avg:1855.41ms
step:1317/3350 train_time:2443.559s step_avg:1855.40ms
step:1318/3350 train_time:2445.400s step_avg:1855.39ms
step:1319/3350 train_time:2447.242s step_avg:1855.38ms
step:1320/3350 train_time:2449.086s step_avg:1855.37ms
step:1321/3350 train_time:2450.927s step_avg:1855.36ms
step:1322/3350 train_time:2452.769s step_avg:1855.35ms
step:1323/3350 train_time:2454.611s step_avg:1855.34ms
step:1324/3350 train_time:2456.453s step_avg:1855.33ms
step:1325/3350 train_time:2458.575s step_avg:1855.53ms
step:1326/3350 train_time:2460.417s step_avg:1855.52ms
step:1327/3350 train_time:2462.260s step_avg:1855.51ms
step:1328/3350 train_time:2464.098s step_avg:1855.50ms
step:1329/3350 train_time:2465.939s step_avg:1855.48ms
step:1330/3350 train_time:2467.781s step_avg:1855.47ms
step:1331/3350 train_time:2469.661s step_avg:1855.49ms
step:1332/3350 train_time:2471.504s step_avg:1855.48ms
step:1333/3350 train_time:2473.345s step_avg:1855.47ms
step:1334/3350 train_time:2475.188s step_avg:1855.46ms
step:1335/3350 train_time:2477.032s step_avg:1855.46ms
step:1336/3350 train_time:2478.876s step_avg:1855.45ms
step:1337/3350 train_time:2480.718s step_avg:1855.44ms
step:1338/3350 train_time:2482.560s step_avg:1855.43ms
step:1339/3350 train_time:2484.403s step_avg:1855.42ms
step:1340/3350 train_time:2486.244s step_avg:1855.41ms
step:1341/3350 train_time:2488.085s step_avg:1855.40ms
step:1342/3350 train_time:2489.927s step_avg:1855.38ms
step:1343/3350 train_time:2491.771s step_avg:1855.38ms
step:1344/3350 train_time:2493.613s step_avg:1855.37ms
step:1345/3350 train_time:2495.455s step_avg:1855.36ms
step:1346/3350 train_time:2497.297s step_avg:1855.35ms
step:1347/3350 train_time:2499.139s step_avg:1855.34ms
step:1348/3350 train_time:2500.980s step_avg:1855.33ms
step:1349/3350 train_time:2502.826s step_avg:1855.32ms
step:1350/3350 train_time:2504.946s step_avg:1855.52ms
step:1351/3350 train_time:2506.788s step_avg:1855.51ms
step:1352/3350 train_time:2508.629s step_avg:1855.49ms
step:1353/3350 train_time:2510.470s step_avg:1855.48ms
step:1354/3350 train_time:2512.311s step_avg:1855.47ms
step:1355/3350 train_time:2514.153s step_avg:1855.46ms
step:1356/3350 train_time:2515.998s step_avg:1855.46ms
step:1357/3350 train_time:2517.842s step_avg:1855.45ms
step:1358/3350 train_time:2519.683s step_avg:1855.44ms
step:1359/3350 train_time:2521.524s step_avg:1855.43ms
step:1360/3350 train_time:2523.368s step_avg:1855.42ms
step:1361/3350 train_time:2525.213s step_avg:1855.41ms
step:1362/3350 train_time:2527.056s step_avg:1855.40ms
step:1363/3350 train_time:2528.898s step_avg:1855.39ms
step:1364/3350 train_time:2530.739s step_avg:1855.38ms
step:1365/3350 train_time:2532.581s step_avg:1855.37ms
step:1366/3350 train_time:2534.424s step_avg:1855.36ms
step:1367/3350 train_time:2536.269s step_avg:1855.35ms
step:1368/3350 train_time:2538.109s step_avg:1855.34ms
step:1369/3350 train_time:2539.951s step_avg:1855.33ms
step:1370/3350 train_time:2541.793s step_avg:1855.32ms
step:1371/3350 train_time:2543.635s step_avg:1855.31ms
step:1372/3350 train_time:2545.478s step_avg:1855.30ms
step:1373/3350 train_time:2547.319s step_avg:1855.29ms
step:1374/3350 train_time:2549.160s step_avg:1855.28ms
step:1375/3350 train_time:2551.343s step_avg:1855.52ms
step:1375/3350 val_loss:3.54523 train_time:2551.343s step_avg:1854.25ms
step:1376/3350 train_time:2553.187s step_avg:1855.51ms
step:1377/3350 train_time:2555.029s step_avg:1855.50ms
step:1378/3350 train_time:2556.872s step_avg:1855.50ms
step:1379/3350 train_time:2558.714s step_avg:1855.49ms
step:1380/3350 train_time:2560.558s step_avg:1855.48ms
step:1381/3350 train_time:2562.401s step_avg:1855.47ms
step:1382/3350 train_time:2564.243s step_avg:1855.46ms
step:1383/3350 train_time:2566.084s step_avg:1855.45ms
step:1384/3350 train_time:2567.925s step_avg:1855.44ms
step:1385/3350 train_time:2569.767s step_avg:1855.43ms
step:1386/3350 train_time:2571.611s step_avg:1855.42ms
step:1387/3350 train_time:2573.451s step_avg:1855.41ms
step:1388/3350 train_time:2575.295s step_avg:1855.40ms
step:1389/3350 train_time:2577.140s step_avg:1855.39ms
step:1390/3350 train_time:2578.981s step_avg:1855.38ms
step:1391/3350 train_time:2580.823s step_avg:1855.37ms
step:1392/3350 train_time:2582.665s step_avg:1855.36ms
step:1393/3350 train_time:2584.506s step_avg:1855.35ms
step:1394/3350 train_time:2586.348s step_avg:1855.34ms
step:1395/3350 train_time:2588.189s step_avg:1855.33ms
step:1396/3350 train_time:2590.033s step_avg:1855.32ms
step:1397/3350 train_time:2591.877s step_avg:1855.32ms
step:1398/3350 train_time:2593.722s step_avg:1855.31ms
step:1399/3350 train_time:2595.563s step_avg:1855.30ms
step:1400/3350 train_time:2597.696s step_avg:1855.50ms
step:1401/3350 train_time:2599.538s step_avg:1855.49ms
step:1402/3350 train_time:2601.379s step_avg:1855.48ms
step:1403/3350 train_time:2603.221s step_avg:1855.47ms
step:1404/3350 train_time:2605.065s step_avg:1855.46ms
step:1405/3350 train_time:2606.906s step_avg:1855.45ms
step:1406/3350 train_time:2608.750s step_avg:1855.44ms
step:1407/3350 train_time:2610.592s step_avg:1855.43ms
step:1408/3350 train_time:2612.434s step_avg:1855.42ms
step:1409/3350 train_time:2614.277s step_avg:1855.41ms
step:1410/3350 train_time:2616.120s step_avg:1855.40ms
step:1411/3350 train_time:2617.964s step_avg:1855.40ms
step:1412/3350 train_time:2619.808s step_avg:1855.39ms
step:1413/3350 train_time:2621.651s step_avg:1855.38ms
step:1414/3350 train_time:2623.494s step_avg:1855.37ms
step:1415/3350 train_time:2625.338s step_avg:1855.36ms
step:1416/3350 train_time:2627.181s step_avg:1855.35ms
step:1417/3350 train_time:2629.024s step_avg:1855.35ms
step:1418/3350 train_time:2630.866s step_avg:1855.34ms
step:1419/3350 train_time:2632.709s step_avg:1855.33ms
step:1420/3350 train_time:2634.551s step_avg:1855.32ms
step:1421/3350 train_time:2636.396s step_avg:1855.31ms
step:1422/3350 train_time:2638.239s step_avg:1855.30ms
step:1423/3350 train_time:2640.085s step_avg:1855.30ms
step:1424/3350 train_time:2641.928s step_avg:1855.29ms
step:1425/3350 train_time:2644.061s step_avg:1855.48ms
step:1426/3350 train_time:2645.907s step_avg:1855.47ms
step:1427/3350 train_time:2647.750s step_avg:1855.47ms
step:1428/3350 train_time:2649.592s step_avg:1855.46ms
step:1429/3350 train_time:2651.436s step_avg:1855.45ms
step:1430/3350 train_time:2653.279s step_avg:1855.44ms
step:1431/3350 train_time:2655.123s step_avg:1855.43ms
step:1432/3350 train_time:2656.969s step_avg:1855.42ms
step:1433/3350 train_time:2658.810s step_avg:1855.41ms
step:1434/3350 train_time:2660.653s step_avg:1855.41ms
step:1435/3350 train_time:2662.497s step_avg:1855.40ms
step:1436/3350 train_time:2664.340s step_avg:1855.39ms
step:1437/3350 train_time:2666.187s step_avg:1855.38ms
step:1438/3350 train_time:2668.029s step_avg:1855.37ms
step:1439/3350 train_time:2669.872s step_avg:1855.37ms
step:1440/3350 train_time:2671.716s step_avg:1855.36ms
step:1441/3350 train_time:2673.560s step_avg:1855.35ms
step:1442/3350 train_time:2675.404s step_avg:1855.34ms
step:1443/3350 train_time:2677.248s step_avg:1855.33ms
step:1444/3350 train_time:2679.093s step_avg:1855.33ms
step:1445/3350 train_time:2680.937s step_avg:1855.32ms
step:1446/3350 train_time:2682.781s step_avg:1855.31ms
step:1447/3350 train_time:2684.623s step_avg:1855.30ms
step:1448/3350 train_time:2686.470s step_avg:1855.30ms
step:1449/3350 train_time:2688.313s step_avg:1855.29ms
step:1450/3350 train_time:2690.437s step_avg:1855.47ms
step:1451/3350 train_time:2692.281s step_avg:1855.47ms
step:1452/3350 train_time:2694.123s step_avg:1855.46ms
step:1453/3350 train_time:2695.967s step_avg:1855.45ms
step:1454/3350 train_time:2697.810s step_avg:1855.44ms
step:1455/3350 train_time:2699.655s step_avg:1855.43ms
step:1456/3350 train_time:2701.499s step_avg:1855.42ms
step:1457/3350 train_time:2703.341s step_avg:1855.42ms
step:1458/3350 train_time:2705.186s step_avg:1855.41ms
step:1459/3350 train_time:2707.030s step_avg:1855.40ms
step:1460/3350 train_time:2708.870s step_avg:1855.39ms
step:1461/3350 train_time:2710.713s step_avg:1855.38ms
step:1462/3350 train_time:2712.557s step_avg:1855.37ms
step:1463/3350 train_time:2714.402s step_avg:1855.37ms
step:1464/3350 train_time:2716.244s step_avg:1855.36ms
step:1465/3350 train_time:2718.090s step_avg:1855.35ms
step:1466/3350 train_time:2719.933s step_avg:1855.34ms
step:1467/3350 train_time:2721.779s step_avg:1855.34ms
step:1468/3350 train_time:2723.626s step_avg:1855.33ms
step:1469/3350 train_time:2725.470s step_avg:1855.32ms
step:1470/3350 train_time:2727.315s step_avg:1855.32ms
step:1471/3350 train_time:2729.156s step_avg:1855.31ms
step:1472/3350 train_time:2731.000s step_avg:1855.30ms
step:1473/3350 train_time:2732.843s step_avg:1855.29ms
step:1474/3350 train_time:2734.688s step_avg:1855.28ms
step:1475/3350 train_time:2736.820s step_avg:1855.47ms
step:1476/3350 train_time:2738.661s step_avg:1855.46ms
step:1477/3350 train_time:2740.504s step_avg:1855.45ms
step:1478/3350 train_time:2742.348s step_avg:1855.45ms
step:1479/3350 train_time:2744.191s step_avg:1855.44ms
step:1480/3350 train_time:2746.036s step_avg:1855.43ms
step:1481/3350 train_time:2747.880s step_avg:1855.42ms
step:1482/3350 train_time:2749.724s step_avg:1855.41ms
step:1483/3350 train_time:2751.568s step_avg:1855.41ms
step:1484/3350 train_time:2753.411s step_avg:1855.40ms
step:1485/3350 train_time:2755.254s step_avg:1855.39ms
step:1486/3350 train_time:2757.097s step_avg:1855.38ms
step:1487/3350 train_time:2758.938s step_avg:1855.37ms
step:1488/3350 train_time:2760.781s step_avg:1855.36ms
step:1489/3350 train_time:2762.625s step_avg:1855.36ms
step:1490/3350 train_time:2764.470s step_avg:1855.35ms
step:1491/3350 train_time:2766.313s step_avg:1855.34ms
step:1492/3350 train_time:2768.156s step_avg:1855.33ms
step:1493/3350 train_time:2770.000s step_avg:1855.33ms
step:1494/3350 train_time:2771.845s step_avg:1855.32ms
step:1495/3350 train_time:2773.689s step_avg:1855.31ms
step:1496/3350 train_time:2775.532s step_avg:1855.30ms
step:1497/3350 train_time:2777.376s step_avg:1855.29ms
step:1498/3350 train_time:2779.219s step_avg:1855.29ms
step:1499/3350 train_time:2781.063s step_avg:1855.28ms
step:1500/3350 train_time:2783.269s step_avg:1855.51ms
step:1500/3350 val_loss:3.51656 train_time:2783.269s step_avg:1855.41ms
step:1501/3350 train_time:2785.115s step_avg:1855.51ms
step:1502/3350 train_time:2786.958s step_avg:1855.50ms
step:1503/3350 train_time:2788.802s step_avg:1855.49ms
step:1504/3350 train_time:2790.647s step_avg:1855.48ms
step:1505/3350 train_time:2792.493s step_avg:1855.48ms
step:1506/3350 train_time:2794.336s step_avg:1855.47ms
step:1507/3350 train_time:2796.182s step_avg:1855.46ms
step:1508/3350 train_time:2798.027s step_avg:1855.46ms
step:1509/3350 train_time:2799.871s step_avg:1855.45ms
step:1510/3350 train_time:2801.716s step_avg:1855.44ms
step:1511/3350 train_time:2803.559s step_avg:1855.43ms
step:1512/3350 train_time:2805.404s step_avg:1855.43ms
step:1513/3350 train_time:2807.246s step_avg:1855.42ms
step:1514/3350 train_time:2809.090s step_avg:1855.41ms
step:1515/3350 train_time:2810.935s step_avg:1855.40ms
step:1516/3350 train_time:2812.779s step_avg:1855.40ms
step:1517/3350 train_time:2814.623s step_avg:1855.39ms
step:1518/3350 train_time:2816.466s step_avg:1855.38ms
step:1519/3350 train_time:2818.310s step_avg:1855.37ms
step:1520/3350 train_time:2820.153s step_avg:1855.36ms
step:1521/3350 train_time:2822.035s step_avg:1855.38ms
step:1522/3350 train_time:2823.879s step_avg:1855.37ms
step:1523/3350 train_time:2825.728s step_avg:1855.37ms
step:1524/3350 train_time:2827.569s step_avg:1855.36ms
step:1525/3350 train_time:2829.697s step_avg:1855.54ms
step:1526/3350 train_time:2831.539s step_avg:1855.53ms
step:1527/3350 train_time:2833.380s step_avg:1855.52ms
step:1528/3350 train_time:2835.222s step_avg:1855.51ms
step:1529/3350 train_time:2837.064s step_avg:1855.50ms
step:1530/3350 train_time:2838.906s step_avg:1855.49ms
step:1531/3350 train_time:2840.748s step_avg:1855.49ms
step:1532/3350 train_time:2842.591s step_avg:1855.48ms
step:1533/3350 train_time:2844.433s step_avg:1855.47ms
step:1534/3350 train_time:2846.275s step_avg:1855.46ms
step:1535/3350 train_time:2848.116s step_avg:1855.45ms
step:1536/3350 train_time:2849.959s step_avg:1855.44ms
step:1537/3350 train_time:2851.801s step_avg:1855.43ms
step:1538/3350 train_time:2853.642s step_avg:1855.42ms
step:1539/3350 train_time:2855.486s step_avg:1855.42ms
step:1540/3350 train_time:2857.328s step_avg:1855.41ms
step:1541/3350 train_time:2859.170s step_avg:1855.40ms
step:1542/3350 train_time:2861.012s step_avg:1855.39ms
step:1543/3350 train_time:2862.854s step_avg:1855.38ms
step:1544/3350 train_time:2864.697s step_avg:1855.37ms
step:1545/3350 train_time:2866.538s step_avg:1855.36ms
step:1546/3350 train_time:2868.381s step_avg:1855.36ms
step:1547/3350 train_time:2870.224s step_avg:1855.35ms
step:1548/3350 train_time:2872.067s step_avg:1855.34ms
step:1549/3350 train_time:2873.910s step_avg:1855.33ms
step:1550/3350 train_time:2876.029s step_avg:1855.50ms
step:1551/3350 train_time:2877.870s step_avg:1855.49ms
step:1552/3350 train_time:2879.711s step_avg:1855.48ms
step:1553/3350 train_time:2881.552s step_avg:1855.47ms
step:1554/3350 train_time:2883.395s step_avg:1855.47ms
step:1555/3350 train_time:2885.237s step_avg:1855.46ms
step:1556/3350 train_time:2887.078s step_avg:1855.45ms
step:1557/3350 train_time:2888.921s step_avg:1855.44ms
step:1558/3350 train_time:2890.763s step_avg:1855.43ms
step:1559/3350 train_time:2892.604s step_avg:1855.42ms
step:1560/3350 train_time:2894.448s step_avg:1855.42ms
step:1561/3350 train_time:2896.290s step_avg:1855.41ms
step:1562/3350 train_time:2898.132s step_avg:1855.40ms
step:1563/3350 train_time:2899.976s step_avg:1855.39ms
step:1564/3350 train_time:2901.818s step_avg:1855.38ms
step:1565/3350 train_time:2903.660s step_avg:1855.37ms
step:1566/3350 train_time:2905.502s step_avg:1855.37ms
step:1567/3350 train_time:2907.343s step_avg:1855.36ms
step:1568/3350 train_time:2909.185s step_avg:1855.35ms
step:1569/3350 train_time:2911.028s step_avg:1855.34ms
step:1570/3350 train_time:2912.872s step_avg:1855.33ms
step:1571/3350 train_time:2914.714s step_avg:1855.32ms
step:1572/3350 train_time:2916.557s step_avg:1855.32ms
step:1573/3350 train_time:2918.401s step_avg:1855.31ms
step:1574/3350 train_time:2920.241s step_avg:1855.30ms
step:1575/3350 train_time:2922.367s step_avg:1855.47ms
step:1576/3350 train_time:2924.208s step_avg:1855.46ms
step:1577/3350 train_time:2926.050s step_avg:1855.45ms
step:1578/3350 train_time:2927.889s step_avg:1855.44ms
step:1579/3350 train_time:2929.730s step_avg:1855.43ms
step:1580/3350 train_time:2931.577s step_avg:1855.43ms
step:1581/3350 train_time:2933.420s step_avg:1855.42ms
step:1582/3350 train_time:2935.263s step_avg:1855.41ms
step:1583/3350 train_time:2937.104s step_avg:1855.40ms
step:1584/3350 train_time:2938.945s step_avg:1855.39ms
step:1585/3350 train_time:2940.787s step_avg:1855.39ms
step:1586/3350 train_time:2942.629s step_avg:1855.38ms
step:1587/3350 train_time:2944.470s step_avg:1855.37ms
step:1588/3350 train_time:2946.313s step_avg:1855.36ms
step:1589/3350 train_time:2948.155s step_avg:1855.35ms
step:1590/3350 train_time:2949.997s step_avg:1855.34ms
step:1591/3350 train_time:2951.839s step_avg:1855.34ms
step:1592/3350 train_time:2953.683s step_avg:1855.33ms
step:1593/3350 train_time:2955.526s step_avg:1855.32ms
step:1594/3350 train_time:2957.367s step_avg:1855.31ms
step:1595/3350 train_time:2959.210s step_avg:1855.30ms
step:1596/3350 train_time:2961.051s step_avg:1855.30ms
step:1597/3350 train_time:2962.893s step_avg:1855.29ms
step:1598/3350 train_time:2964.735s step_avg:1855.28ms
step:1599/3350 train_time:2966.576s step_avg:1855.27ms
step:1600/3350 train_time:2968.711s step_avg:1855.44ms
step:1601/3350 train_time:2970.553s step_avg:1855.44ms
step:1602/3350 train_time:2972.397s step_avg:1855.43ms
step:1603/3350 train_time:2974.241s step_avg:1855.42ms
step:1604/3350 train_time:2976.082s step_avg:1855.41ms
step:1605/3350 train_time:2977.925s step_avg:1855.41ms
step:1606/3350 train_time:2979.767s step_avg:1855.40ms
step:1607/3350 train_time:2981.609s step_avg:1855.39ms
step:1608/3350 train_time:2983.451s step_avg:1855.38ms
step:1609/3350 train_time:2985.292s step_avg:1855.37ms
step:1610/3350 train_time:2987.133s step_avg:1855.36ms
step:1611/3350 train_time:2988.975s step_avg:1855.35ms
step:1612/3350 train_time:2990.816s step_avg:1855.35ms
step:1613/3350 train_time:2992.660s step_avg:1855.34ms
step:1614/3350 train_time:2994.502s step_avg:1855.33ms
step:1615/3350 train_time:2996.344s step_avg:1855.32ms
step:1616/3350 train_time:2998.186s step_avg:1855.31ms
step:1617/3350 train_time:3000.029s step_avg:1855.31ms
step:1618/3350 train_time:3001.873s step_avg:1855.30ms
step:1619/3350 train_time:3003.717s step_avg:1855.29ms
step:1620/3350 train_time:3005.558s step_avg:1855.28ms
step:1621/3350 train_time:3007.400s step_avg:1855.27ms
step:1622/3350 train_time:3009.244s step_avg:1855.27ms
step:1623/3350 train_time:3011.087s step_avg:1855.26ms
step:1624/3350 train_time:3012.930s step_avg:1855.25ms
step:1625/3350 train_time:3015.113s step_avg:1855.45ms
step:1625/3350 val_loss:3.49781 train_time:3015.113s step_avg:1854.75ms
step:1626/3350 train_time:3016.956s step_avg:1855.45ms
step:1627/3350 train_time:3018.797s step_avg:1855.44ms
step:1628/3350 train_time:3020.640s step_avg:1855.43ms
step:1629/3350 train_time:3022.484s step_avg:1855.42ms
step:1630/3350 train_time:3024.326s step_avg:1855.41ms
step:1631/3350 train_time:3026.168s step_avg:1855.41ms
step:1632/3350 train_time:3028.012s step_avg:1855.40ms
step:1633/3350 train_time:3029.855s step_avg:1855.39ms
step:1634/3350 train_time:3031.697s step_avg:1855.38ms
step:1635/3350 train_time:3033.537s step_avg:1855.37ms
step:1636/3350 train_time:3035.382s step_avg:1855.37ms
step:1637/3350 train_time:3037.223s step_avg:1855.36ms
step:1638/3350 train_time:3039.064s step_avg:1855.35ms
step:1639/3350 train_time:3040.908s step_avg:1855.34ms
step:1640/3350 train_time:3042.752s step_avg:1855.34ms
step:1641/3350 train_time:3044.594s step_avg:1855.33ms
step:1642/3350 train_time:3046.435s step_avg:1855.32ms
step:1643/3350 train_time:3048.278s step_avg:1855.31ms
step:1644/3350 train_time:3050.120s step_avg:1855.30ms
step:1645/3350 train_time:3051.962s step_avg:1855.30ms
step:1646/3350 train_time:3053.804s step_avg:1855.29ms
step:1647/3350 train_time:3055.646s step_avg:1855.28ms
step:1648/3350 train_time:3057.489s step_avg:1855.27ms
step:1649/3350 train_time:3059.332s step_avg:1855.27ms
step:1650/3350 train_time:3061.449s step_avg:1855.42ms
step:1651/3350 train_time:3063.291s step_avg:1855.42ms
step:1652/3350 train_time:3065.133s step_avg:1855.41ms
step:1653/3350 train_time:3066.977s step_avg:1855.40ms
step:1654/3350 train_time:3068.819s step_avg:1855.39ms
step:1655/3350 train_time:3070.662s step_avg:1855.39ms
step:1656/3350 train_time:3072.504s step_avg:1855.38ms
step:1657/3350 train_time:3074.347s step_avg:1855.37ms
step:1658/3350 train_time:3076.189s step_avg:1855.36ms
step:1659/3350 train_time:3078.033s step_avg:1855.35ms
step:1660/3350 train_time:3079.875s step_avg:1855.35ms
step:1661/3350 train_time:3081.718s step_avg:1855.34ms
step:1662/3350 train_time:3083.561s step_avg:1855.33ms
step:1663/3350 train_time:3085.403s step_avg:1855.32ms
step:1664/3350 train_time:3087.245s step_avg:1855.32ms
step:1665/3350 train_time:3089.088s step_avg:1855.31ms
step:1666/3350 train_time:3090.932s step_avg:1855.30ms
step:1667/3350 train_time:3092.774s step_avg:1855.29ms
step:1668/3350 train_time:3094.616s step_avg:1855.29ms
step:1669/3350 train_time:3096.458s step_avg:1855.28ms
step:1670/3350 train_time:3098.301s step_avg:1855.27ms
step:1671/3350 train_time:3100.144s step_avg:1855.26ms
step:1672/3350 train_time:3101.987s step_avg:1855.26ms
step:1673/3350 train_time:3103.832s step_avg:1855.25ms
step:1674/3350 train_time:3105.673s step_avg:1855.24ms
step:1675/3350 train_time:3107.798s step_avg:1855.40ms
step:1676/3350 train_time:3109.640s step_avg:1855.39ms
step:1677/3350 train_time:3111.482s step_avg:1855.39ms
step:1678/3350 train_time:3113.325s step_avg:1855.38ms
step:1679/3350 train_time:3115.167s step_avg:1855.37ms
step:1680/3350 train_time:3117.010s step_avg:1855.36ms
step:1681/3350 train_time:3118.854s step_avg:1855.36ms
step:1682/3350 train_time:3120.699s step_avg:1855.35ms
step:1683/3350 train_time:3122.544s step_avg:1855.34ms
step:1684/3350 train_time:3124.387s step_avg:1855.34ms
step:1685/3350 train_time:3126.232s step_avg:1855.33ms
step:1686/3350 train_time:3128.074s step_avg:1855.32ms
step:1687/3350 train_time:3129.917s step_avg:1855.32ms
step:1688/3350 train_time:3131.761s step_avg:1855.31ms
step:1689/3350 train_time:3133.603s step_avg:1855.30ms
step:1690/3350 train_time:3135.447s step_avg:1855.29ms
step:1691/3350 train_time:3137.293s step_avg:1855.29ms
step:1692/3350 train_time:3139.137s step_avg:1855.28ms
step:1693/3350 train_time:3140.981s step_avg:1855.28ms
step:1694/3350 train_time:3142.825s step_avg:1855.27ms
step:1695/3350 train_time:3144.666s step_avg:1855.26ms
step:1696/3350 train_time:3146.508s step_avg:1855.25ms
step:1697/3350 train_time:3148.354s step_avg:1855.25ms
step:1698/3350 train_time:3150.196s step_avg:1855.24ms
step:1699/3350 train_time:3152.041s step_avg:1855.23ms
step:1700/3350 train_time:3154.176s step_avg:1855.40ms
step:1701/3350 train_time:3156.020s step_avg:1855.39ms
step:1702/3350 train_time:3157.865s step_avg:1855.38ms
step:1703/3350 train_time:3159.707s step_avg:1855.38ms
step:1704/3350 train_time:3161.548s step_avg:1855.37ms
step:1705/3350 train_time:3163.390s step_avg:1855.36ms
step:1706/3350 train_time:3165.231s step_avg:1855.35ms
step:1707/3350 train_time:3167.073s step_avg:1855.34ms
step:1708/3350 train_time:3168.917s step_avg:1855.34ms
step:1709/3350 train_time:3170.759s step_avg:1855.33ms
step:1710/3350 train_time:3172.600s step_avg:1855.32ms
step:1711/3350 train_time:3174.477s step_avg:1855.33ms
step:1712/3350 train_time:3176.318s step_avg:1855.33ms
step:1713/3350 train_time:3178.161s step_avg:1855.32ms
step:1714/3350 train_time:3180.004s step_avg:1855.31ms
step:1715/3350 train_time:3181.846s step_avg:1855.30ms
step:1716/3350 train_time:3183.688s step_avg:1855.30ms
step:1717/3350 train_time:3185.529s step_avg:1855.29ms
step:1718/3350 train_time:3187.371s step_avg:1855.28ms
step:1719/3350 train_time:3189.215s step_avg:1855.27ms
step:1720/3350 train_time:3191.058s step_avg:1855.27ms
step:1721/3350 train_time:3192.900s step_avg:1855.26ms
step:1722/3350 train_time:3194.742s step_avg:1855.25ms
step:1723/3350 train_time:3196.583s step_avg:1855.24ms
step:1724/3350 train_time:3198.426s step_avg:1855.24ms
step:1725/3350 train_time:3200.543s step_avg:1855.39ms
step:1726/3350 train_time:3202.384s step_avg:1855.38ms
step:1727/3350 train_time:3204.226s step_avg:1855.37ms
step:1728/3350 train_time:3206.069s step_avg:1855.36ms
step:1729/3350 train_time:3207.911s step_avg:1855.36ms
step:1730/3350 train_time:3209.753s step_avg:1855.35ms
step:1731/3350 train_time:3211.594s step_avg:1855.34ms
step:1732/3350 train_time:3213.435s step_avg:1855.33ms
step:1733/3350 train_time:3215.277s step_avg:1855.32ms
step:1734/3350 train_time:3217.117s step_avg:1855.32ms
step:1735/3350 train_time:3218.959s step_avg:1855.31ms
step:1736/3350 train_time:3220.800s step_avg:1855.30ms
step:1737/3350 train_time:3222.643s step_avg:1855.29ms
step:1738/3350 train_time:3224.486s step_avg:1855.29ms
step:1739/3350 train_time:3226.328s step_avg:1855.28ms
step:1740/3350 train_time:3228.171s step_avg:1855.27ms
step:1741/3350 train_time:3230.013s step_avg:1855.26ms
step:1742/3350 train_time:3231.855s step_avg:1855.26ms
step:1743/3350 train_time:3233.696s step_avg:1855.25ms
step:1744/3350 train_time:3235.538s step_avg:1855.24ms
step:1745/3350 train_time:3237.382s step_avg:1855.23ms
step:1746/3350 train_time:3239.224s step_avg:1855.23ms
step:1747/3350 train_time:3241.066s step_avg:1855.22ms
step:1748/3350 train_time:3242.908s step_avg:1855.21ms
step:1749/3350 train_time:3244.750s step_avg:1855.20ms
step:1750/3350 train_time:3246.937s step_avg:1855.39ms
step:1750/3350 val_loss:3.47588 train_time:3246.937s step_avg:1854.59ms
step:1751/3350 train_time:3248.779s step_avg:1855.39ms
step:1752/3350 train_time:3250.623s step_avg:1855.38ms
step:1753/3350 train_time:3252.466s step_avg:1855.37ms
step:1754/3350 train_time:3254.308s step_avg:1855.36ms
step:1755/3350 train_time:3256.150s step_avg:1855.36ms
step:1756/3350 train_time:3257.993s step_avg:1855.35ms
step:1757/3350 train_time:3259.834s step_avg:1855.34ms
step:1758/3350 train_time:3261.675s step_avg:1855.33ms
step:1759/3350 train_time:3263.516s step_avg:1855.32ms
step:1760/3350 train_time:3265.356s step_avg:1855.32ms
step:1761/3350 train_time:3267.198s step_avg:1855.31ms
step:1762/3350 train_time:3269.038s step_avg:1855.30ms
step:1763/3350 train_time:3270.879s step_avg:1855.29ms
step:1764/3350 train_time:3272.722s step_avg:1855.28ms
step:1765/3350 train_time:3274.563s step_avg:1855.28ms
step:1766/3350 train_time:3276.404s step_avg:1855.27ms
step:1767/3350 train_time:3278.243s step_avg:1855.26ms
step:1768/3350 train_time:3280.084s step_avg:1855.25ms
step:1769/3350 train_time:3281.927s step_avg:1855.24ms
step:1770/3350 train_time:3283.766s step_avg:1855.24ms
step:1771/3350 train_time:3285.605s step_avg:1855.23ms
step:1772/3350 train_time:3287.445s step_avg:1855.22ms
step:1773/3350 train_time:3289.286s step_avg:1855.21ms
step:1774/3350 train_time:3291.127s step_avg:1855.20ms
step:1775/3350 train_time:3293.242s step_avg:1855.35ms
step:1776/3350 train_time:3295.084s step_avg:1855.34ms
step:1777/3350 train_time:3296.925s step_avg:1855.33ms
step:1778/3350 train_time:3298.766s step_avg:1855.32ms
step:1779/3350 train_time:3300.607s step_avg:1855.32ms
step:1780/3350 train_time:3302.448s step_avg:1855.31ms
step:1781/3350 train_time:3304.288s step_avg:1855.30ms
step:1782/3350 train_time:3306.130s step_avg:1855.29ms
step:1783/3350 train_time:3307.971s step_avg:1855.28ms
step:1784/3350 train_time:3309.811s step_avg:1855.28ms
step:1785/3350 train_time:3311.652s step_avg:1855.27ms
step:1786/3350 train_time:3313.494s step_avg:1855.26ms
step:1787/3350 train_time:3315.334s step_avg:1855.25ms
step:1788/3350 train_time:3317.174s step_avg:1855.24ms
step:1789/3350 train_time:3319.014s step_avg:1855.23ms
step:1790/3350 train_time:3320.855s step_avg:1855.23ms
step:1791/3350 train_time:3322.695s step_avg:1855.22ms
step:1792/3350 train_time:3324.535s step_avg:1855.21ms
step:1793/3350 train_time:3326.376s step_avg:1855.20ms
step:1794/3350 train_time:3328.216s step_avg:1855.19ms
step:1795/3350 train_time:3330.055s step_avg:1855.18ms
step:1796/3350 train_time:3331.895s step_avg:1855.18ms
step:1797/3350 train_time:3333.737s step_avg:1855.17ms
step:1798/3350 train_time:3335.578s step_avg:1855.16ms
step:1799/3350 train_time:3337.419s step_avg:1855.15ms
step:1800/3350 train_time:3339.546s step_avg:1855.30ms
step:1801/3350 train_time:3341.387s step_avg:1855.30ms
step:1802/3350 train_time:3343.228s step_avg:1855.29ms
step:1803/3350 train_time:3345.068s step_avg:1855.28ms
step:1804/3350 train_time:3346.909s step_avg:1855.27ms
step:1805/3350 train_time:3348.752s step_avg:1855.26ms
step:1806/3350 train_time:3350.593s step_avg:1855.26ms
step:1807/3350 train_time:3352.434s step_avg:1855.25ms
step:1808/3350 train_time:3354.274s step_avg:1855.24ms
step:1809/3350 train_time:3356.115s step_avg:1855.23ms
step:1810/3350 train_time:3357.956s step_avg:1855.22ms
step:1811/3350 train_time:3359.797s step_avg:1855.22ms
step:1812/3350 train_time:3361.637s step_avg:1855.21ms
step:1813/3350 train_time:3363.478s step_avg:1855.20ms
step:1814/3350 train_time:3365.324s step_avg:1855.20ms
step:1815/3350 train_time:3367.165s step_avg:1855.19ms
step:1816/3350 train_time:3369.005s step_avg:1855.18ms
step:1817/3350 train_time:3370.846s step_avg:1855.17ms
step:1818/3350 train_time:3372.687s step_avg:1855.16ms
step:1819/3350 train_time:3374.528s step_avg:1855.16ms
step:1820/3350 train_time:3376.368s step_avg:1855.15ms
step:1821/3350 train_time:3378.210s step_avg:1855.14ms
step:1822/3350 train_time:3380.051s step_avg:1855.13ms
step:1823/3350 train_time:3381.892s step_avg:1855.12ms
step:1824/3350 train_time:3383.733s step_avg:1855.12ms
step:1825/3350 train_time:3385.851s step_avg:1855.26ms
step:1826/3350 train_time:3387.691s step_avg:1855.25ms
step:1827/3350 train_time:3389.534s step_avg:1855.25ms
step:1828/3350 train_time:3391.373s step_avg:1855.24ms
step:1829/3350 train_time:3393.214s step_avg:1855.23ms
step:1830/3350 train_time:3395.054s step_avg:1855.22ms
step:1831/3350 train_time:3396.894s step_avg:1855.21ms
step:1832/3350 train_time:3398.735s step_avg:1855.20ms
step:1833/3350 train_time:3400.575s step_avg:1855.20ms
step:1834/3350 train_time:3402.418s step_avg:1855.19ms
step:1835/3350 train_time:3404.258s step_avg:1855.18ms
step:1836/3350 train_time:3406.100s step_avg:1855.17ms
step:1837/3350 train_time:3407.942s step_avg:1855.17ms
step:1838/3350 train_time:3409.782s step_avg:1855.16ms
step:1839/3350 train_time:3411.623s step_avg:1855.15ms
step:1840/3350 train_time:3413.466s step_avg:1855.14ms
step:1841/3350 train_time:3415.312s step_avg:1855.14ms
step:1842/3350 train_time:3417.153s step_avg:1855.13ms
step:1843/3350 train_time:3418.997s step_avg:1855.13ms
step:1844/3350 train_time:3420.840s step_avg:1855.12ms
step:1845/3350 train_time:3422.681s step_avg:1855.11ms
step:1846/3350 train_time:3424.521s step_avg:1855.10ms
step:1847/3350 train_time:3426.363s step_avg:1855.10ms
step:1848/3350 train_time:3428.204s step_avg:1855.09ms
step:1849/3350 train_time:3430.045s step_avg:1855.08ms
step:1850/3350 train_time:3432.163s step_avg:1855.22ms
step:1851/3350 train_time:3434.005s step_avg:1855.22ms
step:1852/3350 train_time:3435.848s step_avg:1855.21ms
step:1853/3350 train_time:3437.690s step_avg:1855.20ms
step:1854/3350 train_time:3439.530s step_avg:1855.19ms
step:1855/3350 train_time:3441.371s step_avg:1855.19ms
step:1856/3350 train_time:3443.214s step_avg:1855.18ms
step:1857/3350 train_time:3445.054s step_avg:1855.17ms
step:1858/3350 train_time:3446.896s step_avg:1855.16ms
step:1859/3350 train_time:3448.737s step_avg:1855.16ms
step:1860/3350 train_time:3450.578s step_avg:1855.15ms
step:1861/3350 train_time:3452.419s step_avg:1855.14ms
step:1862/3350 train_time:3454.259s step_avg:1855.13ms
step:1863/3350 train_time:3456.100s step_avg:1855.13ms
step:1864/3350 train_time:3457.941s step_avg:1855.12ms
step:1865/3350 train_time:3459.782s step_avg:1855.11ms
step:1866/3350 train_time:3461.623s step_avg:1855.10ms
step:1867/3350 train_time:3463.466s step_avg:1855.10ms
step:1868/3350 train_time:3465.308s step_avg:1855.09ms
step:1869/3350 train_time:3467.152s step_avg:1855.08ms
step:1870/3350 train_time:3468.992s step_avg:1855.08ms
step:1871/3350 train_time:3470.833s step_avg:1855.07ms
step:1872/3350 train_time:3472.675s step_avg:1855.06ms
step:1873/3350 train_time:3474.516s step_avg:1855.05ms
step:1874/3350 train_time:3476.360s step_avg:1855.05ms
step:1875/3350 train_time:3478.542s step_avg:1855.22ms
step:1875/3350 val_loss:3.45589 train_time:3478.543s step_avg:1852.85ms
step:1876/3350 train_time:3480.386s step_avg:1855.22ms
step:1877/3350 train_time:3482.230s step_avg:1855.21ms
step:1878/3350 train_time:3484.072s step_avg:1855.20ms
step:1879/3350 train_time:3485.912s step_avg:1855.20ms
step:1880/3350 train_time:3487.755s step_avg:1855.19ms
step:1881/3350 train_time:3489.598s step_avg:1855.18ms
step:1882/3350 train_time:3491.439s step_avg:1855.17ms
step:1883/3350 train_time:3493.281s step_avg:1855.17ms
step:1884/3350 train_time:3495.123s step_avg:1855.16ms
step:1885/3350 train_time:3496.966s step_avg:1855.15ms
step:1886/3350 train_time:3498.807s step_avg:1855.15ms
step:1887/3350 train_time:3500.651s step_avg:1855.14ms
step:1888/3350 train_time:3502.493s step_avg:1855.13ms
step:1889/3350 train_time:3504.335s step_avg:1855.13ms
step:1890/3350 train_time:3506.176s step_avg:1855.12ms
step:1891/3350 train_time:3508.018s step_avg:1855.11ms
step:1892/3350 train_time:3509.861s step_avg:1855.11ms
step:1893/3350 train_time:3511.704s step_avg:1855.10ms
step:1894/3350 train_time:3513.546s step_avg:1855.09ms
step:1895/3350 train_time:3515.387s step_avg:1855.09ms
step:1896/3350 train_time:3517.230s step_avg:1855.08ms
step:1897/3350 train_time:3519.074s step_avg:1855.07ms
step:1898/3350 train_time:3520.917s step_avg:1855.07ms
step:1899/3350 train_time:3522.758s step_avg:1855.06ms
step:1900/3350 train_time:3524.884s step_avg:1855.20ms
step:1901/3350 train_time:3526.756s step_avg:1855.21ms
step:1902/3350 train_time:3528.597s step_avg:1855.20ms
step:1903/3350 train_time:3530.438s step_avg:1855.20ms
step:1904/3350 train_time:3532.281s step_avg:1855.19ms
step:1905/3350 train_time:3534.123s step_avg:1855.18ms
step:1906/3350 train_time:3535.964s step_avg:1855.18ms
step:1907/3350 train_time:3537.807s step_avg:1855.17ms
step:1908/3350 train_time:3539.648s step_avg:1855.16ms
step:1909/3350 train_time:3541.490s step_avg:1855.15ms
step:1910/3350 train_time:3543.335s step_avg:1855.15ms
step:1911/3350 train_time:3545.176s step_avg:1855.14ms
step:1912/3350 train_time:3547.018s step_avg:1855.13ms
step:1913/3350 train_time:3548.860s step_avg:1855.13ms
step:1914/3350 train_time:3550.702s step_avg:1855.12ms
step:1915/3350 train_time:3552.544s step_avg:1855.11ms
step:1916/3350 train_time:3554.387s step_avg:1855.11ms
step:1917/3350 train_time:3556.228s step_avg:1855.10ms
step:1918/3350 train_time:3558.070s step_avg:1855.09ms
step:1919/3350 train_time:3559.912s step_avg:1855.09ms
step:1920/3350 train_time:3561.756s step_avg:1855.08ms
step:1921/3350 train_time:3563.598s step_avg:1855.07ms
step:1922/3350 train_time:3565.438s step_avg:1855.07ms
step:1923/3350 train_time:3567.281s step_avg:1855.06ms
step:1924/3350 train_time:3569.122s step_avg:1855.05ms
step:1925/3350 train_time:3571.238s step_avg:1855.19ms
step:1926/3350 train_time:3573.082s step_avg:1855.18ms
step:1927/3350 train_time:3574.926s step_avg:1855.18ms
step:1928/3350 train_time:3576.773s step_avg:1855.17ms
step:1929/3350 train_time:3578.615s step_avg:1855.17ms
step:1930/3350 train_time:3580.456s step_avg:1855.16ms
step:1931/3350 train_time:3582.298s step_avg:1855.15ms
step:1932/3350 train_time:3584.141s step_avg:1855.15ms
step:1933/3350 train_time:3585.984s step_avg:1855.14ms
step:1934/3350 train_time:3587.827s step_avg:1855.13ms
step:1935/3350 train_time:3589.669s step_avg:1855.13ms
step:1936/3350 train_time:3591.514s step_avg:1855.12ms
step:1937/3350 train_time:3593.357s step_avg:1855.11ms
step:1938/3350 train_time:3595.200s step_avg:1855.11ms
step:1939/3350 train_time:3597.043s step_avg:1855.10ms
step:1940/3350 train_time:3598.886s step_avg:1855.10ms
step:1941/3350 train_time:3600.731s step_avg:1855.09ms
step:1942/3350 train_time:3602.575s step_avg:1855.08ms
step:1943/3350 train_time:3604.420s step_avg:1855.08ms
step:1944/3350 train_time:3606.264s step_avg:1855.07ms
step:1945/3350 train_time:3608.109s step_avg:1855.07ms
step:1946/3350 train_time:3609.952s step_avg:1855.06ms
step:1947/3350 train_time:3611.795s step_avg:1855.06ms
step:1948/3350 train_time:3613.639s step_avg:1855.05ms
step:1949/3350 train_time:3615.482s step_avg:1855.04ms
step:1950/3350 train_time:3617.604s step_avg:1855.18ms
step:1951/3350 train_time:3619.448s step_avg:1855.18ms
step:1952/3350 train_time:3621.292s step_avg:1855.17ms
step:1953/3350 train_time:3623.138s step_avg:1855.17ms
step:1954/3350 train_time:3624.982s step_avg:1855.16ms
step:1955/3350 train_time:3626.827s step_avg:1855.15ms
step:1956/3350 train_time:3628.672s step_avg:1855.15ms
step:1957/3350 train_time:3630.516s step_avg:1855.14ms
step:1958/3350 train_time:3632.364s step_avg:1855.14ms
step:1959/3350 train_time:3634.208s step_avg:1855.13ms
step:1960/3350 train_time:3636.051s step_avg:1855.13ms
step:1961/3350 train_time:3637.893s step_avg:1855.12ms
step:1962/3350 train_time:3639.735s step_avg:1855.11ms
step:1963/3350 train_time:3641.579s step_avg:1855.11ms
step:1964/3350 train_time:3643.422s step_avg:1855.10ms
step:1965/3350 train_time:3645.267s step_avg:1855.10ms
step:1966/3350 train_time:3647.111s step_avg:1855.09ms
step:1967/3350 train_time:3648.952s step_avg:1855.09ms
step:1968/3350 train_time:3650.798s step_avg:1855.08ms
step:1969/3350 train_time:3652.643s step_avg:1855.07ms
step:1970/3350 train_time:3654.487s step_avg:1855.07ms
step:1971/3350 train_time:3656.330s step_avg:1855.06ms
step:1972/3350 train_time:3658.176s step_avg:1855.06ms
step:1973/3350 train_time:3660.021s step_avg:1855.05ms
step:1974/3350 train_time:3661.865s step_avg:1855.05ms
step:1975/3350 train_time:3663.987s step_avg:1855.18ms
step:1976/3350 train_time:3665.829s step_avg:1855.18ms
step:1977/3350 train_time:3667.671s step_avg:1855.17ms
step:1978/3350 train_time:3669.516s step_avg:1855.16ms
step:1979/3350 train_time:3671.358s step_avg:1855.16ms
step:1980/3350 train_time:3673.203s step_avg:1855.15ms
step:1981/3350 train_time:3675.047s step_avg:1855.15ms
step:1982/3350 train_time:3676.890s step_avg:1855.14ms
step:1983/3350 train_time:3678.737s step_avg:1855.14ms
step:1984/3350 train_time:3680.579s step_avg:1855.13ms
step:1985/3350 train_time:3682.426s step_avg:1855.13ms
step:1986/3350 train_time:3684.270s step_avg:1855.12ms
step:1987/3350 train_time:3686.113s step_avg:1855.11ms
step:1988/3350 train_time:3687.955s step_avg:1855.11ms
step:1989/3350 train_time:3689.797s step_avg:1855.10ms
step:1990/3350 train_time:3691.640s step_avg:1855.10ms
step:1991/3350 train_time:3693.484s step_avg:1855.09ms
step:1992/3350 train_time:3695.328s step_avg:1855.08ms
step:1993/3350 train_time:3697.171s step_avg:1855.08ms
step:1994/3350 train_time:3699.012s step_avg:1855.07ms
step:1995/3350 train_time:3700.858s step_avg:1855.07ms
step:1996/3350 train_time:3702.700s step_avg:1855.06ms
step:1997/3350 train_time:3704.546s step_avg:1855.06ms
step:1998/3350 train_time:3706.390s step_avg:1855.05ms
step:1999/3350 train_time:3708.233s step_avg:1855.04ms
step:2000/3350 train_time:3710.433s step_avg:1855.22ms
step:2000/3350 val_loss:3.43743 train_time:3710.433s step_avg:1855.12ms
step:2001/3350 train_time:3712.281s step_avg:1855.21ms
step:2002/3350 train_time:3714.127s step_avg:1855.21ms
step:2003/3350 train_time:3715.973s step_avg:1855.20ms
step:2004/3350 train_time:3717.817s step_avg:1855.20ms
step:2005/3350 train_time:3719.661s step_avg:1855.19ms
step:2006/3350 train_time:3721.504s step_avg:1855.19ms
step:2007/3350 train_time:3723.347s step_avg:1855.18ms
step:2008/3350 train_time:3725.190s step_avg:1855.17ms
step:2009/3350 train_time:3727.034s step_avg:1855.17ms
step:2010/3350 train_time:3728.877s step_avg:1855.16ms
step:2011/3350 train_time:3730.721s step_avg:1855.16ms
step:2012/3350 train_time:3732.566s step_avg:1855.15ms
step:2013/3350 train_time:3734.409s step_avg:1855.15ms
step:2014/3350 train_time:3736.252s step_avg:1855.14ms
step:2015/3350 train_time:3738.096s step_avg:1855.13ms
step:2016/3350 train_time:3739.939s step_avg:1855.13ms
step:2017/3350 train_time:3741.783s step_avg:1855.12ms
step:2018/3350 train_time:3743.624s step_avg:1855.12ms
step:2019/3350 train_time:3745.467s step_avg:1855.11ms
step:2020/3350 train_time:3747.311s step_avg:1855.10ms
step:2021/3350 train_time:3749.152s step_avg:1855.10ms
step:2022/3350 train_time:3750.994s step_avg:1855.09ms
step:2023/3350 train_time:3752.836s step_avg:1855.08ms
step:2024/3350 train_time:3754.679s step_avg:1855.08ms
step:2025/3350 train_time:3756.798s step_avg:1855.21ms
step:2026/3350 train_time:3758.641s step_avg:1855.20ms
step:2027/3350 train_time:3760.484s step_avg:1855.20ms
step:2028/3350 train_time:3762.326s step_avg:1855.19ms
step:2029/3350 train_time:3764.168s step_avg:1855.18ms
step:2030/3350 train_time:3766.012s step_avg:1855.18ms
step:2031/3350 train_time:3767.856s step_avg:1855.17ms
step:2032/3350 train_time:3769.702s step_avg:1855.17ms
step:2033/3350 train_time:3771.544s step_avg:1855.16ms
step:2034/3350 train_time:3773.387s step_avg:1855.16ms
step:2035/3350 train_time:3775.229s step_avg:1855.15ms
step:2036/3350 train_time:3777.072s step_avg:1855.14ms
step:2037/3350 train_time:3778.915s step_avg:1855.14ms
step:2038/3350 train_time:3780.756s step_avg:1855.13ms
step:2039/3350 train_time:3782.599s step_avg:1855.12ms
step:2040/3350 train_time:3784.440s step_avg:1855.12ms
step:2041/3350 train_time:3786.282s step_avg:1855.11ms
step:2042/3350 train_time:3788.124s step_avg:1855.11ms
step:2043/3350 train_time:3789.967s step_avg:1855.10ms
step:2044/3350 train_time:3791.811s step_avg:1855.09ms
step:2045/3350 train_time:3793.652s step_avg:1855.09ms
step:2046/3350 train_time:3795.494s step_avg:1855.08ms
step:2047/3350 train_time:3797.337s step_avg:1855.07ms
step:2048/3350 train_time:3799.179s step_avg:1855.07ms
step:2049/3350 train_time:3801.020s step_avg:1855.06ms
step:2050/3350 train_time:3803.137s step_avg:1855.19ms
step:2051/3350 train_time:3804.979s step_avg:1855.18ms
step:2052/3350 train_time:3806.823s step_avg:1855.18ms
step:2053/3350 train_time:3808.668s step_avg:1855.17ms
step:2054/3350 train_time:3810.510s step_avg:1855.17ms
step:2055/3350 train_time:3812.353s step_avg:1855.16ms
step:2056/3350 train_time:3814.196s step_avg:1855.15ms
step:2057/3350 train_time:3816.039s step_avg:1855.15ms
step:2058/3350 train_time:3817.885s step_avg:1855.14ms
step:2059/3350 train_time:3819.729s step_avg:1855.14ms
step:2060/3350 train_time:3821.572s step_avg:1855.13ms
step:2061/3350 train_time:3823.414s step_avg:1855.13ms
step:2062/3350 train_time:3825.257s step_avg:1855.12ms
step:2063/3350 train_time:3827.102s step_avg:1855.11ms
step:2064/3350 train_time:3828.944s step_avg:1855.11ms
step:2065/3350 train_time:3830.789s step_avg:1855.10ms
step:2066/3350 train_time:3832.632s step_avg:1855.10ms
step:2067/3350 train_time:3834.479s step_avg:1855.09ms
step:2068/3350 train_time:3836.321s step_avg:1855.09ms
step:2069/3350 train_time:3838.165s step_avg:1855.08ms
step:2070/3350 train_time:3840.011s step_avg:1855.08ms
step:2071/3350 train_time:3841.855s step_avg:1855.07ms
step:2072/3350 train_time:3843.700s step_avg:1855.07ms
step:2073/3350 train_time:3845.542s step_avg:1855.06ms
step:2074/3350 train_time:3847.388s step_avg:1855.06ms
step:2075/3350 train_time:3849.507s step_avg:1855.18ms
step:2076/3350 train_time:3851.350s step_avg:1855.18ms
step:2077/3350 train_time:3853.193s step_avg:1855.17ms
step:2078/3350 train_time:3855.035s step_avg:1855.17ms
step:2079/3350 train_time:3856.879s step_avg:1855.16ms
step:2080/3350 train_time:3858.722s step_avg:1855.15ms
step:2081/3350 train_time:3860.566s step_avg:1855.15ms
step:2082/3350 train_time:3862.410s step_avg:1855.14ms
step:2083/3350 train_time:3864.253s step_avg:1855.14ms
step:2084/3350 train_time:3866.099s step_avg:1855.13ms
step:2085/3350 train_time:3867.944s step_avg:1855.13ms
step:2086/3350 train_time:3869.786s step_avg:1855.12ms
step:2087/3350 train_time:3871.631s step_avg:1855.12ms
step:2088/3350 train_time:3873.476s step_avg:1855.11ms
step:2089/3350 train_time:3875.325s step_avg:1855.11ms
step:2090/3350 train_time:3877.168s step_avg:1855.10ms
step:2091/3350 train_time:3879.053s step_avg:1855.12ms
step:2092/3350 train_time:3880.897s step_avg:1855.11ms
step:2093/3350 train_time:3882.743s step_avg:1855.11ms
step:2094/3350 train_time:3884.586s step_avg:1855.10ms
step:2095/3350 train_time:3886.431s step_avg:1855.10ms
step:2096/3350 train_time:3888.277s step_avg:1855.09ms
step:2097/3350 train_time:3890.124s step_avg:1855.09ms
step:2098/3350 train_time:3891.969s step_avg:1855.09ms
step:2099/3350 train_time:3893.814s step_avg:1855.08ms
step:2100/3350 train_time:3895.954s step_avg:1855.22ms
step:2101/3350 train_time:3897.798s step_avg:1855.21ms
step:2102/3350 train_time:3899.638s step_avg:1855.20ms
step:2103/3350 train_time:3901.483s step_avg:1855.20ms
step:2104/3350 train_time:3903.325s step_avg:1855.19ms
step:2105/3350 train_time:3905.168s step_avg:1855.19ms
step:2106/3350 train_time:3907.012s step_avg:1855.18ms
step:2107/3350 train_time:3908.854s step_avg:1855.18ms
step:2108/3350 train_time:3910.700s step_avg:1855.17ms
step:2109/3350 train_time:3912.543s step_avg:1855.17ms
step:2110/3350 train_time:3914.387s step_avg:1855.16ms
step:2111/3350 train_time:3916.232s step_avg:1855.15ms
step:2112/3350 train_time:3918.077s step_avg:1855.15ms
step:2113/3350 train_time:3919.921s step_avg:1855.14ms
step:2114/3350 train_time:3921.764s step_avg:1855.14ms
step:2115/3350 train_time:3923.607s step_avg:1855.13ms
step:2116/3350 train_time:3925.449s step_avg:1855.13ms
step:2117/3350 train_time:3927.291s step_avg:1855.12ms
step:2118/3350 train_time:3929.134s step_avg:1855.12ms
step:2119/3350 train_time:3930.979s step_avg:1855.11ms
step:2120/3350 train_time:3932.823s step_avg:1855.11ms
step:2121/3350 train_time:3934.668s step_avg:1855.10ms
step:2122/3350 train_time:3936.511s step_avg:1855.09ms
step:2123/3350 train_time:3938.354s step_avg:1855.09ms
step:2124/3350 train_time:3940.197s step_avg:1855.08ms
step:2125/3350 train_time:3942.389s step_avg:1855.24ms
step:2125/3350 val_loss:3.42052 train_time:3942.390s step_avg:1855.65ms
step:2126/3350 train_time:3944.238s step_avg:1855.24ms
step:2127/3350 train_time:3946.083s step_avg:1855.23ms
step:2128/3350 train_time:3947.925s step_avg:1855.23ms
step:2129/3350 train_time:3949.768s step_avg:1855.22ms
step:2130/3350 train_time:3951.611s step_avg:1855.22ms
step:2131/3350 train_time:3953.454s step_avg:1855.21ms
step:2132/3350 train_time:3955.297s step_avg:1855.20ms
step:2133/3350 train_time:3957.144s step_avg:1855.20ms
step:2134/3350 train_time:3958.989s step_avg:1855.20ms
step:2135/3350 train_time:3960.833s step_avg:1855.19ms
step:2136/3350 train_time:3962.677s step_avg:1855.19ms
step:2137/3350 train_time:3964.523s step_avg:1855.18ms
step:2138/3350 train_time:3966.366s step_avg:1855.18ms
step:2139/3350 train_time:3968.210s step_avg:1855.17ms
step:2140/3350 train_time:3970.053s step_avg:1855.17ms
step:2141/3350 train_time:3971.896s step_avg:1855.16ms
step:2142/3350 train_time:3973.742s step_avg:1855.15ms
step:2143/3350 train_time:3975.585s step_avg:1855.15ms
step:2144/3350 train_time:3977.428s step_avg:1855.14ms
step:2145/3350 train_time:3979.272s step_avg:1855.14ms
step:2146/3350 train_time:3981.118s step_avg:1855.13ms
step:2147/3350 train_time:3982.963s step_avg:1855.13ms
step:2148/3350 train_time:3984.806s step_avg:1855.12ms
step:2149/3350 train_time:3986.652s step_avg:1855.12ms
step:2150/3350 train_time:3988.779s step_avg:1855.25ms
step:2151/3350 train_time:3990.622s step_avg:1855.24ms
step:2152/3350 train_time:3992.471s step_avg:1855.24ms
step:2153/3350 train_time:3994.314s step_avg:1855.23ms
step:2154/3350 train_time:3996.158s step_avg:1855.23ms
step:2155/3350 train_time:3998.004s step_avg:1855.22ms
step:2156/3350 train_time:3999.847s step_avg:1855.22ms
step:2157/3350 train_time:4001.691s step_avg:1855.21ms
step:2158/3350 train_time:4003.536s step_avg:1855.21ms
step:2159/3350 train_time:4005.383s step_avg:1855.20ms
step:2160/3350 train_time:4007.232s step_avg:1855.20ms
step:2161/3350 train_time:4009.077s step_avg:1855.20ms
step:2162/3350 train_time:4010.921s step_avg:1855.19ms
step:2163/3350 train_time:4012.768s step_avg:1855.19ms
step:2164/3350 train_time:4014.615s step_avg:1855.18ms
step:2165/3350 train_time:4016.461s step_avg:1855.18ms
step:2166/3350 train_time:4018.307s step_avg:1855.17ms
step:2167/3350 train_time:4020.152s step_avg:1855.17ms
step:2168/3350 train_time:4021.998s step_avg:1855.17ms
step:2169/3350 train_time:4023.845s step_avg:1855.16ms
step:2170/3350 train_time:4025.690s step_avg:1855.16ms
step:2171/3350 train_time:4027.537s step_avg:1855.15ms
step:2172/3350 train_time:4029.383s step_avg:1855.15ms
step:2173/3350 train_time:4031.229s step_avg:1855.14ms
step:2174/3350 train_time:4033.074s step_avg:1855.14ms
step:2175/3350 train_time:4035.199s step_avg:1855.26ms
step:2176/3350 train_time:4037.043s step_avg:1855.26ms
step:2177/3350 train_time:4038.886s step_avg:1855.25ms
step:2178/3350 train_time:4040.731s step_avg:1855.25ms
step:2179/3350 train_time:4042.577s step_avg:1855.24ms
step:2180/3350 train_time:4044.420s step_avg:1855.24ms
step:2181/3350 train_time:4046.262s step_avg:1855.23ms
step:2182/3350 train_time:4048.108s step_avg:1855.23ms
step:2183/3350 train_time:4049.953s step_avg:1855.22ms
step:2184/3350 train_time:4051.796s step_avg:1855.22ms
step:2185/3350 train_time:4053.639s step_avg:1855.21ms
step:2186/3350 train_time:4055.484s step_avg:1855.21ms
step:2187/3350 train_time:4057.326s step_avg:1855.20ms
step:2188/3350 train_time:4059.169s step_avg:1855.20ms
step:2189/3350 train_time:4061.013s step_avg:1855.19ms
step:2190/3350 train_time:4062.858s step_avg:1855.19ms
step:2191/3350 train_time:4064.700s step_avg:1855.18ms
step:2192/3350 train_time:4066.543s step_avg:1855.17ms
step:2193/3350 train_time:4068.385s step_avg:1855.17ms
step:2194/3350 train_time:4070.229s step_avg:1855.16ms
step:2195/3350 train_time:4072.074s step_avg:1855.16ms
step:2196/3350 train_time:4073.919s step_avg:1855.15ms
step:2197/3350 train_time:4075.763s step_avg:1855.15ms
step:2198/3350 train_time:4077.607s step_avg:1855.14ms
step:2199/3350 train_time:4079.451s step_avg:1855.14ms
step:2200/3350 train_time:4081.581s step_avg:1855.26ms
step:2201/3350 train_time:4083.423s step_avg:1855.26ms
step:2202/3350 train_time:4085.264s step_avg:1855.25ms
step:2203/3350 train_time:4087.109s step_avg:1855.25ms
step:2204/3350 train_time:4088.950s step_avg:1855.24ms
step:2205/3350 train_time:4090.796s step_avg:1855.24ms
step:2206/3350 train_time:4092.640s step_avg:1855.23ms
step:2207/3350 train_time:4094.483s step_avg:1855.23ms
step:2208/3350 train_time:4096.327s step_avg:1855.22ms
step:2209/3350 train_time:4098.169s step_avg:1855.21ms
step:2210/3350 train_time:4100.012s step_avg:1855.21ms
step:2211/3350 train_time:4101.854s step_avg:1855.20ms
step:2212/3350 train_time:4103.697s step_avg:1855.20ms
step:2213/3350 train_time:4105.541s step_avg:1855.19ms
step:2214/3350 train_time:4107.385s step_avg:1855.19ms
step:2215/3350 train_time:4109.233s step_avg:1855.18ms
step:2216/3350 train_time:4111.076s step_avg:1855.18ms
step:2217/3350 train_time:4112.919s step_avg:1855.17ms
step:2218/3350 train_time:4114.761s step_avg:1855.17ms
step:2219/3350 train_time:4116.606s step_avg:1855.16ms
step:2220/3350 train_time:4118.449s step_avg:1855.16ms
step:2221/3350 train_time:4120.291s step_avg:1855.15ms
step:2222/3350 train_time:4122.134s step_avg:1855.15ms
step:2223/3350 train_time:4123.977s step_avg:1855.14ms
step:2224/3350 train_time:4125.820s step_avg:1855.13ms
step:2225/3350 train_time:4127.940s step_avg:1855.25ms
step:2226/3350 train_time:4129.781s step_avg:1855.25ms
step:2227/3350 train_time:4131.624s step_avg:1855.24ms
step:2228/3350 train_time:4133.467s step_avg:1855.24ms
step:2229/3350 train_time:4135.310s step_avg:1855.23ms
step:2230/3350 train_time:4137.153s step_avg:1855.23ms
step:2231/3350 train_time:4138.996s step_avg:1855.22ms
step:2232/3350 train_time:4140.838s step_avg:1855.21ms
step:2233/3350 train_time:4142.681s step_avg:1855.21ms
step:2234/3350 train_time:4144.523s step_avg:1855.20ms
step:2235/3350 train_time:4146.369s step_avg:1855.20ms
step:2236/3350 train_time:4148.210s step_avg:1855.19ms
step:2237/3350 train_time:4150.052s step_avg:1855.19ms
step:2238/3350 train_time:4151.894s step_avg:1855.18ms
step:2239/3350 train_time:4153.738s step_avg:1855.18ms
step:2240/3350 train_time:4155.580s step_avg:1855.17ms
step:2241/3350 train_time:4157.422s step_avg:1855.16ms
step:2242/3350 train_time:4159.265s step_avg:1855.16ms
step:2243/3350 train_time:4161.108s step_avg:1855.15ms
step:2244/3350 train_time:4162.952s step_avg:1855.15ms
step:2245/3350 train_time:4164.796s step_avg:1855.14ms
step:2246/3350 train_time:4166.638s step_avg:1855.14ms
step:2247/3350 train_time:4168.481s step_avg:1855.13ms
step:2248/3350 train_time:4170.324s step_avg:1855.13ms
step:2249/3350 train_time:4172.166s step_avg:1855.12ms
step:2250/3350 train_time:4174.348s step_avg:1855.27ms
step:2250/3350 val_loss:3.40368 train_time:4174.349s step_avg:1855.67ms
step:2251/3350 train_time:4176.194s step_avg:1855.26ms
step:2252/3350 train_time:4178.040s step_avg:1855.26ms
step:2253/3350 train_time:4179.883s step_avg:1855.25ms
step:2254/3350 train_time:4181.726s step_avg:1855.25ms
step:2255/3350 train_time:4183.568s step_avg:1855.24ms
step:2256/3350 train_time:4185.413s step_avg:1855.24ms
step:2257/3350 train_time:4187.259s step_avg:1855.23ms
step:2258/3350 train_time:4189.104s step_avg:1855.23ms
step:2259/3350 train_time:4190.948s step_avg:1855.22ms
step:2260/3350 train_time:4192.792s step_avg:1855.22ms
step:2261/3350 train_time:4194.634s step_avg:1855.21ms
step:2262/3350 train_time:4196.477s step_avg:1855.21ms
step:2263/3350 train_time:4198.319s step_avg:1855.20ms
step:2264/3350 train_time:4200.162s step_avg:1855.20ms
step:2265/3350 train_time:4202.004s step_avg:1855.19ms
step:2266/3350 train_time:4203.847s step_avg:1855.18ms
step:2267/3350 train_time:4205.691s step_avg:1855.18ms
step:2268/3350 train_time:4207.536s step_avg:1855.17ms
step:2269/3350 train_time:4209.380s step_avg:1855.17ms
step:2270/3350 train_time:4211.225s step_avg:1855.17ms
step:2271/3350 train_time:4213.068s step_avg:1855.16ms
step:2272/3350 train_time:4214.912s step_avg:1855.16ms
step:2273/3350 train_time:4216.755s step_avg:1855.15ms
step:2274/3350 train_time:4218.600s step_avg:1855.15ms
step:2275/3350 train_time:4220.718s step_avg:1855.26ms
step:2276/3350 train_time:4222.563s step_avg:1855.26ms
step:2277/3350 train_time:4224.406s step_avg:1855.25ms
step:2278/3350 train_time:4226.249s step_avg:1855.25ms
step:2279/3350 train_time:4228.091s step_avg:1855.24ms
step:2280/3350 train_time:4229.936s step_avg:1855.23ms
step:2281/3350 train_time:4231.816s step_avg:1855.25ms
step:2282/3350 train_time:4233.659s step_avg:1855.24ms
step:2283/3350 train_time:4235.502s step_avg:1855.24ms
step:2284/3350 train_time:4237.346s step_avg:1855.23ms
step:2285/3350 train_time:4239.190s step_avg:1855.23ms
step:2286/3350 train_time:4241.033s step_avg:1855.22ms
step:2287/3350 train_time:4242.876s step_avg:1855.21ms
step:2288/3350 train_time:4244.720s step_avg:1855.21ms
step:2289/3350 train_time:4246.564s step_avg:1855.20ms
step:2290/3350 train_time:4248.407s step_avg:1855.20ms
step:2291/3350 train_time:4250.250s step_avg:1855.19ms
step:2292/3350 train_time:4252.093s step_avg:1855.19ms
step:2293/3350 train_time:4253.936s step_avg:1855.18ms
step:2294/3350 train_time:4255.778s step_avg:1855.18ms
step:2295/3350 train_time:4257.623s step_avg:1855.17ms
step:2296/3350 train_time:4259.468s step_avg:1855.17ms
step:2297/3350 train_time:4261.312s step_avg:1855.16ms
step:2298/3350 train_time:4263.157s step_avg:1855.16ms
step:2299/3350 train_time:4265.000s step_avg:1855.15ms
step:2300/3350 train_time:4267.129s step_avg:1855.27ms
step:2301/3350 train_time:4268.973s step_avg:1855.27ms
step:2302/3350 train_time:4270.818s step_avg:1855.26ms
step:2303/3350 train_time:4272.660s step_avg:1855.26ms
step:2304/3350 train_time:4274.501s step_avg:1855.25ms
step:2305/3350 train_time:4276.343s step_avg:1855.25ms
step:2306/3350 train_time:4278.184s step_avg:1855.24ms
step:2307/3350 train_time:4280.026s step_avg:1855.23ms
step:2308/3350 train_time:4281.869s step_avg:1855.23ms
step:2309/3350 train_time:4283.711s step_avg:1855.22ms
step:2310/3350 train_time:4285.552s step_avg:1855.22ms
step:2311/3350 train_time:4287.394s step_avg:1855.21ms
step:2312/3350 train_time:4289.237s step_avg:1855.21ms
step:2313/3350 train_time:4291.079s step_avg:1855.20ms
step:2314/3350 train_time:4292.921s step_avg:1855.19ms
step:2315/3350 train_time:4294.763s step_avg:1855.19ms
step:2316/3350 train_time:4296.607s step_avg:1855.18ms
step:2317/3350 train_time:4298.449s step_avg:1855.18ms
step:2318/3350 train_time:4300.291s step_avg:1855.17ms
step:2319/3350 train_time:4302.136s step_avg:1855.17ms
step:2320/3350 train_time:4303.980s step_avg:1855.16ms
step:2321/3350 train_time:4305.823s step_avg:1855.16ms
step:2322/3350 train_time:4307.666s step_avg:1855.15ms
step:2323/3350 train_time:4309.507s step_avg:1855.15ms
step:2324/3350 train_time:4311.348s step_avg:1855.14ms
step:2325/3350 train_time:4313.465s step_avg:1855.25ms
step:2326/3350 train_time:4315.306s step_avg:1855.25ms
step:2327/3350 train_time:4317.147s step_avg:1855.24ms
step:2328/3350 train_time:4318.991s step_avg:1855.24ms
step:2329/3350 train_time:4320.832s step_avg:1855.23ms
step:2330/3350 train_time:4322.676s step_avg:1855.23ms
step:2331/3350 train_time:4324.518s step_avg:1855.22ms
step:2332/3350 train_time:4326.360s step_avg:1855.21ms
step:2333/3350 train_time:4328.201s step_avg:1855.21ms
step:2334/3350 train_time:4330.042s step_avg:1855.20ms
step:2335/3350 train_time:4331.887s step_avg:1855.20ms
step:2336/3350 train_time:4333.731s step_avg:1855.19ms
step:2337/3350 train_time:4335.572s step_avg:1855.19ms
step:2338/3350 train_time:4337.416s step_avg:1855.18ms
step:2339/3350 train_time:4339.258s step_avg:1855.18ms
step:2340/3350 train_time:4341.100s step_avg:1855.17ms
step:2341/3350 train_time:4342.943s step_avg:1855.17ms
step:2342/3350 train_time:4344.784s step_avg:1855.16ms
step:2343/3350 train_time:4346.626s step_avg:1855.15ms
step:2344/3350 train_time:4348.468s step_avg:1855.15ms
step:2345/3350 train_time:4350.312s step_avg:1855.14ms
step:2346/3350 train_time:4352.154s step_avg:1855.14ms
step:2347/3350 train_time:4353.998s step_avg:1855.13ms
step:2348/3350 train_time:4355.840s step_avg:1855.13ms
step:2349/3350 train_time:4357.681s step_avg:1855.12ms
step:2350/3350 train_time:4359.797s step_avg:1855.23ms
step:2351/3350 train_time:4361.640s step_avg:1855.23ms
step:2352/3350 train_time:4363.481s step_avg:1855.22ms
step:2353/3350 train_time:4365.322s step_avg:1855.22ms
step:2354/3350 train_time:4367.163s step_avg:1855.21ms
step:2355/3350 train_time:4369.007s step_avg:1855.20ms
step:2356/3350 train_time:4370.851s step_avg:1855.20ms
step:2357/3350 train_time:4372.692s step_avg:1855.19ms
step:2358/3350 train_time:4374.535s step_avg:1855.19ms
step:2359/3350 train_time:4376.379s step_avg:1855.18ms
step:2360/3350 train_time:4378.221s step_avg:1855.18ms
step:2361/3350 train_time:4380.065s step_avg:1855.17ms
step:2362/3350 train_time:4381.907s step_avg:1855.17ms
step:2363/3350 train_time:4383.748s step_avg:1855.16ms
step:2364/3350 train_time:4385.589s step_avg:1855.16ms
step:2365/3350 train_time:4387.430s step_avg:1855.15ms
step:2366/3350 train_time:4389.273s step_avg:1855.15ms
step:2367/3350 train_time:4391.117s step_avg:1855.14ms
step:2368/3350 train_time:4392.960s step_avg:1855.14ms
step:2369/3350 train_time:4394.803s step_avg:1855.13ms
step:2370/3350 train_time:4396.647s step_avg:1855.13ms
step:2371/3350 train_time:4398.490s step_avg:1855.12ms
step:2372/3350 train_time:4400.334s step_avg:1855.12ms
step:2373/3350 train_time:4402.180s step_avg:1855.11ms
step:2374/3350 train_time:4404.023s step_avg:1855.11ms
step:2375/3350 train_time:4406.208s step_avg:1855.25ms
step:2375/3350 val_loss:3.38703 train_time:4406.208s step_avg:1854.88ms
step:2376/3350 train_time:4408.053s step_avg:1855.24ms
step:2377/3350 train_time:4409.897s step_avg:1855.24ms
step:2378/3350 train_time:4411.739s step_avg:1855.23ms
step:2379/3350 train_time:4413.583s step_avg:1855.23ms
step:2380/3350 train_time:4415.427s step_avg:1855.22ms
step:2381/3350 train_time:4417.268s step_avg:1855.22ms
step:2382/3350 train_time:4419.110s step_avg:1855.21ms
step:2383/3350 train_time:4420.952s step_avg:1855.20ms
step:2384/3350 train_time:4422.795s step_avg:1855.20ms
step:2385/3350 train_time:4424.637s step_avg:1855.19ms
step:2386/3350 train_time:4426.479s step_avg:1855.19ms
step:2387/3350 train_time:4428.321s step_avg:1855.18ms
step:2388/3350 train_time:4430.163s step_avg:1855.18ms
step:2389/3350 train_time:4432.009s step_avg:1855.17ms
step:2390/3350 train_time:4433.851s step_avg:1855.17ms
step:2391/3350 train_time:4435.693s step_avg:1855.16ms
step:2392/3350 train_time:4437.536s step_avg:1855.16ms
step:2393/3350 train_time:4439.378s step_avg:1855.15ms
step:2394/3350 train_time:4441.220s step_avg:1855.15ms
step:2395/3350 train_time:4443.063s step_avg:1855.14ms
step:2396/3350 train_time:4444.905s step_avg:1855.14ms
step:2397/3350 train_time:4446.747s step_avg:1855.13ms
step:2398/3350 train_time:4448.589s step_avg:1855.12ms
step:2399/3350 train_time:4450.433s step_avg:1855.12ms
step:2400/3350 train_time:4452.567s step_avg:1855.24ms
step:2401/3350 train_time:4454.408s step_avg:1855.23ms
step:2402/3350 train_time:4456.252s step_avg:1855.23ms
step:2403/3350 train_time:4458.094s step_avg:1855.22ms
step:2404/3350 train_time:4459.939s step_avg:1855.22ms
step:2405/3350 train_time:4461.781s step_avg:1855.21ms
step:2406/3350 train_time:4463.624s step_avg:1855.21ms
step:2407/3350 train_time:4465.469s step_avg:1855.20ms
step:2408/3350 train_time:4467.312s step_avg:1855.20ms
step:2409/3350 train_time:4469.153s step_avg:1855.19ms
step:2410/3350 train_time:4470.995s step_avg:1855.18ms
step:2411/3350 train_time:4472.837s step_avg:1855.18ms
step:2412/3350 train_time:4474.681s step_avg:1855.17ms
step:2413/3350 train_time:4476.524s step_avg:1855.17ms
step:2414/3350 train_time:4478.366s step_avg:1855.16ms
step:2415/3350 train_time:4480.210s step_avg:1855.16ms
step:2416/3350 train_time:4482.052s step_avg:1855.15ms
step:2417/3350 train_time:4483.896s step_avg:1855.15ms
step:2418/3350 train_time:4485.738s step_avg:1855.14ms
step:2419/3350 train_time:4487.580s step_avg:1855.14ms
step:2420/3350 train_time:4489.423s step_avg:1855.13ms
step:2421/3350 train_time:4491.264s step_avg:1855.13ms
step:2422/3350 train_time:4493.105s step_avg:1855.12ms
step:2423/3350 train_time:4494.949s step_avg:1855.12ms
step:2424/3350 train_time:4496.793s step_avg:1855.11ms
step:2425/3350 train_time:4498.910s step_avg:1855.22ms
step:2426/3350 train_time:4500.751s step_avg:1855.21ms
step:2427/3350 train_time:4502.592s step_avg:1855.21ms
step:2428/3350 train_time:4504.436s step_avg:1855.20ms
step:2429/3350 train_time:4506.277s step_avg:1855.20ms
step:2430/3350 train_time:4508.123s step_avg:1855.19ms
step:2431/3350 train_time:4509.965s step_avg:1855.19ms
step:2432/3350 train_time:4511.808s step_avg:1855.18ms
step:2433/3350 train_time:4513.652s step_avg:1855.18ms
step:2434/3350 train_time:4515.495s step_avg:1855.17ms
step:2435/3350 train_time:4517.338s step_avg:1855.17ms
step:2436/3350 train_time:4519.180s step_avg:1855.16ms
step:2437/3350 train_time:4521.024s step_avg:1855.16ms
step:2438/3350 train_time:4522.869s step_avg:1855.16ms
step:2439/3350 train_time:4524.710s step_avg:1855.15ms
step:2440/3350 train_time:4526.554s step_avg:1855.15ms
step:2441/3350 train_time:4528.397s step_avg:1855.14ms
step:2442/3350 train_time:4530.239s step_avg:1855.13ms
step:2443/3350 train_time:4532.081s step_avg:1855.13ms
step:2444/3350 train_time:4533.924s step_avg:1855.12ms
step:2445/3350 train_time:4535.765s step_avg:1855.12ms
step:2446/3350 train_time:4537.609s step_avg:1855.11ms
step:2447/3350 train_time:4539.451s step_avg:1855.11ms
step:2448/3350 train_time:4541.292s step_avg:1855.10ms
step:2449/3350 train_time:4543.133s step_avg:1855.10ms
step:2450/3350 train_time:4545.251s step_avg:1855.20ms
step:2451/3350 train_time:4547.094s step_avg:1855.20ms
step:2452/3350 train_time:4548.936s step_avg:1855.19ms
step:2453/3350 train_time:4550.778s step_avg:1855.19ms
step:2454/3350 train_time:4552.620s step_avg:1855.18ms
step:2455/3350 train_time:4554.465s step_avg:1855.18ms
step:2456/3350 train_time:4556.307s step_avg:1855.17ms
step:2457/3350 train_time:4558.150s step_avg:1855.17ms
step:2458/3350 train_time:4559.992s step_avg:1855.16ms
step:2459/3350 train_time:4561.836s step_avg:1855.16ms
step:2460/3350 train_time:4563.679s step_avg:1855.15ms
step:2461/3350 train_time:4565.522s step_avg:1855.15ms
step:2462/3350 train_time:4567.364s step_avg:1855.14ms
step:2463/3350 train_time:4569.207s step_avg:1855.14ms
step:2464/3350 train_time:4571.047s step_avg:1855.13ms
step:2465/3350 train_time:4572.890s step_avg:1855.13ms
step:2466/3350 train_time:4574.733s step_avg:1855.12ms
step:2467/3350 train_time:4576.576s step_avg:1855.12ms
step:2468/3350 train_time:4578.420s step_avg:1855.11ms
step:2469/3350 train_time:4580.265s step_avg:1855.11ms
step:2470/3350 train_time:4582.110s step_avg:1855.11ms
step:2471/3350 train_time:4583.989s step_avg:1855.11ms
step:2472/3350 train_time:4585.830s step_avg:1855.11ms
step:2473/3350 train_time:4587.671s step_avg:1855.10ms
step:2474/3350 train_time:4589.517s step_avg:1855.10ms
step:2475/3350 train_time:4591.637s step_avg:1855.21ms
step:2476/3350 train_time:4593.480s step_avg:1855.20ms
step:2477/3350 train_time:4595.324s step_avg:1855.20ms
step:2478/3350 train_time:4597.166s step_avg:1855.19ms
step:2479/3350 train_time:4599.007s step_avg:1855.19ms
step:2480/3350 train_time:4600.848s step_avg:1855.18ms
step:2481/3350 train_time:4602.690s step_avg:1855.18ms
step:2482/3350 train_time:4604.534s step_avg:1855.17ms
step:2483/3350 train_time:4606.374s step_avg:1855.16ms
step:2484/3350 train_time:4608.215s step_avg:1855.16ms
step:2485/3350 train_time:4610.057s step_avg:1855.15ms
step:2486/3350 train_time:4611.899s step_avg:1855.15ms
step:2487/3350 train_time:4613.741s step_avg:1855.14ms
step:2488/3350 train_time:4615.584s step_avg:1855.14ms
step:2489/3350 train_time:4617.427s step_avg:1855.13ms
step:2490/3350 train_time:4619.271s step_avg:1855.13ms
step:2491/3350 train_time:4621.113s step_avg:1855.12ms
step:2492/3350 train_time:4622.956s step_avg:1855.12ms
step:2493/3350 train_time:4624.800s step_avg:1855.11ms
step:2494/3350 train_time:4626.641s step_avg:1855.11ms
step:2495/3350 train_time:4628.482s step_avg:1855.10ms
step:2496/3350 train_time:4630.325s step_avg:1855.10ms
step:2497/3350 train_time:4632.170s step_avg:1855.09ms
step:2498/3350 train_time:4634.011s step_avg:1855.09ms
step:2499/3350 train_time:4635.854s step_avg:1855.08ms
step:2500/3350 train_time:4638.047s step_avg:1855.22ms
step:2500/3350 val_loss:3.37108 train_time:4638.047s step_avg:1854.71ms
step:2501/3350 train_time:4639.889s step_avg:1855.21ms
step:2502/3350 train_time:4641.730s step_avg:1855.21ms
step:2503/3350 train_time:4643.578s step_avg:1855.21ms
step:2504/3350 train_time:4645.418s step_avg:1855.20ms
step:2505/3350 train_time:4647.260s step_avg:1855.19ms
step:2506/3350 train_time:4649.104s step_avg:1855.19ms
step:2507/3350 train_time:4650.947s step_avg:1855.18ms
step:2508/3350 train_time:4652.789s step_avg:1855.18ms
step:2509/3350 train_time:4654.633s step_avg:1855.17ms
step:2510/3350 train_time:4656.477s step_avg:1855.17ms
step:2511/3350 train_time:4658.318s step_avg:1855.16ms
step:2512/3350 train_time:4660.159s step_avg:1855.16ms
step:2513/3350 train_time:4662.001s step_avg:1855.15ms
step:2514/3350 train_time:4663.843s step_avg:1855.15ms
step:2515/3350 train_time:4665.685s step_avg:1855.14ms
step:2516/3350 train_time:4667.527s step_avg:1855.14ms
step:2517/3350 train_time:4669.370s step_avg:1855.13ms
step:2518/3350 train_time:4671.212s step_avg:1855.13ms
step:2519/3350 train_time:4673.053s step_avg:1855.12ms
step:2520/3350 train_time:4674.896s step_avg:1855.12ms
step:2521/3350 train_time:4676.738s step_avg:1855.11ms
step:2522/3350 train_time:4678.579s step_avg:1855.11ms
step:2523/3350 train_time:4680.421s step_avg:1855.10ms
step:2524/3350 train_time:4682.262s step_avg:1855.10ms
step:2525/3350 train_time:4684.381s step_avg:1855.20ms
step:2526/3350 train_time:4686.222s step_avg:1855.19ms
step:2527/3350 train_time:4688.066s step_avg:1855.19ms
step:2528/3350 train_time:4689.909s step_avg:1855.19ms
step:2529/3350 train_time:4691.755s step_avg:1855.18ms
step:2530/3350 train_time:4693.596s step_avg:1855.18ms
step:2531/3350 train_time:4695.440s step_avg:1855.17ms
step:2532/3350 train_time:4697.280s step_avg:1855.17ms
step:2533/3350 train_time:4699.123s step_avg:1855.16ms
step:2534/3350 train_time:4700.964s step_avg:1855.16ms
step:2535/3350 train_time:4702.807s step_avg:1855.15ms
step:2536/3350 train_time:4704.652s step_avg:1855.15ms
step:2537/3350 train_time:4706.497s step_avg:1855.14ms
step:2538/3350 train_time:4708.338s step_avg:1855.14ms
step:2539/3350 train_time:4710.181s step_avg:1855.13ms
step:2540/3350 train_time:4712.025s step_avg:1855.13ms
step:2541/3350 train_time:4713.866s step_avg:1855.12ms
step:2542/3350 train_time:4715.707s step_avg:1855.12ms
step:2543/3350 train_time:4717.555s step_avg:1855.11ms
step:2544/3350 train_time:4719.397s step_avg:1855.11ms
step:2545/3350 train_time:4721.240s step_avg:1855.10ms
step:2546/3350 train_time:4723.083s step_avg:1855.10ms
step:2547/3350 train_time:4724.927s step_avg:1855.10ms
step:2548/3350 train_time:4726.771s step_avg:1855.09ms
step:2549/3350 train_time:4728.613s step_avg:1855.09ms
step:2550/3350 train_time:4730.736s step_avg:1855.19ms
step:2551/3350 train_time:4732.579s step_avg:1855.19ms
step:2552/3350 train_time:4734.422s step_avg:1855.18ms
step:2553/3350 train_time:4736.264s step_avg:1855.18ms
step:2554/3350 train_time:4738.105s step_avg:1855.17ms
step:2555/3350 train_time:4739.947s step_avg:1855.17ms
step:2556/3350 train_time:4741.790s step_avg:1855.16ms
step:2557/3350 train_time:4743.633s step_avg:1855.16ms
step:2558/3350 train_time:4745.474s step_avg:1855.15ms
step:2559/3350 train_time:4747.316s step_avg:1855.15ms
step:2560/3350 train_time:4749.159s step_avg:1855.14ms
step:2561/3350 train_time:4751.003s step_avg:1855.14ms
step:2562/3350 train_time:4752.844s step_avg:1855.13ms
step:2563/3350 train_time:4754.688s step_avg:1855.13ms
step:2564/3350 train_time:4756.529s step_avg:1855.12ms
step:2565/3350 train_time:4758.370s step_avg:1855.12ms
step:2566/3350 train_time:4760.215s step_avg:1855.11ms
step:2567/3350 train_time:4762.058s step_avg:1855.11ms
step:2568/3350 train_time:4763.901s step_avg:1855.10ms
step:2569/3350 train_time:4765.745s step_avg:1855.10ms
step:2570/3350 train_time:4767.590s step_avg:1855.09ms
step:2571/3350 train_time:4769.432s step_avg:1855.09ms
step:2572/3350 train_time:4771.273s step_avg:1855.08ms
step:2573/3350 train_time:4773.114s step_avg:1855.08ms
step:2574/3350 train_time:4774.956s step_avg:1855.07ms
step:2575/3350 train_time:4777.074s step_avg:1855.17ms
step:2576/3350 train_time:4778.915s step_avg:1855.17ms
step:2577/3350 train_time:4780.760s step_avg:1855.16ms
step:2578/3350 train_time:4782.601s step_avg:1855.16ms
step:2579/3350 train_time:4784.442s step_avg:1855.15ms
step:2580/3350 train_time:4786.284s step_avg:1855.15ms
step:2581/3350 train_time:4788.127s step_avg:1855.14ms
step:2582/3350 train_time:4789.970s step_avg:1855.14ms
step:2583/3350 train_time:4791.815s step_avg:1855.14ms
step:2584/3350 train_time:4793.659s step_avg:1855.13ms
step:2585/3350 train_time:4795.501s step_avg:1855.13ms
step:2586/3350 train_time:4797.343s step_avg:1855.12ms
step:2587/3350 train_time:4799.186s step_avg:1855.12ms
step:2588/3350 train_time:4801.030s step_avg:1855.11ms
step:2589/3350 train_time:4802.873s step_avg:1855.11ms
step:2590/3350 train_time:4804.716s step_avg:1855.10ms
step:2591/3350 train_time:4806.557s step_avg:1855.10ms
step:2592/3350 train_time:4808.402s step_avg:1855.09ms
step:2593/3350 train_time:4810.243s step_avg:1855.09ms
step:2594/3350 train_time:4812.086s step_avg:1855.08ms
step:2595/3350 train_time:4813.930s step_avg:1855.08ms
step:2596/3350 train_time:4815.771s step_avg:1855.07ms
step:2597/3350 train_time:4817.616s step_avg:1855.07ms
step:2598/3350 train_time:4819.460s step_avg:1855.07ms
step:2599/3350 train_time:4821.303s step_avg:1855.06ms
step:2600/3350 train_time:4823.435s step_avg:1855.17ms
step:2601/3350 train_time:4825.278s step_avg:1855.16ms
step:2602/3350 train_time:4827.123s step_avg:1855.16ms
step:2603/3350 train_time:4828.965s step_avg:1855.15ms
step:2604/3350 train_time:4830.809s step_avg:1855.15ms
step:2605/3350 train_time:4832.650s step_avg:1855.14ms
step:2606/3350 train_time:4834.492s step_avg:1855.14ms
step:2607/3350 train_time:4836.335s step_avg:1855.13ms
step:2608/3350 train_time:4838.176s step_avg:1855.13ms
step:2609/3350 train_time:4840.017s step_avg:1855.12ms
step:2610/3350 train_time:4841.861s step_avg:1855.12ms
step:2611/3350 train_time:4843.703s step_avg:1855.11ms
step:2612/3350 train_time:4845.546s step_avg:1855.11ms
step:2613/3350 train_time:4847.389s step_avg:1855.11ms
step:2614/3350 train_time:4849.232s step_avg:1855.10ms
step:2615/3350 train_time:4851.074s step_avg:1855.10ms
step:2616/3350 train_time:4852.919s step_avg:1855.09ms
step:2617/3350 train_time:4854.762s step_avg:1855.09ms
step:2618/3350 train_time:4856.606s step_avg:1855.08ms
step:2619/3350 train_time:4858.451s step_avg:1855.08ms
step:2620/3350 train_time:4860.296s step_avg:1855.07ms
step:2621/3350 train_time:4862.139s step_avg:1855.07ms
step:2622/3350 train_time:4863.982s step_avg:1855.07ms
step:2623/3350 train_time:4865.826s step_avg:1855.06ms
step:2624/3350 train_time:4867.671s step_avg:1855.06ms
step:2625/3350 train_time:4869.861s step_avg:1855.19ms
step:2625/3350 val_loss:3.35402 train_time:4869.861s step_avg:1854.51ms
step:2626/3350 train_time:4871.706s step_avg:1855.18ms
step:2627/3350 train_time:4873.549s step_avg:1855.18ms
step:2628/3350 train_time:4875.392s step_avg:1855.17ms
step:2629/3350 train_time:4877.234s step_avg:1855.17ms
step:2630/3350 train_time:4879.079s step_avg:1855.16ms
step:2631/3350 train_time:4880.922s step_avg:1855.16ms
step:2632/3350 train_time:4882.763s step_avg:1855.15ms
step:2633/3350 train_time:4884.607s step_avg:1855.15ms
step:2634/3350 train_time:4886.451s step_avg:1855.14ms
step:2635/3350 train_time:4888.294s step_avg:1855.14ms
step:2636/3350 train_time:4890.137s step_avg:1855.14ms
step:2637/3350 train_time:4891.979s step_avg:1855.13ms
step:2638/3350 train_time:4893.821s step_avg:1855.13ms
step:2639/3350 train_time:4895.666s step_avg:1855.12ms
step:2640/3350 train_time:4897.512s step_avg:1855.12ms
step:2641/3350 train_time:4899.356s step_avg:1855.11ms
step:2642/3350 train_time:4901.201s step_avg:1855.11ms
step:2643/3350 train_time:4903.043s step_avg:1855.11ms
step:2644/3350 train_time:4904.887s step_avg:1855.10ms
step:2645/3350 train_time:4906.731s step_avg:1855.10ms
step:2646/3350 train_time:4908.572s step_avg:1855.09ms
step:2647/3350 train_time:4910.414s step_avg:1855.09ms
step:2648/3350 train_time:4912.255s step_avg:1855.08ms
step:2649/3350 train_time:4914.098s step_avg:1855.08ms
step:2650/3350 train_time:4916.216s step_avg:1855.18ms
step:2651/3350 train_time:4918.062s step_avg:1855.17ms
step:2652/3350 train_time:4919.907s step_avg:1855.17ms
step:2653/3350 train_time:4921.748s step_avg:1855.16ms
step:2654/3350 train_time:4923.591s step_avg:1855.16ms
step:2655/3350 train_time:4925.436s step_avg:1855.15ms
step:2656/3350 train_time:4927.277s step_avg:1855.15ms
step:2657/3350 train_time:4929.119s step_avg:1855.14ms
step:2658/3350 train_time:4930.964s step_avg:1855.14ms
step:2659/3350 train_time:4932.807s step_avg:1855.14ms
step:2660/3350 train_time:4934.650s step_avg:1855.13ms
step:2661/3350 train_time:4936.528s step_avg:1855.14ms
step:2662/3350 train_time:4938.369s step_avg:1855.13ms
step:2663/3350 train_time:4940.211s step_avg:1855.13ms
step:2664/3350 train_time:4942.053s step_avg:1855.13ms
step:2665/3350 train_time:4943.897s step_avg:1855.12ms
step:2666/3350 train_time:4945.738s step_avg:1855.12ms
step:2667/3350 train_time:4947.581s step_avg:1855.11ms
step:2668/3350 train_time:4949.423s step_avg:1855.11ms
step:2669/3350 train_time:4951.266s step_avg:1855.10ms
step:2670/3350 train_time:4953.108s step_avg:1855.10ms
step:2671/3350 train_time:4954.952s step_avg:1855.09ms
step:2672/3350 train_time:4956.794s step_avg:1855.09ms
step:2673/3350 train_time:4958.636s step_avg:1855.08ms
step:2674/3350 train_time:4960.479s step_avg:1855.08ms
step:2675/3350 train_time:4962.596s step_avg:1855.18ms
step:2676/3350 train_time:4964.441s step_avg:1855.17ms
step:2677/3350 train_time:4966.283s step_avg:1855.17ms
step:2678/3350 train_time:4968.127s step_avg:1855.16ms
step:2679/3350 train_time:4969.972s step_avg:1855.16ms
step:2680/3350 train_time:4971.816s step_avg:1855.16ms
step:2681/3350 train_time:4973.661s step_avg:1855.15ms
step:2682/3350 train_time:4975.503s step_avg:1855.15ms
step:2683/3350 train_time:4977.345s step_avg:1855.14ms
step:2684/3350 train_time:4979.188s step_avg:1855.14ms
step:2685/3350 train_time:4981.031s step_avg:1855.13ms
step:2686/3350 train_time:4982.873s step_avg:1855.13ms
step:2687/3350 train_time:4984.717s step_avg:1855.12ms
step:2688/3350 train_time:4986.560s step_avg:1855.12ms
step:2689/3350 train_time:4988.400s step_avg:1855.11ms
step:2690/3350 train_time:4990.242s step_avg:1855.11ms
step:2691/3350 train_time:4992.083s step_avg:1855.10ms
step:2692/3350 train_time:4993.927s step_avg:1855.10ms
step:2693/3350 train_time:4995.771s step_avg:1855.10ms
step:2694/3350 train_time:4997.614s step_avg:1855.09ms
step:2695/3350 train_time:4999.458s step_avg:1855.09ms
step:2696/3350 train_time:5001.301s step_avg:1855.08ms
step:2697/3350 train_time:5003.146s step_avg:1855.08ms
step:2698/3350 train_time:5004.990s step_avg:1855.07ms
step:2699/3350 train_time:5006.833s step_avg:1855.07ms
step:2700/3350 train_time:5008.970s step_avg:1855.17ms
step:2701/3350 train_time:5010.811s step_avg:1855.17ms
step:2702/3350 train_time:5012.656s step_avg:1855.17ms
step:2703/3350 train_time:5014.498s step_avg:1855.16ms
step:2704/3350 train_time:5016.344s step_avg:1855.16ms
step:2705/3350 train_time:5018.185s step_avg:1855.15ms
step:2706/3350 train_time:5020.026s step_avg:1855.15ms
step:2707/3350 train_time:5021.869s step_avg:1855.14ms
step:2708/3350 train_time:5023.714s step_avg:1855.14ms
step:2709/3350 train_time:5025.558s step_avg:1855.13ms
step:2710/3350 train_time:5027.404s step_avg:1855.13ms
step:2711/3350 train_time:5029.249s step_avg:1855.13ms
step:2712/3350 train_time:5031.090s step_avg:1855.12ms
step:2713/3350 train_time:5032.931s step_avg:1855.12ms
step:2714/3350 train_time:5034.774s step_avg:1855.11ms
step:2715/3350 train_time:5036.616s step_avg:1855.11ms
step:2716/3350 train_time:5038.457s step_avg:1855.10ms
step:2717/3350 train_time:5040.304s step_avg:1855.10ms
step:2718/3350 train_time:5042.147s step_avg:1855.09ms
step:2719/3350 train_time:5043.988s step_avg:1855.09ms
step:2720/3350 train_time:5045.831s step_avg:1855.08ms
step:2721/3350 train_time:5047.672s step_avg:1855.08ms
step:2722/3350 train_time:5049.514s step_avg:1855.07ms
step:2723/3350 train_time:5051.356s step_avg:1855.07ms
step:2724/3350 train_time:5053.199s step_avg:1855.07ms
step:2725/3350 train_time:5055.322s step_avg:1855.16ms
step:2726/3350 train_time:5057.163s step_avg:1855.16ms
step:2727/3350 train_time:5059.006s step_avg:1855.15ms
step:2728/3350 train_time:5060.849s step_avg:1855.15ms
step:2729/3350 train_time:5062.690s step_avg:1855.14ms
step:2730/3350 train_time:5064.533s step_avg:1855.14ms
step:2731/3350 train_time:5066.377s step_avg:1855.14ms
step:2732/3350 train_time:5068.220s step_avg:1855.13ms
step:2733/3350 train_time:5070.064s step_avg:1855.13ms
step:2734/3350 train_time:5071.907s step_avg:1855.12ms
step:2735/3350 train_time:5073.748s step_avg:1855.12ms
step:2736/3350 train_time:5075.593s step_avg:1855.11ms
step:2737/3350 train_time:5077.435s step_avg:1855.11ms
step:2738/3350 train_time:5079.279s step_avg:1855.11ms
step:2739/3350 train_time:5081.119s step_avg:1855.10ms
step:2740/3350 train_time:5082.961s step_avg:1855.10ms
step:2741/3350 train_time:5084.805s step_avg:1855.09ms
step:2742/3350 train_time:5086.647s step_avg:1855.09ms
step:2743/3350 train_time:5088.489s step_avg:1855.08ms
step:2744/3350 train_time:5090.330s step_avg:1855.08ms
step:2745/3350 train_time:5092.171s step_avg:1855.07ms
step:2746/3350 train_time:5094.014s step_avg:1855.07ms
step:2747/3350 train_time:5095.856s step_avg:1855.06ms
step:2748/3350 train_time:5097.697s step_avg:1855.06ms
step:2749/3350 train_time:5099.539s step_avg:1855.05ms
step:2750/3350 train_time:5101.728s step_avg:1855.17ms
step:2750/3350 val_loss:3.33813 train_time:5101.728s step_avg:1854.93ms
step:2751/3350 train_time:5103.572s step_avg:1855.17ms
step:2752/3350 train_time:5105.416s step_avg:1855.17ms
step:2753/3350 train_time:5107.257s step_avg:1855.16ms
step:2754/3350 train_time:5109.098s step_avg:1855.16ms
step:2755/3350 train_time:5110.939s step_avg:1855.15ms
step:2756/3350 train_time:5112.783s step_avg:1855.15ms
step:2757/3350 train_time:5114.627s step_avg:1855.14ms
step:2758/3350 train_time:5116.469s step_avg:1855.14ms
step:2759/3350 train_time:5118.313s step_avg:1855.13ms
step:2760/3350 train_time:5120.154s step_avg:1855.13ms
step:2761/3350 train_time:5121.996s step_avg:1855.12ms
step:2762/3350 train_time:5123.840s step_avg:1855.12ms
step:2763/3350 train_time:5125.683s step_avg:1855.12ms
step:2764/3350 train_time:5127.525s step_avg:1855.11ms
step:2765/3350 train_time:5129.368s step_avg:1855.11ms
step:2766/3350 train_time:5131.213s step_avg:1855.10ms
step:2767/3350 train_time:5133.058s step_avg:1855.10ms
step:2768/3350 train_time:5134.902s step_avg:1855.09ms
step:2769/3350 train_time:5136.745s step_avg:1855.09ms
step:2770/3350 train_time:5138.591s step_avg:1855.09ms
step:2771/3350 train_time:5140.432s step_avg:1855.08ms
step:2772/3350 train_time:5142.272s step_avg:1855.08ms
step:2773/3350 train_time:5144.116s step_avg:1855.07ms
step:2774/3350 train_time:5145.957s step_avg:1855.07ms
step:2775/3350 train_time:5148.080s step_avg:1855.16ms
step:2776/3350 train_time:5149.923s step_avg:1855.16ms
step:2777/3350 train_time:5151.764s step_avg:1855.15ms
step:2778/3350 train_time:5153.607s step_avg:1855.15ms
step:2779/3350 train_time:5155.451s step_avg:1855.15ms
step:2780/3350 train_time:5157.291s step_avg:1855.14ms
step:2781/3350 train_time:5159.133s step_avg:1855.14ms
step:2782/3350 train_time:5160.976s step_avg:1855.13ms
step:2783/3350 train_time:5162.820s step_avg:1855.13ms
step:2784/3350 train_time:5164.664s step_avg:1855.12ms
step:2785/3350 train_time:5166.505s step_avg:1855.12ms
step:2786/3350 train_time:5168.346s step_avg:1855.11ms
step:2787/3350 train_time:5170.189s step_avg:1855.11ms
step:2788/3350 train_time:5172.029s step_avg:1855.10ms
step:2789/3350 train_time:5173.871s step_avg:1855.10ms
step:2790/3350 train_time:5175.712s step_avg:1855.09ms
step:2791/3350 train_time:5177.553s step_avg:1855.09ms
step:2792/3350 train_time:5179.395s step_avg:1855.08ms
step:2793/3350 train_time:5181.236s step_avg:1855.08ms
step:2794/3350 train_time:5183.079s step_avg:1855.07ms
step:2795/3350 train_time:5184.921s step_avg:1855.07ms
step:2796/3350 train_time:5186.763s step_avg:1855.07ms
step:2797/3350 train_time:5188.603s step_avg:1855.06ms
step:2798/3350 train_time:5190.446s step_avg:1855.06ms
step:2799/3350 train_time:5192.288s step_avg:1855.05ms
step:2800/3350 train_time:5194.422s step_avg:1855.15ms
step:2801/3350 train_time:5196.264s step_avg:1855.15ms
step:2802/3350 train_time:5198.106s step_avg:1855.14ms
step:2803/3350 train_time:5199.948s step_avg:1855.14ms
step:2804/3350 train_time:5201.790s step_avg:1855.13ms
step:2805/3350 train_time:5203.632s step_avg:1855.13ms
step:2806/3350 train_time:5205.472s step_avg:1855.12ms
step:2807/3350 train_time:5207.314s step_avg:1855.12ms
step:2808/3350 train_time:5209.157s step_avg:1855.11ms
step:2809/3350 train_time:5211.001s step_avg:1855.11ms
step:2810/3350 train_time:5212.844s step_avg:1855.10ms
step:2811/3350 train_time:5214.685s step_avg:1855.10ms
step:2812/3350 train_time:5216.528s step_avg:1855.10ms
step:2813/3350 train_time:5218.370s step_avg:1855.09ms
step:2814/3350 train_time:5220.211s step_avg:1855.09ms
step:2815/3350 train_time:5222.052s step_avg:1855.08ms
step:2816/3350 train_time:5223.892s step_avg:1855.08ms
step:2817/3350 train_time:5225.736s step_avg:1855.07ms
step:2818/3350 train_time:5227.575s step_avg:1855.07ms
step:2819/3350 train_time:5229.416s step_avg:1855.06ms
step:2820/3350 train_time:5231.257s step_avg:1855.06ms
step:2821/3350 train_time:5233.098s step_avg:1855.05ms
step:2822/3350 train_time:5234.940s step_avg:1855.05ms
step:2823/3350 train_time:5236.781s step_avg:1855.04ms
step:2824/3350 train_time:5238.622s step_avg:1855.04ms
step:2825/3350 train_time:5240.737s step_avg:1855.13ms
step:2826/3350 train_time:5242.577s step_avg:1855.12ms
step:2827/3350 train_time:5244.418s step_avg:1855.12ms
step:2828/3350 train_time:5246.260s step_avg:1855.11ms
step:2829/3350 train_time:5248.103s step_avg:1855.11ms
step:2830/3350 train_time:5249.944s step_avg:1855.10ms
step:2831/3350 train_time:5251.786s step_avg:1855.10ms
step:2832/3350 train_time:5253.627s step_avg:1855.09ms
step:2833/3350 train_time:5255.469s step_avg:1855.09ms
step:2834/3350 train_time:5257.310s step_avg:1855.08ms
step:2835/3350 train_time:5259.152s step_avg:1855.08ms
step:2836/3350 train_time:5260.992s step_avg:1855.07ms
step:2837/3350 train_time:5262.835s step_avg:1855.07ms
step:2838/3350 train_time:5264.678s step_avg:1855.07ms
step:2839/3350 train_time:5266.520s step_avg:1855.06ms
step:2840/3350 train_time:5268.360s step_avg:1855.06ms
step:2841/3350 train_time:5270.203s step_avg:1855.05ms
step:2842/3350 train_time:5272.045s step_avg:1855.05ms
step:2843/3350 train_time:5273.890s step_avg:1855.04ms
step:2844/3350 train_time:5275.733s step_avg:1855.04ms
step:2845/3350 train_time:5277.574s step_avg:1855.03ms
step:2846/3350 train_time:5279.421s step_avg:1855.03ms
step:2847/3350 train_time:5281.262s step_avg:1855.03ms
step:2848/3350 train_time:5283.105s step_avg:1855.02ms
step:2849/3350 train_time:5297.130s step_avg:1859.29ms
step:2850/3350 train_time:5299.280s step_avg:1859.40ms
step:2851/3350 train_time:5301.196s step_avg:1859.42ms
step:2852/3350 train_time:5303.071s step_avg:1859.42ms
step:2853/3350 train_time:5304.952s step_avg:1859.43ms
step:2854/3350 train_time:5306.831s step_avg:1859.44ms
step:2855/3350 train_time:5308.708s step_avg:1859.44ms
step:2856/3350 train_time:5310.587s step_avg:1859.45ms
step:2857/3350 train_time:5312.468s step_avg:1859.46ms
step:2858/3350 train_time:5314.348s step_avg:1859.46ms
step:2859/3350 train_time:5316.228s step_avg:1859.47ms
step:2860/3350 train_time:5318.105s step_avg:1859.48ms
step:2861/3350 train_time:5319.984s step_avg:1859.48ms
step:2862/3350 train_time:5321.860s step_avg:1859.49ms
step:2863/3350 train_time:5323.740s step_avg:1859.50ms
step:2864/3350 train_time:5325.616s step_avg:1859.50ms
step:2865/3350 train_time:5327.492s step_avg:1859.51ms
step:2866/3350 train_time:5329.371s step_avg:1859.52ms
step:2867/3350 train_time:5331.251s step_avg:1859.52ms
step:2868/3350 train_time:5333.127s step_avg:1859.53ms
step:2869/3350 train_time:5335.004s step_avg:1859.53ms
step:2870/3350 train_time:5336.881s step_avg:1859.54ms
step:2871/3350 train_time:5338.757s step_avg:1859.55ms
step:2872/3350 train_time:5340.632s step_avg:1859.55ms
step:2873/3350 train_time:5342.514s step_avg:1859.56ms
step:2874/3350 train_time:5344.391s step_avg:1859.57ms
step:2875/3350 train_time:5346.617s step_avg:1859.69ms
step:2875/3350 val_loss:3.32273 train_time:5346.618s step_avg:1959.12ms
step:2876/3350 train_time:5348.499s step_avg:1859.70ms
step:2877/3350 train_time:5350.378s step_avg:1859.71ms
step:2878/3350 train_time:5352.260s step_avg:1859.72ms
step:2879/3350 train_time:5354.137s step_avg:1859.72ms
step:2880/3350 train_time:5356.020s step_avg:1859.73ms
step:2881/3350 train_time:5357.900s step_avg:1859.74ms
step:2882/3350 train_time:5359.777s step_avg:1859.74ms
step:2883/3350 train_time:5361.656s step_avg:1859.75ms
step:2884/3350 train_time:5363.536s step_avg:1859.76ms
step:2885/3350 train_time:5365.415s step_avg:1859.76ms
step:2886/3350 train_time:5367.297s step_avg:1859.77ms
step:2887/3350 train_time:5369.176s step_avg:1859.78ms
step:2888/3350 train_time:5371.052s step_avg:1859.78ms
step:2889/3350 train_time:5372.931s step_avg:1859.79ms
step:2890/3350 train_time:5374.810s step_avg:1859.80ms
step:2891/3350 train_time:5376.686s step_avg:1859.80ms
step:2892/3350 train_time:5378.566s step_avg:1859.81ms
step:2893/3350 train_time:5380.445s step_avg:1859.82ms
step:2894/3350 train_time:5382.321s step_avg:1859.82ms
step:2895/3350 train_time:5384.201s step_avg:1859.83ms
step:2896/3350 train_time:5386.078s step_avg:1859.83ms
step:2897/3350 train_time:5387.958s step_avg:1859.84ms
step:2898/3350 train_time:5389.839s step_avg:1859.85ms
step:2899/3350 train_time:5391.721s step_avg:1859.86ms
step:2900/3350 train_time:5393.892s step_avg:1859.96ms
step:2901/3350 train_time:5395.770s step_avg:1859.97ms
step:2902/3350 train_time:5397.650s step_avg:1859.98ms
step:2903/3350 train_time:5399.528s step_avg:1859.98ms
step:2904/3350 train_time:5401.407s step_avg:1859.99ms
step:2905/3350 train_time:5403.287s step_avg:1860.00ms
step:2906/3350 train_time:5405.169s step_avg:1860.00ms
step:2907/3350 train_time:5407.049s step_avg:1860.01ms
step:2908/3350 train_time:5408.929s step_avg:1860.02ms
step:2909/3350 train_time:5410.809s step_avg:1860.02ms
step:2910/3350 train_time:5412.688s step_avg:1860.03ms
step:2911/3350 train_time:5414.571s step_avg:1860.04ms
step:2912/3350 train_time:5416.451s step_avg:1860.04ms
step:2913/3350 train_time:5418.331s step_avg:1860.05ms
step:2914/3350 train_time:5420.210s step_avg:1860.06ms
step:2915/3350 train_time:5422.089s step_avg:1860.06ms
step:2916/3350 train_time:5423.968s step_avg:1860.07ms
step:2917/3350 train_time:5425.850s step_avg:1860.08ms
step:2918/3350 train_time:5427.727s step_avg:1860.08ms
step:2919/3350 train_time:5429.606s step_avg:1860.09ms
step:2920/3350 train_time:5431.486s step_avg:1860.10ms
step:2921/3350 train_time:5433.369s step_avg:1860.11ms
step:2922/3350 train_time:5435.249s step_avg:1860.11ms
step:2923/3350 train_time:5437.128s step_avg:1860.12ms
step:2924/3350 train_time:5439.008s step_avg:1860.13ms
step:2925/3350 train_time:5441.164s step_avg:1860.23ms
step:2926/3350 train_time:5443.042s step_avg:1860.23ms
step:2927/3350 train_time:5444.921s step_avg:1860.24ms
step:2928/3350 train_time:5446.798s step_avg:1860.25ms
step:2929/3350 train_time:5448.677s step_avg:1860.25ms
step:2930/3350 train_time:5450.561s step_avg:1860.26ms
step:2931/3350 train_time:5452.441s step_avg:1860.27ms
step:2932/3350 train_time:5454.321s step_avg:1860.27ms
step:2933/3350 train_time:5456.200s step_avg:1860.28ms
step:2934/3350 train_time:5458.077s step_avg:1860.29ms
step:2935/3350 train_time:5459.958s step_avg:1860.29ms
step:2936/3350 train_time:5461.836s step_avg:1860.30ms
step:2937/3350 train_time:5463.713s step_avg:1860.30ms
step:2938/3350 train_time:5465.589s step_avg:1860.31ms
step:2939/3350 train_time:5467.465s step_avg:1860.31ms
step:2940/3350 train_time:5469.341s step_avg:1860.32ms
step:2941/3350 train_time:5471.221s step_avg:1860.33ms
step:2942/3350 train_time:5473.102s step_avg:1860.33ms
step:2943/3350 train_time:5474.981s step_avg:1860.34ms
step:2944/3350 train_time:5476.860s step_avg:1860.35ms
step:2945/3350 train_time:5478.741s step_avg:1860.35ms
step:2946/3350 train_time:5480.619s step_avg:1860.36ms
step:2947/3350 train_time:5482.503s step_avg:1860.37ms
step:2948/3350 train_time:5484.383s step_avg:1860.37ms
step:2949/3350 train_time:5486.266s step_avg:1860.38ms
step:2950/3350 train_time:5488.423s step_avg:1860.48ms
step:2951/3350 train_time:5490.303s step_avg:1860.49ms
step:2952/3350 train_time:5492.187s step_avg:1860.50ms
step:2953/3350 train_time:5494.064s step_avg:1860.50ms
step:2954/3350 train_time:5495.945s step_avg:1860.51ms
step:2955/3350 train_time:5497.826s step_avg:1860.52ms
step:2956/3350 train_time:5499.707s step_avg:1860.52ms
step:2957/3350 train_time:5501.586s step_avg:1860.53ms
step:2958/3350 train_time:5503.463s step_avg:1860.54ms
step:2959/3350 train_time:5505.340s step_avg:1860.54ms
step:2960/3350 train_time:5507.222s step_avg:1860.55ms
step:2961/3350 train_time:5509.104s step_avg:1860.56ms
step:2962/3350 train_time:5510.984s step_avg:1860.56ms
step:2963/3350 train_time:5512.867s step_avg:1860.57ms
step:2964/3350 train_time:5514.745s step_avg:1860.58ms
step:2965/3350 train_time:5516.624s step_avg:1860.58ms
step:2966/3350 train_time:5518.505s step_avg:1860.59ms
step:2967/3350 train_time:5520.385s step_avg:1860.59ms
step:2968/3350 train_time:5522.263s step_avg:1860.60ms
step:2969/3350 train_time:5524.141s step_avg:1860.61ms
step:2970/3350 train_time:5526.022s step_avg:1860.61ms
step:2971/3350 train_time:5527.902s step_avg:1860.62ms
step:2972/3350 train_time:5529.780s step_avg:1860.63ms
step:2973/3350 train_time:5531.661s step_avg:1860.63ms
step:2974/3350 train_time:5533.542s step_avg:1860.64ms
step:2975/3350 train_time:5535.697s step_avg:1860.74ms
step:2976/3350 train_time:5537.576s step_avg:1860.74ms
step:2977/3350 train_time:5539.456s step_avg:1860.75ms
step:2978/3350 train_time:5541.339s step_avg:1860.76ms
step:2979/3350 train_time:5543.218s step_avg:1860.76ms
step:2980/3350 train_time:5545.096s step_avg:1860.77ms
step:2981/3350 train_time:5546.977s step_avg:1860.78ms
step:2982/3350 train_time:5548.857s step_avg:1860.78ms
step:2983/3350 train_time:5550.737s step_avg:1860.79ms
step:2984/3350 train_time:5552.619s step_avg:1860.80ms
step:2985/3350 train_time:5554.501s step_avg:1860.80ms
step:2986/3350 train_time:5556.380s step_avg:1860.81ms
step:2987/3350 train_time:5558.259s step_avg:1860.82ms
step:2988/3350 train_time:5560.138s step_avg:1860.82ms
step:2989/3350 train_time:5562.019s step_avg:1860.83ms
step:2990/3350 train_time:5563.899s step_avg:1860.84ms
step:2991/3350 train_time:5565.781s step_avg:1860.84ms
step:2992/3350 train_time:5567.663s step_avg:1860.85ms
step:2993/3350 train_time:5569.542s step_avg:1860.86ms
step:2994/3350 train_time:5571.421s step_avg:1860.86ms
step:2995/3350 train_time:5573.303s step_avg:1860.87ms
step:2996/3350 train_time:5575.184s step_avg:1860.88ms
step:2997/3350 train_time:5577.064s step_avg:1860.88ms
step:2998/3350 train_time:5578.943s step_avg:1860.89ms
step:2999/3350 train_time:5580.824s step_avg:1860.90ms
step:3000/3350 train_time:5583.056s step_avg:1861.02ms
step:3000/3350 val_loss:3.30696 train_time:5583.056s step_avg:1891.51ms
step:3001/3350 train_time:5584.937s step_avg:1861.03ms
step:3002/3350 train_time:5586.819s step_avg:1861.03ms
step:3003/3350 train_time:5588.699s step_avg:1861.04ms
step:3004/3350 train_time:5590.577s step_avg:1861.04ms
step:3005/3350 train_time:5592.457s step_avg:1861.05ms
step:3006/3350 train_time:5594.336s step_avg:1861.06ms
step:3007/3350 train_time:5596.214s step_avg:1861.06ms
step:3008/3350 train_time:5598.096s step_avg:1861.07ms
step:3009/3350 train_time:5599.977s step_avg:1861.08ms
step:3010/3350 train_time:5601.853s step_avg:1861.08ms
step:3011/3350 train_time:5603.734s step_avg:1861.09ms
step:3012/3350 train_time:5605.617s step_avg:1861.09ms
step:3013/3350 train_time:5607.497s step_avg:1861.10ms
step:3014/3350 train_time:5609.375s step_avg:1861.11ms
step:3015/3350 train_time:5611.255s step_avg:1861.11ms
step:3016/3350 train_time:5613.133s step_avg:1861.12ms
step:3017/3350 train_time:5615.012s step_avg:1861.12ms
step:3018/3350 train_time:5616.891s step_avg:1861.13ms
step:3019/3350 train_time:5618.773s step_avg:1861.14ms
step:3020/3350 train_time:5620.651s step_avg:1861.14ms
step:3021/3350 train_time:5622.531s step_avg:1861.15ms
step:3022/3350 train_time:5624.413s step_avg:1861.16ms
step:3023/3350 train_time:5626.293s step_avg:1861.16ms
step:3024/3350 train_time:5628.173s step_avg:1861.17ms
step:3025/3350 train_time:5630.327s step_avg:1861.27ms
step:3025/3350 val_loss:3.30313 train_time:5630.327s step_avg:1890.86ms
step:3026/3350 train_time:5632.211s step_avg:1861.27ms
step:3027/3350 train_time:5634.092s step_avg:1861.28ms
step:3028/3350 train_time:5635.973s step_avg:1861.29ms
step:3029/3350 train_time:5637.853s step_avg:1861.29ms
step:3030/3350 train_time:5639.731s step_avg:1861.30ms
step:3031/3350 train_time:5641.611s step_avg:1861.30ms
step:3032/3350 train_time:5643.490s step_avg:1861.31ms
step:3033/3350 train_time:5645.370s step_avg:1861.32ms
step:3034/3350 train_time:5647.252s step_avg:1861.32ms
step:3035/3350 train_time:5649.136s step_avg:1861.33ms
step:3036/3350 train_time:5651.020s step_avg:1861.34ms
step:3037/3350 train_time:5652.899s step_avg:1861.34ms
step:3038/3350 train_time:5654.780s step_avg:1861.35ms
step:3039/3350 train_time:5656.660s step_avg:1861.36ms
step:3040/3350 train_time:5658.539s step_avg:1861.36ms
step:3041/3350 train_time:5660.460s step_avg:1861.38ms
step:3042/3350 train_time:5662.342s step_avg:1861.39ms
step:3043/3350 train_time:5664.224s step_avg:1861.39ms
step:3044/3350 train_time:5666.104s step_avg:1861.40ms
step:3045/3350 train_time:5667.985s step_avg:1861.41ms
step:3046/3350 train_time:5669.865s step_avg:1861.41ms
step:3047/3350 train_time:5671.742s step_avg:1861.42ms
step:3048/3350 train_time:5673.622s step_avg:1861.42ms
step:3049/3350 train_time:5675.503s step_avg:1861.43ms
step:3050/3350 train_time:5677.656s step_avg:1861.53ms
step:3050/3350 val_loss:3.30033 train_time:5677.656s step_avg:1893.15ms
step:3051/3350 train_time:5679.539s step_avg:1861.53ms
step:3052/3350 train_time:5681.419s step_avg:1861.54ms
step:3053/3350 train_time:5683.298s step_avg:1861.55ms
step:3054/3350 train_time:5685.177s step_avg:1861.55ms
step:3055/3350 train_time:5687.057s step_avg:1861.56ms
step:3056/3350 train_time:5688.936s step_avg:1861.56ms
step:3057/3350 train_time:5690.817s step_avg:1861.57ms
step:3058/3350 train_time:5692.696s step_avg:1861.57ms
step:3059/3350 train_time:5694.578s step_avg:1861.58ms
step:3060/3350 train_time:5696.459s step_avg:1861.59ms
step:3061/3350 train_time:5698.339s step_avg:1861.59ms
step:3062/3350 train_time:5700.217s step_avg:1861.60ms
step:3063/3350 train_time:5702.097s step_avg:1861.61ms
step:3064/3350 train_time:5703.978s step_avg:1861.61ms
step:3065/3350 train_time:5705.858s step_avg:1861.62ms
step:3066/3350 train_time:5707.738s step_avg:1861.62ms
step:3067/3350 train_time:5709.619s step_avg:1861.63ms
step:3068/3350 train_time:5711.499s step_avg:1861.64ms
step:3069/3350 train_time:5713.378s step_avg:1861.64ms
step:3070/3350 train_time:5715.258s step_avg:1861.65ms
step:3071/3350 train_time:5717.135s step_avg:1861.65ms
step:3072/3350 train_time:5719.015s step_avg:1861.66ms
step:3073/3350 train_time:5720.899s step_avg:1861.67ms
step:3074/3350 train_time:5722.779s step_avg:1861.67ms
step:3075/3350 train_time:5724.935s step_avg:1861.77ms
step:3075/3350 val_loss:3.29732 train_time:5724.935s step_avg:1891.14ms
step:3076/3350 train_time:5726.816s step_avg:1861.77ms
step:3077/3350 train_time:5728.695s step_avg:1861.78ms
step:3078/3350 train_time:5730.574s step_avg:1861.78ms
step:3079/3350 train_time:5732.452s step_avg:1861.79ms
step:3080/3350 train_time:5734.331s step_avg:1861.80ms
step:3081/3350 train_time:5736.208s step_avg:1861.80ms
step:3082/3350 train_time:5738.088s step_avg:1861.81ms
step:3083/3350 train_time:5739.964s step_avg:1861.81ms
step:3084/3350 train_time:5741.843s step_avg:1861.82ms
step:3085/3350 train_time:5743.721s step_avg:1861.82ms
step:3086/3350 train_time:5745.602s step_avg:1861.83ms
step:3087/3350 train_time:5747.479s step_avg:1861.83ms
step:3088/3350 train_time:5749.359s step_avg:1861.84ms
step:3089/3350 train_time:5751.239s step_avg:1861.84ms
step:3090/3350 train_time:5753.116s step_avg:1861.85ms
step:3091/3350 train_time:5754.992s step_avg:1861.85ms
step:3092/3350 train_time:5756.872s step_avg:1861.86ms
step:3093/3350 train_time:5758.751s step_avg:1861.87ms
step:3094/3350 train_time:5760.631s step_avg:1861.87ms
step:3095/3350 train_time:5762.511s step_avg:1861.88ms
step:3096/3350 train_time:5764.391s step_avg:1861.88ms
step:3097/3350 train_time:5766.267s step_avg:1861.89ms
step:3098/3350 train_time:5768.147s step_avg:1861.89ms
step:3099/3350 train_time:5770.026s step_avg:1861.90ms
step:3100/3350 train_time:5772.190s step_avg:1862.00ms
step:3100/3350 val_loss:3.29462 train_time:5772.190s step_avg:1890.21ms
step:3101/3350 train_time:5774.072s step_avg:1862.00ms
step:3102/3350 train_time:5775.950s step_avg:1862.01ms
step:3103/3350 train_time:5777.830s step_avg:1862.01ms
step:3104/3350 train_time:5779.708s step_avg:1862.02ms
step:3105/3350 train_time:5781.585s step_avg:1862.02ms
step:3106/3350 train_time:5783.465s step_avg:1862.03ms
step:3107/3350 train_time:5785.345s step_avg:1862.04ms
step:3108/3350 train_time:5787.224s step_avg:1862.04ms
step:3109/3350 train_time:5789.101s step_avg:1862.05ms
step:3110/3350 train_time:5790.984s step_avg:1862.05ms
step:3111/3350 train_time:5792.864s step_avg:1862.06ms
step:3112/3350 train_time:5794.743s step_avg:1862.06ms
step:3113/3350 train_time:5796.623s step_avg:1862.07ms
step:3114/3350 train_time:5798.502s step_avg:1862.08ms
step:3115/3350 train_time:5800.382s step_avg:1862.08ms
step:3116/3350 train_time:5802.261s step_avg:1862.09ms
step:3117/3350 train_time:5804.142s step_avg:1862.09ms
step:3118/3350 train_time:5806.018s step_avg:1862.10ms
step:3119/3350 train_time:5807.898s step_avg:1862.10ms
step:3120/3350 train_time:5809.777s step_avg:1862.11ms
step:3121/3350 train_time:5811.657s step_avg:1862.11ms
step:3122/3350 train_time:5813.537s step_avg:1862.12ms
step:3123/3350 train_time:5815.416s step_avg:1862.12ms
step:3124/3350 train_time:5817.293s step_avg:1862.13ms
step:3125/3350 train_time:5819.514s step_avg:1862.24ms
step:3125/3350 val_loss:3.29163 train_time:5819.514s step_avg:1892.96ms
step:3126/3350 train_time:5821.398s step_avg:1862.25ms
step:3127/3350 train_time:5823.279s step_avg:1862.26ms
step:3128/3350 train_time:5825.159s step_avg:1862.26ms
step:3129/3350 train_time:5827.044s step_avg:1862.27ms
step:3130/3350 train_time:5828.921s step_avg:1862.28ms
step:3131/3350 train_time:5830.802s step_avg:1862.28ms
step:3132/3350 train_time:5832.684s step_avg:1862.29ms
step:3133/3350 train_time:5834.568s step_avg:1862.29ms
step:3134/3350 train_time:5836.447s step_avg:1862.30ms
step:3135/3350 train_time:5838.326s step_avg:1862.30ms
step:3136/3350 train_time:5840.203s step_avg:1862.31ms
step:3137/3350 train_time:5842.082s step_avg:1862.31ms
step:3138/3350 train_time:5843.962s step_avg:1862.32ms
step:3139/3350 train_time:5845.845s step_avg:1862.33ms
step:3140/3350 train_time:5847.730s step_avg:1862.33ms
step:3141/3350 train_time:5849.610s step_avg:1862.34ms
step:3142/3350 train_time:5851.490s step_avg:1862.35ms
step:3143/3350 train_time:5853.371s step_avg:1862.35ms
step:3144/3350 train_time:5855.250s step_avg:1862.36ms
step:3145/3350 train_time:5857.131s step_avg:1862.36ms
step:3146/3350 train_time:5859.007s step_avg:1862.37ms
step:3147/3350 train_time:5860.887s step_avg:1862.37ms
step:3148/3350 train_time:5862.767s step_avg:1862.38ms
step:3149/3350 train_time:5864.647s step_avg:1862.38ms
step:3150/3350 train_time:5866.800s step_avg:1862.48ms
step:3150/3350 val_loss:3.28872 train_time:5866.801s step_avg:1891.45ms
step:3151/3350 train_time:5868.684s step_avg:1862.48ms
step:3152/3350 train_time:5870.564s step_avg:1862.49ms
step:3153/3350 train_time:5872.444s step_avg:1862.49ms
step:3154/3350 train_time:5874.322s step_avg:1862.50ms
step:3155/3350 train_time:5876.203s step_avg:1862.51ms
step:3156/3350 train_time:5878.085s step_avg:1862.51ms
step:3157/3350 train_time:5879.964s step_avg:1862.52ms
step:3158/3350 train_time:5881.845s step_avg:1862.52ms
step:3159/3350 train_time:5883.723s step_avg:1862.53ms
step:3160/3350 train_time:5885.600s step_avg:1862.53ms
step:3161/3350 train_time:5887.485s step_avg:1862.54ms
step:3162/3350 train_time:5889.363s step_avg:1862.54ms
step:3163/3350 train_time:5891.245s step_avg:1862.55ms
step:3164/3350 train_time:5893.126s step_avg:1862.56ms
step:3165/3350 train_time:5895.006s step_avg:1862.56ms
step:3166/3350 train_time:5896.885s step_avg:1862.57ms
step:3167/3350 train_time:5898.764s step_avg:1862.57ms
step:3168/3350 train_time:5900.644s step_avg:1862.58ms
step:3169/3350 train_time:5902.525s step_avg:1862.58ms
step:3170/3350 train_time:5904.401s step_avg:1862.59ms
step:3171/3350 train_time:5906.281s step_avg:1862.59ms
step:3172/3350 train_time:5908.160s step_avg:1862.60ms
step:3173/3350 train_time:5910.040s step_avg:1862.60ms
step:3174/3350 train_time:5911.919s step_avg:1862.61ms
step:3175/3350 train_time:5914.074s step_avg:1862.70ms
step:3175/3350 val_loss:3.28620 train_time:5914.074s step_avg:1890.93ms
step:3176/3350 train_time:5915.955s step_avg:1862.71ms
step:3177/3350 train_time:5917.837s step_avg:1862.71ms
step:3178/3350 train_time:5919.717s step_avg:1862.72ms
step:3179/3350 train_time:5921.600s step_avg:1862.72ms
step:3180/3350 train_time:5923.480s step_avg:1862.73ms
step:3181/3350 train_time:5925.366s step_avg:1862.74ms
step:3182/3350 train_time:5927.243s step_avg:1862.74ms
step:3183/3350 train_time:5929.122s step_avg:1862.75ms
step:3184/3350 train_time:5931.003s step_avg:1862.75ms
step:3185/3350 train_time:5932.880s step_avg:1862.76ms
step:3186/3350 train_time:5934.760s step_avg:1862.76ms
step:3187/3350 train_time:5936.641s step_avg:1862.77ms
step:3188/3350 train_time:5938.517s step_avg:1862.77ms
step:3189/3350 train_time:5940.399s step_avg:1862.78ms
step:3190/3350 train_time:5942.278s step_avg:1862.78ms
step:3191/3350 train_time:5944.157s step_avg:1862.79ms
step:3192/3350 train_time:5946.038s step_avg:1862.79ms
step:3193/3350 train_time:5947.915s step_avg:1862.80ms
step:3194/3350 train_time:5949.795s step_avg:1862.80ms
step:3195/3350 train_time:5951.672s step_avg:1862.81ms
step:3196/3350 train_time:5953.551s step_avg:1862.81ms
step:3197/3350 train_time:5955.431s step_avg:1862.82ms
step:3198/3350 train_time:5957.310s step_avg:1862.82ms
step:3199/3350 train_time:5959.189s step_avg:1862.83ms
step:3200/3350 train_time:5961.355s step_avg:1862.92ms
step:3200/3350 val_loss:3.28360 train_time:5961.355s step_avg:1891.25ms
step:3201/3350 train_time:5963.238s step_avg:1862.93ms
step:3202/3350 train_time:5965.120s step_avg:1862.94ms
step:3203/3350 train_time:5966.997s step_avg:1862.94ms
step:3204/3350 train_time:5968.875s step_avg:1862.94ms
step:3205/3350 train_time:5970.758s step_avg:1862.95ms
step:3206/3350 train_time:5972.639s step_avg:1862.96ms
step:3207/3350 train_time:5974.520s step_avg:1862.96ms
step:3208/3350 train_time:5976.403s step_avg:1862.97ms
step:3209/3350 train_time:5978.283s step_avg:1862.97ms
step:3210/3350 train_time:5980.160s step_avg:1862.98ms
step:3211/3350 train_time:5982.034s step_avg:1862.98ms
step:3212/3350 train_time:5983.914s step_avg:1862.99ms
step:3213/3350 train_time:5985.793s step_avg:1862.99ms
step:3214/3350 train_time:5987.672s step_avg:1863.00ms
step:3215/3350 train_time:5989.552s step_avg:1863.00ms
step:3216/3350 train_time:5991.436s step_avg:1863.01ms
step:3217/3350 train_time:5993.313s step_avg:1863.01ms
step:3218/3350 train_time:5995.191s step_avg:1863.02ms
step:3219/3350 train_time:5997.072s step_avg:1863.02ms
step:3220/3350 train_time:5998.949s step_avg:1863.03ms
step:3221/3350 train_time:6000.831s step_avg:1863.03ms
step:3222/3350 train_time:6002.713s step_avg:1863.04ms
step:3223/3350 train_time:6004.596s step_avg:1863.05ms
step:3224/3350 train_time:6006.473s step_avg:1863.05ms
step:3225/3350 train_time:6008.630s step_avg:1863.14ms
step:3225/3350 val_loss:3.28129 train_time:6008.630s step_avg:1891.01ms
step:3226/3350 train_time:6010.511s step_avg:1863.15ms
step:3227/3350 train_time:6012.394s step_avg:1863.15ms
step:3228/3350 train_time:6014.275s step_avg:1863.16ms
step:3229/3350 train_time:6016.159s step_avg:1863.16ms
step:3230/3350 train_time:6018.041s step_avg:1863.17ms
step:3231/3350 train_time:6019.961s step_avg:1863.19ms
step:3232/3350 train_time:6021.838s step_avg:1863.19ms
step:3233/3350 train_time:6023.719s step_avg:1863.20ms
step:3234/3350 train_time:6025.599s step_avg:1863.20ms
step:3235/3350 train_time:6027.478s step_avg:1863.21ms
step:3236/3350 train_time:6029.359s step_avg:1863.21ms
step:3237/3350 train_time:6031.236s step_avg:1863.22ms
step:3238/3350 train_time:6033.116s step_avg:1863.22ms
step:3239/3350 train_time:6034.993s step_avg:1863.23ms
step:3240/3350 train_time:6036.871s step_avg:1863.23ms
step:3241/3350 train_time:6038.752s step_avg:1863.24ms
step:3242/3350 train_time:6040.628s step_avg:1863.24ms
step:3243/3350 train_time:6042.508s step_avg:1863.25ms
step:3244/3350 train_time:6044.387s step_avg:1863.25ms
step:3245/3350 train_time:6046.267s step_avg:1863.26ms
step:3246/3350 train_time:6048.148s step_avg:1863.26ms
step:3247/3350 train_time:6050.026s step_avg:1863.27ms
step:3248/3350 train_time:6051.904s step_avg:1863.27ms
step:3249/3350 train_time:6053.786s step_avg:1863.28ms
step:3250/3350 train_time:6056.013s step_avg:1863.39ms
step:3250/3350 val_loss:3.27917 train_time:6056.014s step_avg:1895.34ms
step:3251/3350 train_time:6057.894s step_avg:1863.39ms
step:3252/3350 train_time:6059.776s step_avg:1863.40ms
step:3253/3350 train_time:6061.658s step_avg:1863.41ms
step:3254/3350 train_time:6063.539s step_avg:1863.41ms
step:3255/3350 train_time:6065.423s step_avg:1863.42ms
step:3256/3350 train_time:6067.304s step_avg:1863.42ms
step:3257/3350 train_time:6069.186s step_avg:1863.43ms
step:3258/3350 train_time:6071.068s step_avg:1863.43ms
step:3259/3350 train_time:6072.953s step_avg:1863.44ms
step:3260/3350 train_time:6074.835s step_avg:1863.45ms
step:3261/3350 train_time:6076.712s step_avg:1863.45ms
step:3262/3350 train_time:6078.591s step_avg:1863.46ms
step:3263/3350 train_time:6080.476s step_avg:1863.46ms
step:3264/3350 train_time:6082.355s step_avg:1863.47ms
step:3265/3350 train_time:6084.236s step_avg:1863.47ms
step:3266/3350 train_time:6086.115s step_avg:1863.48ms
step:3267/3350 train_time:6087.996s step_avg:1863.48ms
step:3268/3350 train_time:6089.881s step_avg:1863.49ms
step:3269/3350 train_time:6091.759s step_avg:1863.49ms
step:3270/3350 train_time:6093.635s step_avg:1863.50ms
step:3271/3350 train_time:6095.513s step_avg:1863.50ms
step:3272/3350 train_time:6097.391s step_avg:1863.51ms
step:3273/3350 train_time:6099.271s step_avg:1863.51ms
step:3274/3350 train_time:6101.149s step_avg:1863.52ms
step:3275/3350 train_time:6103.314s step_avg:1863.61ms
step:3275/3350 val_loss:3.27721 train_time:6103.314s step_avg:1892.03ms
step:3276/3350 train_time:6105.196s step_avg:1863.61ms
step:3277/3350 train_time:6107.077s step_avg:1863.62ms
step:3278/3350 train_time:6108.960s step_avg:1863.62ms
step:3279/3350 train_time:6110.841s step_avg:1863.63ms
step:3280/3350 train_time:6112.723s step_avg:1863.64ms
step:3281/3350 train_time:6114.604s step_avg:1863.64ms
step:3282/3350 train_time:6116.485s step_avg:1863.65ms
step:3283/3350 train_time:6118.365s step_avg:1863.65ms
step:3284/3350 train_time:6120.244s step_avg:1863.66ms
step:3285/3350 train_time:6122.123s step_avg:1863.66ms
step:3286/3350 train_time:6123.999s step_avg:1863.66ms
step:3287/3350 train_time:6125.876s step_avg:1863.67ms
step:3288/3350 train_time:6127.757s step_avg:1863.67ms
step:3289/3350 train_time:6129.636s step_avg:1863.68ms
step:3290/3350 train_time:6131.515s step_avg:1863.68ms
step:3291/3350 train_time:6133.396s step_avg:1863.69ms
step:3292/3350 train_time:6135.277s step_avg:1863.69ms
step:3293/3350 train_time:6137.159s step_avg:1863.70ms
step:3294/3350 train_time:6139.038s step_avg:1863.70ms
step:3295/3350 train_time:6140.918s step_avg:1863.71ms
step:3296/3350 train_time:6142.797s step_avg:1863.71ms
step:3297/3350 train_time:6144.678s step_avg:1863.72ms
step:3298/3350 train_time:6146.556s step_avg:1863.72ms
step:3299/3350 train_time:6148.436s step_avg:1863.73ms
step:3300/3350 train_time:6150.599s step_avg:1863.82ms
step:3300/3350 val_loss:3.27563 train_time:6150.599s step_avg:1891.41ms
step:3301/3350 train_time:6152.481s step_avg:1863.82ms
step:3302/3350 train_time:6154.358s step_avg:1863.83ms
step:3303/3350 train_time:6156.235s step_avg:1863.83ms
step:3304/3350 train_time:6158.118s step_avg:1863.84ms
step:3305/3350 train_time:6159.998s step_avg:1863.84ms
step:3306/3350 train_time:6161.880s step_avg:1863.85ms
step:3307/3350 train_time:6163.762s step_avg:1863.85ms
step:3308/3350 train_time:6165.642s step_avg:1863.86ms
step:3309/3350 train_time:6167.519s step_avg:1863.86ms
step:3310/3350 train_time:6169.398s step_avg:1863.87ms
step:3311/3350 train_time:6171.275s step_avg:1863.87ms
step:3312/3350 train_time:6173.155s step_avg:1863.88ms
step:3313/3350 train_time:6175.035s step_avg:1863.88ms
step:3314/3350 train_time:6176.914s step_avg:1863.88ms
step:3315/3350 train_time:6178.794s step_avg:1863.89ms
step:3316/3350 train_time:6180.674s step_avg:1863.89ms
step:3317/3350 train_time:6182.551s step_avg:1863.90ms
step:3318/3350 train_time:6184.429s step_avg:1863.90ms
step:3319/3350 train_time:6186.309s step_avg:1863.91ms
step:3320/3350 train_time:6188.189s step_avg:1863.91ms
step:3321/3350 train_time:6190.066s step_avg:1863.92ms
step:3322/3350 train_time:6191.943s step_avg:1863.92ms
step:3323/3350 train_time:6193.823s step_avg:1863.93ms
step:3324/3350 train_time:6195.704s step_avg:1863.93ms
step:3325/3350 train_time:6197.858s step_avg:1864.02ms
step:3325/3350 val_loss:3.27434 train_time:6197.858s step_avg:1890.34ms
step:3326/3350 train_time:6199.737s step_avg:1864.02ms
step:3327/3350 train_time:6201.616s step_avg:1864.03ms
step:3328/3350 train_time:6203.496s step_avg:1864.03ms
step:3329/3350 train_time:6205.376s step_avg:1864.04ms
step:3330/3350 train_time:6207.257s step_avg:1864.04ms
step:3331/3350 train_time:6209.138s step_avg:1864.05ms
step:3332/3350 train_time:6211.016s step_avg:1864.05ms
step:3333/3350 train_time:6212.896s step_avg:1864.06ms
step:3334/3350 train_time:6214.777s step_avg:1864.06ms
step:3335/3350 train_time:6216.657s step_avg:1864.07ms
step:3336/3350 train_time:6218.539s step_avg:1864.07ms
step:3337/3350 train_time:6220.419s step_avg:1864.08ms
step:3338/3350 train_time:6222.300s step_avg:1864.08ms
step:3339/3350 train_time:6224.183s step_avg:1864.09ms
step:3340/3350 train_time:6226.062s step_avg:1864.09ms
step:3341/3350 train_time:6227.943s step_avg:1864.10ms
step:3342/3350 train_time:6229.821s step_avg:1864.10ms
step:3343/3350 train_time:6231.702s step_avg:1864.10ms
step:3344/3350 train_time:6233.584s step_avg:1864.11ms
step:3345/3350 train_time:6235.462s step_avg:1864.11ms
step:3346/3350 train_time:6237.340s step_avg:1864.12ms
step:3347/3350 train_time:6239.218s step_avg:1864.12ms
step:3348/3350 train_time:6241.097s step_avg:1864.13ms
step:3349/3350 train_time:6242.977s step_avg:1864.13ms
step:3350/3350 train_time:6245.210s step_avg:1864.24ms
step:3350/3350 val_loss:3.27359 train_time:6245.211s step_avg:1894.10ms
trial:0 best_val_loss:3.27359 best_val_step:3350 first_step_to_target:3250
wandb: updating run metadata
wandb: uploading output.log; uploading wandb-summary.json; uploading config.yaml
wandb: 
wandb: Run history:
wandb:        speedrun/final_best_val_loss ▁
wandb:        speedrun/final_best_val_step ▁
wandb: speedrun/final_first_step_to_target ▁
wandb:       speedrun/final_reached_target ▁
wandb:       speedrun/first_step_to_target ▁▁▁▁▁▁▁▁▁▁▁▁▁▁▁▁▁▁▁▁▁▁▁▁▁▁▁▁▁▁▁▁▁▁█████
wandb:             speedrun/reached_target ▁▁▁▁▁▁▁▁▁▁▁▁▁▁▁▁▁▁▁▁▁▁▁▁▁▁▁▁▁▁▁▁▁▁█████
wandb:            speedrun/target_val_loss ▁▁▁▁▁▁▁▁▁▁▁▁▁▁▁▁▁▁▁▁▁▁▁▁▁▁▁▁▁▁▁▁▁▁▁▁▁▁▁▁
wandb:                speedrun/train_steps ▁▁▁▁▁▁▁▁▁▁▁▁▁▁▁▁▁▁▁▁▁▁▁▁▁▁▁▁▁▁▁▁▁▁▁▁▁▁▁▁
wandb:                    time/step_avg_ms  ▂▁▁▁▁▁▁▁▁▁▁▁▁▁▁▁▁▁▁▁▁▁█▄▄▄▄▃▄▄▄▄▄▄▄▄▃▄
wandb:                  time/train_seconds ▁▁▂▂▂▂▃▃▃▃▄▄▄▄▅▅▅▅▆▆▆▆▇▇▇▇▇▇▇██████████
wandb:                              +4,337 ...
wandb: 
wandb: Run summary:
wandb:        speedrun/final_best_val_loss 3.27359
wandb:        speedrun/final_best_val_step 3350
wandb: speedrun/final_first_step_to_target 3250
wandb:       speedrun/final_reached_target 1
wandb:       speedrun/first_step_to_target 3250
wandb:             speedrun/reached_target 1
wandb:            speedrun/target_val_loss 3.28
wandb:                speedrun/train_steps 3350
wandb:                    time/step_avg_ms 1894.09984
wandb:                  time/train_seconds 6245.21051
wandb:                              +4,337 ...
wandb: 
wandb: 🚀 View run g1r4-frieren/wd-B at: https://wandb.ai/wandb-applied-ai-team/modded-nanogpt-senpai/runs/n0demgqa
wandb: ⭐️ View project at: https://wandb.ai/wandb-applied-ai-team/modded-nanogpt-senpai
wandb: Synced 6 W&B file(s), 0 media file(s), 0 artifact file(s) and 0 other file(s)
wandb: Find logs at: ./wandb/run-20260520_181151-n0demgqa/logs
=== 2026-05-20T20:03:43+00:00 arm B done, exit=0 ===
=== 2026-05-20T20:03:43+00:00 launching arm C (embed=0.0 lm_head=0.0 scalar=0.01) ===
logs/9f6695a8-d9fe-4c67-babc-c37b624a974c.txt
GRAD_CLIP: max_norm=10.0 (ENABLED)
EMBED_COOLDOWN_SHAPE: linear_floor (applies to adam_embed only; lm_head/scalars use linear)
ADAMW_BETA2: 0.99 (effective memory ~99 steps)
ADAMW_LR_MULT: embed=1.5 lm_head=1.0 scalar=1.0
  Effective base LRs: embed=0.4500 lm_head=0.003125 scalar=0.0100
ADAMW_WD: embed=0.0 lm_head=0.0 scalar=0.01
NS_SCHEDULE: ns_iters=12 -> ns_iters_cooldown=16 at fraction 0.7 of train_steps (shape=late_peak)
NS_COEF_SCHEDULE: linear_ramp_down
  ns_iters=12: c=[0.7,0.662,0.624,0.585,0.547,0.509,0.471,0.433,0.395,0.356,0.318,0.28] avg_c=0.4900
  ns_iters=16: c=[0.7,0.672,0.644,0.616,0.588,0.56,0.532,0.504,0.476,0.448,0.42,0.392,0.364,0.336,0.308,0.28] avg_c=0.4900
wandb: [wandb.login()] Loaded credentials for https://api.wandb.ai from WANDB_API_KEY.
wandb: W&B API key is configured. Use `wandb login --relogin` to force relogin
wandb: Tracking run with wandb version 0.26.1
wandb: Run data is saved locally in /workspace/senpai/target/wandb/run-20260520_200348-9fd701tv
wandb: Run `wandb offline` to turn off syncing.
wandb: Syncing run g1r4-frieren/wd-C
wandb: ⭐️ View project at https://wandb.ai/wandb-applied-ai-team/modded-nanogpt-senpai
wandb: 🚀 View run at https://wandb.ai/wandb-applied-ai-team/modded-nanogpt-senpai/runs/9fd701tv
step:0/3350 val_loss:10.82583 train_time:0.000s step_avg:nanms
step:1/3350 train_time:4.152s step_avg:4151.64ms
step:2/3350 train_time:5.924s step_avg:2962.13ms
step:3/3350 train_time:7.761s step_avg:2587.02ms
step:4/3350 train_time:9.601s step_avg:2400.28ms
step:5/3350 train_time:11.438s step_avg:2287.68ms
step:6/3350 train_time:13.278s step_avg:2212.95ms
step:7/3350 train_time:15.117s step_avg:2159.59ms
step:8/3350 train_time:16.957s step_avg:2119.62ms
step:9/3350 train_time:18.799s step_avg:2088.76ms
step:10/3350 train_time:20.642s step_avg:2064.22ms
step:11/3350 train_time:22.483s step_avg:2043.92ms
step:12/3350 train_time:24.325s step_avg:2027.08ms
step:13/3350 train_time:26.166s step_avg:2012.79ms
step:14/3350 train_time:28.009s step_avg:2000.67ms
step:15/3350 train_time:29.850s step_avg:1990.00ms
step:16/3350 train_time:31.691s step_avg:1980.68ms
step:17/3350 train_time:33.533s step_avg:1972.56ms
step:18/3350 train_time:35.376s step_avg:1965.32ms
step:19/3350 train_time:37.220s step_avg:1958.94ms
step:20/3350 train_time:39.062s step_avg:1953.12ms
step:21/3350 train_time:40.906s step_avg:1947.90ms
step:22/3350 train_time:42.749s step_avg:1943.13ms
step:23/3350 train_time:44.591s step_avg:1938.74ms
step:24/3350 train_time:46.435s step_avg:1934.80ms
step:25/3350 train_time:48.553s step_avg:1942.14ms
step:26/3350 train_time:50.398s step_avg:1938.38ms
step:27/3350 train_time:52.242s step_avg:1934.89ms
step:28/3350 train_time:54.085s step_avg:1931.61ms
step:29/3350 train_time:55.928s step_avg:1928.56ms
step:30/3350 train_time:57.770s step_avg:1925.68ms
step:31/3350 train_time:59.613s step_avg:1923.00ms
step:32/3350 train_time:61.458s step_avg:1920.55ms
step:33/3350 train_time:63.301s step_avg:1918.20ms
step:34/3350 train_time:65.144s step_avg:1916.00ms
step:35/3350 train_time:66.987s step_avg:1913.92ms
step:36/3350 train_time:68.831s step_avg:1911.97ms
step:37/3350 train_time:70.676s step_avg:1910.15ms
step:38/3350 train_time:72.520s step_avg:1908.42ms
step:39/3350 train_time:74.364s step_avg:1906.78ms
step:40/3350 train_time:76.208s step_avg:1905.20ms
step:41/3350 train_time:78.052s step_avg:1903.70ms
step:42/3350 train_time:79.896s step_avg:1902.29ms
step:43/3350 train_time:81.739s step_avg:1900.92ms
step:44/3350 train_time:83.584s step_avg:1899.64ms
step:45/3350 train_time:85.429s step_avg:1898.42ms
step:46/3350 train_time:87.273s step_avg:1897.24ms
step:47/3350 train_time:89.116s step_avg:1896.10ms
step:48/3350 train_time:90.961s step_avg:1895.02ms
step:49/3350 train_time:92.804s step_avg:1893.97ms
step:50/3350 train_time:94.924s step_avg:1898.48ms
step:51/3350 train_time:96.767s step_avg:1897.38ms
step:52/3350 train_time:98.610s step_avg:1896.36ms
step:53/3350 train_time:100.454s step_avg:1895.36ms
step:54/3350 train_time:102.298s step_avg:1894.40ms
step:55/3350 train_time:104.139s step_avg:1893.44ms
step:56/3350 train_time:105.982s step_avg:1892.54ms
step:57/3350 train_time:107.826s step_avg:1891.69ms
step:58/3350 train_time:109.669s step_avg:1890.85ms
step:59/3350 train_time:111.512s step_avg:1890.04ms
step:60/3350 train_time:113.355s step_avg:1889.24ms
step:61/3350 train_time:115.198s step_avg:1888.50ms
step:62/3350 train_time:117.042s step_avg:1887.78ms
step:63/3350 train_time:118.885s step_avg:1887.07ms
step:64/3350 train_time:120.728s step_avg:1886.38ms
step:65/3350 train_time:122.571s step_avg:1885.71ms
step:66/3350 train_time:124.414s step_avg:1885.06ms
step:67/3350 train_time:126.258s step_avg:1884.45ms
step:68/3350 train_time:128.101s step_avg:1883.83ms
step:69/3350 train_time:129.945s step_avg:1883.26ms
step:70/3350 train_time:131.787s step_avg:1882.67ms
step:71/3350 train_time:133.631s step_avg:1882.13ms
step:72/3350 train_time:135.474s step_avg:1881.59ms
step:73/3350 train_time:137.318s step_avg:1881.06ms
step:74/3350 train_time:139.162s step_avg:1880.56ms
step:75/3350 train_time:141.281s step_avg:1883.75ms
step:76/3350 train_time:143.124s step_avg:1883.21ms
step:77/3350 train_time:144.968s step_avg:1882.70ms
step:78/3350 train_time:146.810s step_avg:1882.18ms
step:79/3350 train_time:148.651s step_avg:1881.66ms
step:80/3350 train_time:150.494s step_avg:1881.18ms
step:81/3350 train_time:152.338s step_avg:1880.72ms
step:82/3350 train_time:154.180s step_avg:1880.25ms
step:83/3350 train_time:156.024s step_avg:1879.80ms
step:84/3350 train_time:157.867s step_avg:1879.37ms
step:85/3350 train_time:159.710s step_avg:1878.94ms
step:86/3350 train_time:161.551s step_avg:1878.50ms
step:87/3350 train_time:163.394s step_avg:1878.09ms
step:88/3350 train_time:165.235s step_avg:1877.67ms
step:89/3350 train_time:167.076s step_avg:1877.25ms
step:90/3350 train_time:168.919s step_avg:1876.88ms
step:91/3350 train_time:170.761s step_avg:1876.49ms
step:92/3350 train_time:172.604s step_avg:1876.13ms
step:93/3350 train_time:174.447s step_avg:1875.78ms
step:94/3350 train_time:176.290s step_avg:1875.43ms
step:95/3350 train_time:178.132s step_avg:1875.07ms
step:96/3350 train_time:179.974s step_avg:1874.73ms
step:97/3350 train_time:181.817s step_avg:1874.41ms
step:98/3350 train_time:183.660s step_avg:1874.08ms
step:99/3350 train_time:185.502s step_avg:1873.76ms
step:100/3350 train_time:187.632s step_avg:1876.32ms
step:101/3350 train_time:189.473s step_avg:1875.97ms
step:102/3350 train_time:191.315s step_avg:1875.64ms
step:103/3350 train_time:193.158s step_avg:1875.32ms
step:104/3350 train_time:195.001s step_avg:1875.01ms
step:105/3350 train_time:196.844s step_avg:1874.70ms
step:106/3350 train_time:198.685s step_avg:1874.39ms
step:107/3350 train_time:200.527s step_avg:1874.08ms
step:108/3350 train_time:202.370s step_avg:1873.79ms
step:109/3350 train_time:204.212s step_avg:1873.50ms
step:110/3350 train_time:206.055s step_avg:1873.23ms
step:111/3350 train_time:207.898s step_avg:1872.96ms
step:112/3350 train_time:209.740s step_avg:1872.68ms
step:113/3350 train_time:211.583s step_avg:1872.42ms
step:114/3350 train_time:213.426s step_avg:1872.15ms
step:115/3350 train_time:215.269s step_avg:1871.91ms
step:116/3350 train_time:217.111s step_avg:1871.64ms
step:117/3350 train_time:218.953s step_avg:1871.40ms
step:118/3350 train_time:220.796s step_avg:1871.16ms
step:119/3350 train_time:222.639s step_avg:1870.92ms
step:120/3350 train_time:224.481s step_avg:1870.68ms
step:121/3350 train_time:226.322s step_avg:1870.43ms
step:122/3350 train_time:228.165s step_avg:1870.20ms
step:123/3350 train_time:230.009s step_avg:1869.99ms
step:124/3350 train_time:231.851s step_avg:1869.77ms
step:125/3350 train_time:234.037s step_avg:1872.30ms
step:125/3350 val_loss:4.59103 train_time:234.037s step_avg:1872.30ms
step:126/3350 train_time:235.881s step_avg:1872.07ms
step:127/3350 train_time:237.723s step_avg:1871.83ms
step:128/3350 train_time:239.565s step_avg:1871.60ms
step:129/3350 train_time:241.408s step_avg:1871.38ms
step:130/3350 train_time:243.249s step_avg:1871.15ms
step:131/3350 train_time:245.092s step_avg:1870.93ms
step:132/3350 train_time:246.934s step_avg:1870.71ms
step:133/3350 train_time:248.777s step_avg:1870.50ms
step:134/3350 train_time:250.621s step_avg:1870.30ms
step:135/3350 train_time:252.460s step_avg:1870.08ms
step:136/3350 train_time:254.303s step_avg:1869.87ms
step:137/3350 train_time:256.144s step_avg:1869.66ms
step:138/3350 train_time:257.985s step_avg:1869.45ms
step:139/3350 train_time:259.827s step_avg:1869.26ms
step:140/3350 train_time:261.670s step_avg:1869.07ms
step:141/3350 train_time:263.512s step_avg:1868.88ms
step:142/3350 train_time:265.354s step_avg:1868.69ms
step:143/3350 train_time:267.195s step_avg:1868.50ms
step:144/3350 train_time:269.038s step_avg:1868.32ms
step:145/3350 train_time:270.879s step_avg:1868.13ms
step:146/3350 train_time:272.720s step_avg:1867.95ms
step:147/3350 train_time:274.561s step_avg:1867.76ms
step:148/3350 train_time:276.404s step_avg:1867.59ms
step:149/3350 train_time:278.246s step_avg:1867.42ms
step:150/3350 train_time:280.365s step_avg:1869.10ms
step:151/3350 train_time:282.205s step_avg:1868.91ms
step:152/3350 train_time:284.048s step_avg:1868.73ms
step:153/3350 train_time:285.889s step_avg:1868.56ms
step:154/3350 train_time:287.731s step_avg:1868.38ms
step:155/3350 train_time:289.574s step_avg:1868.22ms
step:156/3350 train_time:291.414s step_avg:1868.04ms
step:157/3350 train_time:293.257s step_avg:1867.88ms
step:158/3350 train_time:295.099s step_avg:1867.71ms
step:159/3350 train_time:296.941s step_avg:1867.55ms
step:160/3350 train_time:298.781s step_avg:1867.38ms
step:161/3350 train_time:300.623s step_avg:1867.22ms
step:162/3350 train_time:302.466s step_avg:1867.07ms
step:163/3350 train_time:304.307s step_avg:1866.91ms
step:164/3350 train_time:306.148s step_avg:1866.76ms
step:165/3350 train_time:307.991s step_avg:1866.61ms
step:166/3350 train_time:309.831s step_avg:1866.45ms
step:167/3350 train_time:311.675s step_avg:1866.32ms
step:168/3350 train_time:313.516s step_avg:1866.17ms
step:169/3350 train_time:315.358s step_avg:1866.03ms
step:170/3350 train_time:317.200s step_avg:1865.88ms
step:171/3350 train_time:319.041s step_avg:1865.74ms
step:172/3350 train_time:320.883s step_avg:1865.60ms
step:173/3350 train_time:322.725s step_avg:1865.46ms
step:174/3350 train_time:324.566s step_avg:1865.32ms
step:175/3350 train_time:326.682s step_avg:1866.76ms
step:176/3350 train_time:328.523s step_avg:1866.61ms
step:177/3350 train_time:330.364s step_avg:1866.46ms
step:178/3350 train_time:332.205s step_avg:1866.32ms
step:179/3350 train_time:334.046s step_avg:1866.18ms
step:180/3350 train_time:335.888s step_avg:1866.05ms
step:181/3350 train_time:337.728s step_avg:1865.90ms
step:182/3350 train_time:339.568s step_avg:1865.76ms
step:183/3350 train_time:341.410s step_avg:1865.63ms
step:184/3350 train_time:343.251s step_avg:1865.50ms
step:185/3350 train_time:345.094s step_avg:1865.37ms
step:186/3350 train_time:346.936s step_avg:1865.25ms
step:187/3350 train_time:348.779s step_avg:1865.13ms
step:188/3350 train_time:350.621s step_avg:1865.00ms
step:189/3350 train_time:352.462s step_avg:1864.88ms
step:190/3350 train_time:354.303s step_avg:1864.75ms
step:191/3350 train_time:356.252s step_avg:1865.19ms
step:192/3350 train_time:358.094s step_avg:1865.07ms
step:193/3350 train_time:359.933s step_avg:1864.94ms
step:194/3350 train_time:361.774s step_avg:1864.82ms
step:195/3350 train_time:363.616s step_avg:1864.70ms
step:196/3350 train_time:365.457s step_avg:1864.58ms
step:197/3350 train_time:367.299s step_avg:1864.46ms
step:198/3350 train_time:369.140s step_avg:1864.34ms
step:199/3350 train_time:370.982s step_avg:1864.23ms
step:200/3350 train_time:373.110s step_avg:1865.55ms
step:201/3350 train_time:374.952s step_avg:1865.43ms
step:202/3350 train_time:376.793s step_avg:1865.31ms
step:203/3350 train_time:378.635s step_avg:1865.20ms
step:204/3350 train_time:380.477s step_avg:1865.08ms
step:205/3350 train_time:382.318s step_avg:1864.97ms
step:206/3350 train_time:384.159s step_avg:1864.85ms
step:207/3350 train_time:386.000s step_avg:1864.74ms
step:208/3350 train_time:387.844s step_avg:1864.64ms
step:209/3350 train_time:389.688s step_avg:1864.53ms
step:210/3350 train_time:391.528s step_avg:1864.42ms
step:211/3350 train_time:393.371s step_avg:1864.32ms
step:212/3350 train_time:395.213s step_avg:1864.21ms
step:213/3350 train_time:397.055s step_avg:1864.11ms
step:214/3350 train_time:398.897s step_avg:1864.00ms
step:215/3350 train_time:400.739s step_avg:1863.90ms
step:216/3350 train_time:402.580s step_avg:1863.80ms
step:217/3350 train_time:404.423s step_avg:1863.70ms
step:218/3350 train_time:406.264s step_avg:1863.59ms
step:219/3350 train_time:408.105s step_avg:1863.49ms
step:220/3350 train_time:409.947s step_avg:1863.39ms
step:221/3350 train_time:411.788s step_avg:1863.29ms
step:222/3350 train_time:413.630s step_avg:1863.20ms
step:223/3350 train_time:415.470s step_avg:1863.09ms
step:224/3350 train_time:417.313s step_avg:1863.00ms
step:225/3350 train_time:419.429s step_avg:1864.13ms
step:226/3350 train_time:421.269s step_avg:1864.02ms
step:227/3350 train_time:423.109s step_avg:1863.92ms
step:228/3350 train_time:424.949s step_avg:1863.81ms
step:229/3350 train_time:426.791s step_avg:1863.71ms
step:230/3350 train_time:428.632s step_avg:1863.62ms
step:231/3350 train_time:430.473s step_avg:1863.52ms
step:232/3350 train_time:432.313s step_avg:1863.42ms
step:233/3350 train_time:434.156s step_avg:1863.33ms
step:234/3350 train_time:435.997s step_avg:1863.23ms
step:235/3350 train_time:437.838s step_avg:1863.14ms
step:236/3350 train_time:439.679s step_avg:1863.05ms
step:237/3350 train_time:441.519s step_avg:1862.95ms
step:238/3350 train_time:443.360s step_avg:1862.86ms
step:239/3350 train_time:445.200s step_avg:1862.76ms
step:240/3350 train_time:447.041s step_avg:1862.67ms
step:241/3350 train_time:448.880s step_avg:1862.57ms
step:242/3350 train_time:450.719s step_avg:1862.47ms
step:243/3350 train_time:452.561s step_avg:1862.39ms
step:244/3350 train_time:454.402s step_avg:1862.30ms
step:245/3350 train_time:456.245s step_avg:1862.22ms
step:246/3350 train_time:458.087s step_avg:1862.14ms
step:247/3350 train_time:459.929s step_avg:1862.06ms
step:248/3350 train_time:461.770s step_avg:1861.98ms
step:249/3350 train_time:463.611s step_avg:1861.89ms
step:250/3350 train_time:465.793s step_avg:1863.17ms
step:250/3350 val_loss:4.08419 train_time:465.793s step_avg:1854.04ms
step:251/3350 train_time:467.635s step_avg:1863.09ms
step:252/3350 train_time:469.481s step_avg:1863.02ms
step:253/3350 train_time:471.335s step_avg:1862.98ms
step:254/3350 train_time:473.178s step_avg:1862.91ms
step:255/3350 train_time:475.020s step_avg:1862.82ms
step:256/3350 train_time:476.862s step_avg:1862.74ms
step:257/3350 train_time:478.704s step_avg:1862.66ms
step:258/3350 train_time:480.547s step_avg:1862.59ms
step:259/3350 train_time:482.390s step_avg:1862.51ms
step:260/3350 train_time:484.233s step_avg:1862.43ms
step:261/3350 train_time:486.075s step_avg:1862.36ms
step:262/3350 train_time:487.918s step_avg:1862.28ms
step:263/3350 train_time:489.761s step_avg:1862.21ms
step:264/3350 train_time:491.604s step_avg:1862.14ms
step:265/3350 train_time:493.445s step_avg:1862.05ms
step:266/3350 train_time:495.286s step_avg:1861.98ms
step:267/3350 train_time:497.127s step_avg:1861.90ms
step:268/3350 train_time:498.969s step_avg:1861.83ms
step:269/3350 train_time:500.812s step_avg:1861.76ms
step:270/3350 train_time:502.655s step_avg:1861.68ms
step:271/3350 train_time:504.497s step_avg:1861.61ms
step:272/3350 train_time:506.340s step_avg:1861.54ms
step:273/3350 train_time:508.182s step_avg:1861.47ms
step:274/3350 train_time:510.025s step_avg:1861.40ms
step:275/3350 train_time:512.154s step_avg:1862.38ms
step:276/3350 train_time:513.997s step_avg:1862.31ms
step:277/3350 train_time:515.839s step_avg:1862.23ms
step:278/3350 train_time:517.681s step_avg:1862.16ms
step:279/3350 train_time:519.524s step_avg:1862.09ms
step:280/3350 train_time:521.367s step_avg:1862.03ms
step:281/3350 train_time:523.210s step_avg:1861.96ms
step:282/3350 train_time:525.052s step_avg:1861.89ms
step:283/3350 train_time:526.894s step_avg:1861.82ms
step:284/3350 train_time:528.736s step_avg:1861.75ms
step:285/3350 train_time:530.580s step_avg:1861.68ms
step:286/3350 train_time:532.423s step_avg:1861.62ms
step:287/3350 train_time:534.266s step_avg:1861.55ms
step:288/3350 train_time:536.108s step_avg:1861.48ms
step:289/3350 train_time:537.951s step_avg:1861.42ms
step:290/3350 train_time:539.794s step_avg:1861.36ms
step:291/3350 train_time:541.637s step_avg:1861.29ms
step:292/3350 train_time:543.481s step_avg:1861.24ms
step:293/3350 train_time:545.324s step_avg:1861.17ms
step:294/3350 train_time:547.166s step_avg:1861.11ms
step:295/3350 train_time:549.010s step_avg:1861.05ms
step:296/3350 train_time:550.854s step_avg:1860.99ms
step:297/3350 train_time:552.701s step_avg:1860.95ms
step:298/3350 train_time:554.547s step_avg:1860.90ms
step:299/3350 train_time:556.390s step_avg:1860.83ms
step:300/3350 train_time:558.529s step_avg:1861.76ms
step:301/3350 train_time:560.372s step_avg:1861.70ms
step:302/3350 train_time:562.215s step_avg:1861.64ms
step:303/3350 train_time:564.060s step_avg:1861.58ms
step:304/3350 train_time:565.904s step_avg:1861.53ms
step:305/3350 train_time:567.747s step_avg:1861.47ms
step:306/3350 train_time:569.590s step_avg:1861.40ms
step:307/3350 train_time:571.435s step_avg:1861.35ms
step:308/3350 train_time:573.281s step_avg:1861.30ms
step:309/3350 train_time:575.125s step_avg:1861.25ms
step:310/3350 train_time:576.969s step_avg:1861.19ms
step:311/3350 train_time:578.810s step_avg:1861.13ms
step:312/3350 train_time:580.655s step_avg:1861.07ms
step:313/3350 train_time:582.498s step_avg:1861.02ms
step:314/3350 train_time:584.344s step_avg:1860.97ms
step:315/3350 train_time:586.185s step_avg:1860.91ms
step:316/3350 train_time:588.028s step_avg:1860.85ms
step:317/3350 train_time:589.872s step_avg:1860.79ms
step:318/3350 train_time:591.716s step_avg:1860.74ms
step:319/3350 train_time:593.561s step_avg:1860.69ms
step:320/3350 train_time:595.404s step_avg:1860.64ms
step:321/3350 train_time:597.249s step_avg:1860.59ms
step:322/3350 train_time:599.092s step_avg:1860.53ms
step:323/3350 train_time:600.935s step_avg:1860.48ms
step:324/3350 train_time:602.779s step_avg:1860.43ms
step:325/3350 train_time:604.912s step_avg:1861.27ms
step:326/3350 train_time:606.755s step_avg:1861.21ms
step:327/3350 train_time:608.596s step_avg:1861.15ms
step:328/3350 train_time:610.439s step_avg:1861.10ms
step:329/3350 train_time:612.283s step_avg:1861.04ms
step:330/3350 train_time:614.126s step_avg:1860.99ms
step:331/3350 train_time:615.970s step_avg:1860.94ms
step:332/3350 train_time:617.814s step_avg:1860.88ms
step:333/3350 train_time:619.658s step_avg:1860.83ms
step:334/3350 train_time:621.501s step_avg:1860.78ms
step:335/3350 train_time:623.347s step_avg:1860.74ms
step:336/3350 train_time:625.191s step_avg:1860.69ms
step:337/3350 train_time:627.034s step_avg:1860.64ms
step:338/3350 train_time:628.878s step_avg:1860.58ms
step:339/3350 train_time:630.723s step_avg:1860.54ms
step:340/3350 train_time:632.564s step_avg:1860.48ms
step:341/3350 train_time:634.408s step_avg:1860.43ms
step:342/3350 train_time:636.252s step_avg:1860.39ms
step:343/3350 train_time:638.097s step_avg:1860.34ms
step:344/3350 train_time:639.941s step_avg:1860.29ms
step:345/3350 train_time:641.785s step_avg:1860.25ms
step:346/3350 train_time:643.627s step_avg:1860.20ms
step:347/3350 train_time:645.472s step_avg:1860.15ms
step:348/3350 train_time:647.317s step_avg:1860.11ms
step:349/3350 train_time:649.159s step_avg:1860.05ms
step:350/3350 train_time:651.293s step_avg:1860.84ms
step:351/3350 train_time:653.137s step_avg:1860.79ms
step:352/3350 train_time:654.980s step_avg:1860.74ms
step:353/3350 train_time:656.825s step_avg:1860.69ms
step:354/3350 train_time:658.667s step_avg:1860.64ms
step:355/3350 train_time:660.510s step_avg:1860.59ms
step:356/3350 train_time:662.355s step_avg:1860.55ms
step:357/3350 train_time:664.199s step_avg:1860.50ms
step:358/3350 train_time:666.043s step_avg:1860.46ms
step:359/3350 train_time:667.887s step_avg:1860.41ms
step:360/3350 train_time:669.732s step_avg:1860.37ms
step:361/3350 train_time:671.579s step_avg:1860.33ms
step:362/3350 train_time:673.423s step_avg:1860.28ms
step:363/3350 train_time:675.267s step_avg:1860.24ms
step:364/3350 train_time:677.111s step_avg:1860.20ms
step:365/3350 train_time:678.954s step_avg:1860.15ms
step:366/3350 train_time:680.797s step_avg:1860.10ms
step:367/3350 train_time:682.641s step_avg:1860.06ms
step:368/3350 train_time:684.486s step_avg:1860.02ms
step:369/3350 train_time:686.331s step_avg:1859.97ms
step:370/3350 train_time:688.175s step_avg:1859.93ms
step:371/3350 train_time:690.019s step_avg:1859.89ms
step:372/3350 train_time:691.863s step_avg:1859.85ms
step:373/3350 train_time:693.710s step_avg:1859.81ms
step:374/3350 train_time:695.554s step_avg:1859.77ms
step:375/3350 train_time:697.756s step_avg:1860.68ms
step:375/3350 val_loss:3.90744 train_time:697.756s step_avg:1855.70ms
step:376/3350 train_time:699.602s step_avg:1860.64ms
step:377/3350 train_time:701.447s step_avg:1860.60ms
step:378/3350 train_time:703.289s step_avg:1860.55ms
step:379/3350 train_time:705.134s step_avg:1860.51ms
step:380/3350 train_time:706.977s step_avg:1860.46ms
step:381/3350 train_time:708.858s step_avg:1860.52ms
step:382/3350 train_time:710.704s step_avg:1860.48ms
step:383/3350 train_time:712.548s step_avg:1860.44ms
step:384/3350 train_time:714.393s step_avg:1860.40ms
step:385/3350 train_time:716.237s step_avg:1860.36ms
step:386/3350 train_time:718.082s step_avg:1860.32ms
step:387/3350 train_time:719.925s step_avg:1860.27ms
step:388/3350 train_time:721.769s step_avg:1860.23ms
step:389/3350 train_time:723.615s step_avg:1860.19ms
step:390/3350 train_time:725.460s step_avg:1860.15ms
step:391/3350 train_time:727.302s step_avg:1860.11ms
step:392/3350 train_time:729.146s step_avg:1860.07ms
step:393/3350 train_time:730.991s step_avg:1860.03ms
step:394/3350 train_time:732.835s step_avg:1859.99ms
step:395/3350 train_time:734.679s step_avg:1859.95ms
step:396/3350 train_time:736.525s step_avg:1859.91ms
step:397/3350 train_time:738.369s step_avg:1859.87ms
step:398/3350 train_time:740.213s step_avg:1859.83ms
step:399/3350 train_time:742.057s step_avg:1859.79ms
step:400/3350 train_time:744.201s step_avg:1860.50ms
step:401/3350 train_time:746.044s step_avg:1860.46ms
step:402/3350 train_time:747.887s step_avg:1860.42ms
step:403/3350 train_time:749.731s step_avg:1860.38ms
step:404/3350 train_time:751.575s step_avg:1860.33ms
step:405/3350 train_time:753.418s step_avg:1860.29ms
step:406/3350 train_time:755.262s step_avg:1860.25ms
step:407/3350 train_time:757.103s step_avg:1860.20ms
step:408/3350 train_time:758.948s step_avg:1860.17ms
step:409/3350 train_time:760.791s step_avg:1860.12ms
step:410/3350 train_time:762.635s step_avg:1860.08ms
step:411/3350 train_time:764.479s step_avg:1860.05ms
step:412/3350 train_time:766.323s step_avg:1860.01ms
step:413/3350 train_time:768.166s step_avg:1859.97ms
step:414/3350 train_time:770.010s step_avg:1859.93ms
step:415/3350 train_time:771.856s step_avg:1859.89ms
step:416/3350 train_time:773.699s step_avg:1859.85ms
step:417/3350 train_time:775.543s step_avg:1859.81ms
step:418/3350 train_time:777.387s step_avg:1859.78ms
step:419/3350 train_time:779.231s step_avg:1859.74ms
step:420/3350 train_time:781.076s step_avg:1859.70ms
step:421/3350 train_time:782.921s step_avg:1859.67ms
step:422/3350 train_time:784.763s step_avg:1859.63ms
step:423/3350 train_time:786.607s step_avg:1859.59ms
step:424/3350 train_time:788.453s step_avg:1859.56ms
step:425/3350 train_time:790.585s step_avg:1860.20ms
step:426/3350 train_time:792.429s step_avg:1860.16ms
step:427/3350 train_time:794.272s step_avg:1860.12ms
step:428/3350 train_time:796.116s step_avg:1860.09ms
step:429/3350 train_time:797.961s step_avg:1860.05ms
step:430/3350 train_time:799.805s step_avg:1860.01ms
step:431/3350 train_time:801.649s step_avg:1859.97ms
step:432/3350 train_time:803.491s step_avg:1859.93ms
step:433/3350 train_time:805.335s step_avg:1859.90ms
step:434/3350 train_time:807.178s step_avg:1859.86ms
step:435/3350 train_time:809.024s step_avg:1859.83ms
step:436/3350 train_time:810.868s step_avg:1859.79ms
step:437/3350 train_time:812.713s step_avg:1859.75ms
step:438/3350 train_time:814.554s step_avg:1859.71ms
step:439/3350 train_time:816.396s step_avg:1859.67ms
step:440/3350 train_time:818.240s step_avg:1859.64ms
step:441/3350 train_time:820.083s step_avg:1859.60ms
step:442/3350 train_time:821.927s step_avg:1859.56ms
step:443/3350 train_time:823.772s step_avg:1859.53ms
step:444/3350 train_time:825.617s step_avg:1859.50ms
step:445/3350 train_time:827.461s step_avg:1859.46ms
step:446/3350 train_time:829.303s step_avg:1859.42ms
step:447/3350 train_time:831.147s step_avg:1859.39ms
step:448/3350 train_time:832.992s step_avg:1859.36ms
step:449/3350 train_time:834.837s step_avg:1859.32ms
step:450/3350 train_time:836.960s step_avg:1859.91ms
step:451/3350 train_time:838.804s step_avg:1859.88ms
step:452/3350 train_time:840.650s step_avg:1859.84ms
step:453/3350 train_time:842.494s step_avg:1859.81ms
step:454/3350 train_time:844.338s step_avg:1859.78ms
step:455/3350 train_time:846.183s step_avg:1859.74ms
step:456/3350 train_time:848.028s step_avg:1859.71ms
step:457/3350 train_time:849.873s step_avg:1859.68ms
step:458/3350 train_time:851.717s step_avg:1859.64ms
step:459/3350 train_time:853.559s step_avg:1859.61ms
step:460/3350 train_time:855.402s step_avg:1859.57ms
step:461/3350 train_time:857.246s step_avg:1859.54ms
step:462/3350 train_time:859.090s step_avg:1859.50ms
step:463/3350 train_time:860.933s step_avg:1859.47ms
step:464/3350 train_time:862.775s step_avg:1859.43ms
step:465/3350 train_time:864.618s step_avg:1859.39ms
step:466/3350 train_time:866.461s step_avg:1859.36ms
step:467/3350 train_time:868.303s step_avg:1859.32ms
step:468/3350 train_time:870.145s step_avg:1859.28ms
step:469/3350 train_time:871.989s step_avg:1859.25ms
step:470/3350 train_time:873.831s step_avg:1859.21ms
step:471/3350 train_time:875.674s step_avg:1859.18ms
step:472/3350 train_time:877.516s step_avg:1859.14ms
step:473/3350 train_time:879.358s step_avg:1859.11ms
step:474/3350 train_time:881.201s step_avg:1859.07ms
step:475/3350 train_time:883.328s step_avg:1859.64ms
step:476/3350 train_time:885.171s step_avg:1859.60ms
step:477/3350 train_time:887.016s step_avg:1859.57ms
step:478/3350 train_time:888.860s step_avg:1859.54ms
step:479/3350 train_time:890.701s step_avg:1859.50ms
step:480/3350 train_time:892.544s step_avg:1859.47ms
step:481/3350 train_time:894.389s step_avg:1859.44ms
step:482/3350 train_time:896.236s step_avg:1859.41ms
step:483/3350 train_time:898.080s step_avg:1859.38ms
step:484/3350 train_time:899.923s step_avg:1859.34ms
step:485/3350 train_time:901.765s step_avg:1859.31ms
step:486/3350 train_time:903.608s step_avg:1859.28ms
step:487/3350 train_time:905.452s step_avg:1859.24ms
step:488/3350 train_time:907.295s step_avg:1859.21ms
step:489/3350 train_time:909.138s step_avg:1859.18ms
step:490/3350 train_time:910.983s step_avg:1859.15ms
step:491/3350 train_time:912.825s step_avg:1859.11ms
step:492/3350 train_time:914.668s step_avg:1859.08ms
step:493/3350 train_time:916.510s step_avg:1859.05ms
step:494/3350 train_time:918.356s step_avg:1859.02ms
step:495/3350 train_time:920.200s step_avg:1858.99ms
step:496/3350 train_time:922.043s step_avg:1858.96ms
step:497/3350 train_time:923.888s step_avg:1858.93ms
step:498/3350 train_time:925.731s step_avg:1858.90ms
step:499/3350 train_time:927.576s step_avg:1858.87ms
step:500/3350 train_time:929.787s step_avg:1859.57ms
step:500/3350 val_loss:3.80832 train_time:929.788s step_avg:1856.25ms
step:501/3350 train_time:931.632s step_avg:1859.55ms
step:502/3350 train_time:933.474s step_avg:1859.51ms
step:503/3350 train_time:935.319s step_avg:1859.48ms
step:504/3350 train_time:937.163s step_avg:1859.45ms
step:505/3350 train_time:939.008s step_avg:1859.42ms
step:506/3350 train_time:940.854s step_avg:1859.39ms
step:507/3350 train_time:942.698s step_avg:1859.36ms
step:508/3350 train_time:944.542s step_avg:1859.33ms
step:509/3350 train_time:946.388s step_avg:1859.31ms
step:510/3350 train_time:948.233s step_avg:1859.28ms
step:511/3350 train_time:950.078s step_avg:1859.25ms
step:512/3350 train_time:951.921s step_avg:1859.22ms
step:513/3350 train_time:953.766s step_avg:1859.19ms
step:514/3350 train_time:955.609s step_avg:1859.16ms
step:515/3350 train_time:957.453s step_avg:1859.13ms
step:516/3350 train_time:959.298s step_avg:1859.10ms
step:517/3350 train_time:961.142s step_avg:1859.07ms
step:518/3350 train_time:962.987s step_avg:1859.05ms
step:519/3350 train_time:964.830s step_avg:1859.02ms
step:520/3350 train_time:966.673s step_avg:1858.99ms
step:521/3350 train_time:968.519s step_avg:1858.96ms
step:522/3350 train_time:970.364s step_avg:1858.93ms
step:523/3350 train_time:972.209s step_avg:1858.91ms
step:524/3350 train_time:974.052s step_avg:1858.88ms
step:525/3350 train_time:976.182s step_avg:1859.39ms
step:526/3350 train_time:978.027s step_avg:1859.37ms
step:527/3350 train_time:979.870s step_avg:1859.34ms
step:528/3350 train_time:981.714s step_avg:1859.31ms
step:529/3350 train_time:983.556s step_avg:1859.27ms
step:530/3350 train_time:985.398s step_avg:1859.24ms
step:531/3350 train_time:987.243s step_avg:1859.21ms
step:532/3350 train_time:989.088s step_avg:1859.19ms
step:533/3350 train_time:990.931s step_avg:1859.16ms
step:534/3350 train_time:992.776s step_avg:1859.13ms
step:535/3350 train_time:994.621s step_avg:1859.11ms
step:536/3350 train_time:996.466s step_avg:1859.08ms
step:537/3350 train_time:998.310s step_avg:1859.05ms
step:538/3350 train_time:1000.156s step_avg:1859.03ms
step:539/3350 train_time:1002.000s step_avg:1859.00ms
step:540/3350 train_time:1003.843s step_avg:1858.97ms
step:541/3350 train_time:1005.687s step_avg:1858.94ms
step:542/3350 train_time:1007.531s step_avg:1858.91ms
step:543/3350 train_time:1009.376s step_avg:1858.89ms
step:544/3350 train_time:1011.219s step_avg:1858.86ms
step:545/3350 train_time:1013.061s step_avg:1858.83ms
step:546/3350 train_time:1014.903s step_avg:1858.80ms
step:547/3350 train_time:1016.744s step_avg:1858.76ms
step:548/3350 train_time:1018.589s step_avg:1858.74ms
step:549/3350 train_time:1020.434s step_avg:1858.71ms
step:550/3350 train_time:1022.567s step_avg:1859.21ms
step:551/3350 train_time:1024.411s step_avg:1859.18ms
step:552/3350 train_time:1026.255s step_avg:1859.16ms
step:553/3350 train_time:1028.101s step_avg:1859.13ms
step:554/3350 train_time:1029.945s step_avg:1859.11ms
step:555/3350 train_time:1031.791s step_avg:1859.08ms
step:556/3350 train_time:1033.635s step_avg:1859.06ms
step:557/3350 train_time:1035.478s step_avg:1859.03ms
step:558/3350 train_time:1037.323s step_avg:1859.00ms
step:559/3350 train_time:1039.167s step_avg:1858.98ms
step:560/3350 train_time:1041.013s step_avg:1858.95ms
step:561/3350 train_time:1042.855s step_avg:1858.92ms
step:562/3350 train_time:1044.698s step_avg:1858.89ms
step:563/3350 train_time:1046.543s step_avg:1858.87ms
step:564/3350 train_time:1048.389s step_avg:1858.85ms
step:565/3350 train_time:1050.235s step_avg:1858.82ms
step:566/3350 train_time:1052.078s step_avg:1858.80ms
step:567/3350 train_time:1053.924s step_avg:1858.77ms
step:568/3350 train_time:1055.769s step_avg:1858.75ms
step:569/3350 train_time:1057.611s step_avg:1858.72ms
step:570/3350 train_time:1059.457s step_avg:1858.70ms
step:571/3350 train_time:1061.348s step_avg:1858.75ms
step:572/3350 train_time:1063.192s step_avg:1858.73ms
step:573/3350 train_time:1065.034s step_avg:1858.70ms
step:574/3350 train_time:1066.877s step_avg:1858.67ms
step:575/3350 train_time:1069.010s step_avg:1859.15ms
step:576/3350 train_time:1070.854s step_avg:1859.12ms
step:577/3350 train_time:1072.695s step_avg:1859.09ms
step:578/3350 train_time:1074.539s step_avg:1859.06ms
step:579/3350 train_time:1076.381s step_avg:1859.04ms
step:580/3350 train_time:1078.226s step_avg:1859.01ms
step:581/3350 train_time:1080.069s step_avg:1858.98ms
step:582/3350 train_time:1081.910s step_avg:1858.95ms
step:583/3350 train_time:1083.753s step_avg:1858.92ms
step:584/3350 train_time:1085.594s step_avg:1858.89ms
step:585/3350 train_time:1087.436s step_avg:1858.86ms
step:586/3350 train_time:1089.279s step_avg:1858.84ms
step:587/3350 train_time:1091.122s step_avg:1858.81ms
step:588/3350 train_time:1092.964s step_avg:1858.78ms
step:589/3350 train_time:1094.805s step_avg:1858.75ms
step:590/3350 train_time:1096.647s step_avg:1858.72ms
step:591/3350 train_time:1098.489s step_avg:1858.70ms
step:592/3350 train_time:1100.331s step_avg:1858.67ms
step:593/3350 train_time:1102.173s step_avg:1858.64ms
step:594/3350 train_time:1104.016s step_avg:1858.61ms
step:595/3350 train_time:1105.859s step_avg:1858.59ms
step:596/3350 train_time:1107.702s step_avg:1858.56ms
step:597/3350 train_time:1109.544s step_avg:1858.53ms
step:598/3350 train_time:1111.387s step_avg:1858.51ms
step:599/3350 train_time:1113.228s step_avg:1858.48ms
step:600/3350 train_time:1115.358s step_avg:1858.93ms
step:601/3350 train_time:1117.200s step_avg:1858.90ms
step:602/3350 train_time:1119.042s step_avg:1858.87ms
step:603/3350 train_time:1120.884s step_avg:1858.85ms
step:604/3350 train_time:1122.728s step_avg:1858.82ms
step:605/3350 train_time:1124.570s step_avg:1858.79ms
step:606/3350 train_time:1126.413s step_avg:1858.77ms
step:607/3350 train_time:1128.256s step_avg:1858.74ms
step:608/3350 train_time:1130.095s step_avg:1858.71ms
step:609/3350 train_time:1131.940s step_avg:1858.69ms
step:610/3350 train_time:1133.783s step_avg:1858.66ms
step:611/3350 train_time:1135.625s step_avg:1858.63ms
step:612/3350 train_time:1137.467s step_avg:1858.61ms
step:613/3350 train_time:1139.309s step_avg:1858.58ms
step:614/3350 train_time:1141.150s step_avg:1858.55ms
step:615/3350 train_time:1142.992s step_avg:1858.52ms
step:616/3350 train_time:1144.833s step_avg:1858.50ms
step:617/3350 train_time:1146.675s step_avg:1858.47ms
step:618/3350 train_time:1148.516s step_avg:1858.44ms
step:619/3350 train_time:1150.358s step_avg:1858.41ms
step:620/3350 train_time:1152.199s step_avg:1858.38ms
step:621/3350 train_time:1154.040s step_avg:1858.36ms
step:622/3350 train_time:1155.882s step_avg:1858.33ms
step:623/3350 train_time:1157.723s step_avg:1858.30ms
step:624/3350 train_time:1159.567s step_avg:1858.28ms
step:625/3350 train_time:1161.752s step_avg:1858.80ms
step:625/3350 val_loss:3.73829 train_time:1161.753s step_avg:1855.72ms
step:626/3350 train_time:1163.594s step_avg:1858.78ms
step:627/3350 train_time:1165.437s step_avg:1858.75ms
step:628/3350 train_time:1167.280s step_avg:1858.73ms
step:629/3350 train_time:1169.123s step_avg:1858.70ms
step:630/3350 train_time:1170.965s step_avg:1858.67ms
step:631/3350 train_time:1172.807s step_avg:1858.65ms
step:632/3350 train_time:1174.650s step_avg:1858.62ms
step:633/3350 train_time:1176.492s step_avg:1858.60ms
step:634/3350 train_time:1178.336s step_avg:1858.57ms
step:635/3350 train_time:1180.180s step_avg:1858.55ms
step:636/3350 train_time:1182.022s step_avg:1858.53ms
step:637/3350 train_time:1183.867s step_avg:1858.50ms
step:638/3350 train_time:1185.709s step_avg:1858.48ms
step:639/3350 train_time:1187.551s step_avg:1858.45ms
step:640/3350 train_time:1189.396s step_avg:1858.43ms
step:641/3350 train_time:1191.238s step_avg:1858.41ms
step:642/3350 train_time:1193.079s step_avg:1858.38ms
step:643/3350 train_time:1194.920s step_avg:1858.35ms
step:644/3350 train_time:1196.761s step_avg:1858.32ms
step:645/3350 train_time:1198.602s step_avg:1858.30ms
step:646/3350 train_time:1200.447s step_avg:1858.28ms
step:647/3350 train_time:1202.290s step_avg:1858.25ms
step:648/3350 train_time:1204.132s step_avg:1858.23ms
step:649/3350 train_time:1205.974s step_avg:1858.20ms
step:650/3350 train_time:1208.103s step_avg:1858.62ms
step:651/3350 train_time:1209.944s step_avg:1858.59ms
step:652/3350 train_time:1211.787s step_avg:1858.57ms
step:653/3350 train_time:1213.630s step_avg:1858.54ms
step:654/3350 train_time:1215.474s step_avg:1858.52ms
step:655/3350 train_time:1217.316s step_avg:1858.50ms
step:656/3350 train_time:1219.157s step_avg:1858.47ms
step:657/3350 train_time:1221.000s step_avg:1858.45ms
step:658/3350 train_time:1222.842s step_avg:1858.42ms
step:659/3350 train_time:1224.684s step_avg:1858.40ms
step:660/3350 train_time:1226.526s step_avg:1858.37ms
step:661/3350 train_time:1228.369s step_avg:1858.35ms
step:662/3350 train_time:1230.212s step_avg:1858.33ms
step:663/3350 train_time:1232.054s step_avg:1858.30ms
step:664/3350 train_time:1233.896s step_avg:1858.28ms
step:665/3350 train_time:1235.737s step_avg:1858.25ms
step:666/3350 train_time:1237.579s step_avg:1858.23ms
step:667/3350 train_time:1239.421s step_avg:1858.20ms
step:668/3350 train_time:1241.264s step_avg:1858.18ms
step:669/3350 train_time:1243.104s step_avg:1858.15ms
step:670/3350 train_time:1244.947s step_avg:1858.13ms
step:671/3350 train_time:1246.789s step_avg:1858.11ms
step:672/3350 train_time:1248.630s step_avg:1858.08ms
step:673/3350 train_time:1250.474s step_avg:1858.06ms
step:674/3350 train_time:1252.318s step_avg:1858.04ms
step:675/3350 train_time:1254.448s step_avg:1858.44ms
step:676/3350 train_time:1256.291s step_avg:1858.42ms
step:677/3350 train_time:1258.132s step_avg:1858.39ms
step:678/3350 train_time:1259.976s step_avg:1858.37ms
step:679/3350 train_time:1261.818s step_avg:1858.35ms
step:680/3350 train_time:1263.658s step_avg:1858.32ms
step:681/3350 train_time:1265.503s step_avg:1858.30ms
step:682/3350 train_time:1267.346s step_avg:1858.28ms
step:683/3350 train_time:1269.190s step_avg:1858.26ms
step:684/3350 train_time:1271.031s step_avg:1858.23ms
step:685/3350 train_time:1272.873s step_avg:1858.21ms
step:686/3350 train_time:1274.717s step_avg:1858.19ms
step:687/3350 train_time:1276.559s step_avg:1858.16ms
step:688/3350 train_time:1278.402s step_avg:1858.14ms
step:689/3350 train_time:1280.243s step_avg:1858.12ms
step:690/3350 train_time:1282.084s step_avg:1858.09ms
step:691/3350 train_time:1283.929s step_avg:1858.07ms
step:692/3350 train_time:1285.772s step_avg:1858.05ms
step:693/3350 train_time:1287.614s step_avg:1858.03ms
step:694/3350 train_time:1289.458s step_avg:1858.01ms
step:695/3350 train_time:1291.300s step_avg:1857.99ms
step:696/3350 train_time:1293.143s step_avg:1857.96ms
step:697/3350 train_time:1294.985s step_avg:1857.94ms
step:698/3350 train_time:1296.829s step_avg:1857.92ms
step:699/3350 train_time:1298.671s step_avg:1857.90ms
step:700/3350 train_time:1300.805s step_avg:1858.29ms
step:701/3350 train_time:1302.647s step_avg:1858.27ms
step:702/3350 train_time:1304.489s step_avg:1858.25ms
step:703/3350 train_time:1306.331s step_avg:1858.22ms
step:704/3350 train_time:1308.175s step_avg:1858.20ms
step:705/3350 train_time:1310.018s step_avg:1858.18ms
step:706/3350 train_time:1311.862s step_avg:1858.16ms
step:707/3350 train_time:1313.704s step_avg:1858.14ms
step:708/3350 train_time:1315.545s step_avg:1858.11ms
step:709/3350 train_time:1317.385s step_avg:1858.09ms
step:710/3350 train_time:1319.227s step_avg:1858.07ms
step:711/3350 train_time:1321.069s step_avg:1858.04ms
step:712/3350 train_time:1322.910s step_avg:1858.02ms
step:713/3350 train_time:1324.752s step_avg:1858.00ms
step:714/3350 train_time:1326.595s step_avg:1857.98ms
step:715/3350 train_time:1328.437s step_avg:1857.95ms
step:716/3350 train_time:1330.278s step_avg:1857.93ms
step:717/3350 train_time:1332.120s step_avg:1857.91ms
step:718/3350 train_time:1333.962s step_avg:1857.89ms
step:719/3350 train_time:1335.803s step_avg:1857.86ms
step:720/3350 train_time:1337.644s step_avg:1857.84ms
step:721/3350 train_time:1339.485s step_avg:1857.82ms
step:722/3350 train_time:1341.328s step_avg:1857.79ms
step:723/3350 train_time:1343.170s step_avg:1857.77ms
step:724/3350 train_time:1345.012s step_avg:1857.75ms
step:725/3350 train_time:1347.129s step_avg:1858.11ms
step:726/3350 train_time:1348.969s step_avg:1858.08ms
step:727/3350 train_time:1350.810s step_avg:1858.06ms
step:728/3350 train_time:1352.650s step_avg:1858.04ms
step:729/3350 train_time:1354.491s step_avg:1858.01ms
step:730/3350 train_time:1356.332s step_avg:1857.99ms
step:731/3350 train_time:1358.173s step_avg:1857.97ms
step:732/3350 train_time:1360.015s step_avg:1857.94ms
step:733/3350 train_time:1361.856s step_avg:1857.92ms
step:734/3350 train_time:1363.697s step_avg:1857.90ms
step:735/3350 train_time:1365.538s step_avg:1857.88ms
step:736/3350 train_time:1367.380s step_avg:1857.85ms
step:737/3350 train_time:1369.221s step_avg:1857.83ms
step:738/3350 train_time:1371.062s step_avg:1857.81ms
step:739/3350 train_time:1372.903s step_avg:1857.78ms
step:740/3350 train_time:1374.744s step_avg:1857.76ms
step:741/3350 train_time:1376.586s step_avg:1857.74ms
step:742/3350 train_time:1378.428s step_avg:1857.72ms
step:743/3350 train_time:1380.269s step_avg:1857.70ms
step:744/3350 train_time:1382.110s step_avg:1857.68ms
step:745/3350 train_time:1383.953s step_avg:1857.66ms
step:746/3350 train_time:1385.795s step_avg:1857.63ms
step:747/3350 train_time:1387.636s step_avg:1857.61ms
step:748/3350 train_time:1389.478s step_avg:1857.59ms
step:749/3350 train_time:1391.320s step_avg:1857.57ms
step:750/3350 train_time:1393.502s step_avg:1858.00ms
step:750/3350 val_loss:3.69321 train_time:1393.502s step_avg:1854.00ms
step:751/3350 train_time:1395.345s step_avg:1857.98ms
step:752/3350 train_time:1397.188s step_avg:1857.96ms
step:753/3350 train_time:1399.028s step_avg:1857.94ms
step:754/3350 train_time:1400.870s step_avg:1857.92ms
step:755/3350 train_time:1402.712s step_avg:1857.90ms
step:756/3350 train_time:1404.554s step_avg:1857.88ms
step:757/3350 train_time:1406.396s step_avg:1857.85ms
step:758/3350 train_time:1408.237s step_avg:1857.83ms
step:759/3350 train_time:1410.078s step_avg:1857.81ms
step:760/3350 train_time:1411.920s step_avg:1857.79ms
step:761/3350 train_time:1413.802s step_avg:1857.82ms
step:762/3350 train_time:1415.643s step_avg:1857.80ms
step:763/3350 train_time:1417.485s step_avg:1857.78ms
step:764/3350 train_time:1419.324s step_avg:1857.75ms
step:765/3350 train_time:1421.167s step_avg:1857.73ms
step:766/3350 train_time:1423.007s step_avg:1857.71ms
step:767/3350 train_time:1424.848s step_avg:1857.69ms
step:768/3350 train_time:1426.689s step_avg:1857.67ms
step:769/3350 train_time:1428.530s step_avg:1857.65ms
step:770/3350 train_time:1430.370s step_avg:1857.62ms
step:771/3350 train_time:1432.212s step_avg:1857.60ms
step:772/3350 train_time:1434.053s step_avg:1857.58ms
step:773/3350 train_time:1435.895s step_avg:1857.56ms
step:774/3350 train_time:1437.736s step_avg:1857.54ms
step:775/3350 train_time:1439.852s step_avg:1857.87ms
step:776/3350 train_time:1441.693s step_avg:1857.85ms
step:777/3350 train_time:1443.534s step_avg:1857.83ms
step:778/3350 train_time:1445.374s step_avg:1857.81ms
step:779/3350 train_time:1447.215s step_avg:1857.79ms
step:780/3350 train_time:1449.057s step_avg:1857.77ms
step:781/3350 train_time:1450.897s step_avg:1857.74ms
step:782/3350 train_time:1452.740s step_avg:1857.72ms
step:783/3350 train_time:1454.580s step_avg:1857.70ms
step:784/3350 train_time:1456.422s step_avg:1857.68ms
step:785/3350 train_time:1458.262s step_avg:1857.66ms
step:786/3350 train_time:1460.104s step_avg:1857.64ms
step:787/3350 train_time:1461.946s step_avg:1857.62ms
step:788/3350 train_time:1463.787s step_avg:1857.60ms
step:789/3350 train_time:1465.627s step_avg:1857.58ms
step:790/3350 train_time:1467.469s step_avg:1857.56ms
step:791/3350 train_time:1469.310s step_avg:1857.53ms
step:792/3350 train_time:1471.151s step_avg:1857.51ms
step:793/3350 train_time:1472.992s step_avg:1857.49ms
step:794/3350 train_time:1474.833s step_avg:1857.47ms
step:795/3350 train_time:1476.676s step_avg:1857.45ms
step:796/3350 train_time:1478.516s step_avg:1857.43ms
step:797/3350 train_time:1480.358s step_avg:1857.41ms
step:798/3350 train_time:1482.200s step_avg:1857.39ms
step:799/3350 train_time:1484.041s step_avg:1857.37ms
step:800/3350 train_time:1486.171s step_avg:1857.71ms
step:801/3350 train_time:1488.012s step_avg:1857.69ms
step:802/3350 train_time:1489.853s step_avg:1857.67ms
step:803/3350 train_time:1491.695s step_avg:1857.65ms
step:804/3350 train_time:1493.536s step_avg:1857.63ms
step:805/3350 train_time:1495.377s step_avg:1857.61ms
step:806/3350 train_time:1497.218s step_avg:1857.59ms
step:807/3350 train_time:1499.059s step_avg:1857.57ms
step:808/3350 train_time:1500.899s step_avg:1857.55ms
step:809/3350 train_time:1502.740s step_avg:1857.53ms
step:810/3350 train_time:1504.581s step_avg:1857.51ms
step:811/3350 train_time:1506.423s step_avg:1857.49ms
step:812/3350 train_time:1508.264s step_avg:1857.47ms
step:813/3350 train_time:1510.106s step_avg:1857.45ms
step:814/3350 train_time:1511.947s step_avg:1857.43ms
step:815/3350 train_time:1513.788s step_avg:1857.41ms
step:816/3350 train_time:1515.627s step_avg:1857.39ms
step:817/3350 train_time:1517.468s step_avg:1857.37ms
step:818/3350 train_time:1519.312s step_avg:1857.35ms
step:819/3350 train_time:1521.154s step_avg:1857.33ms
step:820/3350 train_time:1522.995s step_avg:1857.31ms
step:821/3350 train_time:1524.836s step_avg:1857.29ms
step:822/3350 train_time:1526.676s step_avg:1857.27ms
step:823/3350 train_time:1528.518s step_avg:1857.25ms
step:824/3350 train_time:1530.362s step_avg:1857.23ms
step:825/3350 train_time:1532.478s step_avg:1857.55ms
step:826/3350 train_time:1534.318s step_avg:1857.53ms
step:827/3350 train_time:1536.160s step_avg:1857.51ms
step:828/3350 train_time:1538.000s step_avg:1857.49ms
step:829/3350 train_time:1539.841s step_avg:1857.47ms
step:830/3350 train_time:1541.681s step_avg:1857.45ms
step:831/3350 train_time:1543.523s step_avg:1857.43ms
step:832/3350 train_time:1545.364s step_avg:1857.41ms
step:833/3350 train_time:1547.205s step_avg:1857.39ms
step:834/3350 train_time:1549.046s step_avg:1857.37ms
step:835/3350 train_time:1550.887s step_avg:1857.35ms
step:836/3350 train_time:1552.727s step_avg:1857.33ms
step:837/3350 train_time:1554.570s step_avg:1857.31ms
step:838/3350 train_time:1556.411s step_avg:1857.29ms
step:839/3350 train_time:1558.253s step_avg:1857.27ms
step:840/3350 train_time:1560.094s step_avg:1857.25ms
step:841/3350 train_time:1561.935s step_avg:1857.24ms
step:842/3350 train_time:1563.776s step_avg:1857.22ms
step:843/3350 train_time:1565.618s step_avg:1857.20ms
step:844/3350 train_time:1567.458s step_avg:1857.18ms
step:845/3350 train_time:1569.299s step_avg:1857.16ms
step:846/3350 train_time:1571.139s step_avg:1857.14ms
step:847/3350 train_time:1572.980s step_avg:1857.12ms
step:848/3350 train_time:1574.820s step_avg:1857.10ms
step:849/3350 train_time:1576.661s step_avg:1857.08ms
step:850/3350 train_time:1578.778s step_avg:1857.39ms
step:851/3350 train_time:1580.619s step_avg:1857.37ms
step:852/3350 train_time:1582.459s step_avg:1857.35ms
step:853/3350 train_time:1584.301s step_avg:1857.33ms
step:854/3350 train_time:1586.141s step_avg:1857.31ms
step:855/3350 train_time:1587.980s step_avg:1857.29ms
step:856/3350 train_time:1589.821s step_avg:1857.27ms
step:857/3350 train_time:1591.662s step_avg:1857.25ms
step:858/3350 train_time:1593.502s step_avg:1857.23ms
step:859/3350 train_time:1595.343s step_avg:1857.21ms
step:860/3350 train_time:1597.183s step_avg:1857.19ms
step:861/3350 train_time:1599.027s step_avg:1857.17ms
step:862/3350 train_time:1600.867s step_avg:1857.15ms
step:863/3350 train_time:1602.710s step_avg:1857.14ms
step:864/3350 train_time:1604.550s step_avg:1857.12ms
step:865/3350 train_time:1606.390s step_avg:1857.10ms
step:866/3350 train_time:1608.232s step_avg:1857.08ms
step:867/3350 train_time:1610.073s step_avg:1857.06ms
step:868/3350 train_time:1611.914s step_avg:1857.04ms
step:869/3350 train_time:1613.754s step_avg:1857.02ms
step:870/3350 train_time:1615.595s step_avg:1857.01ms
step:871/3350 train_time:1617.436s step_avg:1856.99ms
step:872/3350 train_time:1619.275s step_avg:1856.97ms
step:873/3350 train_time:1621.117s step_avg:1856.95ms
step:874/3350 train_time:1622.958s step_avg:1856.93ms
step:875/3350 train_time:1625.140s step_avg:1857.30ms
step:875/3350 val_loss:3.65619 train_time:1625.140s step_avg:1853.10ms
step:876/3350 train_time:1626.983s step_avg:1857.29ms
step:877/3350 train_time:1628.825s step_avg:1857.27ms
step:878/3350 train_time:1630.665s step_avg:1857.25ms
step:879/3350 train_time:1632.506s step_avg:1857.23ms
step:880/3350 train_time:1634.349s step_avg:1857.21ms
step:881/3350 train_time:1636.190s step_avg:1857.20ms
step:882/3350 train_time:1638.034s step_avg:1857.18ms
step:883/3350 train_time:1639.876s step_avg:1857.16ms
step:884/3350 train_time:1641.717s step_avg:1857.15ms
step:885/3350 train_time:1643.559s step_avg:1857.13ms
step:886/3350 train_time:1645.401s step_avg:1857.11ms
step:887/3350 train_time:1647.246s step_avg:1857.10ms
step:888/3350 train_time:1649.088s step_avg:1857.08ms
step:889/3350 train_time:1650.930s step_avg:1857.06ms
step:890/3350 train_time:1652.773s step_avg:1857.05ms
step:891/3350 train_time:1654.618s step_avg:1857.03ms
step:892/3350 train_time:1656.460s step_avg:1857.02ms
step:893/3350 train_time:1658.303s step_avg:1857.00ms
step:894/3350 train_time:1660.145s step_avg:1856.99ms
step:895/3350 train_time:1661.989s step_avg:1856.97ms
step:896/3350 train_time:1663.830s step_avg:1856.95ms
step:897/3350 train_time:1665.672s step_avg:1856.94ms
step:898/3350 train_time:1667.514s step_avg:1856.92ms
step:899/3350 train_time:1669.356s step_avg:1856.90ms
step:900/3350 train_time:1671.493s step_avg:1857.21ms
step:901/3350 train_time:1673.334s step_avg:1857.20ms
step:902/3350 train_time:1675.175s step_avg:1857.18ms
step:903/3350 train_time:1677.016s step_avg:1857.16ms
step:904/3350 train_time:1678.859s step_avg:1857.15ms
step:905/3350 train_time:1680.702s step_avg:1857.13ms
step:906/3350 train_time:1682.545s step_avg:1857.11ms
step:907/3350 train_time:1684.387s step_avg:1857.10ms
step:908/3350 train_time:1686.229s step_avg:1857.08ms
step:909/3350 train_time:1688.072s step_avg:1857.06ms
step:910/3350 train_time:1689.914s step_avg:1857.05ms
step:911/3350 train_time:1691.756s step_avg:1857.03ms
step:912/3350 train_time:1693.598s step_avg:1857.01ms
step:913/3350 train_time:1695.440s step_avg:1857.00ms
step:914/3350 train_time:1697.281s step_avg:1856.98ms
step:915/3350 train_time:1699.125s step_avg:1856.97ms
step:916/3350 train_time:1700.966s step_avg:1856.95ms
step:917/3350 train_time:1702.808s step_avg:1856.93ms
step:918/3350 train_time:1704.651s step_avg:1856.92ms
step:919/3350 train_time:1706.493s step_avg:1856.90ms
step:920/3350 train_time:1708.337s step_avg:1856.89ms
step:921/3350 train_time:1710.181s step_avg:1856.87ms
step:922/3350 train_time:1712.023s step_avg:1856.86ms
step:923/3350 train_time:1713.867s step_avg:1856.84ms
step:924/3350 train_time:1715.709s step_avg:1856.83ms
step:925/3350 train_time:1717.841s step_avg:1857.13ms
step:926/3350 train_time:1719.683s step_avg:1857.11ms
step:927/3350 train_time:1721.525s step_avg:1857.09ms
step:928/3350 train_time:1723.371s step_avg:1857.08ms
step:929/3350 train_time:1725.214s step_avg:1857.07ms
step:930/3350 train_time:1727.056s step_avg:1857.05ms
step:931/3350 train_time:1728.899s step_avg:1857.03ms
step:932/3350 train_time:1730.742s step_avg:1857.02ms
step:933/3350 train_time:1732.586s step_avg:1857.01ms
step:934/3350 train_time:1734.429s step_avg:1856.99ms
step:935/3350 train_time:1736.272s step_avg:1856.98ms
step:936/3350 train_time:1738.116s step_avg:1856.96ms
step:937/3350 train_time:1739.957s step_avg:1856.94ms
step:938/3350 train_time:1741.799s step_avg:1856.93ms
step:939/3350 train_time:1743.641s step_avg:1856.91ms
step:940/3350 train_time:1745.485s step_avg:1856.90ms
step:941/3350 train_time:1747.329s step_avg:1856.89ms
step:942/3350 train_time:1749.172s step_avg:1856.87ms
step:943/3350 train_time:1751.017s step_avg:1856.86ms
step:944/3350 train_time:1752.860s step_avg:1856.84ms
step:945/3350 train_time:1754.704s step_avg:1856.83ms
step:946/3350 train_time:1756.550s step_avg:1856.82ms
step:947/3350 train_time:1758.392s step_avg:1856.80ms
step:948/3350 train_time:1760.234s step_avg:1856.79ms
step:949/3350 train_time:1762.077s step_avg:1856.77ms
step:950/3350 train_time:1764.197s step_avg:1857.05ms
step:951/3350 train_time:1766.078s step_avg:1857.07ms
step:952/3350 train_time:1767.922s step_avg:1857.06ms
step:953/3350 train_time:1769.763s step_avg:1857.04ms
step:954/3350 train_time:1771.606s step_avg:1857.03ms
step:955/3350 train_time:1773.447s step_avg:1857.01ms
step:956/3350 train_time:1775.289s step_avg:1857.00ms
step:957/3350 train_time:1777.131s step_avg:1856.98ms
step:958/3350 train_time:1778.973s step_avg:1856.97ms
step:959/3350 train_time:1780.814s step_avg:1856.95ms
step:960/3350 train_time:1782.657s step_avg:1856.93ms
step:961/3350 train_time:1784.499s step_avg:1856.92ms
step:962/3350 train_time:1786.342s step_avg:1856.90ms
step:963/3350 train_time:1788.184s step_avg:1856.89ms
step:964/3350 train_time:1790.025s step_avg:1856.87ms
step:965/3350 train_time:1791.867s step_avg:1856.86ms
step:966/3350 train_time:1793.708s step_avg:1856.84ms
step:967/3350 train_time:1795.549s step_avg:1856.82ms
step:968/3350 train_time:1797.391s step_avg:1856.81ms
step:969/3350 train_time:1799.232s step_avg:1856.79ms
step:970/3350 train_time:1801.073s step_avg:1856.78ms
step:971/3350 train_time:1802.913s step_avg:1856.76ms
step:972/3350 train_time:1804.755s step_avg:1856.74ms
step:973/3350 train_time:1806.597s step_avg:1856.73ms
step:974/3350 train_time:1808.439s step_avg:1856.71ms
step:975/3350 train_time:1810.559s step_avg:1856.98ms
step:976/3350 train_time:1812.402s step_avg:1856.97ms
step:977/3350 train_time:1814.243s step_avg:1856.95ms
step:978/3350 train_time:1816.086s step_avg:1856.94ms
step:979/3350 train_time:1817.927s step_avg:1856.92ms
step:980/3350 train_time:1819.771s step_avg:1856.91ms
step:981/3350 train_time:1821.614s step_avg:1856.90ms
step:982/3350 train_time:1823.455s step_avg:1856.88ms
step:983/3350 train_time:1825.298s step_avg:1856.86ms
step:984/3350 train_time:1827.139s step_avg:1856.85ms
step:985/3350 train_time:1828.981s step_avg:1856.83ms
step:986/3350 train_time:1830.822s step_avg:1856.82ms
step:987/3350 train_time:1832.665s step_avg:1856.80ms
step:988/3350 train_time:1834.508s step_avg:1856.79ms
step:989/3350 train_time:1836.351s step_avg:1856.78ms
step:990/3350 train_time:1838.192s step_avg:1856.76ms
step:991/3350 train_time:1840.033s step_avg:1856.74ms
step:992/3350 train_time:1841.874s step_avg:1856.73ms
step:993/3350 train_time:1843.716s step_avg:1856.71ms
step:994/3350 train_time:1845.556s step_avg:1856.70ms
step:995/3350 train_time:1847.396s step_avg:1856.68ms
step:996/3350 train_time:1849.238s step_avg:1856.66ms
step:997/3350 train_time:1851.079s step_avg:1856.65ms
step:998/3350 train_time:1852.922s step_avg:1856.63ms
step:999/3350 train_time:1854.763s step_avg:1856.62ms
step:1000/3350 train_time:1856.972s step_avg:1856.97ms
step:1000/3350 val_loss:3.62220 train_time:1856.973s step_avg:1854.66ms
step:1001/3350 train_time:1858.817s step_avg:1856.96ms
step:1002/3350 train_time:1860.658s step_avg:1856.94ms
step:1003/3350 train_time:1862.502s step_avg:1856.93ms
step:1004/3350 train_time:1864.344s step_avg:1856.92ms
step:1005/3350 train_time:1866.187s step_avg:1856.90ms
step:1006/3350 train_time:1868.029s step_avg:1856.89ms
step:1007/3350 train_time:1869.871s step_avg:1856.87ms
step:1008/3350 train_time:1871.713s step_avg:1856.86ms
step:1009/3350 train_time:1873.554s step_avg:1856.84ms
step:1010/3350 train_time:1875.395s step_avg:1856.83ms
step:1011/3350 train_time:1877.238s step_avg:1856.81ms
step:1012/3350 train_time:1879.082s step_avg:1856.80ms
step:1013/3350 train_time:1880.924s step_avg:1856.79ms
step:1014/3350 train_time:1882.768s step_avg:1856.77ms
step:1015/3350 train_time:1884.610s step_avg:1856.76ms
step:1016/3350 train_time:1886.450s step_avg:1856.74ms
step:1017/3350 train_time:1888.291s step_avg:1856.73ms
step:1018/3350 train_time:1890.131s step_avg:1856.71ms
step:1019/3350 train_time:1891.973s step_avg:1856.70ms
step:1020/3350 train_time:1893.813s step_avg:1856.68ms
step:1021/3350 train_time:1895.654s step_avg:1856.66ms
step:1022/3350 train_time:1897.496s step_avg:1856.65ms
step:1023/3350 train_time:1899.337s step_avg:1856.63ms
step:1024/3350 train_time:1901.178s step_avg:1856.62ms
step:1025/3350 train_time:1903.294s step_avg:1856.87ms
step:1026/3350 train_time:1905.134s step_avg:1856.86ms
step:1027/3350 train_time:1906.974s step_avg:1856.84ms
step:1028/3350 train_time:1908.815s step_avg:1856.82ms
step:1029/3350 train_time:1910.655s step_avg:1856.81ms
step:1030/3350 train_time:1912.496s step_avg:1856.79ms
step:1031/3350 train_time:1914.336s step_avg:1856.78ms
step:1032/3350 train_time:1916.176s step_avg:1856.76ms
step:1033/3350 train_time:1918.018s step_avg:1856.75ms
step:1034/3350 train_time:1919.858s step_avg:1856.73ms
step:1035/3350 train_time:1921.699s step_avg:1856.71ms
step:1036/3350 train_time:1923.539s step_avg:1856.70ms
step:1037/3350 train_time:1925.380s step_avg:1856.68ms
step:1038/3350 train_time:1927.221s step_avg:1856.67ms
step:1039/3350 train_time:1929.062s step_avg:1856.65ms
step:1040/3350 train_time:1930.903s step_avg:1856.64ms
step:1041/3350 train_time:1932.744s step_avg:1856.62ms
step:1042/3350 train_time:1934.584s step_avg:1856.61ms
step:1043/3350 train_time:1936.426s step_avg:1856.59ms
step:1044/3350 train_time:1938.266s step_avg:1856.58ms
step:1045/3350 train_time:1940.107s step_avg:1856.56ms
step:1046/3350 train_time:1941.949s step_avg:1856.55ms
step:1047/3350 train_time:1943.789s step_avg:1856.53ms
step:1048/3350 train_time:1945.630s step_avg:1856.52ms
step:1049/3350 train_time:1947.470s step_avg:1856.50ms
step:1050/3350 train_time:1949.587s step_avg:1856.75ms
step:1051/3350 train_time:1951.428s step_avg:1856.73ms
step:1052/3350 train_time:1953.268s step_avg:1856.72ms
step:1053/3350 train_time:1955.109s step_avg:1856.70ms
step:1054/3350 train_time:1956.950s step_avg:1856.69ms
step:1055/3350 train_time:1958.791s step_avg:1856.67ms
step:1056/3350 train_time:1960.632s step_avg:1856.66ms
step:1057/3350 train_time:1962.473s step_avg:1856.64ms
step:1058/3350 train_time:1964.313s step_avg:1856.63ms
step:1059/3350 train_time:1966.155s step_avg:1856.61ms
step:1060/3350 train_time:1967.996s step_avg:1856.60ms
step:1061/3350 train_time:1969.837s step_avg:1856.58ms
step:1062/3350 train_time:1971.677s step_avg:1856.57ms
step:1063/3350 train_time:1973.518s step_avg:1856.55ms
step:1064/3350 train_time:1975.358s step_avg:1856.54ms
step:1065/3350 train_time:1977.199s step_avg:1856.52ms
step:1066/3350 train_time:1979.041s step_avg:1856.51ms
step:1067/3350 train_time:1980.882s step_avg:1856.50ms
step:1068/3350 train_time:1982.723s step_avg:1856.48ms
step:1069/3350 train_time:1984.564s step_avg:1856.47ms
step:1070/3350 train_time:1986.406s step_avg:1856.45ms
step:1071/3350 train_time:1988.247s step_avg:1856.44ms
step:1072/3350 train_time:1990.089s step_avg:1856.43ms
step:1073/3350 train_time:1991.929s step_avg:1856.41ms
step:1074/3350 train_time:1993.769s step_avg:1856.40ms
step:1075/3350 train_time:1995.887s step_avg:1856.64ms
step:1076/3350 train_time:1997.727s step_avg:1856.62ms
step:1077/3350 train_time:1999.568s step_avg:1856.61ms
step:1078/3350 train_time:2001.409s step_avg:1856.59ms
step:1079/3350 train_time:2003.252s step_avg:1856.58ms
step:1080/3350 train_time:2005.092s step_avg:1856.57ms
step:1081/3350 train_time:2006.934s step_avg:1856.55ms
step:1082/3350 train_time:2008.775s step_avg:1856.54ms
step:1083/3350 train_time:2010.615s step_avg:1856.52ms
step:1084/3350 train_time:2012.455s step_avg:1856.51ms
step:1085/3350 train_time:2014.296s step_avg:1856.49ms
step:1086/3350 train_time:2016.136s step_avg:1856.48ms
step:1087/3350 train_time:2017.976s step_avg:1856.46ms
step:1088/3350 train_time:2019.816s step_avg:1856.45ms
step:1089/3350 train_time:2021.656s step_avg:1856.43ms
step:1090/3350 train_time:2023.496s step_avg:1856.42ms
step:1091/3350 train_time:2025.338s step_avg:1856.41ms
step:1092/3350 train_time:2027.178s step_avg:1856.39ms
step:1093/3350 train_time:2029.020s step_avg:1856.38ms
step:1094/3350 train_time:2030.861s step_avg:1856.36ms
step:1095/3350 train_time:2032.701s step_avg:1856.35ms
step:1096/3350 train_time:2034.541s step_avg:1856.33ms
step:1097/3350 train_time:2036.382s step_avg:1856.32ms
step:1098/3350 train_time:2038.223s step_avg:1856.30ms
step:1099/3350 train_time:2040.065s step_avg:1856.29ms
step:1100/3350 train_time:2042.193s step_avg:1856.54ms
step:1101/3350 train_time:2044.031s step_avg:1856.52ms
step:1102/3350 train_time:2045.874s step_avg:1856.51ms
step:1103/3350 train_time:2047.714s step_avg:1856.49ms
step:1104/3350 train_time:2049.555s step_avg:1856.48ms
step:1105/3350 train_time:2051.395s step_avg:1856.47ms
step:1106/3350 train_time:2053.235s step_avg:1856.45ms
step:1107/3350 train_time:2055.076s step_avg:1856.44ms
step:1108/3350 train_time:2056.916s step_avg:1856.42ms
step:1109/3350 train_time:2058.756s step_avg:1856.41ms
step:1110/3350 train_time:2060.597s step_avg:1856.39ms
step:1111/3350 train_time:2062.436s step_avg:1856.38ms
step:1112/3350 train_time:2064.276s step_avg:1856.36ms
step:1113/3350 train_time:2066.116s step_avg:1856.35ms
step:1114/3350 train_time:2067.956s step_avg:1856.33ms
step:1115/3350 train_time:2069.797s step_avg:1856.32ms
step:1116/3350 train_time:2071.637s step_avg:1856.31ms
step:1117/3350 train_time:2073.476s step_avg:1856.29ms
step:1118/3350 train_time:2075.316s step_avg:1856.28ms
step:1119/3350 train_time:2077.157s step_avg:1856.26ms
step:1120/3350 train_time:2078.997s step_avg:1856.25ms
step:1121/3350 train_time:2080.836s step_avg:1856.23ms
step:1122/3350 train_time:2082.675s step_avg:1856.22ms
step:1123/3350 train_time:2084.515s step_avg:1856.20ms
step:1124/3350 train_time:2086.355s step_avg:1856.19ms
step:1125/3350 train_time:2088.535s step_avg:1856.48ms
step:1125/3350 val_loss:3.59648 train_time:2088.536s step_avg:1852.51ms
step:1126/3350 train_time:2090.376s step_avg:1856.46ms
step:1127/3350 train_time:2092.218s step_avg:1856.45ms
step:1128/3350 train_time:2094.058s step_avg:1856.43ms
step:1129/3350 train_time:2095.898s step_avg:1856.42ms
step:1130/3350 train_time:2097.742s step_avg:1856.41ms
step:1131/3350 train_time:2099.583s step_avg:1856.40ms
step:1132/3350 train_time:2101.424s step_avg:1856.38ms
step:1133/3350 train_time:2103.264s step_avg:1856.37ms
step:1134/3350 train_time:2105.104s step_avg:1856.35ms
step:1135/3350 train_time:2106.944s step_avg:1856.34ms
step:1136/3350 train_time:2108.785s step_avg:1856.32ms
step:1137/3350 train_time:2110.625s step_avg:1856.31ms
step:1138/3350 train_time:2112.467s step_avg:1856.30ms
step:1139/3350 train_time:2114.307s step_avg:1856.28ms
step:1140/3350 train_time:2116.148s step_avg:1856.27ms
step:1141/3350 train_time:2118.025s step_avg:1856.29ms
step:1142/3350 train_time:2119.867s step_avg:1856.28ms
step:1143/3350 train_time:2121.706s step_avg:1856.26ms
step:1144/3350 train_time:2123.547s step_avg:1856.25ms
step:1145/3350 train_time:2125.386s step_avg:1856.23ms
step:1146/3350 train_time:2127.226s step_avg:1856.22ms
step:1147/3350 train_time:2129.066s step_avg:1856.20ms
step:1148/3350 train_time:2130.907s step_avg:1856.19ms
step:1149/3350 train_time:2132.747s step_avg:1856.18ms
step:1150/3350 train_time:2134.862s step_avg:1856.40ms
step:1151/3350 train_time:2136.700s step_avg:1856.39ms
step:1152/3350 train_time:2138.540s step_avg:1856.37ms
step:1153/3350 train_time:2140.380s step_avg:1856.36ms
step:1154/3350 train_time:2142.220s step_avg:1856.34ms
step:1155/3350 train_time:2144.060s step_avg:1856.33ms
step:1156/3350 train_time:2145.900s step_avg:1856.32ms
step:1157/3350 train_time:2147.740s step_avg:1856.30ms
step:1158/3350 train_time:2149.579s step_avg:1856.29ms
step:1159/3350 train_time:2151.420s step_avg:1856.27ms
step:1160/3350 train_time:2153.260s step_avg:1856.26ms
step:1161/3350 train_time:2155.099s step_avg:1856.24ms
step:1162/3350 train_time:2156.939s step_avg:1856.23ms
step:1163/3350 train_time:2158.779s step_avg:1856.22ms
step:1164/3350 train_time:2160.620s step_avg:1856.20ms
step:1165/3350 train_time:2162.459s step_avg:1856.19ms
step:1166/3350 train_time:2164.298s step_avg:1856.17ms
step:1167/3350 train_time:2166.140s step_avg:1856.16ms
step:1168/3350 train_time:2167.980s step_avg:1856.15ms
step:1169/3350 train_time:2169.820s step_avg:1856.13ms
step:1170/3350 train_time:2171.659s step_avg:1856.12ms
step:1171/3350 train_time:2173.498s step_avg:1856.10ms
step:1172/3350 train_time:2175.338s step_avg:1856.09ms
step:1173/3350 train_time:2177.178s step_avg:1856.08ms
step:1174/3350 train_time:2179.018s step_avg:1856.06ms
step:1175/3350 train_time:2181.132s step_avg:1856.28ms
step:1176/3350 train_time:2182.971s step_avg:1856.27ms
step:1177/3350 train_time:2184.812s step_avg:1856.26ms
step:1178/3350 train_time:2186.652s step_avg:1856.24ms
step:1179/3350 train_time:2188.492s step_avg:1856.23ms
step:1180/3350 train_time:2190.332s step_avg:1856.21ms
step:1181/3350 train_time:2192.172s step_avg:1856.20ms
step:1182/3350 train_time:2194.010s step_avg:1856.18ms
step:1183/3350 train_time:2195.851s step_avg:1856.17ms
step:1184/3350 train_time:2197.687s step_avg:1856.15ms
step:1185/3350 train_time:2199.527s step_avg:1856.14ms
step:1186/3350 train_time:2201.367s step_avg:1856.13ms
step:1187/3350 train_time:2203.206s step_avg:1856.11ms
step:1188/3350 train_time:2205.045s step_avg:1856.10ms
step:1189/3350 train_time:2206.888s step_avg:1856.09ms
step:1190/3350 train_time:2208.728s step_avg:1856.07ms
step:1191/3350 train_time:2210.567s step_avg:1856.06ms
step:1192/3350 train_time:2212.406s step_avg:1856.04ms
step:1193/3350 train_time:2214.244s step_avg:1856.03ms
step:1194/3350 train_time:2216.084s step_avg:1856.02ms
step:1195/3350 train_time:2217.924s step_avg:1856.00ms
step:1196/3350 train_time:2219.762s step_avg:1855.99ms
step:1197/3350 train_time:2221.603s step_avg:1855.98ms
step:1198/3350 train_time:2223.442s step_avg:1855.96ms
step:1199/3350 train_time:2225.281s step_avg:1855.95ms
step:1200/3350 train_time:2227.408s step_avg:1856.17ms
step:1201/3350 train_time:2229.247s step_avg:1856.16ms
step:1202/3350 train_time:2231.087s step_avg:1856.15ms
step:1203/3350 train_time:2232.928s step_avg:1856.13ms
step:1204/3350 train_time:2234.767s step_avg:1856.12ms
step:1205/3350 train_time:2236.605s step_avg:1856.10ms
step:1206/3350 train_time:2238.445s step_avg:1856.09ms
step:1207/3350 train_time:2240.284s step_avg:1856.08ms
step:1208/3350 train_time:2242.124s step_avg:1856.06ms
step:1209/3350 train_time:2243.962s step_avg:1856.05ms
step:1210/3350 train_time:2245.800s step_avg:1856.03ms
step:1211/3350 train_time:2247.640s step_avg:1856.02ms
step:1212/3350 train_time:2249.479s step_avg:1856.01ms
step:1213/3350 train_time:2251.318s step_avg:1855.99ms
step:1214/3350 train_time:2253.156s step_avg:1855.98ms
step:1215/3350 train_time:2254.995s step_avg:1855.96ms
step:1216/3350 train_time:2256.834s step_avg:1855.95ms
step:1217/3350 train_time:2258.673s step_avg:1855.94ms
step:1218/3350 train_time:2260.512s step_avg:1855.92ms
step:1219/3350 train_time:2262.353s step_avg:1855.91ms
step:1220/3350 train_time:2264.194s step_avg:1855.90ms
step:1221/3350 train_time:2266.034s step_avg:1855.88ms
step:1222/3350 train_time:2267.874s step_avg:1855.87ms
step:1223/3350 train_time:2269.713s step_avg:1855.86ms
step:1224/3350 train_time:2271.552s step_avg:1855.84ms
step:1225/3350 train_time:2273.671s step_avg:1856.06ms
step:1226/3350 train_time:2275.509s step_avg:1856.04ms
step:1227/3350 train_time:2277.348s step_avg:1856.03ms
step:1228/3350 train_time:2279.188s step_avg:1856.02ms
step:1229/3350 train_time:2281.024s step_avg:1856.00ms
step:1230/3350 train_time:2282.864s step_avg:1855.99ms
step:1231/3350 train_time:2284.703s step_avg:1855.97ms
step:1232/3350 train_time:2286.542s step_avg:1855.96ms
step:1233/3350 train_time:2288.382s step_avg:1855.95ms
step:1234/3350 train_time:2290.221s step_avg:1855.93ms
step:1235/3350 train_time:2292.060s step_avg:1855.92ms
step:1236/3350 train_time:2293.901s step_avg:1855.91ms
step:1237/3350 train_time:2295.741s step_avg:1855.89ms
step:1238/3350 train_time:2297.581s step_avg:1855.88ms
step:1239/3350 train_time:2299.420s step_avg:1855.87ms
step:1240/3350 train_time:2301.258s step_avg:1855.85ms
step:1241/3350 train_time:2303.097s step_avg:1855.84ms
step:1242/3350 train_time:2304.937s step_avg:1855.83ms
step:1243/3350 train_time:2306.775s step_avg:1855.81ms
step:1244/3350 train_time:2308.616s step_avg:1855.80ms
step:1245/3350 train_time:2310.455s step_avg:1855.79ms
step:1246/3350 train_time:2312.295s step_avg:1855.77ms
step:1247/3350 train_time:2314.135s step_avg:1855.76ms
step:1248/3350 train_time:2315.974s step_avg:1855.75ms
step:1249/3350 train_time:2317.813s step_avg:1855.74ms
step:1250/3350 train_time:2319.993s step_avg:1855.99ms
step:1250/3350 val_loss:3.56686 train_time:2319.994s step_avg:1851.66ms
step:1251/3350 train_time:2321.834s step_avg:1855.98ms
step:1252/3350 train_time:2323.675s step_avg:1855.97ms
step:1253/3350 train_time:2325.514s step_avg:1855.96ms
step:1254/3350 train_time:2327.354s step_avg:1855.94ms
step:1255/3350 train_time:2329.194s step_avg:1855.93ms
step:1256/3350 train_time:2331.034s step_avg:1855.92ms
step:1257/3350 train_time:2332.875s step_avg:1855.91ms
step:1258/3350 train_time:2334.714s step_avg:1855.89ms
step:1259/3350 train_time:2336.554s step_avg:1855.88ms
step:1260/3350 train_time:2338.393s step_avg:1855.87ms
step:1261/3350 train_time:2340.233s step_avg:1855.85ms
step:1262/3350 train_time:2342.071s step_avg:1855.84ms
step:1263/3350 train_time:2343.910s step_avg:1855.83ms
step:1264/3350 train_time:2345.750s step_avg:1855.81ms
step:1265/3350 train_time:2347.591s step_avg:1855.80ms
step:1266/3350 train_time:2349.431s step_avg:1855.79ms
step:1267/3350 train_time:2351.269s step_avg:1855.78ms
step:1268/3350 train_time:2353.108s step_avg:1855.76ms
step:1269/3350 train_time:2354.947s step_avg:1855.75ms
step:1270/3350 train_time:2356.787s step_avg:1855.74ms
step:1271/3350 train_time:2358.626s step_avg:1855.72ms
step:1272/3350 train_time:2360.464s step_avg:1855.71ms
step:1273/3350 train_time:2362.305s step_avg:1855.70ms
step:1274/3350 train_time:2364.143s step_avg:1855.69ms
step:1275/3350 train_time:2366.257s step_avg:1855.89ms
step:1276/3350 train_time:2368.096s step_avg:1855.87ms
step:1277/3350 train_time:2369.935s step_avg:1855.86ms
step:1278/3350 train_time:2371.774s step_avg:1855.85ms
step:1279/3350 train_time:2373.613s step_avg:1855.84ms
step:1280/3350 train_time:2375.452s step_avg:1855.82ms
step:1281/3350 train_time:2377.290s step_avg:1855.81ms
step:1282/3350 train_time:2379.130s step_avg:1855.80ms
step:1283/3350 train_time:2380.970s step_avg:1855.78ms
step:1284/3350 train_time:2382.809s step_avg:1855.77ms
step:1285/3350 train_time:2384.648s step_avg:1855.76ms
step:1286/3350 train_time:2386.487s step_avg:1855.74ms
step:1287/3350 train_time:2388.327s step_avg:1855.73ms
step:1288/3350 train_time:2390.166s step_avg:1855.72ms
step:1289/3350 train_time:2392.005s step_avg:1855.71ms
step:1290/3350 train_time:2393.845s step_avg:1855.69ms
step:1291/3350 train_time:2395.684s step_avg:1855.68ms
step:1292/3350 train_time:2397.523s step_avg:1855.67ms
step:1293/3350 train_time:2399.362s step_avg:1855.66ms
step:1294/3350 train_time:2401.204s step_avg:1855.64ms
step:1295/3350 train_time:2403.043s step_avg:1855.63ms
step:1296/3350 train_time:2404.882s step_avg:1855.62ms
step:1297/3350 train_time:2406.720s step_avg:1855.61ms
step:1298/3350 train_time:2408.560s step_avg:1855.59ms
step:1299/3350 train_time:2410.399s step_avg:1855.58ms
step:1300/3350 train_time:2412.526s step_avg:1855.79ms
step:1301/3350 train_time:2414.366s step_avg:1855.78ms
step:1302/3350 train_time:2416.205s step_avg:1855.76ms
step:1303/3350 train_time:2418.044s step_avg:1855.75ms
step:1304/3350 train_time:2419.882s step_avg:1855.74ms
step:1305/3350 train_time:2421.722s step_avg:1855.73ms
step:1306/3350 train_time:2423.560s step_avg:1855.71ms
step:1307/3350 train_time:2425.400s step_avg:1855.70ms
step:1308/3350 train_time:2427.238s step_avg:1855.69ms
step:1309/3350 train_time:2429.077s step_avg:1855.67ms
step:1310/3350 train_time:2430.916s step_avg:1855.66ms
step:1311/3350 train_time:2432.755s step_avg:1855.65ms
step:1312/3350 train_time:2434.594s step_avg:1855.64ms
step:1313/3350 train_time:2436.434s step_avg:1855.62ms
step:1314/3350 train_time:2438.273s step_avg:1855.61ms
step:1315/3350 train_time:2440.113s step_avg:1855.60ms
step:1316/3350 train_time:2441.953s step_avg:1855.59ms
step:1317/3350 train_time:2443.792s step_avg:1855.57ms
step:1318/3350 train_time:2445.632s step_avg:1855.56ms
step:1319/3350 train_time:2447.471s step_avg:1855.55ms
step:1320/3350 train_time:2449.310s step_avg:1855.54ms
step:1321/3350 train_time:2451.150s step_avg:1855.53ms
step:1322/3350 train_time:2452.989s step_avg:1855.51ms
step:1323/3350 train_time:2454.829s step_avg:1855.50ms
step:1324/3350 train_time:2456.669s step_avg:1855.49ms
step:1325/3350 train_time:2458.785s step_avg:1855.69ms
step:1326/3350 train_time:2460.624s step_avg:1855.67ms
step:1327/3350 train_time:2462.464s step_avg:1855.66ms
step:1328/3350 train_time:2464.303s step_avg:1855.65ms
step:1329/3350 train_time:2466.142s step_avg:1855.64ms
step:1330/3350 train_time:2467.981s step_avg:1855.62ms
step:1331/3350 train_time:2469.860s step_avg:1855.64ms
step:1332/3350 train_time:2471.701s step_avg:1855.63ms
step:1333/3350 train_time:2473.541s step_avg:1855.62ms
step:1334/3350 train_time:2475.383s step_avg:1855.61ms
step:1335/3350 train_time:2477.222s step_avg:1855.60ms
step:1336/3350 train_time:2479.060s step_avg:1855.58ms
step:1337/3350 train_time:2480.901s step_avg:1855.57ms
step:1338/3350 train_time:2482.742s step_avg:1855.56ms
step:1339/3350 train_time:2484.582s step_avg:1855.55ms
step:1340/3350 train_time:2486.421s step_avg:1855.54ms
step:1341/3350 train_time:2488.261s step_avg:1855.53ms
step:1342/3350 train_time:2490.102s step_avg:1855.52ms
step:1343/3350 train_time:2491.943s step_avg:1855.50ms
step:1344/3350 train_time:2493.782s step_avg:1855.49ms
step:1345/3350 train_time:2495.622s step_avg:1855.48ms
step:1346/3350 train_time:2497.462s step_avg:1855.47ms
step:1347/3350 train_time:2499.304s step_avg:1855.46ms
step:1348/3350 train_time:2501.144s step_avg:1855.45ms
step:1349/3350 train_time:2502.985s step_avg:1855.44ms
step:1350/3350 train_time:2505.103s step_avg:1855.63ms
step:1351/3350 train_time:2506.942s step_avg:1855.62ms
step:1352/3350 train_time:2508.782s step_avg:1855.61ms
step:1353/3350 train_time:2510.621s step_avg:1855.60ms
step:1354/3350 train_time:2512.461s step_avg:1855.58ms
step:1355/3350 train_time:2514.301s step_avg:1855.57ms
step:1356/3350 train_time:2516.142s step_avg:1855.56ms
step:1357/3350 train_time:2517.982s step_avg:1855.55ms
step:1358/3350 train_time:2519.822s step_avg:1855.54ms
step:1359/3350 train_time:2521.664s step_avg:1855.53ms
step:1360/3350 train_time:2523.504s step_avg:1855.52ms
step:1361/3350 train_time:2525.345s step_avg:1855.51ms
step:1362/3350 train_time:2527.185s step_avg:1855.50ms
step:1363/3350 train_time:2529.026s step_avg:1855.49ms
step:1364/3350 train_time:2530.867s step_avg:1855.47ms
step:1365/3350 train_time:2532.707s step_avg:1855.46ms
step:1366/3350 train_time:2534.548s step_avg:1855.45ms
step:1367/3350 train_time:2536.390s step_avg:1855.44ms
step:1368/3350 train_time:2538.232s step_avg:1855.43ms
step:1369/3350 train_time:2540.073s step_avg:1855.42ms
step:1370/3350 train_time:2541.912s step_avg:1855.41ms
step:1371/3350 train_time:2543.755s step_avg:1855.40ms
step:1372/3350 train_time:2545.596s step_avg:1855.39ms
step:1373/3350 train_time:2547.436s step_avg:1855.38ms
step:1374/3350 train_time:2549.277s step_avg:1855.37ms
step:1375/3350 train_time:2551.465s step_avg:1855.61ms
step:1375/3350 val_loss:3.54028 train_time:2551.465s step_avg:1851.77ms
step:1376/3350 train_time:2553.306s step_avg:1855.60ms
step:1377/3350 train_time:2555.146s step_avg:1855.59ms
step:1378/3350 train_time:2556.988s step_avg:1855.58ms
step:1379/3350 train_time:2558.826s step_avg:1855.57ms
step:1380/3350 train_time:2560.665s step_avg:1855.55ms
step:1381/3350 train_time:2562.505s step_avg:1855.54ms
step:1382/3350 train_time:2564.344s step_avg:1855.53ms
step:1383/3350 train_time:2566.184s step_avg:1855.52ms
step:1384/3350 train_time:2568.023s step_avg:1855.51ms
step:1385/3350 train_time:2569.865s step_avg:1855.50ms
step:1386/3350 train_time:2571.705s step_avg:1855.49ms
step:1387/3350 train_time:2573.545s step_avg:1855.48ms
step:1388/3350 train_time:2575.383s step_avg:1855.46ms
step:1389/3350 train_time:2577.224s step_avg:1855.45ms
step:1390/3350 train_time:2579.063s step_avg:1855.44ms
step:1391/3350 train_time:2580.904s step_avg:1855.43ms
step:1392/3350 train_time:2582.743s step_avg:1855.42ms
step:1393/3350 train_time:2584.584s step_avg:1855.41ms
step:1394/3350 train_time:2586.426s step_avg:1855.40ms
step:1395/3350 train_time:2588.267s step_avg:1855.39ms
step:1396/3350 train_time:2590.106s step_avg:1855.38ms
step:1397/3350 train_time:2591.946s step_avg:1855.37ms
step:1398/3350 train_time:2593.786s step_avg:1855.35ms
step:1399/3350 train_time:2595.627s step_avg:1855.34ms
step:1400/3350 train_time:2597.756s step_avg:1855.54ms
step:1401/3350 train_time:2599.595s step_avg:1855.53ms
step:1402/3350 train_time:2601.436s step_avg:1855.52ms
step:1403/3350 train_time:2603.278s step_avg:1855.51ms
step:1404/3350 train_time:2605.118s step_avg:1855.50ms
step:1405/3350 train_time:2606.958s step_avg:1855.49ms
step:1406/3350 train_time:2608.798s step_avg:1855.47ms
step:1407/3350 train_time:2610.638s step_avg:1855.46ms
step:1408/3350 train_time:2612.477s step_avg:1855.45ms
step:1409/3350 train_time:2614.317s step_avg:1855.44ms
step:1410/3350 train_time:2616.160s step_avg:1855.43ms
step:1411/3350 train_time:2618.000s step_avg:1855.42ms
step:1412/3350 train_time:2619.840s step_avg:1855.41ms
step:1413/3350 train_time:2621.681s step_avg:1855.40ms
step:1414/3350 train_time:2623.521s step_avg:1855.39ms
step:1415/3350 train_time:2625.361s step_avg:1855.38ms
step:1416/3350 train_time:2627.201s step_avg:1855.37ms
step:1417/3350 train_time:2629.040s step_avg:1855.36ms
step:1418/3350 train_time:2630.881s step_avg:1855.35ms
step:1419/3350 train_time:2632.722s step_avg:1855.34ms
step:1420/3350 train_time:2634.562s step_avg:1855.33ms
step:1421/3350 train_time:2636.402s step_avg:1855.31ms
step:1422/3350 train_time:2638.244s step_avg:1855.31ms
step:1423/3350 train_time:2640.084s step_avg:1855.29ms
step:1424/3350 train_time:2641.925s step_avg:1855.28ms
step:1425/3350 train_time:2644.043s step_avg:1855.47ms
step:1426/3350 train_time:2645.883s step_avg:1855.46ms
step:1427/3350 train_time:2647.723s step_avg:1855.45ms
step:1428/3350 train_time:2649.563s step_avg:1855.44ms
step:1429/3350 train_time:2651.404s step_avg:1855.43ms
step:1430/3350 train_time:2653.245s step_avg:1855.42ms
step:1431/3350 train_time:2655.085s step_avg:1855.41ms
step:1432/3350 train_time:2656.926s step_avg:1855.40ms
step:1433/3350 train_time:2658.767s step_avg:1855.39ms
step:1434/3350 train_time:2660.607s step_avg:1855.37ms
step:1435/3350 train_time:2662.448s step_avg:1855.36ms
step:1436/3350 train_time:2664.289s step_avg:1855.35ms
step:1437/3350 train_time:2666.130s step_avg:1855.34ms
step:1438/3350 train_time:2667.970s step_avg:1855.33ms
step:1439/3350 train_time:2669.812s step_avg:1855.32ms
step:1440/3350 train_time:2671.653s step_avg:1855.31ms
step:1441/3350 train_time:2673.493s step_avg:1855.30ms
step:1442/3350 train_time:2675.333s step_avg:1855.29ms
step:1443/3350 train_time:2677.174s step_avg:1855.28ms
step:1444/3350 train_time:2679.018s step_avg:1855.28ms
step:1445/3350 train_time:2680.858s step_avg:1855.27ms
step:1446/3350 train_time:2682.698s step_avg:1855.25ms
step:1447/3350 train_time:2684.538s step_avg:1855.24ms
step:1448/3350 train_time:2686.377s step_avg:1855.23ms
step:1449/3350 train_time:2688.217s step_avg:1855.22ms
step:1450/3350 train_time:2690.333s step_avg:1855.40ms
step:1451/3350 train_time:2692.174s step_avg:1855.39ms
step:1452/3350 train_time:2694.015s step_avg:1855.38ms
step:1453/3350 train_time:2695.854s step_avg:1855.37ms
step:1454/3350 train_time:2697.694s step_avg:1855.36ms
step:1455/3350 train_time:2699.535s step_avg:1855.35ms
step:1456/3350 train_time:2701.379s step_avg:1855.34ms
step:1457/3350 train_time:2703.219s step_avg:1855.33ms
step:1458/3350 train_time:2705.059s step_avg:1855.32ms
step:1459/3350 train_time:2706.900s step_avg:1855.31ms
step:1460/3350 train_time:2708.739s step_avg:1855.30ms
step:1461/3350 train_time:2710.580s step_avg:1855.29ms
step:1462/3350 train_time:2712.419s step_avg:1855.28ms
step:1463/3350 train_time:2714.259s step_avg:1855.27ms
step:1464/3350 train_time:2716.098s step_avg:1855.26ms
step:1465/3350 train_time:2717.939s step_avg:1855.25ms
step:1466/3350 train_time:2719.779s step_avg:1855.24ms
step:1467/3350 train_time:2721.620s step_avg:1855.23ms
step:1468/3350 train_time:2723.460s step_avg:1855.22ms
step:1469/3350 train_time:2725.299s step_avg:1855.21ms
step:1470/3350 train_time:2727.138s step_avg:1855.20ms
step:1471/3350 train_time:2728.979s step_avg:1855.19ms
step:1472/3350 train_time:2730.820s step_avg:1855.18ms
step:1473/3350 train_time:2732.661s step_avg:1855.17ms
step:1474/3350 train_time:2734.500s step_avg:1855.16ms
step:1475/3350 train_time:2736.619s step_avg:1855.33ms
step:1476/3350 train_time:2738.458s step_avg:1855.32ms
step:1477/3350 train_time:2740.299s step_avg:1855.31ms
step:1478/3350 train_time:2742.140s step_avg:1855.30ms
step:1479/3350 train_time:2743.981s step_avg:1855.29ms
step:1480/3350 train_time:2745.823s step_avg:1855.29ms
step:1481/3350 train_time:2747.663s step_avg:1855.28ms
step:1482/3350 train_time:2749.501s step_avg:1855.26ms
step:1483/3350 train_time:2751.342s step_avg:1855.25ms
step:1484/3350 train_time:2753.183s step_avg:1855.24ms
step:1485/3350 train_time:2755.023s step_avg:1855.23ms
step:1486/3350 train_time:2756.863s step_avg:1855.22ms
step:1487/3350 train_time:2758.704s step_avg:1855.21ms
step:1488/3350 train_time:2760.544s step_avg:1855.20ms
step:1489/3350 train_time:2762.383s step_avg:1855.19ms
step:1490/3350 train_time:2764.224s step_avg:1855.18ms
step:1491/3350 train_time:2766.064s step_avg:1855.17ms
step:1492/3350 train_time:2767.904s step_avg:1855.16ms
step:1493/3350 train_time:2769.744s step_avg:1855.15ms
step:1494/3350 train_time:2771.585s step_avg:1855.14ms
step:1495/3350 train_time:2773.426s step_avg:1855.13ms
step:1496/3350 train_time:2775.267s step_avg:1855.12ms
step:1497/3350 train_time:2777.107s step_avg:1855.11ms
step:1498/3350 train_time:2778.948s step_avg:1855.11ms
step:1499/3350 train_time:2780.789s step_avg:1855.10ms
step:1500/3350 train_time:2782.983s step_avg:1855.32ms
step:1500/3350 val_loss:3.51137 train_time:2782.984s step_avg:1852.15ms
step:1501/3350 train_time:2784.825s step_avg:1855.31ms
step:1502/3350 train_time:2786.666s step_avg:1855.30ms
step:1503/3350 train_time:2788.509s step_avg:1855.30ms
step:1504/3350 train_time:2790.350s step_avg:1855.29ms
step:1505/3350 train_time:2792.191s step_avg:1855.28ms
step:1506/3350 train_time:2794.032s step_avg:1855.27ms
step:1507/3350 train_time:2795.873s step_avg:1855.26ms
step:1508/3350 train_time:2797.714s step_avg:1855.25ms
step:1509/3350 train_time:2799.555s step_avg:1855.24ms
step:1510/3350 train_time:2801.396s step_avg:1855.23ms
step:1511/3350 train_time:2803.237s step_avg:1855.22ms
step:1512/3350 train_time:2805.077s step_avg:1855.21ms
step:1513/3350 train_time:2806.918s step_avg:1855.20ms
step:1514/3350 train_time:2808.758s step_avg:1855.19ms
step:1515/3350 train_time:2810.598s step_avg:1855.18ms
step:1516/3350 train_time:2812.440s step_avg:1855.17ms
step:1517/3350 train_time:2814.280s step_avg:1855.16ms
step:1518/3350 train_time:2816.120s step_avg:1855.15ms
step:1519/3350 train_time:2817.961s step_avg:1855.14ms
step:1520/3350 train_time:2819.802s step_avg:1855.13ms
step:1521/3350 train_time:2821.677s step_avg:1855.15ms
step:1522/3350 train_time:2823.516s step_avg:1855.14ms
step:1523/3350 train_time:2825.358s step_avg:1855.13ms
step:1524/3350 train_time:2827.197s step_avg:1855.12ms
step:1525/3350 train_time:2829.313s step_avg:1855.29ms
step:1526/3350 train_time:2831.155s step_avg:1855.28ms
step:1527/3350 train_time:2832.996s step_avg:1855.27ms
step:1528/3350 train_time:2834.836s step_avg:1855.26ms
step:1529/3350 train_time:2836.678s step_avg:1855.25ms
step:1530/3350 train_time:2838.519s step_avg:1855.24ms
step:1531/3350 train_time:2840.361s step_avg:1855.23ms
step:1532/3350 train_time:2842.201s step_avg:1855.22ms
step:1533/3350 train_time:2844.043s step_avg:1855.21ms
step:1534/3350 train_time:2845.885s step_avg:1855.21ms
step:1535/3350 train_time:2847.725s step_avg:1855.20ms
step:1536/3350 train_time:2849.565s step_avg:1855.19ms
step:1537/3350 train_time:2851.405s step_avg:1855.18ms
step:1538/3350 train_time:2853.245s step_avg:1855.17ms
step:1539/3350 train_time:2855.087s step_avg:1855.16ms
step:1540/3350 train_time:2856.927s step_avg:1855.15ms
step:1541/3350 train_time:2858.767s step_avg:1855.14ms
step:1542/3350 train_time:2860.608s step_avg:1855.13ms
step:1543/3350 train_time:2862.449s step_avg:1855.12ms
step:1544/3350 train_time:2864.290s step_avg:1855.11ms
step:1545/3350 train_time:2866.130s step_avg:1855.10ms
step:1546/3350 train_time:2867.970s step_avg:1855.09ms
step:1547/3350 train_time:2869.812s step_avg:1855.08ms
step:1548/3350 train_time:2871.653s step_avg:1855.07ms
step:1549/3350 train_time:2873.495s step_avg:1855.06ms
step:1550/3350 train_time:2875.610s step_avg:1855.23ms
step:1551/3350 train_time:2877.450s step_avg:1855.22ms
step:1552/3350 train_time:2879.291s step_avg:1855.21ms
step:1553/3350 train_time:2881.132s step_avg:1855.20ms
step:1554/3350 train_time:2882.973s step_avg:1855.20ms
step:1555/3350 train_time:2884.813s step_avg:1855.18ms
step:1556/3350 train_time:2886.655s step_avg:1855.18ms
step:1557/3350 train_time:2888.496s step_avg:1855.17ms
step:1558/3350 train_time:2890.340s step_avg:1855.16ms
step:1559/3350 train_time:2892.180s step_avg:1855.15ms
step:1560/3350 train_time:2894.021s step_avg:1855.14ms
step:1561/3350 train_time:2895.862s step_avg:1855.13ms
step:1562/3350 train_time:2897.703s step_avg:1855.12ms
step:1563/3350 train_time:2899.548s step_avg:1855.12ms
step:1564/3350 train_time:2901.389s step_avg:1855.11ms
step:1565/3350 train_time:2903.230s step_avg:1855.10ms
step:1566/3350 train_time:2905.073s step_avg:1855.09ms
step:1567/3350 train_time:2906.914s step_avg:1855.08ms
step:1568/3350 train_time:2908.754s step_avg:1855.07ms
step:1569/3350 train_time:2910.595s step_avg:1855.06ms
step:1570/3350 train_time:2912.436s step_avg:1855.05ms
step:1571/3350 train_time:2914.277s step_avg:1855.05ms
step:1572/3350 train_time:2916.118s step_avg:1855.04ms
step:1573/3350 train_time:2917.961s step_avg:1855.03ms
step:1574/3350 train_time:2919.804s step_avg:1855.02ms
step:1575/3350 train_time:2921.924s step_avg:1855.19ms
step:1576/3350 train_time:2923.765s step_avg:1855.18ms
step:1577/3350 train_time:2925.606s step_avg:1855.17ms
step:1578/3350 train_time:2927.446s step_avg:1855.16ms
step:1579/3350 train_time:2929.290s step_avg:1855.16ms
step:1580/3350 train_time:2931.131s step_avg:1855.15ms
step:1581/3350 train_time:2932.975s step_avg:1855.14ms
step:1582/3350 train_time:2934.814s step_avg:1855.13ms
step:1583/3350 train_time:2936.655s step_avg:1855.12ms
step:1584/3350 train_time:2938.495s step_avg:1855.11ms
step:1585/3350 train_time:2940.338s step_avg:1855.10ms
step:1586/3350 train_time:2942.181s step_avg:1855.09ms
step:1587/3350 train_time:2944.024s step_avg:1855.09ms
step:1588/3350 train_time:2945.865s step_avg:1855.08ms
step:1589/3350 train_time:2947.705s step_avg:1855.07ms
step:1590/3350 train_time:2949.546s step_avg:1855.06ms
step:1591/3350 train_time:2951.387s step_avg:1855.05ms
step:1592/3350 train_time:2953.230s step_avg:1855.04ms
step:1593/3350 train_time:2955.073s step_avg:1855.04ms
step:1594/3350 train_time:2956.916s step_avg:1855.03ms
step:1595/3350 train_time:2958.757s step_avg:1855.02ms
step:1596/3350 train_time:2960.598s step_avg:1855.01ms
step:1597/3350 train_time:2962.440s step_avg:1855.00ms
step:1598/3350 train_time:2964.281s step_avg:1854.99ms
step:1599/3350 train_time:2966.121s step_avg:1854.99ms
step:1600/3350 train_time:2968.251s step_avg:1855.16ms
step:1601/3350 train_time:2970.091s step_avg:1855.15ms
step:1602/3350 train_time:2971.933s step_avg:1855.14ms
step:1603/3350 train_time:2973.775s step_avg:1855.13ms
step:1604/3350 train_time:2975.615s step_avg:1855.12ms
step:1605/3350 train_time:2977.456s step_avg:1855.11ms
step:1606/3350 train_time:2979.296s step_avg:1855.10ms
step:1607/3350 train_time:2981.137s step_avg:1855.09ms
step:1608/3350 train_time:2982.978s step_avg:1855.09ms
step:1609/3350 train_time:2984.820s step_avg:1855.08ms
step:1610/3350 train_time:2986.659s step_avg:1855.07ms
step:1611/3350 train_time:2988.499s step_avg:1855.06ms
step:1612/3350 train_time:2990.338s step_avg:1855.05ms
step:1613/3350 train_time:2992.179s step_avg:1855.04ms
step:1614/3350 train_time:2994.019s step_avg:1855.03ms
step:1615/3350 train_time:2995.859s step_avg:1855.02ms
step:1616/3350 train_time:2997.700s step_avg:1855.01ms
step:1617/3350 train_time:2999.539s step_avg:1855.00ms
step:1618/3350 train_time:3001.380s step_avg:1854.99ms
step:1619/3350 train_time:3003.220s step_avg:1854.98ms
step:1620/3350 train_time:3005.060s step_avg:1854.98ms
step:1621/3350 train_time:3006.902s step_avg:1854.97ms
step:1622/3350 train_time:3008.742s step_avg:1854.96ms
step:1623/3350 train_time:3010.584s step_avg:1854.95ms
step:1624/3350 train_time:3012.425s step_avg:1854.94ms
step:1625/3350 train_time:3014.607s step_avg:1855.14ms
step:1625/3350 val_loss:3.49308 train_time:3014.607s step_avg:1852.99ms
step:1626/3350 train_time:3016.451s step_avg:1855.14ms
step:1627/3350 train_time:3018.292s step_avg:1855.13ms
step:1628/3350 train_time:3020.134s step_avg:1855.12ms
step:1629/3350 train_time:3021.975s step_avg:1855.11ms
step:1630/3350 train_time:3023.819s step_avg:1855.10ms
step:1631/3350 train_time:3025.659s step_avg:1855.09ms
step:1632/3350 train_time:3027.500s step_avg:1855.09ms
step:1633/3350 train_time:3029.342s step_avg:1855.08ms
step:1634/3350 train_time:3031.182s step_avg:1855.07ms
step:1635/3350 train_time:3033.023s step_avg:1855.06ms
step:1636/3350 train_time:3034.864s step_avg:1855.05ms
step:1637/3350 train_time:3036.704s step_avg:1855.04ms
step:1638/3350 train_time:3038.546s step_avg:1855.03ms
step:1639/3350 train_time:3040.387s step_avg:1855.03ms
step:1640/3350 train_time:3042.229s step_avg:1855.02ms
step:1641/3350 train_time:3044.069s step_avg:1855.01ms
step:1642/3350 train_time:3045.910s step_avg:1855.00ms
step:1643/3350 train_time:3047.751s step_avg:1854.99ms
step:1644/3350 train_time:3049.591s step_avg:1854.98ms
step:1645/3350 train_time:3051.432s step_avg:1854.97ms
step:1646/3350 train_time:3053.274s step_avg:1854.97ms
step:1647/3350 train_time:3055.115s step_avg:1854.96ms
step:1648/3350 train_time:3056.955s step_avg:1854.95ms
step:1649/3350 train_time:3058.796s step_avg:1854.94ms
step:1650/3350 train_time:3060.914s step_avg:1855.10ms
step:1651/3350 train_time:3062.757s step_avg:1855.09ms
step:1652/3350 train_time:3064.598s step_avg:1855.08ms
step:1653/3350 train_time:3066.438s step_avg:1855.07ms
step:1654/3350 train_time:3068.278s step_avg:1855.07ms
step:1655/3350 train_time:3070.118s step_avg:1855.06ms
step:1656/3350 train_time:3071.956s step_avg:1855.05ms
step:1657/3350 train_time:3073.797s step_avg:1855.04ms
step:1658/3350 train_time:3075.637s step_avg:1855.03ms
step:1659/3350 train_time:3077.477s step_avg:1855.02ms
step:1660/3350 train_time:3079.319s step_avg:1855.01ms
step:1661/3350 train_time:3081.159s step_avg:1855.00ms
step:1662/3350 train_time:3083.000s step_avg:1854.99ms
step:1663/3350 train_time:3084.840s step_avg:1854.98ms
step:1664/3350 train_time:3086.680s step_avg:1854.98ms
step:1665/3350 train_time:3088.522s step_avg:1854.97ms
step:1666/3350 train_time:3090.362s step_avg:1854.96ms
step:1667/3350 train_time:3092.201s step_avg:1854.95ms
step:1668/3350 train_time:3094.043s step_avg:1854.94ms
step:1669/3350 train_time:3095.885s step_avg:1854.93ms
step:1670/3350 train_time:3097.725s step_avg:1854.92ms
step:1671/3350 train_time:3099.565s step_avg:1854.92ms
step:1672/3350 train_time:3101.405s step_avg:1854.91ms
step:1673/3350 train_time:3103.247s step_avg:1854.90ms
step:1674/3350 train_time:3105.088s step_avg:1854.89ms
step:1675/3350 train_time:3107.207s step_avg:1855.05ms
step:1676/3350 train_time:3109.048s step_avg:1855.04ms
step:1677/3350 train_time:3110.888s step_avg:1855.03ms
step:1678/3350 train_time:3112.729s step_avg:1855.02ms
step:1679/3350 train_time:3114.569s step_avg:1855.01ms
step:1680/3350 train_time:3116.409s step_avg:1855.01ms
step:1681/3350 train_time:3118.250s step_avg:1855.00ms
step:1682/3350 train_time:3120.091s step_avg:1854.99ms
step:1683/3350 train_time:3121.931s step_avg:1854.98ms
step:1684/3350 train_time:3123.772s step_avg:1854.97ms
step:1685/3350 train_time:3125.612s step_avg:1854.96ms
step:1686/3350 train_time:3127.452s step_avg:1854.95ms
step:1687/3350 train_time:3129.296s step_avg:1854.95ms
step:1688/3350 train_time:3131.136s step_avg:1854.94ms
step:1689/3350 train_time:3132.979s step_avg:1854.93ms
step:1690/3350 train_time:3134.820s step_avg:1854.92ms
step:1691/3350 train_time:3136.660s step_avg:1854.91ms
step:1692/3350 train_time:3138.503s step_avg:1854.91ms
step:1693/3350 train_time:3140.344s step_avg:1854.90ms
step:1694/3350 train_time:3142.184s step_avg:1854.89ms
step:1695/3350 train_time:3144.024s step_avg:1854.88ms
step:1696/3350 train_time:3145.864s step_avg:1854.87ms
step:1697/3350 train_time:3147.705s step_avg:1854.86ms
step:1698/3350 train_time:3149.545s step_avg:1854.86ms
step:1699/3350 train_time:3151.386s step_avg:1854.85ms
step:1700/3350 train_time:3153.514s step_avg:1855.01ms
step:1701/3350 train_time:3155.356s step_avg:1855.00ms
step:1702/3350 train_time:3157.197s step_avg:1854.99ms
step:1703/3350 train_time:3159.038s step_avg:1854.98ms
step:1704/3350 train_time:3160.878s step_avg:1854.98ms
step:1705/3350 train_time:3162.718s step_avg:1854.97ms
step:1706/3350 train_time:3164.559s step_avg:1854.96ms
step:1707/3350 train_time:3166.397s step_avg:1854.95ms
step:1708/3350 train_time:3168.237s step_avg:1854.94ms
step:1709/3350 train_time:3170.079s step_avg:1854.93ms
step:1710/3350 train_time:3171.919s step_avg:1854.92ms
step:1711/3350 train_time:3173.791s step_avg:1854.93ms
step:1712/3350 train_time:3175.631s step_avg:1854.92ms
step:1713/3350 train_time:3177.472s step_avg:1854.92ms
step:1714/3350 train_time:3179.313s step_avg:1854.91ms
step:1715/3350 train_time:3181.153s step_avg:1854.90ms
step:1716/3350 train_time:3182.992s step_avg:1854.89ms
step:1717/3350 train_time:3184.831s step_avg:1854.88ms
step:1718/3350 train_time:3186.672s step_avg:1854.87ms
step:1719/3350 train_time:3188.513s step_avg:1854.87ms
step:1720/3350 train_time:3190.352s step_avg:1854.86ms
step:1721/3350 train_time:3192.194s step_avg:1854.85ms
step:1722/3350 train_time:3194.037s step_avg:1854.84ms
step:1723/3350 train_time:3195.878s step_avg:1854.83ms
step:1724/3350 train_time:3197.720s step_avg:1854.83ms
step:1725/3350 train_time:3199.838s step_avg:1854.98ms
step:1726/3350 train_time:3201.677s step_avg:1854.97ms
step:1727/3350 train_time:3203.518s step_avg:1854.96ms
step:1728/3350 train_time:3205.358s step_avg:1854.95ms
step:1729/3350 train_time:3207.199s step_avg:1854.94ms
step:1730/3350 train_time:3209.041s step_avg:1854.94ms
step:1731/3350 train_time:3210.879s step_avg:1854.93ms
step:1732/3350 train_time:3212.719s step_avg:1854.92ms
step:1733/3350 train_time:3214.558s step_avg:1854.91ms
step:1734/3350 train_time:3216.398s step_avg:1854.90ms
step:1735/3350 train_time:3218.237s step_avg:1854.89ms
step:1736/3350 train_time:3220.077s step_avg:1854.88ms
step:1737/3350 train_time:3221.918s step_avg:1854.88ms
step:1738/3350 train_time:3223.757s step_avg:1854.87ms
step:1739/3350 train_time:3225.597s step_avg:1854.86ms
step:1740/3350 train_time:3227.438s step_avg:1854.85ms
step:1741/3350 train_time:3229.277s step_avg:1854.84ms
step:1742/3350 train_time:3231.117s step_avg:1854.83ms
step:1743/3350 train_time:3232.957s step_avg:1854.82ms
step:1744/3350 train_time:3234.798s step_avg:1854.82ms
step:1745/3350 train_time:3236.640s step_avg:1854.81ms
step:1746/3350 train_time:3238.482s step_avg:1854.80ms
step:1747/3350 train_time:3240.322s step_avg:1854.79ms
step:1748/3350 train_time:3242.163s step_avg:1854.78ms
step:1749/3350 train_time:3244.002s step_avg:1854.78ms
step:1750/3350 train_time:3246.184s step_avg:1854.96ms
step:1750/3350 val_loss:3.47072 train_time:3246.185s step_avg:1852.62ms
step:1751/3350 train_time:3248.027s step_avg:1854.96ms
step:1752/3350 train_time:3249.869s step_avg:1854.95ms
step:1753/3350 train_time:3251.709s step_avg:1854.94ms
step:1754/3350 train_time:3253.549s step_avg:1854.93ms
step:1755/3350 train_time:3255.390s step_avg:1854.92ms
step:1756/3350 train_time:3257.231s step_avg:1854.91ms
step:1757/3350 train_time:3259.072s step_avg:1854.91ms
step:1758/3350 train_time:3260.913s step_avg:1854.90ms
step:1759/3350 train_time:3262.753s step_avg:1854.89ms
step:1760/3350 train_time:3264.594s step_avg:1854.88ms
step:1761/3350 train_time:3266.433s step_avg:1854.87ms
step:1762/3350 train_time:3268.274s step_avg:1854.87ms
step:1763/3350 train_time:3270.115s step_avg:1854.86ms
step:1764/3350 train_time:3271.956s step_avg:1854.85ms
step:1765/3350 train_time:3273.799s step_avg:1854.84ms
step:1766/3350 train_time:3275.641s step_avg:1854.84ms
step:1767/3350 train_time:3277.481s step_avg:1854.83ms
step:1768/3350 train_time:3279.323s step_avg:1854.82ms
step:1769/3350 train_time:3281.163s step_avg:1854.81ms
step:1770/3350 train_time:3283.006s step_avg:1854.81ms
step:1771/3350 train_time:3284.846s step_avg:1854.80ms
step:1772/3350 train_time:3286.686s step_avg:1854.79ms
step:1773/3350 train_time:3288.528s step_avg:1854.78ms
step:1774/3350 train_time:3290.368s step_avg:1854.77ms
step:1775/3350 train_time:3292.483s step_avg:1854.92ms
step:1776/3350 train_time:3294.326s step_avg:1854.91ms
step:1777/3350 train_time:3296.167s step_avg:1854.91ms
step:1778/3350 train_time:3298.008s step_avg:1854.90ms
step:1779/3350 train_time:3299.849s step_avg:1854.89ms
step:1780/3350 train_time:3301.689s step_avg:1854.88ms
step:1781/3350 train_time:3303.531s step_avg:1854.87ms
step:1782/3350 train_time:3305.372s step_avg:1854.87ms
step:1783/3350 train_time:3307.212s step_avg:1854.86ms
step:1784/3350 train_time:3309.052s step_avg:1854.85ms
step:1785/3350 train_time:3310.892s step_avg:1854.84ms
step:1786/3350 train_time:3312.732s step_avg:1854.83ms
step:1787/3350 train_time:3314.572s step_avg:1854.82ms
step:1788/3350 train_time:3316.413s step_avg:1854.82ms
step:1789/3350 train_time:3318.253s step_avg:1854.81ms
step:1790/3350 train_time:3320.095s step_avg:1854.80ms
step:1791/3350 train_time:3321.934s step_avg:1854.79ms
step:1792/3350 train_time:3323.775s step_avg:1854.79ms
step:1793/3350 train_time:3325.616s step_avg:1854.78ms
step:1794/3350 train_time:3327.456s step_avg:1854.77ms
step:1795/3350 train_time:3329.296s step_avg:1854.76ms
step:1796/3350 train_time:3331.137s step_avg:1854.75ms
step:1797/3350 train_time:3332.979s step_avg:1854.75ms
step:1798/3350 train_time:3334.819s step_avg:1854.74ms
step:1799/3350 train_time:3336.659s step_avg:1854.73ms
step:1800/3350 train_time:3338.788s step_avg:1854.88ms
step:1801/3350 train_time:3340.627s step_avg:1854.87ms
step:1802/3350 train_time:3342.469s step_avg:1854.87ms
step:1803/3350 train_time:3344.310s step_avg:1854.86ms
step:1804/3350 train_time:3346.152s step_avg:1854.85ms
step:1805/3350 train_time:3347.993s step_avg:1854.84ms
step:1806/3350 train_time:3349.833s step_avg:1854.84ms
step:1807/3350 train_time:3351.673s step_avg:1854.83ms
step:1808/3350 train_time:3353.513s step_avg:1854.82ms
step:1809/3350 train_time:3355.352s step_avg:1854.81ms
step:1810/3350 train_time:3357.193s step_avg:1854.80ms
step:1811/3350 train_time:3359.034s step_avg:1854.79ms
step:1812/3350 train_time:3360.873s step_avg:1854.79ms
step:1813/3350 train_time:3362.713s step_avg:1854.78ms
step:1814/3350 train_time:3364.557s step_avg:1854.77ms
step:1815/3350 train_time:3366.397s step_avg:1854.76ms
step:1816/3350 train_time:3368.236s step_avg:1854.76ms
step:1817/3350 train_time:3370.076s step_avg:1854.75ms
step:1818/3350 train_time:3371.916s step_avg:1854.74ms
step:1819/3350 train_time:3373.757s step_avg:1854.73ms
step:1820/3350 train_time:3375.597s step_avg:1854.72ms
step:1821/3350 train_time:3377.440s step_avg:1854.72ms
step:1822/3350 train_time:3379.282s step_avg:1854.71ms
step:1823/3350 train_time:3381.123s step_avg:1854.70ms
step:1824/3350 train_time:3382.964s step_avg:1854.70ms
step:1825/3350 train_time:3385.083s step_avg:1854.84ms
step:1826/3350 train_time:3386.923s step_avg:1854.83ms
step:1827/3350 train_time:3388.762s step_avg:1854.82ms
step:1828/3350 train_time:3390.602s step_avg:1854.82ms
step:1829/3350 train_time:3392.443s step_avg:1854.81ms
step:1830/3350 train_time:3394.283s step_avg:1854.80ms
step:1831/3350 train_time:3396.123s step_avg:1854.79ms
step:1832/3350 train_time:3397.963s step_avg:1854.78ms
step:1833/3350 train_time:3399.806s step_avg:1854.78ms
step:1834/3350 train_time:3401.645s step_avg:1854.77ms
step:1835/3350 train_time:3403.483s step_avg:1854.76ms
step:1836/3350 train_time:3405.323s step_avg:1854.75ms
step:1837/3350 train_time:3407.164s step_avg:1854.74ms
step:1838/3350 train_time:3409.005s step_avg:1854.74ms
step:1839/3350 train_time:3410.845s step_avg:1854.73ms
step:1840/3350 train_time:3412.685s step_avg:1854.72ms
step:1841/3350 train_time:3414.526s step_avg:1854.71ms
step:1842/3350 train_time:3416.369s step_avg:1854.71ms
step:1843/3350 train_time:3418.210s step_avg:1854.70ms
step:1844/3350 train_time:3420.049s step_avg:1854.69ms
step:1845/3350 train_time:3421.890s step_avg:1854.68ms
step:1846/3350 train_time:3423.730s step_avg:1854.67ms
step:1847/3350 train_time:3425.571s step_avg:1854.67ms
step:1848/3350 train_time:3427.411s step_avg:1854.66ms
step:1849/3350 train_time:3429.253s step_avg:1854.65ms
step:1850/3350 train_time:3431.373s step_avg:1854.80ms
step:1851/3350 train_time:3433.213s step_avg:1854.79ms
step:1852/3350 train_time:3435.053s step_avg:1854.78ms
step:1853/3350 train_time:3436.893s step_avg:1854.77ms
step:1854/3350 train_time:3438.734s step_avg:1854.76ms
step:1855/3350 train_time:3440.576s step_avg:1854.76ms
step:1856/3350 train_time:3442.417s step_avg:1854.75ms
step:1857/3350 train_time:3444.257s step_avg:1854.74ms
step:1858/3350 train_time:3446.097s step_avg:1854.73ms
step:1859/3350 train_time:3447.937s step_avg:1854.73ms
step:1860/3350 train_time:3449.777s step_avg:1854.72ms
step:1861/3350 train_time:3451.618s step_avg:1854.71ms
step:1862/3350 train_time:3453.458s step_avg:1854.70ms
step:1863/3350 train_time:3455.297s step_avg:1854.70ms
step:1864/3350 train_time:3457.140s step_avg:1854.69ms
step:1865/3350 train_time:3458.980s step_avg:1854.68ms
step:1866/3350 train_time:3460.823s step_avg:1854.67ms
step:1867/3350 train_time:3462.662s step_avg:1854.67ms
step:1868/3350 train_time:3464.502s step_avg:1854.66ms
step:1869/3350 train_time:3466.343s step_avg:1854.65ms
step:1870/3350 train_time:3468.184s step_avg:1854.64ms
step:1871/3350 train_time:3470.024s step_avg:1854.64ms
step:1872/3350 train_time:3471.865s step_avg:1854.63ms
step:1873/3350 train_time:3473.708s step_avg:1854.62ms
step:1874/3350 train_time:3475.549s step_avg:1854.62ms
step:1875/3350 train_time:3477.733s step_avg:1854.79ms
step:1875/3350 val_loss:3.45252 train_time:3477.734s step_avg:1852.39ms
step:1876/3350 train_time:3479.575s step_avg:1854.78ms
step:1877/3350 train_time:3481.416s step_avg:1854.78ms
step:1878/3350 train_time:3483.259s step_avg:1854.77ms
step:1879/3350 train_time:3485.099s step_avg:1854.76ms
step:1880/3350 train_time:3486.940s step_avg:1854.76ms
step:1881/3350 train_time:3488.783s step_avg:1854.75ms
step:1882/3350 train_time:3490.624s step_avg:1854.74ms
step:1883/3350 train_time:3492.466s step_avg:1854.73ms
step:1884/3350 train_time:3494.305s step_avg:1854.73ms
step:1885/3350 train_time:3496.146s step_avg:1854.72ms
step:1886/3350 train_time:3497.987s step_avg:1854.71ms
step:1887/3350 train_time:3499.829s step_avg:1854.71ms
step:1888/3350 train_time:3501.668s step_avg:1854.70ms
step:1889/3350 train_time:3503.507s step_avg:1854.69ms
step:1890/3350 train_time:3505.348s step_avg:1854.68ms
step:1891/3350 train_time:3507.189s step_avg:1854.67ms
step:1892/3350 train_time:3509.031s step_avg:1854.67ms
step:1893/3350 train_time:3510.871s step_avg:1854.66ms
step:1894/3350 train_time:3512.713s step_avg:1854.65ms
step:1895/3350 train_time:3514.553s step_avg:1854.65ms
step:1896/3350 train_time:3516.395s step_avg:1854.64ms
step:1897/3350 train_time:3518.236s step_avg:1854.63ms
step:1898/3350 train_time:3520.076s step_avg:1854.62ms
step:1899/3350 train_time:3521.919s step_avg:1854.62ms
step:1900/3350 train_time:3524.047s step_avg:1854.76ms
step:1901/3350 train_time:3525.919s step_avg:1854.77ms
step:1902/3350 train_time:3527.759s step_avg:1854.76ms
step:1903/3350 train_time:3529.601s step_avg:1854.76ms
step:1904/3350 train_time:3531.441s step_avg:1854.75ms
step:1905/3350 train_time:3533.283s step_avg:1854.74ms
step:1906/3350 train_time:3535.127s step_avg:1854.74ms
step:1907/3350 train_time:3536.968s step_avg:1854.73ms
step:1908/3350 train_time:3538.807s step_avg:1854.72ms
step:1909/3350 train_time:3540.648s step_avg:1854.71ms
step:1910/3350 train_time:3542.488s step_avg:1854.71ms
step:1911/3350 train_time:3544.329s step_avg:1854.70ms
step:1912/3350 train_time:3546.173s step_avg:1854.69ms
step:1913/3350 train_time:3548.016s step_avg:1854.69ms
step:1914/3350 train_time:3549.860s step_avg:1854.68ms
step:1915/3350 train_time:3551.701s step_avg:1854.67ms
step:1916/3350 train_time:3553.542s step_avg:1854.67ms
step:1917/3350 train_time:3555.385s step_avg:1854.66ms
step:1918/3350 train_time:3557.226s step_avg:1854.65ms
step:1919/3350 train_time:3559.067s step_avg:1854.65ms
step:1920/3350 train_time:3560.907s step_avg:1854.64ms
step:1921/3350 train_time:3562.749s step_avg:1854.63ms
step:1922/3350 train_time:3564.590s step_avg:1854.63ms
step:1923/3350 train_time:3566.429s step_avg:1854.62ms
step:1924/3350 train_time:3568.271s step_avg:1854.61ms
step:1925/3350 train_time:3570.391s step_avg:1854.75ms
step:1926/3350 train_time:3572.232s step_avg:1854.74ms
step:1927/3350 train_time:3574.074s step_avg:1854.73ms
step:1928/3350 train_time:3575.915s step_avg:1854.73ms
step:1929/3350 train_time:3577.756s step_avg:1854.72ms
step:1930/3350 train_time:3579.599s step_avg:1854.71ms
step:1931/3350 train_time:3581.441s step_avg:1854.71ms
step:1932/3350 train_time:3583.281s step_avg:1854.70ms
step:1933/3350 train_time:3585.122s step_avg:1854.69ms
step:1934/3350 train_time:3586.963s step_avg:1854.69ms
step:1935/3350 train_time:3588.805s step_avg:1854.68ms
step:1936/3350 train_time:3590.647s step_avg:1854.67ms
step:1937/3350 train_time:3592.489s step_avg:1854.67ms
step:1938/3350 train_time:3594.332s step_avg:1854.66ms
step:1939/3350 train_time:3596.172s step_avg:1854.65ms
step:1940/3350 train_time:3598.013s step_avg:1854.65ms
step:1941/3350 train_time:3599.854s step_avg:1854.64ms
step:1942/3350 train_time:3601.693s step_avg:1854.63ms
step:1943/3350 train_time:3603.534s step_avg:1854.62ms
step:1944/3350 train_time:3605.375s step_avg:1854.62ms
step:1945/3350 train_time:3607.217s step_avg:1854.61ms
step:1946/3350 train_time:3609.057s step_avg:1854.60ms
step:1947/3350 train_time:3610.898s step_avg:1854.60ms
step:1948/3350 train_time:3612.739s step_avg:1854.59ms
step:1949/3350 train_time:3614.579s step_avg:1854.58ms
step:1950/3350 train_time:3616.695s step_avg:1854.72ms
step:1951/3350 train_time:3618.538s step_avg:1854.71ms
step:1952/3350 train_time:3620.378s step_avg:1854.70ms
step:1953/3350 train_time:3622.219s step_avg:1854.69ms
step:1954/3350 train_time:3624.060s step_avg:1854.69ms
step:1955/3350 train_time:3625.900s step_avg:1854.68ms
step:1956/3350 train_time:3627.739s step_avg:1854.67ms
step:1957/3350 train_time:3629.579s step_avg:1854.66ms
step:1958/3350 train_time:3631.419s step_avg:1854.66ms
step:1959/3350 train_time:3633.260s step_avg:1854.65ms
step:1960/3350 train_time:3635.100s step_avg:1854.64ms
step:1961/3350 train_time:3636.943s step_avg:1854.64ms
step:1962/3350 train_time:3638.783s step_avg:1854.63ms
step:1963/3350 train_time:3640.624s step_avg:1854.62ms
step:1964/3350 train_time:3642.466s step_avg:1854.62ms
step:1965/3350 train_time:3644.306s step_avg:1854.61ms
step:1966/3350 train_time:3646.149s step_avg:1854.60ms
step:1967/3350 train_time:3647.989s step_avg:1854.60ms
step:1968/3350 train_time:3649.829s step_avg:1854.59ms
step:1969/3350 train_time:3651.670s step_avg:1854.58ms
step:1970/3350 train_time:3653.512s step_avg:1854.57ms
step:1971/3350 train_time:3655.353s step_avg:1854.57ms
step:1972/3350 train_time:3657.195s step_avg:1854.56ms
step:1973/3350 train_time:3659.036s step_avg:1854.55ms
step:1974/3350 train_time:3660.878s step_avg:1854.55ms
step:1975/3350 train_time:3662.994s step_avg:1854.68ms
step:1976/3350 train_time:3664.834s step_avg:1854.67ms
step:1977/3350 train_time:3666.674s step_avg:1854.67ms
step:1978/3350 train_time:3668.515s step_avg:1854.66ms
step:1979/3350 train_time:3670.355s step_avg:1854.65ms
step:1980/3350 train_time:3672.195s step_avg:1854.64ms
step:1981/3350 train_time:3674.035s step_avg:1854.64ms
step:1982/3350 train_time:3675.875s step_avg:1854.63ms
step:1983/3350 train_time:3677.717s step_avg:1854.62ms
step:1984/3350 train_time:3679.558s step_avg:1854.62ms
step:1985/3350 train_time:3681.398s step_avg:1854.61ms
step:1986/3350 train_time:3683.239s step_avg:1854.60ms
step:1987/3350 train_time:3685.079s step_avg:1854.59ms
step:1988/3350 train_time:3686.920s step_avg:1854.59ms
step:1989/3350 train_time:3688.760s step_avg:1854.58ms
step:1990/3350 train_time:3690.600s step_avg:1854.57ms
step:1991/3350 train_time:3692.441s step_avg:1854.57ms
step:1992/3350 train_time:3694.281s step_avg:1854.56ms
step:1993/3350 train_time:3696.122s step_avg:1854.55ms
step:1994/3350 train_time:3697.964s step_avg:1854.55ms
step:1995/3350 train_time:3699.806s step_avg:1854.54ms
step:1996/3350 train_time:3701.650s step_avg:1854.53ms
step:1997/3350 train_time:3703.491s step_avg:1854.53ms
step:1998/3350 train_time:3705.333s step_avg:1854.52ms
step:1999/3350 train_time:3707.176s step_avg:1854.52ms
step:2000/3350 train_time:3709.374s step_avg:1854.69ms
step:2000/3350 val_loss:3.43321 train_time:3709.374s step_avg:1853.12ms
step:2001/3350 train_time:3711.218s step_avg:1854.68ms
step:2002/3350 train_time:3713.061s step_avg:1854.68ms
step:2003/3350 train_time:3714.902s step_avg:1854.67ms
step:2004/3350 train_time:3716.744s step_avg:1854.66ms
step:2005/3350 train_time:3718.586s step_avg:1854.66ms
step:2006/3350 train_time:3720.427s step_avg:1854.65ms
step:2007/3350 train_time:3722.268s step_avg:1854.64ms
step:2008/3350 train_time:3724.110s step_avg:1854.64ms
step:2009/3350 train_time:3725.951s step_avg:1854.63ms
step:2010/3350 train_time:3727.790s step_avg:1854.62ms
step:2011/3350 train_time:3729.631s step_avg:1854.62ms
step:2012/3350 train_time:3731.473s step_avg:1854.61ms
step:2013/3350 train_time:3733.315s step_avg:1854.60ms
step:2014/3350 train_time:3735.155s step_avg:1854.60ms
step:2015/3350 train_time:3736.997s step_avg:1854.59ms
step:2016/3350 train_time:3738.838s step_avg:1854.58ms
step:2017/3350 train_time:3740.680s step_avg:1854.58ms
step:2018/3350 train_time:3742.522s step_avg:1854.57ms
step:2019/3350 train_time:3744.364s step_avg:1854.56ms
step:2020/3350 train_time:3746.207s step_avg:1854.56ms
step:2021/3350 train_time:3748.048s step_avg:1854.55ms
step:2022/3350 train_time:3749.888s step_avg:1854.54ms
step:2023/3350 train_time:3751.729s step_avg:1854.54ms
step:2024/3350 train_time:3753.569s step_avg:1854.53ms
step:2025/3350 train_time:3755.688s step_avg:1854.66ms
step:2026/3350 train_time:3757.531s step_avg:1854.65ms
step:2027/3350 train_time:3759.372s step_avg:1854.65ms
step:2028/3350 train_time:3761.213s step_avg:1854.64ms
step:2029/3350 train_time:3763.056s step_avg:1854.64ms
step:2030/3350 train_time:3764.897s step_avg:1854.63ms
step:2031/3350 train_time:3766.738s step_avg:1854.62ms
step:2032/3350 train_time:3768.579s step_avg:1854.62ms
step:2033/3350 train_time:3770.421s step_avg:1854.61ms
step:2034/3350 train_time:3772.262s step_avg:1854.60ms
step:2035/3350 train_time:3774.105s step_avg:1854.60ms
step:2036/3350 train_time:3775.947s step_avg:1854.59ms
step:2037/3350 train_time:3777.787s step_avg:1854.58ms
step:2038/3350 train_time:3779.627s step_avg:1854.58ms
step:2039/3350 train_time:3781.469s step_avg:1854.57ms
step:2040/3350 train_time:3783.311s step_avg:1854.56ms
step:2041/3350 train_time:3785.153s step_avg:1854.56ms
step:2042/3350 train_time:3786.996s step_avg:1854.55ms
step:2043/3350 train_time:3788.837s step_avg:1854.55ms
step:2044/3350 train_time:3790.679s step_avg:1854.54ms
step:2045/3350 train_time:3792.520s step_avg:1854.53ms
step:2046/3350 train_time:3794.363s step_avg:1854.53ms
step:2047/3350 train_time:3796.204s step_avg:1854.52ms
step:2048/3350 train_time:3798.044s step_avg:1854.51ms
step:2049/3350 train_time:3799.884s step_avg:1854.51ms
step:2050/3350 train_time:3802.001s step_avg:1854.63ms
step:2051/3350 train_time:3803.841s step_avg:1854.63ms
step:2052/3350 train_time:3805.684s step_avg:1854.62ms
step:2053/3350 train_time:3807.524s step_avg:1854.61ms
step:2054/3350 train_time:3809.364s step_avg:1854.61ms
step:2055/3350 train_time:3811.206s step_avg:1854.60ms
step:2056/3350 train_time:3813.048s step_avg:1854.60ms
step:2057/3350 train_time:3814.889s step_avg:1854.59ms
step:2058/3350 train_time:3816.730s step_avg:1854.58ms
step:2059/3350 train_time:3818.571s step_avg:1854.58ms
step:2060/3350 train_time:3820.411s step_avg:1854.57ms
step:2061/3350 train_time:3822.251s step_avg:1854.56ms
step:2062/3350 train_time:3824.091s step_avg:1854.55ms
step:2063/3350 train_time:3825.933s step_avg:1854.55ms
step:2064/3350 train_time:3827.773s step_avg:1854.54ms
step:2065/3350 train_time:3829.613s step_avg:1854.53ms
step:2066/3350 train_time:3831.452s step_avg:1854.53ms
step:2067/3350 train_time:3833.292s step_avg:1854.52ms
step:2068/3350 train_time:3835.134s step_avg:1854.51ms
step:2069/3350 train_time:3836.974s step_avg:1854.51ms
step:2070/3350 train_time:3838.814s step_avg:1854.50ms
step:2071/3350 train_time:3840.655s step_avg:1854.49ms
step:2072/3350 train_time:3842.495s step_avg:1854.49ms
step:2073/3350 train_time:3844.335s step_avg:1854.48ms
step:2074/3350 train_time:3846.175s step_avg:1854.47ms
step:2075/3350 train_time:3848.292s step_avg:1854.60ms
step:2076/3350 train_time:3850.132s step_avg:1854.59ms
step:2077/3350 train_time:3851.973s step_avg:1854.58ms
step:2078/3350 train_time:3853.812s step_avg:1854.58ms
step:2079/3350 train_time:3855.653s step_avg:1854.57ms
step:2080/3350 train_time:3857.495s step_avg:1854.56ms
step:2081/3350 train_time:3859.336s step_avg:1854.56ms
step:2082/3350 train_time:3861.176s step_avg:1854.55ms
step:2083/3350 train_time:3863.016s step_avg:1854.54ms
step:2084/3350 train_time:3864.858s step_avg:1854.54ms
step:2085/3350 train_time:3866.697s step_avg:1854.53ms
step:2086/3350 train_time:3868.539s step_avg:1854.53ms
step:2087/3350 train_time:3870.382s step_avg:1854.52ms
step:2088/3350 train_time:3872.222s step_avg:1854.51ms
step:2089/3350 train_time:3874.063s step_avg:1854.51ms
step:2090/3350 train_time:3875.904s step_avg:1854.50ms
step:2091/3350 train_time:3877.781s step_avg:1854.51ms
step:2092/3350 train_time:3879.622s step_avg:1854.50ms
step:2093/3350 train_time:3881.465s step_avg:1854.50ms
step:2094/3350 train_time:3883.306s step_avg:1854.49ms
step:2095/3350 train_time:3885.146s step_avg:1854.49ms
step:2096/3350 train_time:3886.987s step_avg:1854.48ms
step:2097/3350 train_time:3888.826s step_avg:1854.47ms
step:2098/3350 train_time:3890.667s step_avg:1854.46ms
step:2099/3350 train_time:3892.506s step_avg:1854.46ms
step:2100/3350 train_time:3894.633s step_avg:1854.59ms
step:2101/3350 train_time:3896.474s step_avg:1854.58ms
step:2102/3350 train_time:3898.312s step_avg:1854.57ms
step:2103/3350 train_time:3900.151s step_avg:1854.57ms
step:2104/3350 train_time:3901.992s step_avg:1854.56ms
step:2105/3350 train_time:3903.832s step_avg:1854.55ms
step:2106/3350 train_time:3905.672s step_avg:1854.55ms
step:2107/3350 train_time:3907.512s step_avg:1854.54ms
step:2108/3350 train_time:3909.352s step_avg:1854.53ms
step:2109/3350 train_time:3911.193s step_avg:1854.52ms
step:2110/3350 train_time:3913.032s step_avg:1854.52ms
step:2111/3350 train_time:3914.872s step_avg:1854.51ms
step:2112/3350 train_time:3916.713s step_avg:1854.50ms
step:2113/3350 train_time:3918.554s step_avg:1854.50ms
step:2114/3350 train_time:3920.395s step_avg:1854.49ms
step:2115/3350 train_time:3922.236s step_avg:1854.49ms
step:2116/3350 train_time:3924.077s step_avg:1854.48ms
step:2117/3350 train_time:3925.919s step_avg:1854.47ms
step:2118/3350 train_time:3927.760s step_avg:1854.47ms
step:2119/3350 train_time:3929.601s step_avg:1854.46ms
step:2120/3350 train_time:3931.441s step_avg:1854.45ms
step:2121/3350 train_time:3933.283s step_avg:1854.45ms
step:2122/3350 train_time:3935.122s step_avg:1854.44ms
step:2123/3350 train_time:3936.964s step_avg:1854.43ms
step:2124/3350 train_time:3938.805s step_avg:1854.43ms
step:2125/3350 train_time:3940.985s step_avg:1854.58ms
step:2125/3350 val_loss:3.41632 train_time:3940.986s step_avg:1852.89ms
step:2126/3350 train_time:3942.828s step_avg:1854.58ms
step:2127/3350 train_time:3944.669s step_avg:1854.57ms
step:2128/3350 train_time:3946.510s step_avg:1854.56ms
step:2129/3350 train_time:3948.351s step_avg:1854.56ms
step:2130/3350 train_time:3950.194s step_avg:1854.55ms
step:2131/3350 train_time:3952.038s step_avg:1854.55ms
step:2132/3350 train_time:3953.879s step_avg:1854.54ms
step:2133/3350 train_time:3955.721s step_avg:1854.53ms
step:2134/3350 train_time:3957.562s step_avg:1854.53ms
step:2135/3350 train_time:3959.403s step_avg:1854.52ms
step:2136/3350 train_time:3961.243s step_avg:1854.51ms
step:2137/3350 train_time:3963.084s step_avg:1854.51ms
step:2138/3350 train_time:3964.925s step_avg:1854.50ms
step:2139/3350 train_time:3966.768s step_avg:1854.50ms
step:2140/3350 train_time:3968.611s step_avg:1854.49ms
step:2141/3350 train_time:3970.450s step_avg:1854.48ms
step:2142/3350 train_time:3972.292s step_avg:1854.48ms
step:2143/3350 train_time:3974.135s step_avg:1854.47ms
step:2144/3350 train_time:3975.977s step_avg:1854.47ms
step:2145/3350 train_time:3977.819s step_avg:1854.46ms
step:2146/3350 train_time:3979.662s step_avg:1854.46ms
step:2147/3350 train_time:3981.504s step_avg:1854.45ms
step:2148/3350 train_time:3983.345s step_avg:1854.44ms
step:2149/3350 train_time:3985.186s step_avg:1854.44ms
step:2150/3350 train_time:3987.305s step_avg:1854.56ms
step:2151/3350 train_time:3989.146s step_avg:1854.55ms
step:2152/3350 train_time:3990.987s step_avg:1854.55ms
step:2153/3350 train_time:3992.828s step_avg:1854.54ms
step:2154/3350 train_time:3994.670s step_avg:1854.54ms
step:2155/3350 train_time:3996.511s step_avg:1854.53ms
step:2156/3350 train_time:3998.351s step_avg:1854.52ms
step:2157/3350 train_time:4000.191s step_avg:1854.52ms
step:2158/3350 train_time:4002.034s step_avg:1854.51ms
step:2159/3350 train_time:4003.876s step_avg:1854.50ms
step:2160/3350 train_time:4005.719s step_avg:1854.50ms
step:2161/3350 train_time:4007.560s step_avg:1854.49ms
step:2162/3350 train_time:4009.402s step_avg:1854.49ms
step:2163/3350 train_time:4011.243s step_avg:1854.48ms
step:2164/3350 train_time:4013.083s step_avg:1854.47ms
step:2165/3350 train_time:4014.925s step_avg:1854.47ms
step:2166/3350 train_time:4016.765s step_avg:1854.46ms
step:2167/3350 train_time:4018.606s step_avg:1854.46ms
step:2168/3350 train_time:4020.448s step_avg:1854.45ms
step:2169/3350 train_time:4022.289s step_avg:1854.44ms
step:2170/3350 train_time:4024.131s step_avg:1854.44ms
step:2171/3350 train_time:4025.972s step_avg:1854.43ms
step:2172/3350 train_time:4027.815s step_avg:1854.43ms
step:2173/3350 train_time:4029.657s step_avg:1854.42ms
step:2174/3350 train_time:4031.498s step_avg:1854.41ms
step:2175/3350 train_time:4033.616s step_avg:1854.54ms
step:2176/3350 train_time:4035.457s step_avg:1854.53ms
step:2177/3350 train_time:4037.298s step_avg:1854.52ms
step:2178/3350 train_time:4039.139s step_avg:1854.52ms
step:2179/3350 train_time:4040.980s step_avg:1854.51ms
step:2180/3350 train_time:4042.821s step_avg:1854.51ms
step:2181/3350 train_time:4044.663s step_avg:1854.50ms
step:2182/3350 train_time:4046.505s step_avg:1854.49ms
step:2183/3350 train_time:4048.346s step_avg:1854.49ms
step:2184/3350 train_time:4050.187s step_avg:1854.48ms
step:2185/3350 train_time:4052.027s step_avg:1854.47ms
step:2186/3350 train_time:4053.869s step_avg:1854.47ms
step:2187/3350 train_time:4055.712s step_avg:1854.46ms
step:2188/3350 train_time:4057.553s step_avg:1854.46ms
step:2189/3350 train_time:4059.395s step_avg:1854.45ms
step:2190/3350 train_time:4061.236s step_avg:1854.45ms
step:2191/3350 train_time:4063.077s step_avg:1854.44ms
step:2192/3350 train_time:4064.918s step_avg:1854.43ms
step:2193/3350 train_time:4066.759s step_avg:1854.43ms
step:2194/3350 train_time:4068.601s step_avg:1854.42ms
step:2195/3350 train_time:4070.442s step_avg:1854.42ms
step:2196/3350 train_time:4072.285s step_avg:1854.41ms
step:2197/3350 train_time:4074.126s step_avg:1854.40ms
step:2198/3350 train_time:4075.966s step_avg:1854.40ms
step:2199/3350 train_time:4077.808s step_avg:1854.39ms
step:2200/3350 train_time:4079.937s step_avg:1854.52ms
step:2201/3350 train_time:4081.779s step_avg:1854.51ms
step:2202/3350 train_time:4083.622s step_avg:1854.51ms
step:2203/3350 train_time:4085.464s step_avg:1854.50ms
step:2204/3350 train_time:4087.303s step_avg:1854.49ms
step:2205/3350 train_time:4089.144s step_avg:1854.49ms
step:2206/3350 train_time:4090.985s step_avg:1854.48ms
step:2207/3350 train_time:4092.827s step_avg:1854.48ms
step:2208/3350 train_time:4094.669s step_avg:1854.47ms
step:2209/3350 train_time:4096.514s step_avg:1854.47ms
step:2210/3350 train_time:4098.356s step_avg:1854.46ms
step:2211/3350 train_time:4100.198s step_avg:1854.45ms
step:2212/3350 train_time:4102.041s step_avg:1854.45ms
step:2213/3350 train_time:4103.887s step_avg:1854.44ms
step:2214/3350 train_time:4105.731s step_avg:1854.44ms
step:2215/3350 train_time:4107.574s step_avg:1854.44ms
step:2216/3350 train_time:4109.416s step_avg:1854.43ms
step:2217/3350 train_time:4111.260s step_avg:1854.42ms
step:2218/3350 train_time:4113.101s step_avg:1854.42ms
step:2219/3350 train_time:4114.943s step_avg:1854.41ms
step:2220/3350 train_time:4116.784s step_avg:1854.41ms
step:2221/3350 train_time:4118.626s step_avg:1854.40ms
step:2222/3350 train_time:4120.469s step_avg:1854.40ms
step:2223/3350 train_time:4122.311s step_avg:1854.39ms
step:2224/3350 train_time:4124.153s step_avg:1854.39ms
step:2225/3350 train_time:4126.271s step_avg:1854.50ms
step:2226/3350 train_time:4128.113s step_avg:1854.50ms
step:2227/3350 train_time:4129.955s step_avg:1854.49ms
step:2228/3350 train_time:4131.798s step_avg:1854.49ms
step:2229/3350 train_time:4133.639s step_avg:1854.48ms
step:2230/3350 train_time:4135.486s step_avg:1854.48ms
step:2231/3350 train_time:4137.329s step_avg:1854.47ms
step:2232/3350 train_time:4139.171s step_avg:1854.47ms
step:2233/3350 train_time:4141.014s step_avg:1854.46ms
step:2234/3350 train_time:4142.856s step_avg:1854.46ms
step:2235/3350 train_time:4144.705s step_avg:1854.45ms
step:2236/3350 train_time:4146.546s step_avg:1854.45ms
step:2237/3350 train_time:4148.388s step_avg:1854.44ms
step:2238/3350 train_time:4150.233s step_avg:1854.44ms
step:2239/3350 train_time:4152.074s step_avg:1854.43ms
step:2240/3350 train_time:4153.918s step_avg:1854.43ms
step:2241/3350 train_time:4155.761s step_avg:1854.42ms
step:2242/3350 train_time:4157.604s step_avg:1854.42ms
step:2243/3350 train_time:4159.446s step_avg:1854.41ms
step:2244/3350 train_time:4161.288s step_avg:1854.41ms
step:2245/3350 train_time:4163.134s step_avg:1854.40ms
step:2246/3350 train_time:4164.976s step_avg:1854.40ms
step:2247/3350 train_time:4166.819s step_avg:1854.39ms
step:2248/3350 train_time:4168.660s step_avg:1854.39ms
step:2249/3350 train_time:4170.501s step_avg:1854.38ms
step:2250/3350 train_time:4172.685s step_avg:1854.53ms
step:2250/3350 val_loss:3.40068 train_time:4172.685s step_avg:1853.60ms
step:2251/3350 train_time:4174.532s step_avg:1854.52ms
step:2252/3350 train_time:4176.374s step_avg:1854.52ms
step:2253/3350 train_time:4178.217s step_avg:1854.51ms
step:2254/3350 train_time:4180.058s step_avg:1854.51ms
step:2255/3350 train_time:4181.900s step_avg:1854.50ms
step:2256/3350 train_time:4183.743s step_avg:1854.50ms
step:2257/3350 train_time:4185.586s step_avg:1854.49ms
step:2258/3350 train_time:4187.427s step_avg:1854.49ms
step:2259/3350 train_time:4189.270s step_avg:1854.48ms
step:2260/3350 train_time:4191.112s step_avg:1854.47ms
step:2261/3350 train_time:4192.954s step_avg:1854.47ms
step:2262/3350 train_time:4194.796s step_avg:1854.46ms
step:2263/3350 train_time:4196.636s step_avg:1854.46ms
step:2264/3350 train_time:4198.477s step_avg:1854.45ms
step:2265/3350 train_time:4200.320s step_avg:1854.45ms
step:2266/3350 train_time:4202.162s step_avg:1854.44ms
step:2267/3350 train_time:4204.005s step_avg:1854.44ms
step:2268/3350 train_time:4205.847s step_avg:1854.43ms
step:2269/3350 train_time:4207.690s step_avg:1854.42ms
step:2270/3350 train_time:4209.534s step_avg:1854.42ms
step:2271/3350 train_time:4211.376s step_avg:1854.41ms
step:2272/3350 train_time:4213.217s step_avg:1854.41ms
step:2273/3350 train_time:4215.061s step_avg:1854.40ms
step:2274/3350 train_time:4216.903s step_avg:1854.40ms
step:2275/3350 train_time:4219.032s step_avg:1854.52ms
step:2276/3350 train_time:4220.877s step_avg:1854.52ms
step:2277/3350 train_time:4222.719s step_avg:1854.51ms
step:2278/3350 train_time:4224.562s step_avg:1854.50ms
step:2279/3350 train_time:4226.406s step_avg:1854.50ms
step:2280/3350 train_time:4228.248s step_avg:1854.49ms
step:2281/3350 train_time:4230.130s step_avg:1854.51ms
step:2282/3350 train_time:4231.974s step_avg:1854.50ms
step:2283/3350 train_time:4233.817s step_avg:1854.50ms
step:2284/3350 train_time:4235.660s step_avg:1854.49ms
step:2285/3350 train_time:4237.504s step_avg:1854.49ms
step:2286/3350 train_time:4239.346s step_avg:1854.48ms
step:2287/3350 train_time:4241.192s step_avg:1854.48ms
step:2288/3350 train_time:4243.034s step_avg:1854.47ms
step:2289/3350 train_time:4244.876s step_avg:1854.47ms
step:2290/3350 train_time:4246.720s step_avg:1854.46ms
step:2291/3350 train_time:4248.563s step_avg:1854.46ms
step:2292/3350 train_time:4250.407s step_avg:1854.45ms
step:2293/3350 train_time:4252.250s step_avg:1854.45ms
step:2294/3350 train_time:4254.093s step_avg:1854.44ms
step:2295/3350 train_time:4255.936s step_avg:1854.44ms
step:2296/3350 train_time:4257.781s step_avg:1854.43ms
step:2297/3350 train_time:4259.623s step_avg:1854.43ms
step:2298/3350 train_time:4261.466s step_avg:1854.42ms
step:2299/3350 train_time:4263.307s step_avg:1854.42ms
step:2300/3350 train_time:4265.444s step_avg:1854.54ms
step:2301/3350 train_time:4267.288s step_avg:1854.54ms
step:2302/3350 train_time:4269.129s step_avg:1854.53ms
step:2303/3350 train_time:4270.970s step_avg:1854.52ms
step:2304/3350 train_time:4272.811s step_avg:1854.52ms
step:2305/3350 train_time:4274.654s step_avg:1854.51ms
step:2306/3350 train_time:4276.496s step_avg:1854.51ms
step:2307/3350 train_time:4278.338s step_avg:1854.50ms
step:2308/3350 train_time:4280.181s step_avg:1854.50ms
step:2309/3350 train_time:4282.024s step_avg:1854.49ms
step:2310/3350 train_time:4283.867s step_avg:1854.49ms
step:2311/3350 train_time:4285.708s step_avg:1854.48ms
step:2312/3350 train_time:4287.551s step_avg:1854.48ms
step:2313/3350 train_time:4289.393s step_avg:1854.47ms
step:2314/3350 train_time:4291.235s step_avg:1854.47ms
step:2315/3350 train_time:4293.077s step_avg:1854.46ms
step:2316/3350 train_time:4294.920s step_avg:1854.46ms
step:2317/3350 train_time:4296.763s step_avg:1854.45ms
step:2318/3350 train_time:4298.606s step_avg:1854.45ms
step:2319/3350 train_time:4300.448s step_avg:1854.44ms
step:2320/3350 train_time:4302.292s step_avg:1854.44ms
step:2321/3350 train_time:4304.133s step_avg:1854.43ms
step:2322/3350 train_time:4305.974s step_avg:1854.42ms
step:2323/3350 train_time:4307.818s step_avg:1854.42ms
step:2324/3350 train_time:4309.659s step_avg:1854.41ms
step:2325/3350 train_time:4311.776s step_avg:1854.53ms
step:2326/3350 train_time:4313.619s step_avg:1854.52ms
step:2327/3350 train_time:4315.461s step_avg:1854.52ms
step:2328/3350 train_time:4317.302s step_avg:1854.51ms
step:2329/3350 train_time:4319.143s step_avg:1854.51ms
step:2330/3350 train_time:4320.983s step_avg:1854.50ms
step:2331/3350 train_time:4322.827s step_avg:1854.49ms
step:2332/3350 train_time:4324.670s step_avg:1854.49ms
step:2333/3350 train_time:4326.513s step_avg:1854.48ms
step:2334/3350 train_time:4328.354s step_avg:1854.48ms
step:2335/3350 train_time:4330.196s step_avg:1854.47ms
step:2336/3350 train_time:4332.038s step_avg:1854.47ms
step:2337/3350 train_time:4333.880s step_avg:1854.46ms
step:2338/3350 train_time:4335.723s step_avg:1854.46ms
step:2339/3350 train_time:4337.565s step_avg:1854.45ms
step:2340/3350 train_time:4339.408s step_avg:1854.45ms
step:2341/3350 train_time:4341.250s step_avg:1854.44ms
step:2342/3350 train_time:4343.091s step_avg:1854.44ms
step:2343/3350 train_time:4344.934s step_avg:1854.43ms
step:2344/3350 train_time:4346.774s step_avg:1854.43ms
step:2345/3350 train_time:4348.618s step_avg:1854.42ms
step:2346/3350 train_time:4350.463s step_avg:1854.42ms
step:2347/3350 train_time:4352.306s step_avg:1854.41ms
step:2348/3350 train_time:4354.148s step_avg:1854.41ms
step:2349/3350 train_time:4355.989s step_avg:1854.40ms
step:2350/3350 train_time:4358.106s step_avg:1854.51ms
step:2351/3350 train_time:4359.949s step_avg:1854.51ms
step:2352/3350 train_time:4361.791s step_avg:1854.50ms
step:2353/3350 train_time:4363.632s step_avg:1854.50ms
step:2354/3350 train_time:4365.475s step_avg:1854.49ms
step:2355/3350 train_time:4367.317s step_avg:1854.49ms
step:2356/3350 train_time:4369.160s step_avg:1854.48ms
step:2357/3350 train_time:4371.002s step_avg:1854.48ms
step:2358/3350 train_time:4372.843s step_avg:1854.47ms
step:2359/3350 train_time:4374.685s step_avg:1854.47ms
step:2360/3350 train_time:4376.527s step_avg:1854.46ms
step:2361/3350 train_time:4378.369s step_avg:1854.46ms
step:2362/3350 train_time:4380.211s step_avg:1854.45ms
step:2363/3350 train_time:4382.054s step_avg:1854.45ms
step:2364/3350 train_time:4383.897s step_avg:1854.44ms
step:2365/3350 train_time:4385.737s step_avg:1854.43ms
step:2366/3350 train_time:4387.579s step_avg:1854.43ms
step:2367/3350 train_time:4389.425s step_avg:1854.43ms
step:2368/3350 train_time:4391.265s step_avg:1854.42ms
step:2369/3350 train_time:4393.107s step_avg:1854.41ms
step:2370/3350 train_time:4394.949s step_avg:1854.41ms
step:2371/3350 train_time:4396.791s step_avg:1854.40ms
step:2372/3350 train_time:4398.633s step_avg:1854.40ms
step:2373/3350 train_time:4400.474s step_avg:1854.39ms
step:2374/3350 train_time:4402.315s step_avg:1854.39ms
step:2375/3350 train_time:4404.496s step_avg:1854.52ms
step:2375/3350 val_loss:3.38409 train_time:4404.496s step_avg:1854.49ms
step:2376/3350 train_time:4406.338s step_avg:1854.52ms
step:2377/3350 train_time:4408.180s step_avg:1854.51ms
step:2378/3350 train_time:4410.024s step_avg:1854.51ms
step:2379/3350 train_time:4411.865s step_avg:1854.50ms
step:2380/3350 train_time:4413.709s step_avg:1854.50ms
step:2381/3350 train_time:4415.552s step_avg:1854.49ms
step:2382/3350 train_time:4417.394s step_avg:1854.49ms
step:2383/3350 train_time:4419.235s step_avg:1854.48ms
step:2384/3350 train_time:4421.077s step_avg:1854.48ms
step:2385/3350 train_time:4422.918s step_avg:1854.47ms
step:2386/3350 train_time:4424.760s step_avg:1854.47ms
step:2387/3350 train_time:4426.602s step_avg:1854.46ms
step:2388/3350 train_time:4428.444s step_avg:1854.46ms
step:2389/3350 train_time:4430.285s step_avg:1854.45ms
step:2390/3350 train_time:4432.127s step_avg:1854.45ms
step:2391/3350 train_time:4433.968s step_avg:1854.44ms
step:2392/3350 train_time:4435.810s step_avg:1854.44ms
step:2393/3350 train_time:4437.652s step_avg:1854.43ms
step:2394/3350 train_time:4439.493s step_avg:1854.42ms
step:2395/3350 train_time:4441.333s step_avg:1854.42ms
step:2396/3350 train_time:4443.177s step_avg:1854.41ms
step:2397/3350 train_time:4445.019s step_avg:1854.41ms
step:2398/3350 train_time:4446.862s step_avg:1854.40ms
step:2399/3350 train_time:4448.703s step_avg:1854.40ms
step:2400/3350 train_time:4450.832s step_avg:1854.51ms
step:2401/3350 train_time:4452.673s step_avg:1854.51ms
step:2402/3350 train_time:4454.514s step_avg:1854.50ms
step:2403/3350 train_time:4456.354s step_avg:1854.50ms
step:2404/3350 train_time:4458.197s step_avg:1854.49ms
step:2405/3350 train_time:4460.038s step_avg:1854.49ms
step:2406/3350 train_time:4461.880s step_avg:1854.48ms
step:2407/3350 train_time:4463.722s step_avg:1854.48ms
step:2408/3350 train_time:4465.564s step_avg:1854.47ms
step:2409/3350 train_time:4467.407s step_avg:1854.47ms
step:2410/3350 train_time:4469.250s step_avg:1854.46ms
step:2411/3350 train_time:4471.092s step_avg:1854.46ms
step:2412/3350 train_time:4472.933s step_avg:1854.45ms
step:2413/3350 train_time:4474.777s step_avg:1854.45ms
step:2414/3350 train_time:4476.620s step_avg:1854.44ms
step:2415/3350 train_time:4478.461s step_avg:1854.44ms
step:2416/3350 train_time:4480.304s step_avg:1854.43ms
step:2417/3350 train_time:4482.146s step_avg:1854.43ms
step:2418/3350 train_time:4483.987s step_avg:1854.42ms
step:2419/3350 train_time:4485.828s step_avg:1854.41ms
step:2420/3350 train_time:4487.669s step_avg:1854.41ms
step:2421/3350 train_time:4489.511s step_avg:1854.40ms
step:2422/3350 train_time:4491.353s step_avg:1854.40ms
step:2423/3350 train_time:4493.195s step_avg:1854.39ms
step:2424/3350 train_time:4495.038s step_avg:1854.39ms
step:2425/3350 train_time:4497.156s step_avg:1854.50ms
step:2426/3350 train_time:4498.998s step_avg:1854.49ms
step:2427/3350 train_time:4500.843s step_avg:1854.49ms
step:2428/3350 train_time:4502.685s step_avg:1854.48ms
step:2429/3350 train_time:4504.526s step_avg:1854.48ms
step:2430/3350 train_time:4506.368s step_avg:1854.47ms
step:2431/3350 train_time:4508.212s step_avg:1854.47ms
step:2432/3350 train_time:4510.057s step_avg:1854.46ms
step:2433/3350 train_time:4511.900s step_avg:1854.46ms
step:2434/3350 train_time:4513.742s step_avg:1854.45ms
step:2435/3350 train_time:4515.585s step_avg:1854.45ms
step:2436/3350 train_time:4517.427s step_avg:1854.44ms
step:2437/3350 train_time:4519.270s step_avg:1854.44ms
step:2438/3350 train_time:4521.112s step_avg:1854.43ms
step:2439/3350 train_time:4522.954s step_avg:1854.43ms
step:2440/3350 train_time:4524.797s step_avg:1854.42ms
step:2441/3350 train_time:4526.639s step_avg:1854.42ms
step:2442/3350 train_time:4528.482s step_avg:1854.42ms
step:2443/3350 train_time:4530.324s step_avg:1854.41ms
step:2444/3350 train_time:4532.166s step_avg:1854.41ms
step:2445/3350 train_time:4534.009s step_avg:1854.40ms
step:2446/3350 train_time:4535.851s step_avg:1854.40ms
step:2447/3350 train_time:4537.693s step_avg:1854.39ms
step:2448/3350 train_time:4539.535s step_avg:1854.39ms
step:2449/3350 train_time:4541.378s step_avg:1854.38ms
step:2450/3350 train_time:4543.495s step_avg:1854.49ms
step:2451/3350 train_time:4545.336s step_avg:1854.48ms
step:2452/3350 train_time:4547.179s step_avg:1854.48ms
step:2453/3350 train_time:4549.021s step_avg:1854.47ms
step:2454/3350 train_time:4550.863s step_avg:1854.47ms
step:2455/3350 train_time:4552.706s step_avg:1854.46ms
step:2456/3350 train_time:4554.547s step_avg:1854.46ms
step:2457/3350 train_time:4556.388s step_avg:1854.45ms
step:2458/3350 train_time:4558.232s step_avg:1854.45ms
step:2459/3350 train_time:4560.072s step_avg:1854.44ms
step:2460/3350 train_time:4561.915s step_avg:1854.44ms
step:2461/3350 train_time:4563.757s step_avg:1854.43ms
step:2462/3350 train_time:4565.599s step_avg:1854.43ms
step:2463/3350 train_time:4567.442s step_avg:1854.42ms
step:2464/3350 train_time:4569.283s step_avg:1854.42ms
step:2465/3350 train_time:4571.125s step_avg:1854.41ms
step:2466/3350 train_time:4572.966s step_avg:1854.41ms
step:2467/3350 train_time:4574.807s step_avg:1854.40ms
step:2468/3350 train_time:4576.649s step_avg:1854.40ms
step:2469/3350 train_time:4578.490s step_avg:1854.39ms
step:2470/3350 train_time:4580.334s step_avg:1854.39ms
step:2471/3350 train_time:4582.213s step_avg:1854.40ms
step:2472/3350 train_time:4584.056s step_avg:1854.39ms
step:2473/3350 train_time:4585.896s step_avg:1854.39ms
step:2474/3350 train_time:4587.739s step_avg:1854.38ms
step:2475/3350 train_time:4589.856s step_avg:1854.49ms
step:2476/3350 train_time:4591.697s step_avg:1854.48ms
step:2477/3350 train_time:4593.539s step_avg:1854.48ms
step:2478/3350 train_time:4595.382s step_avg:1854.47ms
step:2479/3350 train_time:4597.225s step_avg:1854.47ms
step:2480/3350 train_time:4599.069s step_avg:1854.46ms
step:2481/3350 train_time:4600.913s step_avg:1854.46ms
step:2482/3350 train_time:4602.759s step_avg:1854.46ms
step:2483/3350 train_time:4604.605s step_avg:1854.45ms
step:2484/3350 train_time:4606.450s step_avg:1854.45ms
step:2485/3350 train_time:4608.294s step_avg:1854.44ms
step:2486/3350 train_time:4610.139s step_avg:1854.44ms
step:2487/3350 train_time:4611.984s step_avg:1854.44ms
step:2488/3350 train_time:4613.827s step_avg:1854.43ms
step:2489/3350 train_time:4615.669s step_avg:1854.43ms
step:2490/3350 train_time:4617.513s step_avg:1854.42ms
step:2491/3350 train_time:4619.356s step_avg:1854.42ms
step:2492/3350 train_time:4621.201s step_avg:1854.41ms
step:2493/3350 train_time:4623.045s step_avg:1854.41ms
step:2494/3350 train_time:4624.890s step_avg:1854.41ms
step:2495/3350 train_time:4626.734s step_avg:1854.40ms
step:2496/3350 train_time:4628.578s step_avg:1854.40ms
step:2497/3350 train_time:4630.422s step_avg:1854.39ms
step:2498/3350 train_time:4632.271s step_avg:1854.39ms
step:2499/3350 train_time:4634.116s step_avg:1854.39ms
step:2500/3350 train_time:4636.330s step_avg:1854.53ms
step:2500/3350 val_loss:3.36830 train_time:4636.330s step_avg:1854.67ms
step:2501/3350 train_time:4638.174s step_avg:1854.53ms
step:2502/3350 train_time:4640.021s step_avg:1854.52ms
step:2503/3350 train_time:4641.864s step_avg:1854.52ms
step:2504/3350 train_time:4643.708s step_avg:1854.52ms
step:2505/3350 train_time:4645.553s step_avg:1854.51ms
step:2506/3350 train_time:4647.394s step_avg:1854.51ms
step:2507/3350 train_time:4649.238s step_avg:1854.50ms
step:2508/3350 train_time:4651.081s step_avg:1854.50ms
step:2509/3350 train_time:4652.926s step_avg:1854.49ms
step:2510/3350 train_time:4654.769s step_avg:1854.49ms
step:2511/3350 train_time:4656.611s step_avg:1854.48ms
step:2512/3350 train_time:4658.455s step_avg:1854.48ms
step:2513/3350 train_time:4660.301s step_avg:1854.48ms
step:2514/3350 train_time:4662.147s step_avg:1854.47ms
step:2515/3350 train_time:4663.989s step_avg:1854.47ms
step:2516/3350 train_time:4665.831s step_avg:1854.46ms
step:2517/3350 train_time:4667.677s step_avg:1854.46ms
step:2518/3350 train_time:4669.522s step_avg:1854.46ms
step:2519/3350 train_time:4671.366s step_avg:1854.45ms
step:2520/3350 train_time:4673.209s step_avg:1854.45ms
step:2521/3350 train_time:4675.054s step_avg:1854.44ms
step:2522/3350 train_time:4676.898s step_avg:1854.44ms
step:2523/3350 train_time:4678.744s step_avg:1854.44ms
step:2524/3350 train_time:4680.587s step_avg:1854.43ms
step:2525/3350 train_time:4682.716s step_avg:1854.54ms
step:2526/3350 train_time:4684.561s step_avg:1854.54ms
step:2527/3350 train_time:4686.404s step_avg:1854.53ms
step:2528/3350 train_time:4688.249s step_avg:1854.53ms
step:2529/3350 train_time:4690.093s step_avg:1854.52ms
step:2530/3350 train_time:4691.938s step_avg:1854.52ms
step:2531/3350 train_time:4693.782s step_avg:1854.52ms
step:2532/3350 train_time:4695.625s step_avg:1854.51ms
step:2533/3350 train_time:4697.467s step_avg:1854.51ms
step:2534/3350 train_time:4699.310s step_avg:1854.50ms
step:2535/3350 train_time:4701.153s step_avg:1854.50ms
step:2536/3350 train_time:4702.998s step_avg:1854.49ms
step:2537/3350 train_time:4704.842s step_avg:1854.49ms
step:2538/3350 train_time:4706.684s step_avg:1854.49ms
step:2539/3350 train_time:4708.528s step_avg:1854.48ms
step:2540/3350 train_time:4710.372s step_avg:1854.48ms
step:2541/3350 train_time:4712.214s step_avg:1854.47ms
step:2542/3350 train_time:4714.057s step_avg:1854.47ms
step:2543/3350 train_time:4715.897s step_avg:1854.46ms
step:2544/3350 train_time:4717.738s step_avg:1854.46ms
step:2545/3350 train_time:4719.580s step_avg:1854.45ms
step:2546/3350 train_time:4721.423s step_avg:1854.45ms
step:2547/3350 train_time:4723.264s step_avg:1854.44ms
step:2548/3350 train_time:4725.107s step_avg:1854.44ms
step:2549/3350 train_time:4726.949s step_avg:1854.43ms
step:2550/3350 train_time:4729.065s step_avg:1854.54ms
step:2551/3350 train_time:4730.907s step_avg:1854.53ms
step:2552/3350 train_time:4732.748s step_avg:1854.53ms
step:2553/3350 train_time:4734.591s step_avg:1854.52ms
step:2554/3350 train_time:4736.434s step_avg:1854.52ms
step:2555/3350 train_time:4738.274s step_avg:1854.51ms
step:2556/3350 train_time:4740.117s step_avg:1854.51ms
step:2557/3350 train_time:4741.957s step_avg:1854.50ms
step:2558/3350 train_time:4743.798s step_avg:1854.50ms
step:2559/3350 train_time:4745.641s step_avg:1854.49ms
step:2560/3350 train_time:4747.485s step_avg:1854.49ms
step:2561/3350 train_time:4749.326s step_avg:1854.48ms
step:2562/3350 train_time:4751.169s step_avg:1854.48ms
step:2563/3350 train_time:4753.012s step_avg:1854.47ms
step:2564/3350 train_time:4754.854s step_avg:1854.47ms
step:2565/3350 train_time:4756.696s step_avg:1854.46ms
step:2566/3350 train_time:4758.537s step_avg:1854.46ms
step:2567/3350 train_time:4760.378s step_avg:1854.45ms
step:2568/3350 train_time:4762.219s step_avg:1854.45ms
step:2569/3350 train_time:4764.063s step_avg:1854.44ms
step:2570/3350 train_time:4765.904s step_avg:1854.44ms
step:2571/3350 train_time:4767.745s step_avg:1854.43ms
step:2572/3350 train_time:4769.587s step_avg:1854.43ms
step:2573/3350 train_time:4771.430s step_avg:1854.42ms
step:2574/3350 train_time:4773.274s step_avg:1854.42ms
step:2575/3350 train_time:4775.391s step_avg:1854.52ms
step:2576/3350 train_time:4777.232s step_avg:1854.52ms
step:2577/3350 train_time:4779.076s step_avg:1854.51ms
step:2578/3350 train_time:4780.917s step_avg:1854.51ms
step:2579/3350 train_time:4782.758s step_avg:1854.50ms
step:2580/3350 train_time:4784.599s step_avg:1854.50ms
step:2581/3350 train_time:4786.443s step_avg:1854.49ms
step:2582/3350 train_time:4788.286s step_avg:1854.49ms
step:2583/3350 train_time:4790.127s step_avg:1854.48ms
step:2584/3350 train_time:4791.968s step_avg:1854.48ms
step:2585/3350 train_time:4793.811s step_avg:1854.47ms
step:2586/3350 train_time:4795.652s step_avg:1854.47ms
step:2587/3350 train_time:4797.493s step_avg:1854.46ms
step:2588/3350 train_time:4799.334s step_avg:1854.46ms
step:2589/3350 train_time:4801.175s step_avg:1854.45ms
step:2590/3350 train_time:4803.017s step_avg:1854.45ms
step:2591/3350 train_time:4804.858s step_avg:1854.44ms
step:2592/3350 train_time:4806.699s step_avg:1854.44ms
step:2593/3350 train_time:4808.540s step_avg:1854.43ms
step:2594/3350 train_time:4810.384s step_avg:1854.43ms
step:2595/3350 train_time:4812.224s step_avg:1854.42ms
step:2596/3350 train_time:4814.066s step_avg:1854.42ms
step:2597/3350 train_time:4815.907s step_avg:1854.41ms
step:2598/3350 train_time:4817.750s step_avg:1854.41ms
step:2599/3350 train_time:4819.592s step_avg:1854.40ms
step:2600/3350 train_time:4821.721s step_avg:1854.51ms
step:2601/3350 train_time:4823.561s step_avg:1854.50ms
step:2602/3350 train_time:4825.402s step_avg:1854.50ms
step:2603/3350 train_time:4827.246s step_avg:1854.49ms
step:2604/3350 train_time:4829.087s step_avg:1854.49ms
step:2605/3350 train_time:4830.930s step_avg:1854.48ms
step:2606/3350 train_time:4832.772s step_avg:1854.48ms
step:2607/3350 train_time:4834.610s step_avg:1854.47ms
step:2608/3350 train_time:4836.451s step_avg:1854.47ms
step:2609/3350 train_time:4838.292s step_avg:1854.46ms
step:2610/3350 train_time:4840.132s step_avg:1854.46ms
step:2611/3350 train_time:4841.976s step_avg:1854.45ms
step:2612/3350 train_time:4843.817s step_avg:1854.45ms
step:2613/3350 train_time:4845.657s step_avg:1854.44ms
step:2614/3350 train_time:4847.498s step_avg:1854.44ms
step:2615/3350 train_time:4849.339s step_avg:1854.43ms
step:2616/3350 train_time:4851.181s step_avg:1854.43ms
step:2617/3350 train_time:4853.023s step_avg:1854.42ms
step:2618/3350 train_time:4854.866s step_avg:1854.42ms
step:2619/3350 train_time:4856.708s step_avg:1854.41ms
step:2620/3350 train_time:4858.549s step_avg:1854.41ms
step:2621/3350 train_time:4860.391s step_avg:1854.40ms
step:2622/3350 train_time:4862.231s step_avg:1854.40ms
step:2623/3350 train_time:4864.072s step_avg:1854.39ms
step:2624/3350 train_time:4865.914s step_avg:1854.39ms
step:2625/3350 train_time:4868.107s step_avg:1854.52ms
step:2625/3350 val_loss:3.35150 train_time:4868.108s step_avg:1854.22ms
step:2626/3350 train_time:4869.951s step_avg:1854.51ms
step:2627/3350 train_time:4871.794s step_avg:1854.51ms
step:2628/3350 train_time:4873.637s step_avg:1854.50ms
step:2629/3350 train_time:4875.480s step_avg:1854.50ms
step:2630/3350 train_time:4877.321s step_avg:1854.49ms
step:2631/3350 train_time:4879.165s step_avg:1854.49ms
step:2632/3350 train_time:4881.011s step_avg:1854.49ms
step:2633/3350 train_time:4882.854s step_avg:1854.48ms
step:2634/3350 train_time:4884.698s step_avg:1854.48ms
step:2635/3350 train_time:4886.540s step_avg:1854.47ms
step:2636/3350 train_time:4888.382s step_avg:1854.47ms
step:2637/3350 train_time:4890.224s step_avg:1854.46ms
step:2638/3350 train_time:4892.067s step_avg:1854.46ms
step:2639/3350 train_time:4893.909s step_avg:1854.46ms
step:2640/3350 train_time:4895.753s step_avg:1854.45ms
step:2641/3350 train_time:4897.596s step_avg:1854.45ms
step:2642/3350 train_time:4899.440s step_avg:1854.44ms
step:2643/3350 train_time:4901.284s step_avg:1854.44ms
step:2644/3350 train_time:4903.127s step_avg:1854.44ms
step:2645/3350 train_time:4904.969s step_avg:1854.43ms
step:2646/3350 train_time:4906.810s step_avg:1854.43ms
step:2647/3350 train_time:4908.654s step_avg:1854.42ms
step:2648/3350 train_time:4910.495s step_avg:1854.42ms
step:2649/3350 train_time:4912.336s step_avg:1854.41ms
step:2650/3350 train_time:4914.456s step_avg:1854.51ms
step:2651/3350 train_time:4916.299s step_avg:1854.51ms
step:2652/3350 train_time:4918.140s step_avg:1854.50ms
step:2653/3350 train_time:4919.982s step_avg:1854.50ms
step:2654/3350 train_time:4921.826s step_avg:1854.49ms
step:2655/3350 train_time:4923.668s step_avg:1854.49ms
step:2656/3350 train_time:4925.510s step_avg:1854.48ms
step:2657/3350 train_time:4927.352s step_avg:1854.48ms
step:2658/3350 train_time:4929.193s step_avg:1854.47ms
step:2659/3350 train_time:4931.035s step_avg:1854.47ms
step:2660/3350 train_time:4932.878s step_avg:1854.47ms
step:2661/3350 train_time:4934.754s step_avg:1854.47ms
step:2662/3350 train_time:4936.597s step_avg:1854.47ms
step:2663/3350 train_time:4938.437s step_avg:1854.46ms
step:2664/3350 train_time:4940.281s step_avg:1854.46ms
step:2665/3350 train_time:4942.124s step_avg:1854.46ms
step:2666/3350 train_time:4943.968s step_avg:1854.45ms
step:2667/3350 train_time:4945.810s step_avg:1854.45ms
step:2668/3350 train_time:4947.653s step_avg:1854.44ms
step:2669/3350 train_time:4949.497s step_avg:1854.44ms
step:2670/3350 train_time:4951.340s step_avg:1854.43ms
step:2671/3350 train_time:4953.182s step_avg:1854.43ms
step:2672/3350 train_time:4955.025s step_avg:1854.43ms
step:2673/3350 train_time:4956.867s step_avg:1854.42ms
step:2674/3350 train_time:4958.710s step_avg:1854.42ms
step:2675/3350 train_time:4960.830s step_avg:1854.52ms
step:2676/3350 train_time:4962.672s step_avg:1854.51ms
step:2677/3350 train_time:4964.515s step_avg:1854.51ms
step:2678/3350 train_time:4966.356s step_avg:1854.50ms
step:2679/3350 train_time:4968.199s step_avg:1854.50ms
step:2680/3350 train_time:4970.042s step_avg:1854.49ms
step:2681/3350 train_time:4971.883s step_avg:1854.49ms
step:2682/3350 train_time:4973.726s step_avg:1854.48ms
step:2683/3350 train_time:4975.569s step_avg:1854.48ms
step:2684/3350 train_time:4977.412s step_avg:1854.48ms
step:2685/3350 train_time:4979.254s step_avg:1854.47ms
step:2686/3350 train_time:4981.096s step_avg:1854.47ms
step:2687/3350 train_time:4982.937s step_avg:1854.46ms
step:2688/3350 train_time:4984.778s step_avg:1854.46ms
step:2689/3350 train_time:4986.620s step_avg:1854.45ms
step:2690/3350 train_time:4988.460s step_avg:1854.45ms
step:2691/3350 train_time:4990.301s step_avg:1854.44ms
step:2692/3350 train_time:4992.143s step_avg:1854.44ms
step:2693/3350 train_time:4993.983s step_avg:1854.43ms
step:2694/3350 train_time:4995.824s step_avg:1854.43ms
step:2695/3350 train_time:4997.668s step_avg:1854.42ms
step:2696/3350 train_time:4999.508s step_avg:1854.42ms
step:2697/3350 train_time:5001.348s step_avg:1854.41ms
step:2698/3350 train_time:5003.190s step_avg:1854.41ms
step:2699/3350 train_time:5005.034s step_avg:1854.40ms
step:2700/3350 train_time:5007.163s step_avg:1854.50ms
step:2701/3350 train_time:5009.004s step_avg:1854.50ms
step:2702/3350 train_time:5010.844s step_avg:1854.49ms
step:2703/3350 train_time:5012.687s step_avg:1854.49ms
step:2704/3350 train_time:5014.530s step_avg:1854.49ms
step:2705/3350 train_time:5016.374s step_avg:1854.48ms
step:2706/3350 train_time:5018.214s step_avg:1854.48ms
step:2707/3350 train_time:5020.055s step_avg:1854.47ms
step:2708/3350 train_time:5021.896s step_avg:1854.47ms
step:2709/3350 train_time:5023.738s step_avg:1854.46ms
step:2710/3350 train_time:5025.581s step_avg:1854.46ms
step:2711/3350 train_time:5027.424s step_avg:1854.45ms
step:2712/3350 train_time:5029.266s step_avg:1854.45ms
step:2713/3350 train_time:5031.108s step_avg:1854.44ms
step:2714/3350 train_time:5032.948s step_avg:1854.44ms
step:2715/3350 train_time:5034.787s step_avg:1854.43ms
step:2716/3350 train_time:5036.628s step_avg:1854.43ms
step:2717/3350 train_time:5038.470s step_avg:1854.42ms
step:2718/3350 train_time:5040.312s step_avg:1854.42ms
step:2719/3350 train_time:5042.154s step_avg:1854.41ms
step:2720/3350 train_time:5043.994s step_avg:1854.41ms
step:2721/3350 train_time:5045.834s step_avg:1854.40ms
step:2722/3350 train_time:5047.677s step_avg:1854.40ms
step:2723/3350 train_time:5049.518s step_avg:1854.40ms
step:2724/3350 train_time:5051.358s step_avg:1854.39ms
step:2725/3350 train_time:5053.475s step_avg:1854.49ms
step:2726/3350 train_time:5055.315s step_avg:1854.48ms
step:2727/3350 train_time:5057.155s step_avg:1854.48ms
step:2728/3350 train_time:5058.998s step_avg:1854.47ms
step:2729/3350 train_time:5060.840s step_avg:1854.47ms
step:2730/3350 train_time:5062.683s step_avg:1854.46ms
step:2731/3350 train_time:5064.524s step_avg:1854.46ms
step:2732/3350 train_time:5066.365s step_avg:1854.45ms
step:2733/3350 train_time:5068.205s step_avg:1854.45ms
step:2734/3350 train_time:5070.049s step_avg:1854.44ms
step:2735/3350 train_time:5071.890s step_avg:1854.44ms
step:2736/3350 train_time:5073.730s step_avg:1854.43ms
step:2737/3350 train_time:5075.571s step_avg:1854.43ms
step:2738/3350 train_time:5077.412s step_avg:1854.42ms
step:2739/3350 train_time:5079.254s step_avg:1854.42ms
step:2740/3350 train_time:5081.095s step_avg:1854.41ms
step:2741/3350 train_time:5082.936s step_avg:1854.41ms
step:2742/3350 train_time:5084.777s step_avg:1854.40ms
step:2743/3350 train_time:5086.618s step_avg:1854.40ms
step:2744/3350 train_time:5088.457s step_avg:1854.39ms
step:2745/3350 train_time:5090.297s step_avg:1854.39ms
step:2746/3350 train_time:5092.138s step_avg:1854.38ms
step:2747/3350 train_time:5093.980s step_avg:1854.38ms
step:2748/3350 train_time:5095.821s step_avg:1854.37ms
step:2749/3350 train_time:5097.661s step_avg:1854.37ms
step:2750/3350 train_time:5099.845s step_avg:1854.49ms
step:2750/3350 val_loss:3.33517 train_time:5099.845s step_avg:1853.90ms
step:2751/3350 train_time:5101.692s step_avg:1854.49ms
step:2752/3350 train_time:5103.532s step_avg:1854.48ms
step:2753/3350 train_time:5105.374s step_avg:1854.48ms
step:2754/3350 train_time:5107.217s step_avg:1854.47ms
step:2755/3350 train_time:5109.058s step_avg:1854.47ms
step:2756/3350 train_time:5110.901s step_avg:1854.46ms
step:2757/3350 train_time:5112.744s step_avg:1854.46ms
step:2758/3350 train_time:5114.589s step_avg:1854.46ms
step:2759/3350 train_time:5116.429s step_avg:1854.45ms
step:2760/3350 train_time:5118.271s step_avg:1854.45ms
step:2761/3350 train_time:5120.111s step_avg:1854.44ms
step:2762/3350 train_time:5121.954s step_avg:1854.44ms
step:2763/3350 train_time:5123.794s step_avg:1854.43ms
step:2764/3350 train_time:5125.635s step_avg:1854.43ms
step:2765/3350 train_time:5127.479s step_avg:1854.42ms
step:2766/3350 train_time:5129.322s step_avg:1854.42ms
step:2767/3350 train_time:5131.167s step_avg:1854.42ms
step:2768/3350 train_time:5133.010s step_avg:1854.41ms
step:2769/3350 train_time:5134.850s step_avg:1854.41ms
step:2770/3350 train_time:5136.691s step_avg:1854.40ms
step:2771/3350 train_time:5138.532s step_avg:1854.40ms
step:2772/3350 train_time:5140.373s step_avg:1854.39ms
step:2773/3350 train_time:5142.215s step_avg:1854.39ms
step:2774/3350 train_time:5144.058s step_avg:1854.38ms
step:2775/3350 train_time:5146.177s step_avg:1854.48ms
step:2776/3350 train_time:5148.018s step_avg:1854.47ms
step:2777/3350 train_time:5149.858s step_avg:1854.47ms
step:2778/3350 train_time:5151.702s step_avg:1854.46ms
step:2779/3350 train_time:5153.543s step_avg:1854.46ms
step:2780/3350 train_time:5155.385s step_avg:1854.46ms
step:2781/3350 train_time:5157.225s step_avg:1854.45ms
step:2782/3350 train_time:5159.067s step_avg:1854.45ms
step:2783/3350 train_time:5160.907s step_avg:1854.44ms
step:2784/3350 train_time:5162.749s step_avg:1854.44ms
step:2785/3350 train_time:5164.589s step_avg:1854.43ms
step:2786/3350 train_time:5166.430s step_avg:1854.43ms
step:2787/3350 train_time:5168.272s step_avg:1854.42ms
step:2788/3350 train_time:5170.112s step_avg:1854.42ms
step:2789/3350 train_time:5171.952s step_avg:1854.41ms
step:2790/3350 train_time:5173.793s step_avg:1854.41ms
step:2791/3350 train_time:5175.635s step_avg:1854.40ms
step:2792/3350 train_time:5177.476s step_avg:1854.40ms
step:2793/3350 train_time:5179.317s step_avg:1854.39ms
step:2794/3350 train_time:5181.158s step_avg:1854.39ms
step:2795/3350 train_time:5183.001s step_avg:1854.38ms
step:2796/3350 train_time:5184.843s step_avg:1854.38ms
step:2797/3350 train_time:5186.687s step_avg:1854.38ms
step:2798/3350 train_time:5188.528s step_avg:1854.37ms
step:2799/3350 train_time:5190.369s step_avg:1854.37ms
step:2800/3350 train_time:5192.497s step_avg:1854.46ms
step:2801/3350 train_time:5194.338s step_avg:1854.46ms
step:2802/3350 train_time:5196.179s step_avg:1854.45ms
step:2803/3350 train_time:5198.021s step_avg:1854.45ms
step:2804/3350 train_time:5199.861s step_avg:1854.44ms
step:2805/3350 train_time:5201.702s step_avg:1854.44ms
step:2806/3350 train_time:5203.542s step_avg:1854.43ms
step:2807/3350 train_time:5205.383s step_avg:1854.43ms
step:2808/3350 train_time:5207.226s step_avg:1854.43ms
step:2809/3350 train_time:5209.068s step_avg:1854.42ms
step:2810/3350 train_time:5210.907s step_avg:1854.42ms
step:2811/3350 train_time:5212.750s step_avg:1854.41ms
step:2812/3350 train_time:5214.591s step_avg:1854.41ms
step:2813/3350 train_time:5216.433s step_avg:1854.40ms
step:2814/3350 train_time:5218.274s step_avg:1854.40ms
step:2815/3350 train_time:5220.115s step_avg:1854.39ms
step:2816/3350 train_time:5221.956s step_avg:1854.39ms
step:2817/3350 train_time:5223.797s step_avg:1854.38ms
step:2818/3350 train_time:5225.639s step_avg:1854.38ms
step:2819/3350 train_time:5227.480s step_avg:1854.37ms
step:2820/3350 train_time:5229.322s step_avg:1854.37ms
step:2821/3350 train_time:5231.163s step_avg:1854.36ms
step:2822/3350 train_time:5233.006s step_avg:1854.36ms
step:2823/3350 train_time:5234.847s step_avg:1854.36ms
step:2824/3350 train_time:5236.688s step_avg:1854.35ms
step:2825/3350 train_time:5238.808s step_avg:1854.45ms
step:2826/3350 train_time:5240.650s step_avg:1854.44ms
step:2827/3350 train_time:5242.492s step_avg:1854.44ms
step:2828/3350 train_time:5244.332s step_avg:1854.43ms
step:2829/3350 train_time:5246.174s step_avg:1854.43ms
step:2830/3350 train_time:5248.019s step_avg:1854.42ms
step:2831/3350 train_time:5249.860s step_avg:1854.42ms
step:2832/3350 train_time:5251.700s step_avg:1854.41ms
step:2833/3350 train_time:5253.543s step_avg:1854.41ms
step:2834/3350 train_time:5255.384s step_avg:1854.41ms
step:2835/3350 train_time:5257.226s step_avg:1854.40ms
step:2836/3350 train_time:5259.066s step_avg:1854.40ms
step:2837/3350 train_time:5260.910s step_avg:1854.39ms
step:2838/3350 train_time:5262.750s step_avg:1854.39ms
step:2839/3350 train_time:5264.592s step_avg:1854.38ms
step:2840/3350 train_time:5266.433s step_avg:1854.38ms
step:2841/3350 train_time:5268.276s step_avg:1854.37ms
step:2842/3350 train_time:5270.116s step_avg:1854.37ms
step:2843/3350 train_time:5271.957s step_avg:1854.36ms
step:2844/3350 train_time:5273.798s step_avg:1854.36ms
step:2845/3350 train_time:5275.638s step_avg:1854.35ms
step:2846/3350 train_time:5277.479s step_avg:1854.35ms
step:2847/3350 train_time:5279.324s step_avg:1854.35ms
step:2848/3350 train_time:5281.165s step_avg:1854.34ms
step:2849/3350 train_time:5295.291s step_avg:1858.65ms
step:2850/3350 train_time:5297.442s step_avg:1858.75ms
step:2851/3350 train_time:5299.359s step_avg:1858.77ms
step:2852/3350 train_time:5301.233s step_avg:1858.78ms
step:2853/3350 train_time:5303.107s step_avg:1858.78ms
step:2854/3350 train_time:5304.986s step_avg:1858.79ms
step:2855/3350 train_time:5306.867s step_avg:1858.80ms
step:2856/3350 train_time:5308.746s step_avg:1858.80ms
step:2857/3350 train_time:5310.623s step_avg:1858.81ms
step:2858/3350 train_time:5312.500s step_avg:1858.82ms
step:2859/3350 train_time:5314.375s step_avg:1858.82ms
step:2860/3350 train_time:5316.250s step_avg:1858.83ms
step:2861/3350 train_time:5318.128s step_avg:1858.84ms
step:2862/3350 train_time:5320.005s step_avg:1858.84ms
step:2863/3350 train_time:5321.882s step_avg:1858.85ms
step:2864/3350 train_time:5323.760s step_avg:1858.85ms
step:2865/3350 train_time:5325.638s step_avg:1858.86ms
step:2866/3350 train_time:5327.518s step_avg:1858.87ms
step:2867/3350 train_time:5329.392s step_avg:1858.87ms
step:2868/3350 train_time:5331.268s step_avg:1858.88ms
step:2869/3350 train_time:5333.148s step_avg:1858.89ms
step:2870/3350 train_time:5335.027s step_avg:1858.89ms
step:2871/3350 train_time:5336.904s step_avg:1858.90ms
step:2872/3350 train_time:5338.786s step_avg:1858.91ms
step:2873/3350 train_time:5340.664s step_avg:1858.92ms
step:2874/3350 train_time:5342.546s step_avg:1858.92ms
step:2875/3350 train_time:5344.772s step_avg:1859.05ms
step:2875/3350 val_loss:3.32050 train_time:5344.772s step_avg:1959.41ms
step:2876/3350 train_time:5346.656s step_avg:1859.06ms
step:2877/3350 train_time:5348.534s step_avg:1859.07ms
step:2878/3350 train_time:5350.410s step_avg:1859.07ms
step:2879/3350 train_time:5352.294s step_avg:1859.08ms
step:2880/3350 train_time:5354.175s step_avg:1859.09ms
step:2881/3350 train_time:5356.058s step_avg:1859.10ms
step:2882/3350 train_time:5357.940s step_avg:1859.10ms
step:2883/3350 train_time:5359.821s step_avg:1859.11ms
step:2884/3350 train_time:5361.702s step_avg:1859.12ms
step:2885/3350 train_time:5363.582s step_avg:1859.13ms
step:2886/3350 train_time:5365.462s step_avg:1859.13ms
step:2887/3350 train_time:5367.344s step_avg:1859.14ms
step:2888/3350 train_time:5369.223s step_avg:1859.15ms
step:2889/3350 train_time:5371.100s step_avg:1859.16ms
step:2890/3350 train_time:5372.978s step_avg:1859.16ms
step:2891/3350 train_time:5374.858s step_avg:1859.17ms
step:2892/3350 train_time:5376.739s step_avg:1859.18ms
step:2893/3350 train_time:5378.621s step_avg:1859.18ms
step:2894/3350 train_time:5380.501s step_avg:1859.19ms
step:2895/3350 train_time:5382.385s step_avg:1859.20ms
step:2896/3350 train_time:5384.267s step_avg:1859.21ms
step:2897/3350 train_time:5386.149s step_avg:1859.22ms
step:2898/3350 train_time:5388.029s step_avg:1859.22ms
step:2899/3350 train_time:5389.909s step_avg:1859.23ms
step:2900/3350 train_time:5392.082s step_avg:1859.34ms
step:2901/3350 train_time:5393.961s step_avg:1859.35ms
step:2902/3350 train_time:5395.838s step_avg:1859.35ms
step:2903/3350 train_time:5397.719s step_avg:1859.36ms
step:2904/3350 train_time:5399.596s step_avg:1859.37ms
step:2905/3350 train_time:5401.475s step_avg:1859.37ms
step:2906/3350 train_time:5403.353s step_avg:1859.38ms
step:2907/3350 train_time:5405.233s step_avg:1859.39ms
step:2908/3350 train_time:5407.113s step_avg:1859.39ms
step:2909/3350 train_time:5408.993s step_avg:1859.40ms
step:2910/3350 train_time:5410.873s step_avg:1859.41ms
step:2911/3350 train_time:5412.752s step_avg:1859.41ms
step:2912/3350 train_time:5414.634s step_avg:1859.42ms
step:2913/3350 train_time:5416.512s step_avg:1859.43ms
step:2914/3350 train_time:5418.390s step_avg:1859.43ms
step:2915/3350 train_time:5420.269s step_avg:1859.44ms
step:2916/3350 train_time:5422.155s step_avg:1859.45ms
step:2917/3350 train_time:5424.036s step_avg:1859.46ms
step:2918/3350 train_time:5425.916s step_avg:1859.46ms
step:2919/3350 train_time:5427.797s step_avg:1859.47ms
step:2920/3350 train_time:5429.676s step_avg:1859.48ms
step:2921/3350 train_time:5431.558s step_avg:1859.49ms
step:2922/3350 train_time:5433.439s step_avg:1859.49ms
step:2923/3350 train_time:5435.319s step_avg:1859.50ms
step:2924/3350 train_time:5437.196s step_avg:1859.51ms
step:2925/3350 train_time:5439.363s step_avg:1859.61ms
step:2926/3350 train_time:5441.245s step_avg:1859.62ms
step:2927/3350 train_time:5443.125s step_avg:1859.63ms
step:2928/3350 train_time:5445.006s step_avg:1859.63ms
step:2929/3350 train_time:5446.884s step_avg:1859.64ms
step:2930/3350 train_time:5448.763s step_avg:1859.65ms
step:2931/3350 train_time:5450.645s step_avg:1859.65ms
step:2932/3350 train_time:5452.526s step_avg:1859.66ms
step:2933/3350 train_time:5454.407s step_avg:1859.67ms
step:2934/3350 train_time:5456.287s step_avg:1859.68ms
step:2935/3350 train_time:5458.167s step_avg:1859.68ms
step:2936/3350 train_time:5460.047s step_avg:1859.69ms
step:2937/3350 train_time:5461.929s step_avg:1859.70ms
step:2938/3350 train_time:5463.810s step_avg:1859.70ms
step:2939/3350 train_time:5465.693s step_avg:1859.71ms
step:2940/3350 train_time:5467.572s step_avg:1859.72ms
step:2941/3350 train_time:5469.453s step_avg:1859.73ms
step:2942/3350 train_time:5471.332s step_avg:1859.73ms
step:2943/3350 train_time:5473.213s step_avg:1859.74ms
step:2944/3350 train_time:5475.096s step_avg:1859.75ms
step:2945/3350 train_time:5476.977s step_avg:1859.75ms
step:2946/3350 train_time:5478.857s step_avg:1859.76ms
step:2947/3350 train_time:5480.734s step_avg:1859.77ms
step:2948/3350 train_time:5482.617s step_avg:1859.78ms
step:2949/3350 train_time:5484.500s step_avg:1859.78ms
step:2950/3350 train_time:5486.665s step_avg:1859.89ms
step:2951/3350 train_time:5488.544s step_avg:1859.89ms
step:2952/3350 train_time:5490.426s step_avg:1859.90ms
step:2953/3350 train_time:5492.306s step_avg:1859.91ms
step:2954/3350 train_time:5494.187s step_avg:1859.91ms
step:2955/3350 train_time:5496.069s step_avg:1859.92ms
step:2956/3350 train_time:5497.949s step_avg:1859.93ms
step:2957/3350 train_time:5499.829s step_avg:1859.94ms
step:2958/3350 train_time:5501.710s step_avg:1859.94ms
step:2959/3350 train_time:5503.588s step_avg:1859.95ms
step:2960/3350 train_time:5505.469s step_avg:1859.96ms
step:2961/3350 train_time:5507.347s step_avg:1859.96ms
step:2962/3350 train_time:5509.227s step_avg:1859.97ms
step:2963/3350 train_time:5511.105s step_avg:1859.97ms
step:2964/3350 train_time:5512.985s step_avg:1859.98ms
step:2965/3350 train_time:5514.866s step_avg:1859.99ms
step:2966/3350 train_time:5516.746s step_avg:1860.00ms
step:2967/3350 train_time:5518.629s step_avg:1860.00ms
step:2968/3350 train_time:5520.509s step_avg:1860.01ms
step:2969/3350 train_time:5522.387s step_avg:1860.02ms
step:2970/3350 train_time:5524.266s step_avg:1860.02ms
step:2971/3350 train_time:5526.145s step_avg:1860.03ms
step:2972/3350 train_time:5528.024s step_avg:1860.04ms
step:2973/3350 train_time:5529.909s step_avg:1860.04ms
step:2974/3350 train_time:5531.785s step_avg:1860.05ms
step:2975/3350 train_time:5533.949s step_avg:1860.15ms
step:2976/3350 train_time:5535.825s step_avg:1860.16ms
step:2977/3350 train_time:5537.705s step_avg:1860.16ms
step:2978/3350 train_time:5539.584s step_avg:1860.17ms
step:2979/3350 train_time:5541.465s step_avg:1860.18ms
step:2980/3350 train_time:5543.344s step_avg:1860.18ms
step:2981/3350 train_time:5545.227s step_avg:1860.19ms
step:2982/3350 train_time:5547.104s step_avg:1860.20ms
step:2983/3350 train_time:5548.981s step_avg:1860.20ms
step:2984/3350 train_time:5550.863s step_avg:1860.21ms
step:2985/3350 train_time:5552.741s step_avg:1860.21ms
step:2986/3350 train_time:5554.620s step_avg:1860.22ms
step:2987/3350 train_time:5556.500s step_avg:1860.23ms
step:2988/3350 train_time:5558.381s step_avg:1860.23ms
step:2989/3350 train_time:5560.257s step_avg:1860.24ms
step:2990/3350 train_time:5562.136s step_avg:1860.25ms
step:2991/3350 train_time:5564.015s step_avg:1860.25ms
step:2992/3350 train_time:5565.896s step_avg:1860.26ms
step:2993/3350 train_time:5567.774s step_avg:1860.27ms
step:2994/3350 train_time:5569.657s step_avg:1860.27ms
step:2995/3350 train_time:5571.536s step_avg:1860.28ms
step:2996/3350 train_time:5573.413s step_avg:1860.28ms
step:2997/3350 train_time:5575.293s step_avg:1860.29ms
step:2998/3350 train_time:5577.172s step_avg:1860.30ms
step:2999/3350 train_time:5579.054s step_avg:1860.30ms
step:3000/3350 train_time:5581.288s step_avg:1860.43ms
step:3000/3350 val_loss:3.30490 train_time:5581.289s step_avg:1892.13ms
step:3001/3350 train_time:5583.170s step_avg:1860.44ms
step:3002/3350 train_time:5585.047s step_avg:1860.44ms
step:3003/3350 train_time:5586.927s step_avg:1860.45ms
step:3004/3350 train_time:5588.803s step_avg:1860.45ms
step:3005/3350 train_time:5590.688s step_avg:1860.46ms
step:3006/3350 train_time:5592.567s step_avg:1860.47ms
step:3007/3350 train_time:5594.446s step_avg:1860.47ms
step:3008/3350 train_time:5596.324s step_avg:1860.48ms
step:3009/3350 train_time:5598.202s step_avg:1860.49ms
step:3010/3350 train_time:5600.079s step_avg:1860.49ms
step:3011/3350 train_time:5601.961s step_avg:1860.50ms
step:3012/3350 train_time:5603.841s step_avg:1860.50ms
step:3013/3350 train_time:5605.722s step_avg:1860.51ms
step:3014/3350 train_time:5607.603s step_avg:1860.52ms
step:3015/3350 train_time:5609.484s step_avg:1860.53ms
step:3016/3350 train_time:5611.363s step_avg:1860.53ms
step:3017/3350 train_time:5613.243s step_avg:1860.54ms
step:3018/3350 train_time:5615.125s step_avg:1860.54ms
step:3019/3350 train_time:5617.001s step_avg:1860.55ms
step:3020/3350 train_time:5618.880s step_avg:1860.56ms
step:3021/3350 train_time:5620.758s step_avg:1860.56ms
step:3022/3350 train_time:5622.637s step_avg:1860.57ms
step:3023/3350 train_time:5624.519s step_avg:1860.58ms
step:3024/3350 train_time:5626.399s step_avg:1860.58ms
step:3025/3350 train_time:5628.563s step_avg:1860.68ms
step:3025/3350 val_loss:3.30099 train_time:5628.563s step_avg:1890.99ms
step:3026/3350 train_time:5630.449s step_avg:1860.69ms
step:3027/3350 train_time:5632.333s step_avg:1860.70ms
step:3028/3350 train_time:5634.213s step_avg:1860.70ms
step:3029/3350 train_time:5636.095s step_avg:1860.71ms
step:3030/3350 train_time:5637.977s step_avg:1860.72ms
step:3031/3350 train_time:5639.863s step_avg:1860.73ms
step:3032/3350 train_time:5641.740s step_avg:1860.73ms
step:3033/3350 train_time:5643.618s step_avg:1860.74ms
step:3034/3350 train_time:5645.501s step_avg:1860.75ms
step:3035/3350 train_time:5647.379s step_avg:1860.75ms
step:3036/3350 train_time:5649.260s step_avg:1860.76ms
step:3037/3350 train_time:5651.142s step_avg:1860.76ms
step:3038/3350 train_time:5653.024s step_avg:1860.77ms
step:3039/3350 train_time:5654.900s step_avg:1860.78ms
step:3040/3350 train_time:5656.780s step_avg:1860.78ms
step:3041/3350 train_time:5658.699s step_avg:1860.80ms
step:3042/3350 train_time:5660.581s step_avg:1860.81ms
step:3043/3350 train_time:5662.464s step_avg:1860.82ms
step:3044/3350 train_time:5664.344s step_avg:1860.82ms
step:3045/3350 train_time:5666.222s step_avg:1860.83ms
step:3046/3350 train_time:5668.098s step_avg:1860.83ms
step:3047/3350 train_time:5669.978s step_avg:1860.84ms
step:3048/3350 train_time:5671.858s step_avg:1860.85ms
step:3049/3350 train_time:5673.738s step_avg:1860.85ms
step:3050/3350 train_time:5675.902s step_avg:1860.95ms
step:3050/3350 val_loss:3.29814 train_time:5675.903s step_avg:1893.57ms
step:3051/3350 train_time:5677.784s step_avg:1860.96ms
step:3052/3350 train_time:5679.662s step_avg:1860.96ms
step:3053/3350 train_time:5681.540s step_avg:1860.97ms
step:3054/3350 train_time:5683.428s step_avg:1860.98ms
step:3055/3350 train_time:5685.305s step_avg:1860.98ms
step:3056/3350 train_time:5687.187s step_avg:1860.99ms
step:3057/3350 train_time:5689.067s step_avg:1861.00ms
step:3058/3350 train_time:5690.949s step_avg:1861.00ms
step:3059/3350 train_time:5692.828s step_avg:1861.01ms
step:3060/3350 train_time:5694.709s step_avg:1861.02ms
step:3061/3350 train_time:5696.588s step_avg:1861.02ms
step:3062/3350 train_time:5698.467s step_avg:1861.03ms
step:3063/3350 train_time:5700.346s step_avg:1861.03ms
step:3064/3350 train_time:5702.225s step_avg:1861.04ms
step:3065/3350 train_time:5704.108s step_avg:1861.05ms
step:3066/3350 train_time:5705.990s step_avg:1861.05ms
step:3067/3350 train_time:5707.869s step_avg:1861.06ms
step:3068/3350 train_time:5709.748s step_avg:1861.07ms
step:3069/3350 train_time:5711.626s step_avg:1861.07ms
step:3070/3350 train_time:5713.504s step_avg:1861.08ms
step:3071/3350 train_time:5715.385s step_avg:1861.08ms
step:3072/3350 train_time:5717.265s step_avg:1861.09ms
step:3073/3350 train_time:5719.144s step_avg:1861.09ms
step:3074/3350 train_time:5721.024s step_avg:1861.10ms
step:3075/3350 train_time:5723.182s step_avg:1861.20ms
step:3075/3350 val_loss:3.29501 train_time:5723.183s step_avg:1891.20ms
step:3076/3350 train_time:5725.063s step_avg:1861.20ms
step:3077/3350 train_time:5726.950s step_avg:1861.21ms
step:3078/3350 train_time:5728.836s step_avg:1861.22ms
step:3079/3350 train_time:5730.715s step_avg:1861.23ms
step:3080/3350 train_time:5732.595s step_avg:1861.23ms
step:3081/3350 train_time:5734.473s step_avg:1861.24ms
step:3082/3350 train_time:5736.352s step_avg:1861.24ms
step:3083/3350 train_time:5738.230s step_avg:1861.25ms
step:3084/3350 train_time:5740.106s step_avg:1861.25ms
step:3085/3350 train_time:5741.984s step_avg:1861.26ms
step:3086/3350 train_time:5743.862s step_avg:1861.26ms
step:3087/3350 train_time:5745.743s step_avg:1861.27ms
step:3088/3350 train_time:5747.619s step_avg:1861.28ms
step:3089/3350 train_time:5749.499s step_avg:1861.28ms
step:3090/3350 train_time:5751.377s step_avg:1861.29ms
step:3091/3350 train_time:5753.255s step_avg:1861.29ms
step:3092/3350 train_time:5755.131s step_avg:1861.30ms
step:3093/3350 train_time:5757.010s step_avg:1861.30ms
step:3094/3350 train_time:5758.890s step_avg:1861.31ms
step:3095/3350 train_time:5760.769s step_avg:1861.31ms
step:3096/3350 train_time:5762.647s step_avg:1861.32ms
step:3097/3350 train_time:5764.527s step_avg:1861.33ms
step:3098/3350 train_time:5766.410s step_avg:1861.33ms
step:3099/3350 train_time:5768.291s step_avg:1861.34ms
step:3100/3350 train_time:5770.461s step_avg:1861.44ms
step:3100/3350 val_loss:3.29239 train_time:5770.462s step_avg:1891.17ms
step:3101/3350 train_time:5772.343s step_avg:1861.45ms
step:3102/3350 train_time:5774.223s step_avg:1861.45ms
step:3103/3350 train_time:5776.103s step_avg:1861.46ms
step:3104/3350 train_time:5777.982s step_avg:1861.46ms
step:3105/3350 train_time:5779.862s step_avg:1861.47ms
step:3106/3350 train_time:5781.741s step_avg:1861.47ms
step:3107/3350 train_time:5783.621s step_avg:1861.48ms
step:3108/3350 train_time:5785.503s step_avg:1861.49ms
step:3109/3350 train_time:5787.383s step_avg:1861.49ms
step:3110/3350 train_time:5789.261s step_avg:1861.50ms
step:3111/3350 train_time:5791.141s step_avg:1861.50ms
step:3112/3350 train_time:5793.020s step_avg:1861.51ms
step:3113/3350 train_time:5794.900s step_avg:1861.52ms
step:3114/3350 train_time:5796.779s step_avg:1861.52ms
step:3115/3350 train_time:5798.658s step_avg:1861.53ms
step:3116/3350 train_time:5800.535s step_avg:1861.53ms
step:3117/3350 train_time:5802.414s step_avg:1861.54ms
step:3118/3350 train_time:5804.295s step_avg:1861.54ms
step:3119/3350 train_time:5806.174s step_avg:1861.55ms
step:3120/3350 train_time:5808.052s step_avg:1861.56ms
step:3121/3350 train_time:5809.931s step_avg:1861.56ms
step:3122/3350 train_time:5811.810s step_avg:1861.57ms
step:3123/3350 train_time:5813.688s step_avg:1861.57ms
step:3124/3350 train_time:5815.567s step_avg:1861.58ms
step:3125/3350 train_time:5817.793s step_avg:1861.69ms
step:3125/3350 val_loss:3.28967 train_time:5817.794s step_avg:1893.28ms
step:3126/3350 train_time:5819.674s step_avg:1861.70ms
step:3127/3350 train_time:5821.550s step_avg:1861.70ms
step:3128/3350 train_time:5823.429s step_avg:1861.71ms
step:3129/3350 train_time:5825.310s step_avg:1861.72ms
step:3130/3350 train_time:5827.189s step_avg:1861.72ms
step:3131/3350 train_time:5829.066s step_avg:1861.73ms
step:3132/3350 train_time:5830.946s step_avg:1861.73ms
step:3133/3350 train_time:5832.826s step_avg:1861.74ms
step:3134/3350 train_time:5834.705s step_avg:1861.74ms
step:3135/3350 train_time:5836.581s step_avg:1861.75ms
step:3136/3350 train_time:5838.463s step_avg:1861.75ms
step:3137/3350 train_time:5840.342s step_avg:1861.76ms
step:3138/3350 train_time:5842.218s step_avg:1861.76ms
step:3139/3350 train_time:5844.094s step_avg:1861.77ms
step:3140/3350 train_time:5845.973s step_avg:1861.77ms
step:3141/3350 train_time:5847.853s step_avg:1861.78ms
step:3142/3350 train_time:5849.729s step_avg:1861.79ms
step:3143/3350 train_time:5851.607s step_avg:1861.79ms
step:3144/3350 train_time:5853.486s step_avg:1861.80ms
step:3145/3350 train_time:5855.364s step_avg:1861.80ms
step:3146/3350 train_time:5857.246s step_avg:1861.81ms
step:3147/3350 train_time:5859.122s step_avg:1861.81ms
step:3148/3350 train_time:5861.002s step_avg:1861.82ms
step:3149/3350 train_time:5862.878s step_avg:1861.82ms
step:3150/3350 train_time:5865.036s step_avg:1861.92ms
step:3150/3350 val_loss:3.28656 train_time:5865.036s step_avg:1889.70ms
step:3151/3350 train_time:5866.918s step_avg:1861.92ms
step:3152/3350 train_time:5868.797s step_avg:1861.93ms
step:3153/3350 train_time:5870.675s step_avg:1861.93ms
step:3154/3350 train_time:5872.555s step_avg:1861.94ms
step:3155/3350 train_time:5874.434s step_avg:1861.94ms
step:3156/3350 train_time:5876.313s step_avg:1861.95ms
step:3157/3350 train_time:5878.188s step_avg:1861.95ms
step:3158/3350 train_time:5880.066s step_avg:1861.96ms
step:3159/3350 train_time:5881.945s step_avg:1861.96ms
step:3160/3350 train_time:5883.822s step_avg:1861.97ms
step:3161/3350 train_time:5885.704s step_avg:1861.98ms
step:3162/3350 train_time:5887.584s step_avg:1861.98ms
step:3163/3350 train_time:5889.464s step_avg:1861.99ms
step:3164/3350 train_time:5891.342s step_avg:1861.99ms
step:3165/3350 train_time:5893.222s step_avg:1862.00ms
step:3166/3350 train_time:5895.101s step_avg:1862.00ms
step:3167/3350 train_time:5896.979s step_avg:1862.01ms
step:3168/3350 train_time:5898.858s step_avg:1862.01ms
step:3169/3350 train_time:5900.735s step_avg:1862.02ms
step:3170/3350 train_time:5902.614s step_avg:1862.02ms
step:3171/3350 train_time:5904.490s step_avg:1862.03ms
step:3172/3350 train_time:5906.365s step_avg:1862.03ms
step:3173/3350 train_time:5908.243s step_avg:1862.04ms
step:3174/3350 train_time:5910.120s step_avg:1862.04ms
step:3175/3350 train_time:5912.275s step_avg:1862.13ms
step:3175/3350 val_loss:3.28419 train_time:5912.275s step_avg:1889.55ms
step:3176/3350 train_time:5914.151s step_avg:1862.14ms
step:3177/3350 train_time:5916.027s step_avg:1862.14ms
step:3178/3350 train_time:5917.905s step_avg:1862.15ms
step:3179/3350 train_time:5919.783s step_avg:1862.15ms
step:3180/3350 train_time:5921.663s step_avg:1862.16ms
step:3181/3350 train_time:5923.538s step_avg:1862.16ms
step:3182/3350 train_time:5925.414s step_avg:1862.17ms
step:3183/3350 train_time:5927.291s step_avg:1862.17ms
step:3184/3350 train_time:5929.169s step_avg:1862.18ms
step:3185/3350 train_time:5931.047s step_avg:1862.18ms
step:3186/3350 train_time:5932.927s step_avg:1862.19ms
step:3187/3350 train_time:5934.805s step_avg:1862.19ms
step:3188/3350 train_time:5936.684s step_avg:1862.20ms
step:3189/3350 train_time:5938.565s step_avg:1862.20ms
step:3190/3350 train_time:5940.445s step_avg:1862.21ms
step:3191/3350 train_time:5942.321s step_avg:1862.21ms
step:3192/3350 train_time:5944.202s step_avg:1862.22ms
step:3193/3350 train_time:5946.079s step_avg:1862.22ms
step:3194/3350 train_time:5947.956s step_avg:1862.23ms
step:3195/3350 train_time:5949.834s step_avg:1862.23ms
step:3196/3350 train_time:5951.709s step_avg:1862.24ms
step:3197/3350 train_time:5953.590s step_avg:1862.24ms
step:3198/3350 train_time:5955.470s step_avg:1862.25ms
step:3199/3350 train_time:5957.347s step_avg:1862.25ms
step:3200/3350 train_time:5959.514s step_avg:1862.35ms
step:3200/3350 val_loss:3.28153 train_time:5959.514s step_avg:1889.56ms
step:3201/3350 train_time:5961.393s step_avg:1862.35ms
step:3202/3350 train_time:5963.268s step_avg:1862.36ms
step:3203/3350 train_time:5965.146s step_avg:1862.36ms
step:3204/3350 train_time:5967.021s step_avg:1862.37ms
step:3205/3350 train_time:5968.900s step_avg:1862.37ms
step:3206/3350 train_time:5970.778s step_avg:1862.38ms
step:3207/3350 train_time:5972.656s step_avg:1862.38ms
step:3208/3350 train_time:5974.531s step_avg:1862.38ms
step:3209/3350 train_time:5976.406s step_avg:1862.39ms
step:3210/3350 train_time:5978.281s step_avg:1862.39ms
step:3211/3350 train_time:5980.158s step_avg:1862.40ms
step:3212/3350 train_time:5982.036s step_avg:1862.40ms
step:3213/3350 train_time:5983.911s step_avg:1862.41ms
step:3214/3350 train_time:5985.787s step_avg:1862.41ms
step:3215/3350 train_time:5987.667s step_avg:1862.42ms
step:3216/3350 train_time:5989.545s step_avg:1862.42ms
step:3217/3350 train_time:5991.422s step_avg:1862.43ms
step:3218/3350 train_time:5993.300s step_avg:1862.43ms
step:3219/3350 train_time:5995.176s step_avg:1862.43ms
step:3220/3350 train_time:5997.053s step_avg:1862.44ms
step:3221/3350 train_time:5998.931s step_avg:1862.44ms
step:3222/3350 train_time:6000.806s step_avg:1862.45ms
step:3223/3350 train_time:6002.684s step_avg:1862.45ms
step:3224/3350 train_time:6004.561s step_avg:1862.46ms
step:3225/3350 train_time:6006.714s step_avg:1862.55ms
step:3225/3350 val_loss:3.27925 train_time:6006.715s step_avg:1888.03ms
step:3226/3350 train_time:6008.591s step_avg:1862.55ms
step:3227/3350 train_time:6010.466s step_avg:1862.56ms
step:3228/3350 train_time:6012.343s step_avg:1862.56ms
step:3229/3350 train_time:6014.222s step_avg:1862.56ms
step:3230/3350 train_time:6016.100s step_avg:1862.57ms
step:3231/3350 train_time:6018.015s step_avg:1862.59ms
step:3232/3350 train_time:6019.894s step_avg:1862.59ms
step:3233/3350 train_time:6021.775s step_avg:1862.60ms
step:3234/3350 train_time:6023.655s step_avg:1862.60ms
step:3235/3350 train_time:6025.532s step_avg:1862.61ms
step:3236/3350 train_time:6027.414s step_avg:1862.61ms
step:3237/3350 train_time:6029.293s step_avg:1862.62ms
step:3238/3350 train_time:6031.172s step_avg:1862.62ms
step:3239/3350 train_time:6033.048s step_avg:1862.63ms
step:3240/3350 train_time:6034.925s step_avg:1862.63ms
step:3241/3350 train_time:6036.803s step_avg:1862.64ms
step:3242/3350 train_time:6038.684s step_avg:1862.64ms
step:3243/3350 train_time:6040.562s step_avg:1862.65ms
step:3244/3350 train_time:6042.443s step_avg:1862.65ms
step:3245/3350 train_time:6044.320s step_avg:1862.66ms
step:3246/3350 train_time:6046.199s step_avg:1862.66ms
step:3247/3350 train_time:6048.078s step_avg:1862.67ms
step:3248/3350 train_time:6049.959s step_avg:1862.67ms
step:3249/3350 train_time:6051.837s step_avg:1862.68ms
step:3250/3350 train_time:6054.059s step_avg:1862.79ms
step:3250/3350 val_loss:3.27714 train_time:6054.059s step_avg:1893.78ms
step:3251/3350 train_time:6055.941s step_avg:1862.79ms
step:3252/3350 train_time:6057.819s step_avg:1862.80ms
step:3253/3350 train_time:6059.696s step_avg:1862.80ms
step:3254/3350 train_time:6061.578s step_avg:1862.81ms
step:3255/3350 train_time:6063.456s step_avg:1862.81ms
step:3256/3350 train_time:6065.336s step_avg:1862.82ms
step:3257/3350 train_time:6067.214s step_avg:1862.82ms
step:3258/3350 train_time:6069.094s step_avg:1862.83ms
step:3259/3350 train_time:6070.971s step_avg:1862.83ms
step:3260/3350 train_time:6072.850s step_avg:1862.84ms
step:3261/3350 train_time:6074.727s step_avg:1862.84ms
step:3262/3350 train_time:6076.607s step_avg:1862.85ms
step:3263/3350 train_time:6078.486s step_avg:1862.85ms
step:3264/3350 train_time:6080.360s step_avg:1862.86ms
step:3265/3350 train_time:6082.239s step_avg:1862.86ms
step:3266/3350 train_time:6084.115s step_avg:1862.86ms
step:3267/3350 train_time:6085.993s step_avg:1862.87ms
step:3268/3350 train_time:6087.870s step_avg:1862.87ms
step:3269/3350 train_time:6089.748s step_avg:1862.88ms
step:3270/3350 train_time:6091.623s step_avg:1862.88ms
step:3271/3350 train_time:6093.498s step_avg:1862.89ms
step:3272/3350 train_time:6095.376s step_avg:1862.89ms
step:3273/3350 train_time:6097.254s step_avg:1862.89ms
step:3274/3350 train_time:6099.132s step_avg:1862.90ms
step:3275/3350 train_time:6101.285s step_avg:1862.99ms
step:3275/3350 val_loss:3.27518 train_time:6101.285s step_avg:1889.02ms
step:3276/3350 train_time:6103.166s step_avg:1862.99ms
step:3277/3350 train_time:6105.045s step_avg:1863.00ms
step:3278/3350 train_time:6106.924s step_avg:1863.00ms
step:3279/3350 train_time:6108.804s step_avg:1863.01ms
step:3280/3350 train_time:6110.682s step_avg:1863.01ms
step:3281/3350 train_time:6112.562s step_avg:1863.02ms
step:3282/3350 train_time:6114.438s step_avg:1863.02ms
step:3283/3350 train_time:6116.311s step_avg:1863.02ms
step:3284/3350 train_time:6118.188s step_avg:1863.03ms
step:3285/3350 train_time:6120.068s step_avg:1863.03ms
step:3286/3350 train_time:6121.947s step_avg:1863.04ms
step:3287/3350 train_time:6123.828s step_avg:1863.04ms
step:3288/3350 train_time:6125.704s step_avg:1863.05ms
step:3289/3350 train_time:6127.585s step_avg:1863.05ms
step:3290/3350 train_time:6129.463s step_avg:1863.06ms
step:3291/3350 train_time:6131.345s step_avg:1863.06ms
step:3292/3350 train_time:6133.223s step_avg:1863.07ms
step:3293/3350 train_time:6135.101s step_avg:1863.07ms
step:3294/3350 train_time:6136.983s step_avg:1863.08ms
step:3295/3350 train_time:6138.861s step_avg:1863.08ms
step:3296/3350 train_time:6140.737s step_avg:1863.09ms
step:3297/3350 train_time:6142.618s step_avg:1863.09ms
step:3298/3350 train_time:6144.497s step_avg:1863.10ms
step:3299/3350 train_time:6146.377s step_avg:1863.10ms
step:3300/3350 train_time:6148.543s step_avg:1863.19ms
step:3300/3350 val_loss:3.27356 train_time:6148.543s step_avg:1890.33ms
step:3301/3350 train_time:6150.421s step_avg:1863.20ms
step:3302/3350 train_time:6152.300s step_avg:1863.20ms
step:3303/3350 train_time:6154.179s step_avg:1863.21ms
step:3304/3350 train_time:6156.061s step_avg:1863.21ms
step:3305/3350 train_time:6157.937s step_avg:1863.22ms
step:3306/3350 train_time:6159.816s step_avg:1863.22ms
step:3307/3350 train_time:6161.692s step_avg:1863.23ms
step:3308/3350 train_time:6163.568s step_avg:1863.23ms
step:3309/3350 train_time:6165.447s step_avg:1863.24ms
step:3310/3350 train_time:6167.324s step_avg:1863.24ms
step:3311/3350 train_time:6169.205s step_avg:1863.25ms
step:3312/3350 train_time:6171.081s step_avg:1863.25ms
step:3313/3350 train_time:6172.959s step_avg:1863.25ms
step:3314/3350 train_time:6174.837s step_avg:1863.26ms
step:3315/3350 train_time:6176.712s step_avg:1863.26ms
step:3316/3350 train_time:6178.589s step_avg:1863.27ms
step:3317/3350 train_time:6180.467s step_avg:1863.27ms
step:3318/3350 train_time:6182.345s step_avg:1863.27ms
step:3319/3350 train_time:6184.219s step_avg:1863.28ms
step:3320/3350 train_time:6186.096s step_avg:1863.28ms
step:3321/3350 train_time:6187.975s step_avg:1863.29ms
step:3322/3350 train_time:6189.850s step_avg:1863.29ms
step:3323/3350 train_time:6191.729s step_avg:1863.29ms
step:3324/3350 train_time:6193.610s step_avg:1863.30ms
step:3325/3350 train_time:6195.764s step_avg:1863.39ms
step:3325/3350 val_loss:3.27224 train_time:6195.765s step_avg:1888.86ms
step:3326/3350 train_time:6197.643s step_avg:1863.39ms
step:3327/3350 train_time:6199.521s step_avg:1863.40ms
step:3328/3350 train_time:6201.400s step_avg:1863.40ms
step:3329/3350 train_time:6203.276s step_avg:1863.41ms
step:3330/3350 train_time:6205.158s step_avg:1863.41ms
step:3331/3350 train_time:6207.036s step_avg:1863.42ms
step:3332/3350 train_time:6208.912s step_avg:1863.42ms
step:3333/3350 train_time:6210.791s step_avg:1863.42ms
step:3334/3350 train_time:6212.670s step_avg:1863.43ms
step:3335/3350 train_time:6214.547s step_avg:1863.43ms
step:3336/3350 train_time:6216.426s step_avg:1863.44ms
step:3337/3350 train_time:6218.304s step_avg:1863.44ms
step:3338/3350 train_time:6220.183s step_avg:1863.45ms
step:3339/3350 train_time:6222.061s step_avg:1863.45ms
step:3340/3350 train_time:6223.942s step_avg:1863.46ms
step:3341/3350 train_time:6225.819s step_avg:1863.46ms
step:3342/3350 train_time:6227.697s step_avg:1863.46ms
step:3343/3350 train_time:6229.576s step_avg:1863.47ms
step:3344/3350 train_time:6231.455s step_avg:1863.47ms
step:3345/3350 train_time:6233.331s step_avg:1863.48ms
step:3346/3350 train_time:6235.211s step_avg:1863.48ms
step:3347/3350 train_time:6237.092s step_avg:1863.49ms
step:3348/3350 train_time:6238.967s step_avg:1863.49ms
step:3349/3350 train_time:6240.845s step_avg:1863.50ms
step:3350/3350 train_time:6243.078s step_avg:1863.61ms
step:3350/3350 val_loss:3.27150 train_time:6243.079s step_avg:1892.56ms
trial:0 best_val_loss:3.27150 best_val_step:3350 first_step_to_target:3225
wandb: updating run metadata
wandb: uploading history steps 143-143, summary, console lines 3388-3389
wandb: 
wandb: Run history:
wandb:        speedrun/final_best_val_loss ▁
wandb:        speedrun/final_best_val_step ▁
wandb: speedrun/final_first_step_to_target ▁
wandb:       speedrun/final_reached_target ▁
wandb:       speedrun/first_step_to_target ▁▁▁▁▁▁▁▁▁▁▁▁▁▁▁▁▁▁▁▁▁▁▁▁▁▁▁▁▁▁▁▁▁██████
wandb:             speedrun/reached_target ▁▁▁▁▁▁▁▁▁▁▁▁▁▁▁▁▁▁▁▁▁▁▁▁▁▁▁▁▁▁▁▁▁██████
wandb:            speedrun/target_val_loss ▁▁▁▁▁▁▁▁▁▁▁▁▁▁▁▁▁▁▁▁▁▁▁▁▁▁▁▁▁▁▁▁▁▁▁▁▁▁▁▁
wandb:                speedrun/train_steps ▁▁▁▁▁▁▁▁▁▁▁▁▁▁▁▁▁▁▁▁▁▁▁▁▁▁▁▁▁▁▁▁▁▁▁▁▁▁▁▁
wandb:                    time/step_avg_ms  ▂▁▁▁▁▁▁▁▁▁▁▁▁▁▁▁▁▁▁▁▁▁█▄▄▄▄▄▄▃▃▃▃▄▃▄▃▄
wandb:                  time/train_seconds ▁▁▂▂▂▂▃▃▃▃▄▄▄▄▅▅▅▅▆▆▆▆▇▇▇▇▇▇▇██████████
wandb:                              +4,337 ...
wandb: 
wandb: Run summary:
wandb:        speedrun/final_best_val_loss 3.2715
wandb:        speedrun/final_best_val_step 3350
wandb: speedrun/final_first_step_to_target 3225
wandb:       speedrun/final_reached_target 1
wandb:       speedrun/first_step_to_target 3225
wandb:             speedrun/reached_target 1
wandb:            speedrun/target_val_loss 3.28
wandb:                speedrun/train_steps 3350
wandb:                    time/step_avg_ms 1892.55697
wandb:                  time/train_seconds 6243.07862
wandb:                              +4,337 ...
wandb: 
wandb: 🚀 View run g1r4-frieren/wd-C at: https://wandb.ai/wandb-applied-ai-team/modded-nanogpt-senpai/runs/9fd701tv
wandb: ⭐️ View project at: https://wandb.ai/wandb-applied-ai-team/modded-nanogpt-senpai
wandb: Synced 6 W&B file(s), 0 media file(s), 0 artifact file(s) and 0 other file(s)
wandb: Find logs at: ./wandb/run-20260520_200348-9fd701tv/logs
=== 2026-05-20T21:55:38+00:00 arm C done, exit=0 ===
=== 2026-05-20T21:55:38+00:00 launching arm D (embed=0.0 lm_head=0.01 scalar=0.01) ===
logs/2b3a56b9-f5d8-4cd5-bbc7-84b6c87f4c76.txt
GRAD_CLIP: max_norm=10.0 (ENABLED)
EMBED_COOLDOWN_SHAPE: linear_floor (applies to adam_embed only; lm_head/scalars use linear)
ADAMW_BETA2: 0.99 (effective memory ~99 steps)
ADAMW_LR_MULT: embed=1.5 lm_head=1.0 scalar=1.0
  Effective base LRs: embed=0.4500 lm_head=0.003125 scalar=0.0100
ADAMW_WD: embed=0.0 lm_head=0.01 scalar=0.01
NS_SCHEDULE: ns_iters=12 -> ns_iters_cooldown=16 at fraction 0.7 of train_steps (shape=late_peak)
NS_COEF_SCHEDULE: linear_ramp_down
  ns_iters=12: c=[0.7,0.662,0.624,0.585,0.547,0.509,0.471,0.433,0.395,0.356,0.318,0.28] avg_c=0.4900
  ns_iters=16: c=[0.7,0.672,0.644,0.616,0.588,0.56,0.532,0.504,0.476,0.448,0.42,0.392,0.364,0.336,0.308,0.28] avg_c=0.4900
wandb: [wandb.login()] Loaded credentials for https://api.wandb.ai from WANDB_API_KEY.
wandb: W&B API key is configured. Use `wandb login --relogin` to force relogin
wandb: setting up run 6gpdw4dd
wandb: Tracking run with wandb version 0.26.1
wandb: Run data is saved locally in /workspace/senpai/target/wandb/run-20260520_215543-6gpdw4dd
wandb: Run `wandb offline` to turn off syncing.
wandb: Syncing run g1r4-frieren/wd-D
wandb: ⭐️ View project at https://wandb.ai/wandb-applied-ai-team/modded-nanogpt-senpai
wandb: 🚀 View run at https://wandb.ai/wandb-applied-ai-team/modded-nanogpt-senpai/runs/6gpdw4dd
step:0/3350 val_loss:10.82583 train_time:0.000s step_avg:nanms
step:1/3350 train_time:4.145s step_avg:4144.80ms
step:2/3350 train_time:5.915s step_avg:2957.44ms
step:3/3350 train_time:7.752s step_avg:2584.07ms
step:4/3350 train_time:9.592s step_avg:2398.00ms
step:5/3350 train_time:11.431s step_avg:2286.26ms
step:6/3350 train_time:13.270s step_avg:2211.73ms
step:7/3350 train_time:15.110s step_avg:2158.61ms
step:8/3350 train_time:16.950s step_avg:2118.69ms
step:9/3350 train_time:18.790s step_avg:2087.75ms
step:10/3350 train_time:20.630s step_avg:2062.98ms
step:11/3350 train_time:22.471s step_avg:2042.82ms
step:12/3350 train_time:24.312s step_avg:2025.97ms
step:13/3350 train_time:26.153s step_avg:2011.79ms
step:14/3350 train_time:27.998s step_avg:1999.85ms
step:15/3350 train_time:29.839s step_avg:1989.30ms
step:16/3350 train_time:31.681s step_avg:1980.03ms
step:17/3350 train_time:33.524s step_avg:1971.98ms
step:18/3350 train_time:35.368s step_avg:1964.90ms
step:19/3350 train_time:37.211s step_avg:1958.47ms
step:20/3350 train_time:39.054s step_avg:1952.68ms
step:21/3350 train_time:40.897s step_avg:1947.49ms
step:22/3350 train_time:42.739s step_avg:1942.69ms
step:23/3350 train_time:44.581s step_avg:1938.31ms
step:24/3350 train_time:46.424s step_avg:1934.32ms
step:25/3350 train_time:48.541s step_avg:1941.65ms
step:26/3350 train_time:50.384s step_avg:1937.84ms
step:27/3350 train_time:52.227s step_avg:1934.34ms
step:28/3350 train_time:54.071s step_avg:1931.10ms
step:29/3350 train_time:55.915s step_avg:1928.09ms
step:30/3350 train_time:57.756s step_avg:1925.20ms
step:31/3350 train_time:59.599s step_avg:1922.55ms
step:32/3350 train_time:61.443s step_avg:1920.08ms
step:33/3350 train_time:63.286s step_avg:1917.75ms
step:34/3350 train_time:65.130s step_avg:1915.58ms
step:35/3350 train_time:66.973s step_avg:1913.51ms
step:36/3350 train_time:68.816s step_avg:1911.56ms
step:37/3350 train_time:70.659s step_avg:1909.71ms
step:38/3350 train_time:72.502s step_avg:1907.95ms
step:39/3350 train_time:74.346s step_avg:1906.30ms
step:40/3350 train_time:76.189s step_avg:1904.72ms
step:41/3350 train_time:78.032s step_avg:1903.22ms
step:42/3350 train_time:79.876s step_avg:1901.80ms
step:43/3350 train_time:81.719s step_avg:1900.44ms
step:44/3350 train_time:83.563s step_avg:1899.15ms
step:45/3350 train_time:85.404s step_avg:1897.86ms
step:46/3350 train_time:87.246s step_avg:1896.66ms
step:47/3350 train_time:89.089s step_avg:1895.51ms
step:48/3350 train_time:90.931s step_avg:1894.40ms
step:49/3350 train_time:92.775s step_avg:1893.36ms
step:50/3350 train_time:94.891s step_avg:1897.81ms
step:51/3350 train_time:96.733s step_avg:1896.73ms
step:52/3350 train_time:98.577s step_avg:1895.71ms
step:53/3350 train_time:100.419s step_avg:1894.69ms
step:54/3350 train_time:102.261s step_avg:1893.72ms
step:55/3350 train_time:104.105s step_avg:1892.81ms
step:56/3350 train_time:105.948s step_avg:1891.92ms
step:57/3350 train_time:107.791s step_avg:1891.07ms
step:58/3350 train_time:109.633s step_avg:1890.23ms
step:59/3350 train_time:111.478s step_avg:1889.46ms
step:60/3350 train_time:113.318s step_avg:1888.64ms
step:61/3350 train_time:115.160s step_avg:1887.87ms
step:62/3350 train_time:117.003s step_avg:1887.15ms
step:63/3350 train_time:118.846s step_avg:1886.44ms
step:64/3350 train_time:120.689s step_avg:1885.77ms
step:65/3350 train_time:122.532s step_avg:1885.10ms
step:66/3350 train_time:124.374s step_avg:1884.46ms
step:67/3350 train_time:126.218s step_avg:1883.85ms
step:68/3350 train_time:128.062s step_avg:1883.26ms
step:69/3350 train_time:129.905s step_avg:1882.68ms
step:70/3350 train_time:131.748s step_avg:1882.12ms
step:71/3350 train_time:133.591s step_avg:1881.56ms
step:72/3350 train_time:135.433s step_avg:1881.02ms
step:73/3350 train_time:137.276s step_avg:1880.49ms
step:74/3350 train_time:139.122s step_avg:1880.03ms
step:75/3350 train_time:141.256s step_avg:1883.42ms
step:76/3350 train_time:143.100s step_avg:1882.89ms
step:77/3350 train_time:144.945s step_avg:1882.41ms
step:78/3350 train_time:146.789s step_avg:1881.92ms
step:79/3350 train_time:148.633s step_avg:1881.43ms
step:80/3350 train_time:150.477s step_avg:1880.97ms
step:81/3350 train_time:152.322s step_avg:1880.52ms
step:82/3350 train_time:154.167s step_avg:1880.08ms
step:83/3350 train_time:156.011s step_avg:1879.65ms
step:84/3350 train_time:157.857s step_avg:1879.25ms
step:85/3350 train_time:159.701s step_avg:1878.84ms
step:86/3350 train_time:161.545s step_avg:1878.43ms
step:87/3350 train_time:163.387s step_avg:1878.02ms
step:88/3350 train_time:165.230s step_avg:1877.62ms
step:89/3350 train_time:167.074s step_avg:1877.24ms
step:90/3350 train_time:168.919s step_avg:1876.87ms
step:91/3350 train_time:170.761s step_avg:1876.50ms
step:92/3350 train_time:172.604s step_avg:1876.13ms
step:93/3350 train_time:174.446s step_avg:1875.77ms
step:94/3350 train_time:176.290s step_avg:1875.43ms
step:95/3350 train_time:178.134s step_avg:1875.09ms
step:96/3350 train_time:179.975s step_avg:1874.74ms
step:97/3350 train_time:181.819s step_avg:1874.42ms
step:98/3350 train_time:183.663s step_avg:1874.12ms
step:99/3350 train_time:185.507s step_avg:1873.81ms
step:100/3350 train_time:187.637s step_avg:1876.37ms
step:101/3350 train_time:189.481s step_avg:1876.05ms
step:102/3350 train_time:191.326s step_avg:1875.74ms
step:103/3350 train_time:193.169s step_avg:1875.43ms
step:104/3350 train_time:195.013s step_avg:1875.12ms
step:105/3350 train_time:196.858s step_avg:1874.84ms
step:106/3350 train_time:198.701s step_avg:1874.54ms
step:107/3350 train_time:200.544s step_avg:1874.24ms
step:108/3350 train_time:202.388s step_avg:1873.97ms
step:109/3350 train_time:204.232s step_avg:1873.69ms
step:110/3350 train_time:206.076s step_avg:1873.42ms
step:111/3350 train_time:207.918s step_avg:1873.13ms
step:112/3350 train_time:209.761s step_avg:1872.86ms
step:113/3350 train_time:211.604s step_avg:1872.60ms
step:114/3350 train_time:213.450s step_avg:1872.37ms
step:115/3350 train_time:215.294s step_avg:1872.12ms
step:116/3350 train_time:217.139s step_avg:1871.89ms
step:117/3350 train_time:218.982s step_avg:1871.64ms
step:118/3350 train_time:220.826s step_avg:1871.41ms
step:119/3350 train_time:222.670s step_avg:1871.18ms
step:120/3350 train_time:224.514s step_avg:1870.95ms
step:121/3350 train_time:226.358s step_avg:1870.73ms
step:122/3350 train_time:228.202s step_avg:1870.51ms
step:123/3350 train_time:230.045s step_avg:1870.28ms
step:124/3350 train_time:231.889s step_avg:1870.08ms
step:125/3350 train_time:234.083s step_avg:1872.66ms
step:125/3350 val_loss:4.58327 train_time:234.083s step_avg:1872.66ms
step:126/3350 train_time:235.928s step_avg:1872.45ms
step:127/3350 train_time:237.771s step_avg:1872.21ms
step:128/3350 train_time:239.613s step_avg:1871.97ms
step:129/3350 train_time:241.455s step_avg:1871.74ms
step:130/3350 train_time:243.297s step_avg:1871.51ms
step:131/3350 train_time:245.139s step_avg:1871.29ms
step:132/3350 train_time:246.982s step_avg:1871.08ms
step:133/3350 train_time:248.825s step_avg:1870.86ms
step:134/3350 train_time:250.667s step_avg:1870.65ms
step:135/3350 train_time:252.510s step_avg:1870.45ms
step:136/3350 train_time:254.352s step_avg:1870.24ms
step:137/3350 train_time:256.195s step_avg:1870.04ms
step:138/3350 train_time:258.037s step_avg:1869.83ms
step:139/3350 train_time:259.879s step_avg:1869.63ms
step:140/3350 train_time:261.722s step_avg:1869.44ms
step:141/3350 train_time:263.563s step_avg:1869.24ms
step:142/3350 train_time:265.406s step_avg:1869.06ms
step:143/3350 train_time:267.248s step_avg:1868.87ms
step:144/3350 train_time:269.091s step_avg:1868.69ms
step:145/3350 train_time:270.933s step_avg:1868.50ms
step:146/3350 train_time:272.775s step_avg:1868.32ms
step:147/3350 train_time:274.619s step_avg:1868.16ms
step:148/3350 train_time:276.461s step_avg:1867.98ms
step:149/3350 train_time:278.304s step_avg:1867.81ms
step:150/3350 train_time:280.421s step_avg:1869.47ms
step:151/3350 train_time:282.263s step_avg:1869.29ms
step:152/3350 train_time:284.105s step_avg:1869.11ms
step:153/3350 train_time:285.947s step_avg:1868.94ms
step:154/3350 train_time:287.790s step_avg:1868.76ms
step:155/3350 train_time:289.632s step_avg:1868.59ms
step:156/3350 train_time:291.473s step_avg:1868.42ms
step:157/3350 train_time:293.315s step_avg:1868.25ms
step:158/3350 train_time:295.157s step_avg:1868.08ms
step:159/3350 train_time:296.999s step_avg:1867.92ms
step:160/3350 train_time:298.840s step_avg:1867.75ms
step:161/3350 train_time:300.682s step_avg:1867.59ms
step:162/3350 train_time:302.524s step_avg:1867.43ms
step:163/3350 train_time:304.366s step_avg:1867.27ms
step:164/3350 train_time:306.208s step_avg:1867.12ms
step:165/3350 train_time:308.050s step_avg:1866.97ms
step:166/3350 train_time:309.892s step_avg:1866.82ms
step:167/3350 train_time:311.734s step_avg:1866.67ms
step:168/3350 train_time:313.576s step_avg:1866.52ms
step:169/3350 train_time:315.418s step_avg:1866.38ms
step:170/3350 train_time:317.261s step_avg:1866.24ms
step:171/3350 train_time:319.103s step_avg:1866.10ms
step:172/3350 train_time:320.945s step_avg:1865.96ms
step:173/3350 train_time:322.788s step_avg:1865.83ms
step:174/3350 train_time:324.630s step_avg:1865.69ms
step:175/3350 train_time:326.747s step_avg:1867.13ms
step:176/3350 train_time:328.590s step_avg:1866.99ms
step:177/3350 train_time:330.431s step_avg:1866.84ms
step:178/3350 train_time:332.275s step_avg:1866.71ms
step:179/3350 train_time:334.118s step_avg:1866.58ms
step:180/3350 train_time:335.959s step_avg:1866.44ms
step:181/3350 train_time:337.802s step_avg:1866.31ms
step:182/3350 train_time:339.645s step_avg:1866.18ms
step:183/3350 train_time:341.487s step_avg:1866.05ms
step:184/3350 train_time:343.328s step_avg:1865.91ms
step:185/3350 train_time:345.170s step_avg:1865.78ms
step:186/3350 train_time:347.013s step_avg:1865.66ms
step:187/3350 train_time:348.855s step_avg:1865.53ms
step:188/3350 train_time:350.698s step_avg:1865.41ms
step:189/3350 train_time:352.540s step_avg:1865.29ms
step:190/3350 train_time:354.382s step_avg:1865.17ms
step:191/3350 train_time:356.332s step_avg:1865.61ms
step:192/3350 train_time:358.173s step_avg:1865.48ms
step:193/3350 train_time:360.015s step_avg:1865.36ms
step:194/3350 train_time:361.857s step_avg:1865.24ms
step:195/3350 train_time:363.699s step_avg:1865.12ms
step:196/3350 train_time:365.542s step_avg:1865.01ms
step:197/3350 train_time:367.383s step_avg:1864.89ms
step:198/3350 train_time:369.225s step_avg:1864.77ms
step:199/3350 train_time:371.067s step_avg:1864.66ms
step:200/3350 train_time:373.194s step_avg:1865.97ms
step:201/3350 train_time:375.038s step_avg:1865.86ms
step:202/3350 train_time:376.879s step_avg:1865.74ms
step:203/3350 train_time:378.721s step_avg:1865.62ms
step:204/3350 train_time:380.563s step_avg:1865.50ms
step:205/3350 train_time:382.404s step_avg:1865.38ms
step:206/3350 train_time:384.246s step_avg:1865.27ms
step:207/3350 train_time:386.089s step_avg:1865.16ms
step:208/3350 train_time:387.931s step_avg:1865.05ms
step:209/3350 train_time:389.773s step_avg:1864.94ms
step:210/3350 train_time:391.614s step_avg:1864.83ms
step:211/3350 train_time:393.457s step_avg:1864.73ms
step:212/3350 train_time:395.300s step_avg:1864.62ms
step:213/3350 train_time:397.142s step_avg:1864.52ms
step:214/3350 train_time:398.984s step_avg:1864.41ms
step:215/3350 train_time:400.827s step_avg:1864.31ms
step:216/3350 train_time:402.669s step_avg:1864.21ms
step:217/3350 train_time:404.512s step_avg:1864.11ms
step:218/3350 train_time:406.354s step_avg:1864.01ms
step:219/3350 train_time:408.196s step_avg:1863.91ms
step:220/3350 train_time:410.037s step_avg:1863.80ms
step:221/3350 train_time:411.878s step_avg:1863.70ms
step:222/3350 train_time:413.720s step_avg:1863.60ms
step:223/3350 train_time:415.561s step_avg:1863.50ms
step:224/3350 train_time:417.404s step_avg:1863.41ms
step:225/3350 train_time:419.519s step_avg:1864.53ms
step:226/3350 train_time:421.361s step_avg:1864.43ms
step:227/3350 train_time:423.203s step_avg:1864.33ms
step:228/3350 train_time:425.044s step_avg:1864.23ms
step:229/3350 train_time:426.884s step_avg:1864.12ms
step:230/3350 train_time:428.726s step_avg:1864.03ms
step:231/3350 train_time:430.567s step_avg:1863.93ms
step:232/3350 train_time:432.409s step_avg:1863.83ms
step:233/3350 train_time:434.251s step_avg:1863.74ms
step:234/3350 train_time:436.093s step_avg:1863.65ms
step:235/3350 train_time:437.935s step_avg:1863.55ms
step:236/3350 train_time:439.777s step_avg:1863.46ms
step:237/3350 train_time:441.620s step_avg:1863.37ms
step:238/3350 train_time:443.461s step_avg:1863.28ms
step:239/3350 train_time:445.303s step_avg:1863.19ms
step:240/3350 train_time:447.146s step_avg:1863.11ms
step:241/3350 train_time:448.987s step_avg:1863.02ms
step:242/3350 train_time:450.830s step_avg:1862.94ms
step:243/3350 train_time:452.672s step_avg:1862.85ms
step:244/3350 train_time:454.514s step_avg:1862.76ms
step:245/3350 train_time:456.359s step_avg:1862.69ms
step:246/3350 train_time:458.200s step_avg:1862.60ms
step:247/3350 train_time:460.044s step_avg:1862.53ms
step:248/3350 train_time:461.886s step_avg:1862.45ms
step:249/3350 train_time:463.728s step_avg:1862.36ms
step:250/3350 train_time:465.910s step_avg:1863.64ms
step:250/3350 val_loss:4.08117 train_time:465.910s step_avg:1854.62ms
step:251/3350 train_time:467.751s step_avg:1863.55ms
step:252/3350 train_time:469.591s step_avg:1863.46ms
step:253/3350 train_time:471.433s step_avg:1863.37ms
step:254/3350 train_time:473.275s step_avg:1863.29ms
step:255/3350 train_time:475.117s step_avg:1863.21ms
step:256/3350 train_time:476.960s step_avg:1863.13ms
step:257/3350 train_time:478.802s step_avg:1863.04ms
step:258/3350 train_time:480.645s step_avg:1862.97ms
step:259/3350 train_time:482.487s step_avg:1862.89ms
step:260/3350 train_time:484.331s step_avg:1862.81ms
step:261/3350 train_time:486.173s step_avg:1862.73ms
step:262/3350 train_time:488.014s step_avg:1862.65ms
step:263/3350 train_time:489.856s step_avg:1862.57ms
step:264/3350 train_time:491.699s step_avg:1862.49ms
step:265/3350 train_time:493.542s step_avg:1862.42ms
step:266/3350 train_time:495.384s step_avg:1862.35ms
step:267/3350 train_time:497.227s step_avg:1862.27ms
step:268/3350 train_time:499.069s step_avg:1862.20ms
step:269/3350 train_time:500.912s step_avg:1862.13ms
step:270/3350 train_time:502.754s step_avg:1862.05ms
step:271/3350 train_time:504.597s step_avg:1861.98ms
step:272/3350 train_time:506.441s step_avg:1861.91ms
step:273/3350 train_time:508.284s step_avg:1861.84ms
step:274/3350 train_time:510.128s step_avg:1861.78ms
step:275/3350 train_time:512.243s step_avg:1862.70ms
step:276/3350 train_time:514.087s step_avg:1862.63ms
step:277/3350 train_time:515.930s step_avg:1862.56ms
step:278/3350 train_time:517.772s step_avg:1862.49ms
step:279/3350 train_time:519.616s step_avg:1862.42ms
step:280/3350 train_time:521.456s step_avg:1862.34ms
step:281/3350 train_time:523.300s step_avg:1862.28ms
step:282/3350 train_time:525.143s step_avg:1862.21ms
step:283/3350 train_time:526.984s step_avg:1862.14ms
step:284/3350 train_time:528.828s step_avg:1862.07ms
step:285/3350 train_time:530.670s step_avg:1862.00ms
step:286/3350 train_time:532.513s step_avg:1861.93ms
step:287/3350 train_time:534.356s step_avg:1861.87ms
step:288/3350 train_time:536.199s step_avg:1861.80ms
step:289/3350 train_time:538.042s step_avg:1861.74ms
step:290/3350 train_time:539.884s step_avg:1861.67ms
step:291/3350 train_time:541.727s step_avg:1861.60ms
step:292/3350 train_time:543.569s step_avg:1861.54ms
step:293/3350 train_time:545.410s step_avg:1861.47ms
step:294/3350 train_time:547.254s step_avg:1861.41ms
step:295/3350 train_time:549.097s step_avg:1861.35ms
step:296/3350 train_time:550.941s step_avg:1861.29ms
step:297/3350 train_time:552.782s step_avg:1861.22ms
step:298/3350 train_time:554.625s step_avg:1861.16ms
step:299/3350 train_time:556.468s step_avg:1861.10ms
step:300/3350 train_time:558.600s step_avg:1862.00ms
step:301/3350 train_time:560.441s step_avg:1861.93ms
step:302/3350 train_time:562.283s step_avg:1861.87ms
step:303/3350 train_time:564.125s step_avg:1861.80ms
step:304/3350 train_time:565.967s step_avg:1861.73ms
step:305/3350 train_time:567.807s step_avg:1861.66ms
step:306/3350 train_time:569.649s step_avg:1861.60ms
step:307/3350 train_time:571.490s step_avg:1861.53ms
step:308/3350 train_time:573.333s step_avg:1861.47ms
step:309/3350 train_time:575.175s step_avg:1861.41ms
step:310/3350 train_time:577.016s step_avg:1861.34ms
step:311/3350 train_time:578.859s step_avg:1861.28ms
step:312/3350 train_time:580.700s step_avg:1861.22ms
step:313/3350 train_time:582.541s step_avg:1861.15ms
step:314/3350 train_time:584.384s step_avg:1861.10ms
step:315/3350 train_time:586.229s step_avg:1861.04ms
step:316/3350 train_time:588.070s step_avg:1860.98ms
step:317/3350 train_time:589.912s step_avg:1860.92ms
step:318/3350 train_time:591.753s step_avg:1860.86ms
step:319/3350 train_time:593.601s step_avg:1860.82ms
step:320/3350 train_time:595.441s step_avg:1860.75ms
step:321/3350 train_time:597.283s step_avg:1860.69ms
step:322/3350 train_time:599.124s step_avg:1860.63ms
step:323/3350 train_time:600.966s step_avg:1860.57ms
step:324/3350 train_time:602.807s step_avg:1860.52ms
step:325/3350 train_time:604.924s step_avg:1861.30ms
step:326/3350 train_time:606.765s step_avg:1861.24ms
step:327/3350 train_time:608.606s step_avg:1861.18ms
step:328/3350 train_time:610.447s step_avg:1861.12ms
step:329/3350 train_time:612.289s step_avg:1861.06ms
step:330/3350 train_time:614.132s step_avg:1861.00ms
step:331/3350 train_time:615.974s step_avg:1860.95ms
step:332/3350 train_time:617.815s step_avg:1860.89ms
step:333/3350 train_time:619.655s step_avg:1860.83ms
step:334/3350 train_time:621.496s step_avg:1860.77ms
step:335/3350 train_time:623.339s step_avg:1860.71ms
step:336/3350 train_time:625.180s step_avg:1860.65ms
step:337/3350 train_time:627.020s step_avg:1860.59ms
step:338/3350 train_time:628.863s step_avg:1860.54ms
step:339/3350 train_time:630.704s step_avg:1860.48ms
step:340/3350 train_time:632.547s step_avg:1860.43ms
step:341/3350 train_time:634.389s step_avg:1860.38ms
step:342/3350 train_time:636.232s step_avg:1860.33ms
step:343/3350 train_time:638.075s step_avg:1860.28ms
step:344/3350 train_time:639.918s step_avg:1860.23ms
step:345/3350 train_time:641.762s step_avg:1860.18ms
step:346/3350 train_time:643.603s step_avg:1860.12ms
step:347/3350 train_time:645.445s step_avg:1860.07ms
step:348/3350 train_time:647.288s step_avg:1860.02ms
step:349/3350 train_time:649.130s step_avg:1859.97ms
step:350/3350 train_time:651.251s step_avg:1860.72ms
step:351/3350 train_time:653.095s step_avg:1860.67ms
step:352/3350 train_time:654.937s step_avg:1860.62ms
step:353/3350 train_time:656.782s step_avg:1860.57ms
step:354/3350 train_time:658.625s step_avg:1860.52ms
step:355/3350 train_time:660.467s step_avg:1860.47ms
step:356/3350 train_time:662.309s step_avg:1860.42ms
step:357/3350 train_time:664.150s step_avg:1860.37ms
step:358/3350 train_time:665.994s step_avg:1860.32ms
step:359/3350 train_time:667.837s step_avg:1860.27ms
step:360/3350 train_time:669.678s step_avg:1860.22ms
step:361/3350 train_time:671.521s step_avg:1860.17ms
step:362/3350 train_time:673.365s step_avg:1860.12ms
step:363/3350 train_time:675.208s step_avg:1860.08ms
step:364/3350 train_time:677.050s step_avg:1860.03ms
step:365/3350 train_time:678.892s step_avg:1859.98ms
step:366/3350 train_time:680.733s step_avg:1859.93ms
step:367/3350 train_time:682.576s step_avg:1859.88ms
step:368/3350 train_time:684.421s step_avg:1859.84ms
step:369/3350 train_time:686.263s step_avg:1859.79ms
step:370/3350 train_time:688.107s step_avg:1859.75ms
step:371/3350 train_time:689.948s step_avg:1859.70ms
step:372/3350 train_time:691.789s step_avg:1859.65ms
step:373/3350 train_time:693.631s step_avg:1859.60ms
step:374/3350 train_time:695.472s step_avg:1859.55ms
step:375/3350 train_time:697.653s step_avg:1860.41ms
step:375/3350 val_loss:3.90680 train_time:697.654s step_avg:1853.95ms
step:376/3350 train_time:699.496s step_avg:1860.36ms
step:377/3350 train_time:701.337s step_avg:1860.31ms
step:378/3350 train_time:703.177s step_avg:1860.26ms
step:379/3350 train_time:705.017s step_avg:1860.20ms
step:380/3350 train_time:706.859s step_avg:1860.16ms
step:381/3350 train_time:708.737s step_avg:1860.20ms
step:382/3350 train_time:710.578s step_avg:1860.15ms
step:383/3350 train_time:712.419s step_avg:1860.10ms
step:384/3350 train_time:714.259s step_avg:1860.05ms
step:385/3350 train_time:716.099s step_avg:1860.00ms
step:386/3350 train_time:717.940s step_avg:1859.95ms
step:387/3350 train_time:719.782s step_avg:1859.90ms
step:388/3350 train_time:721.622s step_avg:1859.85ms
step:389/3350 train_time:723.463s step_avg:1859.80ms
step:390/3350 train_time:725.304s step_avg:1859.75ms
step:391/3350 train_time:727.145s step_avg:1859.71ms
step:392/3350 train_time:728.986s step_avg:1859.66ms
step:393/3350 train_time:730.827s step_avg:1859.61ms
step:394/3350 train_time:732.670s step_avg:1859.57ms
step:395/3350 train_time:734.511s step_avg:1859.52ms
step:396/3350 train_time:736.352s step_avg:1859.47ms
step:397/3350 train_time:738.193s step_avg:1859.43ms
step:398/3350 train_time:740.034s step_avg:1859.38ms
step:399/3350 train_time:741.877s step_avg:1859.34ms
step:400/3350 train_time:744.005s step_avg:1860.01ms
step:401/3350 train_time:745.845s step_avg:1859.96ms
step:402/3350 train_time:747.687s step_avg:1859.92ms
step:403/3350 train_time:749.528s step_avg:1859.87ms
step:404/3350 train_time:751.367s step_avg:1859.82ms
step:405/3350 train_time:753.208s step_avg:1859.77ms
step:406/3350 train_time:755.049s step_avg:1859.73ms
step:407/3350 train_time:756.889s step_avg:1859.68ms
step:408/3350 train_time:758.730s step_avg:1859.63ms
step:409/3350 train_time:760.570s step_avg:1859.59ms
step:410/3350 train_time:762.412s step_avg:1859.54ms
step:411/3350 train_time:764.253s step_avg:1859.50ms
step:412/3350 train_time:766.093s step_avg:1859.45ms
step:413/3350 train_time:767.934s step_avg:1859.41ms
step:414/3350 train_time:769.775s step_avg:1859.36ms
step:415/3350 train_time:771.616s step_avg:1859.32ms
step:416/3350 train_time:773.458s step_avg:1859.27ms
step:417/3350 train_time:775.298s step_avg:1859.23ms
step:418/3350 train_time:777.140s step_avg:1859.19ms
step:419/3350 train_time:778.981s step_avg:1859.14ms
step:420/3350 train_time:780.822s step_avg:1859.10ms
step:421/3350 train_time:782.663s step_avg:1859.06ms
step:422/3350 train_time:784.504s step_avg:1859.02ms
step:423/3350 train_time:786.346s step_avg:1858.97ms
step:424/3350 train_time:788.187s step_avg:1858.93ms
step:425/3350 train_time:790.304s step_avg:1859.54ms
step:426/3350 train_time:792.146s step_avg:1859.50ms
step:427/3350 train_time:793.986s step_avg:1859.45ms
step:428/3350 train_time:795.826s step_avg:1859.41ms
step:429/3350 train_time:797.668s step_avg:1859.37ms
step:430/3350 train_time:799.509s step_avg:1859.32ms
step:431/3350 train_time:801.350s step_avg:1859.28ms
step:432/3350 train_time:803.190s step_avg:1859.24ms
step:433/3350 train_time:805.030s step_avg:1859.19ms
step:434/3350 train_time:806.871s step_avg:1859.15ms
step:435/3350 train_time:808.712s step_avg:1859.11ms
step:436/3350 train_time:810.553s step_avg:1859.07ms
step:437/3350 train_time:812.394s step_avg:1859.03ms
step:438/3350 train_time:814.235s step_avg:1858.98ms
step:439/3350 train_time:816.077s step_avg:1858.94ms
step:440/3350 train_time:817.917s step_avg:1858.90ms
step:441/3350 train_time:819.757s step_avg:1858.86ms
step:442/3350 train_time:821.597s step_avg:1858.82ms
step:443/3350 train_time:823.438s step_avg:1858.78ms
step:444/3350 train_time:825.280s step_avg:1858.74ms
step:445/3350 train_time:827.121s step_avg:1858.70ms
step:446/3350 train_time:828.962s step_avg:1858.66ms
step:447/3350 train_time:830.805s step_avg:1858.62ms
step:448/3350 train_time:832.646s step_avg:1858.58ms
step:449/3350 train_time:834.487s step_avg:1858.55ms
step:450/3350 train_time:836.602s step_avg:1859.11ms
step:451/3350 train_time:838.442s step_avg:1859.07ms
step:452/3350 train_time:840.282s step_avg:1859.03ms
step:453/3350 train_time:842.123s step_avg:1858.99ms
step:454/3350 train_time:843.963s step_avg:1858.95ms
step:455/3350 train_time:845.805s step_avg:1858.91ms
step:456/3350 train_time:847.646s step_avg:1858.87ms
step:457/3350 train_time:849.486s step_avg:1858.83ms
step:458/3350 train_time:851.328s step_avg:1858.79ms
step:459/3350 train_time:853.170s step_avg:1858.76ms
step:460/3350 train_time:855.009s step_avg:1858.72ms
step:461/3350 train_time:856.850s step_avg:1858.68ms
step:462/3350 train_time:858.690s step_avg:1858.64ms
step:463/3350 train_time:860.530s step_avg:1858.60ms
step:464/3350 train_time:862.371s step_avg:1858.56ms
step:465/3350 train_time:864.212s step_avg:1858.52ms
step:466/3350 train_time:866.053s step_avg:1858.48ms
step:467/3350 train_time:867.893s step_avg:1858.44ms
step:468/3350 train_time:869.735s step_avg:1858.41ms
step:469/3350 train_time:871.576s step_avg:1858.37ms
step:470/3350 train_time:873.416s step_avg:1858.33ms
step:471/3350 train_time:875.257s step_avg:1858.29ms
step:472/3350 train_time:877.098s step_avg:1858.26ms
step:473/3350 train_time:878.938s step_avg:1858.22ms
step:474/3350 train_time:880.779s step_avg:1858.18ms
step:475/3350 train_time:882.894s step_avg:1858.72ms
step:476/3350 train_time:884.734s step_avg:1858.69ms
step:477/3350 train_time:886.575s step_avg:1858.65ms
step:478/3350 train_time:888.415s step_avg:1858.61ms
step:479/3350 train_time:890.256s step_avg:1858.57ms
step:480/3350 train_time:892.097s step_avg:1858.53ms
step:481/3350 train_time:893.936s step_avg:1858.50ms
step:482/3350 train_time:895.776s step_avg:1858.46ms
step:483/3350 train_time:897.616s step_avg:1858.42ms
step:484/3350 train_time:899.455s step_avg:1858.38ms
step:485/3350 train_time:901.296s step_avg:1858.34ms
step:486/3350 train_time:903.136s step_avg:1858.30ms
step:487/3350 train_time:904.977s step_avg:1858.27ms
step:488/3350 train_time:906.817s step_avg:1858.23ms
step:489/3350 train_time:908.657s step_avg:1858.19ms
step:490/3350 train_time:910.498s step_avg:1858.16ms
step:491/3350 train_time:912.339s step_avg:1858.12ms
step:492/3350 train_time:914.180s step_avg:1858.09ms
step:493/3350 train_time:916.022s step_avg:1858.06ms
step:494/3350 train_time:917.863s step_avg:1858.02ms
step:495/3350 train_time:919.705s step_avg:1857.99ms
step:496/3350 train_time:921.545s step_avg:1857.95ms
step:497/3350 train_time:923.386s step_avg:1857.92ms
step:498/3350 train_time:925.228s step_avg:1857.89ms
step:499/3350 train_time:927.069s step_avg:1857.85ms
step:500/3350 train_time:929.266s step_avg:1858.53ms
step:500/3350 val_loss:3.80543 train_time:929.267s step_avg:1852.90ms
step:501/3350 train_time:931.110s step_avg:1858.50ms
step:502/3350 train_time:932.951s step_avg:1858.47ms
step:503/3350 train_time:934.792s step_avg:1858.43ms
step:504/3350 train_time:936.632s step_avg:1858.40ms
step:505/3350 train_time:938.473s step_avg:1858.36ms
step:506/3350 train_time:940.316s step_avg:1858.33ms
step:507/3350 train_time:942.158s step_avg:1858.30ms
step:508/3350 train_time:943.999s step_avg:1858.26ms
step:509/3350 train_time:945.841s step_avg:1858.23ms
step:510/3350 train_time:947.681s step_avg:1858.20ms
step:511/3350 train_time:949.524s step_avg:1858.17ms
step:512/3350 train_time:951.365s step_avg:1858.13ms
step:513/3350 train_time:953.206s step_avg:1858.10ms
step:514/3350 train_time:955.049s step_avg:1858.07ms
step:515/3350 train_time:956.891s step_avg:1858.04ms
step:516/3350 train_time:958.732s step_avg:1858.01ms
step:517/3350 train_time:960.572s step_avg:1857.97ms
step:518/3350 train_time:962.413s step_avg:1857.94ms
step:519/3350 train_time:964.256s step_avg:1857.91ms
step:520/3350 train_time:966.097s step_avg:1857.88ms
step:521/3350 train_time:967.938s step_avg:1857.85ms
step:522/3350 train_time:969.780s step_avg:1857.82ms
step:523/3350 train_time:971.622s step_avg:1857.79ms
step:524/3350 train_time:973.463s step_avg:1857.75ms
step:525/3350 train_time:975.581s step_avg:1858.25ms
step:526/3350 train_time:977.424s step_avg:1858.22ms
step:527/3350 train_time:979.267s step_avg:1858.19ms
step:528/3350 train_time:981.111s step_avg:1858.16ms
step:529/3350 train_time:982.951s step_avg:1858.13ms
step:530/3350 train_time:984.791s step_avg:1858.10ms
step:531/3350 train_time:986.632s step_avg:1858.06ms
step:532/3350 train_time:988.473s step_avg:1858.03ms
step:533/3350 train_time:990.314s step_avg:1858.00ms
step:534/3350 train_time:992.155s step_avg:1857.97ms
step:535/3350 train_time:993.996s step_avg:1857.94ms
step:536/3350 train_time:995.837s step_avg:1857.90ms
step:537/3350 train_time:997.678s step_avg:1857.87ms
step:538/3350 train_time:999.519s step_avg:1857.84ms
step:539/3350 train_time:1001.359s step_avg:1857.81ms
step:540/3350 train_time:1003.198s step_avg:1857.77ms
step:541/3350 train_time:1005.039s step_avg:1857.74ms
step:542/3350 train_time:1006.880s step_avg:1857.71ms
step:543/3350 train_time:1008.721s step_avg:1857.68ms
step:544/3350 train_time:1010.561s step_avg:1857.65ms
step:545/3350 train_time:1012.403s step_avg:1857.62ms
step:546/3350 train_time:1014.244s step_avg:1857.59ms
step:547/3350 train_time:1016.086s step_avg:1857.56ms
step:548/3350 train_time:1017.928s step_avg:1857.53ms
step:549/3350 train_time:1019.768s step_avg:1857.50ms
step:550/3350 train_time:1021.885s step_avg:1857.97ms
step:551/3350 train_time:1023.726s step_avg:1857.94ms
step:552/3350 train_time:1025.567s step_avg:1857.91ms
step:553/3350 train_time:1027.408s step_avg:1857.88ms
step:554/3350 train_time:1029.249s step_avg:1857.85ms
step:555/3350 train_time:1031.091s step_avg:1857.82ms
step:556/3350 train_time:1032.934s step_avg:1857.79ms
step:557/3350 train_time:1034.774s step_avg:1857.76ms
step:558/3350 train_time:1036.614s step_avg:1857.73ms
step:559/3350 train_time:1038.457s step_avg:1857.70ms
step:560/3350 train_time:1040.299s step_avg:1857.68ms
step:561/3350 train_time:1042.139s step_avg:1857.65ms
step:562/3350 train_time:1043.981s step_avg:1857.62ms
step:563/3350 train_time:1045.822s step_avg:1857.59ms
step:564/3350 train_time:1047.664s step_avg:1857.56ms
step:565/3350 train_time:1049.504s step_avg:1857.53ms
step:566/3350 train_time:1051.345s step_avg:1857.50ms
step:567/3350 train_time:1053.187s step_avg:1857.47ms
step:568/3350 train_time:1055.029s step_avg:1857.44ms
step:569/3350 train_time:1056.871s step_avg:1857.42ms
step:570/3350 train_time:1058.711s step_avg:1857.39ms
step:571/3350 train_time:1060.593s step_avg:1857.43ms
step:572/3350 train_time:1062.434s step_avg:1857.40ms
step:573/3350 train_time:1064.276s step_avg:1857.38ms
step:574/3350 train_time:1066.117s step_avg:1857.35ms
step:575/3350 train_time:1068.232s step_avg:1857.79ms
step:576/3350 train_time:1070.072s step_avg:1857.76ms
step:577/3350 train_time:1071.911s step_avg:1857.73ms
step:578/3350 train_time:1073.752s step_avg:1857.70ms
step:579/3350 train_time:1075.595s step_avg:1857.68ms
step:580/3350 train_time:1077.435s step_avg:1857.65ms
step:581/3350 train_time:1079.277s step_avg:1857.62ms
step:582/3350 train_time:1081.120s step_avg:1857.59ms
step:583/3350 train_time:1082.961s step_avg:1857.57ms
step:584/3350 train_time:1084.804s step_avg:1857.54ms
step:585/3350 train_time:1086.645s step_avg:1857.51ms
step:586/3350 train_time:1088.486s step_avg:1857.48ms
step:587/3350 train_time:1090.328s step_avg:1857.46ms
step:588/3350 train_time:1092.168s step_avg:1857.43ms
step:589/3350 train_time:1094.009s step_avg:1857.40ms
step:590/3350 train_time:1095.851s step_avg:1857.37ms
step:591/3350 train_time:1097.692s step_avg:1857.35ms
step:592/3350 train_time:1099.534s step_avg:1857.32ms
step:593/3350 train_time:1101.375s step_avg:1857.29ms
step:594/3350 train_time:1103.216s step_avg:1857.27ms
step:595/3350 train_time:1105.057s step_avg:1857.24ms
step:596/3350 train_time:1106.898s step_avg:1857.21ms
step:597/3350 train_time:1108.739s step_avg:1857.18ms
step:598/3350 train_time:1110.581s step_avg:1857.16ms
step:599/3350 train_time:1112.423s step_avg:1857.13ms
step:600/3350 train_time:1114.550s step_avg:1857.58ms
step:601/3350 train_time:1116.391s step_avg:1857.56ms
step:602/3350 train_time:1118.231s step_avg:1857.53ms
step:603/3350 train_time:1120.072s step_avg:1857.50ms
step:604/3350 train_time:1121.913s step_avg:1857.47ms
step:605/3350 train_time:1123.754s step_avg:1857.44ms
step:606/3350 train_time:1125.595s step_avg:1857.42ms
step:607/3350 train_time:1127.436s step_avg:1857.39ms
step:608/3350 train_time:1129.279s step_avg:1857.37ms
step:609/3350 train_time:1131.120s step_avg:1857.34ms
step:610/3350 train_time:1132.961s step_avg:1857.31ms
step:611/3350 train_time:1134.804s step_avg:1857.29ms
step:612/3350 train_time:1136.646s step_avg:1857.26ms
step:613/3350 train_time:1138.488s step_avg:1857.24ms
step:614/3350 train_time:1140.330s step_avg:1857.22ms
step:615/3350 train_time:1142.173s step_avg:1857.19ms
step:616/3350 train_time:1144.015s step_avg:1857.17ms
step:617/3350 train_time:1145.856s step_avg:1857.14ms
step:618/3350 train_time:1147.699s step_avg:1857.12ms
step:619/3350 train_time:1149.541s step_avg:1857.09ms
step:620/3350 train_time:1151.384s step_avg:1857.07ms
step:621/3350 train_time:1153.228s step_avg:1857.05ms
step:622/3350 train_time:1155.069s step_avg:1857.02ms
step:623/3350 train_time:1156.912s step_avg:1857.00ms
step:624/3350 train_time:1158.754s step_avg:1856.98ms
step:625/3350 train_time:1160.941s step_avg:1857.51ms
step:625/3350 val_loss:3.73879 train_time:1160.941s step_avg:1853.40ms
step:626/3350 train_time:1162.786s step_avg:1857.49ms
step:627/3350 train_time:1164.629s step_avg:1857.46ms
step:628/3350 train_time:1166.471s step_avg:1857.44ms
step:629/3350 train_time:1168.313s step_avg:1857.41ms
step:630/3350 train_time:1170.155s step_avg:1857.39ms
step:631/3350 train_time:1171.996s step_avg:1857.36ms
step:632/3350 train_time:1173.839s step_avg:1857.34ms
step:633/3350 train_time:1175.681s step_avg:1857.32ms
step:634/3350 train_time:1177.524s step_avg:1857.29ms
step:635/3350 train_time:1179.367s step_avg:1857.27ms
step:636/3350 train_time:1181.209s step_avg:1857.25ms
step:637/3350 train_time:1183.050s step_avg:1857.22ms
step:638/3350 train_time:1184.892s step_avg:1857.20ms
step:639/3350 train_time:1186.733s step_avg:1857.17ms
step:640/3350 train_time:1188.574s step_avg:1857.15ms
step:641/3350 train_time:1190.417s step_avg:1857.12ms
step:642/3350 train_time:1192.258s step_avg:1857.10ms
step:643/3350 train_time:1194.101s step_avg:1857.08ms
step:644/3350 train_time:1195.944s step_avg:1857.06ms
step:645/3350 train_time:1197.786s step_avg:1857.03ms
step:646/3350 train_time:1199.629s step_avg:1857.01ms
step:647/3350 train_time:1201.472s step_avg:1856.99ms
step:648/3350 train_time:1203.317s step_avg:1856.97ms
step:649/3350 train_time:1205.158s step_avg:1856.95ms
step:650/3350 train_time:1207.280s step_avg:1857.35ms
step:651/3350 train_time:1209.121s step_avg:1857.33ms
step:652/3350 train_time:1210.965s step_avg:1857.31ms
step:653/3350 train_time:1212.806s step_avg:1857.28ms
step:654/3350 train_time:1214.648s step_avg:1857.26ms
step:655/3350 train_time:1216.489s step_avg:1857.24ms
step:656/3350 train_time:1218.330s step_avg:1857.21ms
step:657/3350 train_time:1220.175s step_avg:1857.19ms
step:658/3350 train_time:1222.017s step_avg:1857.17ms
step:659/3350 train_time:1223.859s step_avg:1857.15ms
step:660/3350 train_time:1225.704s step_avg:1857.13ms
step:661/3350 train_time:1227.545s step_avg:1857.10ms
step:662/3350 train_time:1229.387s step_avg:1857.08ms
step:663/3350 train_time:1231.230s step_avg:1857.06ms
step:664/3350 train_time:1233.074s step_avg:1857.04ms
step:665/3350 train_time:1234.916s step_avg:1857.02ms
step:666/3350 train_time:1236.757s step_avg:1856.99ms
step:667/3350 train_time:1238.599s step_avg:1856.97ms
step:668/3350 train_time:1240.441s step_avg:1856.95ms
step:669/3350 train_time:1242.283s step_avg:1856.93ms
step:670/3350 train_time:1244.126s step_avg:1856.90ms
step:671/3350 train_time:1245.966s step_avg:1856.88ms
step:672/3350 train_time:1247.809s step_avg:1856.86ms
step:673/3350 train_time:1249.651s step_avg:1856.84ms
step:674/3350 train_time:1251.493s step_avg:1856.81ms
step:675/3350 train_time:1253.615s step_avg:1857.21ms
step:676/3350 train_time:1255.457s step_avg:1857.18ms
step:677/3350 train_time:1257.298s step_avg:1857.16ms
step:678/3350 train_time:1259.140s step_avg:1857.14ms
step:679/3350 train_time:1260.981s step_avg:1857.11ms
step:680/3350 train_time:1262.824s step_avg:1857.09ms
step:681/3350 train_time:1264.667s step_avg:1857.07ms
step:682/3350 train_time:1266.511s step_avg:1857.05ms
step:683/3350 train_time:1268.352s step_avg:1857.03ms
step:684/3350 train_time:1270.194s step_avg:1857.01ms
step:685/3350 train_time:1272.037s step_avg:1856.99ms
step:686/3350 train_time:1273.879s step_avg:1856.97ms
step:687/3350 train_time:1275.719s step_avg:1856.94ms
step:688/3350 train_time:1277.562s step_avg:1856.92ms
step:689/3350 train_time:1279.404s step_avg:1856.90ms
step:690/3350 train_time:1281.246s step_avg:1856.88ms
step:691/3350 train_time:1283.088s step_avg:1856.86ms
step:692/3350 train_time:1284.931s step_avg:1856.84ms
step:693/3350 train_time:1286.773s step_avg:1856.82ms
step:694/3350 train_time:1288.616s step_avg:1856.79ms
step:695/3350 train_time:1290.457s step_avg:1856.77ms
step:696/3350 train_time:1292.299s step_avg:1856.75ms
step:697/3350 train_time:1294.141s step_avg:1856.73ms
step:698/3350 train_time:1295.980s step_avg:1856.71ms
step:699/3350 train_time:1297.823s step_avg:1856.68ms
step:700/3350 train_time:1299.954s step_avg:1857.08ms
step:701/3350 train_time:1301.795s step_avg:1857.05ms
step:702/3350 train_time:1303.636s step_avg:1857.03ms
step:703/3350 train_time:1305.479s step_avg:1857.01ms
step:704/3350 train_time:1307.320s step_avg:1856.99ms
step:705/3350 train_time:1309.162s step_avg:1856.97ms
step:706/3350 train_time:1311.005s step_avg:1856.95ms
step:707/3350 train_time:1312.848s step_avg:1856.93ms
step:708/3350 train_time:1314.690s step_avg:1856.91ms
step:709/3350 train_time:1316.532s step_avg:1856.89ms
step:710/3350 train_time:1318.373s step_avg:1856.86ms
step:711/3350 train_time:1320.215s step_avg:1856.84ms
step:712/3350 train_time:1322.059s step_avg:1856.82ms
step:713/3350 train_time:1323.901s step_avg:1856.80ms
step:714/3350 train_time:1325.742s step_avg:1856.78ms
step:715/3350 train_time:1327.584s step_avg:1856.76ms
step:716/3350 train_time:1329.426s step_avg:1856.74ms
step:717/3350 train_time:1331.268s step_avg:1856.72ms
step:718/3350 train_time:1333.112s step_avg:1856.70ms
step:719/3350 train_time:1334.953s step_avg:1856.68ms
step:720/3350 train_time:1336.794s step_avg:1856.66ms
step:721/3350 train_time:1338.636s step_avg:1856.64ms
step:722/3350 train_time:1340.477s step_avg:1856.62ms
step:723/3350 train_time:1342.319s step_avg:1856.60ms
step:724/3350 train_time:1344.161s step_avg:1856.58ms
step:725/3350 train_time:1346.278s step_avg:1856.94ms
step:726/3350 train_time:1348.119s step_avg:1856.91ms
step:727/3350 train_time:1349.962s step_avg:1856.89ms
step:728/3350 train_time:1351.809s step_avg:1856.88ms
step:729/3350 train_time:1353.651s step_avg:1856.86ms
step:730/3350 train_time:1355.492s step_avg:1856.84ms
step:731/3350 train_time:1357.333s step_avg:1856.82ms
step:732/3350 train_time:1359.174s step_avg:1856.80ms
step:733/3350 train_time:1361.016s step_avg:1856.77ms
step:734/3350 train_time:1362.858s step_avg:1856.75ms
step:735/3350 train_time:1364.700s step_avg:1856.73ms
step:736/3350 train_time:1366.541s step_avg:1856.71ms
step:737/3350 train_time:1368.383s step_avg:1856.69ms
step:738/3350 train_time:1370.223s step_avg:1856.67ms
step:739/3350 train_time:1372.064s step_avg:1856.65ms
step:740/3350 train_time:1373.906s step_avg:1856.63ms
step:741/3350 train_time:1375.748s step_avg:1856.61ms
step:742/3350 train_time:1377.590s step_avg:1856.59ms
step:743/3350 train_time:1379.432s step_avg:1856.57ms
step:744/3350 train_time:1381.274s step_avg:1856.55ms
step:745/3350 train_time:1383.114s step_avg:1856.53ms
step:746/3350 train_time:1384.953s step_avg:1856.51ms
step:747/3350 train_time:1386.797s step_avg:1856.49ms
step:748/3350 train_time:1388.638s step_avg:1856.47ms
step:749/3350 train_time:1390.479s step_avg:1856.45ms
step:750/3350 train_time:1392.660s step_avg:1856.88ms
step:750/3350 val_loss:3.69387 train_time:1392.660s step_avg:1853.75ms
step:751/3350 train_time:1394.503s step_avg:1856.86ms
step:752/3350 train_time:1396.345s step_avg:1856.84ms
step:753/3350 train_time:1398.187s step_avg:1856.82ms
step:754/3350 train_time:1400.027s step_avg:1856.80ms
step:755/3350 train_time:1401.869s step_avg:1856.78ms
step:756/3350 train_time:1403.711s step_avg:1856.76ms
step:757/3350 train_time:1405.552s step_avg:1856.74ms
step:758/3350 train_time:1407.393s step_avg:1856.72ms
step:759/3350 train_time:1409.234s step_avg:1856.70ms
step:760/3350 train_time:1411.075s step_avg:1856.68ms
step:761/3350 train_time:1412.957s step_avg:1856.71ms
step:762/3350 train_time:1414.797s step_avg:1856.69ms
step:763/3350 train_time:1416.637s step_avg:1856.67ms
step:764/3350 train_time:1418.480s step_avg:1856.65ms
step:765/3350 train_time:1420.322s step_avg:1856.63ms
step:766/3350 train_time:1422.164s step_avg:1856.61ms
step:767/3350 train_time:1424.004s step_avg:1856.59ms
step:768/3350 train_time:1425.845s step_avg:1856.57ms
step:769/3350 train_time:1427.687s step_avg:1856.55ms
step:770/3350 train_time:1429.529s step_avg:1856.53ms
step:771/3350 train_time:1431.371s step_avg:1856.51ms
step:772/3350 train_time:1433.211s step_avg:1856.49ms
step:773/3350 train_time:1435.052s step_avg:1856.47ms
step:774/3350 train_time:1436.894s step_avg:1856.45ms
step:775/3350 train_time:1439.011s step_avg:1856.79ms
step:776/3350 train_time:1440.852s step_avg:1856.77ms
step:777/3350 train_time:1442.692s step_avg:1856.75ms
step:778/3350 train_time:1444.533s step_avg:1856.73ms
step:779/3350 train_time:1446.373s step_avg:1856.71ms
step:780/3350 train_time:1448.215s step_avg:1856.69ms
step:781/3350 train_time:1450.057s step_avg:1856.67ms
step:782/3350 train_time:1451.898s step_avg:1856.65ms
step:783/3350 train_time:1453.740s step_avg:1856.63ms
step:784/3350 train_time:1455.583s step_avg:1856.61ms
step:785/3350 train_time:1457.423s step_avg:1856.59ms
step:786/3350 train_time:1459.266s step_avg:1856.57ms
step:787/3350 train_time:1461.107s step_avg:1856.55ms
step:788/3350 train_time:1462.949s step_avg:1856.53ms
step:789/3350 train_time:1464.791s step_avg:1856.52ms
step:790/3350 train_time:1466.632s step_avg:1856.50ms
step:791/3350 train_time:1468.474s step_avg:1856.48ms
step:792/3350 train_time:1470.317s step_avg:1856.46ms
step:793/3350 train_time:1472.158s step_avg:1856.44ms
step:794/3350 train_time:1473.999s step_avg:1856.42ms
step:795/3350 train_time:1475.843s step_avg:1856.41ms
step:796/3350 train_time:1477.685s step_avg:1856.39ms
step:797/3350 train_time:1479.526s step_avg:1856.37ms
step:798/3350 train_time:1481.369s step_avg:1856.35ms
step:799/3350 train_time:1483.212s step_avg:1856.34ms
step:800/3350 train_time:1485.351s step_avg:1856.69ms
step:801/3350 train_time:1487.196s step_avg:1856.67ms
step:802/3350 train_time:1489.039s step_avg:1856.66ms
step:803/3350 train_time:1490.881s step_avg:1856.64ms
step:804/3350 train_time:1492.724s step_avg:1856.62ms
step:805/3350 train_time:1494.566s step_avg:1856.60ms
step:806/3350 train_time:1496.406s step_avg:1856.58ms
step:807/3350 train_time:1498.250s step_avg:1856.57ms
step:808/3350 train_time:1500.093s step_avg:1856.55ms
step:809/3350 train_time:1501.935s step_avg:1856.53ms
step:810/3350 train_time:1503.778s step_avg:1856.52ms
step:811/3350 train_time:1505.619s step_avg:1856.50ms
step:812/3350 train_time:1507.461s step_avg:1856.48ms
step:813/3350 train_time:1509.303s step_avg:1856.46ms
step:814/3350 train_time:1511.144s step_avg:1856.44ms
step:815/3350 train_time:1512.986s step_avg:1856.42ms
step:816/3350 train_time:1514.829s step_avg:1856.41ms
step:817/3350 train_time:1516.671s step_avg:1856.39ms
step:818/3350 train_time:1518.511s step_avg:1856.37ms
step:819/3350 train_time:1520.353s step_avg:1856.35ms
step:820/3350 train_time:1522.193s step_avg:1856.33ms
step:821/3350 train_time:1524.034s step_avg:1856.31ms
step:822/3350 train_time:1525.874s step_avg:1856.29ms
step:823/3350 train_time:1527.715s step_avg:1856.28ms
step:824/3350 train_time:1529.555s step_avg:1856.26ms
step:825/3350 train_time:1531.672s step_avg:1856.57ms
step:826/3350 train_time:1533.512s step_avg:1856.55ms
step:827/3350 train_time:1535.352s step_avg:1856.53ms
step:828/3350 train_time:1537.192s step_avg:1856.51ms
step:829/3350 train_time:1539.033s step_avg:1856.49ms
step:830/3350 train_time:1540.876s step_avg:1856.48ms
step:831/3350 train_time:1542.717s step_avg:1856.46ms
step:832/3350 train_time:1544.557s step_avg:1856.44ms
step:833/3350 train_time:1546.399s step_avg:1856.42ms
step:834/3350 train_time:1548.242s step_avg:1856.41ms
step:835/3350 train_time:1550.082s step_avg:1856.39ms
step:836/3350 train_time:1551.923s step_avg:1856.37ms
step:837/3350 train_time:1553.764s step_avg:1856.35ms
step:838/3350 train_time:1555.606s step_avg:1856.33ms
step:839/3350 train_time:1557.447s step_avg:1856.31ms
step:840/3350 train_time:1559.288s step_avg:1856.29ms
step:841/3350 train_time:1561.129s step_avg:1856.28ms
step:842/3350 train_time:1562.970s step_avg:1856.26ms
step:843/3350 train_time:1564.813s step_avg:1856.24ms
step:844/3350 train_time:1566.653s step_avg:1856.22ms
step:845/3350 train_time:1568.493s step_avg:1856.21ms
step:846/3350 train_time:1570.334s step_avg:1856.19ms
step:847/3350 train_time:1572.174s step_avg:1856.17ms
step:848/3350 train_time:1574.014s step_avg:1856.15ms
step:849/3350 train_time:1575.854s step_avg:1856.13ms
step:850/3350 train_time:1577.969s step_avg:1856.43ms
step:851/3350 train_time:1579.810s step_avg:1856.42ms
step:852/3350 train_time:1581.651s step_avg:1856.40ms
step:853/3350 train_time:1583.491s step_avg:1856.38ms
step:854/3350 train_time:1585.331s step_avg:1856.36ms
step:855/3350 train_time:1587.171s step_avg:1856.34ms
step:856/3350 train_time:1589.012s step_avg:1856.32ms
step:857/3350 train_time:1590.852s step_avg:1856.30ms
step:858/3350 train_time:1592.691s step_avg:1856.28ms
step:859/3350 train_time:1594.532s step_avg:1856.27ms
step:860/3350 train_time:1596.373s step_avg:1856.25ms
step:861/3350 train_time:1598.212s step_avg:1856.23ms
step:862/3350 train_time:1600.053s step_avg:1856.21ms
step:863/3350 train_time:1601.894s step_avg:1856.19ms
step:864/3350 train_time:1603.734s step_avg:1856.17ms
step:865/3350 train_time:1605.574s step_avg:1856.16ms
step:866/3350 train_time:1607.415s step_avg:1856.14ms
step:867/3350 train_time:1609.255s step_avg:1856.12ms
step:868/3350 train_time:1611.097s step_avg:1856.10ms
step:869/3350 train_time:1612.936s step_avg:1856.08ms
step:870/3350 train_time:1614.777s step_avg:1856.06ms
step:871/3350 train_time:1616.617s step_avg:1856.05ms
step:872/3350 train_time:1618.457s step_avg:1856.03ms
step:873/3350 train_time:1620.298s step_avg:1856.01ms
step:874/3350 train_time:1622.137s step_avg:1855.99ms
step:875/3350 train_time:1624.316s step_avg:1856.36ms
step:875/3350 val_loss:3.65498 train_time:1624.317s step_avg:1853.25ms
step:876/3350 train_time:1626.159s step_avg:1856.35ms
step:877/3350 train_time:1628.000s step_avg:1856.33ms
step:878/3350 train_time:1629.839s step_avg:1856.31ms
step:879/3350 train_time:1631.680s step_avg:1856.29ms
step:880/3350 train_time:1633.520s step_avg:1856.27ms
step:881/3350 train_time:1635.361s step_avg:1856.26ms
step:882/3350 train_time:1637.203s step_avg:1856.24ms
step:883/3350 train_time:1639.043s step_avg:1856.22ms
step:884/3350 train_time:1640.884s step_avg:1856.20ms
step:885/3350 train_time:1642.726s step_avg:1856.19ms
step:886/3350 train_time:1644.566s step_avg:1856.17ms
step:887/3350 train_time:1646.409s step_avg:1856.15ms
step:888/3350 train_time:1648.250s step_avg:1856.14ms
step:889/3350 train_time:1650.091s step_avg:1856.12ms
step:890/3350 train_time:1651.932s step_avg:1856.10ms
step:891/3350 train_time:1653.773s step_avg:1856.09ms
step:892/3350 train_time:1655.612s step_avg:1856.07ms
step:893/3350 train_time:1657.454s step_avg:1856.05ms
step:894/3350 train_time:1659.295s step_avg:1856.03ms
step:895/3350 train_time:1661.135s step_avg:1856.02ms
step:896/3350 train_time:1662.976s step_avg:1856.00ms
step:897/3350 train_time:1664.816s step_avg:1855.98ms
step:898/3350 train_time:1666.660s step_avg:1855.97ms
step:899/3350 train_time:1668.500s step_avg:1855.95ms
step:900/3350 train_time:1670.636s step_avg:1856.26ms
step:901/3350 train_time:1672.478s step_avg:1856.25ms
step:902/3350 train_time:1674.321s step_avg:1856.23ms
step:903/3350 train_time:1676.164s step_avg:1856.22ms
step:904/3350 train_time:1678.005s step_avg:1856.20ms
step:905/3350 train_time:1679.846s step_avg:1856.18ms
step:906/3350 train_time:1681.688s step_avg:1856.17ms
step:907/3350 train_time:1683.530s step_avg:1856.15ms
step:908/3350 train_time:1685.373s step_avg:1856.14ms
step:909/3350 train_time:1687.213s step_avg:1856.12ms
step:910/3350 train_time:1689.054s step_avg:1856.10ms
step:911/3350 train_time:1690.897s step_avg:1856.09ms
step:912/3350 train_time:1692.739s step_avg:1856.07ms
step:913/3350 train_time:1694.579s step_avg:1856.06ms
step:914/3350 train_time:1696.420s step_avg:1856.04ms
step:915/3350 train_time:1698.261s step_avg:1856.02ms
step:916/3350 train_time:1700.103s step_avg:1856.01ms
step:917/3350 train_time:1701.944s step_avg:1855.99ms
step:918/3350 train_time:1703.785s step_avg:1855.98ms
step:919/3350 train_time:1705.627s step_avg:1855.96ms
step:920/3350 train_time:1707.470s step_avg:1855.95ms
step:921/3350 train_time:1709.314s step_avg:1855.93ms
step:922/3350 train_time:1711.155s step_avg:1855.92ms
step:923/3350 train_time:1712.997s step_avg:1855.90ms
step:924/3350 train_time:1714.838s step_avg:1855.89ms
step:925/3350 train_time:1716.961s step_avg:1856.17ms
step:926/3350 train_time:1718.802s step_avg:1856.16ms
step:927/3350 train_time:1720.644s step_avg:1856.14ms
step:928/3350 train_time:1722.486s step_avg:1856.13ms
step:929/3350 train_time:1724.328s step_avg:1856.11ms
step:930/3350 train_time:1726.170s step_avg:1856.10ms
step:931/3350 train_time:1728.013s step_avg:1856.08ms
step:932/3350 train_time:1729.854s step_avg:1856.07ms
step:933/3350 train_time:1731.695s step_avg:1856.05ms
step:934/3350 train_time:1733.537s step_avg:1856.04ms
step:935/3350 train_time:1735.378s step_avg:1856.02ms
step:936/3350 train_time:1737.218s step_avg:1856.00ms
step:937/3350 train_time:1739.060s step_avg:1855.99ms
step:938/3350 train_time:1740.899s step_avg:1855.97ms
step:939/3350 train_time:1742.739s step_avg:1855.95ms
step:940/3350 train_time:1744.579s step_avg:1855.94ms
step:941/3350 train_time:1746.419s step_avg:1855.92ms
step:942/3350 train_time:1748.261s step_avg:1855.90ms
step:943/3350 train_time:1750.101s step_avg:1855.89ms
step:944/3350 train_time:1751.942s step_avg:1855.87ms
step:945/3350 train_time:1753.783s step_avg:1855.86ms
step:946/3350 train_time:1755.624s step_avg:1855.84ms
step:947/3350 train_time:1757.465s step_avg:1855.82ms
step:948/3350 train_time:1759.305s step_avg:1855.81ms
step:949/3350 train_time:1761.146s step_avg:1855.79ms
step:950/3350 train_time:1763.263s step_avg:1856.07ms
step:951/3350 train_time:1765.141s step_avg:1856.09ms
step:952/3350 train_time:1766.982s step_avg:1856.07ms
step:953/3350 train_time:1768.824s step_avg:1856.06ms
step:954/3350 train_time:1770.664s step_avg:1856.04ms
step:955/3350 train_time:1772.507s step_avg:1856.03ms
step:956/3350 train_time:1774.347s step_avg:1856.01ms
step:957/3350 train_time:1776.188s step_avg:1856.00ms
step:958/3350 train_time:1778.031s step_avg:1855.98ms
step:959/3350 train_time:1779.871s step_avg:1855.97ms
step:960/3350 train_time:1781.713s step_avg:1855.95ms
step:961/3350 train_time:1783.554s step_avg:1855.94ms
step:962/3350 train_time:1785.396s step_avg:1855.92ms
step:963/3350 train_time:1787.239s step_avg:1855.91ms
step:964/3350 train_time:1789.078s step_avg:1855.89ms
step:965/3350 train_time:1790.919s step_avg:1855.87ms
step:966/3350 train_time:1792.760s step_avg:1855.86ms
step:967/3350 train_time:1794.602s step_avg:1855.84ms
step:968/3350 train_time:1796.443s step_avg:1855.83ms
step:969/3350 train_time:1798.284s step_avg:1855.81ms
step:970/3350 train_time:1800.125s step_avg:1855.80ms
step:971/3350 train_time:1801.967s step_avg:1855.78ms
step:972/3350 train_time:1803.808s step_avg:1855.77ms
step:973/3350 train_time:1805.650s step_avg:1855.76ms
step:974/3350 train_time:1807.490s step_avg:1855.74ms
step:975/3350 train_time:1809.608s step_avg:1856.01ms
step:976/3350 train_time:1811.449s step_avg:1855.99ms
step:977/3350 train_time:1813.289s step_avg:1855.98ms
step:978/3350 train_time:1815.129s step_avg:1855.96ms
step:979/3350 train_time:1816.971s step_avg:1855.95ms
step:980/3350 train_time:1818.811s step_avg:1855.93ms
step:981/3350 train_time:1820.652s step_avg:1855.91ms
step:982/3350 train_time:1822.493s step_avg:1855.90ms
step:983/3350 train_time:1824.333s step_avg:1855.88ms
step:984/3350 train_time:1826.174s step_avg:1855.87ms
step:985/3350 train_time:1828.015s step_avg:1855.85ms
step:986/3350 train_time:1829.856s step_avg:1855.84ms
step:987/3350 train_time:1831.698s step_avg:1855.82ms
step:988/3350 train_time:1833.538s step_avg:1855.81ms
step:989/3350 train_time:1835.380s step_avg:1855.79ms
step:990/3350 train_time:1837.221s step_avg:1855.78ms
step:991/3350 train_time:1839.062s step_avg:1855.76ms
step:992/3350 train_time:1840.903s step_avg:1855.75ms
step:993/3350 train_time:1842.743s step_avg:1855.73ms
step:994/3350 train_time:1844.583s step_avg:1855.72ms
step:995/3350 train_time:1846.424s step_avg:1855.70ms
step:996/3350 train_time:1848.263s step_avg:1855.69ms
step:997/3350 train_time:1850.103s step_avg:1855.67ms
step:998/3350 train_time:1851.944s step_avg:1855.66ms
step:999/3350 train_time:1853.785s step_avg:1855.64ms
step:1000/3350 train_time:1855.975s step_avg:1855.98ms
step:1000/3350 val_loss:3.62154 train_time:1855.976s step_avg:1853.27ms
step:1001/3350 train_time:1857.819s step_avg:1855.96ms
step:1002/3350 train_time:1859.660s step_avg:1855.95ms
step:1003/3350 train_time:1861.501s step_avg:1855.93ms
step:1004/3350 train_time:1863.343s step_avg:1855.92ms
step:1005/3350 train_time:1865.185s step_avg:1855.91ms
step:1006/3350 train_time:1867.026s step_avg:1855.89ms
step:1007/3350 train_time:1868.866s step_avg:1855.87ms
step:1008/3350 train_time:1870.706s step_avg:1855.86ms
step:1009/3350 train_time:1872.548s step_avg:1855.85ms
step:1010/3350 train_time:1874.389s step_avg:1855.83ms
step:1011/3350 train_time:1876.231s step_avg:1855.82ms
step:1012/3350 train_time:1878.073s step_avg:1855.80ms
step:1013/3350 train_time:1879.914s step_avg:1855.79ms
step:1014/3350 train_time:1881.756s step_avg:1855.78ms
step:1015/3350 train_time:1883.596s step_avg:1855.76ms
step:1016/3350 train_time:1885.438s step_avg:1855.75ms
step:1017/3350 train_time:1887.279s step_avg:1855.73ms
step:1018/3350 train_time:1889.119s step_avg:1855.72ms
step:1019/3350 train_time:1890.960s step_avg:1855.70ms
step:1020/3350 train_time:1892.801s step_avg:1855.69ms
step:1021/3350 train_time:1894.643s step_avg:1855.67ms
step:1022/3350 train_time:1896.483s step_avg:1855.66ms
step:1023/3350 train_time:1898.325s step_avg:1855.64ms
step:1024/3350 train_time:1900.165s step_avg:1855.63ms
step:1025/3350 train_time:1902.281s step_avg:1855.88ms
step:1026/3350 train_time:1904.121s step_avg:1855.87ms
step:1027/3350 train_time:1905.962s step_avg:1855.85ms
step:1028/3350 train_time:1907.803s step_avg:1855.84ms
step:1029/3350 train_time:1909.643s step_avg:1855.82ms
step:1030/3350 train_time:1911.483s step_avg:1855.81ms
step:1031/3350 train_time:1913.324s step_avg:1855.79ms
step:1032/3350 train_time:1915.163s step_avg:1855.78ms
step:1033/3350 train_time:1917.005s step_avg:1855.76ms
step:1034/3350 train_time:1918.845s step_avg:1855.75ms
step:1035/3350 train_time:1920.685s step_avg:1855.73ms
step:1036/3350 train_time:1922.526s step_avg:1855.72ms
step:1037/3350 train_time:1924.366s step_avg:1855.70ms
step:1038/3350 train_time:1926.209s step_avg:1855.69ms
step:1039/3350 train_time:1928.050s step_avg:1855.68ms
step:1040/3350 train_time:1929.891s step_avg:1855.66ms
step:1041/3350 train_time:1931.733s step_avg:1855.65ms
step:1042/3350 train_time:1933.573s step_avg:1855.64ms
step:1043/3350 train_time:1935.416s step_avg:1855.62ms
step:1044/3350 train_time:1937.257s step_avg:1855.61ms
step:1045/3350 train_time:1939.098s step_avg:1855.60ms
step:1046/3350 train_time:1940.939s step_avg:1855.58ms
step:1047/3350 train_time:1942.780s step_avg:1855.57ms
step:1048/3350 train_time:1944.621s step_avg:1855.55ms
step:1049/3350 train_time:1946.462s step_avg:1855.54ms
step:1050/3350 train_time:1948.578s step_avg:1855.79ms
step:1051/3350 train_time:1950.420s step_avg:1855.78ms
step:1052/3350 train_time:1952.263s step_avg:1855.76ms
step:1053/3350 train_time:1954.104s step_avg:1855.75ms
step:1054/3350 train_time:1955.946s step_avg:1855.74ms
step:1055/3350 train_time:1957.789s step_avg:1855.72ms
step:1056/3350 train_time:1959.631s step_avg:1855.71ms
step:1057/3350 train_time:1961.473s step_avg:1855.70ms
step:1058/3350 train_time:1963.317s step_avg:1855.69ms
step:1059/3350 train_time:1965.159s step_avg:1855.67ms
step:1060/3350 train_time:1967.000s step_avg:1855.66ms
step:1061/3350 train_time:1968.842s step_avg:1855.65ms
step:1062/3350 train_time:1970.685s step_avg:1855.64ms
step:1063/3350 train_time:1972.526s step_avg:1855.62ms
step:1064/3350 train_time:1974.368s step_avg:1855.61ms
step:1065/3350 train_time:1976.210s step_avg:1855.60ms
step:1066/3350 train_time:1978.052s step_avg:1855.58ms
step:1067/3350 train_time:1979.893s step_avg:1855.57ms
step:1068/3350 train_time:1981.736s step_avg:1855.56ms
step:1069/3350 train_time:1983.579s step_avg:1855.55ms
step:1070/3350 train_time:1985.421s step_avg:1855.53ms
step:1071/3350 train_time:1987.263s step_avg:1855.52ms
step:1072/3350 train_time:1989.106s step_avg:1855.51ms
step:1073/3350 train_time:1990.949s step_avg:1855.50ms
step:1074/3350 train_time:1992.789s step_avg:1855.48ms
step:1075/3350 train_time:1994.912s step_avg:1855.73ms
step:1076/3350 train_time:1996.753s step_avg:1855.72ms
step:1077/3350 train_time:1998.596s step_avg:1855.71ms
step:1078/3350 train_time:2000.438s step_avg:1855.69ms
step:1079/3350 train_time:2002.280s step_avg:1855.68ms
step:1080/3350 train_time:2004.122s step_avg:1855.67ms
step:1081/3350 train_time:2005.965s step_avg:1855.66ms
step:1082/3350 train_time:2007.807s step_avg:1855.64ms
step:1083/3350 train_time:2009.649s step_avg:1855.63ms
step:1084/3350 train_time:2011.492s step_avg:1855.62ms
step:1085/3350 train_time:2013.335s step_avg:1855.61ms
step:1086/3350 train_time:2015.178s step_avg:1855.60ms
step:1087/3350 train_time:2017.020s step_avg:1855.58ms
step:1088/3350 train_time:2018.863s step_avg:1855.57ms
step:1089/3350 train_time:2020.705s step_avg:1855.56ms
step:1090/3350 train_time:2022.547s step_avg:1855.55ms
step:1091/3350 train_time:2024.390s step_avg:1855.54ms
step:1092/3350 train_time:2026.229s step_avg:1855.52ms
step:1093/3350 train_time:2028.072s step_avg:1855.51ms
step:1094/3350 train_time:2029.913s step_avg:1855.50ms
step:1095/3350 train_time:2031.757s step_avg:1855.49ms
step:1096/3350 train_time:2033.598s step_avg:1855.47ms
step:1097/3350 train_time:2035.443s step_avg:1855.46ms
step:1098/3350 train_time:2037.286s step_avg:1855.45ms
step:1099/3350 train_time:2039.128s step_avg:1855.44ms
step:1100/3350 train_time:2041.263s step_avg:1855.69ms
step:1101/3350 train_time:2043.104s step_avg:1855.68ms
step:1102/3350 train_time:2044.947s step_avg:1855.67ms
step:1103/3350 train_time:2046.789s step_avg:1855.66ms
step:1104/3350 train_time:2048.631s step_avg:1855.64ms
step:1105/3350 train_time:2050.473s step_avg:1855.63ms
step:1106/3350 train_time:2052.315s step_avg:1855.62ms
step:1107/3350 train_time:2054.157s step_avg:1855.61ms
step:1108/3350 train_time:2055.999s step_avg:1855.60ms
step:1109/3350 train_time:2057.842s step_avg:1855.58ms
step:1110/3350 train_time:2059.684s step_avg:1855.57ms
step:1111/3350 train_time:2061.526s step_avg:1855.56ms
step:1112/3350 train_time:2063.367s step_avg:1855.55ms
step:1113/3350 train_time:2065.211s step_avg:1855.54ms
step:1114/3350 train_time:2067.053s step_avg:1855.52ms
step:1115/3350 train_time:2068.894s step_avg:1855.51ms
step:1116/3350 train_time:2070.737s step_avg:1855.50ms
step:1117/3350 train_time:2072.577s step_avg:1855.49ms
step:1118/3350 train_time:2074.421s step_avg:1855.47ms
step:1119/3350 train_time:2076.262s step_avg:1855.46ms
step:1120/3350 train_time:2078.104s step_avg:1855.45ms
step:1121/3350 train_time:2079.946s step_avg:1855.44ms
step:1122/3350 train_time:2081.789s step_avg:1855.43ms
step:1123/3350 train_time:2083.632s step_avg:1855.42ms
step:1124/3350 train_time:2085.474s step_avg:1855.40ms
step:1125/3350 train_time:2087.666s step_avg:1855.70ms
step:1125/3350 val_loss:3.59592 train_time:2087.666s step_avg:1853.52ms
step:1126/3350 train_time:2089.509s step_avg:1855.69ms
step:1127/3350 train_time:2091.350s step_avg:1855.68ms
step:1128/3350 train_time:2093.192s step_avg:1855.67ms
step:1129/3350 train_time:2095.035s step_avg:1855.66ms
step:1130/3350 train_time:2096.877s step_avg:1855.64ms
step:1131/3350 train_time:2098.718s step_avg:1855.63ms
step:1132/3350 train_time:2100.560s step_avg:1855.62ms
step:1133/3350 train_time:2102.401s step_avg:1855.61ms
step:1134/3350 train_time:2104.243s step_avg:1855.59ms
step:1135/3350 train_time:2106.086s step_avg:1855.58ms
step:1136/3350 train_time:2107.929s step_avg:1855.57ms
step:1137/3350 train_time:2109.770s step_avg:1855.56ms
step:1138/3350 train_time:2111.612s step_avg:1855.55ms
step:1139/3350 train_time:2113.455s step_avg:1855.54ms
step:1140/3350 train_time:2115.298s step_avg:1855.52ms
step:1141/3350 train_time:2117.180s step_avg:1855.55ms
step:1142/3350 train_time:2119.022s step_avg:1855.54ms
step:1143/3350 train_time:2120.862s step_avg:1855.52ms
step:1144/3350 train_time:2122.706s step_avg:1855.51ms
step:1145/3350 train_time:2124.547s step_avg:1855.50ms
step:1146/3350 train_time:2126.388s step_avg:1855.49ms
step:1147/3350 train_time:2128.229s step_avg:1855.47ms
step:1148/3350 train_time:2130.071s step_avg:1855.46ms
step:1149/3350 train_time:2131.911s step_avg:1855.45ms
step:1150/3350 train_time:2134.026s step_avg:1855.68ms
step:1151/3350 train_time:2135.868s step_avg:1855.66ms
step:1152/3350 train_time:2137.709s step_avg:1855.65ms
step:1153/3350 train_time:2139.550s step_avg:1855.64ms
step:1154/3350 train_time:2141.391s step_avg:1855.62ms
step:1155/3350 train_time:2143.231s step_avg:1855.61ms
step:1156/3350 train_time:2145.072s step_avg:1855.60ms
step:1157/3350 train_time:2146.915s step_avg:1855.59ms
step:1158/3350 train_time:2148.756s step_avg:1855.58ms
step:1159/3350 train_time:2150.599s step_avg:1855.56ms
step:1160/3350 train_time:2152.443s step_avg:1855.55ms
step:1161/3350 train_time:2154.284s step_avg:1855.54ms
step:1162/3350 train_time:2156.128s step_avg:1855.53ms
step:1163/3350 train_time:2157.969s step_avg:1855.52ms
step:1164/3350 train_time:2159.812s step_avg:1855.51ms
step:1165/3350 train_time:2161.655s step_avg:1855.50ms
step:1166/3350 train_time:2163.496s step_avg:1855.49ms
step:1167/3350 train_time:2165.339s step_avg:1855.47ms
step:1168/3350 train_time:2167.181s step_avg:1855.46ms
step:1169/3350 train_time:2169.023s step_avg:1855.45ms
step:1170/3350 train_time:2170.865s step_avg:1855.44ms
step:1171/3350 train_time:2172.707s step_avg:1855.43ms
step:1172/3350 train_time:2174.550s step_avg:1855.42ms
step:1173/3350 train_time:2176.395s step_avg:1855.41ms
step:1174/3350 train_time:2178.240s step_avg:1855.40ms
step:1175/3350 train_time:2180.369s step_avg:1855.63ms
step:1176/3350 train_time:2182.211s step_avg:1855.62ms
step:1177/3350 train_time:2184.055s step_avg:1855.61ms
step:1178/3350 train_time:2185.899s step_avg:1855.60ms
step:1179/3350 train_time:2187.744s step_avg:1855.59ms
step:1180/3350 train_time:2189.587s step_avg:1855.58ms
step:1181/3350 train_time:2191.433s step_avg:1855.57ms
step:1182/3350 train_time:2193.276s step_avg:1855.56ms
step:1183/3350 train_time:2195.120s step_avg:1855.55ms
step:1184/3350 train_time:2196.963s step_avg:1855.54ms
step:1185/3350 train_time:2198.805s step_avg:1855.53ms
step:1186/3350 train_time:2200.650s step_avg:1855.52ms
step:1187/3350 train_time:2202.494s step_avg:1855.51ms
step:1188/3350 train_time:2204.338s step_avg:1855.50ms
step:1189/3350 train_time:2206.183s step_avg:1855.49ms
step:1190/3350 train_time:2208.026s step_avg:1855.48ms
step:1191/3350 train_time:2209.870s step_avg:1855.47ms
step:1192/3350 train_time:2211.713s step_avg:1855.46ms
step:1193/3350 train_time:2213.556s step_avg:1855.45ms
step:1194/3350 train_time:2215.400s step_avg:1855.44ms
step:1195/3350 train_time:2217.242s step_avg:1855.43ms
step:1196/3350 train_time:2219.085s step_avg:1855.42ms
step:1197/3350 train_time:2220.927s step_avg:1855.41ms
step:1198/3350 train_time:2222.770s step_avg:1855.40ms
step:1199/3350 train_time:2224.615s step_avg:1855.39ms
step:1200/3350 train_time:2226.754s step_avg:1855.63ms
step:1201/3350 train_time:2228.594s step_avg:1855.62ms
step:1202/3350 train_time:2230.436s step_avg:1855.60ms
step:1203/3350 train_time:2232.276s step_avg:1855.59ms
step:1204/3350 train_time:2234.118s step_avg:1855.58ms
step:1205/3350 train_time:2235.958s step_avg:1855.57ms
step:1206/3350 train_time:2237.799s step_avg:1855.55ms
step:1207/3350 train_time:2239.640s step_avg:1855.54ms
step:1208/3350 train_time:2241.481s step_avg:1855.53ms
step:1209/3350 train_time:2243.322s step_avg:1855.52ms
step:1210/3350 train_time:2245.162s step_avg:1855.51ms
step:1211/3350 train_time:2247.003s step_avg:1855.49ms
step:1212/3350 train_time:2248.844s step_avg:1855.48ms
step:1213/3350 train_time:2250.687s step_avg:1855.47ms
step:1214/3350 train_time:2252.528s step_avg:1855.46ms
step:1215/3350 train_time:2254.368s step_avg:1855.45ms
step:1216/3350 train_time:2256.208s step_avg:1855.43ms
step:1217/3350 train_time:2258.052s step_avg:1855.42ms
step:1218/3350 train_time:2259.893s step_avg:1855.41ms
step:1219/3350 train_time:2261.735s step_avg:1855.40ms
step:1220/3350 train_time:2263.576s step_avg:1855.39ms
step:1221/3350 train_time:2265.417s step_avg:1855.38ms
step:1222/3350 train_time:2267.259s step_avg:1855.37ms
step:1223/3350 train_time:2269.100s step_avg:1855.36ms
step:1224/3350 train_time:2270.940s step_avg:1855.34ms
step:1225/3350 train_time:2273.056s step_avg:1855.56ms
step:1226/3350 train_time:2274.897s step_avg:1855.54ms
step:1227/3350 train_time:2276.737s step_avg:1855.53ms
step:1228/3350 train_time:2278.578s step_avg:1855.52ms
step:1229/3350 train_time:2280.419s step_avg:1855.51ms
step:1230/3350 train_time:2282.259s step_avg:1855.50ms
step:1231/3350 train_time:2284.100s step_avg:1855.48ms
step:1232/3350 train_time:2285.940s step_avg:1855.47ms
step:1233/3350 train_time:2287.782s step_avg:1855.46ms
step:1234/3350 train_time:2289.622s step_avg:1855.45ms
step:1235/3350 train_time:2291.464s step_avg:1855.44ms
step:1236/3350 train_time:2293.305s step_avg:1855.43ms
step:1237/3350 train_time:2295.145s step_avg:1855.41ms
step:1238/3350 train_time:2296.986s step_avg:1855.40ms
step:1239/3350 train_time:2298.827s step_avg:1855.39ms
step:1240/3350 train_time:2300.667s step_avg:1855.38ms
step:1241/3350 train_time:2302.509s step_avg:1855.37ms
step:1242/3350 train_time:2304.349s step_avg:1855.35ms
step:1243/3350 train_time:2306.189s step_avg:1855.34ms
step:1244/3350 train_time:2308.029s step_avg:1855.33ms
step:1245/3350 train_time:2309.869s step_avg:1855.32ms
step:1246/3350 train_time:2311.711s step_avg:1855.31ms
step:1247/3350 train_time:2313.551s step_avg:1855.29ms
step:1248/3350 train_time:2315.391s step_avg:1855.28ms
step:1249/3350 train_time:2317.232s step_avg:1855.27ms
step:1250/3350 train_time:2319.412s step_avg:1855.53ms
step:1250/3350 val_loss:3.56606 train_time:2319.412s step_avg:1853.97ms
step:1251/3350 train_time:2321.254s step_avg:1855.52ms
step:1252/3350 train_time:2323.095s step_avg:1855.51ms
step:1253/3350 train_time:2324.937s step_avg:1855.50ms
step:1254/3350 train_time:2326.777s step_avg:1855.48ms
step:1255/3350 train_time:2328.622s step_avg:1855.48ms
step:1256/3350 train_time:2330.463s step_avg:1855.46ms
step:1257/3350 train_time:2332.305s step_avg:1855.45ms
step:1258/3350 train_time:2334.147s step_avg:1855.44ms
step:1259/3350 train_time:2335.988s step_avg:1855.43ms
step:1260/3350 train_time:2337.829s step_avg:1855.42ms
step:1261/3350 train_time:2339.668s step_avg:1855.41ms
step:1262/3350 train_time:2341.509s step_avg:1855.40ms
step:1263/3350 train_time:2343.350s step_avg:1855.38ms
step:1264/3350 train_time:2345.191s step_avg:1855.37ms
step:1265/3350 train_time:2347.031s step_avg:1855.36ms
step:1266/3350 train_time:2348.872s step_avg:1855.35ms
step:1267/3350 train_time:2350.713s step_avg:1855.34ms
step:1268/3350 train_time:2352.556s step_avg:1855.33ms
step:1269/3350 train_time:2354.396s step_avg:1855.32ms
step:1270/3350 train_time:2356.237s step_avg:1855.30ms
step:1271/3350 train_time:2358.078s step_avg:1855.29ms
step:1272/3350 train_time:2359.920s step_avg:1855.28ms
step:1273/3350 train_time:2361.761s step_avg:1855.27ms
step:1274/3350 train_time:2363.601s step_avg:1855.26ms
step:1275/3350 train_time:2365.716s step_avg:1855.46ms
step:1276/3350 train_time:2367.555s step_avg:1855.45ms
step:1277/3350 train_time:2369.397s step_avg:1855.44ms
step:1278/3350 train_time:2371.238s step_avg:1855.43ms
step:1279/3350 train_time:2373.079s step_avg:1855.42ms
step:1280/3350 train_time:2374.919s step_avg:1855.41ms
step:1281/3350 train_time:2376.760s step_avg:1855.39ms
step:1282/3350 train_time:2378.603s step_avg:1855.38ms
step:1283/3350 train_time:2380.444s step_avg:1855.37ms
step:1284/3350 train_time:2382.284s step_avg:1855.36ms
step:1285/3350 train_time:2384.124s step_avg:1855.35ms
step:1286/3350 train_time:2385.965s step_avg:1855.34ms
step:1287/3350 train_time:2387.808s step_avg:1855.33ms
step:1288/3350 train_time:2389.650s step_avg:1855.32ms
step:1289/3350 train_time:2391.490s step_avg:1855.31ms
step:1290/3350 train_time:2393.333s step_avg:1855.30ms
step:1291/3350 train_time:2395.173s step_avg:1855.29ms
step:1292/3350 train_time:2397.015s step_avg:1855.27ms
step:1293/3350 train_time:2398.856s step_avg:1855.26ms
step:1294/3350 train_time:2400.697s step_avg:1855.25ms
step:1295/3350 train_time:2402.538s step_avg:1855.24ms
step:1296/3350 train_time:2404.379s step_avg:1855.23ms
step:1297/3350 train_time:2406.221s step_avg:1855.22ms
step:1298/3350 train_time:2408.061s step_avg:1855.21ms
step:1299/3350 train_time:2409.902s step_avg:1855.20ms
step:1300/3350 train_time:2412.028s step_avg:1855.41ms
step:1301/3350 train_time:2413.869s step_avg:1855.39ms
step:1302/3350 train_time:2415.709s step_avg:1855.38ms
step:1303/3350 train_time:2417.549s step_avg:1855.37ms
step:1304/3350 train_time:2419.388s step_avg:1855.36ms
step:1305/3350 train_time:2421.228s step_avg:1855.35ms
step:1306/3350 train_time:2423.068s step_avg:1855.34ms
step:1307/3350 train_time:2424.907s step_avg:1855.32ms
step:1308/3350 train_time:2426.748s step_avg:1855.31ms
step:1309/3350 train_time:2428.589s step_avg:1855.30ms
step:1310/3350 train_time:2430.430s step_avg:1855.29ms
step:1311/3350 train_time:2432.271s step_avg:1855.28ms
step:1312/3350 train_time:2434.111s step_avg:1855.27ms
step:1313/3350 train_time:2435.952s step_avg:1855.26ms
step:1314/3350 train_time:2437.792s step_avg:1855.25ms
step:1315/3350 train_time:2439.632s step_avg:1855.23ms
step:1316/3350 train_time:2441.474s step_avg:1855.22ms
step:1317/3350 train_time:2443.316s step_avg:1855.21ms
step:1318/3350 train_time:2445.156s step_avg:1855.20ms
step:1319/3350 train_time:2446.998s step_avg:1855.19ms
step:1320/3350 train_time:2448.841s step_avg:1855.18ms
step:1321/3350 train_time:2450.683s step_avg:1855.17ms
step:1322/3350 train_time:2452.525s step_avg:1855.16ms
step:1323/3350 train_time:2454.366s step_avg:1855.15ms
step:1324/3350 train_time:2456.208s step_avg:1855.14ms
step:1325/3350 train_time:2458.323s step_avg:1855.34ms
step:1326/3350 train_time:2460.166s step_avg:1855.33ms
step:1327/3350 train_time:2462.006s step_avg:1855.32ms
step:1328/3350 train_time:2463.846s step_avg:1855.31ms
step:1329/3350 train_time:2465.686s step_avg:1855.29ms
step:1330/3350 train_time:2467.526s step_avg:1855.28ms
step:1331/3350 train_time:2469.406s step_avg:1855.30ms
step:1332/3350 train_time:2471.247s step_avg:1855.29ms
step:1333/3350 train_time:2473.088s step_avg:1855.28ms
step:1334/3350 train_time:2474.928s step_avg:1855.27ms
step:1335/3350 train_time:2476.769s step_avg:1855.26ms
step:1336/3350 train_time:2478.609s step_avg:1855.25ms
step:1337/3350 train_time:2480.450s step_avg:1855.24ms
step:1338/3350 train_time:2482.291s step_avg:1855.22ms
step:1339/3350 train_time:2484.133s step_avg:1855.22ms
step:1340/3350 train_time:2485.974s step_avg:1855.20ms
step:1341/3350 train_time:2487.815s step_avg:1855.19ms
step:1342/3350 train_time:2489.656s step_avg:1855.18ms
step:1343/3350 train_time:2491.497s step_avg:1855.17ms
step:1344/3350 train_time:2493.338s step_avg:1855.16ms
step:1345/3350 train_time:2495.178s step_avg:1855.15ms
step:1346/3350 train_time:2497.018s step_avg:1855.14ms
step:1347/3350 train_time:2498.860s step_avg:1855.13ms
step:1348/3350 train_time:2500.700s step_avg:1855.12ms
step:1349/3350 train_time:2502.542s step_avg:1855.11ms
step:1350/3350 train_time:2504.657s step_avg:1855.30ms
step:1351/3350 train_time:2506.497s step_avg:1855.29ms
step:1352/3350 train_time:2508.337s step_avg:1855.28ms
step:1353/3350 train_time:2510.178s step_avg:1855.27ms
step:1354/3350 train_time:2512.018s step_avg:1855.26ms
step:1355/3350 train_time:2513.859s step_avg:1855.25ms
step:1356/3350 train_time:2515.699s step_avg:1855.24ms
step:1357/3350 train_time:2517.540s step_avg:1855.23ms
step:1358/3350 train_time:2519.379s step_avg:1855.21ms
step:1359/3350 train_time:2521.220s step_avg:1855.20ms
step:1360/3350 train_time:2523.060s step_avg:1855.19ms
step:1361/3350 train_time:2524.901s step_avg:1855.18ms
step:1362/3350 train_time:2526.742s step_avg:1855.17ms
step:1363/3350 train_time:2528.584s step_avg:1855.16ms
step:1364/3350 train_time:2530.425s step_avg:1855.15ms
step:1365/3350 train_time:2532.265s step_avg:1855.14ms
step:1366/3350 train_time:2534.107s step_avg:1855.13ms
step:1367/3350 train_time:2535.948s step_avg:1855.12ms
step:1368/3350 train_time:2537.789s step_avg:1855.11ms
step:1369/3350 train_time:2539.631s step_avg:1855.10ms
step:1370/3350 train_time:2541.471s step_avg:1855.09ms
step:1371/3350 train_time:2543.314s step_avg:1855.08ms
step:1372/3350 train_time:2545.154s step_avg:1855.07ms
step:1373/3350 train_time:2546.995s step_avg:1855.06ms
step:1374/3350 train_time:2548.838s step_avg:1855.05ms
step:1375/3350 train_time:2551.024s step_avg:1855.29ms
step:1375/3350 val_loss:3.54078 train_time:2551.024s step_avg:1852.89ms
step:1376/3350 train_time:2552.865s step_avg:1855.28ms
step:1377/3350 train_time:2554.707s step_avg:1855.27ms
step:1378/3350 train_time:2556.547s step_avg:1855.26ms
step:1379/3350 train_time:2558.389s step_avg:1855.25ms
step:1380/3350 train_time:2560.229s step_avg:1855.24ms
step:1381/3350 train_time:2562.070s step_avg:1855.23ms
step:1382/3350 train_time:2563.911s step_avg:1855.22ms
step:1383/3350 train_time:2565.751s step_avg:1855.21ms
step:1384/3350 train_time:2567.591s step_avg:1855.20ms
step:1385/3350 train_time:2569.432s step_avg:1855.19ms
step:1386/3350 train_time:2571.272s step_avg:1855.17ms
step:1387/3350 train_time:2573.109s step_avg:1855.16ms
step:1388/3350 train_time:2574.949s step_avg:1855.15ms
step:1389/3350 train_time:2576.790s step_avg:1855.14ms
step:1390/3350 train_time:2578.630s step_avg:1855.13ms
step:1391/3350 train_time:2580.470s step_avg:1855.12ms
step:1392/3350 train_time:2582.313s step_avg:1855.11ms
step:1393/3350 train_time:2584.157s step_avg:1855.10ms
step:1394/3350 train_time:2585.997s step_avg:1855.09ms
step:1395/3350 train_time:2587.837s step_avg:1855.08ms
step:1396/3350 train_time:2589.678s step_avg:1855.07ms
step:1397/3350 train_time:2591.517s step_avg:1855.06ms
step:1398/3350 train_time:2593.357s step_avg:1855.05ms
step:1399/3350 train_time:2595.197s step_avg:1855.04ms
step:1400/3350 train_time:2597.323s step_avg:1855.23ms
step:1401/3350 train_time:2599.163s step_avg:1855.22ms
step:1402/3350 train_time:2601.003s step_avg:1855.21ms
step:1403/3350 train_time:2602.842s step_avg:1855.20ms
step:1404/3350 train_time:2604.683s step_avg:1855.19ms
step:1405/3350 train_time:2606.522s step_avg:1855.18ms
step:1406/3350 train_time:2608.362s step_avg:1855.17ms
step:1407/3350 train_time:2610.202s step_avg:1855.15ms
step:1408/3350 train_time:2612.042s step_avg:1855.14ms
step:1409/3350 train_time:2613.881s step_avg:1855.13ms
step:1410/3350 train_time:2615.720s step_avg:1855.12ms
step:1411/3350 train_time:2617.560s step_avg:1855.11ms
step:1412/3350 train_time:2619.400s step_avg:1855.10ms
step:1413/3350 train_time:2621.241s step_avg:1855.09ms
step:1414/3350 train_time:2623.081s step_avg:1855.08ms
step:1415/3350 train_time:2624.921s step_avg:1855.07ms
step:1416/3350 train_time:2626.760s step_avg:1855.06ms
step:1417/3350 train_time:2628.600s step_avg:1855.05ms
step:1418/3350 train_time:2630.440s step_avg:1855.04ms
step:1419/3350 train_time:2632.279s step_avg:1855.02ms
step:1420/3350 train_time:2634.119s step_avg:1855.01ms
step:1421/3350 train_time:2635.958s step_avg:1855.00ms
step:1422/3350 train_time:2637.798s step_avg:1854.99ms
step:1423/3350 train_time:2639.639s step_avg:1854.98ms
step:1424/3350 train_time:2641.478s step_avg:1854.97ms
step:1425/3350 train_time:2643.592s step_avg:1855.15ms
step:1426/3350 train_time:2645.432s step_avg:1855.14ms
step:1427/3350 train_time:2647.272s step_avg:1855.13ms
step:1428/3350 train_time:2649.111s step_avg:1855.12ms
step:1429/3350 train_time:2650.952s step_avg:1855.11ms
step:1430/3350 train_time:2652.792s step_avg:1855.10ms
step:1431/3350 train_time:2654.632s step_avg:1855.09ms
step:1432/3350 train_time:2656.472s step_avg:1855.08ms
step:1433/3350 train_time:2658.313s step_avg:1855.07ms
step:1434/3350 train_time:2660.152s step_avg:1855.06ms
step:1435/3350 train_time:2661.992s step_avg:1855.05ms
step:1436/3350 train_time:2663.832s step_avg:1855.04ms
step:1437/3350 train_time:2665.674s step_avg:1855.03ms
step:1438/3350 train_time:2667.513s step_avg:1855.02ms
step:1439/3350 train_time:2669.352s step_avg:1855.00ms
step:1440/3350 train_time:2671.192s step_avg:1854.99ms
step:1441/3350 train_time:2673.031s step_avg:1854.98ms
step:1442/3350 train_time:2674.872s step_avg:1854.97ms
step:1443/3350 train_time:2676.713s step_avg:1854.96ms
step:1444/3350 train_time:2678.551s step_avg:1854.95ms
step:1445/3350 train_time:2680.391s step_avg:1854.94ms
step:1446/3350 train_time:2682.232s step_avg:1854.93ms
step:1447/3350 train_time:2684.072s step_avg:1854.92ms
step:1448/3350 train_time:2685.911s step_avg:1854.91ms
step:1449/3350 train_time:2687.751s step_avg:1854.90ms
step:1450/3350 train_time:2689.867s step_avg:1855.08ms
step:1451/3350 train_time:2691.707s step_avg:1855.07ms
step:1452/3350 train_time:2693.547s step_avg:1855.06ms
step:1453/3350 train_time:2695.388s step_avg:1855.05ms
step:1454/3350 train_time:2697.230s step_avg:1855.04ms
step:1455/3350 train_time:2699.070s step_avg:1855.03ms
step:1456/3350 train_time:2700.909s step_avg:1855.02ms
step:1457/3350 train_time:2702.748s step_avg:1855.01ms
step:1458/3350 train_time:2704.586s step_avg:1855.00ms
step:1459/3350 train_time:2706.427s step_avg:1854.99ms
step:1460/3350 train_time:2708.266s step_avg:1854.98ms
step:1461/3350 train_time:2710.106s step_avg:1854.97ms
step:1462/3350 train_time:2711.945s step_avg:1854.96ms
step:1463/3350 train_time:2713.784s step_avg:1854.94ms
step:1464/3350 train_time:2715.623s step_avg:1854.93ms
step:1465/3350 train_time:2717.463s step_avg:1854.92ms
step:1466/3350 train_time:2719.302s step_avg:1854.91ms
step:1467/3350 train_time:2721.142s step_avg:1854.90ms
step:1468/3350 train_time:2722.981s step_avg:1854.89ms
step:1469/3350 train_time:2724.820s step_avg:1854.88ms
step:1470/3350 train_time:2726.658s step_avg:1854.87ms
step:1471/3350 train_time:2728.497s step_avg:1854.86ms
step:1472/3350 train_time:2730.337s step_avg:1854.85ms
step:1473/3350 train_time:2732.176s step_avg:1854.84ms
step:1474/3350 train_time:2734.015s step_avg:1854.83ms
step:1475/3350 train_time:2736.130s step_avg:1855.00ms
step:1476/3350 train_time:2737.970s step_avg:1854.99ms
step:1477/3350 train_time:2739.812s step_avg:1854.98ms
step:1478/3350 train_time:2741.653s step_avg:1854.98ms
step:1479/3350 train_time:2743.495s step_avg:1854.97ms
step:1480/3350 train_time:2745.333s step_avg:1854.95ms
step:1481/3350 train_time:2747.174s step_avg:1854.95ms
step:1482/3350 train_time:2749.014s step_avg:1854.94ms
step:1483/3350 train_time:2750.853s step_avg:1854.92ms
step:1484/3350 train_time:2752.694s step_avg:1854.92ms
step:1485/3350 train_time:2754.533s step_avg:1854.90ms
step:1486/3350 train_time:2756.373s step_avg:1854.89ms
step:1487/3350 train_time:2758.214s step_avg:1854.88ms
step:1488/3350 train_time:2760.053s step_avg:1854.87ms
step:1489/3350 train_time:2761.894s step_avg:1854.86ms
step:1490/3350 train_time:2763.735s step_avg:1854.86ms
step:1491/3350 train_time:2765.574s step_avg:1854.85ms
step:1492/3350 train_time:2767.413s step_avg:1854.83ms
step:1493/3350 train_time:2769.253s step_avg:1854.82ms
step:1494/3350 train_time:2771.093s step_avg:1854.81ms
step:1495/3350 train_time:2772.934s step_avg:1854.81ms
step:1496/3350 train_time:2774.773s step_avg:1854.79ms
step:1497/3350 train_time:2776.613s step_avg:1854.78ms
step:1498/3350 train_time:2778.452s step_avg:1854.77ms
step:1499/3350 train_time:2780.292s step_avg:1854.76ms
step:1500/3350 train_time:2782.483s step_avg:1854.99ms
step:1500/3350 val_loss:3.51277 train_time:2782.483s step_avg:1851.67ms
step:1501/3350 train_time:2784.324s step_avg:1854.98ms
step:1502/3350 train_time:2786.164s step_avg:1854.97ms
step:1503/3350 train_time:2788.005s step_avg:1854.96ms
step:1504/3350 train_time:2789.845s step_avg:1854.95ms
step:1505/3350 train_time:2791.685s step_avg:1854.94ms
step:1506/3350 train_time:2793.525s step_avg:1854.93ms
step:1507/3350 train_time:2795.365s step_avg:1854.92ms
step:1508/3350 train_time:2797.205s step_avg:1854.91ms
step:1509/3350 train_time:2799.046s step_avg:1854.90ms
step:1510/3350 train_time:2800.885s step_avg:1854.89ms
step:1511/3350 train_time:2802.727s step_avg:1854.88ms
step:1512/3350 train_time:2804.566s step_avg:1854.87ms
step:1513/3350 train_time:2806.406s step_avg:1854.86ms
step:1514/3350 train_time:2808.246s step_avg:1854.85ms
step:1515/3350 train_time:2810.086s step_avg:1854.84ms
step:1516/3350 train_time:2811.926s step_avg:1854.83ms
step:1517/3350 train_time:2813.765s step_avg:1854.82ms
step:1518/3350 train_time:2815.604s step_avg:1854.81ms
step:1519/3350 train_time:2817.445s step_avg:1854.80ms
step:1520/3350 train_time:2819.284s step_avg:1854.79ms
step:1521/3350 train_time:2821.161s step_avg:1854.81ms
step:1522/3350 train_time:2823.002s step_avg:1854.80ms
step:1523/3350 train_time:2824.840s step_avg:1854.79ms
step:1524/3350 train_time:2826.680s step_avg:1854.78ms
step:1525/3350 train_time:2828.795s step_avg:1854.95ms
step:1526/3350 train_time:2830.635s step_avg:1854.94ms
step:1527/3350 train_time:2832.475s step_avg:1854.93ms
step:1528/3350 train_time:2834.313s step_avg:1854.92ms
step:1529/3350 train_time:2836.155s step_avg:1854.91ms
step:1530/3350 train_time:2837.995s step_avg:1854.90ms
step:1531/3350 train_time:2839.835s step_avg:1854.89ms
step:1532/3350 train_time:2841.676s step_avg:1854.88ms
step:1533/3350 train_time:2843.516s step_avg:1854.87ms
step:1534/3350 train_time:2845.358s step_avg:1854.86ms
step:1535/3350 train_time:2847.197s step_avg:1854.85ms
step:1536/3350 train_time:2849.037s step_avg:1854.84ms
step:1537/3350 train_time:2850.878s step_avg:1854.83ms
step:1538/3350 train_time:2852.718s step_avg:1854.82ms
step:1539/3350 train_time:2854.558s step_avg:1854.81ms
step:1540/3350 train_time:2856.399s step_avg:1854.80ms
step:1541/3350 train_time:2858.238s step_avg:1854.79ms
step:1542/3350 train_time:2860.078s step_avg:1854.78ms
step:1543/3350 train_time:2861.919s step_avg:1854.78ms
step:1544/3350 train_time:2863.758s step_avg:1854.77ms
step:1545/3350 train_time:2865.598s step_avg:1854.76ms
step:1546/3350 train_time:2867.437s step_avg:1854.75ms
step:1547/3350 train_time:2869.277s step_avg:1854.74ms
step:1548/3350 train_time:2871.118s step_avg:1854.73ms
step:1549/3350 train_time:2872.959s step_avg:1854.72ms
step:1550/3350 train_time:2875.076s step_avg:1854.89ms
step:1551/3350 train_time:2876.917s step_avg:1854.88ms
step:1552/3350 train_time:2878.758s step_avg:1854.87ms
step:1553/3350 train_time:2880.598s step_avg:1854.86ms
step:1554/3350 train_time:2882.440s step_avg:1854.85ms
step:1555/3350 train_time:2884.281s step_avg:1854.84ms
step:1556/3350 train_time:2886.121s step_avg:1854.83ms
step:1557/3350 train_time:2887.963s step_avg:1854.83ms
step:1558/3350 train_time:2889.804s step_avg:1854.82ms
step:1559/3350 train_time:2891.645s step_avg:1854.81ms
step:1560/3350 train_time:2893.486s step_avg:1854.80ms
step:1561/3350 train_time:2895.325s step_avg:1854.79ms
step:1562/3350 train_time:2897.166s step_avg:1854.78ms
step:1563/3350 train_time:2899.008s step_avg:1854.77ms
step:1564/3350 train_time:2900.848s step_avg:1854.76ms
step:1565/3350 train_time:2902.689s step_avg:1854.75ms
step:1566/3350 train_time:2904.531s step_avg:1854.75ms
step:1567/3350 train_time:2906.372s step_avg:1854.74ms
step:1568/3350 train_time:2908.213s step_avg:1854.73ms
step:1569/3350 train_time:2910.057s step_avg:1854.72ms
step:1570/3350 train_time:2911.897s step_avg:1854.71ms
step:1571/3350 train_time:2913.737s step_avg:1854.70ms
step:1572/3350 train_time:2915.578s step_avg:1854.69ms
step:1573/3350 train_time:2917.418s step_avg:1854.68ms
step:1574/3350 train_time:2919.259s step_avg:1854.68ms
step:1575/3350 train_time:2921.376s step_avg:1854.84ms
step:1576/3350 train_time:2923.216s step_avg:1854.83ms
step:1577/3350 train_time:2925.056s step_avg:1854.82ms
step:1578/3350 train_time:2926.898s step_avg:1854.81ms
step:1579/3350 train_time:2928.738s step_avg:1854.81ms
step:1580/3350 train_time:2930.578s step_avg:1854.80ms
step:1581/3350 train_time:2932.420s step_avg:1854.79ms
step:1582/3350 train_time:2934.260s step_avg:1854.78ms
step:1583/3350 train_time:2936.101s step_avg:1854.77ms
step:1584/3350 train_time:2937.941s step_avg:1854.76ms
step:1585/3350 train_time:2939.781s step_avg:1854.75ms
step:1586/3350 train_time:2941.621s step_avg:1854.74ms
step:1587/3350 train_time:2943.460s step_avg:1854.73ms
step:1588/3350 train_time:2945.301s step_avg:1854.72ms
step:1589/3350 train_time:2947.141s step_avg:1854.71ms
step:1590/3350 train_time:2948.982s step_avg:1854.71ms
step:1591/3350 train_time:2950.822s step_avg:1854.70ms
step:1592/3350 train_time:2952.663s step_avg:1854.69ms
step:1593/3350 train_time:2954.505s step_avg:1854.68ms
step:1594/3350 train_time:2956.347s step_avg:1854.67ms
step:1595/3350 train_time:2958.187s step_avg:1854.66ms
step:1596/3350 train_time:2960.028s step_avg:1854.65ms
step:1597/3350 train_time:2961.868s step_avg:1854.64ms
step:1598/3350 train_time:2963.708s step_avg:1854.64ms
step:1599/3350 train_time:2965.547s step_avg:1854.63ms
step:1600/3350 train_time:2967.673s step_avg:1854.80ms
step:1601/3350 train_time:2969.513s step_avg:1854.79ms
step:1602/3350 train_time:2971.355s step_avg:1854.78ms
step:1603/3350 train_time:2973.194s step_avg:1854.77ms
step:1604/3350 train_time:2975.033s step_avg:1854.76ms
step:1605/3350 train_time:2976.874s step_avg:1854.75ms
step:1606/3350 train_time:2978.713s step_avg:1854.74ms
step:1607/3350 train_time:2980.554s step_avg:1854.73ms
step:1608/3350 train_time:2982.395s step_avg:1854.72ms
step:1609/3350 train_time:2984.235s step_avg:1854.71ms
step:1610/3350 train_time:2986.075s step_avg:1854.71ms
step:1611/3350 train_time:2987.916s step_avg:1854.70ms
step:1612/3350 train_time:2989.756s step_avg:1854.69ms
step:1613/3350 train_time:2991.597s step_avg:1854.68ms
step:1614/3350 train_time:2993.436s step_avg:1854.67ms
step:1615/3350 train_time:2995.279s step_avg:1854.66ms
step:1616/3350 train_time:2997.117s step_avg:1854.65ms
step:1617/3350 train_time:2998.956s step_avg:1854.64ms
step:1618/3350 train_time:3000.798s step_avg:1854.63ms
step:1619/3350 train_time:3002.638s step_avg:1854.62ms
step:1620/3350 train_time:3004.477s step_avg:1854.62ms
step:1621/3350 train_time:3006.318s step_avg:1854.61ms
step:1622/3350 train_time:3008.157s step_avg:1854.60ms
step:1623/3350 train_time:3009.999s step_avg:1854.59ms
step:1624/3350 train_time:3011.839s step_avg:1854.58ms
step:1625/3350 train_time:3014.019s step_avg:1854.78ms
step:1625/3350 val_loss:3.49341 train_time:3014.019s step_avg:1852.29ms
step:1626/3350 train_time:3015.861s step_avg:1854.77ms
step:1627/3350 train_time:3017.702s step_avg:1854.76ms
step:1628/3350 train_time:3019.542s step_avg:1854.76ms
step:1629/3350 train_time:3021.383s step_avg:1854.75ms
step:1630/3350 train_time:3023.224s step_avg:1854.74ms
step:1631/3350 train_time:3025.064s step_avg:1854.73ms
step:1632/3350 train_time:3026.906s step_avg:1854.72ms
step:1633/3350 train_time:3028.747s step_avg:1854.71ms
step:1634/3350 train_time:3030.588s step_avg:1854.71ms
step:1635/3350 train_time:3032.430s step_avg:1854.70ms
step:1636/3350 train_time:3034.270s step_avg:1854.69ms
step:1637/3350 train_time:3036.110s step_avg:1854.68ms
step:1638/3350 train_time:3037.950s step_avg:1854.67ms
step:1639/3350 train_time:3039.791s step_avg:1854.66ms
step:1640/3350 train_time:3041.632s step_avg:1854.65ms
step:1641/3350 train_time:3043.472s step_avg:1854.64ms
step:1642/3350 train_time:3045.313s step_avg:1854.64ms
step:1643/3350 train_time:3047.156s step_avg:1854.63ms
step:1644/3350 train_time:3048.997s step_avg:1854.62ms
step:1645/3350 train_time:3050.838s step_avg:1854.61ms
step:1646/3350 train_time:3052.678s step_avg:1854.60ms
step:1647/3350 train_time:3054.518s step_avg:1854.60ms
step:1648/3350 train_time:3056.358s step_avg:1854.59ms
step:1649/3350 train_time:3058.199s step_avg:1854.58ms
step:1650/3350 train_time:3060.315s step_avg:1854.74ms
step:1651/3350 train_time:3062.155s step_avg:1854.73ms
step:1652/3350 train_time:3063.996s step_avg:1854.72ms
step:1653/3350 train_time:3065.836s step_avg:1854.71ms
step:1654/3350 train_time:3067.676s step_avg:1854.70ms
step:1655/3350 train_time:3069.516s step_avg:1854.69ms
step:1656/3350 train_time:3071.356s step_avg:1854.68ms
step:1657/3350 train_time:3073.196s step_avg:1854.67ms
step:1658/3350 train_time:3075.036s step_avg:1854.67ms
step:1659/3350 train_time:3076.877s step_avg:1854.66ms
step:1660/3350 train_time:3078.721s step_avg:1854.65ms
step:1661/3350 train_time:3080.561s step_avg:1854.64ms
step:1662/3350 train_time:3082.402s step_avg:1854.63ms
step:1663/3350 train_time:3084.242s step_avg:1854.63ms
step:1664/3350 train_time:3086.083s step_avg:1854.62ms
step:1665/3350 train_time:3087.924s step_avg:1854.61ms
step:1666/3350 train_time:3089.764s step_avg:1854.60ms
step:1667/3350 train_time:3091.606s step_avg:1854.59ms
step:1668/3350 train_time:3093.446s step_avg:1854.58ms
step:1669/3350 train_time:3095.287s step_avg:1854.58ms
step:1670/3350 train_time:3097.130s step_avg:1854.57ms
step:1671/3350 train_time:3098.970s step_avg:1854.56ms
step:1672/3350 train_time:3100.811s step_avg:1854.55ms
step:1673/3350 train_time:3102.654s step_avg:1854.55ms
step:1674/3350 train_time:3104.495s step_avg:1854.54ms
step:1675/3350 train_time:3106.610s step_avg:1854.69ms
step:1676/3350 train_time:3108.449s step_avg:1854.68ms
step:1677/3350 train_time:3110.290s step_avg:1854.68ms
step:1678/3350 train_time:3112.131s step_avg:1854.67ms
step:1679/3350 train_time:3113.972s step_avg:1854.66ms
step:1680/3350 train_time:3115.812s step_avg:1854.65ms
step:1681/3350 train_time:3117.653s step_avg:1854.64ms
step:1682/3350 train_time:3119.494s step_avg:1854.63ms
step:1683/3350 train_time:3121.336s step_avg:1854.63ms
step:1684/3350 train_time:3123.176s step_avg:1854.62ms
step:1685/3350 train_time:3125.016s step_avg:1854.61ms
step:1686/3350 train_time:3126.859s step_avg:1854.60ms
step:1687/3350 train_time:3128.700s step_avg:1854.59ms
step:1688/3350 train_time:3130.542s step_avg:1854.59ms
step:1689/3350 train_time:3132.383s step_avg:1854.58ms
step:1690/3350 train_time:3134.224s step_avg:1854.57ms
step:1691/3350 train_time:3136.065s step_avg:1854.56ms
step:1692/3350 train_time:3137.907s step_avg:1854.55ms
step:1693/3350 train_time:3139.748s step_avg:1854.55ms
step:1694/3350 train_time:3141.589s step_avg:1854.54ms
step:1695/3350 train_time:3143.429s step_avg:1854.53ms
step:1696/3350 train_time:3145.270s step_avg:1854.52ms
step:1697/3350 train_time:3147.111s step_avg:1854.51ms
step:1698/3350 train_time:3148.949s step_avg:1854.50ms
step:1699/3350 train_time:3150.791s step_avg:1854.50ms
step:1700/3350 train_time:3152.918s step_avg:1854.66ms
step:1701/3350 train_time:3154.757s step_avg:1854.65ms
step:1702/3350 train_time:3156.598s step_avg:1854.64ms
step:1703/3350 train_time:3158.438s step_avg:1854.63ms
step:1704/3350 train_time:3160.278s step_avg:1854.62ms
step:1705/3350 train_time:3162.120s step_avg:1854.62ms
step:1706/3350 train_time:3163.960s step_avg:1854.61ms
step:1707/3350 train_time:3165.803s step_avg:1854.60ms
step:1708/3350 train_time:3167.643s step_avg:1854.59ms
step:1709/3350 train_time:3169.482s step_avg:1854.58ms
step:1710/3350 train_time:3171.323s step_avg:1854.58ms
step:1711/3350 train_time:3173.197s step_avg:1854.59ms
step:1712/3350 train_time:3175.037s step_avg:1854.58ms
step:1713/3350 train_time:3176.877s step_avg:1854.57ms
step:1714/3350 train_time:3178.717s step_avg:1854.56ms
step:1715/3350 train_time:3180.557s step_avg:1854.55ms
step:1716/3350 train_time:3182.397s step_avg:1854.54ms
step:1717/3350 train_time:3184.238s step_avg:1854.54ms
step:1718/3350 train_time:3186.077s step_avg:1854.53ms
step:1719/3350 train_time:3187.917s step_avg:1854.52ms
step:1720/3350 train_time:3189.757s step_avg:1854.51ms
step:1721/3350 train_time:3191.597s step_avg:1854.50ms
step:1722/3350 train_time:3193.439s step_avg:1854.49ms
step:1723/3350 train_time:3195.279s step_avg:1854.49ms
step:1724/3350 train_time:3197.119s step_avg:1854.48ms
step:1725/3350 train_time:3199.235s step_avg:1854.63ms
step:1726/3350 train_time:3201.074s step_avg:1854.62ms
step:1727/3350 train_time:3202.914s step_avg:1854.61ms
step:1728/3350 train_time:3204.756s step_avg:1854.60ms
step:1729/3350 train_time:3206.596s step_avg:1854.60ms
step:1730/3350 train_time:3208.437s step_avg:1854.59ms
step:1731/3350 train_time:3210.280s step_avg:1854.58ms
step:1732/3350 train_time:3212.120s step_avg:1854.57ms
step:1733/3350 train_time:3213.960s step_avg:1854.56ms
step:1734/3350 train_time:3215.800s step_avg:1854.56ms
step:1735/3350 train_time:3217.640s step_avg:1854.55ms
step:1736/3350 train_time:3219.484s step_avg:1854.54ms
step:1737/3350 train_time:3221.324s step_avg:1854.53ms
step:1738/3350 train_time:3223.165s step_avg:1854.53ms
step:1739/3350 train_time:3225.006s step_avg:1854.52ms
step:1740/3350 train_time:3226.847s step_avg:1854.51ms
step:1741/3350 train_time:3228.688s step_avg:1854.50ms
step:1742/3350 train_time:3230.527s step_avg:1854.49ms
step:1743/3350 train_time:3232.366s step_avg:1854.48ms
step:1744/3350 train_time:3234.208s step_avg:1854.48ms
step:1745/3350 train_time:3236.048s step_avg:1854.47ms
step:1746/3350 train_time:3237.889s step_avg:1854.46ms
step:1747/3350 train_time:3239.730s step_avg:1854.45ms
step:1748/3350 train_time:3241.571s step_avg:1854.45ms
step:1749/3350 train_time:3243.414s step_avg:1854.44ms
step:1750/3350 train_time:3245.595s step_avg:1854.63ms
step:1750/3350 val_loss:3.47184 train_time:3245.595s step_avg:1852.61ms
step:1751/3350 train_time:3247.439s step_avg:1854.62ms
step:1752/3350 train_time:3249.279s step_avg:1854.61ms
step:1753/3350 train_time:3251.120s step_avg:1854.60ms
step:1754/3350 train_time:3252.961s step_avg:1854.60ms
step:1755/3350 train_time:3254.801s step_avg:1854.59ms
step:1756/3350 train_time:3256.643s step_avg:1854.58ms
step:1757/3350 train_time:3258.483s step_avg:1854.57ms
step:1758/3350 train_time:3260.324s step_avg:1854.56ms
step:1759/3350 train_time:3262.166s step_avg:1854.56ms
step:1760/3350 train_time:3264.006s step_avg:1854.55ms
step:1761/3350 train_time:3265.848s step_avg:1854.54ms
step:1762/3350 train_time:3267.688s step_avg:1854.53ms
step:1763/3350 train_time:3269.529s step_avg:1854.53ms
step:1764/3350 train_time:3271.370s step_avg:1854.52ms
step:1765/3350 train_time:3273.213s step_avg:1854.51ms
step:1766/3350 train_time:3275.057s step_avg:1854.51ms
step:1767/3350 train_time:3276.898s step_avg:1854.50ms
step:1768/3350 train_time:3278.741s step_avg:1854.49ms
step:1769/3350 train_time:3280.583s step_avg:1854.48ms
step:1770/3350 train_time:3282.423s step_avg:1854.48ms
step:1771/3350 train_time:3284.266s step_avg:1854.47ms
step:1772/3350 train_time:3286.107s step_avg:1854.46ms
step:1773/3350 train_time:3287.949s step_avg:1854.46ms
step:1774/3350 train_time:3289.793s step_avg:1854.45ms
step:1775/3350 train_time:3291.909s step_avg:1854.60ms
step:1776/3350 train_time:3293.752s step_avg:1854.59ms
step:1777/3350 train_time:3295.595s step_avg:1854.58ms
step:1778/3350 train_time:3297.438s step_avg:1854.58ms
step:1779/3350 train_time:3299.280s step_avg:1854.57ms
step:1780/3350 train_time:3301.122s step_avg:1854.56ms
step:1781/3350 train_time:3302.964s step_avg:1854.56ms
step:1782/3350 train_time:3304.808s step_avg:1854.55ms
step:1783/3350 train_time:3306.650s step_avg:1854.54ms
step:1784/3350 train_time:3308.495s step_avg:1854.54ms
step:1785/3350 train_time:3310.337s step_avg:1854.53ms
step:1786/3350 train_time:3312.179s step_avg:1854.52ms
step:1787/3350 train_time:3314.021s step_avg:1854.52ms
step:1788/3350 train_time:3315.864s step_avg:1854.51ms
step:1789/3350 train_time:3317.707s step_avg:1854.50ms
step:1790/3350 train_time:3319.550s step_avg:1854.50ms
step:1791/3350 train_time:3321.393s step_avg:1854.49ms
step:1792/3350 train_time:3323.235s step_avg:1854.48ms
step:1793/3350 train_time:3325.077s step_avg:1854.48ms
step:1794/3350 train_time:3326.921s step_avg:1854.47ms
step:1795/3350 train_time:3328.765s step_avg:1854.47ms
step:1796/3350 train_time:3330.607s step_avg:1854.46ms
step:1797/3350 train_time:3332.450s step_avg:1854.45ms
step:1798/3350 train_time:3334.291s step_avg:1854.44ms
step:1799/3350 train_time:3336.134s step_avg:1854.44ms
step:1800/3350 train_time:3338.270s step_avg:1854.59ms
step:1801/3350 train_time:3340.113s step_avg:1854.59ms
step:1802/3350 train_time:3341.956s step_avg:1854.58ms
step:1803/3350 train_time:3343.796s step_avg:1854.57ms
step:1804/3350 train_time:3345.636s step_avg:1854.57ms
step:1805/3350 train_time:3347.479s step_avg:1854.56ms
step:1806/3350 train_time:3349.320s step_avg:1854.55ms
step:1807/3350 train_time:3351.160s step_avg:1854.54ms
step:1808/3350 train_time:3353.002s step_avg:1854.54ms
step:1809/3350 train_time:3354.843s step_avg:1854.53ms
step:1810/3350 train_time:3356.685s step_avg:1854.52ms
step:1811/3350 train_time:3358.528s step_avg:1854.52ms
step:1812/3350 train_time:3360.369s step_avg:1854.51ms
step:1813/3350 train_time:3362.211s step_avg:1854.50ms
step:1814/3350 train_time:3364.054s step_avg:1854.50ms
step:1815/3350 train_time:3365.894s step_avg:1854.49ms
step:1816/3350 train_time:3367.736s step_avg:1854.48ms
step:1817/3350 train_time:3369.579s step_avg:1854.47ms
step:1818/3350 train_time:3371.422s step_avg:1854.47ms
step:1819/3350 train_time:3373.263s step_avg:1854.46ms
step:1820/3350 train_time:3375.107s step_avg:1854.45ms
step:1821/3350 train_time:3376.948s step_avg:1854.45ms
step:1822/3350 train_time:3378.790s step_avg:1854.44ms
step:1823/3350 train_time:3380.631s step_avg:1854.43ms
step:1824/3350 train_time:3382.473s step_avg:1854.43ms
step:1825/3350 train_time:3384.588s step_avg:1854.57ms
step:1826/3350 train_time:3386.428s step_avg:1854.56ms
step:1827/3350 train_time:3388.268s step_avg:1854.55ms
step:1828/3350 train_time:3390.110s step_avg:1854.55ms
step:1829/3350 train_time:3391.953s step_avg:1854.54ms
step:1830/3350 train_time:3393.793s step_avg:1854.53ms
step:1831/3350 train_time:3395.634s step_avg:1854.52ms
step:1832/3350 train_time:3397.475s step_avg:1854.52ms
step:1833/3350 train_time:3399.317s step_avg:1854.51ms
step:1834/3350 train_time:3401.158s step_avg:1854.50ms
step:1835/3350 train_time:3402.999s step_avg:1854.50ms
step:1836/3350 train_time:3404.842s step_avg:1854.49ms
step:1837/3350 train_time:3406.681s step_avg:1854.48ms
step:1838/3350 train_time:3408.522s step_avg:1854.47ms
step:1839/3350 train_time:3410.362s step_avg:1854.47ms
step:1840/3350 train_time:3412.203s step_avg:1854.46ms
step:1841/3350 train_time:3414.044s step_avg:1854.45ms
step:1842/3350 train_time:3415.884s step_avg:1854.44ms
step:1843/3350 train_time:3417.725s step_avg:1854.44ms
step:1844/3350 train_time:3419.565s step_avg:1854.43ms
step:1845/3350 train_time:3421.406s step_avg:1854.42ms
step:1846/3350 train_time:3423.247s step_avg:1854.41ms
step:1847/3350 train_time:3425.087s step_avg:1854.41ms
step:1848/3350 train_time:3426.929s step_avg:1854.40ms
step:1849/3350 train_time:3428.770s step_avg:1854.39ms
step:1850/3350 train_time:3430.885s step_avg:1854.53ms
step:1851/3350 train_time:3432.726s step_avg:1854.52ms
step:1852/3350 train_time:3434.570s step_avg:1854.52ms
step:1853/3350 train_time:3436.411s step_avg:1854.51ms
step:1854/3350 train_time:3438.253s step_avg:1854.51ms
step:1855/3350 train_time:3440.094s step_avg:1854.50ms
step:1856/3350 train_time:3441.935s step_avg:1854.49ms
step:1857/3350 train_time:3443.777s step_avg:1854.48ms
step:1858/3350 train_time:3445.617s step_avg:1854.48ms
step:1859/3350 train_time:3447.458s step_avg:1854.47ms
step:1860/3350 train_time:3449.299s step_avg:1854.46ms
step:1861/3350 train_time:3451.140s step_avg:1854.45ms
step:1862/3350 train_time:3452.980s step_avg:1854.45ms
step:1863/3350 train_time:3454.821s step_avg:1854.44ms
step:1864/3350 train_time:3456.661s step_avg:1854.43ms
step:1865/3350 train_time:3458.503s step_avg:1854.43ms
step:1866/3350 train_time:3460.343s step_avg:1854.42ms
step:1867/3350 train_time:3462.183s step_avg:1854.41ms
step:1868/3350 train_time:3464.023s step_avg:1854.40ms
step:1869/3350 train_time:3465.864s step_avg:1854.39ms
step:1870/3350 train_time:3467.707s step_avg:1854.39ms
step:1871/3350 train_time:3469.547s step_avg:1854.38ms
step:1872/3350 train_time:3471.387s step_avg:1854.37ms
step:1873/3350 train_time:3473.229s step_avg:1854.37ms
step:1874/3350 train_time:3475.071s step_avg:1854.36ms
step:1875/3350 train_time:3477.251s step_avg:1854.53ms
step:1875/3350 val_loss:3.45230 train_time:3477.251s step_avg:1853.25ms
step:1876/3350 train_time:3479.093s step_avg:1854.53ms
step:1877/3350 train_time:3480.934s step_avg:1854.52ms
step:1878/3350 train_time:3482.775s step_avg:1854.51ms
step:1879/3350 train_time:3484.617s step_avg:1854.51ms
step:1880/3350 train_time:3486.458s step_avg:1854.50ms
step:1881/3350 train_time:3488.298s step_avg:1854.49ms
step:1882/3350 train_time:3490.139s step_avg:1854.48ms
step:1883/3350 train_time:3491.979s step_avg:1854.48ms
step:1884/3350 train_time:3493.822s step_avg:1854.47ms
step:1885/3350 train_time:3495.661s step_avg:1854.46ms
step:1886/3350 train_time:3497.503s step_avg:1854.46ms
step:1887/3350 train_time:3499.344s step_avg:1854.45ms
step:1888/3350 train_time:3501.186s step_avg:1854.44ms
step:1889/3350 train_time:3503.027s step_avg:1854.43ms
step:1890/3350 train_time:3504.868s step_avg:1854.43ms
step:1891/3350 train_time:3506.709s step_avg:1854.42ms
step:1892/3350 train_time:3508.549s step_avg:1854.41ms
step:1893/3350 train_time:3510.390s step_avg:1854.41ms
step:1894/3350 train_time:3512.230s step_avg:1854.40ms
step:1895/3350 train_time:3514.072s step_avg:1854.39ms
step:1896/3350 train_time:3515.911s step_avg:1854.38ms
step:1897/3350 train_time:3517.754s step_avg:1854.38ms
step:1898/3350 train_time:3519.595s step_avg:1854.37ms
step:1899/3350 train_time:3521.435s step_avg:1854.36ms
step:1900/3350 train_time:3523.562s step_avg:1854.51ms
step:1901/3350 train_time:3525.433s step_avg:1854.51ms
step:1902/3350 train_time:3527.273s step_avg:1854.51ms
step:1903/3350 train_time:3529.113s step_avg:1854.50ms
step:1904/3350 train_time:3530.954s step_avg:1854.49ms
step:1905/3350 train_time:3532.794s step_avg:1854.49ms
step:1906/3350 train_time:3534.636s step_avg:1854.48ms
step:1907/3350 train_time:3536.478s step_avg:1854.47ms
step:1908/3350 train_time:3538.318s step_avg:1854.46ms
step:1909/3350 train_time:3540.159s step_avg:1854.46ms
step:1910/3350 train_time:3542.001s step_avg:1854.45ms
step:1911/3350 train_time:3543.842s step_avg:1854.44ms
step:1912/3350 train_time:3545.682s step_avg:1854.44ms
step:1913/3350 train_time:3547.524s step_avg:1854.43ms
step:1914/3350 train_time:3549.364s step_avg:1854.42ms
step:1915/3350 train_time:3551.206s step_avg:1854.42ms
step:1916/3350 train_time:3553.046s step_avg:1854.41ms
step:1917/3350 train_time:3554.887s step_avg:1854.40ms
step:1918/3350 train_time:3556.728s step_avg:1854.39ms
step:1919/3350 train_time:3558.569s step_avg:1854.39ms
step:1920/3350 train_time:3560.410s step_avg:1854.38ms
step:1921/3350 train_time:3562.251s step_avg:1854.37ms
step:1922/3350 train_time:3564.092s step_avg:1854.37ms
step:1923/3350 train_time:3565.934s step_avg:1854.36ms
step:1924/3350 train_time:3567.775s step_avg:1854.35ms
step:1925/3350 train_time:3569.890s step_avg:1854.49ms
step:1926/3350 train_time:3571.732s step_avg:1854.48ms
step:1927/3350 train_time:3573.573s step_avg:1854.47ms
step:1928/3350 train_time:3575.414s step_avg:1854.47ms
step:1929/3350 train_time:3577.257s step_avg:1854.46ms
step:1930/3350 train_time:3579.098s step_avg:1854.45ms
step:1931/3350 train_time:3580.940s step_avg:1854.45ms
step:1932/3350 train_time:3582.780s step_avg:1854.44ms
step:1933/3350 train_time:3584.621s step_avg:1854.43ms
step:1934/3350 train_time:3586.462s step_avg:1854.43ms
step:1935/3350 train_time:3588.303s step_avg:1854.42ms
step:1936/3350 train_time:3590.144s step_avg:1854.41ms
step:1937/3350 train_time:3591.985s step_avg:1854.41ms
step:1938/3350 train_time:3593.825s step_avg:1854.40ms
step:1939/3350 train_time:3595.669s step_avg:1854.39ms
step:1940/3350 train_time:3597.511s step_avg:1854.39ms
step:1941/3350 train_time:3599.352s step_avg:1854.38ms
step:1942/3350 train_time:3601.192s step_avg:1854.37ms
step:1943/3350 train_time:3603.036s step_avg:1854.37ms
step:1944/3350 train_time:3604.878s step_avg:1854.36ms
step:1945/3350 train_time:3606.719s step_avg:1854.35ms
step:1946/3350 train_time:3608.561s step_avg:1854.35ms
step:1947/3350 train_time:3610.402s step_avg:1854.34ms
step:1948/3350 train_time:3612.242s step_avg:1854.33ms
step:1949/3350 train_time:3614.082s step_avg:1854.33ms
step:1950/3350 train_time:3616.197s step_avg:1854.46ms
step:1951/3350 train_time:3618.037s step_avg:1854.45ms
step:1952/3350 train_time:3619.879s step_avg:1854.45ms
step:1953/3350 train_time:3621.720s step_avg:1854.44ms
step:1954/3350 train_time:3623.559s step_avg:1854.43ms
step:1955/3350 train_time:3625.401s step_avg:1854.43ms
step:1956/3350 train_time:3627.243s step_avg:1854.42ms
step:1957/3350 train_time:3629.084s step_avg:1854.41ms
step:1958/3350 train_time:3630.925s step_avg:1854.41ms
step:1959/3350 train_time:3632.768s step_avg:1854.40ms
step:1960/3350 train_time:3634.609s step_avg:1854.39ms
step:1961/3350 train_time:3636.449s step_avg:1854.39ms
step:1962/3350 train_time:3638.289s step_avg:1854.38ms
step:1963/3350 train_time:3640.131s step_avg:1854.37ms
step:1964/3350 train_time:3641.971s step_avg:1854.36ms
step:1965/3350 train_time:3643.814s step_avg:1854.36ms
step:1966/3350 train_time:3645.655s step_avg:1854.35ms
step:1967/3350 train_time:3647.496s step_avg:1854.34ms
step:1968/3350 train_time:3649.338s step_avg:1854.34ms
step:1969/3350 train_time:3651.179s step_avg:1854.33ms
step:1970/3350 train_time:3653.020s step_avg:1854.32ms
step:1971/3350 train_time:3654.862s step_avg:1854.32ms
step:1972/3350 train_time:3656.706s step_avg:1854.31ms
step:1973/3350 train_time:3658.547s step_avg:1854.31ms
step:1974/3350 train_time:3660.388s step_avg:1854.30ms
step:1975/3350 train_time:3662.504s step_avg:1854.43ms
step:1976/3350 train_time:3664.345s step_avg:1854.43ms
step:1977/3350 train_time:3666.185s step_avg:1854.42ms
step:1978/3350 train_time:3668.026s step_avg:1854.41ms
step:1979/3350 train_time:3669.868s step_avg:1854.41ms
step:1980/3350 train_time:3671.709s step_avg:1854.40ms
step:1981/3350 train_time:3673.550s step_avg:1854.39ms
step:1982/3350 train_time:3675.392s step_avg:1854.39ms
step:1983/3350 train_time:3677.233s step_avg:1854.38ms
step:1984/3350 train_time:3679.074s step_avg:1854.37ms
step:1985/3350 train_time:3680.915s step_avg:1854.37ms
step:1986/3350 train_time:3682.759s step_avg:1854.36ms
step:1987/3350 train_time:3684.601s step_avg:1854.35ms
step:1988/3350 train_time:3686.443s step_avg:1854.35ms
step:1989/3350 train_time:3688.285s step_avg:1854.34ms
step:1990/3350 train_time:3690.126s step_avg:1854.33ms
step:1991/3350 train_time:3691.970s step_avg:1854.33ms
step:1992/3350 train_time:3693.815s step_avg:1854.32ms
step:1993/3350 train_time:3695.659s step_avg:1854.32ms
step:1994/3350 train_time:3697.502s step_avg:1854.31ms
step:1995/3350 train_time:3699.343s step_avg:1854.31ms
step:1996/3350 train_time:3701.187s step_avg:1854.30ms
step:1997/3350 train_time:3703.028s step_avg:1854.30ms
step:1998/3350 train_time:3704.870s step_avg:1854.29ms
step:1999/3350 train_time:3706.713s step_avg:1854.28ms
step:2000/3350 train_time:3708.911s step_avg:1854.46ms
step:2000/3350 val_loss:3.43453 train_time:3708.912s step_avg:1853.28ms
step:2001/3350 train_time:3710.758s step_avg:1854.45ms
step:2002/3350 train_time:3712.602s step_avg:1854.45ms
step:2003/3350 train_time:3714.444s step_avg:1854.44ms
step:2004/3350 train_time:3716.287s step_avg:1854.43ms
step:2005/3350 train_time:3718.129s step_avg:1854.43ms
step:2006/3350 train_time:3719.972s step_avg:1854.42ms
step:2007/3350 train_time:3721.814s step_avg:1854.42ms
step:2008/3350 train_time:3723.657s step_avg:1854.41ms
step:2009/3350 train_time:3725.499s step_avg:1854.40ms
step:2010/3350 train_time:3727.343s step_avg:1854.40ms
step:2011/3350 train_time:3729.184s step_avg:1854.39ms
step:2012/3350 train_time:3731.026s step_avg:1854.39ms
step:2013/3350 train_time:3732.869s step_avg:1854.38ms
step:2014/3350 train_time:3734.713s step_avg:1854.38ms
step:2015/3350 train_time:3736.555s step_avg:1854.37ms
step:2016/3350 train_time:3738.397s step_avg:1854.36ms
step:2017/3350 train_time:3740.239s step_avg:1854.36ms
step:2018/3350 train_time:3742.082s step_avg:1854.35ms
step:2019/3350 train_time:3743.924s step_avg:1854.35ms
step:2020/3350 train_time:3745.765s step_avg:1854.34ms
step:2021/3350 train_time:3747.608s step_avg:1854.33ms
step:2022/3350 train_time:3749.450s step_avg:1854.33ms
step:2023/3350 train_time:3751.292s step_avg:1854.32ms
step:2024/3350 train_time:3753.135s step_avg:1854.32ms
step:2025/3350 train_time:3755.260s step_avg:1854.45ms
step:2026/3350 train_time:3757.101s step_avg:1854.44ms
step:2027/3350 train_time:3758.943s step_avg:1854.44ms
step:2028/3350 train_time:3760.784s step_avg:1854.43ms
step:2029/3350 train_time:3762.626s step_avg:1854.42ms
step:2030/3350 train_time:3764.469s step_avg:1854.42ms
step:2031/3350 train_time:3766.311s step_avg:1854.41ms
step:2032/3350 train_time:3768.152s step_avg:1854.41ms
step:2033/3350 train_time:3769.994s step_avg:1854.40ms
step:2034/3350 train_time:3771.837s step_avg:1854.39ms
step:2035/3350 train_time:3773.682s step_avg:1854.39ms
step:2036/3350 train_time:3775.525s step_avg:1854.38ms
step:2037/3350 train_time:3777.366s step_avg:1854.38ms
step:2038/3350 train_time:3779.208s step_avg:1854.37ms
step:2039/3350 train_time:3781.051s step_avg:1854.37ms
step:2040/3350 train_time:3782.896s step_avg:1854.36ms
step:2041/3350 train_time:3784.738s step_avg:1854.35ms
step:2042/3350 train_time:3786.579s step_avg:1854.35ms
step:2043/3350 train_time:3788.421s step_avg:1854.34ms
step:2044/3350 train_time:3790.262s step_avg:1854.34ms
step:2045/3350 train_time:3792.114s step_avg:1854.33ms
step:2046/3350 train_time:3793.957s step_avg:1854.33ms
step:2047/3350 train_time:3795.799s step_avg:1854.32ms
step:2048/3350 train_time:3797.641s step_avg:1854.32ms
step:2049/3350 train_time:3799.484s step_avg:1854.31ms
step:2050/3350 train_time:3801.607s step_avg:1854.44ms
step:2051/3350 train_time:3803.450s step_avg:1854.44ms
step:2052/3350 train_time:3805.291s step_avg:1854.43ms
step:2053/3350 train_time:3807.133s step_avg:1854.42ms
step:2054/3350 train_time:3808.975s step_avg:1854.42ms
step:2055/3350 train_time:3810.819s step_avg:1854.41ms
step:2056/3350 train_time:3812.660s step_avg:1854.41ms
step:2057/3350 train_time:3814.501s step_avg:1854.40ms
step:2058/3350 train_time:3816.344s step_avg:1854.39ms
step:2059/3350 train_time:3818.185s step_avg:1854.39ms
step:2060/3350 train_time:3820.026s step_avg:1854.38ms
step:2061/3350 train_time:3821.866s step_avg:1854.37ms
step:2062/3350 train_time:3823.707s step_avg:1854.37ms
step:2063/3350 train_time:3825.552s step_avg:1854.36ms
step:2064/3350 train_time:3827.392s step_avg:1854.36ms
step:2065/3350 train_time:3829.233s step_avg:1854.35ms
step:2066/3350 train_time:3831.076s step_avg:1854.34ms
step:2067/3350 train_time:3832.918s step_avg:1854.34ms
step:2068/3350 train_time:3834.760s step_avg:1854.33ms
step:2069/3350 train_time:3836.601s step_avg:1854.33ms
step:2070/3350 train_time:3838.444s step_avg:1854.32ms
step:2071/3350 train_time:3840.287s step_avg:1854.32ms
step:2072/3350 train_time:3842.130s step_avg:1854.31ms
step:2073/3350 train_time:3843.972s step_avg:1854.30ms
step:2074/3350 train_time:3845.813s step_avg:1854.30ms
step:2075/3350 train_time:3847.933s step_avg:1854.43ms
step:2076/3350 train_time:3849.774s step_avg:1854.42ms
step:2077/3350 train_time:3851.616s step_avg:1854.41ms
step:2078/3350 train_time:3853.458s step_avg:1854.41ms
step:2079/3350 train_time:3855.300s step_avg:1854.40ms
step:2080/3350 train_time:3857.140s step_avg:1854.39ms
step:2081/3350 train_time:3858.985s step_avg:1854.39ms
step:2082/3350 train_time:3860.826s step_avg:1854.38ms
step:2083/3350 train_time:3862.666s step_avg:1854.38ms
step:2084/3350 train_time:3864.508s step_avg:1854.37ms
step:2085/3350 train_time:3866.351s step_avg:1854.37ms
step:2086/3350 train_time:3868.194s step_avg:1854.36ms
step:2087/3350 train_time:3870.035s step_avg:1854.35ms
step:2088/3350 train_time:3871.877s step_avg:1854.35ms
step:2089/3350 train_time:3873.720s step_avg:1854.34ms
step:2090/3350 train_time:3875.561s step_avg:1854.34ms
step:2091/3350 train_time:3877.439s step_avg:1854.35ms
step:2092/3350 train_time:3879.280s step_avg:1854.34ms
step:2093/3350 train_time:3881.121s step_avg:1854.33ms
step:2094/3350 train_time:3882.963s step_avg:1854.33ms
step:2095/3350 train_time:3884.804s step_avg:1854.32ms
step:2096/3350 train_time:3886.645s step_avg:1854.32ms
step:2097/3350 train_time:3888.488s step_avg:1854.31ms
step:2098/3350 train_time:3890.331s step_avg:1854.30ms
step:2099/3350 train_time:3892.172s step_avg:1854.30ms
step:2100/3350 train_time:3894.305s step_avg:1854.43ms
step:2101/3350 train_time:3896.146s step_avg:1854.42ms
step:2102/3350 train_time:3897.987s step_avg:1854.42ms
step:2103/3350 train_time:3899.828s step_avg:1854.41ms
step:2104/3350 train_time:3901.670s step_avg:1854.41ms
step:2105/3350 train_time:3903.510s step_avg:1854.40ms
step:2106/3350 train_time:3905.353s step_avg:1854.39ms
step:2107/3350 train_time:3907.193s step_avg:1854.39ms
step:2108/3350 train_time:3909.035s step_avg:1854.38ms
step:2109/3350 train_time:3910.876s step_avg:1854.37ms
step:2110/3350 train_time:3912.718s step_avg:1854.37ms
step:2111/3350 train_time:3914.559s step_avg:1854.36ms
step:2112/3350 train_time:3916.401s step_avg:1854.36ms
step:2113/3350 train_time:3918.242s step_avg:1854.35ms
step:2114/3350 train_time:3920.084s step_avg:1854.34ms
step:2115/3350 train_time:3921.926s step_avg:1854.34ms
step:2116/3350 train_time:3923.767s step_avg:1854.33ms
step:2117/3350 train_time:3925.609s step_avg:1854.33ms
step:2118/3350 train_time:3927.449s step_avg:1854.32ms
step:2119/3350 train_time:3929.291s step_avg:1854.31ms
step:2120/3350 train_time:3931.133s step_avg:1854.31ms
step:2121/3350 train_time:3932.977s step_avg:1854.30ms
step:2122/3350 train_time:3934.817s step_avg:1854.30ms
step:2123/3350 train_time:3936.659s step_avg:1854.29ms
step:2124/3350 train_time:3938.500s step_avg:1854.28ms
step:2125/3350 train_time:3940.689s step_avg:1854.44ms
step:2125/3350 val_loss:3.41717 train_time:3940.689s step_avg:1854.22ms
step:2126/3350 train_time:3942.531s step_avg:1854.44ms
step:2127/3350 train_time:3944.373s step_avg:1854.43ms
step:2128/3350 train_time:3946.215s step_avg:1854.42ms
step:2129/3350 train_time:3948.058s step_avg:1854.42ms
step:2130/3350 train_time:3949.899s step_avg:1854.41ms
step:2131/3350 train_time:3951.739s step_avg:1854.41ms
step:2132/3350 train_time:3953.581s step_avg:1854.40ms
step:2133/3350 train_time:3955.424s step_avg:1854.39ms
step:2134/3350 train_time:3957.267s step_avg:1854.39ms
step:2135/3350 train_time:3959.110s step_avg:1854.38ms
step:2136/3350 train_time:3960.952s step_avg:1854.38ms
step:2137/3350 train_time:3962.793s step_avg:1854.37ms
step:2138/3350 train_time:3964.636s step_avg:1854.37ms
step:2139/3350 train_time:3966.476s step_avg:1854.36ms
step:2140/3350 train_time:3968.317s step_avg:1854.35ms
step:2141/3350 train_time:3970.160s step_avg:1854.35ms
step:2142/3350 train_time:3972.001s step_avg:1854.34ms
step:2143/3350 train_time:3973.843s step_avg:1854.34ms
step:2144/3350 train_time:3975.683s step_avg:1854.33ms
step:2145/3350 train_time:3977.526s step_avg:1854.32ms
step:2146/3350 train_time:3979.368s step_avg:1854.32ms
step:2147/3350 train_time:3981.211s step_avg:1854.31ms
step:2148/3350 train_time:3983.052s step_avg:1854.31ms
step:2149/3350 train_time:3984.894s step_avg:1854.30ms
step:2150/3350 train_time:3987.010s step_avg:1854.42ms
step:2151/3350 train_time:3988.850s step_avg:1854.42ms
step:2152/3350 train_time:3990.694s step_avg:1854.41ms
step:2153/3350 train_time:3992.536s step_avg:1854.41ms
step:2154/3350 train_time:3994.377s step_avg:1854.40ms
step:2155/3350 train_time:3996.218s step_avg:1854.39ms
step:2156/3350 train_time:3998.061s step_avg:1854.39ms
step:2157/3350 train_time:3999.903s step_avg:1854.38ms
step:2158/3350 train_time:4001.744s step_avg:1854.38ms
step:2159/3350 train_time:4003.586s step_avg:1854.37ms
step:2160/3350 train_time:4005.426s step_avg:1854.36ms
step:2161/3350 train_time:4007.268s step_avg:1854.36ms
step:2162/3350 train_time:4009.110s step_avg:1854.35ms
step:2163/3350 train_time:4010.950s step_avg:1854.35ms
step:2164/3350 train_time:4012.791s step_avg:1854.34ms
step:2165/3350 train_time:4014.631s step_avg:1854.33ms
step:2166/3350 train_time:4016.472s step_avg:1854.33ms
step:2167/3350 train_time:4018.313s step_avg:1854.32ms
step:2168/3350 train_time:4020.155s step_avg:1854.32ms
step:2169/3350 train_time:4021.998s step_avg:1854.31ms
step:2170/3350 train_time:4023.841s step_avg:1854.30ms
step:2171/3350 train_time:4025.682s step_avg:1854.30ms
step:2172/3350 train_time:4027.525s step_avg:1854.29ms
step:2173/3350 train_time:4029.369s step_avg:1854.29ms
step:2174/3350 train_time:4031.208s step_avg:1854.28ms
step:2175/3350 train_time:4033.332s step_avg:1854.41ms
step:2176/3350 train_time:4035.176s step_avg:1854.40ms
step:2177/3350 train_time:4037.017s step_avg:1854.39ms
step:2178/3350 train_time:4038.859s step_avg:1854.39ms
step:2179/3350 train_time:4040.701s step_avg:1854.38ms
step:2180/3350 train_time:4042.541s step_avg:1854.38ms
step:2181/3350 train_time:4044.382s step_avg:1854.37ms
step:2182/3350 train_time:4046.222s step_avg:1854.36ms
step:2183/3350 train_time:4048.063s step_avg:1854.36ms
step:2184/3350 train_time:4049.903s step_avg:1854.35ms
step:2185/3350 train_time:4051.747s step_avg:1854.35ms
step:2186/3350 train_time:4053.588s step_avg:1854.34ms
step:2187/3350 train_time:4055.429s step_avg:1854.33ms
step:2188/3350 train_time:4057.270s step_avg:1854.33ms
step:2189/3350 train_time:4059.111s step_avg:1854.32ms
step:2190/3350 train_time:4060.952s step_avg:1854.32ms
step:2191/3350 train_time:4062.794s step_avg:1854.31ms
step:2192/3350 train_time:4064.634s step_avg:1854.30ms
step:2193/3350 train_time:4066.477s step_avg:1854.30ms
step:2194/3350 train_time:4068.318s step_avg:1854.29ms
step:2195/3350 train_time:4070.162s step_avg:1854.29ms
step:2196/3350 train_time:4072.003s step_avg:1854.28ms
step:2197/3350 train_time:4073.843s step_avg:1854.28ms
step:2198/3350 train_time:4075.685s step_avg:1854.27ms
step:2199/3350 train_time:4077.526s step_avg:1854.26ms
step:2200/3350 train_time:4079.659s step_avg:1854.39ms
step:2201/3350 train_time:4081.501s step_avg:1854.38ms
step:2202/3350 train_time:4083.343s step_avg:1854.38ms
step:2203/3350 train_time:4085.187s step_avg:1854.37ms
step:2204/3350 train_time:4087.028s step_avg:1854.37ms
step:2205/3350 train_time:4088.870s step_avg:1854.36ms
step:2206/3350 train_time:4090.713s step_avg:1854.36ms
step:2207/3350 train_time:4092.554s step_avg:1854.35ms
step:2208/3350 train_time:4094.395s step_avg:1854.35ms
step:2209/3350 train_time:4096.237s step_avg:1854.34ms
step:2210/3350 train_time:4098.079s step_avg:1854.33ms
step:2211/3350 train_time:4099.920s step_avg:1854.33ms
step:2212/3350 train_time:4101.761s step_avg:1854.32ms
step:2213/3350 train_time:4103.603s step_avg:1854.32ms
step:2214/3350 train_time:4105.445s step_avg:1854.31ms
step:2215/3350 train_time:4107.288s step_avg:1854.31ms
step:2216/3350 train_time:4109.129s step_avg:1854.30ms
step:2217/3350 train_time:4110.973s step_avg:1854.30ms
step:2218/3350 train_time:4112.816s step_avg:1854.29ms
step:2219/3350 train_time:4114.658s step_avg:1854.28ms
step:2220/3350 train_time:4116.499s step_avg:1854.28ms
step:2221/3350 train_time:4118.339s step_avg:1854.27ms
step:2222/3350 train_time:4120.183s step_avg:1854.27ms
step:2223/3350 train_time:4122.024s step_avg:1854.26ms
step:2224/3350 train_time:4123.864s step_avg:1854.26ms
step:2225/3350 train_time:4125.989s step_avg:1854.38ms
step:2226/3350 train_time:4127.831s step_avg:1854.37ms
step:2227/3350 train_time:4129.674s step_avg:1854.37ms
step:2228/3350 train_time:4131.516s step_avg:1854.36ms
step:2229/3350 train_time:4133.360s step_avg:1854.36ms
step:2230/3350 train_time:4135.201s step_avg:1854.35ms
step:2231/3350 train_time:4137.043s step_avg:1854.34ms
step:2232/3350 train_time:4138.884s step_avg:1854.34ms
step:2233/3350 train_time:4140.726s step_avg:1854.33ms
step:2234/3350 train_time:4142.571s step_avg:1854.33ms
step:2235/3350 train_time:4144.413s step_avg:1854.32ms
step:2236/3350 train_time:4146.256s step_avg:1854.32ms
step:2237/3350 train_time:4148.096s step_avg:1854.31ms
step:2238/3350 train_time:4149.937s step_avg:1854.31ms
step:2239/3350 train_time:4151.780s step_avg:1854.30ms
step:2240/3350 train_time:4153.622s step_avg:1854.30ms
step:2241/3350 train_time:4155.463s step_avg:1854.29ms
step:2242/3350 train_time:4157.305s step_avg:1854.28ms
step:2243/3350 train_time:4159.146s step_avg:1854.28ms
step:2244/3350 train_time:4160.989s step_avg:1854.27ms
step:2245/3350 train_time:4162.830s step_avg:1854.27ms
step:2246/3350 train_time:4164.671s step_avg:1854.26ms
step:2247/3350 train_time:4166.511s step_avg:1854.25ms
step:2248/3350 train_time:4168.353s step_avg:1854.25ms
step:2249/3350 train_time:4170.197s step_avg:1854.24ms
step:2250/3350 train_time:4172.379s step_avg:1854.39ms
step:2250/3350 val_loss:3.40093 train_time:4172.379s step_avg:1853.52ms
step:2251/3350 train_time:4174.221s step_avg:1854.39ms
step:2252/3350 train_time:4176.063s step_avg:1854.38ms
step:2253/3350 train_time:4177.904s step_avg:1854.37ms
step:2254/3350 train_time:4179.746s step_avg:1854.37ms
step:2255/3350 train_time:4181.589s step_avg:1854.36ms
step:2256/3350 train_time:4183.430s step_avg:1854.36ms
step:2257/3350 train_time:4185.271s step_avg:1854.35ms
step:2258/3350 train_time:4187.115s step_avg:1854.35ms
step:2259/3350 train_time:4188.957s step_avg:1854.34ms
step:2260/3350 train_time:4190.799s step_avg:1854.34ms
step:2261/3350 train_time:4192.641s step_avg:1854.33ms
step:2262/3350 train_time:4194.481s step_avg:1854.32ms
step:2263/3350 train_time:4196.326s step_avg:1854.32ms
step:2264/3350 train_time:4198.166s step_avg:1854.31ms
step:2265/3350 train_time:4200.007s step_avg:1854.31ms
step:2266/3350 train_time:4201.852s step_avg:1854.30ms
step:2267/3350 train_time:4203.694s step_avg:1854.30ms
step:2268/3350 train_time:4205.539s step_avg:1854.29ms
step:2269/3350 train_time:4207.380s step_avg:1854.29ms
step:2270/3350 train_time:4209.223s step_avg:1854.28ms
step:2271/3350 train_time:4211.066s step_avg:1854.28ms
step:2272/3350 train_time:4212.906s step_avg:1854.27ms
step:2273/3350 train_time:4214.749s step_avg:1854.27ms
step:2274/3350 train_time:4216.592s step_avg:1854.26ms
step:2275/3350 train_time:4218.718s step_avg:1854.38ms
step:2276/3350 train_time:4220.561s step_avg:1854.38ms
step:2277/3350 train_time:4222.404s step_avg:1854.37ms
step:2278/3350 train_time:4224.249s step_avg:1854.37ms
step:2279/3350 train_time:4226.091s step_avg:1854.36ms
step:2280/3350 train_time:4227.934s step_avg:1854.36ms
step:2281/3350 train_time:4229.817s step_avg:1854.37ms
step:2282/3350 train_time:4231.661s step_avg:1854.36ms
step:2283/3350 train_time:4233.504s step_avg:1854.36ms
step:2284/3350 train_time:4235.345s step_avg:1854.35ms
step:2285/3350 train_time:4237.189s step_avg:1854.35ms
step:2286/3350 train_time:4239.033s step_avg:1854.35ms
step:2287/3350 train_time:4240.877s step_avg:1854.34ms
step:2288/3350 train_time:4242.719s step_avg:1854.34ms
step:2289/3350 train_time:4244.560s step_avg:1854.33ms
step:2290/3350 train_time:4246.403s step_avg:1854.32ms
step:2291/3350 train_time:4248.248s step_avg:1854.32ms
step:2292/3350 train_time:4250.095s step_avg:1854.32ms
step:2293/3350 train_time:4251.940s step_avg:1854.31ms
step:2294/3350 train_time:4253.788s step_avg:1854.31ms
step:2295/3350 train_time:4255.630s step_avg:1854.31ms
step:2296/3350 train_time:4257.475s step_avg:1854.30ms
step:2297/3350 train_time:4259.321s step_avg:1854.30ms
step:2298/3350 train_time:4261.164s step_avg:1854.29ms
step:2299/3350 train_time:4263.009s step_avg:1854.29ms
step:2300/3350 train_time:4265.144s step_avg:1854.41ms
step:2301/3350 train_time:4266.988s step_avg:1854.41ms
step:2302/3350 train_time:4268.831s step_avg:1854.40ms
step:2303/3350 train_time:4270.674s step_avg:1854.40ms
step:2304/3350 train_time:4272.517s step_avg:1854.39ms
step:2305/3350 train_time:4274.358s step_avg:1854.39ms
step:2306/3350 train_time:4276.199s step_avg:1854.38ms
step:2307/3350 train_time:4278.043s step_avg:1854.37ms
step:2308/3350 train_time:4279.888s step_avg:1854.37ms
step:2309/3350 train_time:4281.731s step_avg:1854.37ms
step:2310/3350 train_time:4283.573s step_avg:1854.36ms
step:2311/3350 train_time:4285.417s step_avg:1854.36ms
step:2312/3350 train_time:4287.260s step_avg:1854.35ms
step:2313/3350 train_time:4289.103s step_avg:1854.35ms
step:2314/3350 train_time:4290.947s step_avg:1854.34ms
step:2315/3350 train_time:4292.791s step_avg:1854.34ms
step:2316/3350 train_time:4294.632s step_avg:1854.33ms
step:2317/3350 train_time:4296.475s step_avg:1854.33ms
step:2318/3350 train_time:4298.320s step_avg:1854.32ms
step:2319/3350 train_time:4300.166s step_avg:1854.32ms
step:2320/3350 train_time:4302.006s step_avg:1854.31ms
step:2321/3350 train_time:4303.849s step_avg:1854.31ms
step:2322/3350 train_time:4305.692s step_avg:1854.30ms
step:2323/3350 train_time:4307.534s step_avg:1854.30ms
step:2324/3350 train_time:4309.379s step_avg:1854.29ms
step:2325/3350 train_time:4311.511s step_avg:1854.41ms
step:2326/3350 train_time:4313.353s step_avg:1854.41ms
step:2327/3350 train_time:4315.196s step_avg:1854.40ms
step:2328/3350 train_time:4317.041s step_avg:1854.40ms
step:2329/3350 train_time:4318.885s step_avg:1854.39ms
step:2330/3350 train_time:4320.727s step_avg:1854.39ms
step:2331/3350 train_time:4322.570s step_avg:1854.38ms
step:2332/3350 train_time:4324.411s step_avg:1854.38ms
step:2333/3350 train_time:4326.253s step_avg:1854.37ms
step:2334/3350 train_time:4328.097s step_avg:1854.37ms
step:2335/3350 train_time:4329.940s step_avg:1854.36ms
step:2336/3350 train_time:4331.785s step_avg:1854.36ms
step:2337/3350 train_time:4333.630s step_avg:1854.36ms
step:2338/3350 train_time:4335.475s step_avg:1854.35ms
step:2339/3350 train_time:4337.319s step_avg:1854.35ms
step:2340/3350 train_time:4339.164s step_avg:1854.34ms
step:2341/3350 train_time:4341.007s step_avg:1854.34ms
step:2342/3350 train_time:4342.850s step_avg:1854.33ms
step:2343/3350 train_time:4344.690s step_avg:1854.33ms
step:2344/3350 train_time:4346.534s step_avg:1854.32ms
step:2345/3350 train_time:4348.379s step_avg:1854.32ms
step:2346/3350 train_time:4350.221s step_avg:1854.31ms
step:2347/3350 train_time:4352.064s step_avg:1854.31ms
step:2348/3350 train_time:4353.906s step_avg:1854.30ms
step:2349/3350 train_time:4355.749s step_avg:1854.30ms
step:2350/3350 train_time:4357.876s step_avg:1854.42ms
step:2351/3350 train_time:4359.721s step_avg:1854.41ms
step:2352/3350 train_time:4361.564s step_avg:1854.41ms
step:2353/3350 train_time:4363.407s step_avg:1854.40ms
step:2354/3350 train_time:4365.249s step_avg:1854.40ms
step:2355/3350 train_time:4367.094s step_avg:1854.39ms
step:2356/3350 train_time:4368.938s step_avg:1854.39ms
step:2357/3350 train_time:4370.780s step_avg:1854.38ms
step:2358/3350 train_time:4372.621s step_avg:1854.38ms
step:2359/3350 train_time:4374.461s step_avg:1854.37ms
step:2360/3350 train_time:4376.303s step_avg:1854.37ms
step:2361/3350 train_time:4378.144s step_avg:1854.36ms
step:2362/3350 train_time:4379.987s step_avg:1854.36ms
step:2363/3350 train_time:4381.828s step_avg:1854.35ms
step:2364/3350 train_time:4383.670s step_avg:1854.34ms
step:2365/3350 train_time:4385.513s step_avg:1854.34ms
step:2366/3350 train_time:4387.356s step_avg:1854.33ms
step:2367/3350 train_time:4389.197s step_avg:1854.33ms
step:2368/3350 train_time:4391.039s step_avg:1854.32ms
step:2369/3350 train_time:4392.882s step_avg:1854.32ms
step:2370/3350 train_time:4394.725s step_avg:1854.31ms
step:2371/3350 train_time:4396.567s step_avg:1854.31ms
step:2372/3350 train_time:4398.408s step_avg:1854.30ms
step:2373/3350 train_time:4400.251s step_avg:1854.30ms
step:2374/3350 train_time:4402.094s step_avg:1854.29ms
step:2375/3350 train_time:4404.288s step_avg:1854.44ms
step:2375/3350 val_loss:3.38451 train_time:4404.289s step_avg:1855.28ms
step:2376/3350 train_time:4406.133s step_avg:1854.43ms
step:2377/3350 train_time:4407.975s step_avg:1854.43ms
step:2378/3350 train_time:4409.818s step_avg:1854.42ms
step:2379/3350 train_time:4411.660s step_avg:1854.42ms
step:2380/3350 train_time:4413.503s step_avg:1854.41ms
step:2381/3350 train_time:4415.344s step_avg:1854.41ms
step:2382/3350 train_time:4417.187s step_avg:1854.40ms
step:2383/3350 train_time:4419.029s step_avg:1854.40ms
step:2384/3350 train_time:4420.871s step_avg:1854.39ms
step:2385/3350 train_time:4422.713s step_avg:1854.39ms
step:2386/3350 train_time:4424.554s step_avg:1854.38ms
step:2387/3350 train_time:4426.396s step_avg:1854.38ms
step:2388/3350 train_time:4428.238s step_avg:1854.37ms
step:2389/3350 train_time:4430.080s step_avg:1854.37ms
step:2390/3350 train_time:4431.924s step_avg:1854.36ms
step:2391/3350 train_time:4433.766s step_avg:1854.36ms
step:2392/3350 train_time:4435.610s step_avg:1854.35ms
step:2393/3350 train_time:4437.452s step_avg:1854.35ms
step:2394/3350 train_time:4439.294s step_avg:1854.34ms
step:2395/3350 train_time:4441.137s step_avg:1854.34ms
step:2396/3350 train_time:4442.979s step_avg:1854.33ms
step:2397/3350 train_time:4444.823s step_avg:1854.33ms
step:2398/3350 train_time:4446.667s step_avg:1854.32ms
step:2399/3350 train_time:4448.511s step_avg:1854.32ms
step:2400/3350 train_time:4450.651s step_avg:1854.44ms
step:2401/3350 train_time:4452.495s step_avg:1854.43ms
step:2402/3350 train_time:4454.339s step_avg:1854.43ms
step:2403/3350 train_time:4456.182s step_avg:1854.42ms
step:2404/3350 train_time:4458.025s step_avg:1854.42ms
step:2405/3350 train_time:4459.868s step_avg:1854.41ms
step:2406/3350 train_time:4461.709s step_avg:1854.41ms
step:2407/3350 train_time:4463.553s step_avg:1854.40ms
step:2408/3350 train_time:4465.396s step_avg:1854.40ms
step:2409/3350 train_time:4467.240s step_avg:1854.40ms
step:2410/3350 train_time:4469.084s step_avg:1854.39ms
step:2411/3350 train_time:4470.925s step_avg:1854.39ms
step:2412/3350 train_time:4472.768s step_avg:1854.38ms
step:2413/3350 train_time:4474.608s step_avg:1854.38ms
step:2414/3350 train_time:4476.449s step_avg:1854.37ms
step:2415/3350 train_time:4478.290s step_avg:1854.36ms
step:2416/3350 train_time:4480.130s step_avg:1854.36ms
step:2417/3350 train_time:4481.971s step_avg:1854.35ms
step:2418/3350 train_time:4483.813s step_avg:1854.35ms
step:2419/3350 train_time:4485.654s step_avg:1854.34ms
step:2420/3350 train_time:4487.500s step_avg:1854.34ms
step:2421/3350 train_time:4489.341s step_avg:1854.33ms
step:2422/3350 train_time:4491.182s step_avg:1854.33ms
step:2423/3350 train_time:4493.023s step_avg:1854.32ms
step:2424/3350 train_time:4494.861s step_avg:1854.32ms
step:2425/3350 train_time:4496.976s step_avg:1854.42ms
step:2426/3350 train_time:4498.816s step_avg:1854.42ms
step:2427/3350 train_time:4500.657s step_avg:1854.41ms
step:2428/3350 train_time:4502.497s step_avg:1854.41ms
step:2429/3350 train_time:4504.338s step_avg:1854.40ms
step:2430/3350 train_time:4506.179s step_avg:1854.39ms
step:2431/3350 train_time:4508.021s step_avg:1854.39ms
step:2432/3350 train_time:4509.862s step_avg:1854.38ms
step:2433/3350 train_time:4511.705s step_avg:1854.38ms
step:2434/3350 train_time:4513.547s step_avg:1854.37ms
step:2435/3350 train_time:4515.388s step_avg:1854.37ms
step:2436/3350 train_time:4517.230s step_avg:1854.36ms
step:2437/3350 train_time:4519.070s step_avg:1854.36ms
step:2438/3350 train_time:4520.911s step_avg:1854.35ms
step:2439/3350 train_time:4522.752s step_avg:1854.35ms
step:2440/3350 train_time:4524.593s step_avg:1854.34ms
step:2441/3350 train_time:4526.434s step_avg:1854.34ms
step:2442/3350 train_time:4528.275s step_avg:1854.33ms
step:2443/3350 train_time:4530.118s step_avg:1854.33ms
step:2444/3350 train_time:4531.959s step_avg:1854.32ms
step:2445/3350 train_time:4533.800s step_avg:1854.32ms
step:2446/3350 train_time:4535.643s step_avg:1854.31ms
step:2447/3350 train_time:4537.484s step_avg:1854.31ms
step:2448/3350 train_time:4539.326s step_avg:1854.30ms
step:2449/3350 train_time:4541.169s step_avg:1854.30ms
step:2450/3350 train_time:4543.286s step_avg:1854.40ms
step:2451/3350 train_time:4545.128s step_avg:1854.40ms
step:2452/3350 train_time:4546.970s step_avg:1854.39ms
step:2453/3350 train_time:4548.813s step_avg:1854.39ms
step:2454/3350 train_time:4550.654s step_avg:1854.38ms
step:2455/3350 train_time:4552.496s step_avg:1854.38ms
step:2456/3350 train_time:4554.338s step_avg:1854.37ms
step:2457/3350 train_time:4556.180s step_avg:1854.37ms
step:2458/3350 train_time:4558.023s step_avg:1854.36ms
step:2459/3350 train_time:4559.864s step_avg:1854.36ms
step:2460/3350 train_time:4561.705s step_avg:1854.35ms
step:2461/3350 train_time:4563.547s step_avg:1854.35ms
step:2462/3350 train_time:4565.392s step_avg:1854.34ms
step:2463/3350 train_time:4567.234s step_avg:1854.34ms
step:2464/3350 train_time:4569.077s step_avg:1854.33ms
step:2465/3350 train_time:4570.919s step_avg:1854.33ms
step:2466/3350 train_time:4572.762s step_avg:1854.32ms
step:2467/3350 train_time:4574.606s step_avg:1854.32ms
step:2468/3350 train_time:4576.448s step_avg:1854.31ms
step:2469/3350 train_time:4578.291s step_avg:1854.31ms
step:2470/3350 train_time:4580.132s step_avg:1854.30ms
step:2471/3350 train_time:4582.010s step_avg:1854.31ms
step:2472/3350 train_time:4583.852s step_avg:1854.31ms
step:2473/3350 train_time:4585.693s step_avg:1854.30ms
step:2474/3350 train_time:4587.536s step_avg:1854.30ms
step:2475/3350 train_time:4589.652s step_avg:1854.40ms
step:2476/3350 train_time:4591.492s step_avg:1854.40ms
step:2477/3350 train_time:4593.335s step_avg:1854.39ms
step:2478/3350 train_time:4595.178s step_avg:1854.39ms
step:2479/3350 train_time:4597.019s step_avg:1854.38ms
step:2480/3350 train_time:4598.864s step_avg:1854.38ms
step:2481/3350 train_time:4600.707s step_avg:1854.38ms
step:2482/3350 train_time:4602.548s step_avg:1854.37ms
step:2483/3350 train_time:4604.389s step_avg:1854.37ms
step:2484/3350 train_time:4606.232s step_avg:1854.36ms
step:2485/3350 train_time:4608.076s step_avg:1854.36ms
step:2486/3350 train_time:4609.917s step_avg:1854.35ms
step:2487/3350 train_time:4611.760s step_avg:1854.35ms
step:2488/3350 train_time:4613.602s step_avg:1854.34ms
step:2489/3350 train_time:4615.442s step_avg:1854.34ms
step:2490/3350 train_time:4617.284s step_avg:1854.33ms
step:2491/3350 train_time:4619.125s step_avg:1854.33ms
step:2492/3350 train_time:4620.967s step_avg:1854.32ms
step:2493/3350 train_time:4622.809s step_avg:1854.32ms
step:2494/3350 train_time:4624.650s step_avg:1854.31ms
step:2495/3350 train_time:4626.492s step_avg:1854.31ms
step:2496/3350 train_time:4628.333s step_avg:1854.30ms
step:2497/3350 train_time:4630.174s step_avg:1854.29ms
step:2498/3350 train_time:4632.016s step_avg:1854.29ms
step:2499/3350 train_time:4633.860s step_avg:1854.29ms
step:2500/3350 train_time:4636.053s step_avg:1854.42ms
step:2500/3350 val_loss:3.36875 train_time:4636.053s step_avg:1854.12ms
step:2501/3350 train_time:4637.897s step_avg:1854.42ms
step:2502/3350 train_time:4639.739s step_avg:1854.41ms
step:2503/3350 train_time:4641.584s step_avg:1854.41ms
step:2504/3350 train_time:4643.426s step_avg:1854.40ms
step:2505/3350 train_time:4645.268s step_avg:1854.40ms
step:2506/3350 train_time:4647.110s step_avg:1854.39ms
step:2507/3350 train_time:4648.952s step_avg:1854.39ms
step:2508/3350 train_time:4650.796s step_avg:1854.38ms
step:2509/3350 train_time:4652.639s step_avg:1854.38ms
step:2510/3350 train_time:4654.481s step_avg:1854.37ms
step:2511/3350 train_time:4656.323s step_avg:1854.37ms
step:2512/3350 train_time:4658.164s step_avg:1854.36ms
step:2513/3350 train_time:4660.008s step_avg:1854.36ms
step:2514/3350 train_time:4661.851s step_avg:1854.36ms
step:2515/3350 train_time:4663.692s step_avg:1854.35ms
step:2516/3350 train_time:4665.534s step_avg:1854.35ms
step:2517/3350 train_time:4667.376s step_avg:1854.34ms
step:2518/3350 train_time:4669.218s step_avg:1854.34ms
step:2519/3350 train_time:4671.059s step_avg:1854.33ms
step:2520/3350 train_time:4672.902s step_avg:1854.33ms
step:2521/3350 train_time:4674.746s step_avg:1854.32ms
step:2522/3350 train_time:4676.587s step_avg:1854.32ms
step:2523/3350 train_time:4678.430s step_avg:1854.31ms
step:2524/3350 train_time:4680.272s step_avg:1854.31ms
step:2525/3350 train_time:4682.393s step_avg:1854.41ms
step:2526/3350 train_time:4684.235s step_avg:1854.41ms
step:2527/3350 train_time:4686.077s step_avg:1854.40ms
step:2528/3350 train_time:4687.918s step_avg:1854.40ms
step:2529/3350 train_time:4689.761s step_avg:1854.39ms
step:2530/3350 train_time:4691.605s step_avg:1854.39ms
step:2531/3350 train_time:4693.449s step_avg:1854.39ms
step:2532/3350 train_time:4695.293s step_avg:1854.38ms
step:2533/3350 train_time:4697.134s step_avg:1854.38ms
step:2534/3350 train_time:4698.978s step_avg:1854.37ms
step:2535/3350 train_time:4700.818s step_avg:1854.37ms
step:2536/3350 train_time:4702.662s step_avg:1854.36ms
step:2537/3350 train_time:4704.505s step_avg:1854.36ms
step:2538/3350 train_time:4706.347s step_avg:1854.35ms
step:2539/3350 train_time:4708.190s step_avg:1854.35ms
step:2540/3350 train_time:4710.031s step_avg:1854.34ms
step:2541/3350 train_time:4711.876s step_avg:1854.34ms
step:2542/3350 train_time:4713.718s step_avg:1854.33ms
step:2543/3350 train_time:4715.560s step_avg:1854.33ms
step:2544/3350 train_time:4717.402s step_avg:1854.32ms
step:2545/3350 train_time:4719.244s step_avg:1854.32ms
step:2546/3350 train_time:4721.086s step_avg:1854.32ms
step:2547/3350 train_time:4722.928s step_avg:1854.31ms
step:2548/3350 train_time:4724.771s step_avg:1854.31ms
step:2549/3350 train_time:4726.613s step_avg:1854.30ms
step:2550/3350 train_time:4728.732s step_avg:1854.40ms
step:2551/3350 train_time:4730.574s step_avg:1854.40ms
step:2552/3350 train_time:4732.414s step_avg:1854.39ms
step:2553/3350 train_time:4734.257s step_avg:1854.39ms
step:2554/3350 train_time:4736.101s step_avg:1854.39ms
step:2555/3350 train_time:4737.942s step_avg:1854.38ms
step:2556/3350 train_time:4739.783s step_avg:1854.38ms
step:2557/3350 train_time:4741.625s step_avg:1854.37ms
step:2558/3350 train_time:4743.466s step_avg:1854.37ms
step:2559/3350 train_time:4745.308s step_avg:1854.36ms
step:2560/3350 train_time:4747.150s step_avg:1854.36ms
step:2561/3350 train_time:4748.990s step_avg:1854.35ms
step:2562/3350 train_time:4750.831s step_avg:1854.34ms
step:2563/3350 train_time:4752.672s step_avg:1854.34ms
step:2564/3350 train_time:4754.513s step_avg:1854.33ms
step:2565/3350 train_time:4756.353s step_avg:1854.33ms
step:2566/3350 train_time:4758.194s step_avg:1854.32ms
step:2567/3350 train_time:4760.035s step_avg:1854.32ms
step:2568/3350 train_time:4761.875s step_avg:1854.31ms
step:2569/3350 train_time:4763.715s step_avg:1854.31ms
step:2570/3350 train_time:4765.557s step_avg:1854.30ms
step:2571/3350 train_time:4767.399s step_avg:1854.30ms
step:2572/3350 train_time:4769.240s step_avg:1854.29ms
step:2573/3350 train_time:4771.081s step_avg:1854.29ms
step:2574/3350 train_time:4772.922s step_avg:1854.28ms
step:2575/3350 train_time:4775.039s step_avg:1854.38ms
step:2576/3350 train_time:4776.880s step_avg:1854.38ms
step:2577/3350 train_time:4778.720s step_avg:1854.37ms
step:2578/3350 train_time:4780.560s step_avg:1854.37ms
step:2579/3350 train_time:4782.401s step_avg:1854.36ms
step:2580/3350 train_time:4784.242s step_avg:1854.36ms
step:2581/3350 train_time:4786.083s step_avg:1854.35ms
step:2582/3350 train_time:4787.925s step_avg:1854.35ms
step:2583/3350 train_time:4789.767s step_avg:1854.34ms
step:2584/3350 train_time:4791.607s step_avg:1854.34ms
step:2585/3350 train_time:4793.448s step_avg:1854.33ms
step:2586/3350 train_time:4795.290s step_avg:1854.33ms
step:2587/3350 train_time:4797.130s step_avg:1854.32ms
step:2588/3350 train_time:4798.971s step_avg:1854.32ms
step:2589/3350 train_time:4800.810s step_avg:1854.31ms
step:2590/3350 train_time:4802.651s step_avg:1854.31ms
step:2591/3350 train_time:4804.492s step_avg:1854.30ms
step:2592/3350 train_time:4806.332s step_avg:1854.29ms
step:2593/3350 train_time:4808.173s step_avg:1854.29ms
step:2594/3350 train_time:4810.015s step_avg:1854.28ms
step:2595/3350 train_time:4811.857s step_avg:1854.28ms
step:2596/3350 train_time:4813.699s step_avg:1854.28ms
step:2597/3350 train_time:4815.541s step_avg:1854.27ms
step:2598/3350 train_time:4817.381s step_avg:1854.27ms
step:2599/3350 train_time:4819.225s step_avg:1854.26ms
step:2600/3350 train_time:4821.357s step_avg:1854.37ms
step:2601/3350 train_time:4823.199s step_avg:1854.36ms
step:2602/3350 train_time:4825.042s step_avg:1854.36ms
step:2603/3350 train_time:4826.884s step_avg:1854.35ms
step:2604/3350 train_time:4828.727s step_avg:1854.35ms
step:2605/3350 train_time:4830.569s step_avg:1854.35ms
step:2606/3350 train_time:4832.409s step_avg:1854.34ms
step:2607/3350 train_time:4834.252s step_avg:1854.34ms
step:2608/3350 train_time:4836.094s step_avg:1854.33ms
step:2609/3350 train_time:4837.937s step_avg:1854.33ms
step:2610/3350 train_time:4839.778s step_avg:1854.32ms
step:2611/3350 train_time:4841.620s step_avg:1854.32ms
step:2612/3350 train_time:4843.461s step_avg:1854.31ms
step:2613/3350 train_time:4845.304s step_avg:1854.31ms
step:2614/3350 train_time:4847.145s step_avg:1854.30ms
step:2615/3350 train_time:4848.987s step_avg:1854.30ms
step:2616/3350 train_time:4850.827s step_avg:1854.29ms
step:2617/3350 train_time:4852.671s step_avg:1854.29ms
step:2618/3350 train_time:4854.514s step_avg:1854.28ms
step:2619/3350 train_time:4856.357s step_avg:1854.28ms
step:2620/3350 train_time:4858.201s step_avg:1854.28ms
step:2621/3350 train_time:4860.042s step_avg:1854.27ms
step:2622/3350 train_time:4861.886s step_avg:1854.27ms
step:2623/3350 train_time:4863.728s step_avg:1854.26ms
step:2624/3350 train_time:4865.569s step_avg:1854.26ms
step:2625/3350 train_time:4867.760s step_avg:1854.38ms
step:2625/3350 val_loss:3.35158 train_time:4867.761s step_avg:1853.66ms
step:2626/3350 train_time:4869.602s step_avg:1854.38ms
step:2627/3350 train_time:4871.444s step_avg:1854.38ms
step:2628/3350 train_time:4873.286s step_avg:1854.37ms
step:2629/3350 train_time:4875.130s step_avg:1854.37ms
step:2630/3350 train_time:4876.972s step_avg:1854.36ms
step:2631/3350 train_time:4878.814s step_avg:1854.36ms
step:2632/3350 train_time:4880.657s step_avg:1854.35ms
step:2633/3350 train_time:4882.500s step_avg:1854.35ms
step:2634/3350 train_time:4884.342s step_avg:1854.34ms
step:2635/3350 train_time:4886.187s step_avg:1854.34ms
step:2636/3350 train_time:4888.028s step_avg:1854.34ms
step:2637/3350 train_time:4889.870s step_avg:1854.33ms
step:2638/3350 train_time:4891.713s step_avg:1854.33ms
step:2639/3350 train_time:4893.555s step_avg:1854.32ms
step:2640/3350 train_time:4895.397s step_avg:1854.32ms
step:2641/3350 train_time:4897.239s step_avg:1854.31ms
step:2642/3350 train_time:4899.079s step_avg:1854.31ms
step:2643/3350 train_time:4900.922s step_avg:1854.30ms
step:2644/3350 train_time:4902.765s step_avg:1854.30ms
step:2645/3350 train_time:4904.609s step_avg:1854.29ms
step:2646/3350 train_time:4906.452s step_avg:1854.29ms
step:2647/3350 train_time:4908.294s step_avg:1854.29ms
step:2648/3350 train_time:4910.138s step_avg:1854.28ms
step:2649/3350 train_time:4911.981s step_avg:1854.28ms
step:2650/3350 train_time:4914.111s step_avg:1854.38ms
step:2651/3350 train_time:4915.954s step_avg:1854.38ms
step:2652/3350 train_time:4917.797s step_avg:1854.37ms
step:2653/3350 train_time:4919.643s step_avg:1854.37ms
step:2654/3350 train_time:4921.486s step_avg:1854.37ms
step:2655/3350 train_time:4923.327s step_avg:1854.36ms
step:2656/3350 train_time:4925.169s step_avg:1854.36ms
step:2657/3350 train_time:4927.011s step_avg:1854.35ms
step:2658/3350 train_time:4928.854s step_avg:1854.35ms
step:2659/3350 train_time:4930.696s step_avg:1854.34ms
step:2660/3350 train_time:4932.537s step_avg:1854.34ms
step:2661/3350 train_time:4934.415s step_avg:1854.35ms
step:2662/3350 train_time:4936.256s step_avg:1854.34ms
step:2663/3350 train_time:4938.098s step_avg:1854.34ms
step:2664/3350 train_time:4939.939s step_avg:1854.33ms
step:2665/3350 train_time:4941.783s step_avg:1854.33ms
step:2666/3350 train_time:4943.626s step_avg:1854.32ms
step:2667/3350 train_time:4945.468s step_avg:1854.32ms
step:2668/3350 train_time:4947.310s step_avg:1854.31ms
step:2669/3350 train_time:4949.150s step_avg:1854.31ms
step:2670/3350 train_time:4950.995s step_avg:1854.31ms
step:2671/3350 train_time:4952.839s step_avg:1854.30ms
step:2672/3350 train_time:4954.681s step_avg:1854.30ms
step:2673/3350 train_time:4956.525s step_avg:1854.29ms
step:2674/3350 train_time:4958.368s step_avg:1854.29ms
step:2675/3350 train_time:4960.490s step_avg:1854.39ms
step:2676/3350 train_time:4962.331s step_avg:1854.38ms
step:2677/3350 train_time:4964.177s step_avg:1854.38ms
step:2678/3350 train_time:4966.020s step_avg:1854.38ms
step:2679/3350 train_time:4967.862s step_avg:1854.37ms
step:2680/3350 train_time:4969.709s step_avg:1854.37ms
step:2681/3350 train_time:4971.551s step_avg:1854.36ms
step:2682/3350 train_time:4973.396s step_avg:1854.36ms
step:2683/3350 train_time:4975.239s step_avg:1854.36ms
step:2684/3350 train_time:4977.080s step_avg:1854.35ms
step:2685/3350 train_time:4978.923s step_avg:1854.35ms
step:2686/3350 train_time:4980.766s step_avg:1854.34ms
step:2687/3350 train_time:4982.609s step_avg:1854.34ms
step:2688/3350 train_time:4984.451s step_avg:1854.33ms
step:2689/3350 train_time:4986.292s step_avg:1854.33ms
step:2690/3350 train_time:4988.135s step_avg:1854.33ms
step:2691/3350 train_time:4989.977s step_avg:1854.32ms
step:2692/3350 train_time:4991.819s step_avg:1854.32ms
step:2693/3350 train_time:4993.662s step_avg:1854.31ms
step:2694/3350 train_time:4995.504s step_avg:1854.31ms
step:2695/3350 train_time:4997.348s step_avg:1854.30ms
step:2696/3350 train_time:4999.189s step_avg:1854.30ms
step:2697/3350 train_time:5001.030s step_avg:1854.29ms
step:2698/3350 train_time:5002.874s step_avg:1854.29ms
step:2699/3350 train_time:5004.717s step_avg:1854.29ms
step:2700/3350 train_time:5006.852s step_avg:1854.39ms
step:2701/3350 train_time:5008.694s step_avg:1854.39ms
step:2702/3350 train_time:5010.535s step_avg:1854.38ms
step:2703/3350 train_time:5012.378s step_avg:1854.38ms
step:2704/3350 train_time:5014.219s step_avg:1854.37ms
step:2705/3350 train_time:5016.063s step_avg:1854.37ms
step:2706/3350 train_time:5017.904s step_avg:1854.36ms
step:2707/3350 train_time:5019.745s step_avg:1854.36ms
step:2708/3350 train_time:5021.587s step_avg:1854.35ms
step:2709/3350 train_time:5023.428s step_avg:1854.35ms
step:2710/3350 train_time:5025.270s step_avg:1854.34ms
step:2711/3350 train_time:5027.113s step_avg:1854.34ms
step:2712/3350 train_time:5028.955s step_avg:1854.33ms
step:2713/3350 train_time:5030.796s step_avg:1854.33ms
step:2714/3350 train_time:5032.638s step_avg:1854.33ms
step:2715/3350 train_time:5034.479s step_avg:1854.32ms
step:2716/3350 train_time:5036.323s step_avg:1854.32ms
step:2717/3350 train_time:5038.167s step_avg:1854.31ms
step:2718/3350 train_time:5040.010s step_avg:1854.31ms
step:2719/3350 train_time:5041.852s step_avg:1854.30ms
step:2720/3350 train_time:5043.694s step_avg:1854.30ms
step:2721/3350 train_time:5045.535s step_avg:1854.29ms
step:2722/3350 train_time:5047.375s step_avg:1854.29ms
step:2723/3350 train_time:5049.216s step_avg:1854.28ms
step:2724/3350 train_time:5051.057s step_avg:1854.28ms
step:2725/3350 train_time:5053.187s step_avg:1854.38ms
step:2726/3350 train_time:5055.029s step_avg:1854.38ms
step:2727/3350 train_time:5056.871s step_avg:1854.37ms
step:2728/3350 train_time:5058.714s step_avg:1854.37ms
step:2729/3350 train_time:5060.559s step_avg:1854.36ms
step:2730/3350 train_time:5062.401s step_avg:1854.36ms
step:2731/3350 train_time:5064.244s step_avg:1854.36ms
step:2732/3350 train_time:5066.088s step_avg:1854.35ms
step:2733/3350 train_time:5067.931s step_avg:1854.35ms
step:2734/3350 train_time:5069.771s step_avg:1854.34ms
step:2735/3350 train_time:5071.614s step_avg:1854.34ms
step:2736/3350 train_time:5073.456s step_avg:1854.33ms
step:2737/3350 train_time:5075.299s step_avg:1854.33ms
step:2738/3350 train_time:5077.140s step_avg:1854.32ms
step:2739/3350 train_time:5078.982s step_avg:1854.32ms
step:2740/3350 train_time:5080.825s step_avg:1854.32ms
step:2741/3350 train_time:5082.671s step_avg:1854.31ms
step:2742/3350 train_time:5084.517s step_avg:1854.31ms
step:2743/3350 train_time:5086.360s step_avg:1854.31ms
step:2744/3350 train_time:5088.204s step_avg:1854.30ms
step:2745/3350 train_time:5090.051s step_avg:1854.30ms
step:2746/3350 train_time:5091.896s step_avg:1854.30ms
step:2747/3350 train_time:5093.738s step_avg:1854.29ms
step:2748/3350 train_time:5095.582s step_avg:1854.29ms
step:2749/3350 train_time:5097.424s step_avg:1854.28ms
step:2750/3350 train_time:5099.611s step_avg:1854.40ms
step:2750/3350 val_loss:3.33569 train_time:5099.611s step_avg:1854.80ms
step:2751/3350 train_time:5101.457s step_avg:1854.40ms
step:2752/3350 train_time:5103.300s step_avg:1854.40ms
step:2753/3350 train_time:5105.143s step_avg:1854.39ms
step:2754/3350 train_time:5106.987s step_avg:1854.39ms
step:2755/3350 train_time:5108.830s step_avg:1854.38ms
step:2756/3350 train_time:5110.674s step_avg:1854.38ms
step:2757/3350 train_time:5112.517s step_avg:1854.38ms
step:2758/3350 train_time:5114.359s step_avg:1854.37ms
step:2759/3350 train_time:5116.201s step_avg:1854.37ms
step:2760/3350 train_time:5118.044s step_avg:1854.36ms
step:2761/3350 train_time:5119.886s step_avg:1854.36ms
step:2762/3350 train_time:5121.730s step_avg:1854.36ms
step:2763/3350 train_time:5123.572s step_avg:1854.35ms
step:2764/3350 train_time:5125.414s step_avg:1854.35ms
step:2765/3350 train_time:5127.255s step_avg:1854.34ms
step:2766/3350 train_time:5129.100s step_avg:1854.34ms
step:2767/3350 train_time:5130.942s step_avg:1854.33ms
step:2768/3350 train_time:5132.785s step_avg:1854.33ms
step:2769/3350 train_time:5134.627s step_avg:1854.33ms
step:2770/3350 train_time:5136.471s step_avg:1854.32ms
step:2771/3350 train_time:5138.314s step_avg:1854.32ms
step:2772/3350 train_time:5140.157s step_avg:1854.31ms
step:2773/3350 train_time:5141.999s step_avg:1854.31ms
step:2774/3350 train_time:5143.842s step_avg:1854.30ms
step:2775/3350 train_time:5145.963s step_avg:1854.40ms
step:2776/3350 train_time:5147.805s step_avg:1854.40ms
step:2777/3350 train_time:5149.647s step_avg:1854.39ms
step:2778/3350 train_time:5151.490s step_avg:1854.39ms
step:2779/3350 train_time:5153.334s step_avg:1854.38ms
step:2780/3350 train_time:5155.176s step_avg:1854.38ms
step:2781/3350 train_time:5157.017s step_avg:1854.37ms
step:2782/3350 train_time:5158.858s step_avg:1854.37ms
step:2783/3350 train_time:5160.700s step_avg:1854.37ms
step:2784/3350 train_time:5162.544s step_avg:1854.36ms
step:2785/3350 train_time:5164.387s step_avg:1854.36ms
step:2786/3350 train_time:5166.230s step_avg:1854.35ms
step:2787/3350 train_time:5168.073s step_avg:1854.35ms
step:2788/3350 train_time:5169.914s step_avg:1854.35ms
step:2789/3350 train_time:5171.756s step_avg:1854.34ms
step:2790/3350 train_time:5173.601s step_avg:1854.34ms
step:2791/3350 train_time:5175.443s step_avg:1854.33ms
step:2792/3350 train_time:5177.285s step_avg:1854.33ms
step:2793/3350 train_time:5179.127s step_avg:1854.32ms
step:2794/3350 train_time:5180.969s step_avg:1854.32ms
step:2795/3350 train_time:5182.814s step_avg:1854.32ms
step:2796/3350 train_time:5184.655s step_avg:1854.31ms
step:2797/3350 train_time:5186.497s step_avg:1854.31ms
step:2798/3350 train_time:5188.338s step_avg:1854.30ms
step:2799/3350 train_time:5190.180s step_avg:1854.30ms
step:2800/3350 train_time:5192.317s step_avg:1854.40ms
step:2801/3350 train_time:5194.158s step_avg:1854.39ms
step:2802/3350 train_time:5196.000s step_avg:1854.39ms
step:2803/3350 train_time:5197.842s step_avg:1854.39ms
step:2804/3350 train_time:5199.684s step_avg:1854.38ms
step:2805/3350 train_time:5201.527s step_avg:1854.38ms
step:2806/3350 train_time:5203.373s step_avg:1854.37ms
step:2807/3350 train_time:5205.215s step_avg:1854.37ms
step:2808/3350 train_time:5207.057s step_avg:1854.37ms
step:2809/3350 train_time:5208.898s step_avg:1854.36ms
step:2810/3350 train_time:5210.741s step_avg:1854.36ms
step:2811/3350 train_time:5212.586s step_avg:1854.35ms
step:2812/3350 train_time:5214.428s step_avg:1854.35ms
step:2813/3350 train_time:5216.271s step_avg:1854.34ms
step:2814/3350 train_time:5218.112s step_avg:1854.34ms
step:2815/3350 train_time:5219.956s step_avg:1854.34ms
step:2816/3350 train_time:5221.798s step_avg:1854.33ms
step:2817/3350 train_time:5223.641s step_avg:1854.33ms
step:2818/3350 train_time:5225.483s step_avg:1854.32ms
step:2819/3350 train_time:5227.324s step_avg:1854.32ms
step:2820/3350 train_time:5229.167s step_avg:1854.31ms
step:2821/3350 train_time:5231.010s step_avg:1854.31ms
step:2822/3350 train_time:5232.851s step_avg:1854.31ms
step:2823/3350 train_time:5234.694s step_avg:1854.30ms
step:2824/3350 train_time:5236.536s step_avg:1854.30ms
step:2825/3350 train_time:5238.662s step_avg:1854.39ms
step:2826/3350 train_time:5240.504s step_avg:1854.39ms
step:2827/3350 train_time:5242.347s step_avg:1854.39ms
step:2828/3350 train_time:5244.190s step_avg:1854.38ms
step:2829/3350 train_time:5246.035s step_avg:1854.38ms
step:2830/3350 train_time:5247.876s step_avg:1854.37ms
step:2831/3350 train_time:5249.718s step_avg:1854.37ms
step:2832/3350 train_time:5251.561s step_avg:1854.36ms
step:2833/3350 train_time:5253.405s step_avg:1854.36ms
step:2834/3350 train_time:5255.248s step_avg:1854.36ms
step:2835/3350 train_time:5257.089s step_avg:1854.35ms
step:2836/3350 train_time:5258.933s step_avg:1854.35ms
step:2837/3350 train_time:5260.774s step_avg:1854.34ms
step:2838/3350 train_time:5262.616s step_avg:1854.34ms
step:2839/3350 train_time:5264.458s step_avg:1854.34ms
step:2840/3350 train_time:5266.300s step_avg:1854.33ms
step:2841/3350 train_time:5268.143s step_avg:1854.33ms
step:2842/3350 train_time:5269.985s step_avg:1854.32ms
step:2843/3350 train_time:5271.828s step_avg:1854.32ms
step:2844/3350 train_time:5273.669s step_avg:1854.31ms
step:2845/3350 train_time:5275.511s step_avg:1854.31ms
step:2846/3350 train_time:5277.352s step_avg:1854.31ms
step:2847/3350 train_time:5279.194s step_avg:1854.30ms
step:2848/3350 train_time:5281.037s step_avg:1854.30ms
step:2849/3350 train_time:5295.103s step_avg:1858.58ms
step:2850/3350 train_time:5297.253s step_avg:1858.69ms
step:2851/3350 train_time:5299.170s step_avg:1858.71ms
step:2852/3350 train_time:5301.044s step_avg:1858.71ms
step:2853/3350 train_time:5302.921s step_avg:1858.72ms
step:2854/3350 train_time:5304.795s step_avg:1858.72ms
step:2855/3350 train_time:5306.671s step_avg:1858.73ms
step:2856/3350 train_time:5308.544s step_avg:1858.73ms
step:2857/3350 train_time:5310.420s step_avg:1858.74ms
step:2858/3350 train_time:5312.297s step_avg:1858.75ms
step:2859/3350 train_time:5314.175s step_avg:1858.75ms
step:2860/3350 train_time:5316.049s step_avg:1858.76ms
step:2861/3350 train_time:5317.927s step_avg:1858.77ms
step:2862/3350 train_time:5319.804s step_avg:1858.77ms
step:2863/3350 train_time:5321.682s step_avg:1858.78ms
step:2864/3350 train_time:5323.559s step_avg:1858.78ms
step:2865/3350 train_time:5325.435s step_avg:1858.79ms
step:2866/3350 train_time:5327.310s step_avg:1858.80ms
step:2867/3350 train_time:5329.188s step_avg:1858.80ms
step:2868/3350 train_time:5331.066s step_avg:1858.81ms
step:2869/3350 train_time:5332.942s step_avg:1858.82ms
step:2870/3350 train_time:5334.822s step_avg:1858.82ms
step:2871/3350 train_time:5336.700s step_avg:1858.83ms
step:2872/3350 train_time:5338.575s step_avg:1858.84ms
step:2873/3350 train_time:5340.453s step_avg:1858.84ms
step:2874/3350 train_time:5342.330s step_avg:1858.85ms
step:2875/3350 train_time:5344.546s step_avg:1858.97ms
step:2875/3350 val_loss:3.32068 train_time:5344.547s step_avg:1959.48ms
step:2876/3350 train_time:5346.426s step_avg:1858.98ms
step:2877/3350 train_time:5348.308s step_avg:1858.99ms
step:2878/3350 train_time:5350.185s step_avg:1858.99ms
step:2879/3350 train_time:5352.063s step_avg:1859.00ms
step:2880/3350 train_time:5353.943s step_avg:1859.01ms
step:2881/3350 train_time:5355.824s step_avg:1859.02ms
step:2882/3350 train_time:5357.703s step_avg:1859.02ms
step:2883/3350 train_time:5359.581s step_avg:1859.03ms
step:2884/3350 train_time:5361.458s step_avg:1859.04ms
step:2885/3350 train_time:5363.336s step_avg:1859.04ms
step:2886/3350 train_time:5365.216s step_avg:1859.05ms
step:2887/3350 train_time:5367.095s step_avg:1859.06ms
step:2888/3350 train_time:5368.975s step_avg:1859.06ms
step:2889/3350 train_time:5370.855s step_avg:1859.07ms
step:2890/3350 train_time:5372.734s step_avg:1859.08ms
step:2891/3350 train_time:5374.620s step_avg:1859.09ms
step:2892/3350 train_time:5376.501s step_avg:1859.09ms
step:2893/3350 train_time:5378.383s step_avg:1859.10ms
step:2894/3350 train_time:5380.267s step_avg:1859.11ms
step:2895/3350 train_time:5382.144s step_avg:1859.12ms
step:2896/3350 train_time:5384.024s step_avg:1859.12ms
step:2897/3350 train_time:5385.905s step_avg:1859.13ms
step:2898/3350 train_time:5387.788s step_avg:1859.14ms
step:2899/3350 train_time:5389.666s step_avg:1859.15ms
step:2900/3350 train_time:5391.833s step_avg:1859.25ms
step:2901/3350 train_time:5393.712s step_avg:1859.26ms
step:2902/3350 train_time:5395.589s step_avg:1859.27ms
step:2903/3350 train_time:5397.469s step_avg:1859.27ms
step:2904/3350 train_time:5399.350s step_avg:1859.28ms
step:2905/3350 train_time:5401.233s step_avg:1859.29ms
step:2906/3350 train_time:5403.110s step_avg:1859.29ms
step:2907/3350 train_time:5404.991s step_avg:1859.30ms
step:2908/3350 train_time:5406.873s step_avg:1859.31ms
step:2909/3350 train_time:5408.753s step_avg:1859.32ms
step:2910/3350 train_time:5410.636s step_avg:1859.32ms
step:2911/3350 train_time:5412.515s step_avg:1859.33ms
step:2912/3350 train_time:5414.397s step_avg:1859.34ms
step:2913/3350 train_time:5416.279s step_avg:1859.35ms
step:2914/3350 train_time:5418.158s step_avg:1859.35ms
step:2915/3350 train_time:5420.038s step_avg:1859.36ms
step:2916/3350 train_time:5421.918s step_avg:1859.37ms
step:2917/3350 train_time:5423.802s step_avg:1859.38ms
step:2918/3350 train_time:5425.683s step_avg:1859.38ms
step:2919/3350 train_time:5427.562s step_avg:1859.39ms
step:2920/3350 train_time:5429.439s step_avg:1859.40ms
step:2921/3350 train_time:5431.320s step_avg:1859.40ms
step:2922/3350 train_time:5433.198s step_avg:1859.41ms
step:2923/3350 train_time:5435.079s step_avg:1859.42ms
step:2924/3350 train_time:5436.959s step_avg:1859.43ms
step:2925/3350 train_time:5439.109s step_avg:1859.52ms
step:2926/3350 train_time:5440.989s step_avg:1859.53ms
step:2927/3350 train_time:5442.868s step_avg:1859.54ms
step:2928/3350 train_time:5444.746s step_avg:1859.54ms
step:2929/3350 train_time:5446.627s step_avg:1859.55ms
step:2930/3350 train_time:5448.503s step_avg:1859.56ms
step:2931/3350 train_time:5450.384s step_avg:1859.56ms
step:2932/3350 train_time:5452.263s step_avg:1859.57ms
step:2933/3350 train_time:5454.140s step_avg:1859.58ms
step:2934/3350 train_time:5456.020s step_avg:1859.58ms
step:2935/3350 train_time:5457.901s step_avg:1859.59ms
step:2936/3350 train_time:5459.781s step_avg:1859.60ms
step:2937/3350 train_time:5461.658s step_avg:1859.60ms
step:2938/3350 train_time:5463.534s step_avg:1859.61ms
step:2939/3350 train_time:5465.416s step_avg:1859.62ms
step:2940/3350 train_time:5467.293s step_avg:1859.62ms
step:2941/3350 train_time:5469.171s step_avg:1859.63ms
step:2942/3350 train_time:5471.053s step_avg:1859.64ms
step:2943/3350 train_time:5472.933s step_avg:1859.64ms
step:2944/3350 train_time:5474.809s step_avg:1859.65ms
step:2945/3350 train_time:5476.690s step_avg:1859.66ms
step:2946/3350 train_time:5478.569s step_avg:1859.66ms
step:2947/3350 train_time:5480.447s step_avg:1859.67ms
step:2948/3350 train_time:5482.327s step_avg:1859.68ms
step:2949/3350 train_time:5484.205s step_avg:1859.68ms
step:2950/3350 train_time:5486.361s step_avg:1859.78ms
step:2951/3350 train_time:5488.242s step_avg:1859.79ms
step:2952/3350 train_time:5490.123s step_avg:1859.80ms
step:2953/3350 train_time:5492.004s step_avg:1859.80ms
step:2954/3350 train_time:5493.885s step_avg:1859.81ms
step:2955/3350 train_time:5495.764s step_avg:1859.82ms
step:2956/3350 train_time:5497.644s step_avg:1859.83ms
step:2957/3350 train_time:5499.523s step_avg:1859.83ms
step:2958/3350 train_time:5501.401s step_avg:1859.84ms
step:2959/3350 train_time:5503.281s step_avg:1859.84ms
step:2960/3350 train_time:5505.160s step_avg:1859.85ms
step:2961/3350 train_time:5507.039s step_avg:1859.86ms
step:2962/3350 train_time:5508.918s step_avg:1859.86ms
step:2963/3350 train_time:5510.796s step_avg:1859.87ms
step:2964/3350 train_time:5512.676s step_avg:1859.88ms
step:2965/3350 train_time:5514.555s step_avg:1859.88ms
step:2966/3350 train_time:5516.436s step_avg:1859.89ms
step:2967/3350 train_time:5518.315s step_avg:1859.90ms
step:2968/3350 train_time:5520.193s step_avg:1859.90ms
step:2969/3350 train_time:5522.072s step_avg:1859.91ms
step:2970/3350 train_time:5523.950s step_avg:1859.92ms
step:2971/3350 train_time:5525.833s step_avg:1859.92ms
step:2972/3350 train_time:5527.710s step_avg:1859.93ms
step:2973/3350 train_time:5529.588s step_avg:1859.94ms
step:2974/3350 train_time:5531.469s step_avg:1859.94ms
step:2975/3350 train_time:5533.625s step_avg:1860.04ms
step:2976/3350 train_time:5535.507s step_avg:1860.05ms
step:2977/3350 train_time:5537.387s step_avg:1860.06ms
step:2978/3350 train_time:5539.265s step_avg:1860.06ms
step:2979/3350 train_time:5541.144s step_avg:1860.07ms
step:2980/3350 train_time:5543.023s step_avg:1860.07ms
step:2981/3350 train_time:5544.902s step_avg:1860.08ms
step:2982/3350 train_time:5546.784s step_avg:1860.09ms
step:2983/3350 train_time:5548.663s step_avg:1860.09ms
step:2984/3350 train_time:5550.544s step_avg:1860.10ms
step:2985/3350 train_time:5552.422s step_avg:1860.11ms
step:2986/3350 train_time:5554.300s step_avg:1860.11ms
step:2987/3350 train_time:5556.181s step_avg:1860.12ms
step:2988/3350 train_time:5558.063s step_avg:1860.13ms
step:2989/3350 train_time:5559.941s step_avg:1860.13ms
step:2990/3350 train_time:5561.823s step_avg:1860.14ms
step:2991/3350 train_time:5563.701s step_avg:1860.15ms
step:2992/3350 train_time:5565.580s step_avg:1860.15ms
step:2993/3350 train_time:5567.458s step_avg:1860.16ms
step:2994/3350 train_time:5569.337s step_avg:1860.17ms
step:2995/3350 train_time:5571.216s step_avg:1860.17ms
step:2996/3350 train_time:5573.097s step_avg:1860.18ms
step:2997/3350 train_time:5574.973s step_avg:1860.18ms
step:2998/3350 train_time:5576.853s step_avg:1860.19ms
step:2999/3350 train_time:5578.732s step_avg:1860.20ms
step:3000/3350 train_time:5580.963s step_avg:1860.32ms
step:3000/3350 val_loss:3.30488 train_time:5580.963s step_avg:1891.33ms
step:3001/3350 train_time:5582.846s step_avg:1860.33ms
step:3002/3350 train_time:5584.726s step_avg:1860.34ms
step:3003/3350 train_time:5586.603s step_avg:1860.34ms
step:3004/3350 train_time:5588.483s step_avg:1860.35ms
step:3005/3350 train_time:5590.361s step_avg:1860.35ms
step:3006/3350 train_time:5592.239s step_avg:1860.36ms
step:3007/3350 train_time:5594.121s step_avg:1860.37ms
step:3008/3350 train_time:5596.003s step_avg:1860.37ms
step:3009/3350 train_time:5597.880s step_avg:1860.38ms
step:3010/3350 train_time:5599.759s step_avg:1860.39ms
step:3011/3350 train_time:5601.639s step_avg:1860.39ms
step:3012/3350 train_time:5603.520s step_avg:1860.40ms
step:3013/3350 train_time:5605.402s step_avg:1860.41ms
step:3014/3350 train_time:5607.281s step_avg:1860.41ms
step:3015/3350 train_time:5609.160s step_avg:1860.42ms
step:3016/3350 train_time:5611.037s step_avg:1860.42ms
step:3017/3350 train_time:5612.917s step_avg:1860.43ms
step:3018/3350 train_time:5614.796s step_avg:1860.44ms
step:3019/3350 train_time:5616.677s step_avg:1860.44ms
step:3020/3350 train_time:5618.557s step_avg:1860.45ms
step:3021/3350 train_time:5620.436s step_avg:1860.46ms
step:3022/3350 train_time:5622.314s step_avg:1860.46ms
step:3023/3350 train_time:5624.194s step_avg:1860.47ms
step:3024/3350 train_time:5626.074s step_avg:1860.47ms
step:3025/3350 train_time:5628.232s step_avg:1860.57ms
step:3025/3350 val_loss:3.30105 train_time:5628.233s step_avg:1890.77ms
step:3026/3350 train_time:5630.114s step_avg:1860.58ms
step:3027/3350 train_time:5631.994s step_avg:1860.59ms
step:3028/3350 train_time:5633.872s step_avg:1860.59ms
step:3029/3350 train_time:5635.750s step_avg:1860.60ms
step:3030/3350 train_time:5637.634s step_avg:1860.61ms
step:3031/3350 train_time:5639.515s step_avg:1860.61ms
step:3032/3350 train_time:5641.395s step_avg:1860.62ms
step:3033/3350 train_time:5643.272s step_avg:1860.62ms
step:3034/3350 train_time:5645.153s step_avg:1860.63ms
step:3035/3350 train_time:5647.030s step_avg:1860.64ms
step:3036/3350 train_time:5648.907s step_avg:1860.64ms
step:3037/3350 train_time:5650.789s step_avg:1860.65ms
step:3038/3350 train_time:5652.669s step_avg:1860.65ms
step:3039/3350 train_time:5654.549s step_avg:1860.66ms
step:3040/3350 train_time:5656.429s step_avg:1860.67ms
step:3041/3350 train_time:5658.350s step_avg:1860.69ms
step:3042/3350 train_time:5660.228s step_avg:1860.69ms
step:3043/3350 train_time:5662.107s step_avg:1860.70ms
step:3044/3350 train_time:5663.987s step_avg:1860.71ms
step:3045/3350 train_time:5665.866s step_avg:1860.71ms
step:3046/3350 train_time:5667.746s step_avg:1860.72ms
step:3047/3350 train_time:5669.629s step_avg:1860.72ms
step:3048/3350 train_time:5671.512s step_avg:1860.73ms
step:3049/3350 train_time:5673.393s step_avg:1860.74ms
step:3050/3350 train_time:5675.546s step_avg:1860.83ms
step:3050/3350 val_loss:3.29825 train_time:5675.546s step_avg:1892.54ms
step:3051/3350 train_time:5677.428s step_avg:1860.84ms
step:3052/3350 train_time:5679.308s step_avg:1860.85ms
step:3053/3350 train_time:5681.189s step_avg:1860.85ms
step:3054/3350 train_time:5683.072s step_avg:1860.86ms
step:3055/3350 train_time:5684.954s step_avg:1860.87ms
step:3056/3350 train_time:5686.835s step_avg:1860.88ms
step:3057/3350 train_time:5688.712s step_avg:1860.88ms
step:3058/3350 train_time:5690.594s step_avg:1860.89ms
step:3059/3350 train_time:5692.474s step_avg:1860.89ms
step:3060/3350 train_time:5694.352s step_avg:1860.90ms
step:3061/3350 train_time:5696.235s step_avg:1860.91ms
step:3062/3350 train_time:5698.112s step_avg:1860.91ms
step:3063/3350 train_time:5699.992s step_avg:1860.92ms
step:3064/3350 train_time:5701.872s step_avg:1860.92ms
step:3065/3350 train_time:5703.749s step_avg:1860.93ms
step:3066/3350 train_time:5705.628s step_avg:1860.94ms
step:3067/3350 train_time:5707.508s step_avg:1860.94ms
step:3068/3350 train_time:5709.388s step_avg:1860.95ms
step:3069/3350 train_time:5711.265s step_avg:1860.95ms
step:3070/3350 train_time:5713.147s step_avg:1860.96ms
step:3071/3350 train_time:5715.026s step_avg:1860.97ms
step:3072/3350 train_time:5716.906s step_avg:1860.97ms
step:3073/3350 train_time:5718.785s step_avg:1860.98ms
step:3074/3350 train_time:5720.665s step_avg:1860.98ms
step:3075/3350 train_time:5722.822s step_avg:1861.08ms
step:3075/3350 val_loss:3.29513 train_time:5722.822s step_avg:1891.04ms
step:3076/3350 train_time:5724.701s step_avg:1861.09ms
step:3077/3350 train_time:5726.581s step_avg:1861.09ms
step:3078/3350 train_time:5728.460s step_avg:1861.10ms
step:3079/3350 train_time:5730.339s step_avg:1861.10ms
step:3080/3350 train_time:5732.220s step_avg:1861.11ms
step:3081/3350 train_time:5734.098s step_avg:1861.12ms
step:3082/3350 train_time:5735.982s step_avg:1861.12ms
step:3083/3350 train_time:5737.861s step_avg:1861.13ms
step:3084/3350 train_time:5739.741s step_avg:1861.14ms
step:3085/3350 train_time:5741.622s step_avg:1861.14ms
step:3086/3350 train_time:5743.503s step_avg:1861.15ms
step:3087/3350 train_time:5745.384s step_avg:1861.15ms
step:3088/3350 train_time:5747.265s step_avg:1861.16ms
step:3089/3350 train_time:5749.146s step_avg:1861.17ms
step:3090/3350 train_time:5751.027s step_avg:1861.17ms
step:3091/3350 train_time:5752.909s step_avg:1861.18ms
step:3092/3350 train_time:5754.791s step_avg:1861.19ms
step:3093/3350 train_time:5756.672s step_avg:1861.19ms
step:3094/3350 train_time:5758.555s step_avg:1861.20ms
step:3095/3350 train_time:5760.436s step_avg:1861.21ms
step:3096/3350 train_time:5762.316s step_avg:1861.21ms
step:3097/3350 train_time:5764.201s step_avg:1861.22ms
step:3098/3350 train_time:5766.084s step_avg:1861.23ms
step:3099/3350 train_time:5767.968s step_avg:1861.24ms
step:3100/3350 train_time:5770.136s step_avg:1861.33ms
step:3100/3350 val_loss:3.29240 train_time:5770.137s step_avg:1892.57ms
step:3101/3350 train_time:5772.020s step_avg:1861.34ms
step:3102/3350 train_time:5773.896s step_avg:1861.35ms
step:3103/3350 train_time:5775.777s step_avg:1861.35ms
step:3104/3350 train_time:5777.658s step_avg:1861.36ms
step:3105/3350 train_time:5779.539s step_avg:1861.37ms
step:3106/3350 train_time:5781.420s step_avg:1861.37ms
step:3107/3350 train_time:5783.300s step_avg:1861.38ms
step:3108/3350 train_time:5785.180s step_avg:1861.38ms
step:3109/3350 train_time:5787.058s step_avg:1861.39ms
step:3110/3350 train_time:5788.939s step_avg:1861.40ms
step:3111/3350 train_time:5790.816s step_avg:1861.40ms
step:3112/3350 train_time:5792.696s step_avg:1861.41ms
step:3113/3350 train_time:5794.575s step_avg:1861.41ms
step:3114/3350 train_time:5796.452s step_avg:1861.42ms
step:3115/3350 train_time:5798.331s step_avg:1861.42ms
step:3116/3350 train_time:5800.211s step_avg:1861.43ms
step:3117/3350 train_time:5802.093s step_avg:1861.44ms
step:3118/3350 train_time:5803.973s step_avg:1861.44ms
step:3119/3350 train_time:5805.852s step_avg:1861.45ms
step:3120/3350 train_time:5807.732s step_avg:1861.45ms
step:3121/3350 train_time:5809.610s step_avg:1861.46ms
step:3122/3350 train_time:5811.486s step_avg:1861.46ms
step:3123/3350 train_time:5813.366s step_avg:1861.47ms
step:3124/3350 train_time:5815.242s step_avg:1861.47ms
step:3125/3350 train_time:5817.462s step_avg:1861.59ms
step:3125/3350 val_loss:3.28968 train_time:5817.463s step_avg:1893.04ms
step:3126/3350 train_time:5819.343s step_avg:1861.59ms
step:3127/3350 train_time:5821.223s step_avg:1861.60ms
step:3128/3350 train_time:5823.100s step_avg:1861.60ms
step:3129/3350 train_time:5824.980s step_avg:1861.61ms
step:3130/3350 train_time:5826.859s step_avg:1861.62ms
step:3131/3350 train_time:5828.739s step_avg:1861.62ms
step:3132/3350 train_time:5830.618s step_avg:1861.63ms
step:3133/3350 train_time:5832.498s step_avg:1861.63ms
step:3134/3350 train_time:5834.379s step_avg:1861.64ms
step:3135/3350 train_time:5836.256s step_avg:1861.64ms
step:3136/3350 train_time:5838.137s step_avg:1861.65ms
step:3137/3350 train_time:5840.016s step_avg:1861.66ms
step:3138/3350 train_time:5841.892s step_avg:1861.66ms
step:3139/3350 train_time:5843.772s step_avg:1861.67ms
step:3140/3350 train_time:5845.650s step_avg:1861.67ms
step:3141/3350 train_time:5847.527s step_avg:1861.68ms
step:3142/3350 train_time:5849.406s step_avg:1861.68ms
step:3143/3350 train_time:5851.289s step_avg:1861.69ms
step:3144/3350 train_time:5853.166s step_avg:1861.69ms
step:3145/3350 train_time:5855.044s step_avg:1861.70ms
step:3146/3350 train_time:5856.921s step_avg:1861.70ms
step:3147/3350 train_time:5858.804s step_avg:1861.71ms
step:3148/3350 train_time:5860.681s step_avg:1861.72ms
step:3149/3350 train_time:5862.560s step_avg:1861.72ms
step:3150/3350 train_time:5864.716s step_avg:1861.81ms
step:3150/3350 val_loss:3.28656 train_time:5864.716s step_avg:1890.15ms
step:3151/3350 train_time:5866.599s step_avg:1861.82ms
step:3152/3350 train_time:5868.479s step_avg:1861.83ms
step:3153/3350 train_time:5870.359s step_avg:1861.83ms
step:3154/3350 train_time:5872.239s step_avg:1861.84ms
step:3155/3350 train_time:5874.119s step_avg:1861.84ms
step:3156/3350 train_time:5875.998s step_avg:1861.85ms
step:3157/3350 train_time:5877.877s step_avg:1861.86ms
step:3158/3350 train_time:5879.758s step_avg:1861.86ms
step:3159/3350 train_time:5881.635s step_avg:1861.87ms
step:3160/3350 train_time:5883.514s step_avg:1861.87ms
step:3161/3350 train_time:5885.397s step_avg:1861.88ms
step:3162/3350 train_time:5887.276s step_avg:1861.88ms
step:3163/3350 train_time:5889.156s step_avg:1861.89ms
step:3164/3350 train_time:5891.035s step_avg:1861.89ms
step:3165/3350 train_time:5892.914s step_avg:1861.90ms
step:3166/3350 train_time:5894.795s step_avg:1861.91ms
step:3167/3350 train_time:5896.676s step_avg:1861.91ms
step:3168/3350 train_time:5898.555s step_avg:1861.92ms
step:3169/3350 train_time:5900.435s step_avg:1861.92ms
step:3170/3350 train_time:5902.312s step_avg:1861.93ms
step:3171/3350 train_time:5904.191s step_avg:1861.93ms
step:3172/3350 train_time:5906.070s step_avg:1861.94ms
step:3173/3350 train_time:5907.951s step_avg:1861.94ms
step:3174/3350 train_time:5909.828s step_avg:1861.95ms
step:3175/3350 train_time:5911.988s step_avg:1862.04ms
step:3175/3350 val_loss:3.28399 train_time:5911.989s step_avg:1890.89ms
step:3176/3350 train_time:5913.867s step_avg:1862.05ms
step:3177/3350 train_time:5915.747s step_avg:1862.05ms
step:3178/3350 train_time:5917.627s step_avg:1862.06ms
step:3179/3350 train_time:5919.507s step_avg:1862.07ms
step:3180/3350 train_time:5921.384s step_avg:1862.07ms
step:3181/3350 train_time:5923.264s step_avg:1862.08ms
step:3182/3350 train_time:5925.141s step_avg:1862.08ms
step:3183/3350 train_time:5927.022s step_avg:1862.09ms
step:3184/3350 train_time:5928.898s step_avg:1862.09ms
step:3185/3350 train_time:5930.778s step_avg:1862.10ms
step:3186/3350 train_time:5932.657s step_avg:1862.10ms
step:3187/3350 train_time:5934.536s step_avg:1862.11ms
step:3188/3350 train_time:5936.413s step_avg:1862.11ms
step:3189/3350 train_time:5938.296s step_avg:1862.12ms
step:3190/3350 train_time:5940.175s step_avg:1862.12ms
step:3191/3350 train_time:5942.054s step_avg:1862.13ms
step:3192/3350 train_time:5943.934s step_avg:1862.13ms
step:3193/3350 train_time:5945.812s step_avg:1862.14ms
step:3194/3350 train_time:5947.692s step_avg:1862.15ms
step:3195/3350 train_time:5949.575s step_avg:1862.15ms
step:3196/3350 train_time:5951.454s step_avg:1862.16ms
step:3197/3350 train_time:5953.334s step_avg:1862.16ms
step:3198/3350 train_time:5955.212s step_avg:1862.17ms
step:3199/3350 train_time:5957.093s step_avg:1862.17ms
step:3200/3350 train_time:5959.259s step_avg:1862.27ms
step:3200/3350 val_loss:3.28136 train_time:5959.260s step_avg:1890.83ms
step:3201/3350 train_time:5961.140s step_avg:1862.27ms
step:3202/3350 train_time:5963.020s step_avg:1862.28ms
step:3203/3350 train_time:5964.900s step_avg:1862.29ms
step:3204/3350 train_time:5966.778s step_avg:1862.29ms
step:3205/3350 train_time:5968.658s step_avg:1862.30ms
step:3206/3350 train_time:5970.538s step_avg:1862.30ms
step:3207/3350 train_time:5972.419s step_avg:1862.31ms
step:3208/3350 train_time:5974.299s step_avg:1862.31ms
step:3209/3350 train_time:5976.178s step_avg:1862.32ms
step:3210/3350 train_time:5978.057s step_avg:1862.32ms
step:3211/3350 train_time:5979.939s step_avg:1862.33ms
step:3212/3350 train_time:5981.817s step_avg:1862.33ms
step:3213/3350 train_time:5983.697s step_avg:1862.34ms
step:3214/3350 train_time:5985.576s step_avg:1862.34ms
step:3215/3350 train_time:5987.455s step_avg:1862.35ms
step:3216/3350 train_time:5989.334s step_avg:1862.36ms
step:3217/3350 train_time:5991.216s step_avg:1862.36ms
step:3218/3350 train_time:5993.092s step_avg:1862.37ms
step:3219/3350 train_time:5994.974s step_avg:1862.37ms
step:3220/3350 train_time:5996.856s step_avg:1862.38ms
step:3221/3350 train_time:5998.738s step_avg:1862.38ms
step:3222/3350 train_time:6000.617s step_avg:1862.39ms
step:3223/3350 train_time:6002.497s step_avg:1862.39ms
step:3224/3350 train_time:6004.375s step_avg:1862.40ms
step:3225/3350 train_time:6006.531s step_avg:1862.49ms
step:3225/3350 val_loss:3.27905 train_time:6006.531s step_avg:1890.86ms
step:3226/3350 train_time:6008.409s step_avg:1862.50ms
step:3227/3350 train_time:6010.289s step_avg:1862.50ms
step:3228/3350 train_time:6012.167s step_avg:1862.51ms
step:3229/3350 train_time:6014.047s step_avg:1862.51ms
step:3230/3350 train_time:6015.928s step_avg:1862.52ms
step:3231/3350 train_time:6017.852s step_avg:1862.54ms
step:3232/3350 train_time:6019.731s step_avg:1862.54ms
step:3233/3350 train_time:6021.608s step_avg:1862.55ms
step:3234/3350 train_time:6023.487s step_avg:1862.55ms
step:3235/3350 train_time:6025.365s step_avg:1862.55ms
step:3236/3350 train_time:6027.245s step_avg:1862.56ms
step:3237/3350 train_time:6029.124s step_avg:1862.57ms
step:3238/3350 train_time:6031.002s step_avg:1862.57ms
step:3239/3350 train_time:6032.881s step_avg:1862.58ms
step:3240/3350 train_time:6034.760s step_avg:1862.58ms
step:3241/3350 train_time:6036.639s step_avg:1862.59ms
step:3242/3350 train_time:6038.517s step_avg:1862.59ms
step:3243/3350 train_time:6040.396s step_avg:1862.60ms
step:3244/3350 train_time:6042.275s step_avg:1862.60ms
step:3245/3350 train_time:6044.153s step_avg:1862.61ms
step:3246/3350 train_time:6046.033s step_avg:1862.61ms
step:3247/3350 train_time:6047.912s step_avg:1862.62ms
step:3248/3350 train_time:6049.788s step_avg:1862.62ms
step:3249/3350 train_time:6051.664s step_avg:1862.62ms
step:3250/3350 train_time:6053.884s step_avg:1862.73ms
step:3250/3350 val_loss:3.27703 train_time:6053.885s step_avg:1894.14ms
step:3251/3350 train_time:6055.766s step_avg:1862.74ms
step:3252/3350 train_time:6057.647s step_avg:1862.74ms
step:3253/3350 train_time:6059.526s step_avg:1862.75ms
step:3254/3350 train_time:6061.404s step_avg:1862.75ms
step:3255/3350 train_time:6063.284s step_avg:1862.76ms
step:3256/3350 train_time:6065.164s step_avg:1862.77ms
step:3257/3350 train_time:6067.045s step_avg:1862.77ms
step:3258/3350 train_time:6068.925s step_avg:1862.78ms
step:3259/3350 train_time:6070.803s step_avg:1862.78ms
step:3260/3350 train_time:6072.683s step_avg:1862.79ms
step:3261/3350 train_time:6074.565s step_avg:1862.79ms
step:3262/3350 train_time:6076.448s step_avg:1862.80ms
step:3263/3350 train_time:6078.328s step_avg:1862.80ms
step:3264/3350 train_time:6080.208s step_avg:1862.81ms
step:3265/3350 train_time:6082.085s step_avg:1862.81ms
step:3266/3350 train_time:6083.965s step_avg:1862.82ms
step:3267/3350 train_time:6085.843s step_avg:1862.82ms
step:3268/3350 train_time:6087.726s step_avg:1862.83ms
step:3269/3350 train_time:6089.608s step_avg:1862.84ms
step:3270/3350 train_time:6091.492s step_avg:1862.84ms
step:3271/3350 train_time:6093.369s step_avg:1862.85ms
step:3272/3350 train_time:6095.246s step_avg:1862.85ms
step:3273/3350 train_time:6097.129s step_avg:1862.86ms
step:3274/3350 train_time:6099.008s step_avg:1862.86ms
step:3275/3350 train_time:6101.165s step_avg:1862.95ms
step:3275/3350 val_loss:3.27511 train_time:6101.166s step_avg:1891.24ms
step:3276/3350 train_time:6103.051s step_avg:1862.96ms
step:3277/3350 train_time:6104.934s step_avg:1862.96ms
step:3278/3350 train_time:6106.812s step_avg:1862.97ms
step:3279/3350 train_time:6108.695s step_avg:1862.98ms
step:3280/3350 train_time:6110.573s step_avg:1862.98ms
step:3281/3350 train_time:6112.451s step_avg:1862.98ms
step:3282/3350 train_time:6114.328s step_avg:1862.99ms
step:3283/3350 train_time:6116.205s step_avg:1862.99ms
step:3284/3350 train_time:6118.089s step_avg:1863.00ms
step:3285/3350 train_time:6119.970s step_avg:1863.00ms
step:3286/3350 train_time:6121.850s step_avg:1863.01ms
step:3287/3350 train_time:6123.730s step_avg:1863.01ms
step:3288/3350 train_time:6125.609s step_avg:1863.02ms
step:3289/3350 train_time:6127.490s step_avg:1863.03ms
step:3290/3350 train_time:6129.370s step_avg:1863.03ms
step:3291/3350 train_time:6131.251s step_avg:1863.04ms
step:3292/3350 train_time:6133.131s step_avg:1863.04ms
step:3293/3350 train_time:6135.013s step_avg:1863.05ms
step:3294/3350 train_time:6136.893s step_avg:1863.05ms
step:3295/3350 train_time:6138.773s step_avg:1863.06ms
step:3296/3350 train_time:6140.651s step_avg:1863.06ms
step:3297/3350 train_time:6142.534s step_avg:1863.07ms
step:3298/3350 train_time:6144.414s step_avg:1863.07ms
step:3299/3350 train_time:6146.295s step_avg:1863.08ms
step:3300/3350 train_time:6148.462s step_avg:1863.17ms
step:3300/3350 val_loss:3.27352 train_time:6148.462s step_avg:1891.87ms
step:3301/3350 train_time:6150.345s step_avg:1863.18ms
step:3302/3350 train_time:6152.226s step_avg:1863.18ms
step:3303/3350 train_time:6154.108s step_avg:1863.19ms
step:3304/3350 train_time:6155.988s step_avg:1863.19ms
step:3305/3350 train_time:6157.866s step_avg:1863.20ms
step:3306/3350 train_time:6159.746s step_avg:1863.20ms
step:3307/3350 train_time:6161.624s step_avg:1863.21ms
step:3308/3350 train_time:6163.502s step_avg:1863.21ms
step:3309/3350 train_time:6165.382s step_avg:1863.22ms
step:3310/3350 train_time:6167.266s step_avg:1863.22ms
step:3311/3350 train_time:6169.146s step_avg:1863.23ms
step:3312/3350 train_time:6171.027s step_avg:1863.23ms
step:3313/3350 train_time:6172.911s step_avg:1863.24ms
step:3314/3350 train_time:6174.792s step_avg:1863.24ms
step:3315/3350 train_time:6176.674s step_avg:1863.25ms
step:3316/3350 train_time:6178.555s step_avg:1863.26ms
step:3317/3350 train_time:6180.437s step_avg:1863.26ms
step:3318/3350 train_time:6182.314s step_avg:1863.27ms
step:3319/3350 train_time:6184.195s step_avg:1863.27ms
step:3320/3350 train_time:6186.075s step_avg:1863.28ms
step:3321/3350 train_time:6187.953s step_avg:1863.28ms
step:3322/3350 train_time:6189.832s step_avg:1863.28ms
step:3323/3350 train_time:6191.711s step_avg:1863.29ms
step:3324/3350 train_time:6193.587s step_avg:1863.29ms
step:3325/3350 train_time:6195.748s step_avg:1863.38ms
step:3325/3350 val_loss:3.27221 train_time:6195.748s step_avg:1891.43ms
step:3326/3350 train_time:6197.634s step_avg:1863.39ms
step:3327/3350 train_time:6199.515s step_avg:1863.39ms
step:3328/3350 train_time:6201.395s step_avg:1863.40ms
step:3329/3350 train_time:6203.276s step_avg:1863.41ms
step:3330/3350 train_time:6205.154s step_avg:1863.41ms
step:3331/3350 train_time:6207.034s step_avg:1863.41ms
step:3332/3350 train_time:6208.914s step_avg:1863.42ms
step:3333/3350 train_time:6210.792s step_avg:1863.42ms
step:3334/3350 train_time:6212.675s step_avg:1863.43ms
step:3335/3350 train_time:6214.555s step_avg:1863.43ms
step:3336/3350 train_time:6216.436s step_avg:1863.44ms
step:3337/3350 train_time:6218.315s step_avg:1863.44ms
step:3338/3350 train_time:6220.195s step_avg:1863.45ms
step:3339/3350 train_time:6222.075s step_avg:1863.45ms
step:3340/3350 train_time:6223.956s step_avg:1863.46ms
step:3341/3350 train_time:6225.835s step_avg:1863.46ms
step:3342/3350 train_time:6227.713s step_avg:1863.47ms
step:3343/3350 train_time:6229.595s step_avg:1863.47ms
step:3344/3350 train_time:6231.476s step_avg:1863.48ms
step:3345/3350 train_time:6233.353s step_avg:1863.48ms
step:3346/3350 train_time:6235.233s step_avg:1863.49ms
step:3347/3350 train_time:6237.115s step_avg:1863.49ms
step:3348/3350 train_time:6238.997s step_avg:1863.50ms
step:3349/3350 train_time:6240.875s step_avg:1863.50ms
step:3350/3350 train_time:6243.111s step_avg:1863.62ms
step:3350/3350 val_loss:3.27145 train_time:6243.111s step_avg:1894.50ms
trial:0 best_val_loss:3.27145 best_val_step:3350 first_step_to_target:3225
wandb: updating run metadata
wandb: uploading output.log; uploading wandb-summary.json
wandb: 
wandb: Run history:
wandb:        speedrun/final_best_val_loss ▁
wandb:        speedrun/final_best_val_step ▁
wandb: speedrun/final_first_step_to_target ▁
wandb:       speedrun/final_reached_target ▁
wandb:       speedrun/first_step_to_target ▁▁▁▁▁▁▁▁▁▁▁▁▁▁▁▁▁▁▁▁▁▁▁▁▁▁▁▁▁▁▁▁▁██████
wandb:             speedrun/reached_target ▁▁▁▁▁▁▁▁▁▁▁▁▁▁▁▁▁▁▁▁▁▁▁▁▁▁▁▁▁▁▁▁▁██████
wandb:            speedrun/target_val_loss ▁▁▁▁▁▁▁▁▁▁▁▁▁▁▁▁▁▁▁▁▁▁▁▁▁▁▁▁▁▁▁▁▁▁▁▁▁▁▁▁
wandb:                speedrun/train_steps ▁▁▁▁▁▁▁▁▁▁▁▁▁▁▁▁▁▁▁▁▁▁▁▁▁▁▁▁▁▁▁▁▁▁▁▁▁▁▁▁
wandb:                    time/step_avg_ms  ▂▁▁▁▁▁▁▁▁▁▁▁▁▁▁▁▁▁▁▁▁▁█▄▄▄▄▄▄▃▄▄▄▄▄▄▄▄
wandb:                  time/train_seconds ▁▁▂▂▂▂▃▃▃▃▄▄▄▄▅▅▅▅▆▆▆▆▇▇▇▇▇▇▇██████████
wandb:                              +4,337 ...
wandb: 
wandb: Run summary:
wandb:        speedrun/final_best_val_loss 3.27145
wandb:        speedrun/final_best_val_step 3350
wandb: speedrun/final_first_step_to_target 3225
wandb:       speedrun/final_reached_target 1
wandb:       speedrun/first_step_to_target 3225
wandb:             speedrun/reached_target 1
wandb:            speedrun/target_val_loss 3.28
wandb:                speedrun/train_steps 3350
wandb:                    time/step_avg_ms 1894.50093
wandb:                  time/train_seconds 6243.11085
wandb:                              +4,337 ...
wandb: 
wandb: 🚀 View run g1r4-frieren/wd-D at: https://wandb.ai/wandb-applied-ai-team/modded-nanogpt-senpai/runs/6gpdw4dd
wandb: ⭐️ View project at: https://wandb.ai/wandb-applied-ai-team/modded-nanogpt-senpai
wandb: Synced 6 W&B file(s), 0 media file(s), 0 artifact file(s) and 0 other file(s)
wandb: Find logs at: ./wandb/run-20260520_215543-6gpdw4dd/logs
=== 2026-05-20T23:47:33+00:00 arm D done, exit=0 ===
