logs/42d58306-52b1-4251-932d-aaa052efd883.txt
GRAD_CLIP: max_norm=0.0 (DISABLED)
GRAD_CLIP_PER_GROUP: body=10.0 aux=5.0 (ACTIVE (per-group L2))
EMBED_COOLDOWN_SHAPE: linear_floor (applies to adam_embed only; lm_head/scalars use linear)
ADAMW_BETA2: 0.99 (effective memory ~99 steps)
ADAMW_LR_MULT: embed=1.5 lm_head=1.0 scalar=1.0
  Effective base LRs: embed=0.4500 lm_head=0.003125 scalar=0.0100
MUON_LR_MULT: attn=0.800 mlp=1.200
  Effective Muon base LRs: attn=0.02800 mlp=0.04200
EMBED_INIT_ANCHOR_LAMBDA: 0.001 (ACTIVE)
NEWTON_MUON: use_precond=True lr_scale=1.0 update_period=2 beta=0.95 eps=0.0001 max_d_in=4096 tikhonov_gamma=0.005
NS_SCHEDULE: ns_iters=12 -> ns_iters_cooldown=16 at fraction 0.7 of train_steps (shape=late_peak)
NS_COEF_SCHEDULE: linear_ramp_down
  ns_iters=12: c=[0.7,0.662,0.624,0.585,0.547,0.509,0.471,0.433,0.395,0.356,0.318,0.28] avg_c=0.4900
  ns_iters=16: c=[0.7,0.672,0.644,0.616,0.588,0.56,0.532,0.504,0.476,0.448,0.42,0.392,0.364,0.336,0.308,0.28] avg_c=0.4900
NEWTON_MUON: hooks registered for 72 parameter modules (skipped 0 d_in>4096)
wandb: [wandb.login()] Loaded credentials for https://api.wandb.ai from WANDB_API_KEY.
wandb: W&B API key is configured. Use `wandb login --relogin` to force relogin
wandb: Tracking run with wandb version 0.26.1
wandb: Run data is saved locally in /workspace/senpai/target/wandb/run-20260530_195325-rmf5wg2t
wandb: Run `wandb offline` to turn off syncing.
wandb: Syncing run g1r4-fern/pp-ctrl-s2-ns16
wandb: ⭐️ View project at https://wandb.ai/wandb-applied-ai-team/modded-nanogpt-senpai
wandb: 🚀 View run at https://wandb.ai/wandb-applied-ai-team/modded-nanogpt-senpai/runs/rmf5wg2t
EMBED_INIT_ANCHOR: lambda=0.001 snapshot_norm=6208.0000 snapshot_mean_abs=0.7969 snapshot_shape=(50304, 768)
MUON_PARAM_COUNTS: attn=48 mlp=24 (expected 48 attn / 24 mlp for 12-layer block stack)
step:0/3350 val_loss:10.82583 train_time:0.000s step_avg:nanms
step:1/3350 train_time:6.492s step_avg:6492.47ms
step:2/3350 train_time:8.261s step_avg:4130.59ms
step:3/3350 train_time:11.384s step_avg:3794.77ms
step:4/3350 train_time:13.217s step_avg:3304.20ms
step:5/3350 train_time:16.346s step_avg:3269.12ms
step:6/3350 train_time:18.180s step_avg:3030.02ms
step:7/3350 train_time:21.308s step_avg:3044.03ms
step:8/3350 train_time:23.141s step_avg:2892.64ms
step:9/3350 train_time:26.272s step_avg:2919.12ms
step:10/3350 train_time:28.110s step_avg:2811.05ms
step:11/3350 train_time:31.241s step_avg:2840.12ms
step:12/3350 train_time:33.081s step_avg:2756.71ms
step:13/3350 train_time:36.213s step_avg:2785.63ms
step:14/3350 train_time:38.054s step_avg:2718.12ms
step:15/3350 train_time:41.186s step_avg:2745.75ms
step:16/3350 train_time:43.024s step_avg:2688.98ms
step:17/3350 train_time:46.154s step_avg:2714.97ms
step:18/3350 train_time:47.994s step_avg:2666.35ms
step:19/3350 train_time:51.125s step_avg:2690.81ms
step:20/3350 train_time:52.962s step_avg:2648.10ms
step:21/3350 train_time:56.096s step_avg:2671.26ms
step:22/3350 train_time:57.936s step_avg:2633.45ms
step:23/3350 train_time:61.066s step_avg:2655.05ms
step:24/3350 train_time:62.902s step_avg:2620.91ms
step:25/3350 train_time:66.325s step_avg:2653.02ms
step:26/3350 train_time:68.164s step_avg:2621.69ms
step:27/3350 train_time:71.298s step_avg:2640.68ms
step:28/3350 train_time:73.136s step_avg:2612.01ms
step:29/3350 train_time:76.272s step_avg:2630.08ms
step:30/3350 train_time:78.111s step_avg:2603.69ms
step:31/3350 train_time:81.243s step_avg:2620.73ms
step:32/3350 train_time:83.080s step_avg:2596.25ms
step:33/3350 train_time:86.217s step_avg:2612.63ms
step:34/3350 train_time:88.054s step_avg:2589.82ms
step:35/3350 train_time:91.189s step_avg:2605.40ms
step:36/3350 train_time:93.026s step_avg:2584.05ms
step:37/3350 train_time:96.155s step_avg:2598.79ms
step:38/3350 train_time:97.990s step_avg:2578.67ms
step:39/3350 train_time:101.120s step_avg:2592.82ms
step:40/3350 train_time:102.952s step_avg:2573.79ms
step:41/3350 train_time:106.083s step_avg:2587.38ms
step:42/3350 train_time:107.915s step_avg:2569.41ms
step:43/3350 train_time:111.043s step_avg:2582.40ms
step:44/3350 train_time:112.875s step_avg:2565.35ms
step:45/3350 train_time:116.006s step_avg:2577.91ms
step:46/3350 train_time:117.838s step_avg:2561.69ms
step:47/3350 train_time:120.969s step_avg:2573.81ms
step:48/3350 train_time:122.801s step_avg:2558.35ms
step:49/3350 train_time:125.936s step_avg:2570.13ms
step:50/3350 train_time:128.064s step_avg:2561.29ms
step:51/3350 train_time:131.192s step_avg:2572.39ms
step:52/3350 train_time:133.027s step_avg:2558.21ms
step:53/3350 train_time:136.159s step_avg:2569.04ms
step:54/3350 train_time:137.991s step_avg:2555.38ms
step:55/3350 train_time:141.121s step_avg:2565.83ms
step:56/3350 train_time:142.954s step_avg:2552.74ms
step:57/3350 train_time:146.084s step_avg:2562.87ms
step:58/3350 train_time:147.916s step_avg:2550.27ms
step:59/3350 train_time:151.045s step_avg:2560.08ms
step:60/3350 train_time:152.878s step_avg:2547.96ms
step:61/3350 train_time:156.005s step_avg:2557.47ms
step:62/3350 train_time:157.843s step_avg:2545.85ms
step:63/3350 train_time:160.976s step_avg:2555.18ms
step:64/3350 train_time:162.812s step_avg:2543.94ms
step:65/3350 train_time:165.951s step_avg:2553.09ms
step:66/3350 train_time:167.786s step_avg:2542.21ms
step:67/3350 train_time:170.917s step_avg:2551.01ms
step:68/3350 train_time:172.748s step_avg:2540.41ms
step:69/3350 train_time:175.877s step_avg:2548.95ms
step:70/3350 train_time:177.711s step_avg:2538.73ms
step:71/3350 train_time:180.844s step_avg:2547.10ms
step:72/3350 train_time:182.681s step_avg:2537.23ms
step:73/3350 train_time:185.816s step_avg:2545.42ms
step:74/3350 train_time:187.649s step_avg:2535.80ms
step:75/3350 train_time:191.064s step_avg:2547.52ms
step:76/3350 train_time:192.899s step_avg:2538.15ms
step:77/3350 train_time:196.023s step_avg:2545.75ms
step:78/3350 train_time:197.854s step_avg:2536.59ms
step:79/3350 train_time:200.989s step_avg:2544.16ms
step:80/3350 train_time:202.822s step_avg:2535.28ms
step:81/3350 train_time:205.948s step_avg:2542.57ms
step:82/3350 train_time:207.782s step_avg:2533.92ms
step:83/3350 train_time:210.908s step_avg:2541.06ms
step:84/3350 train_time:212.741s step_avg:2532.63ms
step:85/3350 train_time:215.863s step_avg:2539.57ms
step:86/3350 train_time:217.696s step_avg:2531.35ms
step:87/3350 train_time:220.820s step_avg:2538.16ms
step:88/3350 train_time:222.657s step_avg:2530.19ms
step:89/3350 train_time:225.783s step_avg:2536.89ms
step:90/3350 train_time:227.617s step_avg:2529.07ms
step:91/3350 train_time:230.742s step_avg:2535.62ms
step:92/3350 train_time:232.572s step_avg:2527.95ms
step:93/3350 train_time:235.698s step_avg:2534.39ms
step:94/3350 train_time:237.533s step_avg:2526.94ms
step:95/3350 train_time:240.656s step_avg:2533.22ms
step:96/3350 train_time:242.488s step_avg:2525.92ms
step:97/3350 train_time:245.612s step_avg:2532.08ms
step:98/3350 train_time:247.444s step_avg:2524.93ms
step:99/3350 train_time:250.566s step_avg:2530.97ms
step:100/3350 train_time:252.704s step_avg:2527.04ms
step:101/3350 train_time:255.819s step_avg:2532.86ms
step:102/3350 train_time:257.655s step_avg:2526.03ms
step:103/3350 train_time:260.776s step_avg:2531.80ms
step:104/3350 train_time:262.607s step_avg:2525.07ms
step:105/3350 train_time:265.739s step_avg:2530.84ms
step:106/3350 train_time:267.572s step_avg:2524.27ms
step:107/3350 train_time:270.700s step_avg:2529.91ms
step:108/3350 train_time:272.534s step_avg:2523.46ms
step:109/3350 train_time:275.658s step_avg:2528.98ms
step:110/3350 train_time:277.494s step_avg:2522.67ms
step:111/3350 train_time:280.621s step_avg:2528.12ms
step:112/3350 train_time:282.458s step_avg:2521.95ms
step:113/3350 train_time:285.579s step_avg:2527.25ms
step:114/3350 train_time:287.417s step_avg:2521.20ms
step:115/3350 train_time:290.539s step_avg:2526.43ms
step:116/3350 train_time:292.378s step_avg:2520.50ms
step:117/3350 train_time:295.507s step_avg:2525.70ms
step:118/3350 train_time:297.349s step_avg:2519.91ms
step:119/3350 train_time:300.469s step_avg:2524.95ms
step:120/3350 train_time:302.304s step_avg:2519.20ms
step:121/3350 train_time:305.422s step_avg:2524.15ms
step:122/3350 train_time:307.260s step_avg:2518.52ms
step:123/3350 train_time:310.385s step_avg:2523.45ms
step:124/3350 train_time:312.221s step_avg:2517.91ms
step:125/3350 train_time:315.693s step_avg:2525.55ms
step:125/3350 val_loss:4.52542 train_time:315.694s step_avg:2525.55ms
step:126/3350 train_time:317.526s step_avg:2520.05ms
step:127/3350 train_time:320.650s step_avg:2524.80ms
step:128/3350 train_time:322.485s step_avg:2519.42ms
step:129/3350 train_time:325.608s step_avg:2524.09ms
step:130/3350 train_time:327.443s step_avg:2518.80ms
step:131/3350 train_time:330.562s step_avg:2523.37ms
step:132/3350 train_time:332.397s step_avg:2518.16ms
step:133/3350 train_time:335.518s step_avg:2522.69ms
step:134/3350 train_time:337.352s step_avg:2517.55ms
step:135/3350 train_time:340.470s step_avg:2522.00ms
step:136/3350 train_time:342.304s step_avg:2516.94ms
step:137/3350 train_time:345.425s step_avg:2521.35ms
step:138/3350 train_time:347.258s step_avg:2516.36ms
step:139/3350 train_time:350.380s step_avg:2520.72ms
step:140/3350 train_time:352.212s step_avg:2515.80ms
step:141/3350 train_time:355.331s step_avg:2520.08ms
step:142/3350 train_time:357.166s step_avg:2515.25ms
step:143/3350 train_time:360.282s step_avg:2519.46ms
step:144/3350 train_time:362.115s step_avg:2514.69ms
step:145/3350 train_time:365.233s step_avg:2518.85ms
step:146/3350 train_time:367.069s step_avg:2514.17ms
step:147/3350 train_time:370.189s step_avg:2518.29ms
step:148/3350 train_time:372.022s step_avg:2513.66ms
step:149/3350 train_time:375.144s step_avg:2517.74ms
step:150/3350 train_time:377.270s step_avg:2515.13ms
step:151/3350 train_time:380.384s step_avg:2519.10ms
step:152/3350 train_time:382.218s step_avg:2514.59ms
step:153/3350 train_time:385.334s step_avg:2518.52ms
step:154/3350 train_time:387.166s step_avg:2514.06ms
step:155/3350 train_time:390.283s step_avg:2517.95ms
step:156/3350 train_time:392.119s step_avg:2513.58ms
step:157/3350 train_time:395.234s step_avg:2517.41ms
step:158/3350 train_time:397.067s step_avg:2513.08ms
step:159/3350 train_time:400.185s step_avg:2516.89ms
step:160/3350 train_time:402.017s step_avg:2512.61ms
step:161/3350 train_time:405.135s step_avg:2516.37ms
step:162/3350 train_time:406.969s step_avg:2512.16ms
step:163/3350 train_time:410.085s step_avg:2515.86ms
step:164/3350 train_time:411.916s step_avg:2511.68ms
step:165/3350 train_time:415.038s step_avg:2515.38ms
step:166/3350 train_time:416.876s step_avg:2511.30ms
step:167/3350 train_time:419.995s step_avg:2514.94ms
step:168/3350 train_time:421.832s step_avg:2510.90ms
step:169/3350 train_time:424.951s step_avg:2514.50ms
step:170/3350 train_time:426.785s step_avg:2510.50ms
step:171/3350 train_time:429.905s step_avg:2514.06ms
step:172/3350 train_time:431.738s step_avg:2510.11ms
step:173/3350 train_time:434.858s step_avg:2513.63ms
step:174/3350 train_time:436.692s step_avg:2509.72ms
step:175/3350 train_time:440.096s step_avg:2514.84ms
step:176/3350 train_time:441.933s step_avg:2510.98ms
step:177/3350 train_time:445.055s step_avg:2514.43ms
step:178/3350 train_time:446.894s step_avg:2510.64ms
step:179/3350 train_time:450.016s step_avg:2514.06ms
step:180/3350 train_time:451.852s step_avg:2510.29ms
step:181/3350 train_time:454.971s step_avg:2513.65ms
step:182/3350 train_time:456.803s step_avg:2509.91ms
step:183/3350 train_time:459.920s step_avg:2513.22ms
step:184/3350 train_time:461.754s step_avg:2509.53ms
step:185/3350 train_time:464.874s step_avg:2512.83ms
step:186/3350 train_time:466.708s step_avg:2509.18ms
step:187/3350 train_time:469.824s step_avg:2512.43ms
step:188/3350 train_time:471.658s step_avg:2508.82ms
step:189/3350 train_time:474.782s step_avg:2512.07ms
step:190/3350 train_time:476.619s step_avg:2508.52ms
step:191/3350 train_time:479.847s step_avg:2512.29ms
step:192/3350 train_time:481.684s step_avg:2508.77ms
step:193/3350 train_time:484.808s step_avg:2511.96ms
step:194/3350 train_time:486.648s step_avg:2508.50ms
step:195/3350 train_time:489.776s step_avg:2511.67ms
step:196/3350 train_time:491.609s step_avg:2508.21ms
step:197/3350 train_time:494.728s step_avg:2511.31ms
step:198/3350 train_time:496.562s step_avg:2507.89ms
step:199/3350 train_time:499.682s step_avg:2510.96ms
step:200/3350 train_time:501.820s step_avg:2509.10ms
step:201/3350 train_time:504.933s step_avg:2512.10ms
step:202/3350 train_time:506.767s step_avg:2508.75ms
step:203/3350 train_time:509.884s step_avg:2511.75ms
step:204/3350 train_time:511.719s step_avg:2508.43ms
step:205/3350 train_time:514.839s step_avg:2511.41ms
step:206/3350 train_time:516.675s step_avg:2508.13ms
step:207/3350 train_time:519.792s step_avg:2511.07ms
step:208/3350 train_time:521.627s step_avg:2507.82ms
step:209/3350 train_time:524.745s step_avg:2510.74ms
step:210/3350 train_time:526.580s step_avg:2507.52ms
step:211/3350 train_time:529.699s step_avg:2510.42ms
step:212/3350 train_time:531.531s step_avg:2507.22ms
step:213/3350 train_time:534.650s step_avg:2510.09ms
step:214/3350 train_time:536.484s step_avg:2506.93ms
step:215/3350 train_time:539.598s step_avg:2509.76ms
step:216/3350 train_time:541.434s step_avg:2506.64ms
step:217/3350 train_time:544.550s step_avg:2509.45ms
step:218/3350 train_time:546.388s step_avg:2506.37ms
step:219/3350 train_time:549.506s step_avg:2509.16ms
step:220/3350 train_time:551.338s step_avg:2506.08ms
step:221/3350 train_time:554.452s step_avg:2508.83ms
step:222/3350 train_time:556.285s step_avg:2505.79ms
step:223/3350 train_time:559.403s step_avg:2508.53ms
step:224/3350 train_time:561.237s step_avg:2505.52ms
step:225/3350 train_time:564.643s step_avg:2509.53ms
step:226/3350 train_time:566.474s step_avg:2506.52ms
step:227/3350 train_time:569.591s step_avg:2509.21ms
step:228/3350 train_time:571.428s step_avg:2506.26ms
step:229/3350 train_time:574.544s step_avg:2508.92ms
step:230/3350 train_time:576.375s step_avg:2505.98ms
step:231/3350 train_time:579.493s step_avg:2508.63ms
step:232/3350 train_time:581.324s step_avg:2505.70ms
step:233/3350 train_time:584.441s step_avg:2508.33ms
step:234/3350 train_time:586.274s step_avg:2505.44ms
step:235/3350 train_time:589.394s step_avg:2508.06ms
step:236/3350 train_time:591.228s step_avg:2505.20ms
step:237/3350 train_time:594.351s step_avg:2507.81ms
step:238/3350 train_time:596.184s step_avg:2504.98ms
step:239/3350 train_time:599.297s step_avg:2507.52ms
step:240/3350 train_time:601.133s step_avg:2504.72ms
step:241/3350 train_time:604.250s step_avg:2507.26ms
step:242/3350 train_time:606.084s step_avg:2504.48ms
step:243/3350 train_time:609.201s step_avg:2507.00ms
step:244/3350 train_time:611.036s step_avg:2504.24ms
step:245/3350 train_time:614.153s step_avg:2506.75ms
step:246/3350 train_time:615.986s step_avg:2504.01ms
step:247/3350 train_time:619.105s step_avg:2506.50ms
step:248/3350 train_time:620.941s step_avg:2503.79ms
step:249/3350 train_time:624.060s step_avg:2506.26ms
step:250/3350 train_time:626.251s step_avg:2505.00ms
step:250/3350 val_loss:4.05221 train_time:626.251s step_avg:2484.46ms
step:251/3350 train_time:629.366s step_avg:2507.44ms
step:252/3350 train_time:631.202s step_avg:2504.77ms
step:253/3350 train_time:634.317s step_avg:2507.18ms
step:254/3350 train_time:636.153s step_avg:2504.54ms
step:255/3350 train_time:639.271s step_avg:2506.94ms
step:256/3350 train_time:641.103s step_avg:2504.31ms
step:257/3350 train_time:644.223s step_avg:2506.71ms
step:258/3350 train_time:646.057s step_avg:2504.10ms
step:259/3350 train_time:649.172s step_avg:2506.45ms
step:260/3350 train_time:651.002s step_avg:2503.85ms
step:261/3350 train_time:654.121s step_avg:2506.21ms
step:262/3350 train_time:655.954s step_avg:2503.64ms
step:263/3350 train_time:659.072s step_avg:2505.98ms
step:264/3350 train_time:660.903s step_avg:2503.42ms
step:265/3350 train_time:664.020s step_avg:2505.73ms
step:266/3350 train_time:665.852s step_avg:2503.20ms
step:267/3350 train_time:668.964s step_avg:2505.48ms
step:268/3350 train_time:670.801s step_avg:2502.99ms
step:269/3350 train_time:673.915s step_avg:2505.26ms
step:270/3350 train_time:675.751s step_avg:2502.78ms
step:271/3350 train_time:678.869s step_avg:2505.05ms
step:272/3350 train_time:680.702s step_avg:2502.58ms
step:273/3350 train_time:683.815s step_avg:2504.82ms
step:274/3350 train_time:685.644s step_avg:2502.35ms
step:275/3350 train_time:689.047s step_avg:2505.62ms
step:276/3350 train_time:690.877s step_avg:2503.18ms
step:277/3350 train_time:693.989s step_avg:2505.38ms
step:278/3350 train_time:695.824s step_avg:2502.97ms
step:279/3350 train_time:698.937s step_avg:2505.15ms
step:280/3350 train_time:700.770s step_avg:2502.75ms
step:281/3350 train_time:703.885s step_avg:2504.93ms
step:282/3350 train_time:705.716s step_avg:2502.54ms
step:283/3350 train_time:708.832s step_avg:2504.71ms
step:284/3350 train_time:710.661s step_avg:2502.33ms
step:285/3350 train_time:713.775s step_avg:2504.47ms
step:286/3350 train_time:715.609s step_avg:2502.13ms
step:287/3350 train_time:718.722s step_avg:2504.26ms
step:288/3350 train_time:720.554s step_avg:2501.92ms
step:289/3350 train_time:723.670s step_avg:2504.05ms
step:290/3350 train_time:725.503s step_avg:2501.73ms
step:291/3350 train_time:728.617s step_avg:2503.84ms
step:292/3350 train_time:730.449s step_avg:2501.54ms
step:293/3350 train_time:733.574s step_avg:2503.66ms
step:294/3350 train_time:735.408s step_avg:2501.39ms
step:295/3350 train_time:738.528s step_avg:2503.48ms
step:296/3350 train_time:740.360s step_avg:2501.22ms
step:297/3350 train_time:743.475s step_avg:2503.28ms
step:298/3350 train_time:745.311s step_avg:2501.04ms
step:299/3350 train_time:748.429s step_avg:2503.11ms
step:300/3350 train_time:750.569s step_avg:2501.90ms
step:301/3350 train_time:753.680s step_avg:2503.92ms
step:302/3350 train_time:755.514s step_avg:2501.70ms
step:303/3350 train_time:758.628s step_avg:2503.72ms
step:304/3350 train_time:760.461s step_avg:2501.52ms
step:305/3350 train_time:763.577s step_avg:2503.53ms
step:306/3350 train_time:765.409s step_avg:2501.34ms
step:307/3350 train_time:768.521s step_avg:2503.33ms
step:308/3350 train_time:770.353s step_avg:2501.15ms
step:309/3350 train_time:773.469s step_avg:2503.14ms
step:310/3350 train_time:775.304s step_avg:2500.98ms
step:311/3350 train_time:778.418s step_avg:2502.95ms
step:312/3350 train_time:780.251s step_avg:2500.80ms
step:313/3350 train_time:783.369s step_avg:2502.78ms
step:314/3350 train_time:785.202s step_avg:2500.64ms
step:315/3350 train_time:788.316s step_avg:2502.59ms
step:316/3350 train_time:790.148s step_avg:2500.47ms
step:317/3350 train_time:793.269s step_avg:2502.43ms
step:318/3350 train_time:795.102s step_avg:2500.32ms
step:319/3350 train_time:798.217s step_avg:2502.25ms
step:320/3350 train_time:800.052s step_avg:2500.16ms
step:321/3350 train_time:803.170s step_avg:2502.09ms
step:322/3350 train_time:805.004s step_avg:2500.01ms
step:323/3350 train_time:808.120s step_avg:2501.92ms
step:324/3350 train_time:809.952s step_avg:2499.85ms
step:325/3350 train_time:813.359s step_avg:2502.64ms
step:326/3350 train_time:815.191s step_avg:2500.59ms
step:327/3350 train_time:818.306s step_avg:2502.46ms
step:328/3350 train_time:820.136s step_avg:2500.41ms
step:329/3350 train_time:823.252s step_avg:2502.29ms
step:330/3350 train_time:825.084s step_avg:2500.26ms
step:331/3350 train_time:828.202s step_avg:2502.12ms
step:332/3350 train_time:830.035s step_avg:2500.10ms
step:333/3350 train_time:833.152s step_avg:2501.96ms
step:334/3350 train_time:834.985s step_avg:2499.96ms
step:335/3350 train_time:838.095s step_avg:2501.78ms
step:336/3350 train_time:839.927s step_avg:2499.78ms
step:337/3350 train_time:843.039s step_avg:2501.60ms
step:338/3350 train_time:844.876s step_avg:2499.63ms
step:339/3350 train_time:847.986s step_avg:2501.44ms
step:340/3350 train_time:849.819s step_avg:2499.47ms
step:341/3350 train_time:852.934s step_avg:2501.27ms
step:342/3350 train_time:854.767s step_avg:2499.32ms
step:343/3350 train_time:857.877s step_avg:2501.10ms
step:344/3350 train_time:859.709s step_avg:2499.15ms
step:345/3350 train_time:862.824s step_avg:2500.94ms
step:346/3350 train_time:864.655s step_avg:2499.00ms
step:347/3350 train_time:867.769s step_avg:2500.77ms
step:348/3350 train_time:869.603s step_avg:2498.86ms
step:349/3350 train_time:872.718s step_avg:2500.63ms
step:350/3350 train_time:874.844s step_avg:2499.55ms
step:351/3350 train_time:877.954s step_avg:2501.29ms
step:352/3350 train_time:879.787s step_avg:2499.40ms
step:353/3350 train_time:882.906s step_avg:2501.15ms
step:354/3350 train_time:884.741s step_avg:2499.27ms
step:355/3350 train_time:887.855s step_avg:2501.00ms
step:356/3350 train_time:889.690s step_avg:2499.13ms
step:357/3350 train_time:892.812s step_avg:2500.88ms
step:358/3350 train_time:894.648s step_avg:2499.02ms
step:359/3350 train_time:897.760s step_avg:2500.72ms
step:360/3350 train_time:899.593s step_avg:2498.87ms
step:361/3350 train_time:902.708s step_avg:2500.58ms
step:362/3350 train_time:904.541s step_avg:2498.73ms
step:363/3350 train_time:907.655s step_avg:2500.43ms
step:364/3350 train_time:909.489s step_avg:2498.60ms
step:365/3350 train_time:912.607s step_avg:2500.29ms
step:366/3350 train_time:914.445s step_avg:2498.48ms
step:367/3350 train_time:917.559s step_avg:2500.16ms
step:368/3350 train_time:919.397s step_avg:2498.36ms
step:369/3350 train_time:922.511s step_avg:2500.03ms
step:370/3350 train_time:924.348s step_avg:2498.24ms
step:371/3350 train_time:927.460s step_avg:2499.89ms
step:372/3350 train_time:929.295s step_avg:2498.10ms
step:373/3350 train_time:932.411s step_avg:2499.76ms
step:374/3350 train_time:934.242s step_avg:2497.97ms
step:375/3350 train_time:937.705s step_avg:2500.55ms
step:375/3350 val_loss:3.88874 train_time:937.705s step_avg:2491.63ms
step:376/3350 train_time:939.541s step_avg:2498.78ms
step:377/3350 train_time:942.655s step_avg:2500.41ms
step:378/3350 train_time:944.489s step_avg:2498.65ms
step:379/3350 train_time:947.600s step_avg:2500.26ms
step:380/3350 train_time:949.436s step_avg:2498.52ms
step:381/3350 train_time:952.582s step_avg:2500.21ms
step:382/3350 train_time:954.416s step_avg:2498.47ms
step:383/3350 train_time:957.533s step_avg:2500.09ms
step:384/3350 train_time:959.370s step_avg:2498.36ms
step:385/3350 train_time:962.484s step_avg:2499.96ms
step:386/3350 train_time:964.319s step_avg:2498.24ms
step:387/3350 train_time:967.437s step_avg:2499.84ms
step:388/3350 train_time:969.273s step_avg:2498.13ms
step:389/3350 train_time:972.391s step_avg:2499.72ms
step:390/3350 train_time:974.229s step_avg:2498.02ms
step:391/3350 train_time:977.347s step_avg:2499.61ms
step:392/3350 train_time:979.180s step_avg:2497.91ms
step:393/3350 train_time:982.297s step_avg:2499.48ms
step:394/3350 train_time:984.134s step_avg:2497.80ms
step:395/3350 train_time:987.247s step_avg:2499.36ms
step:396/3350 train_time:989.082s step_avg:2497.68ms
step:397/3350 train_time:992.197s step_avg:2499.24ms
step:398/3350 train_time:994.036s step_avg:2497.58ms
step:399/3350 train_time:997.154s step_avg:2499.13ms
step:400/3350 train_time:999.302s step_avg:2498.26ms
step:401/3350 train_time:1002.419s step_avg:2499.80ms
step:402/3350 train_time:1004.252s step_avg:2498.14ms
step:403/3350 train_time:1007.366s step_avg:2499.67ms
step:404/3350 train_time:1009.199s step_avg:2498.02ms
step:405/3350 train_time:1012.317s step_avg:2499.55ms
step:406/3350 train_time:1014.148s step_avg:2497.90ms
step:407/3350 train_time:1017.263s step_avg:2499.42ms
step:408/3350 train_time:1019.098s step_avg:2497.79ms
step:409/3350 train_time:1022.213s step_avg:2499.30ms
step:410/3350 train_time:1024.050s step_avg:2497.68ms
step:411/3350 train_time:1027.170s step_avg:2499.20ms
step:412/3350 train_time:1029.007s step_avg:2497.59ms
step:413/3350 train_time:1032.124s step_avg:2499.09ms
step:414/3350 train_time:1033.958s step_avg:2497.48ms
step:415/3350 train_time:1037.078s step_avg:2498.98ms
step:416/3350 train_time:1038.914s step_avg:2497.39ms
step:417/3350 train_time:1042.029s step_avg:2498.87ms
step:418/3350 train_time:1043.863s step_avg:2497.28ms
step:419/3350 train_time:1046.982s step_avg:2498.76ms
step:420/3350 train_time:1048.819s step_avg:2497.19ms
step:421/3350 train_time:1051.933s step_avg:2498.65ms
step:422/3350 train_time:1053.767s step_avg:2497.08ms
step:423/3350 train_time:1056.880s step_avg:2498.53ms
step:424/3350 train_time:1058.714s step_avg:2496.97ms
step:425/3350 train_time:1062.131s step_avg:2499.13ms
step:426/3350 train_time:1063.966s step_avg:2497.57ms
step:427/3350 train_time:1067.082s step_avg:2499.02ms
step:428/3350 train_time:1068.916s step_avg:2497.47ms
step:429/3350 train_time:1072.031s step_avg:2498.91ms
step:430/3350 train_time:1073.865s step_avg:2497.36ms
step:431/3350 train_time:1076.983s step_avg:2498.80ms
step:432/3350 train_time:1078.819s step_avg:2497.27ms
step:433/3350 train_time:1081.931s step_avg:2498.68ms
step:434/3350 train_time:1083.765s step_avg:2497.15ms
step:435/3350 train_time:1086.880s step_avg:2498.57ms
step:436/3350 train_time:1088.715s step_avg:2497.05ms
step:437/3350 train_time:1091.829s step_avg:2498.47ms
step:438/3350 train_time:1093.669s step_avg:2496.96ms
step:439/3350 train_time:1096.787s step_avg:2498.37ms
step:440/3350 train_time:1098.624s step_avg:2496.87ms
step:441/3350 train_time:1101.739s step_avg:2498.27ms
step:442/3350 train_time:1103.576s step_avg:2496.78ms
step:443/3350 train_time:1106.691s step_avg:2498.17ms
step:444/3350 train_time:1108.524s step_avg:2496.68ms
step:445/3350 train_time:1111.638s step_avg:2498.06ms
step:446/3350 train_time:1113.473s step_avg:2496.58ms
step:447/3350 train_time:1116.584s step_avg:2497.95ms
step:448/3350 train_time:1118.419s step_avg:2496.47ms
step:449/3350 train_time:1121.534s step_avg:2497.85ms
step:450/3350 train_time:1123.675s step_avg:2497.06ms
step:451/3350 train_time:1126.784s step_avg:2498.41ms
step:452/3350 train_time:1128.619s step_avg:2496.95ms
step:453/3350 train_time:1131.734s step_avg:2498.31ms
step:454/3350 train_time:1133.569s step_avg:2496.85ms
step:455/3350 train_time:1136.683s step_avg:2498.20ms
step:456/3350 train_time:1138.517s step_avg:2496.75ms
step:457/3350 train_time:1141.631s step_avg:2498.10ms
step:458/3350 train_time:1143.465s step_avg:2496.65ms
step:459/3350 train_time:1146.580s step_avg:2498.00ms
step:460/3350 train_time:1148.413s step_avg:2496.55ms
step:461/3350 train_time:1151.534s step_avg:2497.90ms
step:462/3350 train_time:1153.370s step_avg:2496.47ms
step:463/3350 train_time:1156.481s step_avg:2497.80ms
step:464/3350 train_time:1158.312s step_avg:2496.36ms
step:465/3350 train_time:1161.431s step_avg:2497.70ms
step:466/3350 train_time:1163.269s step_avg:2496.29ms
step:467/3350 train_time:1166.381s step_avg:2497.60ms
step:468/3350 train_time:1168.217s step_avg:2496.19ms
step:469/3350 train_time:1171.328s step_avg:2497.50ms
step:470/3350 train_time:1173.164s step_avg:2496.09ms
step:471/3350 train_time:1176.277s step_avg:2497.40ms
step:472/3350 train_time:1178.112s step_avg:2496.00ms
step:473/3350 train_time:1181.226s step_avg:2497.31ms
step:474/3350 train_time:1183.060s step_avg:2495.91ms
step:475/3350 train_time:1186.471s step_avg:2497.83ms
step:476/3350 train_time:1188.308s step_avg:2496.44ms
step:477/3350 train_time:1191.425s step_avg:2497.75ms
step:478/3350 train_time:1193.260s step_avg:2496.36ms
step:479/3350 train_time:1196.376s step_avg:2497.65ms
step:480/3350 train_time:1198.215s step_avg:2496.28ms
step:481/3350 train_time:1201.326s step_avg:2497.56ms
step:482/3350 train_time:1203.163s step_avg:2496.19ms
step:483/3350 train_time:1206.280s step_avg:2497.47ms
step:484/3350 train_time:1208.115s step_avg:2496.11ms
step:485/3350 train_time:1211.227s step_avg:2497.38ms
step:486/3350 train_time:1213.063s step_avg:2496.01ms
step:487/3350 train_time:1216.174s step_avg:2497.28ms
step:488/3350 train_time:1218.010s step_avg:2495.92ms
step:489/3350 train_time:1221.127s step_avg:2497.19ms
step:490/3350 train_time:1222.962s step_avg:2495.84ms
step:491/3350 train_time:1226.078s step_avg:2497.10ms
step:492/3350 train_time:1227.917s step_avg:2495.77ms
step:493/3350 train_time:1231.030s step_avg:2497.02ms
step:494/3350 train_time:1232.868s step_avg:2495.68ms
step:495/3350 train_time:1235.981s step_avg:2496.93ms
step:496/3350 train_time:1237.819s step_avg:2495.60ms
step:497/3350 train_time:1240.937s step_avg:2496.86ms
step:498/3350 train_time:1242.773s step_avg:2495.53ms
step:499/3350 train_time:1245.884s step_avg:2496.76ms
step:500/3350 train_time:1248.105s step_avg:2496.21ms
step:500/3350 val_loss:3.79036 train_time:1248.105s step_avg:2483.20ms
step:501/3350 train_time:1251.227s step_avg:2497.46ms
step:502/3350 train_time:1253.069s step_avg:2496.15ms
step:503/3350 train_time:1256.187s step_avg:2497.39ms
step:504/3350 train_time:1258.019s step_avg:2496.07ms
step:505/3350 train_time:1261.134s step_avg:2497.29ms
step:506/3350 train_time:1262.971s step_avg:2495.99ms
step:507/3350 train_time:1266.090s step_avg:2497.22ms
step:508/3350 train_time:1267.927s step_avg:2495.92ms
step:509/3350 train_time:1271.044s step_avg:2497.14ms
step:510/3350 train_time:1272.887s step_avg:2495.86ms
step:511/3350 train_time:1276.004s step_avg:2497.07ms
step:512/3350 train_time:1277.837s step_avg:2495.78ms
step:513/3350 train_time:1280.954s step_avg:2496.99ms
step:514/3350 train_time:1282.792s step_avg:2495.70ms
step:515/3350 train_time:1285.911s step_avg:2496.91ms
step:516/3350 train_time:1287.751s step_avg:2495.64ms
step:517/3350 train_time:1290.863s step_avg:2496.83ms
step:518/3350 train_time:1292.702s step_avg:2495.56ms
step:519/3350 train_time:1295.819s step_avg:2496.76ms
step:520/3350 train_time:1297.654s step_avg:2495.49ms
step:521/3350 train_time:1300.771s step_avg:2496.68ms
step:522/3350 train_time:1302.610s step_avg:2495.42ms
step:523/3350 train_time:1305.724s step_avg:2496.60ms
step:524/3350 train_time:1307.559s step_avg:2495.34ms
step:525/3350 train_time:1310.978s step_avg:2497.10ms
step:526/3350 train_time:1312.811s step_avg:2495.84ms
step:527/3350 train_time:1315.928s step_avg:2497.02ms
step:528/3350 train_time:1317.763s step_avg:2495.76ms
step:529/3350 train_time:1320.876s step_avg:2496.93ms
step:530/3350 train_time:1322.711s step_avg:2495.68ms
step:531/3350 train_time:1325.829s step_avg:2496.85ms
step:532/3350 train_time:1327.666s step_avg:2495.61ms
step:533/3350 train_time:1330.780s step_avg:2496.77ms
step:534/3350 train_time:1332.616s step_avg:2495.54ms
step:535/3350 train_time:1335.731s step_avg:2496.69ms
step:536/3350 train_time:1337.568s step_avg:2495.46ms
step:537/3350 train_time:1340.683s step_avg:2496.62ms
step:538/3350 train_time:1342.516s step_avg:2495.38ms
step:539/3350 train_time:1345.631s step_avg:2496.53ms
step:540/3350 train_time:1347.465s step_avg:2495.31ms
step:541/3350 train_time:1350.579s step_avg:2496.45ms
step:542/3350 train_time:1352.413s step_avg:2495.23ms
step:543/3350 train_time:1355.526s step_avg:2496.36ms
step:544/3350 train_time:1357.360s step_avg:2495.15ms
step:545/3350 train_time:1360.475s step_avg:2496.28ms
step:546/3350 train_time:1362.310s step_avg:2495.07ms
step:547/3350 train_time:1365.422s step_avg:2496.20ms
step:548/3350 train_time:1367.254s step_avg:2494.99ms
step:549/3350 train_time:1370.366s step_avg:2496.11ms
step:550/3350 train_time:1372.494s step_avg:2495.44ms
step:551/3350 train_time:1375.601s step_avg:2496.55ms
step:552/3350 train_time:1377.436s step_avg:2495.36ms
step:553/3350 train_time:1380.552s step_avg:2496.48ms
step:554/3350 train_time:1382.389s step_avg:2495.29ms
step:555/3350 train_time:1385.504s step_avg:2496.40ms
step:556/3350 train_time:1387.339s step_avg:2495.21ms
step:557/3350 train_time:1390.451s step_avg:2496.32ms
step:558/3350 train_time:1392.285s step_avg:2495.13ms
step:559/3350 train_time:1395.400s step_avg:2496.24ms
step:560/3350 train_time:1397.237s step_avg:2495.07ms
step:561/3350 train_time:1400.351s step_avg:2496.17ms
step:562/3350 train_time:1402.189s step_avg:2495.00ms
step:563/3350 train_time:1405.301s step_avg:2496.09ms
step:564/3350 train_time:1407.136s step_avg:2494.92ms
step:565/3350 train_time:1410.253s step_avg:2496.02ms
step:566/3350 train_time:1412.086s step_avg:2494.85ms
step:567/3350 train_time:1415.197s step_avg:2495.94ms
step:568/3350 train_time:1417.033s step_avg:2494.78ms
step:569/3350 train_time:1420.145s step_avg:2495.86ms
step:570/3350 train_time:1421.980s step_avg:2494.70ms
step:571/3350 train_time:1425.123s step_avg:2495.84ms
step:572/3350 train_time:1426.958s step_avg:2494.68ms
step:573/3350 train_time:1430.070s step_avg:2495.76ms
step:574/3350 train_time:1431.907s step_avg:2494.61ms
step:575/3350 train_time:1435.305s step_avg:2496.18ms
step:576/3350 train_time:1437.136s step_avg:2495.03ms
step:577/3350 train_time:1440.248s step_avg:2496.10ms
step:578/3350 train_time:1442.083s step_avg:2494.95ms
step:579/3350 train_time:1445.195s step_avg:2496.02ms
step:580/3350 train_time:1447.030s step_avg:2494.88ms
step:581/3350 train_time:1450.143s step_avg:2495.94ms
step:582/3350 train_time:1451.978s step_avg:2494.81ms
step:583/3350 train_time:1455.089s step_avg:2495.86ms
step:584/3350 train_time:1456.924s step_avg:2494.73ms
step:585/3350 train_time:1460.039s step_avg:2495.79ms
step:586/3350 train_time:1461.872s step_avg:2494.66ms
step:587/3350 train_time:1464.983s step_avg:2495.71ms
step:588/3350 train_time:1466.818s step_avg:2494.59ms
step:589/3350 train_time:1469.930s step_avg:2495.64ms
step:590/3350 train_time:1471.763s step_avg:2494.51ms
step:591/3350 train_time:1474.877s step_avg:2495.56ms
step:592/3350 train_time:1476.710s step_avg:2494.44ms
step:593/3350 train_time:1479.825s step_avg:2495.49ms
step:594/3350 train_time:1481.660s step_avg:2494.38ms
step:595/3350 train_time:1484.779s step_avg:2495.43ms
step:596/3350 train_time:1486.612s step_avg:2494.32ms
step:597/3350 train_time:1489.729s step_avg:2495.36ms
step:598/3350 train_time:1491.564s step_avg:2494.25ms
step:599/3350 train_time:1494.684s step_avg:2495.30ms
step:600/3350 train_time:1496.824s step_avg:2494.71ms
step:601/3350 train_time:1499.940s step_avg:2495.74ms
step:602/3350 train_time:1501.775s step_avg:2494.64ms
step:603/3350 train_time:1504.893s step_avg:2495.68ms
step:604/3350 train_time:1506.725s step_avg:2494.58ms
step:605/3350 train_time:1509.838s step_avg:2495.60ms
step:606/3350 train_time:1511.672s step_avg:2494.51ms
step:607/3350 train_time:1514.779s step_avg:2495.52ms
step:608/3350 train_time:1516.613s step_avg:2494.43ms
step:609/3350 train_time:1519.725s step_avg:2495.44ms
step:610/3350 train_time:1521.557s step_avg:2494.36ms
step:611/3350 train_time:1524.675s step_avg:2495.38ms
step:612/3350 train_time:1526.509s step_avg:2494.30ms
step:613/3350 train_time:1529.623s step_avg:2495.31ms
step:614/3350 train_time:1531.455s step_avg:2494.23ms
step:615/3350 train_time:1534.567s step_avg:2495.23ms
step:616/3350 train_time:1536.403s step_avg:2494.16ms
step:617/3350 train_time:1539.512s step_avg:2495.16ms
step:618/3350 train_time:1541.347s step_avg:2494.09ms
step:619/3350 train_time:1544.459s step_avg:2495.09ms
step:620/3350 train_time:1546.294s step_avg:2494.02ms
step:621/3350 train_time:1549.408s step_avg:2495.02ms
step:622/3350 train_time:1551.242s step_avg:2493.96ms
step:623/3350 train_time:1554.354s step_avg:2494.95ms
step:624/3350 train_time:1556.184s step_avg:2493.88ms
step:625/3350 train_time:1559.653s step_avg:2495.44ms
step:625/3350 val_loss:3.72837 train_time:1559.653s step_avg:2492.39ms
step:626/3350 train_time:1561.492s step_avg:2494.40ms
step:627/3350 train_time:1564.605s step_avg:2495.38ms
step:628/3350 train_time:1566.439s step_avg:2494.33ms
step:629/3350 train_time:1569.556s step_avg:2495.32ms
step:630/3350 train_time:1571.390s step_avg:2494.27ms
step:631/3350 train_time:1574.508s step_avg:2495.26ms
step:632/3350 train_time:1576.345s step_avg:2494.22ms
step:633/3350 train_time:1579.459s step_avg:2495.20ms
step:634/3350 train_time:1581.293s step_avg:2494.15ms
step:635/3350 train_time:1584.410s step_avg:2495.13ms
step:636/3350 train_time:1586.245s step_avg:2494.10ms
step:637/3350 train_time:1589.364s step_avg:2495.08ms
step:638/3350 train_time:1591.201s step_avg:2494.05ms
step:639/3350 train_time:1594.320s step_avg:2495.02ms
step:640/3350 train_time:1596.159s step_avg:2494.00ms
step:641/3350 train_time:1599.281s step_avg:2494.98ms
step:642/3350 train_time:1601.118s step_avg:2493.95ms
step:643/3350 train_time:1604.237s step_avg:2494.92ms
step:644/3350 train_time:1606.073s step_avg:2493.90ms
step:645/3350 train_time:1609.192s step_avg:2494.87ms
step:646/3350 train_time:1611.030s step_avg:2493.85ms
step:647/3350 train_time:1614.143s step_avg:2494.81ms
step:648/3350 train_time:1615.981s step_avg:2493.80ms
step:649/3350 train_time:1619.097s step_avg:2494.76ms
step:650/3350 train_time:1621.228s step_avg:2494.20ms
step:651/3350 train_time:1624.340s step_avg:2495.15ms
step:652/3350 train_time:1626.174s step_avg:2494.13ms
step:653/3350 train_time:1629.293s step_avg:2495.09ms
step:654/3350 train_time:1631.128s step_avg:2494.08ms
step:655/3350 train_time:1634.241s step_avg:2495.02ms
step:656/3350 train_time:1636.075s step_avg:2494.02ms
step:657/3350 train_time:1639.186s step_avg:2494.96ms
step:658/3350 train_time:1641.023s step_avg:2493.96ms
step:659/3350 train_time:1644.138s step_avg:2494.90ms
step:660/3350 train_time:1645.971s step_avg:2493.89ms
step:661/3350 train_time:1649.089s step_avg:2494.84ms
step:662/3350 train_time:1650.928s step_avg:2493.85ms
step:663/3350 train_time:1654.044s step_avg:2494.79ms
step:664/3350 train_time:1655.876s step_avg:2493.79ms
step:665/3350 train_time:1658.992s step_avg:2494.72ms
step:666/3350 train_time:1660.825s step_avg:2493.73ms
step:667/3350 train_time:1663.944s step_avg:2494.67ms
step:668/3350 train_time:1665.776s step_avg:2493.68ms
step:669/3350 train_time:1668.888s step_avg:2494.60ms
step:670/3350 train_time:1670.722s step_avg:2493.62ms
step:671/3350 train_time:1673.839s step_avg:2494.54ms
step:672/3350 train_time:1675.675s step_avg:2493.56ms
step:673/3350 train_time:1678.787s step_avg:2494.48ms
step:674/3350 train_time:1680.626s step_avg:2493.51ms
step:675/3350 train_time:1684.030s step_avg:2494.86ms
step:676/3350 train_time:1685.865s step_avg:2493.88ms
step:677/3350 train_time:1688.977s step_avg:2494.80ms
step:678/3350 train_time:1690.810s step_avg:2493.82ms
step:679/3350 train_time:1693.928s step_avg:2494.74ms
step:680/3350 train_time:1695.763s step_avg:2493.77ms
step:681/3350 train_time:1698.876s step_avg:2494.68ms
step:682/3350 train_time:1700.708s step_avg:2493.71ms
step:683/3350 train_time:1703.822s step_avg:2494.62ms
step:684/3350 train_time:1705.656s step_avg:2493.65ms
step:685/3350 train_time:1708.770s step_avg:2494.56ms
step:686/3350 train_time:1710.603s step_avg:2493.59ms
step:687/3350 train_time:1713.723s step_avg:2494.50ms
step:688/3350 train_time:1715.554s step_avg:2493.54ms
step:689/3350 train_time:1718.670s step_avg:2494.44ms
step:690/3350 train_time:1720.503s step_avg:2493.48ms
step:691/3350 train_time:1723.621s step_avg:2494.39ms
step:692/3350 train_time:1725.457s step_avg:2493.43ms
step:693/3350 train_time:1728.569s step_avg:2494.33ms
step:694/3350 train_time:1730.405s step_avg:2493.38ms
step:695/3350 train_time:1733.519s step_avg:2494.27ms
step:696/3350 train_time:1735.352s step_avg:2493.32ms
step:697/3350 train_time:1738.463s step_avg:2494.21ms
step:698/3350 train_time:1740.297s step_avg:2493.26ms
step:699/3350 train_time:1743.414s step_avg:2494.15ms
step:700/3350 train_time:1745.547s step_avg:2493.64ms
step:701/3350 train_time:1748.652s step_avg:2494.51ms
step:702/3350 train_time:1750.483s step_avg:2493.57ms
step:703/3350 train_time:1753.594s step_avg:2494.44ms
step:704/3350 train_time:1755.426s step_avg:2493.50ms
step:705/3350 train_time:1758.542s step_avg:2494.39ms
step:706/3350 train_time:1760.374s step_avg:2493.45ms
step:707/3350 train_time:1763.488s step_avg:2494.33ms
step:708/3350 train_time:1765.323s step_avg:2493.39ms
step:709/3350 train_time:1768.440s step_avg:2494.27ms
step:710/3350 train_time:1770.272s step_avg:2493.34ms
step:711/3350 train_time:1773.388s step_avg:2494.22ms
step:712/3350 train_time:1775.220s step_avg:2493.29ms
step:713/3350 train_time:1778.334s step_avg:2494.16ms
step:714/3350 train_time:1780.168s step_avg:2493.23ms
step:715/3350 train_time:1783.281s step_avg:2494.10ms
step:716/3350 train_time:1785.112s step_avg:2493.17ms
step:717/3350 train_time:1788.230s step_avg:2494.04ms
step:718/3350 train_time:1790.063s step_avg:2493.12ms
step:719/3350 train_time:1793.178s step_avg:2493.99ms
step:720/3350 train_time:1795.010s step_avg:2493.07ms
step:721/3350 train_time:1798.124s step_avg:2493.93ms
step:722/3350 train_time:1799.956s step_avg:2493.01ms
step:723/3350 train_time:1803.071s step_avg:2493.87ms
step:724/3350 train_time:1804.905s step_avg:2492.96ms
step:725/3350 train_time:1808.305s step_avg:2494.21ms
step:726/3350 train_time:1810.137s step_avg:2493.30ms
step:727/3350 train_time:1813.250s step_avg:2494.15ms
step:728/3350 train_time:1815.084s step_avg:2493.25ms
step:729/3350 train_time:1818.204s step_avg:2494.11ms
step:730/3350 train_time:1820.037s step_avg:2493.20ms
step:731/3350 train_time:1823.153s step_avg:2494.05ms
step:732/3350 train_time:1824.989s step_avg:2493.15ms
step:733/3350 train_time:1828.103s step_avg:2494.00ms
step:734/3350 train_time:1829.936s step_avg:2493.10ms
step:735/3350 train_time:1833.050s step_avg:2493.94ms
step:736/3350 train_time:1834.881s step_avg:2493.05ms
step:737/3350 train_time:1837.997s step_avg:2493.89ms
step:738/3350 train_time:1839.831s step_avg:2493.00ms
step:739/3350 train_time:1842.942s step_avg:2493.83ms
step:740/3350 train_time:1844.774s step_avg:2492.94ms
step:741/3350 train_time:1847.889s step_avg:2493.78ms
step:742/3350 train_time:1849.724s step_avg:2492.89ms
step:743/3350 train_time:1852.839s step_avg:2493.73ms
step:744/3350 train_time:1854.671s step_avg:2492.84ms
step:745/3350 train_time:1857.785s step_avg:2493.67ms
step:746/3350 train_time:1859.621s step_avg:2492.79ms
step:747/3350 train_time:1862.732s step_avg:2493.62ms
step:748/3350 train_time:1864.565s step_avg:2492.73ms
step:749/3350 train_time:1867.685s step_avg:2493.57ms
step:750/3350 train_time:1869.875s step_avg:2493.17ms
step:750/3350 val_loss:3.68282 train_time:1869.875s step_avg:2481.77ms
step:751/3350 train_time:1872.996s step_avg:2494.00ms
step:752/3350 train_time:1874.834s step_avg:2493.13ms
step:753/3350 train_time:1877.946s step_avg:2493.95ms
step:754/3350 train_time:1879.779s step_avg:2493.08ms
step:755/3350 train_time:1882.897s step_avg:2493.90ms
step:756/3350 train_time:1884.729s step_avg:2493.03ms
step:757/3350 train_time:1887.844s step_avg:2493.85ms
step:758/3350 train_time:1889.678s step_avg:2492.98ms
step:759/3350 train_time:1892.796s step_avg:2493.80ms
step:760/3350 train_time:1894.630s step_avg:2492.93ms
step:761/3350 train_time:1897.775s step_avg:2493.79ms
step:762/3350 train_time:1899.611s step_avg:2492.93ms
step:763/3350 train_time:1902.724s step_avg:2493.74ms
step:764/3350 train_time:1904.561s step_avg:2492.88ms
step:765/3350 train_time:1907.672s step_avg:2493.69ms
step:766/3350 train_time:1909.507s step_avg:2492.83ms
step:767/3350 train_time:1912.630s step_avg:2493.65ms
step:768/3350 train_time:1914.466s step_avg:2492.79ms
step:769/3350 train_time:1917.582s step_avg:2493.60ms
step:770/3350 train_time:1919.414s step_avg:2492.75ms
step:771/3350 train_time:1922.526s step_avg:2493.55ms
step:772/3350 train_time:1924.359s step_avg:2492.69ms
step:773/3350 train_time:1927.468s step_avg:2493.49ms
step:774/3350 train_time:1929.302s step_avg:2492.64ms
step:775/3350 train_time:1932.705s step_avg:2493.81ms
step:776/3350 train_time:1934.538s step_avg:2492.96ms
step:777/3350 train_time:1937.650s step_avg:2493.76ms
step:778/3350 train_time:1939.489s step_avg:2492.92ms
step:779/3350 train_time:1942.601s step_avg:2493.71ms
step:780/3350 train_time:1944.435s step_avg:2492.87ms
step:781/3350 train_time:1947.549s step_avg:2493.66ms
step:782/3350 train_time:1949.384s step_avg:2492.82ms
step:783/3350 train_time:1952.496s step_avg:2493.61ms
step:784/3350 train_time:1954.328s step_avg:2492.77ms
step:785/3350 train_time:1957.439s step_avg:2493.55ms
step:786/3350 train_time:1959.270s step_avg:2492.71ms
step:787/3350 train_time:1962.377s step_avg:2493.49ms
step:788/3350 train_time:1964.209s step_avg:2492.65ms
step:789/3350 train_time:1967.324s step_avg:2493.44ms
step:790/3350 train_time:1969.158s step_avg:2492.60ms
step:791/3350 train_time:1972.265s step_avg:2493.38ms
step:792/3350 train_time:1974.098s step_avg:2492.55ms
step:793/3350 train_time:1977.215s step_avg:2493.34ms
step:794/3350 train_time:1979.047s step_avg:2492.50ms
step:795/3350 train_time:1982.156s step_avg:2493.28ms
step:796/3350 train_time:1983.986s step_avg:2492.45ms
step:797/3350 train_time:1987.100s step_avg:2493.22ms
step:798/3350 train_time:1988.930s step_avg:2492.39ms
step:799/3350 train_time:1992.040s step_avg:2493.17ms
step:800/3350 train_time:1994.179s step_avg:2492.72ms
step:801/3350 train_time:1997.282s step_avg:2493.49ms
step:802/3350 train_time:1999.114s step_avg:2492.66ms
step:803/3350 train_time:2002.227s step_avg:2493.43ms
step:804/3350 train_time:2004.061s step_avg:2492.61ms
step:805/3350 train_time:2007.174s step_avg:2493.38ms
step:806/3350 train_time:2009.006s step_avg:2492.56ms
step:807/3350 train_time:2012.115s step_avg:2493.33ms
step:808/3350 train_time:2013.948s step_avg:2492.51ms
step:809/3350 train_time:2017.058s step_avg:2493.27ms
step:810/3350 train_time:2018.889s step_avg:2492.46ms
step:811/3350 train_time:2021.999s step_avg:2493.22ms
step:812/3350 train_time:2023.832s step_avg:2492.40ms
step:813/3350 train_time:2026.942s step_avg:2493.16ms
step:814/3350 train_time:2028.777s step_avg:2492.36ms
step:815/3350 train_time:2031.889s step_avg:2493.12ms
step:816/3350 train_time:2033.723s step_avg:2492.31ms
step:817/3350 train_time:2036.835s step_avg:2493.07ms
step:818/3350 train_time:2038.667s step_avg:2492.26ms
step:819/3350 train_time:2041.778s step_avg:2493.01ms
step:820/3350 train_time:2043.610s step_avg:2492.21ms
step:821/3350 train_time:2046.719s step_avg:2492.96ms
step:822/3350 train_time:2048.552s step_avg:2492.16ms
step:823/3350 train_time:2051.659s step_avg:2492.90ms
step:824/3350 train_time:2053.490s step_avg:2492.10ms
step:825/3350 train_time:2056.893s step_avg:2493.20ms
step:826/3350 train_time:2058.728s step_avg:2492.41ms
step:827/3350 train_time:2061.841s step_avg:2493.16ms
step:828/3350 train_time:2063.678s step_avg:2492.36ms
step:829/3350 train_time:2066.790s step_avg:2493.11ms
step:830/3350 train_time:2068.627s step_avg:2492.32ms
step:831/3350 train_time:2071.743s step_avg:2493.07ms
step:832/3350 train_time:2073.579s step_avg:2492.28ms
step:833/3350 train_time:2076.692s step_avg:2493.03ms
step:834/3350 train_time:2078.527s step_avg:2492.24ms
step:835/3350 train_time:2081.642s step_avg:2492.98ms
step:836/3350 train_time:2083.473s step_avg:2492.19ms
step:837/3350 train_time:2086.584s step_avg:2492.93ms
step:838/3350 train_time:2088.416s step_avg:2492.14ms
step:839/3350 train_time:2091.529s step_avg:2492.88ms
step:840/3350 train_time:2093.363s step_avg:2492.10ms
step:841/3350 train_time:2096.477s step_avg:2492.84ms
step:842/3350 train_time:2098.311s step_avg:2492.06ms
step:843/3350 train_time:2101.421s step_avg:2492.79ms
step:844/3350 train_time:2103.254s step_avg:2492.01ms
step:845/3350 train_time:2106.364s step_avg:2492.74ms
step:846/3350 train_time:2108.197s step_avg:2491.96ms
step:847/3350 train_time:2111.309s step_avg:2492.69ms
step:848/3350 train_time:2113.140s step_avg:2491.91ms
step:849/3350 train_time:2116.249s step_avg:2492.64ms
step:850/3350 train_time:2118.375s step_avg:2492.21ms
step:851/3350 train_time:2121.482s step_avg:2492.93ms
step:852/3350 train_time:2123.316s step_avg:2492.16ms
step:853/3350 train_time:2126.429s step_avg:2492.88ms
step:854/3350 train_time:2128.261s step_avg:2492.11ms
step:855/3350 train_time:2131.373s step_avg:2492.83ms
step:856/3350 train_time:2133.206s step_avg:2492.06ms
step:857/3350 train_time:2136.315s step_avg:2492.78ms
step:858/3350 train_time:2138.150s step_avg:2492.02ms
step:859/3350 train_time:2141.262s step_avg:2492.74ms
step:860/3350 train_time:2143.095s step_avg:2491.97ms
step:861/3350 train_time:2146.202s step_avg:2492.69ms
step:862/3350 train_time:2148.035s step_avg:2491.92ms
step:863/3350 train_time:2151.141s step_avg:2492.63ms
step:864/3350 train_time:2152.974s step_avg:2491.87ms
step:865/3350 train_time:2156.086s step_avg:2492.59ms
step:866/3350 train_time:2157.917s step_avg:2491.82ms
step:867/3350 train_time:2161.029s step_avg:2492.54ms
step:868/3350 train_time:2162.862s step_avg:2491.78ms
step:869/3350 train_time:2165.975s step_avg:2492.49ms
step:870/3350 train_time:2167.811s step_avg:2491.74ms
step:871/3350 train_time:2170.926s step_avg:2492.45ms
step:872/3350 train_time:2172.760s step_avg:2491.70ms
step:873/3350 train_time:2175.874s step_avg:2492.41ms
step:874/3350 train_time:2177.703s step_avg:2491.65ms
step:875/3350 train_time:2181.160s step_avg:2492.75ms
step:875/3350 val_loss:3.64615 train_time:2181.161s step_avg:2490.29ms
step:876/3350 train_time:2182.996s step_avg:2492.00ms
step:877/3350 train_time:2186.116s step_avg:2492.72ms
step:878/3350 train_time:2187.952s step_avg:2491.97ms
step:879/3350 train_time:2191.069s step_avg:2492.68ms
step:880/3350 train_time:2192.907s step_avg:2491.94ms
step:881/3350 train_time:2196.021s step_avg:2492.65ms
step:882/3350 train_time:2197.858s step_avg:2491.90ms
step:883/3350 train_time:2200.974s step_avg:2492.61ms
step:884/3350 train_time:2202.810s step_avg:2491.87ms
step:885/3350 train_time:2205.925s step_avg:2492.57ms
step:886/3350 train_time:2207.764s step_avg:2491.83ms
step:887/3350 train_time:2210.882s step_avg:2492.54ms
step:888/3350 train_time:2212.716s step_avg:2491.80ms
step:889/3350 train_time:2215.832s step_avg:2492.50ms
step:890/3350 train_time:2217.670s step_avg:2491.76ms
step:891/3350 train_time:2220.784s step_avg:2492.46ms
step:892/3350 train_time:2222.619s step_avg:2491.73ms
step:893/3350 train_time:2225.741s step_avg:2492.43ms
step:894/3350 train_time:2227.579s step_avg:2491.70ms
step:895/3350 train_time:2230.695s step_avg:2492.40ms
step:896/3350 train_time:2232.531s step_avg:2491.66ms
step:897/3350 train_time:2235.642s step_avg:2492.35ms
step:898/3350 train_time:2237.481s step_avg:2491.63ms
step:899/3350 train_time:2240.598s step_avg:2492.32ms
step:900/3350 train_time:2242.747s step_avg:2491.94ms
step:901/3350 train_time:2245.856s step_avg:2492.63ms
step:902/3350 train_time:2247.694s step_avg:2491.90ms
step:903/3350 train_time:2250.805s step_avg:2492.59ms
step:904/3350 train_time:2252.641s step_avg:2491.86ms
step:905/3350 train_time:2255.755s step_avg:2492.55ms
step:906/3350 train_time:2257.589s step_avg:2491.82ms
step:907/3350 train_time:2260.703s step_avg:2492.51ms
step:908/3350 train_time:2262.540s step_avg:2491.78ms
step:909/3350 train_time:2265.661s step_avg:2492.48ms
step:910/3350 train_time:2267.497s step_avg:2491.75ms
step:911/3350 train_time:2270.618s step_avg:2492.45ms
step:912/3350 train_time:2272.457s step_avg:2491.73ms
step:913/3350 train_time:2275.570s step_avg:2492.41ms
step:914/3350 train_time:2277.407s step_avg:2491.69ms
step:915/3350 train_time:2280.527s step_avg:2492.38ms
step:916/3350 train_time:2282.364s step_avg:2491.66ms
step:917/3350 train_time:2285.475s step_avg:2492.34ms
step:918/3350 train_time:2287.306s step_avg:2491.62ms
step:919/3350 train_time:2290.416s step_avg:2492.29ms
step:920/3350 train_time:2292.250s step_avg:2491.58ms
step:921/3350 train_time:2295.368s step_avg:2492.26ms
step:922/3350 train_time:2297.201s step_avg:2491.54ms
step:923/3350 train_time:2300.316s step_avg:2492.22ms
step:924/3350 train_time:2302.152s step_avg:2491.51ms
step:925/3350 train_time:2305.555s step_avg:2492.49ms
step:926/3350 train_time:2307.388s step_avg:2491.78ms
step:927/3350 train_time:2310.499s step_avg:2492.45ms
step:928/3350 train_time:2312.331s step_avg:2491.74ms
step:929/3350 train_time:2315.448s step_avg:2492.41ms
step:930/3350 train_time:2317.283s step_avg:2491.70ms
step:931/3350 train_time:2320.398s step_avg:2492.37ms
step:932/3350 train_time:2322.233s step_avg:2491.67ms
step:933/3350 train_time:2325.344s step_avg:2492.33ms
step:934/3350 train_time:2327.175s step_avg:2491.62ms
step:935/3350 train_time:2330.284s step_avg:2492.28ms
step:936/3350 train_time:2332.118s step_avg:2491.58ms
step:937/3350 train_time:2335.229s step_avg:2492.24ms
step:938/3350 train_time:2337.067s step_avg:2491.54ms
step:939/3350 train_time:2340.178s step_avg:2492.20ms
step:940/3350 train_time:2342.016s step_avg:2491.51ms
step:941/3350 train_time:2345.132s step_avg:2492.17ms
step:942/3350 train_time:2346.965s step_avg:2491.47ms
step:943/3350 train_time:2350.076s step_avg:2492.13ms
step:944/3350 train_time:2351.909s step_avg:2491.43ms
step:945/3350 train_time:2355.018s step_avg:2492.08ms
step:946/3350 train_time:2356.854s step_avg:2491.39ms
step:947/3350 train_time:2359.963s step_avg:2492.04ms
step:948/3350 train_time:2361.800s step_avg:2491.35ms
step:949/3350 train_time:2364.912s step_avg:2492.00ms
step:950/3350 train_time:2367.046s step_avg:2491.63ms
step:951/3350 train_time:2370.185s step_avg:2492.31ms
step:952/3350 train_time:2372.020s step_avg:2491.62ms
step:953/3350 train_time:2375.132s step_avg:2492.27ms
step:954/3350 train_time:2376.967s step_avg:2491.58ms
step:955/3350 train_time:2380.077s step_avg:2492.23ms
step:956/3350 train_time:2381.914s step_avg:2491.54ms
step:957/3350 train_time:2385.023s step_avg:2492.19ms
step:958/3350 train_time:2386.854s step_avg:2491.50ms
step:959/3350 train_time:2389.963s step_avg:2492.14ms
step:960/3350 train_time:2391.799s step_avg:2491.46ms
step:961/3350 train_time:2394.904s step_avg:2492.10ms
step:962/3350 train_time:2396.741s step_avg:2491.41ms
step:963/3350 train_time:2399.847s step_avg:2492.05ms
step:964/3350 train_time:2401.680s step_avg:2491.37ms
step:965/3350 train_time:2404.790s step_avg:2492.01ms
step:966/3350 train_time:2406.623s step_avg:2491.33ms
step:967/3350 train_time:2409.730s step_avg:2491.97ms
step:968/3350 train_time:2411.563s step_avg:2491.28ms
step:969/3350 train_time:2414.674s step_avg:2491.92ms
step:970/3350 train_time:2416.508s step_avg:2491.25ms
step:971/3350 train_time:2419.617s step_avg:2491.88ms
step:972/3350 train_time:2421.452s step_avg:2491.21ms
step:973/3350 train_time:2424.561s step_avg:2491.84ms
step:974/3350 train_time:2426.395s step_avg:2491.17ms
step:975/3350 train_time:2429.789s step_avg:2492.09ms
step:976/3350 train_time:2431.622s step_avg:2491.42ms
step:977/3350 train_time:2434.733s step_avg:2492.05ms
step:978/3350 train_time:2436.569s step_avg:2491.38ms
step:979/3350 train_time:2439.676s step_avg:2492.01ms
step:980/3350 train_time:2441.509s step_avg:2491.34ms
step:981/3350 train_time:2444.621s step_avg:2491.97ms
step:982/3350 train_time:2446.453s step_avg:2491.30ms
step:983/3350 train_time:2449.563s step_avg:2491.93ms
step:984/3350 train_time:2451.393s step_avg:2491.25ms
step:985/3350 train_time:2454.504s step_avg:2491.88ms
step:986/3350 train_time:2456.337s step_avg:2491.21ms
step:987/3350 train_time:2459.447s step_avg:2491.84ms
step:988/3350 train_time:2461.281s step_avg:2491.17ms
step:989/3350 train_time:2464.391s step_avg:2491.80ms
step:990/3350 train_time:2466.225s step_avg:2491.14ms
step:991/3350 train_time:2469.329s step_avg:2491.75ms
step:992/3350 train_time:2471.163s step_avg:2491.09ms
step:993/3350 train_time:2474.271s step_avg:2491.71ms
step:994/3350 train_time:2476.104s step_avg:2491.05ms
step:995/3350 train_time:2479.212s step_avg:2491.67ms
step:996/3350 train_time:2481.045s step_avg:2491.01ms
step:997/3350 train_time:2484.154s step_avg:2491.63ms
step:998/3350 train_time:2485.988s step_avg:2490.97ms
step:999/3350 train_time:2489.098s step_avg:2491.59ms
step:1000/3350 train_time:2491.301s step_avg:2491.30ms
step:1000/3350 val_loss:3.61401 train_time:2491.301s step_avg:2481.12ms
step:1001/3350 train_time:2494.407s step_avg:2491.91ms
step:1002/3350 train_time:2496.240s step_avg:2491.26ms
step:1003/3350 train_time:2499.349s step_avg:2491.87ms
step:1004/3350 train_time:2501.185s step_avg:2491.22ms
step:1005/3350 train_time:2504.294s step_avg:2491.83ms
step:1006/3350 train_time:2506.127s step_avg:2491.18ms
step:1007/3350 train_time:2509.240s step_avg:2491.80ms
step:1008/3350 train_time:2511.076s step_avg:2491.15ms
step:1009/3350 train_time:2514.182s step_avg:2491.76ms
step:1010/3350 train_time:2516.018s step_avg:2491.11ms
step:1011/3350 train_time:2519.129s step_avg:2491.72ms
step:1012/3350 train_time:2520.964s step_avg:2491.07ms
step:1013/3350 train_time:2524.074s step_avg:2491.68ms
step:1014/3350 train_time:2525.906s step_avg:2491.03ms
step:1015/3350 train_time:2529.014s step_avg:2491.64ms
step:1016/3350 train_time:2530.846s step_avg:2490.99ms
step:1017/3350 train_time:2533.954s step_avg:2491.60ms
step:1018/3350 train_time:2535.789s step_avg:2490.95ms
step:1019/3350 train_time:2538.901s step_avg:2491.56ms
step:1020/3350 train_time:2540.734s step_avg:2490.92ms
step:1021/3350 train_time:2543.844s step_avg:2491.52ms
step:1022/3350 train_time:2545.678s step_avg:2490.88ms
step:1023/3350 train_time:2548.783s step_avg:2491.48ms
step:1024/3350 train_time:2550.618s step_avg:2490.84ms
step:1025/3350 train_time:2554.013s step_avg:2491.72ms
step:1026/3350 train_time:2555.845s step_avg:2491.08ms
step:1027/3350 train_time:2558.950s step_avg:2491.68ms
step:1028/3350 train_time:2560.785s step_avg:2491.04ms
step:1029/3350 train_time:2563.895s step_avg:2491.64ms
step:1030/3350 train_time:2565.727s step_avg:2491.00ms
step:1031/3350 train_time:2568.837s step_avg:2491.60ms
step:1032/3350 train_time:2570.672s step_avg:2490.96ms
step:1033/3350 train_time:2573.780s step_avg:2491.56ms
step:1034/3350 train_time:2575.613s step_avg:2490.92ms
step:1035/3350 train_time:2578.723s step_avg:2491.52ms
step:1036/3350 train_time:2580.556s step_avg:2490.88ms
step:1037/3350 train_time:2583.664s step_avg:2491.48ms
step:1038/3350 train_time:2585.498s step_avg:2490.85ms
step:1039/3350 train_time:2588.603s step_avg:2491.44ms
step:1040/3350 train_time:2590.437s step_avg:2490.80ms
step:1041/3350 train_time:2593.546s step_avg:2491.40ms
step:1042/3350 train_time:2595.381s step_avg:2490.77ms
step:1043/3350 train_time:2598.488s step_avg:2491.36ms
step:1044/3350 train_time:2600.323s step_avg:2490.73ms
step:1045/3350 train_time:2603.431s step_avg:2491.32ms
step:1046/3350 train_time:2605.265s step_avg:2490.69ms
step:1047/3350 train_time:2608.373s step_avg:2491.28ms
step:1048/3350 train_time:2610.204s step_avg:2490.65ms
step:1049/3350 train_time:2613.315s step_avg:2491.24ms
step:1050/3350 train_time:2615.449s step_avg:2490.90ms
step:1051/3350 train_time:2618.555s step_avg:2491.49ms
step:1052/3350 train_time:2620.395s step_avg:2490.87ms
step:1053/3350 train_time:2623.500s step_avg:2491.45ms
step:1054/3350 train_time:2625.337s step_avg:2490.83ms
step:1055/3350 train_time:2628.450s step_avg:2491.42ms
step:1056/3350 train_time:2630.286s step_avg:2490.80ms
step:1057/3350 train_time:2633.394s step_avg:2491.38ms
step:1058/3350 train_time:2635.233s step_avg:2490.77ms
step:1059/3350 train_time:2638.343s step_avg:2491.35ms
step:1060/3350 train_time:2640.179s step_avg:2490.73ms
step:1061/3350 train_time:2643.284s step_avg:2491.31ms
step:1062/3350 train_time:2645.121s step_avg:2490.70ms
step:1063/3350 train_time:2648.229s step_avg:2491.28ms
step:1064/3350 train_time:2650.066s step_avg:2490.66ms
step:1065/3350 train_time:2653.174s step_avg:2491.24ms
step:1066/3350 train_time:2655.009s step_avg:2490.63ms
step:1067/3350 train_time:2658.122s step_avg:2491.21ms
step:1068/3350 train_time:2659.960s step_avg:2490.60ms
step:1069/3350 train_time:2663.068s step_avg:2491.18ms
step:1070/3350 train_time:2664.905s step_avg:2490.57ms
step:1071/3350 train_time:2668.015s step_avg:2491.14ms
step:1072/3350 train_time:2669.853s step_avg:2490.53ms
step:1073/3350 train_time:2672.961s step_avg:2491.11ms
step:1074/3350 train_time:2674.798s step_avg:2490.50ms
step:1075/3350 train_time:2678.198s step_avg:2491.35ms
step:1076/3350 train_time:2680.035s step_avg:2490.74ms
step:1077/3350 train_time:2683.142s step_avg:2491.31ms
step:1078/3350 train_time:2684.979s step_avg:2490.70ms
step:1079/3350 train_time:2688.088s step_avg:2491.28ms
step:1080/3350 train_time:2689.924s step_avg:2490.67ms
step:1081/3350 train_time:2693.039s step_avg:2491.25ms
step:1082/3350 train_time:2694.873s step_avg:2490.64ms
step:1083/3350 train_time:2697.982s step_avg:2491.21ms
step:1084/3350 train_time:2699.818s step_avg:2490.61ms
step:1085/3350 train_time:2702.927s step_avg:2491.18ms
step:1086/3350 train_time:2704.763s step_avg:2490.57ms
step:1087/3350 train_time:2707.869s step_avg:2491.14ms
step:1088/3350 train_time:2709.706s step_avg:2490.54ms
step:1089/3350 train_time:2712.816s step_avg:2491.11ms
step:1090/3350 train_time:2714.647s step_avg:2490.50ms
step:1091/3350 train_time:2717.758s step_avg:2491.07ms
step:1092/3350 train_time:2719.596s step_avg:2490.47ms
step:1093/3350 train_time:2722.705s step_avg:2491.04ms
step:1094/3350 train_time:2724.540s step_avg:2490.44ms
step:1095/3350 train_time:2727.645s step_avg:2491.00ms
step:1096/3350 train_time:2729.484s step_avg:2490.40ms
step:1097/3350 train_time:2732.594s step_avg:2490.97ms
step:1098/3350 train_time:2734.431s step_avg:2490.37ms
step:1099/3350 train_time:2737.543s step_avg:2490.94ms
step:1100/3350 train_time:2739.690s step_avg:2490.63ms
step:1101/3350 train_time:2742.796s step_avg:2491.19ms
step:1102/3350 train_time:2744.634s step_avg:2490.59ms
step:1103/3350 train_time:2747.740s step_avg:2491.15ms
step:1104/3350 train_time:2749.577s step_avg:2490.56ms
step:1105/3350 train_time:2752.684s step_avg:2491.12ms
step:1106/3350 train_time:2754.520s step_avg:2490.52ms
step:1107/3350 train_time:2757.627s step_avg:2491.08ms
step:1108/3350 train_time:2759.470s step_avg:2490.50ms
step:1109/3350 train_time:2762.582s step_avg:2491.06ms
step:1110/3350 train_time:2764.415s step_avg:2490.46ms
step:1111/3350 train_time:2767.520s step_avg:2491.02ms
step:1112/3350 train_time:2769.353s step_avg:2490.43ms
step:1113/3350 train_time:2772.463s step_avg:2490.98ms
step:1114/3350 train_time:2774.297s step_avg:2490.39ms
step:1115/3350 train_time:2777.402s step_avg:2490.94ms
step:1116/3350 train_time:2779.236s step_avg:2490.35ms
step:1117/3350 train_time:2782.344s step_avg:2490.91ms
step:1118/3350 train_time:2784.179s step_avg:2490.32ms
step:1119/3350 train_time:2787.287s step_avg:2490.87ms
step:1120/3350 train_time:2789.121s step_avg:2490.29ms
step:1121/3350 train_time:2792.231s step_avg:2490.84ms
step:1122/3350 train_time:2794.066s step_avg:2490.25ms
step:1123/3350 train_time:2797.174s step_avg:2490.80ms
step:1124/3350 train_time:2799.005s step_avg:2490.22ms
step:1125/3350 train_time:2802.472s step_avg:2491.09ms
step:1125/3350 val_loss:3.58741 train_time:2802.473s step_avg:2489.37ms
step:1126/3350 train_time:2804.311s step_avg:2490.51ms
step:1127/3350 train_time:2807.419s step_avg:2491.06ms
step:1128/3350 train_time:2809.258s step_avg:2490.48ms
step:1129/3350 train_time:2812.366s step_avg:2491.02ms
step:1130/3350 train_time:2814.203s step_avg:2490.45ms
step:1131/3350 train_time:2817.309s step_avg:2490.99ms
step:1132/3350 train_time:2819.142s step_avg:2490.41ms
step:1133/3350 train_time:2822.250s step_avg:2490.95ms
step:1134/3350 train_time:2824.082s step_avg:2490.37ms
step:1135/3350 train_time:2827.186s step_avg:2490.91ms
step:1136/3350 train_time:2829.018s step_avg:2490.33ms
step:1137/3350 train_time:2832.125s step_avg:2490.87ms
step:1138/3350 train_time:2833.957s step_avg:2490.30ms
step:1139/3350 train_time:2837.061s step_avg:2490.83ms
step:1140/3350 train_time:2838.893s step_avg:2490.26ms
step:1141/3350 train_time:2842.030s step_avg:2490.82ms
step:1142/3350 train_time:2843.862s step_avg:2490.25ms
step:1143/3350 train_time:2846.973s step_avg:2490.79ms
step:1144/3350 train_time:2848.804s step_avg:2490.21ms
step:1145/3350 train_time:2851.912s step_avg:2490.75ms
step:1146/3350 train_time:2853.748s step_avg:2490.18ms
step:1147/3350 train_time:2856.853s step_avg:2490.72ms
step:1148/3350 train_time:2858.685s step_avg:2490.14ms
step:1149/3350 train_time:2861.793s step_avg:2490.68ms
step:1150/3350 train_time:2863.918s step_avg:2490.36ms
step:1151/3350 train_time:2867.020s step_avg:2490.89ms
step:1152/3350 train_time:2868.855s step_avg:2490.33ms
step:1153/3350 train_time:2871.963s step_avg:2490.86ms
step:1154/3350 train_time:2873.796s step_avg:2490.29ms
step:1155/3350 train_time:2876.903s step_avg:2490.83ms
step:1156/3350 train_time:2878.738s step_avg:2490.26ms
step:1157/3350 train_time:2881.846s step_avg:2490.79ms
step:1158/3350 train_time:2883.677s step_avg:2490.22ms
step:1159/3350 train_time:2886.783s step_avg:2490.75ms
step:1160/3350 train_time:2888.614s step_avg:2490.18ms
step:1161/3350 train_time:2891.723s step_avg:2490.72ms
step:1162/3350 train_time:2893.555s step_avg:2490.15ms
step:1163/3350 train_time:2896.667s step_avg:2490.69ms
step:1164/3350 train_time:2898.501s step_avg:2490.12ms
step:1165/3350 train_time:2901.611s step_avg:2490.65ms
step:1166/3350 train_time:2903.446s step_avg:2490.09ms
step:1167/3350 train_time:2906.550s step_avg:2490.62ms
step:1168/3350 train_time:2908.384s step_avg:2490.06ms
step:1169/3350 train_time:2911.491s step_avg:2490.58ms
step:1170/3350 train_time:2913.326s step_avg:2490.02ms
step:1171/3350 train_time:2916.435s step_avg:2490.55ms
step:1172/3350 train_time:2918.264s step_avg:2489.99ms
step:1173/3350 train_time:2921.379s step_avg:2490.52ms
step:1174/3350 train_time:2923.209s step_avg:2489.96ms
step:1175/3350 train_time:2926.601s step_avg:2490.72ms
step:1176/3350 train_time:2928.435s step_avg:2490.17ms
step:1177/3350 train_time:2931.543s step_avg:2490.69ms
step:1178/3350 train_time:2933.375s step_avg:2490.13ms
step:1179/3350 train_time:2936.479s step_avg:2490.65ms
step:1180/3350 train_time:2938.312s step_avg:2490.10ms
step:1181/3350 train_time:2941.420s step_avg:2490.62ms
step:1182/3350 train_time:2943.253s step_avg:2490.06ms
step:1183/3350 train_time:2946.360s step_avg:2490.58ms
step:1184/3350 train_time:2948.197s step_avg:2490.03ms
step:1185/3350 train_time:2951.305s step_avg:2490.55ms
step:1186/3350 train_time:2953.140s step_avg:2490.00ms
step:1187/3350 train_time:2956.242s step_avg:2490.52ms
step:1188/3350 train_time:2958.075s step_avg:2489.96ms
step:1189/3350 train_time:2961.182s step_avg:2490.48ms
step:1190/3350 train_time:2963.014s step_avg:2489.93ms
step:1191/3350 train_time:2966.121s step_avg:2490.45ms
step:1192/3350 train_time:2967.956s step_avg:2489.90ms
step:1193/3350 train_time:2971.060s step_avg:2490.41ms
step:1194/3350 train_time:2972.895s step_avg:2489.86ms
step:1195/3350 train_time:2976.003s step_avg:2490.38ms
step:1196/3350 train_time:2977.837s step_avg:2489.83ms
step:1197/3350 train_time:2980.939s step_avg:2490.34ms
step:1198/3350 train_time:2982.772s step_avg:2489.79ms
step:1199/3350 train_time:2985.880s step_avg:2490.31ms
step:1200/3350 train_time:2988.014s step_avg:2490.01ms
step:1201/3350 train_time:2991.118s step_avg:2490.52ms
step:1202/3350 train_time:2992.948s step_avg:2489.97ms
step:1203/3350 train_time:2996.051s step_avg:2490.48ms
step:1204/3350 train_time:2997.885s step_avg:2489.94ms
step:1205/3350 train_time:3000.994s step_avg:2490.45ms
step:1206/3350 train_time:3002.833s step_avg:2489.91ms
step:1207/3350 train_time:3005.939s step_avg:2490.42ms
step:1208/3350 train_time:3007.770s step_avg:2489.88ms
step:1209/3350 train_time:3010.875s step_avg:2490.38ms
step:1210/3350 train_time:3012.709s step_avg:2489.84ms
step:1211/3350 train_time:3015.816s step_avg:2490.35ms
step:1212/3350 train_time:3017.651s step_avg:2489.81ms
step:1213/3350 train_time:3020.759s step_avg:2490.32ms
step:1214/3350 train_time:3022.591s step_avg:2489.78ms
step:1215/3350 train_time:3025.696s step_avg:2490.28ms
step:1216/3350 train_time:3027.529s step_avg:2489.74ms
step:1217/3350 train_time:3030.637s step_avg:2490.25ms
step:1218/3350 train_time:3032.471s step_avg:2489.71ms
step:1219/3350 train_time:3035.576s step_avg:2490.22ms
step:1220/3350 train_time:3037.409s step_avg:2489.68ms
step:1221/3350 train_time:3040.515s step_avg:2490.18ms
step:1222/3350 train_time:3042.349s step_avg:2489.65ms
step:1223/3350 train_time:3045.455s step_avg:2490.15ms
step:1224/3350 train_time:3047.292s step_avg:2489.62ms
step:1225/3350 train_time:3050.691s step_avg:2490.36ms
step:1226/3350 train_time:3052.526s step_avg:2489.83ms
step:1227/3350 train_time:3055.629s step_avg:2490.32ms
step:1228/3350 train_time:3057.463s step_avg:2489.79ms
step:1229/3350 train_time:3060.571s step_avg:2490.29ms
step:1230/3350 train_time:3062.407s step_avg:2489.76ms
step:1231/3350 train_time:3065.516s step_avg:2490.26ms
step:1232/3350 train_time:3067.350s step_avg:2489.73ms
step:1233/3350 train_time:3070.458s step_avg:2490.23ms
step:1234/3350 train_time:3072.294s step_avg:2489.70ms
step:1235/3350 train_time:3075.398s step_avg:2490.20ms
step:1236/3350 train_time:3077.237s step_avg:2489.67ms
step:1237/3350 train_time:3080.342s step_avg:2490.17ms
step:1238/3350 train_time:3082.178s step_avg:2489.64ms
step:1239/3350 train_time:3085.287s step_avg:2490.14ms
step:1240/3350 train_time:3087.121s step_avg:2489.61ms
step:1241/3350 train_time:3090.231s step_avg:2490.11ms
step:1242/3350 train_time:3092.068s step_avg:2489.59ms
step:1243/3350 train_time:3095.176s step_avg:2490.09ms
step:1244/3350 train_time:3097.015s step_avg:2489.56ms
step:1245/3350 train_time:3100.123s step_avg:2490.06ms
step:1246/3350 train_time:3101.959s step_avg:2489.53ms
step:1247/3350 train_time:3105.066s step_avg:2490.03ms
step:1248/3350 train_time:3106.904s step_avg:2489.51ms
step:1249/3350 train_time:3110.007s step_avg:2490.00ms
step:1250/3350 train_time:3112.211s step_avg:2489.77ms
step:1250/3350 val_loss:3.55912 train_time:3112.212s step_avg:2477.91ms
step:1251/3350 train_time:3115.317s step_avg:2490.26ms
step:1252/3350 train_time:3117.156s step_avg:2489.74ms
step:1253/3350 train_time:3120.270s step_avg:2490.24ms
step:1254/3350 train_time:3122.109s step_avg:2489.72ms
step:1255/3350 train_time:3125.215s step_avg:2490.21ms
step:1256/3350 train_time:3127.050s step_avg:2489.69ms
step:1257/3350 train_time:3130.160s step_avg:2490.18ms
step:1258/3350 train_time:3131.998s step_avg:2489.66ms
step:1259/3350 train_time:3135.103s step_avg:2490.15ms
step:1260/3350 train_time:3136.941s step_avg:2489.64ms
step:1261/3350 train_time:3140.054s step_avg:2490.13ms
step:1262/3350 train_time:3141.891s step_avg:2489.61ms
step:1263/3350 train_time:3144.997s step_avg:2490.10ms
step:1264/3350 train_time:3146.834s step_avg:2489.58ms
step:1265/3350 train_time:3149.948s step_avg:2490.08ms
step:1266/3350 train_time:3151.784s step_avg:2489.56ms
step:1267/3350 train_time:3154.893s step_avg:2490.05ms
step:1268/3350 train_time:3156.734s step_avg:2489.54ms
step:1269/3350 train_time:3159.838s step_avg:2490.02ms
step:1270/3350 train_time:3161.674s step_avg:2489.51ms
step:1271/3350 train_time:3164.783s step_avg:2489.99ms
step:1272/3350 train_time:3166.616s step_avg:2489.48ms
step:1273/3350 train_time:3169.724s step_avg:2489.96ms
step:1274/3350 train_time:3171.559s step_avg:2489.45ms
step:1275/3350 train_time:3174.955s step_avg:2490.16ms
step:1276/3350 train_time:3176.788s step_avg:2489.65ms
step:1277/3350 train_time:3179.897s step_avg:2490.13ms
step:1278/3350 train_time:3181.732s step_avg:2489.62ms
step:1279/3350 train_time:3184.842s step_avg:2490.10ms
step:1280/3350 train_time:3186.672s step_avg:2489.59ms
step:1281/3350 train_time:3189.775s step_avg:2490.07ms
step:1282/3350 train_time:3191.611s step_avg:2489.56ms
step:1283/3350 train_time:3194.715s step_avg:2490.04ms
step:1284/3350 train_time:3196.548s step_avg:2489.52ms
step:1285/3350 train_time:3199.652s step_avg:2490.00ms
step:1286/3350 train_time:3201.487s step_avg:2489.49ms
step:1287/3350 train_time:3204.594s step_avg:2489.97ms
step:1288/3350 train_time:3206.429s step_avg:2489.46ms
step:1289/3350 train_time:3209.538s step_avg:2489.94ms
step:1290/3350 train_time:3211.377s step_avg:2489.44ms
step:1291/3350 train_time:3214.481s step_avg:2489.92ms
step:1292/3350 train_time:3216.316s step_avg:2489.41ms
step:1293/3350 train_time:3219.422s step_avg:2489.89ms
step:1294/3350 train_time:3221.257s step_avg:2489.38ms
step:1295/3350 train_time:3224.360s step_avg:2489.85ms
step:1296/3350 train_time:3226.193s step_avg:2489.35ms
step:1297/3350 train_time:3229.302s step_avg:2489.82ms
step:1298/3350 train_time:3231.138s step_avg:2489.32ms
step:1299/3350 train_time:3234.243s step_avg:2489.79ms
step:1300/3350 train_time:3236.379s step_avg:2489.52ms
step:1301/3350 train_time:3239.486s step_avg:2490.00ms
step:1302/3350 train_time:3241.320s step_avg:2489.49ms
step:1303/3350 train_time:3244.425s step_avg:2489.97ms
step:1304/3350 train_time:3246.260s step_avg:2489.46ms
step:1305/3350 train_time:3249.363s step_avg:2489.93ms
step:1306/3350 train_time:3251.198s step_avg:2489.43ms
step:1307/3350 train_time:3254.307s step_avg:2489.91ms
step:1308/3350 train_time:3256.147s step_avg:2489.41ms
step:1309/3350 train_time:3259.253s step_avg:2489.88ms
step:1310/3350 train_time:3261.085s step_avg:2489.38ms
step:1311/3350 train_time:3264.193s step_avg:2489.85ms
step:1312/3350 train_time:3266.027s step_avg:2489.35ms
step:1313/3350 train_time:3269.132s step_avg:2489.82ms
step:1314/3350 train_time:3270.967s step_avg:2489.32ms
step:1315/3350 train_time:3274.072s step_avg:2489.79ms
step:1316/3350 train_time:3275.907s step_avg:2489.29ms
step:1317/3350 train_time:3279.013s step_avg:2489.76ms
step:1318/3350 train_time:3280.846s step_avg:2489.26ms
step:1319/3350 train_time:3283.955s step_avg:2489.73ms
step:1320/3350 train_time:3285.789s step_avg:2489.23ms
step:1321/3350 train_time:3288.901s step_avg:2489.71ms
step:1322/3350 train_time:3290.734s step_avg:2489.21ms
step:1323/3350 train_time:3293.838s step_avg:2489.67ms
step:1324/3350 train_time:3295.670s step_avg:2489.18ms
step:1325/3350 train_time:3299.062s step_avg:2489.86ms
step:1326/3350 train_time:3300.899s step_avg:2489.37ms
step:1327/3350 train_time:3304.000s step_avg:2489.83ms
step:1328/3350 train_time:3305.832s step_avg:2489.33ms
step:1329/3350 train_time:3308.936s step_avg:2489.79ms
step:1330/3350 train_time:3310.771s step_avg:2489.30ms
step:1331/3350 train_time:3313.906s step_avg:2489.79ms
step:1332/3350 train_time:3315.739s step_avg:2489.29ms
step:1333/3350 train_time:3318.842s step_avg:2489.75ms
step:1334/3350 train_time:3320.675s step_avg:2489.26ms
step:1335/3350 train_time:3323.773s step_avg:2489.72ms
step:1336/3350 train_time:3325.606s step_avg:2489.23ms
step:1337/3350 train_time:3328.715s step_avg:2489.69ms
step:1338/3350 train_time:3330.547s step_avg:2489.20ms
step:1339/3350 train_time:3333.652s step_avg:2489.66ms
step:1340/3350 train_time:3335.486s step_avg:2489.17ms
step:1341/3350 train_time:3338.593s step_avg:2489.63ms
step:1342/3350 train_time:3340.427s step_avg:2489.14ms
step:1343/3350 train_time:3343.532s step_avg:2489.60ms
step:1344/3350 train_time:3345.367s step_avg:2489.11ms
step:1345/3350 train_time:3348.471s step_avg:2489.57ms
step:1346/3350 train_time:3350.305s step_avg:2489.08ms
step:1347/3350 train_time:3353.411s step_avg:2489.54ms
step:1348/3350 train_time:3355.247s step_avg:2489.06ms
step:1349/3350 train_time:3358.351s step_avg:2489.51ms
step:1350/3350 train_time:3360.474s step_avg:2489.24ms
step:1351/3350 train_time:3363.572s step_avg:2489.69ms
step:1352/3350 train_time:3365.405s step_avg:2489.21ms
step:1353/3350 train_time:3368.515s step_avg:2489.66ms
step:1354/3350 train_time:3370.352s step_avg:2489.18ms
step:1355/3350 train_time:3373.456s step_avg:2489.64ms
step:1356/3350 train_time:3375.290s step_avg:2489.15ms
step:1357/3350 train_time:3378.396s step_avg:2489.61ms
step:1358/3350 train_time:3380.230s step_avg:2489.12ms
step:1359/3350 train_time:3383.333s step_avg:2489.58ms
step:1360/3350 train_time:3385.165s step_avg:2489.09ms
step:1361/3350 train_time:3388.271s step_avg:2489.55ms
step:1362/3350 train_time:3390.103s step_avg:2489.06ms
step:1363/3350 train_time:3393.205s step_avg:2489.51ms
step:1364/3350 train_time:3395.041s step_avg:2489.03ms
step:1365/3350 train_time:3398.146s step_avg:2489.48ms
step:1366/3350 train_time:3399.981s step_avg:2489.01ms
step:1367/3350 train_time:3403.082s step_avg:2489.45ms
step:1368/3350 train_time:3404.916s step_avg:2488.97ms
step:1369/3350 train_time:3408.019s step_avg:2489.42ms
step:1370/3350 train_time:3409.854s step_avg:2488.94ms
step:1371/3350 train_time:3412.960s step_avg:2489.39ms
step:1372/3350 train_time:3414.793s step_avg:2488.92ms
step:1373/3350 train_time:3417.899s step_avg:2489.37ms
step:1374/3350 train_time:3419.738s step_avg:2488.89ms
step:1375/3350 train_time:3423.192s step_avg:2489.59ms
step:1375/3350 val_loss:3.53371 train_time:3423.193s step_avg:2487.85ms
step:1376/3350 train_time:3425.024s step_avg:2489.12ms
step:1377/3350 train_time:3428.125s step_avg:2489.56ms
step:1378/3350 train_time:3429.958s step_avg:2489.08ms
step:1379/3350 train_time:3433.062s step_avg:2489.53ms
step:1380/3350 train_time:3434.894s step_avg:2489.05ms
step:1381/3350 train_time:3437.999s step_avg:2489.50ms
step:1382/3350 train_time:3439.836s step_avg:2489.03ms
step:1383/3350 train_time:3442.937s step_avg:2489.47ms
step:1384/3350 train_time:3444.769s step_avg:2489.00ms
step:1385/3350 train_time:3447.873s step_avg:2489.44ms
step:1386/3350 train_time:3449.706s step_avg:2488.97ms
step:1387/3350 train_time:3452.808s step_avg:2489.41ms
step:1388/3350 train_time:3454.641s step_avg:2488.93ms
step:1389/3350 train_time:3457.745s step_avg:2489.38ms
step:1390/3350 train_time:3459.580s step_avg:2488.91ms
step:1391/3350 train_time:3462.683s step_avg:2489.35ms
step:1392/3350 train_time:3464.515s step_avg:2488.88ms
step:1393/3350 train_time:3467.624s step_avg:2489.32ms
step:1394/3350 train_time:3469.456s step_avg:2488.85ms
step:1395/3350 train_time:3472.557s step_avg:2489.29ms
step:1396/3350 train_time:3474.395s step_avg:2488.82ms
step:1397/3350 train_time:3477.505s step_avg:2489.27ms
step:1398/3350 train_time:3479.336s step_avg:2488.80ms
step:1399/3350 train_time:3482.437s step_avg:2489.23ms
step:1400/3350 train_time:3484.572s step_avg:2488.98ms
step:1401/3350 train_time:3487.672s step_avg:2489.42ms
step:1402/3350 train_time:3489.503s step_avg:2488.95ms
step:1403/3350 train_time:3492.608s step_avg:2489.39ms
step:1404/3350 train_time:3494.442s step_avg:2488.92ms
step:1405/3350 train_time:3497.550s step_avg:2489.36ms
step:1406/3350 train_time:3499.381s step_avg:2488.89ms
step:1407/3350 train_time:3502.485s step_avg:2489.33ms
step:1408/3350 train_time:3504.322s step_avg:2488.86ms
step:1409/3350 train_time:3507.429s step_avg:2489.30ms
step:1410/3350 train_time:3509.265s step_avg:2488.84ms
step:1411/3350 train_time:3512.367s step_avg:2489.27ms
step:1412/3350 train_time:3514.200s step_avg:2488.81ms
step:1413/3350 train_time:3517.309s step_avg:2489.25ms
step:1414/3350 train_time:3519.143s step_avg:2488.79ms
step:1415/3350 train_time:3522.248s step_avg:2489.22ms
step:1416/3350 train_time:3524.079s step_avg:2488.76ms
step:1417/3350 train_time:3527.182s step_avg:2489.19ms
step:1418/3350 train_time:3529.017s step_avg:2488.73ms
step:1419/3350 train_time:3532.119s step_avg:2489.16ms
step:1420/3350 train_time:3533.954s step_avg:2488.70ms
step:1421/3350 train_time:3537.059s step_avg:2489.13ms
step:1422/3350 train_time:3538.892s step_avg:2488.67ms
step:1423/3350 train_time:3541.997s step_avg:2489.11ms
step:1424/3350 train_time:3543.831s step_avg:2488.65ms
step:1425/3350 train_time:3547.221s step_avg:2489.28ms
step:1426/3350 train_time:3549.057s step_avg:2488.82ms
step:1427/3350 train_time:3552.160s step_avg:2489.25ms
step:1428/3350 train_time:3553.995s step_avg:2488.79ms
step:1429/3350 train_time:3557.099s step_avg:2489.22ms
step:1430/3350 train_time:3558.935s step_avg:2488.77ms
step:1431/3350 train_time:3562.041s step_avg:2489.20ms
step:1432/3350 train_time:3563.875s step_avg:2488.74ms
step:1433/3350 train_time:3566.979s step_avg:2489.17ms
step:1434/3350 train_time:3568.813s step_avg:2488.71ms
step:1435/3350 train_time:3571.915s step_avg:2489.14ms
step:1436/3350 train_time:3573.746s step_avg:2488.68ms
step:1437/3350 train_time:3576.855s step_avg:2489.11ms
step:1438/3350 train_time:3578.687s step_avg:2488.66ms
step:1439/3350 train_time:3581.788s step_avg:2489.08ms
step:1440/3350 train_time:3583.621s step_avg:2488.63ms
step:1441/3350 train_time:3586.728s step_avg:2489.05ms
step:1442/3350 train_time:3588.561s step_avg:2488.60ms
step:1443/3350 train_time:3591.662s step_avg:2489.02ms
step:1444/3350 train_time:3593.497s step_avg:2488.57ms
step:1445/3350 train_time:3596.606s step_avg:2489.00ms
step:1446/3350 train_time:3598.442s step_avg:2488.55ms
step:1447/3350 train_time:3601.548s step_avg:2488.98ms
step:1448/3350 train_time:3603.380s step_avg:2488.52ms
step:1449/3350 train_time:3606.482s step_avg:2488.95ms
step:1450/3350 train_time:3608.605s step_avg:2488.69ms
step:1451/3350 train_time:3611.704s step_avg:2489.11ms
step:1452/3350 train_time:3613.538s step_avg:2488.66ms
step:1453/3350 train_time:3616.638s step_avg:2489.08ms
step:1454/3350 train_time:3618.472s step_avg:2488.63ms
step:1455/3350 train_time:3621.574s step_avg:2489.05ms
step:1456/3350 train_time:3623.408s step_avg:2488.60ms
step:1457/3350 train_time:3626.513s step_avg:2489.03ms
step:1458/3350 train_time:3628.350s step_avg:2488.58ms
step:1459/3350 train_time:3631.450s step_avg:2489.00ms
step:1460/3350 train_time:3633.281s step_avg:2488.55ms
step:1461/3350 train_time:3636.391s step_avg:2488.97ms
step:1462/3350 train_time:3638.226s step_avg:2488.53ms
step:1463/3350 train_time:3641.331s step_avg:2488.95ms
step:1464/3350 train_time:3643.165s step_avg:2488.50ms
step:1465/3350 train_time:3646.272s step_avg:2488.92ms
step:1466/3350 train_time:3648.108s step_avg:2488.48ms
step:1467/3350 train_time:3651.217s step_avg:2488.90ms
step:1468/3350 train_time:3653.049s step_avg:2488.45ms
step:1469/3350 train_time:3656.153s step_avg:2488.87ms
step:1470/3350 train_time:3657.988s step_avg:2488.43ms
step:1471/3350 train_time:3661.094s step_avg:2488.85ms
step:1472/3350 train_time:3662.926s step_avg:2488.40ms
step:1473/3350 train_time:3666.030s step_avg:2488.82ms
step:1474/3350 train_time:3667.867s step_avg:2488.38ms
step:1475/3350 train_time:3671.259s step_avg:2488.99ms
step:1476/3350 train_time:3673.096s step_avg:2488.55ms
step:1477/3350 train_time:3676.204s step_avg:2488.97ms
step:1478/3350 train_time:3678.038s step_avg:2488.52ms
step:1479/3350 train_time:3681.142s step_avg:2488.94ms
step:1480/3350 train_time:3682.980s step_avg:2488.50ms
step:1481/3350 train_time:3686.088s step_avg:2488.92ms
step:1482/3350 train_time:3687.921s step_avg:2488.48ms
step:1483/3350 train_time:3691.025s step_avg:2488.89ms
step:1484/3350 train_time:3692.861s step_avg:2488.45ms
step:1485/3350 train_time:3695.964s step_avg:2488.86ms
step:1486/3350 train_time:3697.798s step_avg:2488.42ms
step:1487/3350 train_time:3700.900s step_avg:2488.84ms
step:1488/3350 train_time:3702.737s step_avg:2488.40ms
step:1489/3350 train_time:3705.837s step_avg:2488.81ms
step:1490/3350 train_time:3707.671s step_avg:2488.37ms
step:1491/3350 train_time:3710.777s step_avg:2488.78ms
step:1492/3350 train_time:3712.613s step_avg:2488.35ms
step:1493/3350 train_time:3715.712s step_avg:2488.76ms
step:1494/3350 train_time:3717.545s step_avg:2488.32ms
step:1495/3350 train_time:3720.655s step_avg:2488.73ms
step:1496/3350 train_time:3722.488s step_avg:2488.29ms
step:1497/3350 train_time:3725.597s step_avg:2488.71ms
step:1498/3350 train_time:3727.431s step_avg:2488.27ms
step:1499/3350 train_time:3730.534s step_avg:2488.68ms
step:1500/3350 train_time:3732.739s step_avg:2488.49ms
step:1500/3350 val_loss:3.50632 train_time:3732.740s step_avg:2476.37ms
step:1501/3350 train_time:3735.843s step_avg:2488.90ms
step:1502/3350 train_time:3737.676s step_avg:2488.47ms
step:1503/3350 train_time:3740.779s step_avg:2488.88ms
step:1504/3350 train_time:3742.615s step_avg:2488.44ms
step:1505/3350 train_time:3745.731s step_avg:2488.86ms
step:1506/3350 train_time:3747.565s step_avg:2488.42ms
step:1507/3350 train_time:3750.664s step_avg:2488.83ms
step:1508/3350 train_time:3752.495s step_avg:2488.39ms
step:1509/3350 train_time:3755.599s step_avg:2488.80ms
step:1510/3350 train_time:3757.432s step_avg:2488.37ms
step:1511/3350 train_time:3760.533s step_avg:2488.77ms
step:1512/3350 train_time:3762.364s step_avg:2488.34ms
step:1513/3350 train_time:3765.468s step_avg:2488.74ms
step:1514/3350 train_time:3767.302s step_avg:2488.31ms
step:1515/3350 train_time:3770.404s step_avg:2488.72ms
step:1516/3350 train_time:3772.235s step_avg:2488.28ms
step:1517/3350 train_time:3775.339s step_avg:2488.69ms
step:1518/3350 train_time:3777.173s step_avg:2488.26ms
step:1519/3350 train_time:3780.274s step_avg:2488.66ms
step:1520/3350 train_time:3782.106s step_avg:2488.23ms
step:1521/3350 train_time:3785.242s step_avg:2488.65ms
step:1522/3350 train_time:3787.073s step_avg:2488.22ms
step:1523/3350 train_time:3790.176s step_avg:2488.62ms
step:1524/3350 train_time:3792.009s step_avg:2488.19ms
step:1525/3350 train_time:3795.403s step_avg:2488.79ms
step:1526/3350 train_time:3797.236s step_avg:2488.36ms
step:1527/3350 train_time:3800.337s step_avg:2488.76ms
step:1528/3350 train_time:3802.166s step_avg:2488.33ms
step:1529/3350 train_time:3805.264s step_avg:2488.73ms
step:1530/3350 train_time:3807.100s step_avg:2488.30ms
step:1531/3350 train_time:3810.201s step_avg:2488.70ms
step:1532/3350 train_time:3812.032s step_avg:2488.27ms
step:1533/3350 train_time:3815.135s step_avg:2488.67ms
step:1534/3350 train_time:3816.968s step_avg:2488.25ms
step:1535/3350 train_time:3820.068s step_avg:2488.64ms
step:1536/3350 train_time:3821.898s step_avg:2488.21ms
step:1537/3350 train_time:3825.001s step_avg:2488.62ms
step:1538/3350 train_time:3826.836s step_avg:2488.19ms
step:1539/3350 train_time:3829.940s step_avg:2488.59ms
step:1540/3350 train_time:3831.771s step_avg:2488.16ms
step:1541/3350 train_time:3834.876s step_avg:2488.56ms
step:1542/3350 train_time:3836.710s step_avg:2488.14ms
step:1543/3350 train_time:3839.809s step_avg:2488.53ms
step:1544/3350 train_time:3841.645s step_avg:2488.11ms
step:1545/3350 train_time:3844.747s step_avg:2488.51ms
step:1546/3350 train_time:3846.582s step_avg:2488.09ms
step:1547/3350 train_time:3849.686s step_avg:2488.49ms
step:1548/3350 train_time:3851.522s step_avg:2488.06ms
step:1549/3350 train_time:3854.632s step_avg:2488.47ms
step:1550/3350 train_time:3856.757s step_avg:2488.23ms
step:1551/3350 train_time:3859.858s step_avg:2488.63ms
step:1552/3350 train_time:3861.692s step_avg:2488.20ms
step:1553/3350 train_time:3864.798s step_avg:2488.60ms
step:1554/3350 train_time:3866.634s step_avg:2488.18ms
step:1555/3350 train_time:3869.740s step_avg:2488.58ms
step:1556/3350 train_time:3871.573s step_avg:2488.16ms
step:1557/3350 train_time:3874.675s step_avg:2488.55ms
step:1558/3350 train_time:3876.509s step_avg:2488.13ms
step:1559/3350 train_time:3879.608s step_avg:2488.52ms
step:1560/3350 train_time:3881.444s step_avg:2488.11ms
step:1561/3350 train_time:3884.546s step_avg:2488.50ms
step:1562/3350 train_time:3886.382s step_avg:2488.08ms
step:1563/3350 train_time:3889.483s step_avg:2488.47ms
step:1564/3350 train_time:3891.316s step_avg:2488.05ms
step:1565/3350 train_time:3894.422s step_avg:2488.45ms
step:1566/3350 train_time:3896.255s step_avg:2488.03ms
step:1567/3350 train_time:3899.355s step_avg:2488.42ms
step:1568/3350 train_time:3901.188s step_avg:2488.00ms
step:1569/3350 train_time:3904.291s step_avg:2488.39ms
step:1570/3350 train_time:3906.123s step_avg:2487.98ms
step:1571/3350 train_time:3909.225s step_avg:2488.37ms
step:1572/3350 train_time:3911.057s step_avg:2487.95ms
step:1573/3350 train_time:3914.163s step_avg:2488.34ms
step:1574/3350 train_time:3915.997s step_avg:2487.93ms
step:1575/3350 train_time:3919.390s step_avg:2488.50ms
step:1576/3350 train_time:3921.222s step_avg:2488.09ms
step:1577/3350 train_time:3924.324s step_avg:2488.47ms
step:1578/3350 train_time:3926.158s step_avg:2488.06ms
step:1579/3350 train_time:3929.263s step_avg:2488.45ms
step:1580/3350 train_time:3931.095s step_avg:2488.03ms
step:1581/3350 train_time:3934.195s step_avg:2488.42ms
step:1582/3350 train_time:3936.028s step_avg:2488.01ms
step:1583/3350 train_time:3939.131s step_avg:2488.40ms
step:1584/3350 train_time:3940.966s step_avg:2487.98ms
step:1585/3350 train_time:3944.068s step_avg:2488.37ms
step:1586/3350 train_time:3945.903s step_avg:2487.96ms
step:1587/3350 train_time:3949.010s step_avg:2488.35ms
step:1588/3350 train_time:3950.845s step_avg:2487.94ms
step:1589/3350 train_time:3953.945s step_avg:2488.32ms
step:1590/3350 train_time:3955.779s step_avg:2487.91ms
step:1591/3350 train_time:3958.883s step_avg:2488.30ms
step:1592/3350 train_time:3960.716s step_avg:2487.89ms
step:1593/3350 train_time:3963.820s step_avg:2488.27ms
step:1594/3350 train_time:3965.653s step_avg:2487.86ms
step:1595/3350 train_time:3968.757s step_avg:2488.25ms
step:1596/3350 train_time:3970.591s step_avg:2487.84ms
step:1597/3350 train_time:3973.692s step_avg:2488.22ms
step:1598/3350 train_time:3975.525s step_avg:2487.81ms
step:1599/3350 train_time:3978.629s step_avg:2488.20ms
step:1600/3350 train_time:3980.766s step_avg:2487.98ms
step:1601/3350 train_time:3983.862s step_avg:2488.36ms
step:1602/3350 train_time:3985.697s step_avg:2487.95ms
step:1603/3350 train_time:3988.801s step_avg:2488.34ms
step:1604/3350 train_time:3990.634s step_avg:2487.93ms
step:1605/3350 train_time:3993.740s step_avg:2488.31ms
step:1606/3350 train_time:3995.577s step_avg:2487.91ms
step:1607/3350 train_time:3998.681s step_avg:2488.29ms
step:1608/3350 train_time:4000.522s step_avg:2487.89ms
step:1609/3350 train_time:4003.620s step_avg:2488.27ms
step:1610/3350 train_time:4005.454s step_avg:2487.86ms
step:1611/3350 train_time:4008.555s step_avg:2488.24ms
step:1612/3350 train_time:4010.391s step_avg:2487.84ms
step:1613/3350 train_time:4013.495s step_avg:2488.22ms
step:1614/3350 train_time:4015.332s step_avg:2487.81ms
step:1615/3350 train_time:4018.432s step_avg:2488.19ms
step:1616/3350 train_time:4020.267s step_avg:2487.79ms
step:1617/3350 train_time:4023.373s step_avg:2488.17ms
step:1618/3350 train_time:4025.207s step_avg:2487.77ms
step:1619/3350 train_time:4028.309s step_avg:2488.15ms
step:1620/3350 train_time:4030.143s step_avg:2487.74ms
step:1621/3350 train_time:4033.252s step_avg:2488.13ms
step:1622/3350 train_time:4035.090s step_avg:2487.72ms
step:1623/3350 train_time:4038.192s step_avg:2488.10ms
step:1624/3350 train_time:4040.028s step_avg:2487.70ms
step:1625/3350 train_time:4043.489s step_avg:2488.30ms
step:1625/3350 val_loss:3.48622 train_time:4043.490s step_avg:2486.00ms
step:1626/3350 train_time:4045.324s step_avg:2487.90ms
step:1627/3350 train_time:4048.429s step_avg:2488.28ms
step:1628/3350 train_time:4050.267s step_avg:2487.88ms
step:1629/3350 train_time:4053.369s step_avg:2488.26ms
step:1630/3350 train_time:4055.203s step_avg:2487.85ms
step:1631/3350 train_time:4058.308s step_avg:2488.23ms
step:1632/3350 train_time:4060.145s step_avg:2487.83ms
step:1633/3350 train_time:4063.251s step_avg:2488.21ms
step:1634/3350 train_time:4065.082s step_avg:2487.81ms
step:1635/3350 train_time:4068.180s step_avg:2488.18ms
step:1636/3350 train_time:4070.016s step_avg:2487.78ms
step:1637/3350 train_time:4073.124s step_avg:2488.16ms
step:1638/3350 train_time:4074.959s step_avg:2487.76ms
step:1639/3350 train_time:4078.060s step_avg:2488.14ms
step:1640/3350 train_time:4079.891s step_avg:2487.74ms
step:1641/3350 train_time:4082.994s step_avg:2488.11ms
step:1642/3350 train_time:4084.827s step_avg:2487.71ms
step:1643/3350 train_time:4087.930s step_avg:2488.09ms
step:1644/3350 train_time:4089.765s step_avg:2487.69ms
step:1645/3350 train_time:4092.867s step_avg:2488.06ms
step:1646/3350 train_time:4094.703s step_avg:2487.67ms
step:1647/3350 train_time:4097.807s step_avg:2488.04ms
step:1648/3350 train_time:4099.640s step_avg:2487.65ms
step:1649/3350 train_time:4102.741s step_avg:2488.02ms
step:1650/3350 train_time:4104.869s step_avg:2487.80ms
step:1651/3350 train_time:4107.964s step_avg:2488.17ms
step:1652/3350 train_time:4109.798s step_avg:2487.77ms
step:1653/3350 train_time:4112.900s step_avg:2488.14ms
step:1654/3350 train_time:4114.736s step_avg:2487.75ms
step:1655/3350 train_time:4117.839s step_avg:2488.12ms
step:1656/3350 train_time:4119.672s step_avg:2487.72ms
step:1657/3350 train_time:4122.778s step_avg:2488.10ms
step:1658/3350 train_time:4124.614s step_avg:2487.70ms
step:1659/3350 train_time:4127.717s step_avg:2488.08ms
step:1660/3350 train_time:4129.549s step_avg:2487.68ms
step:1661/3350 train_time:4132.648s step_avg:2488.05ms
step:1662/3350 train_time:4134.479s step_avg:2487.65ms
step:1663/3350 train_time:4137.574s step_avg:2488.02ms
step:1664/3350 train_time:4139.409s step_avg:2487.63ms
step:1665/3350 train_time:4142.513s step_avg:2488.00ms
step:1666/3350 train_time:4144.348s step_avg:2487.60ms
step:1667/3350 train_time:4147.450s step_avg:2487.97ms
step:1668/3350 train_time:4149.281s step_avg:2487.58ms
step:1669/3350 train_time:4152.383s step_avg:2487.95ms
step:1670/3350 train_time:4154.217s step_avg:2487.56ms
step:1671/3350 train_time:4157.318s step_avg:2487.92ms
step:1672/3350 train_time:4159.153s step_avg:2487.53ms
step:1673/3350 train_time:4162.252s step_avg:2487.90ms
step:1674/3350 train_time:4164.086s step_avg:2487.51ms
step:1675/3350 train_time:4167.472s step_avg:2488.04ms
step:1676/3350 train_time:4169.305s step_avg:2487.65ms
step:1677/3350 train_time:4172.406s step_avg:2488.02ms
step:1678/3350 train_time:4174.239s step_avg:2487.63ms
step:1679/3350 train_time:4177.339s step_avg:2487.99ms
step:1680/3350 train_time:4179.168s step_avg:2487.60ms
step:1681/3350 train_time:4182.270s step_avg:2487.97ms
step:1682/3350 train_time:4184.104s step_avg:2487.58ms
step:1683/3350 train_time:4187.203s step_avg:2487.94ms
step:1684/3350 train_time:4189.034s step_avg:2487.55ms
step:1685/3350 train_time:4192.138s step_avg:2487.92ms
step:1686/3350 train_time:4193.973s step_avg:2487.53ms
step:1687/3350 train_time:4197.076s step_avg:2487.89ms
step:1688/3350 train_time:4198.913s step_avg:2487.51ms
step:1689/3350 train_time:4202.015s step_avg:2487.87ms
step:1690/3350 train_time:4203.851s step_avg:2487.49ms
step:1691/3350 train_time:4206.953s step_avg:2487.85ms
step:1692/3350 train_time:4208.784s step_avg:2487.46ms
step:1693/3350 train_time:4211.887s step_avg:2487.82ms
step:1694/3350 train_time:4213.726s step_avg:2487.44ms
step:1695/3350 train_time:4216.828s step_avg:2487.80ms
step:1696/3350 train_time:4218.660s step_avg:2487.42ms
step:1697/3350 train_time:4221.769s step_avg:2487.78ms
step:1698/3350 train_time:4223.601s step_avg:2487.40ms
step:1699/3350 train_time:4226.706s step_avg:2487.76ms
step:1700/3350 train_time:4228.843s step_avg:2487.55ms
step:1701/3350 train_time:4231.938s step_avg:2487.91ms
step:1702/3350 train_time:4233.774s step_avg:2487.53ms
step:1703/3350 train_time:4236.875s step_avg:2487.89ms
step:1704/3350 train_time:4238.708s step_avg:2487.50ms
step:1705/3350 train_time:4241.805s step_avg:2487.86ms
step:1706/3350 train_time:4243.640s step_avg:2487.48ms
step:1707/3350 train_time:4246.739s step_avg:2487.84ms
step:1708/3350 train_time:4248.573s step_avg:2487.45ms
step:1709/3350 train_time:4251.675s step_avg:2487.81ms
step:1710/3350 train_time:4253.508s step_avg:2487.43ms
step:1711/3350 train_time:4256.640s step_avg:2487.81ms
step:1712/3350 train_time:4258.473s step_avg:2487.43ms
step:1713/3350 train_time:4261.576s step_avg:2487.78ms
step:1714/3350 train_time:4263.409s step_avg:2487.40ms
step:1715/3350 train_time:4266.513s step_avg:2487.76ms
step:1716/3350 train_time:4268.343s step_avg:2487.38ms
step:1717/3350 train_time:4271.448s step_avg:2487.74ms
step:1718/3350 train_time:4273.285s step_avg:2487.36ms
step:1719/3350 train_time:4276.386s step_avg:2487.72ms
step:1720/3350 train_time:4278.220s step_avg:2487.34ms
step:1721/3350 train_time:4281.324s step_avg:2487.70ms
step:1722/3350 train_time:4283.155s step_avg:2487.31ms
step:1723/3350 train_time:4286.259s step_avg:2487.67ms
step:1724/3350 train_time:4288.093s step_avg:2487.29ms
step:1725/3350 train_time:4291.482s step_avg:2487.82ms
step:1726/3350 train_time:4293.317s step_avg:2487.44ms
step:1727/3350 train_time:4296.419s step_avg:2487.79ms
step:1728/3350 train_time:4298.249s step_avg:2487.41ms
step:1729/3350 train_time:4301.351s step_avg:2487.77ms
step:1730/3350 train_time:4303.186s step_avg:2487.39ms
step:1731/3350 train_time:4306.287s step_avg:2487.75ms
step:1732/3350 train_time:4308.119s step_avg:2487.37ms
step:1733/3350 train_time:4311.218s step_avg:2487.72ms
step:1734/3350 train_time:4313.053s step_avg:2487.34ms
step:1735/3350 train_time:4316.156s step_avg:2487.70ms
step:1736/3350 train_time:4317.984s step_avg:2487.32ms
step:1737/3350 train_time:4321.086s step_avg:2487.67ms
step:1738/3350 train_time:4322.920s step_avg:2487.30ms
step:1739/3350 train_time:4326.023s step_avg:2487.65ms
step:1740/3350 train_time:4327.856s step_avg:2487.27ms
step:1741/3350 train_time:4330.958s step_avg:2487.63ms
step:1742/3350 train_time:4332.794s step_avg:2487.25ms
step:1743/3350 train_time:4335.897s step_avg:2487.61ms
step:1744/3350 train_time:4337.729s step_avg:2487.23ms
step:1745/3350 train_time:4340.834s step_avg:2487.58ms
step:1746/3350 train_time:4342.668s step_avg:2487.21ms
step:1747/3350 train_time:4345.769s step_avg:2487.56ms
step:1748/3350 train_time:4347.602s step_avg:2487.19ms
step:1749/3350 train_time:4350.703s step_avg:2487.54ms
step:1750/3350 train_time:4352.894s step_avg:2487.37ms
step:1750/3350 val_loss:3.46638 train_time:4352.894s step_avg:2475.23ms
step:1751/3350 train_time:4355.989s step_avg:2487.71ms
step:1752/3350 train_time:4357.825s step_avg:2487.34ms
step:1753/3350 train_time:4360.927s step_avg:2487.69ms
step:1754/3350 train_time:4362.759s step_avg:2487.32ms
step:1755/3350 train_time:4365.861s step_avg:2487.67ms
step:1756/3350 train_time:4367.697s step_avg:2487.30ms
step:1757/3350 train_time:4370.798s step_avg:2487.65ms
step:1758/3350 train_time:4372.631s step_avg:2487.28ms
step:1759/3350 train_time:4375.728s step_avg:2487.62ms
step:1760/3350 train_time:4377.559s step_avg:2487.25ms
step:1761/3350 train_time:4380.664s step_avg:2487.60ms
step:1762/3350 train_time:4382.497s step_avg:2487.23ms
step:1763/3350 train_time:4385.600s step_avg:2487.58ms
step:1764/3350 train_time:4387.430s step_avg:2487.21ms
step:1765/3350 train_time:4390.531s step_avg:2487.55ms
step:1766/3350 train_time:4392.364s step_avg:2487.18ms
step:1767/3350 train_time:4395.462s step_avg:2487.53ms
step:1768/3350 train_time:4397.293s step_avg:2487.16ms
step:1769/3350 train_time:4400.392s step_avg:2487.50ms
step:1770/3350 train_time:4402.225s step_avg:2487.13ms
step:1771/3350 train_time:4405.327s step_avg:2487.48ms
step:1772/3350 train_time:4407.158s step_avg:2487.11ms
step:1773/3350 train_time:4410.264s step_avg:2487.46ms
step:1774/3350 train_time:4412.101s step_avg:2487.09ms
step:1775/3350 train_time:4415.492s step_avg:2487.60ms
step:1776/3350 train_time:4417.326s step_avg:2487.23ms
step:1777/3350 train_time:4420.425s step_avg:2487.58ms
step:1778/3350 train_time:4422.260s step_avg:2487.21ms
step:1779/3350 train_time:4425.364s step_avg:2487.56ms
step:1780/3350 train_time:4427.198s step_avg:2487.19ms
step:1781/3350 train_time:4430.298s step_avg:2487.53ms
step:1782/3350 train_time:4432.133s step_avg:2487.17ms
step:1783/3350 train_time:4435.233s step_avg:2487.51ms
step:1784/3350 train_time:4437.068s step_avg:2487.15ms
step:1785/3350 train_time:4440.171s step_avg:2487.49ms
step:1786/3350 train_time:4442.007s step_avg:2487.13ms
step:1787/3350 train_time:4445.111s step_avg:2487.47ms
step:1788/3350 train_time:4446.948s step_avg:2487.11ms
step:1789/3350 train_time:4450.049s step_avg:2487.45ms
step:1790/3350 train_time:4451.888s step_avg:2487.09ms
step:1791/3350 train_time:4454.996s step_avg:2487.43ms
step:1792/3350 train_time:4456.830s step_avg:2487.07ms
step:1793/3350 train_time:4459.940s step_avg:2487.42ms
step:1794/3350 train_time:4461.777s step_avg:2487.06ms
step:1795/3350 train_time:4464.881s step_avg:2487.40ms
step:1796/3350 train_time:4466.716s step_avg:2487.04ms
step:1797/3350 train_time:4469.820s step_avg:2487.38ms
step:1798/3350 train_time:4471.655s step_avg:2487.02ms
step:1799/3350 train_time:4474.753s step_avg:2487.36ms
step:1800/3350 train_time:4476.894s step_avg:2487.16ms
step:1801/3350 train_time:4479.990s step_avg:2487.50ms
step:1802/3350 train_time:4481.824s step_avg:2487.14ms
step:1803/3350 train_time:4484.925s step_avg:2487.48ms
step:1804/3350 train_time:4486.759s step_avg:2487.12ms
step:1805/3350 train_time:4489.860s step_avg:2487.46ms
step:1806/3350 train_time:4491.691s step_avg:2487.09ms
step:1807/3350 train_time:4494.795s step_avg:2487.43ms
step:1808/3350 train_time:4496.628s step_avg:2487.07ms
step:1809/3350 train_time:4499.731s step_avg:2487.41ms
step:1810/3350 train_time:4501.565s step_avg:2487.05ms
step:1811/3350 train_time:4504.666s step_avg:2487.39ms
step:1812/3350 train_time:4506.499s step_avg:2487.03ms
step:1813/3350 train_time:4509.601s step_avg:2487.37ms
step:1814/3350 train_time:4511.433s step_avg:2487.01ms
step:1815/3350 train_time:4514.533s step_avg:2487.35ms
step:1816/3350 train_time:4516.367s step_avg:2486.99ms
step:1817/3350 train_time:4519.469s step_avg:2487.32ms
step:1818/3350 train_time:4521.305s step_avg:2486.97ms
step:1819/3350 train_time:4524.410s step_avg:2487.31ms
step:1820/3350 train_time:4526.244s step_avg:2486.95ms
step:1821/3350 train_time:4529.346s step_avg:2487.29ms
step:1822/3350 train_time:4531.183s step_avg:2486.93ms
step:1823/3350 train_time:4534.287s step_avg:2487.27ms
step:1824/3350 train_time:4536.120s step_avg:2486.91ms
step:1825/3350 train_time:4539.514s step_avg:2487.41ms
step:1826/3350 train_time:4541.349s step_avg:2487.05ms
step:1827/3350 train_time:4544.449s step_avg:2487.38ms
step:1828/3350 train_time:4546.286s step_avg:2487.03ms
step:1829/3350 train_time:4549.396s step_avg:2487.37ms
step:1830/3350 train_time:4551.231s step_avg:2487.01ms
step:1831/3350 train_time:4554.336s step_avg:2487.35ms
step:1832/3350 train_time:4556.171s step_avg:2486.99ms
step:1833/3350 train_time:4559.271s step_avg:2487.33ms
step:1834/3350 train_time:4561.110s step_avg:2486.97ms
step:1835/3350 train_time:4564.208s step_avg:2487.31ms
step:1836/3350 train_time:4566.040s step_avg:2486.95ms
step:1837/3350 train_time:4569.140s step_avg:2487.28ms
step:1838/3350 train_time:4570.973s step_avg:2486.93ms
step:1839/3350 train_time:4574.069s step_avg:2487.26ms
step:1840/3350 train_time:4575.905s step_avg:2486.90ms
step:1841/3350 train_time:4579.009s step_avg:2487.24ms
step:1842/3350 train_time:4580.843s step_avg:2486.89ms
step:1843/3350 train_time:4583.942s step_avg:2487.22ms
step:1844/3350 train_time:4585.777s step_avg:2486.86ms
step:1845/3350 train_time:4588.883s step_avg:2487.20ms
step:1846/3350 train_time:4590.717s step_avg:2486.85ms
step:1847/3350 train_time:4593.815s step_avg:2487.18ms
step:1848/3350 train_time:4595.651s step_avg:2486.82ms
step:1849/3350 train_time:4598.751s step_avg:2487.16ms
step:1850/3350 train_time:4600.876s step_avg:2486.96ms
step:1851/3350 train_time:4603.973s step_avg:2487.29ms
step:1852/3350 train_time:4605.806s step_avg:2486.94ms
step:1853/3350 train_time:4608.912s step_avg:2487.27ms
step:1854/3350 train_time:4610.746s step_avg:2486.92ms
step:1855/3350 train_time:4613.848s step_avg:2487.25ms
step:1856/3350 train_time:4615.680s step_avg:2486.90ms
step:1857/3350 train_time:4618.791s step_avg:2487.23ms
step:1858/3350 train_time:4620.624s step_avg:2486.88ms
step:1859/3350 train_time:4623.728s step_avg:2487.21ms
step:1860/3350 train_time:4625.561s step_avg:2486.86ms
step:1861/3350 train_time:4628.663s step_avg:2487.19ms
step:1862/3350 train_time:4630.494s step_avg:2486.84ms
step:1863/3350 train_time:4633.597s step_avg:2487.17ms
step:1864/3350 train_time:4635.428s step_avg:2486.82ms
step:1865/3350 train_time:4638.530s step_avg:2487.15ms
step:1866/3350 train_time:4640.363s step_avg:2486.80ms
step:1867/3350 train_time:4643.471s step_avg:2487.13ms
step:1868/3350 train_time:4645.304s step_avg:2486.78ms
step:1869/3350 train_time:4648.404s step_avg:2487.11ms
step:1870/3350 train_time:4650.238s step_avg:2486.76ms
step:1871/3350 train_time:4653.340s step_avg:2487.09ms
step:1872/3350 train_time:4655.172s step_avg:2486.74ms
step:1873/3350 train_time:4658.275s step_avg:2487.07ms
step:1874/3350 train_time:4660.108s step_avg:2486.72ms
step:1875/3350 train_time:4663.564s step_avg:2487.23ms
step:1875/3350 val_loss:3.44697 train_time:4663.565s step_avg:2485.37ms
step:1876/3350 train_time:4665.400s step_avg:2486.89ms
step:1877/3350 train_time:4668.500s step_avg:2487.21ms
step:1878/3350 train_time:4670.337s step_avg:2486.87ms
step:1879/3350 train_time:4673.438s step_avg:2487.19ms
step:1880/3350 train_time:4675.272s step_avg:2486.85ms
step:1881/3350 train_time:4678.380s step_avg:2487.18ms
step:1882/3350 train_time:4680.214s step_avg:2486.83ms
step:1883/3350 train_time:4683.312s step_avg:2487.15ms
step:1884/3350 train_time:4685.144s step_avg:2486.81ms
step:1885/3350 train_time:4688.246s step_avg:2487.13ms
step:1886/3350 train_time:4690.080s step_avg:2486.79ms
step:1887/3350 train_time:4693.184s step_avg:2487.11ms
step:1888/3350 train_time:4695.017s step_avg:2486.77ms
step:1889/3350 train_time:4698.120s step_avg:2487.09ms
step:1890/3350 train_time:4699.953s step_avg:2486.75ms
step:1891/3350 train_time:4703.056s step_avg:2487.07ms
step:1892/3350 train_time:4704.889s step_avg:2486.73ms
step:1893/3350 train_time:4707.995s step_avg:2487.06ms
step:1894/3350 train_time:4709.830s step_avg:2486.71ms
step:1895/3350 train_time:4712.937s step_avg:2487.04ms
step:1896/3350 train_time:4714.771s step_avg:2486.69ms
step:1897/3350 train_time:4717.873s step_avg:2487.02ms
step:1898/3350 train_time:4719.707s step_avg:2486.67ms
step:1899/3350 train_time:4722.809s step_avg:2487.00ms
step:1900/3350 train_time:4724.946s step_avg:2486.81ms
step:1901/3350 train_time:4728.074s step_avg:2487.15ms
step:1902/3350 train_time:4729.905s step_avg:2486.81ms
step:1903/3350 train_time:4733.006s step_avg:2487.13ms
step:1904/3350 train_time:4734.842s step_avg:2486.79ms
step:1905/3350 train_time:4737.942s step_avg:2487.11ms
step:1906/3350 train_time:4739.776s step_avg:2486.77ms
step:1907/3350 train_time:4742.877s step_avg:2487.09ms
step:1908/3350 train_time:4744.710s step_avg:2486.75ms
step:1909/3350 train_time:4747.817s step_avg:2487.07ms
step:1910/3350 train_time:4749.651s step_avg:2486.73ms
step:1911/3350 train_time:4752.754s step_avg:2487.05ms
step:1912/3350 train_time:4754.590s step_avg:2486.71ms
step:1913/3350 train_time:4757.693s step_avg:2487.03ms
step:1914/3350 train_time:4759.531s step_avg:2486.69ms
step:1915/3350 train_time:4762.633s step_avg:2487.01ms
step:1916/3350 train_time:4764.465s step_avg:2486.67ms
step:1917/3350 train_time:4767.567s step_avg:2486.99ms
step:1918/3350 train_time:4769.402s step_avg:2486.65ms
step:1919/3350 train_time:4772.501s step_avg:2486.97ms
step:1920/3350 train_time:4774.334s step_avg:2486.63ms
step:1921/3350 train_time:4777.434s step_avg:2486.95ms
step:1922/3350 train_time:4779.267s step_avg:2486.61ms
step:1923/3350 train_time:4782.367s step_avg:2486.93ms
step:1924/3350 train_time:4784.205s step_avg:2486.59ms
step:1925/3350 train_time:4787.592s step_avg:2487.06ms
step:1926/3350 train_time:4789.426s step_avg:2486.72ms
step:1927/3350 train_time:4792.528s step_avg:2487.04ms
step:1928/3350 train_time:4794.362s step_avg:2486.70ms
step:1929/3350 train_time:4797.465s step_avg:2487.02ms
step:1930/3350 train_time:4799.298s step_avg:2486.68ms
step:1931/3350 train_time:4802.398s step_avg:2487.00ms
step:1932/3350 train_time:4804.228s step_avg:2486.66ms
step:1933/3350 train_time:4807.331s step_avg:2486.98ms
step:1934/3350 train_time:4809.166s step_avg:2486.64ms
step:1935/3350 train_time:4812.268s step_avg:2486.96ms
step:1936/3350 train_time:4814.102s step_avg:2486.62ms
step:1937/3350 train_time:4817.206s step_avg:2486.94ms
step:1938/3350 train_time:4819.039s step_avg:2486.60ms
step:1939/3350 train_time:4822.140s step_avg:2486.92ms
step:1940/3350 train_time:4823.971s step_avg:2486.58ms
step:1941/3350 train_time:4827.074s step_avg:2486.90ms
step:1942/3350 train_time:4828.908s step_avg:2486.56ms
step:1943/3350 train_time:4832.010s step_avg:2486.88ms
step:1944/3350 train_time:4833.844s step_avg:2486.55ms
step:1945/3350 train_time:4836.949s step_avg:2486.86ms
step:1946/3350 train_time:4838.784s step_avg:2486.53ms
step:1947/3350 train_time:4841.883s step_avg:2486.84ms
step:1948/3350 train_time:4843.716s step_avg:2486.51ms
step:1949/3350 train_time:4846.820s step_avg:2486.82ms
step:1950/3350 train_time:4848.949s step_avg:2486.64ms
step:1951/3350 train_time:4852.044s step_avg:2486.95ms
step:1952/3350 train_time:4853.878s step_avg:2486.62ms
step:1953/3350 train_time:4856.978s step_avg:2486.93ms
step:1954/3350 train_time:4858.811s step_avg:2486.60ms
step:1955/3350 train_time:4861.916s step_avg:2486.91ms
step:1956/3350 train_time:4863.751s step_avg:2486.58ms
step:1957/3350 train_time:4866.853s step_avg:2486.89ms
step:1958/3350 train_time:4868.689s step_avg:2486.56ms
step:1959/3350 train_time:4871.793s step_avg:2486.88ms
step:1960/3350 train_time:4873.625s step_avg:2486.54ms
step:1961/3350 train_time:4876.727s step_avg:2486.86ms
step:1962/3350 train_time:4878.559s step_avg:2486.52ms
step:1963/3350 train_time:4881.669s step_avg:2486.84ms
step:1964/3350 train_time:4883.505s step_avg:2486.51ms
step:1965/3350 train_time:4886.607s step_avg:2486.82ms
step:1966/3350 train_time:4888.441s step_avg:2486.49ms
step:1967/3350 train_time:4891.550s step_avg:2486.81ms
step:1968/3350 train_time:4893.387s step_avg:2486.48ms
step:1969/3350 train_time:4896.494s step_avg:2486.79ms
step:1970/3350 train_time:4898.327s step_avg:2486.46ms
step:1971/3350 train_time:4901.436s step_avg:2486.78ms
step:1972/3350 train_time:4903.271s step_avg:2486.45ms
step:1973/3350 train_time:4906.376s step_avg:2486.76ms
step:1974/3350 train_time:4908.212s step_avg:2486.43ms
step:1975/3350 train_time:4911.609s step_avg:2486.89ms
step:1976/3350 train_time:4913.444s step_avg:2486.56ms
step:1977/3350 train_time:4916.544s step_avg:2486.87ms
step:1978/3350 train_time:4918.379s step_avg:2486.54ms
step:1979/3350 train_time:4921.480s step_avg:2486.85ms
step:1980/3350 train_time:4923.314s step_avg:2486.52ms
step:1981/3350 train_time:4926.417s step_avg:2486.83ms
step:1982/3350 train_time:4928.253s step_avg:2486.51ms
step:1983/3350 train_time:4931.355s step_avg:2486.82ms
step:1984/3350 train_time:4933.192s step_avg:2486.49ms
step:1985/3350 train_time:4936.295s step_avg:2486.80ms
step:1986/3350 train_time:4938.131s step_avg:2486.47ms
step:1987/3350 train_time:4941.232s step_avg:2486.78ms
step:1988/3350 train_time:4943.068s step_avg:2486.45ms
step:1989/3350 train_time:4946.171s step_avg:2486.76ms
step:1990/3350 train_time:4948.006s step_avg:2486.44ms
step:1991/3350 train_time:4951.105s step_avg:2486.74ms
step:1992/3350 train_time:4952.938s step_avg:2486.41ms
step:1993/3350 train_time:4956.041s step_avg:2486.72ms
step:1994/3350 train_time:4957.877s step_avg:2486.40ms
step:1995/3350 train_time:4960.979s step_avg:2486.71ms
step:1996/3350 train_time:4962.811s step_avg:2486.38ms
step:1997/3350 train_time:4965.914s step_avg:2486.69ms
step:1998/3350 train_time:4967.748s step_avg:2486.36ms
step:1999/3350 train_time:4970.850s step_avg:2486.67ms
step:2000/3350 train_time:4973.055s step_avg:2486.53ms
step:2000/3350 val_loss:3.42857 train_time:4973.056s step_avg:2475.93ms
step:2001/3350 train_time:4976.154s step_avg:2486.83ms
step:2002/3350 train_time:4977.990s step_avg:2486.51ms
step:2003/3350 train_time:4981.092s step_avg:2486.82ms
step:2004/3350 train_time:4982.928s step_avg:2486.49ms
step:2005/3350 train_time:4986.040s step_avg:2486.80ms
step:2006/3350 train_time:4987.875s step_avg:2486.48ms
step:2007/3350 train_time:4990.985s step_avg:2486.79ms
step:2008/3350 train_time:4992.819s step_avg:2486.46ms
step:2009/3350 train_time:4995.923s step_avg:2486.77ms
step:2010/3350 train_time:4997.758s step_avg:2486.45ms
step:2011/3350 train_time:5000.864s step_avg:2486.75ms
step:2012/3350 train_time:5002.698s step_avg:2486.43ms
step:2013/3350 train_time:5005.811s step_avg:2486.74ms
step:2014/3350 train_time:5007.648s step_avg:2486.42ms
step:2015/3350 train_time:5010.751s step_avg:2486.73ms
step:2016/3350 train_time:5012.586s step_avg:2486.40ms
step:2017/3350 train_time:5015.692s step_avg:2486.71ms
step:2018/3350 train_time:5017.527s step_avg:2486.39ms
step:2019/3350 train_time:5020.631s step_avg:2486.69ms
step:2020/3350 train_time:5022.463s step_avg:2486.37ms
step:2021/3350 train_time:5025.567s step_avg:2486.67ms
step:2022/3350 train_time:5027.405s step_avg:2486.35ms
step:2023/3350 train_time:5030.506s step_avg:2486.66ms
step:2024/3350 train_time:5032.341s step_avg:2486.33ms
step:2025/3350 train_time:5035.734s step_avg:2486.78ms
step:2026/3350 train_time:5037.567s step_avg:2486.46ms
step:2027/3350 train_time:5040.672s step_avg:2486.76ms
step:2028/3350 train_time:5042.505s step_avg:2486.44ms
step:2029/3350 train_time:5045.612s step_avg:2486.75ms
step:2030/3350 train_time:5047.446s step_avg:2486.43ms
step:2031/3350 train_time:5050.548s step_avg:2486.73ms
step:2032/3350 train_time:5052.382s step_avg:2486.41ms
step:2033/3350 train_time:5055.484s step_avg:2486.71ms
step:2034/3350 train_time:5057.319s step_avg:2486.39ms
step:2035/3350 train_time:5060.424s step_avg:2486.69ms
step:2036/3350 train_time:5062.255s step_avg:2486.37ms
step:2037/3350 train_time:5065.358s step_avg:2486.68ms
step:2038/3350 train_time:5067.216s step_avg:2486.37ms
step:2039/3350 train_time:5070.314s step_avg:2486.67ms
step:2040/3350 train_time:5072.147s step_avg:2486.35ms
step:2041/3350 train_time:5075.250s step_avg:2486.65ms
step:2042/3350 train_time:5077.086s step_avg:2486.33ms
step:2043/3350 train_time:5080.187s step_avg:2486.63ms
step:2044/3350 train_time:5082.021s step_avg:2486.31ms
step:2045/3350 train_time:5085.125s step_avg:2486.61ms
step:2046/3350 train_time:5086.959s step_avg:2486.29ms
step:2047/3350 train_time:5090.061s step_avg:2486.60ms
step:2048/3350 train_time:5091.893s step_avg:2486.28ms
step:2049/3350 train_time:5094.992s step_avg:2486.57ms
step:2050/3350 train_time:5097.118s step_avg:2486.40ms
step:2051/3350 train_time:5100.215s step_avg:2486.70ms
step:2052/3350 train_time:5102.048s step_avg:2486.38ms
step:2053/3350 train_time:5105.146s step_avg:2486.68ms
step:2054/3350 train_time:5106.977s step_avg:2486.36ms
step:2055/3350 train_time:5110.076s step_avg:2486.66ms
step:2056/3350 train_time:5111.909s step_avg:2486.34ms
step:2057/3350 train_time:5115.011s step_avg:2486.64ms
step:2058/3350 train_time:5116.845s step_avg:2486.32ms
step:2059/3350 train_time:5119.948s step_avg:2486.62ms
step:2060/3350 train_time:5121.780s step_avg:2486.30ms
step:2061/3350 train_time:5124.883s step_avg:2486.60ms
step:2062/3350 train_time:5126.717s step_avg:2486.28ms
step:2063/3350 train_time:5129.820s step_avg:2486.58ms
step:2064/3350 train_time:5131.655s step_avg:2486.27ms
step:2065/3350 train_time:5134.762s step_avg:2486.57ms
step:2066/3350 train_time:5136.596s step_avg:2486.25ms
step:2067/3350 train_time:5139.699s step_avg:2486.55ms
step:2068/3350 train_time:5141.530s step_avg:2486.23ms
step:2069/3350 train_time:5144.628s step_avg:2486.53ms
step:2070/3350 train_time:5146.464s step_avg:2486.21ms
step:2071/3350 train_time:5149.568s step_avg:2486.51ms
step:2072/3350 train_time:5151.402s step_avg:2486.20ms
step:2073/3350 train_time:5154.504s step_avg:2486.50ms
step:2074/3350 train_time:5156.339s step_avg:2486.18ms
step:2075/3350 train_time:5159.729s step_avg:2486.62ms
step:2076/3350 train_time:5161.561s step_avg:2486.30ms
step:2077/3350 train_time:5164.662s step_avg:2486.60ms
step:2078/3350 train_time:5166.494s step_avg:2486.28ms
step:2079/3350 train_time:5169.603s step_avg:2486.58ms
step:2080/3350 train_time:5171.436s step_avg:2486.27ms
step:2081/3350 train_time:5174.539s step_avg:2486.56ms
step:2082/3350 train_time:5176.377s step_avg:2486.25ms
step:2083/3350 train_time:5179.479s step_avg:2486.55ms
step:2084/3350 train_time:5181.313s step_avg:2486.23ms
step:2085/3350 train_time:5184.411s step_avg:2486.53ms
step:2086/3350 train_time:5186.244s step_avg:2486.21ms
step:2087/3350 train_time:5189.349s step_avg:2486.51ms
step:2088/3350 train_time:5191.182s step_avg:2486.20ms
step:2089/3350 train_time:5194.283s step_avg:2486.49ms
step:2090/3350 train_time:5196.117s step_avg:2486.18ms
step:2091/3350 train_time:5199.247s step_avg:2486.49ms
step:2092/3350 train_time:5201.083s step_avg:2486.18ms
step:2093/3350 train_time:5204.185s step_avg:2486.47ms
step:2094/3350 train_time:5206.020s step_avg:2486.16ms
step:2095/3350 train_time:5209.130s step_avg:2486.46ms
step:2096/3350 train_time:5210.966s step_avg:2486.15ms
step:2097/3350 train_time:5214.066s step_avg:2486.44ms
step:2098/3350 train_time:5215.899s step_avg:2486.13ms
step:2099/3350 train_time:5219.009s step_avg:2486.43ms
step:2100/3350 train_time:5221.143s step_avg:2486.26ms
step:2101/3350 train_time:5224.238s step_avg:2486.55ms
step:2102/3350 train_time:5226.072s step_avg:2486.24ms
step:2103/3350 train_time:5229.176s step_avg:2486.53ms
step:2104/3350 train_time:5231.008s step_avg:2486.22ms
step:2105/3350 train_time:5234.115s step_avg:2486.52ms
step:2106/3350 train_time:5235.952s step_avg:2486.21ms
step:2107/3350 train_time:5239.057s step_avg:2486.50ms
step:2108/3350 train_time:5240.895s step_avg:2486.19ms
step:2109/3350 train_time:5243.994s step_avg:2486.48ms
step:2110/3350 train_time:5245.831s step_avg:2486.18ms
step:2111/3350 train_time:5248.944s step_avg:2486.47ms
step:2112/3350 train_time:5250.781s step_avg:2486.17ms
step:2113/3350 train_time:5253.886s step_avg:2486.46ms
step:2114/3350 train_time:5255.719s step_avg:2486.15ms
step:2115/3350 train_time:5258.825s step_avg:2486.44ms
step:2116/3350 train_time:5260.662s step_avg:2486.14ms
step:2117/3350 train_time:5263.769s step_avg:2486.43ms
step:2118/3350 train_time:5265.609s step_avg:2486.12ms
step:2119/3350 train_time:5268.717s step_avg:2486.42ms
step:2120/3350 train_time:5270.552s step_avg:2486.11ms
step:2121/3350 train_time:5273.656s step_avg:2486.40ms
step:2122/3350 train_time:5275.493s step_avg:2486.09ms
step:2123/3350 train_time:5278.596s step_avg:2486.39ms
step:2124/3350 train_time:5280.434s step_avg:2486.08ms
step:2125/3350 train_time:5283.906s step_avg:2486.54ms
step:2125/3350 val_loss:3.41068 train_time:5283.906s step_avg:2486.80ms
step:2126/3350 train_time:5285.744s step_avg:2486.24ms
step:2127/3350 train_time:5288.852s step_avg:2486.53ms
step:2128/3350 train_time:5290.692s step_avg:2486.23ms
step:2129/3350 train_time:5293.794s step_avg:2486.52ms
step:2130/3350 train_time:5295.634s step_avg:2486.21ms
step:2131/3350 train_time:5298.736s step_avg:2486.50ms
step:2132/3350 train_time:5300.570s step_avg:2486.20ms
step:2133/3350 train_time:5303.673s step_avg:2486.49ms
step:2134/3350 train_time:5305.509s step_avg:2486.18ms
step:2135/3350 train_time:5308.615s step_avg:2486.47ms
step:2136/3350 train_time:5310.451s step_avg:2486.17ms
step:2137/3350 train_time:5313.562s step_avg:2486.46ms
step:2138/3350 train_time:5315.397s step_avg:2486.15ms
step:2139/3350 train_time:5318.496s step_avg:2486.44ms
step:2140/3350 train_time:5320.332s step_avg:2486.14ms
step:2141/3350 train_time:5323.434s step_avg:2486.42ms
step:2142/3350 train_time:5325.266s step_avg:2486.12ms
step:2143/3350 train_time:5328.367s step_avg:2486.41ms
step:2144/3350 train_time:5330.200s step_avg:2486.10ms
step:2145/3350 train_time:5333.305s step_avg:2486.39ms
step:2146/3350 train_time:5335.141s step_avg:2486.09ms
step:2147/3350 train_time:5338.245s step_avg:2486.37ms
step:2148/3350 train_time:5340.078s step_avg:2486.07ms
step:2149/3350 train_time:5343.185s step_avg:2486.36ms
step:2150/3350 train_time:5345.324s step_avg:2486.20ms
step:2151/3350 train_time:5348.424s step_avg:2486.48ms
step:2152/3350 train_time:5350.261s step_avg:2486.18ms
step:2153/3350 train_time:5353.364s step_avg:2486.47ms
step:2154/3350 train_time:5355.199s step_avg:2486.16ms
step:2155/3350 train_time:5358.306s step_avg:2486.45ms
step:2156/3350 train_time:5360.145s step_avg:2486.15ms
step:2157/3350 train_time:5363.248s step_avg:2486.44ms
step:2158/3350 train_time:5365.088s step_avg:2486.14ms
step:2159/3350 train_time:5368.200s step_avg:2486.43ms
step:2160/3350 train_time:5370.036s step_avg:2486.13ms
step:2161/3350 train_time:5373.140s step_avg:2486.41ms
step:2162/3350 train_time:5374.980s step_avg:2486.11ms
step:2163/3350 train_time:5378.089s step_avg:2486.40ms
step:2164/3350 train_time:5379.926s step_avg:2486.10ms
step:2165/3350 train_time:5383.036s step_avg:2486.39ms
step:2166/3350 train_time:5384.874s step_avg:2486.09ms
step:2167/3350 train_time:5387.975s step_avg:2486.37ms
step:2168/3350 train_time:5389.813s step_avg:2486.08ms
step:2169/3350 train_time:5392.915s step_avg:2486.36ms
step:2170/3350 train_time:5394.751s step_avg:2486.06ms
step:2171/3350 train_time:5397.853s step_avg:2486.34ms
step:2172/3350 train_time:5399.684s step_avg:2486.04ms
step:2173/3350 train_time:5402.786s step_avg:2486.33ms
step:2174/3350 train_time:5404.621s step_avg:2486.03ms
step:2175/3350 train_time:5408.007s step_avg:2486.44ms
step:2176/3350 train_time:5409.840s step_avg:2486.14ms
step:2177/3350 train_time:5412.944s step_avg:2486.42ms
step:2178/3350 train_time:5414.778s step_avg:2486.12ms
step:2179/3350 train_time:5417.881s step_avg:2486.41ms
step:2180/3350 train_time:5419.716s step_avg:2486.11ms
step:2181/3350 train_time:5422.820s step_avg:2486.39ms
step:2182/3350 train_time:5424.657s step_avg:2486.09ms
step:2183/3350 train_time:5427.756s step_avg:2486.37ms
step:2184/3350 train_time:5429.590s step_avg:2486.08ms
step:2185/3350 train_time:5432.694s step_avg:2486.36ms
step:2186/3350 train_time:5434.527s step_avg:2486.06ms
step:2187/3350 train_time:5437.630s step_avg:2486.34ms
step:2188/3350 train_time:5439.465s step_avg:2486.04ms
step:2189/3350 train_time:5442.569s step_avg:2486.33ms
step:2190/3350 train_time:5444.402s step_avg:2486.03ms
step:2191/3350 train_time:5447.504s step_avg:2486.31ms
step:2192/3350 train_time:5449.340s step_avg:2486.01ms
step:2193/3350 train_time:5452.438s step_avg:2486.29ms
step:2194/3350 train_time:5454.270s step_avg:2485.99ms
step:2195/3350 train_time:5457.373s step_avg:2486.27ms
step:2196/3350 train_time:5459.211s step_avg:2485.98ms
step:2197/3350 train_time:5462.310s step_avg:2486.26ms
step:2198/3350 train_time:5464.144s step_avg:2485.96ms
step:2199/3350 train_time:5467.247s step_avg:2486.24ms
step:2200/3350 train_time:5469.382s step_avg:2486.08ms
step:2201/3350 train_time:5472.477s step_avg:2486.36ms
step:2202/3350 train_time:5474.313s step_avg:2486.06ms
step:2203/3350 train_time:5477.412s step_avg:2486.34ms
step:2204/3350 train_time:5479.244s step_avg:2486.05ms
step:2205/3350 train_time:5482.346s step_avg:2486.32ms
step:2206/3350 train_time:5484.179s step_avg:2486.03ms
step:2207/3350 train_time:5487.278s step_avg:2486.31ms
step:2208/3350 train_time:5489.109s step_avg:2486.01ms
step:2209/3350 train_time:5492.209s step_avg:2486.29ms
step:2210/3350 train_time:5494.043s step_avg:2485.99ms
step:2211/3350 train_time:5497.149s step_avg:2486.27ms
step:2212/3350 train_time:5498.982s step_avg:2485.98ms
step:2213/3350 train_time:5502.081s step_avg:2486.25ms
step:2214/3350 train_time:5503.915s step_avg:2485.96ms
step:2215/3350 train_time:5507.019s step_avg:2486.24ms
step:2216/3350 train_time:5508.855s step_avg:2485.95ms
step:2217/3350 train_time:5511.956s step_avg:2486.22ms
step:2218/3350 train_time:5513.790s step_avg:2485.93ms
step:2219/3350 train_time:5516.891s step_avg:2486.21ms
step:2220/3350 train_time:5518.728s step_avg:2485.91ms
step:2221/3350 train_time:5521.828s step_avg:2486.19ms
step:2222/3350 train_time:5523.660s step_avg:2485.90ms
step:2223/3350 train_time:5526.767s step_avg:2486.18ms
step:2224/3350 train_time:5528.599s step_avg:2485.88ms
step:2225/3350 train_time:5531.988s step_avg:2486.29ms
step:2226/3350 train_time:5533.827s step_avg:2486.00ms
step:2227/3350 train_time:5536.923s step_avg:2486.27ms
step:2228/3350 train_time:5538.759s step_avg:2485.98ms
step:2229/3350 train_time:5541.863s step_avg:2486.26ms
step:2230/3350 train_time:5543.695s step_avg:2485.96ms
step:2231/3350 train_time:5546.802s step_avg:2486.24ms
step:2232/3350 train_time:5548.635s step_avg:2485.95ms
step:2233/3350 train_time:5551.735s step_avg:2486.22ms
step:2234/3350 train_time:5553.566s step_avg:2485.93ms
step:2235/3350 train_time:5556.673s step_avg:2486.21ms
step:2236/3350 train_time:5558.507s step_avg:2485.92ms
step:2237/3350 train_time:5561.609s step_avg:2486.19ms
step:2238/3350 train_time:5563.444s step_avg:2485.90ms
step:2239/3350 train_time:5566.546s step_avg:2486.18ms
step:2240/3350 train_time:5568.379s step_avg:2485.88ms
step:2241/3350 train_time:5571.487s step_avg:2486.16ms
step:2242/3350 train_time:5573.320s step_avg:2485.87ms
step:2243/3350 train_time:5576.424s step_avg:2486.15ms
step:2244/3350 train_time:5578.262s step_avg:2485.86ms
step:2245/3350 train_time:5581.363s step_avg:2486.13ms
step:2246/3350 train_time:5583.197s step_avg:2485.84ms
step:2247/3350 train_time:5586.298s step_avg:2486.11ms
step:2248/3350 train_time:5588.135s step_avg:2485.82ms
step:2249/3350 train_time:5591.235s step_avg:2486.10ms
step:2250/3350 train_time:5593.427s step_avg:2485.97ms
step:2250/3350 val_loss:3.39460 train_time:5593.428s step_avg:2476.17ms
step:2251/3350 train_time:5596.534s step_avg:2486.24ms
step:2252/3350 train_time:5598.367s step_avg:2485.95ms
step:2253/3350 train_time:5601.470s step_avg:2486.23ms
step:2254/3350 train_time:5603.306s step_avg:2485.94ms
step:2255/3350 train_time:5606.411s step_avg:2486.21ms
step:2256/3350 train_time:5608.248s step_avg:2485.93ms
step:2257/3350 train_time:5611.352s step_avg:2486.20ms
step:2258/3350 train_time:5613.190s step_avg:2485.91ms
step:2259/3350 train_time:5616.300s step_avg:2486.19ms
step:2260/3350 train_time:5618.137s step_avg:2485.90ms
step:2261/3350 train_time:5621.251s step_avg:2486.18ms
step:2262/3350 train_time:5623.087s step_avg:2485.89ms
step:2263/3350 train_time:5626.190s step_avg:2486.16ms
step:2264/3350 train_time:5628.025s step_avg:2485.88ms
step:2265/3350 train_time:5631.129s step_avg:2486.15ms
step:2266/3350 train_time:5632.969s step_avg:2485.86ms
step:2267/3350 train_time:5636.073s step_avg:2486.14ms
step:2268/3350 train_time:5637.908s step_avg:2485.85ms
step:2269/3350 train_time:5641.013s step_avg:2486.12ms
step:2270/3350 train_time:5642.853s step_avg:2485.84ms
step:2271/3350 train_time:5645.953s step_avg:2486.11ms
step:2272/3350 train_time:5647.789s step_avg:2485.82ms
step:2273/3350 train_time:5650.900s step_avg:2486.10ms
step:2274/3350 train_time:5652.733s step_avg:2485.81ms
step:2275/3350 train_time:5656.134s step_avg:2486.21ms
step:2276/3350 train_time:5657.969s step_avg:2485.93ms
step:2277/3350 train_time:5661.071s step_avg:2486.20ms
step:2278/3350 train_time:5662.906s step_avg:2485.91ms
step:2279/3350 train_time:5666.011s step_avg:2486.18ms
step:2280/3350 train_time:5667.846s step_avg:2485.90ms
step:2281/3350 train_time:5670.980s step_avg:2486.18ms
step:2282/3350 train_time:5672.817s step_avg:2485.90ms
step:2283/3350 train_time:5675.916s step_avg:2486.17ms
step:2284/3350 train_time:5677.752s step_avg:2485.88ms
step:2285/3350 train_time:5680.861s step_avg:2486.15ms
step:2286/3350 train_time:5682.701s step_avg:2485.87ms
step:2287/3350 train_time:5685.801s step_avg:2486.14ms
step:2288/3350 train_time:5687.639s step_avg:2485.86ms
step:2289/3350 train_time:5690.744s step_avg:2486.13ms
step:2290/3350 train_time:5692.582s step_avg:2485.84ms
step:2291/3350 train_time:5695.682s step_avg:2486.11ms
step:2292/3350 train_time:5697.519s step_avg:2485.83ms
step:2293/3350 train_time:5700.624s step_avg:2486.10ms
step:2294/3350 train_time:5702.462s step_avg:2485.82ms
step:2295/3350 train_time:5705.563s step_avg:2486.08ms
step:2296/3350 train_time:5707.396s step_avg:2485.80ms
step:2297/3350 train_time:5710.498s step_avg:2486.07ms
step:2298/3350 train_time:5712.332s step_avg:2485.78ms
step:2299/3350 train_time:5715.433s step_avg:2486.05ms
step:2300/3350 train_time:5717.580s step_avg:2485.90ms
step:2301/3350 train_time:5720.678s step_avg:2486.17ms
step:2302/3350 train_time:5722.513s step_avg:2485.89ms
step:2303/3350 train_time:5725.614s step_avg:2486.15ms
step:2304/3350 train_time:5727.447s step_avg:2485.87ms
step:2305/3350 train_time:5730.548s step_avg:2486.14ms
step:2306/3350 train_time:5732.382s step_avg:2485.85ms
step:2307/3350 train_time:5735.480s step_avg:2486.12ms
step:2308/3350 train_time:5737.314s step_avg:2485.84ms
step:2309/3350 train_time:5740.413s step_avg:2486.10ms
step:2310/3350 train_time:5742.244s step_avg:2485.82ms
step:2311/3350 train_time:5745.344s step_avg:2486.09ms
step:2312/3350 train_time:5747.177s step_avg:2485.80ms
step:2313/3350 train_time:5750.279s step_avg:2486.07ms
step:2314/3350 train_time:5752.112s step_avg:2485.79ms
step:2315/3350 train_time:5755.216s step_avg:2486.05ms
step:2316/3350 train_time:5757.052s step_avg:2485.77ms
step:2317/3350 train_time:5760.156s step_avg:2486.04ms
step:2318/3350 train_time:5761.992s step_avg:2485.76ms
step:2319/3350 train_time:5765.103s step_avg:2486.03ms
step:2320/3350 train_time:5766.939s step_avg:2485.75ms
step:2321/3350 train_time:5770.039s step_avg:2486.01ms
step:2322/3350 train_time:5771.875s step_avg:2485.73ms
step:2323/3350 train_time:5774.979s step_avg:2486.00ms
step:2324/3350 train_time:5776.816s step_avg:2485.72ms
step:2325/3350 train_time:5780.206s step_avg:2486.11ms
step:2326/3350 train_time:5782.038s step_avg:2485.83ms
step:2327/3350 train_time:5785.139s step_avg:2486.09ms
step:2328/3350 train_time:5786.975s step_avg:2485.81ms
step:2329/3350 train_time:5790.073s step_avg:2486.08ms
step:2330/3350 train_time:5791.907s step_avg:2485.80ms
step:2331/3350 train_time:5795.017s step_avg:2486.06ms
step:2332/3350 train_time:5796.852s step_avg:2485.79ms
step:2333/3350 train_time:5799.953s step_avg:2486.05ms
step:2334/3350 train_time:5801.790s step_avg:2485.77ms
step:2335/3350 train_time:5804.892s step_avg:2486.04ms
step:2336/3350 train_time:5806.726s step_avg:2485.76ms
step:2337/3350 train_time:5809.832s step_avg:2486.02ms
step:2338/3350 train_time:5811.667s step_avg:2485.74ms
step:2339/3350 train_time:5814.772s step_avg:2486.01ms
step:2340/3350 train_time:5816.608s step_avg:2485.73ms
step:2341/3350 train_time:5819.714s step_avg:2485.99ms
step:2342/3350 train_time:5821.549s step_avg:2485.72ms
step:2343/3350 train_time:5824.652s step_avg:2485.98ms
step:2344/3350 train_time:5826.486s step_avg:2485.70ms
step:2345/3350 train_time:5829.596s step_avg:2485.97ms
step:2346/3350 train_time:5843.018s step_avg:2490.63ms
step:2347/3350 train_time:5846.126s step_avg:2490.89ms
[rank0]:W0530 21:34:42.086000 2786275 torch/_dynamo/convert_frame.py:1743] [1/8] torch._dynamo hit config.recompile_limit (8)
[rank0]:W0530 21:34:42.086000 2786275 torch/_dynamo/convert_frame.py:1743] [1/8]    function: 'muon_update' (/workspace/senpai/target/records/track_3_optimization/train_gpt_simple.py:734)
[rank0]:W0530 21:34:42.086000 2786275 torch/_dynamo/convert_frame.py:1743] [1/8]    last reason: 1/7: momentum.size()[0] <= momentum.size()[1]  # if G.size(-2) > G.size(-1):  # orkspace/senpai/target/records/track_3_optimization/train_gpt_simple.py:717 in zeropower_via_newtonschulz5 (_dynamo/variables/tensor.py:1951 in evaluate_expr)
[rank0]:W0530 21:34:42.086000 2786275 torch/_dynamo/convert_frame.py:1743] [1/8] To log all recompilation reasons, use TORCH_LOGS="recompiles".
[rank0]:W0530 21:34:42.086000 2786275 torch/_dynamo/convert_frame.py:1743] [1/8] To diagnose recompilation issues, see https://docs.pytorch.org/docs/main/user_guide/torch_compiler/compile/programming_model.recompilation.html
step:2348/3350 train_time:5848.486s step_avg:2490.84ms
step:2349/3350 train_time:5851.585s step_avg:2491.10ms
step:2350/3350 train_time:5853.710s step_avg:2490.94ms
step:2351/3350 train_time:5856.809s step_avg:2491.20ms
step:2352/3350 train_time:5858.651s step_avg:2490.92ms
step:2353/3350 train_time:5861.748s step_avg:2491.18ms
step:2354/3350 train_time:5863.586s step_avg:2490.90ms
step:2355/3350 train_time:5866.688s step_avg:2491.16ms
step:2356/3350 train_time:5868.538s step_avg:2490.89ms
step:2357/3350 train_time:5871.655s step_avg:2491.16ms
step:2358/3350 train_time:5873.508s step_avg:2490.89ms
step:2359/3350 train_time:5876.604s step_avg:2491.14ms
step:2360/3350 train_time:5878.452s step_avg:2490.87ms
step:2361/3350 train_time:5881.547s step_avg:2491.13ms
step:2362/3350 train_time:5883.378s step_avg:2490.85ms
step:2363/3350 train_time:5886.474s step_avg:2491.10ms
step:2364/3350 train_time:5888.304s step_avg:2490.82ms
step:2365/3350 train_time:5891.415s step_avg:2491.08ms
step:2366/3350 train_time:5893.248s step_avg:2490.81ms
step:2367/3350 train_time:5896.363s step_avg:2491.07ms
step:2368/3350 train_time:5898.189s step_avg:2490.79ms
step:2369/3350 train_time:5901.287s step_avg:2491.05ms
step:2370/3350 train_time:5903.111s step_avg:2490.76ms
step:2371/3350 train_time:5906.209s step_avg:2491.02ms
step:2372/3350 train_time:5908.054s step_avg:2490.75ms
step:2373/3350 train_time:5911.149s step_avg:2491.00ms
step:2374/3350 train_time:5912.997s step_avg:2490.73ms
step:2375/3350 train_time:5916.445s step_avg:2491.13ms
step:2375/3350 val_loss:3.37773 train_time:5916.445s step_avg:2584.14ms
step:2376/3350 train_time:5918.291s step_avg:2490.86ms
step:2377/3350 train_time:5921.388s step_avg:2491.12ms
step:2378/3350 train_time:5923.220s step_avg:2490.84ms
step:2379/3350 train_time:5926.335s step_avg:2491.10ms
step:2380/3350 train_time:5928.179s step_avg:2490.83ms
step:2381/3350 train_time:5931.279s step_avg:2491.09ms
step:2382/3350 train_time:5933.106s step_avg:2490.81ms
step:2383/3350 train_time:5936.220s step_avg:2491.07ms
step:2384/3350 train_time:5938.069s step_avg:2490.80ms
step:2385/3350 train_time:5941.177s step_avg:2491.06ms
step:2386/3350 train_time:5943.022s step_avg:2490.79ms
step:2387/3350 train_time:5946.129s step_avg:2491.05ms
step:2388/3350 train_time:5947.956s step_avg:2490.77ms
step:2389/3350 train_time:5951.050s step_avg:2491.02ms
step:2390/3350 train_time:5952.896s step_avg:2490.75ms
step:2391/3350 train_time:5955.991s step_avg:2491.00ms
step:2392/3350 train_time:5957.835s step_avg:2490.73ms
step:2393/3350 train_time:5960.930s step_avg:2490.99ms
step:2394/3350 train_time:5962.764s step_avg:2490.71ms
step:2395/3350 train_time:5965.862s step_avg:2490.97ms
step:2396/3350 train_time:5967.698s step_avg:2490.69ms
step:2397/3350 train_time:5970.794s step_avg:2490.94ms
step:2398/3350 train_time:5972.620s step_avg:2490.67ms
step:2399/3350 train_time:5975.738s step_avg:2490.93ms
step:2400/3350 train_time:5977.893s step_avg:2490.79ms
step:2401/3350 train_time:5980.981s step_avg:2491.04ms
step:2402/3350 train_time:5982.813s step_avg:2490.76ms
step:2403/3350 train_time:5985.910s step_avg:2491.02ms
step:2404/3350 train_time:5987.742s step_avg:2490.74ms
step:2405/3350 train_time:5990.841s step_avg:2490.99ms
step:2406/3350 train_time:5992.684s step_avg:2490.73ms
step:2407/3350 train_time:5995.786s step_avg:2490.98ms
step:2408/3350 train_time:5997.617s step_avg:2490.70ms
step:2409/3350 train_time:6000.733s step_avg:2490.96ms
step:2410/3350 train_time:6002.564s step_avg:2490.69ms
step:2411/3350 train_time:6005.680s step_avg:2490.95ms
step:2412/3350 train_time:6007.526s step_avg:2490.68ms
step:2413/3350 train_time:6010.623s step_avg:2490.93ms
step:2414/3350 train_time:6012.469s step_avg:2490.67ms
step:2415/3350 train_time:6015.567s step_avg:2490.92ms
step:2416/3350 train_time:6017.394s step_avg:2490.64ms
step:2417/3350 train_time:6020.510s step_avg:2490.90ms
step:2418/3350 train_time:6022.345s step_avg:2490.63ms
step:2419/3350 train_time:6025.456s step_avg:2490.89ms
step:2420/3350 train_time:6027.308s step_avg:2490.62ms
step:2421/3350 train_time:6030.422s step_avg:2490.88ms
step:2422/3350 train_time:6032.270s step_avg:2490.62ms
step:2423/3350 train_time:6035.373s step_avg:2490.87ms
step:2424/3350 train_time:6037.200s step_avg:2490.59ms
step:2425/3350 train_time:6040.596s step_avg:2490.97ms
step:2426/3350 train_time:6042.445s step_avg:2490.70ms
step:2427/3350 train_time:6045.541s step_avg:2490.95ms
step:2428/3350 train_time:6047.393s step_avg:2490.69ms
step:2429/3350 train_time:6050.495s step_avg:2490.94ms
step:2430/3350 train_time:6052.326s step_avg:2490.67ms
step:2431/3350 train_time:6055.426s step_avg:2490.92ms
step:2432/3350 train_time:6057.255s step_avg:2490.65ms
step:2433/3350 train_time:6060.354s step_avg:2490.90ms
step:2434/3350 train_time:6062.190s step_avg:2490.63ms
step:2435/3350 train_time:6065.305s step_avg:2490.89ms
step:2436/3350 train_time:6067.154s step_avg:2490.62ms
step:2437/3350 train_time:6070.248s step_avg:2490.87ms
step:2438/3350 train_time:6072.084s step_avg:2490.60ms
step:2439/3350 train_time:6075.203s step_avg:2490.86ms
step:2440/3350 train_time:6077.031s step_avg:2490.59ms
step:2441/3350 train_time:6080.139s step_avg:2490.84ms
step:2442/3350 train_time:6081.983s step_avg:2490.57ms
step:2443/3350 train_time:6085.073s step_avg:2490.82ms
step:2444/3350 train_time:6086.907s step_avg:2490.55ms
step:2445/3350 train_time:6090.009s step_avg:2490.80ms
step:2446/3350 train_time:6091.853s step_avg:2490.54ms
step:2447/3350 train_time:6094.940s step_avg:2490.78ms
step:2448/3350 train_time:6096.788s step_avg:2490.52ms
step:2449/3350 train_time:6099.886s step_avg:2490.77ms
step:2450/3350 train_time:6102.026s step_avg:2490.62ms
step:2451/3350 train_time:6105.112s step_avg:2490.87ms
step:2452/3350 train_time:6106.962s step_avg:2490.60ms
step:2453/3350 train_time:6110.075s step_avg:2490.86ms
step:2454/3350 train_time:6111.907s step_avg:2490.59ms
step:2455/3350 train_time:6115.023s step_avg:2490.84ms
step:2456/3350 train_time:6116.873s step_avg:2490.58ms
step:2457/3350 train_time:6119.963s step_avg:2490.83ms
step:2458/3350 train_time:6121.788s step_avg:2490.56ms
step:2459/3350 train_time:6124.896s step_avg:2490.81ms
step:2460/3350 train_time:6126.745s step_avg:2490.55ms
step:2461/3350 train_time:6129.859s step_avg:2490.80ms
step:2462/3350 train_time:6131.688s step_avg:2490.53ms
step:2463/3350 train_time:6134.781s step_avg:2490.78ms
step:2464/3350 train_time:6136.618s step_avg:2490.51ms
step:2465/3350 train_time:6139.728s step_avg:2490.76ms
step:2466/3350 train_time:6141.562s step_avg:2490.50ms
step:2467/3350 train_time:6144.673s step_avg:2490.75ms
step:2468/3350 train_time:6146.506s step_avg:2490.48ms
step:2469/3350 train_time:6149.597s step_avg:2490.72ms
step:2470/3350 train_time:6151.434s step_avg:2490.46ms
step:2471/3350 train_time:6154.571s step_avg:2490.72ms
step:2472/3350 train_time:6156.401s step_avg:2490.45ms
step:2473/3350 train_time:6159.498s step_avg:2490.70ms
step:2474/3350 train_time:6161.346s step_avg:2490.44ms
step:2475/3350 train_time:6164.743s step_avg:2490.81ms
step:2476/3350 train_time:6166.589s step_avg:2490.54ms
step:2477/3350 train_time:6169.683s step_avg:2490.79ms
step:2478/3350 train_time:6171.510s step_avg:2490.52ms
step:2479/3350 train_time:6174.615s step_avg:2490.77ms
step:2480/3350 train_time:6176.450s step_avg:2490.50ms
step:2481/3350 train_time:6179.560s step_avg:2490.75ms
step:2482/3350 train_time:6181.389s step_avg:2490.49ms
step:2483/3350 train_time:6184.499s step_avg:2490.74ms
step:2484/3350 train_time:6186.347s step_avg:2490.48ms
step:2485/3350 train_time:6189.447s step_avg:2490.72ms
step:2486/3350 train_time:6191.280s step_avg:2490.46ms
step:2487/3350 train_time:6194.381s step_avg:2490.70ms
step:2488/3350 train_time:6196.226s step_avg:2490.44ms
step:2489/3350 train_time:6199.326s step_avg:2490.69ms
step:2490/3350 train_time:6201.172s step_avg:2490.43ms
step:2491/3350 train_time:6204.283s step_avg:2490.68ms
step:2492/3350 train_time:6206.125s step_avg:2490.42ms
step:2493/3350 train_time:6209.225s step_avg:2490.66ms
step:2494/3350 train_time:6211.051s step_avg:2490.40ms
step:2495/3350 train_time:6214.148s step_avg:2490.64ms
step:2496/3350 train_time:6215.993s step_avg:2490.38ms
step:2497/3350 train_time:6219.091s step_avg:2490.63ms
step:2498/3350 train_time:6220.917s step_avg:2490.36ms
step:2499/3350 train_time:6224.015s step_avg:2490.60ms
step:2500/3350 train_time:6226.210s step_avg:2490.48ms
step:2500/3350 val_loss:3.36188 train_time:6226.211s step_avg:2478.12ms
step:2501/3350 train_time:6229.307s step_avg:2490.73ms
step:2502/3350 train_time:6231.133s step_avg:2490.46ms
step:2503/3350 train_time:6234.248s step_avg:2490.71ms
step:2504/3350 train_time:6236.079s step_avg:2490.45ms
step:2505/3350 train_time:6239.179s step_avg:2490.69ms
step:2506/3350 train_time:6241.024s step_avg:2490.43ms
step:2507/3350 train_time:6244.121s step_avg:2490.67ms
step:2508/3350 train_time:6245.947s step_avg:2490.41ms
step:2509/3350 train_time:6249.048s step_avg:2490.65ms
step:2510/3350 train_time:6250.880s step_avg:2490.39ms
step:2511/3350 train_time:6253.972s step_avg:2490.63ms
step:2512/3350 train_time:6255.820s step_avg:2490.37ms
step:2513/3350 train_time:6258.938s step_avg:2490.62ms
step:2514/3350 train_time:6260.784s step_avg:2490.37ms
step:2515/3350 train_time:6263.874s step_avg:2490.61ms
step:2516/3350 train_time:6265.713s step_avg:2490.35ms
step:2517/3350 train_time:6268.804s step_avg:2490.59ms
step:2518/3350 train_time:6270.633s step_avg:2490.32ms
step:2519/3350 train_time:6273.725s step_avg:2490.56ms
step:2520/3350 train_time:6275.564s step_avg:2490.30ms
step:2521/3350 train_time:6278.673s step_avg:2490.55ms
step:2522/3350 train_time:6280.521s step_avg:2490.29ms
step:2523/3350 train_time:6283.624s step_avg:2490.54ms
step:2524/3350 train_time:6285.456s step_avg:2490.28ms
step:2525/3350 train_time:6288.844s step_avg:2490.63ms
step:2526/3350 train_time:6290.690s step_avg:2490.38ms
step:2527/3350 train_time:6293.787s step_avg:2490.62ms
step:2528/3350 train_time:6295.636s step_avg:2490.36ms
step:2529/3350 train_time:6298.749s step_avg:2490.61ms
step:2530/3350 train_time:6300.595s step_avg:2490.35ms
step:2531/3350 train_time:6303.705s step_avg:2490.60ms
step:2532/3350 train_time:6305.535s step_avg:2490.34ms
step:2533/3350 train_time:6308.633s step_avg:2490.58ms
step:2534/3350 train_time:6310.460s step_avg:2490.32ms
step:2535/3350 train_time:6313.576s step_avg:2490.56ms
step:2536/3350 train_time:6315.426s step_avg:2490.31ms
step:2537/3350 train_time:6318.534s step_avg:2490.55ms
step:2538/3350 train_time:6320.378s step_avg:2490.30ms
step:2539/3350 train_time:6323.490s step_avg:2490.54ms
step:2540/3350 train_time:6325.327s step_avg:2490.29ms
step:2541/3350 train_time:6328.432s step_avg:2490.53ms
step:2542/3350 train_time:6330.262s step_avg:2490.27ms
step:2543/3350 train_time:6333.375s step_avg:2490.51ms
step:2544/3350 train_time:6335.207s step_avg:2490.25ms
step:2545/3350 train_time:6338.314s step_avg:2490.50ms
step:2546/3350 train_time:6340.156s step_avg:2490.24ms
step:2547/3350 train_time:6343.260s step_avg:2490.48ms
step:2548/3350 train_time:6345.092s step_avg:2490.22ms
step:2549/3350 train_time:6348.190s step_avg:2490.46ms
step:2550/3350 train_time:6350.315s step_avg:2490.32ms
step:2551/3350 train_time:6353.406s step_avg:2490.55ms
step:2552/3350 train_time:6355.233s step_avg:2490.30ms
step:2553/3350 train_time:6358.324s step_avg:2490.53ms
step:2554/3350 train_time:6360.172s step_avg:2490.28ms
step:2555/3350 train_time:6363.274s step_avg:2490.52ms
step:2556/3350 train_time:6365.114s step_avg:2490.26ms
step:2557/3350 train_time:6368.204s step_avg:2490.50ms
step:2558/3350 train_time:6370.050s step_avg:2490.25ms
step:2559/3350 train_time:6373.150s step_avg:2490.48ms
step:2560/3350 train_time:6374.985s step_avg:2490.23ms
step:2561/3350 train_time:6378.082s step_avg:2490.47ms
step:2562/3350 train_time:6379.936s step_avg:2490.22ms
step:2563/3350 train_time:6383.045s step_avg:2490.46ms
step:2564/3350 train_time:6384.878s step_avg:2490.20ms
step:2565/3350 train_time:6387.978s step_avg:2490.44ms
step:2566/3350 train_time:6389.804s step_avg:2490.18ms
step:2567/3350 train_time:6392.916s step_avg:2490.42ms
step:2568/3350 train_time:6394.762s step_avg:2490.17ms
step:2569/3350 train_time:6397.863s step_avg:2490.41ms
step:2570/3350 train_time:6399.710s step_avg:2490.16ms
step:2571/3350 train_time:6402.820s step_avg:2490.40ms
step:2572/3350 train_time:6404.667s step_avg:2490.15ms
step:2573/3350 train_time:6407.764s step_avg:2490.39ms
step:2574/3350 train_time:6409.612s step_avg:2490.14ms
step:2575/3350 train_time:6413.000s step_avg:2490.49ms
step:2576/3350 train_time:6414.846s step_avg:2490.24ms
step:2577/3350 train_time:6417.942s step_avg:2490.47ms
step:2578/3350 train_time:6419.779s step_avg:2490.22ms
step:2579/3350 train_time:6422.868s step_avg:2490.45ms
step:2580/3350 train_time:6424.714s step_avg:2490.20ms
step:2581/3350 train_time:6427.826s step_avg:2490.44ms
step:2582/3350 train_time:6429.672s step_avg:2490.19ms
step:2583/3350 train_time:6432.761s step_avg:2490.42ms
step:2584/3350 train_time:6434.591s step_avg:2490.17ms
step:2585/3350 train_time:6437.698s step_avg:2490.41ms
step:2586/3350 train_time:6439.524s step_avg:2490.15ms
step:2587/3350 train_time:6442.632s step_avg:2490.39ms
step:2588/3350 train_time:6444.456s step_avg:2490.13ms
step:2589/3350 train_time:6447.566s step_avg:2490.37ms
step:2590/3350 train_time:6449.412s step_avg:2490.12ms
step:2591/3350 train_time:6452.505s step_avg:2490.35ms
step:2592/3350 train_time:6454.331s step_avg:2490.10ms
step:2593/3350 train_time:6457.444s step_avg:2490.34ms
step:2594/3350 train_time:6459.286s step_avg:2490.09ms
step:2595/3350 train_time:6462.387s step_avg:2490.32ms
step:2596/3350 train_time:6464.230s step_avg:2490.07ms
step:2597/3350 train_time:6467.337s step_avg:2490.31ms
step:2598/3350 train_time:6469.165s step_avg:2490.06ms
step:2599/3350 train_time:6472.275s step_avg:2490.29ms
step:2600/3350 train_time:6474.417s step_avg:2490.16ms
step:2601/3350 train_time:6477.518s step_avg:2490.40ms
step:2602/3350 train_time:6479.362s step_avg:2490.15ms
step:2603/3350 train_time:6482.459s step_avg:2490.38ms
step:2604/3350 train_time:6484.288s step_avg:2490.13ms
step:2605/3350 train_time:6487.383s step_avg:2490.36ms
step:2606/3350 train_time:6489.212s step_avg:2490.10ms
step:2607/3350 train_time:6492.312s step_avg:2490.34ms
step:2608/3350 train_time:6494.158s step_avg:2490.09ms
step:2609/3350 train_time:6497.263s step_avg:2490.33ms
step:2610/3350 train_time:6499.092s step_avg:2490.07ms
step:2611/3350 train_time:6502.206s step_avg:2490.31ms
step:2612/3350 train_time:6504.050s step_avg:2490.06ms
step:2613/3350 train_time:6507.139s step_avg:2490.29ms
step:2614/3350 train_time:6508.967s step_avg:2490.04ms
step:2615/3350 train_time:6512.062s step_avg:2490.27ms
step:2616/3350 train_time:6513.911s step_avg:2490.03ms
step:2617/3350 train_time:6517.021s step_avg:2490.26ms
step:2618/3350 train_time:6518.850s step_avg:2490.01ms
step:2619/3350 train_time:6521.957s step_avg:2490.25ms
step:2620/3350 train_time:6523.803s step_avg:2490.00ms
step:2621/3350 train_time:6526.913s step_avg:2490.24ms
step:2622/3350 train_time:6528.757s step_avg:2489.99ms
step:2623/3350 train_time:6531.868s step_avg:2490.23ms
step:2624/3350 train_time:6533.716s step_avg:2489.98ms
step:2625/3350 train_time:6537.174s step_avg:2490.35ms
step:2625/3350 val_loss:3.34488 train_time:6537.174s step_avg:2487.71ms
step:2626/3350 train_time:6539.003s step_avg:2490.10ms
step:2627/3350 train_time:6542.116s step_avg:2490.34ms
step:2628/3350 train_time:6543.957s step_avg:2490.09ms
step:2629/3350 train_time:6547.047s step_avg:2490.32ms
step:2630/3350 train_time:6548.894s step_avg:2490.07ms
step:2631/3350 train_time:6551.984s step_avg:2490.30ms
step:2632/3350 train_time:6553.833s step_avg:2490.06ms
step:2633/3350 train_time:6556.926s step_avg:2490.29ms
step:2634/3350 train_time:6558.755s step_avg:2490.04ms
step:2635/3350 train_time:6561.868s step_avg:2490.27ms
step:2636/3350 train_time:6563.715s step_avg:2490.03ms
step:2637/3350 train_time:6566.823s step_avg:2490.26ms
step:2638/3350 train_time:6568.659s step_avg:2490.01ms
step:2639/3350 train_time:6571.762s step_avg:2490.25ms
step:2640/3350 train_time:6573.596s step_avg:2490.00ms
step:2641/3350 train_time:6576.707s step_avg:2490.23ms
step:2642/3350 train_time:6578.533s step_avg:2489.98ms
step:2643/3350 train_time:6581.622s step_avg:2490.21ms
step:2644/3350 train_time:6583.454s step_avg:2489.96ms
step:2645/3350 train_time:6586.564s step_avg:2490.19ms
step:2646/3350 train_time:6588.389s step_avg:2489.94ms
step:2647/3350 train_time:6591.485s step_avg:2490.17ms
step:2648/3350 train_time:6593.313s step_avg:2489.92ms
step:2649/3350 train_time:6596.411s step_avg:2490.15ms
step:2650/3350 train_time:6598.538s step_avg:2490.01ms
step:2651/3350 train_time:6601.632s step_avg:2490.24ms
step:2652/3350 train_time:6603.456s step_avg:2489.99ms
step:2653/3350 train_time:6606.558s step_avg:2490.22ms
step:2654/3350 train_time:6608.390s step_avg:2489.97ms
step:2655/3350 train_time:6611.501s step_avg:2490.21ms
step:2656/3350 train_time:6613.347s step_avg:2489.96ms
step:2657/3350 train_time:6616.460s step_avg:2490.20ms
step:2658/3350 train_time:6618.306s step_avg:2489.96ms
step:2659/3350 train_time:6621.407s step_avg:2490.19ms
step:2660/3350 train_time:6623.242s step_avg:2489.94ms
step:2661/3350 train_time:6626.375s step_avg:2490.18ms
step:2662/3350 train_time:6628.201s step_avg:2489.93ms
step:2663/3350 train_time:6631.311s step_avg:2490.17ms
step:2664/3350 train_time:6633.162s step_avg:2489.93ms
step:2665/3350 train_time:6636.272s step_avg:2490.16ms
step:2666/3350 train_time:6638.120s step_avg:2489.92ms
step:2667/3350 train_time:6641.218s step_avg:2490.15ms
step:2668/3350 train_time:6643.050s step_avg:2489.90ms
step:2669/3350 train_time:6646.146s step_avg:2490.13ms
step:2670/3350 train_time:6647.975s step_avg:2489.88ms
step:2671/3350 train_time:6651.070s step_avg:2490.10ms
step:2672/3350 train_time:6652.914s step_avg:2489.86ms
step:2673/3350 train_time:6656.004s step_avg:2490.09ms
step:2674/3350 train_time:6657.840s step_avg:2489.84ms
step:2675/3350 train_time:6661.220s step_avg:2490.18ms
step:2676/3350 train_time:6663.050s step_avg:2489.93ms
step:2677/3350 train_time:6666.154s step_avg:2490.16ms
step:2678/3350 train_time:6667.979s step_avg:2489.91ms
step:2679/3350 train_time:6671.095s step_avg:2490.14ms
step:2680/3350 train_time:6672.921s step_avg:2489.90ms
step:2681/3350 train_time:6676.031s step_avg:2490.13ms
step:2682/3350 train_time:6677.857s step_avg:2489.88ms
step:2683/3350 train_time:6680.966s step_avg:2490.11ms
step:2684/3350 train_time:6682.796s step_avg:2489.86ms
step:2685/3350 train_time:6685.905s step_avg:2490.10ms
step:2686/3350 train_time:6687.751s step_avg:2489.86ms
step:2687/3350 train_time:6690.845s step_avg:2490.08ms
step:2688/3350 train_time:6692.692s step_avg:2489.84ms
step:2689/3350 train_time:6695.790s step_avg:2490.07ms
step:2690/3350 train_time:6697.620s step_avg:2489.82ms
step:2691/3350 train_time:6700.733s step_avg:2490.05ms
step:2692/3350 train_time:6702.582s step_avg:2489.81ms
step:2693/3350 train_time:6705.682s step_avg:2490.04ms
step:2694/3350 train_time:6707.529s step_avg:2489.80ms
step:2695/3350 train_time:6710.640s step_avg:2490.03ms
step:2696/3350 train_time:6712.464s step_avg:2489.79ms
step:2697/3350 train_time:6715.561s step_avg:2490.01ms
step:2698/3350 train_time:6717.410s step_avg:2489.77ms
step:2699/3350 train_time:6720.521s step_avg:2490.00ms
step:2700/3350 train_time:6722.656s step_avg:2489.87ms
step:2701/3350 train_time:6725.746s step_avg:2490.09ms
step:2702/3350 train_time:6727.589s step_avg:2489.86ms
step:2703/3350 train_time:6730.692s step_avg:2490.08ms
step:2704/3350 train_time:6732.536s step_avg:2489.84ms
step:2705/3350 train_time:6735.638s step_avg:2490.07ms
step:2706/3350 train_time:6737.469s step_avg:2489.83ms
step:2707/3350 train_time:6740.566s step_avg:2490.05ms
step:2708/3350 train_time:6742.395s step_avg:2489.81ms
step:2709/3350 train_time:6745.505s step_avg:2490.04ms
step:2710/3350 train_time:6747.340s step_avg:2489.79ms
step:2711/3350 train_time:6750.453s step_avg:2490.02ms
step:2712/3350 train_time:6752.277s step_avg:2489.78ms
step:2713/3350 train_time:6755.388s step_avg:2490.01ms
step:2714/3350 train_time:6757.218s step_avg:2489.76ms
step:2715/3350 train_time:6760.316s step_avg:2489.99ms
step:2716/3350 train_time:6762.165s step_avg:2489.75ms
step:2717/3350 train_time:6765.275s step_avg:2489.98ms
step:2718/3350 train_time:6767.103s step_avg:2489.74ms
step:2719/3350 train_time:6770.202s step_avg:2489.96ms
step:2720/3350 train_time:6772.028s step_avg:2489.72ms
step:2721/3350 train_time:6775.138s step_avg:2489.94ms
step:2722/3350 train_time:6776.971s step_avg:2489.70ms
step:2723/3350 train_time:6780.086s step_avg:2489.93ms
step:2724/3350 train_time:6781.911s step_avg:2489.69ms
step:2725/3350 train_time:6785.290s step_avg:2490.01ms
step:2726/3350 train_time:6787.133s step_avg:2489.78ms
step:2727/3350 train_time:6790.246s step_avg:2490.01ms
step:2728/3350 train_time:6792.095s step_avg:2489.77ms
step:2729/3350 train_time:6795.193s step_avg:2489.99ms
step:2730/3350 train_time:6797.040s step_avg:2489.76ms
step:2731/3350 train_time:6800.139s step_avg:2489.98ms
step:2732/3350 train_time:6801.982s step_avg:2489.74ms
step:2733/3350 train_time:6805.072s step_avg:2489.96ms
step:2734/3350 train_time:6806.920s step_avg:2489.73ms
step:2735/3350 train_time:6810.033s step_avg:2489.96ms
step:2736/3350 train_time:6811.878s step_avg:2489.72ms
step:2737/3350 train_time:6814.975s step_avg:2489.94ms
step:2738/3350 train_time:6816.809s step_avg:2489.70ms
step:2739/3350 train_time:6819.922s step_avg:2489.93ms
step:2740/3350 train_time:6821.752s step_avg:2489.69ms
step:2741/3350 train_time:6824.842s step_avg:2489.91ms
step:2742/3350 train_time:6826.687s step_avg:2489.67ms
step:2743/3350 train_time:6829.804s step_avg:2489.90ms
step:2744/3350 train_time:6831.639s step_avg:2489.66ms
step:2745/3350 train_time:6834.750s step_avg:2489.89ms
step:2746/3350 train_time:6836.579s step_avg:2489.65ms
step:2747/3350 train_time:6839.687s step_avg:2489.88ms
step:2748/3350 train_time:6841.532s step_avg:2489.64ms
step:2749/3350 train_time:6844.642s step_avg:2489.87ms
step:2750/3350 train_time:6846.842s step_avg:2489.76ms
step:2750/3350 val_loss:3.32865 train_time:6846.842s step_avg:2477.34ms
step:2751/3350 train_time:6849.930s step_avg:2489.98ms
step:2752/3350 train_time:6851.762s step_avg:2489.74ms
step:2753/3350 train_time:6854.860s step_avg:2489.96ms
step:2754/3350 train_time:6856.696s step_avg:2489.72ms
step:2755/3350 train_time:6859.809s step_avg:2489.95ms
step:2756/3350 train_time:6861.642s step_avg:2489.71ms
step:2757/3350 train_time:6864.750s step_avg:2489.93ms
step:2758/3350 train_time:6866.580s step_avg:2489.70ms
step:2759/3350 train_time:6869.693s step_avg:2489.92ms
step:2760/3350 train_time:6871.517s step_avg:2489.68ms
step:2761/3350 train_time:6874.631s step_avg:2489.91ms
step:2762/3350 train_time:6876.478s step_avg:2489.67ms
step:2763/3350 train_time:6879.565s step_avg:2489.89ms
step:2764/3350 train_time:6881.395s step_avg:2489.65ms
step:2765/3350 train_time:6884.491s step_avg:2489.87ms
step:2766/3350 train_time:6886.326s step_avg:2489.63ms
step:2767/3350 train_time:6889.448s step_avg:2489.86ms
step:2768/3350 train_time:6891.284s step_avg:2489.63ms
step:2769/3350 train_time:6894.388s step_avg:2489.85ms
step:2770/3350 train_time:6896.234s step_avg:2489.61ms
step:2771/3350 train_time:6899.322s step_avg:2489.83ms
step:2772/3350 train_time:6901.155s step_avg:2489.59ms
step:2773/3350 train_time:6904.267s step_avg:2489.82ms
step:2774/3350 train_time:6906.105s step_avg:2489.58ms
step:2775/3350 train_time:6909.483s step_avg:2489.90ms
step:2776/3350 train_time:6911.328s step_avg:2489.67ms
step:2777/3350 train_time:6914.421s step_avg:2489.89ms
step:2778/3350 train_time:6916.268s step_avg:2489.66ms
step:2779/3350 train_time:6919.380s step_avg:2489.88ms
step:2780/3350 train_time:6921.203s step_avg:2489.64ms
step:2781/3350 train_time:6924.313s step_avg:2489.86ms
step:2782/3350 train_time:6926.136s step_avg:2489.62ms
step:2783/3350 train_time:6929.235s step_avg:2489.84ms
step:2784/3350 train_time:6931.060s step_avg:2489.60ms
step:2785/3350 train_time:6934.155s step_avg:2489.82ms
step:2786/3350 train_time:6935.998s step_avg:2489.59ms
step:2787/3350 train_time:6939.087s step_avg:2489.81ms
step:2788/3350 train_time:6940.910s step_avg:2489.57ms
step:2789/3350 train_time:6944.004s step_avg:2489.78ms
step:2790/3350 train_time:6945.836s step_avg:2489.55ms
step:2791/3350 train_time:6948.931s step_avg:2489.76ms
step:2792/3350 train_time:6950.755s step_avg:2489.53ms
step:2793/3350 train_time:6953.862s step_avg:2489.75ms
step:2794/3350 train_time:6955.705s step_avg:2489.51ms
step:2795/3350 train_time:6958.818s step_avg:2489.74ms
step:2796/3350 train_time:6960.642s step_avg:2489.50ms
step:2797/3350 train_time:6963.737s step_avg:2489.72ms
step:2798/3350 train_time:6965.564s step_avg:2489.48ms
step:2799/3350 train_time:6968.672s step_avg:2489.70ms
step:2800/3350 train_time:6970.802s step_avg:2489.57ms
step:2801/3350 train_time:6973.894s step_avg:2489.79ms
step:2802/3350 train_time:6975.742s step_avg:2489.56ms
step:2803/3350 train_time:6978.838s step_avg:2489.77ms
step:2804/3350 train_time:6980.688s step_avg:2489.55ms
step:2805/3350 train_time:6983.781s step_avg:2489.76ms
step:2806/3350 train_time:6985.628s step_avg:2489.53ms
step:2807/3350 train_time:6988.726s step_avg:2489.75ms
step:2808/3350 train_time:6990.552s step_avg:2489.51ms
step:2809/3350 train_time:6993.651s step_avg:2489.73ms
step:2810/3350 train_time:6995.494s step_avg:2489.50ms
step:2811/3350 train_time:6998.587s step_avg:2489.71ms
step:2812/3350 train_time:7000.433s step_avg:2489.49ms
step:2813/3350 train_time:7003.520s step_avg:2489.70ms
step:2814/3350 train_time:7005.357s step_avg:2489.47ms
step:2815/3350 train_time:7008.453s step_avg:2489.68ms
step:2816/3350 train_time:7010.299s step_avg:2489.45ms
step:2817/3350 train_time:7013.394s step_avg:2489.67ms
step:2818/3350 train_time:7015.218s step_avg:2489.43ms
step:2819/3350 train_time:7018.314s step_avg:2489.65ms
step:2820/3350 train_time:7020.141s step_avg:2489.41ms
step:2821/3350 train_time:7023.240s step_avg:2489.63ms
step:2822/3350 train_time:7025.085s step_avg:2489.40ms
step:2823/3350 train_time:7028.190s step_avg:2489.62ms
step:2824/3350 train_time:7030.021s step_avg:2489.38ms
step:2825/3350 train_time:7033.418s step_avg:2489.71ms
step:2826/3350 train_time:7035.265s step_avg:2489.48ms
step:2827/3350 train_time:7038.371s step_avg:2489.70ms
step:2828/3350 train_time:7040.218s step_avg:2489.47ms
step:2829/3350 train_time:7043.331s step_avg:2489.69ms
step:2830/3350 train_time:7045.160s step_avg:2489.46ms
step:2831/3350 train_time:7048.268s step_avg:2489.67ms
step:2832/3350 train_time:7050.114s step_avg:2489.45ms
step:2833/3350 train_time:7053.209s step_avg:2489.66ms
step:2834/3350 train_time:7055.055s step_avg:2489.43ms
step:2835/3350 train_time:7058.152s step_avg:2489.65ms
step:2836/3350 train_time:7060.001s step_avg:2489.42ms
step:2837/3350 train_time:7063.094s step_avg:2489.63ms
step:2838/3350 train_time:7064.938s step_avg:2489.41ms
step:2839/3350 train_time:7068.049s step_avg:2489.63ms
step:2840/3350 train_time:7069.883s step_avg:2489.40ms
step:2841/3350 train_time:7072.979s step_avg:2489.61ms
step:2842/3350 train_time:7074.809s step_avg:2489.38ms
step:2843/3350 train_time:7077.922s step_avg:2489.60ms
step:2844/3350 train_time:7079.746s step_avg:2489.36ms
step:2845/3350 train_time:7082.852s step_avg:2489.58ms
step:2846/3350 train_time:7084.685s step_avg:2489.35ms
step:2847/3350 train_time:7087.797s step_avg:2489.57ms
step:2848/3350 train_time:7089.631s step_avg:2489.34ms
step:2849/3350 train_time:7092.775s step_avg:2489.57ms
step:2850/3350 train_time:7094.946s step_avg:2489.45ms
step:2851/3350 train_time:7098.117s step_avg:2489.69ms
step:2852/3350 train_time:7099.992s step_avg:2489.48ms
step:2853/3350 train_time:7103.138s step_avg:2489.71ms
step:2854/3350 train_time:7105.014s step_avg:2489.49ms
step:2855/3350 train_time:7108.170s step_avg:2489.73ms
step:2856/3350 train_time:7110.037s step_avg:2489.51ms
step:2857/3350 train_time:7113.170s step_avg:2489.73ms
step:2858/3350 train_time:7115.045s step_avg:2489.52ms
step:2859/3350 train_time:7118.186s step_avg:2489.75ms
step:2860/3350 train_time:7120.068s step_avg:2489.53ms
step:2861/3350 train_time:7123.212s step_avg:2489.76ms
step:2862/3350 train_time:7125.091s step_avg:2489.55ms
step:2863/3350 train_time:7128.232s step_avg:2489.78ms
step:2864/3350 train_time:7130.112s step_avg:2489.56ms
step:2865/3350 train_time:7133.264s step_avg:2489.80ms
step:2866/3350 train_time:7135.143s step_avg:2489.58ms
step:2867/3350 train_time:7138.294s step_avg:2489.81ms
step:2868/3350 train_time:7140.173s step_avg:2489.60ms
step:2869/3350 train_time:7143.309s step_avg:2489.83ms
step:2870/3350 train_time:7145.191s step_avg:2489.61ms
step:2871/3350 train_time:7148.345s step_avg:2489.84ms
step:2872/3350 train_time:7150.221s step_avg:2489.63ms
step:2873/3350 train_time:7153.368s step_avg:2489.86ms
step:2874/3350 train_time:7155.240s step_avg:2489.65ms
step:2875/3350 train_time:7158.741s step_avg:2490.00ms
step:2875/3350 val_loss:3.31341 train_time:7158.741s step_avg:2495.19ms
step:2876/3350 train_time:7160.613s step_avg:2489.78ms
step:2877/3350 train_time:7163.751s step_avg:2490.01ms
step:2878/3350 train_time:7165.621s step_avg:2489.79ms
step:2879/3350 train_time:7168.753s step_avg:2490.01ms
step:2880/3350 train_time:7170.627s step_avg:2489.80ms
step:2881/3350 train_time:7173.773s step_avg:2490.03ms
step:2882/3350 train_time:7175.652s step_avg:2489.82ms
step:2883/3350 train_time:7178.783s step_avg:2490.04ms
step:2884/3350 train_time:7180.646s step_avg:2489.82ms
step:2885/3350 train_time:7183.784s step_avg:2490.05ms
step:2886/3350 train_time:7185.654s step_avg:2489.83ms
step:2887/3350 train_time:7188.800s step_avg:2490.06ms
step:2888/3350 train_time:7190.664s step_avg:2489.84ms
step:2889/3350 train_time:7193.805s step_avg:2490.07ms
step:2890/3350 train_time:7195.688s step_avg:2489.86ms
step:2891/3350 train_time:7198.828s step_avg:2490.08ms
step:2892/3350 train_time:7200.706s step_avg:2489.87ms
step:2893/3350 train_time:7203.843s step_avg:2490.09ms
step:2894/3350 train_time:7205.714s step_avg:2489.88ms
step:2895/3350 train_time:7208.844s step_avg:2490.10ms
step:2896/3350 train_time:7210.724s step_avg:2489.89ms
step:2897/3350 train_time:7213.860s step_avg:2490.11ms
step:2898/3350 train_time:7215.726s step_avg:2489.90ms
step:2899/3350 train_time:7218.857s step_avg:2490.12ms
step:2900/3350 train_time:7221.027s step_avg:2490.01ms
step:2901/3350 train_time:7224.161s step_avg:2490.23ms
step:2902/3350 train_time:7226.046s step_avg:2490.02ms
step:2903/3350 train_time:7229.185s step_avg:2490.25ms
step:2904/3350 train_time:7231.049s step_avg:2490.03ms
step:2905/3350 train_time:7234.187s step_avg:2490.25ms
step:2906/3350 train_time:7236.072s step_avg:2490.05ms
step:2907/3350 train_time:7239.227s step_avg:2490.27ms
step:2908/3350 train_time:7241.107s step_avg:2490.06ms
step:2909/3350 train_time:7244.254s step_avg:2490.29ms
step:2910/3350 train_time:7246.138s step_avg:2490.08ms
step:2911/3350 train_time:7249.271s step_avg:2490.30ms
step:2912/3350 train_time:7251.136s step_avg:2490.09ms
step:2913/3350 train_time:7254.277s step_avg:2490.31ms
step:2914/3350 train_time:7256.154s step_avg:2490.10ms
step:2915/3350 train_time:7259.285s step_avg:2490.32ms
step:2916/3350 train_time:7261.169s step_avg:2490.11ms
step:2917/3350 train_time:7264.309s step_avg:2490.34ms
step:2918/3350 train_time:7266.185s step_avg:2490.13ms
step:2919/3350 train_time:7269.323s step_avg:2490.35ms
step:2920/3350 train_time:7271.200s step_avg:2490.14ms
step:2921/3350 train_time:7274.333s step_avg:2490.36ms
step:2922/3350 train_time:7276.201s step_avg:2490.14ms
step:2923/3350 train_time:7279.345s step_avg:2490.37ms
step:2924/3350 train_time:7281.208s step_avg:2490.15ms
step:2925/3350 train_time:7284.629s step_avg:2490.47ms
step:2926/3350 train_time:7286.493s step_avg:2490.26ms
step:2927/3350 train_time:7289.631s step_avg:2490.48ms
step:2928/3350 train_time:7291.507s step_avg:2490.27ms
step:2929/3350 train_time:7294.645s step_avg:2490.49ms
step:2930/3350 train_time:7296.517s step_avg:2490.28ms
step:2931/3350 train_time:7299.664s step_avg:2490.50ms
step:2932/3350 train_time:7301.530s step_avg:2490.29ms
step:2933/3350 train_time:7304.664s step_avg:2490.51ms
step:2934/3350 train_time:7306.543s step_avg:2490.30ms
step:2935/3350 train_time:7309.673s step_avg:2490.52ms
step:2936/3350 train_time:7311.539s step_avg:2490.31ms
step:2937/3350 train_time:7314.668s step_avg:2490.52ms
step:2938/3350 train_time:7316.551s step_avg:2490.32ms
step:2939/3350 train_time:7319.685s step_avg:2490.54ms
step:2940/3350 train_time:7321.556s step_avg:2490.33ms
step:2941/3350 train_time:7324.704s step_avg:2490.55ms
step:2942/3350 train_time:7326.578s step_avg:2490.34ms
step:2943/3350 train_time:7329.723s step_avg:2490.56ms
step:2944/3350 train_time:7331.603s step_avg:2490.35ms
step:2945/3350 train_time:7334.745s step_avg:2490.58ms
step:2946/3350 train_time:7336.611s step_avg:2490.36ms
step:2947/3350 train_time:7339.745s step_avg:2490.58ms
step:2948/3350 train_time:7341.609s step_avg:2490.37ms
step:2949/3350 train_time:7344.741s step_avg:2490.59ms
step:2950/3350 train_time:7346.901s step_avg:2490.47ms
step:2951/3350 train_time:7350.031s step_avg:2490.69ms
step:2952/3350 train_time:7351.899s step_avg:2490.48ms
step:2953/3350 train_time:7355.031s step_avg:2490.70ms
step:2954/3350 train_time:7356.897s step_avg:2490.49ms
step:2955/3350 train_time:7360.036s step_avg:2490.71ms
step:2956/3350 train_time:7361.913s step_avg:2490.50ms
step:2957/3350 train_time:7365.047s step_avg:2490.72ms
step:2958/3350 train_time:7366.928s step_avg:2490.51ms
step:2959/3350 train_time:7370.068s step_avg:2490.73ms
step:2960/3350 train_time:7371.941s step_avg:2490.52ms
step:2961/3350 train_time:7375.081s step_avg:2490.74ms
step:2962/3350 train_time:7376.947s step_avg:2490.53ms
step:2963/3350 train_time:7380.087s step_avg:2490.75ms
step:2964/3350 train_time:7381.953s step_avg:2490.54ms
step:2965/3350 train_time:7385.097s step_avg:2490.76ms
step:2966/3350 train_time:7386.963s step_avg:2490.55ms
step:2967/3350 train_time:7390.100s step_avg:2490.76ms
step:2968/3350 train_time:7391.982s step_avg:2490.56ms
step:2969/3350 train_time:7395.125s step_avg:2490.78ms
step:2970/3350 train_time:7396.994s step_avg:2490.57ms
step:2971/3350 train_time:7400.135s step_avg:2490.79ms
step:2972/3350 train_time:7402.016s step_avg:2490.58ms
step:2973/3350 train_time:7405.163s step_avg:2490.81ms
step:2974/3350 train_time:7407.034s step_avg:2490.60ms
step:2975/3350 train_time:7410.457s step_avg:2490.91ms
step:2976/3350 train_time:7412.331s step_avg:2490.70ms
step:2977/3350 train_time:7415.465s step_avg:2490.92ms
step:2978/3350 train_time:7417.338s step_avg:2490.71ms
step:2979/3350 train_time:7420.471s step_avg:2490.93ms
step:2980/3350 train_time:7422.346s step_avg:2490.72ms
step:2981/3350 train_time:7425.486s step_avg:2490.94ms
step:2982/3350 train_time:7427.351s step_avg:2490.73ms
step:2983/3350 train_time:7430.490s step_avg:2490.95ms
step:2984/3350 train_time:7432.361s step_avg:2490.74ms
step:2985/3350 train_time:7435.501s step_avg:2490.96ms
step:2986/3350 train_time:7437.369s step_avg:2490.75ms
step:2987/3350 train_time:7440.509s step_avg:2490.96ms
step:2988/3350 train_time:7442.382s step_avg:2490.76ms
step:2989/3350 train_time:7445.523s step_avg:2490.97ms
step:2990/3350 train_time:7447.400s step_avg:2490.77ms
step:2991/3350 train_time:7450.544s step_avg:2490.99ms
step:2992/3350 train_time:7452.406s step_avg:2490.78ms
step:2993/3350 train_time:7455.549s step_avg:2491.00ms
step:2994/3350 train_time:7457.416s step_avg:2490.79ms
step:2995/3350 train_time:7460.555s step_avg:2491.00ms
step:2996/3350 train_time:7462.422s step_avg:2490.80ms
step:2997/3350 train_time:7465.561s step_avg:2491.01ms
step:2998/3350 train_time:7467.425s step_avg:2490.80ms
step:2999/3350 train_time:7470.569s step_avg:2491.02ms
step:3000/3350 train_time:7472.807s step_avg:2490.94ms
step:3000/3350 val_loss:3.29721 train_time:7472.808s step_avg:2512.53ms
step:3001/3350 train_time:7475.950s step_avg:2491.15ms
step:3002/3350 train_time:7477.821s step_avg:2490.95ms
step:3003/3350 train_time:7480.952s step_avg:2491.16ms
step:3004/3350 train_time:7482.836s step_avg:2490.96ms
step:3005/3350 train_time:7485.985s step_avg:2491.18ms
step:3006/3350 train_time:7487.858s step_avg:2490.97ms
step:3007/3350 train_time:7490.998s step_avg:2491.19ms
step:3008/3350 train_time:7492.870s step_avg:2490.98ms
step:3009/3350 train_time:7496.017s step_avg:2491.20ms
step:3010/3350 train_time:7497.891s step_avg:2490.99ms
step:3011/3350 train_time:7501.032s step_avg:2491.21ms
step:3012/3350 train_time:7502.905s step_avg:2491.00ms
step:3013/3350 train_time:7506.042s step_avg:2491.22ms
step:3014/3350 train_time:7507.921s step_avg:2491.02ms
step:3015/3350 train_time:7511.060s step_avg:2491.23ms
step:3016/3350 train_time:7512.935s step_avg:2491.03ms
step:3017/3350 train_time:7516.088s step_avg:2491.25ms
step:3018/3350 train_time:7517.973s step_avg:2491.04ms
step:3019/3350 train_time:7521.120s step_avg:2491.26ms
step:3020/3350 train_time:7522.994s step_avg:2491.06ms
step:3021/3350 train_time:7526.143s step_avg:2491.28ms
step:3022/3350 train_time:7528.028s step_avg:2491.07ms
step:3023/3350 train_time:7531.165s step_avg:2491.29ms
step:3024/3350 train_time:7533.046s step_avg:2491.09ms
step:3025/3350 train_time:7536.488s step_avg:2491.40ms
step:3025/3350 val_loss:3.29369 train_time:7536.488s step_avg:2547.23ms
step:3026/3350 train_time:7538.363s step_avg:2491.20ms
step:3027/3350 train_time:7541.510s step_avg:2491.41ms
step:3028/3350 train_time:7543.378s step_avg:2491.21ms
step:3029/3350 train_time:7546.533s step_avg:2491.43ms
step:3030/3350 train_time:7548.401s step_avg:2491.22ms
step:3031/3350 train_time:7551.557s step_avg:2491.44ms
step:3032/3350 train_time:7553.431s step_avg:2491.24ms
step:3033/3350 train_time:7556.576s step_avg:2491.45ms
step:3034/3350 train_time:7558.448s step_avg:2491.25ms
step:3035/3350 train_time:7561.591s step_avg:2491.46ms
step:3036/3350 train_time:7563.471s step_avg:2491.26ms
step:3037/3350 train_time:7566.616s step_avg:2491.48ms
step:3038/3350 train_time:7568.497s step_avg:2491.28ms
step:3039/3350 train_time:7571.646s step_avg:2491.49ms
step:3040/3350 train_time:7573.528s step_avg:2491.29ms
step:3041/3350 train_time:7576.708s step_avg:2491.52ms
step:3042/3350 train_time:7578.587s step_avg:2491.32ms
step:3043/3350 train_time:7581.720s step_avg:2491.53ms
step:3044/3350 train_time:7583.587s step_avg:2491.32ms
step:3045/3350 train_time:7586.730s step_avg:2491.54ms
step:3046/3350 train_time:7588.612s step_avg:2491.34ms
step:3047/3350 train_time:7591.753s step_avg:2491.55ms
step:3048/3350 train_time:7593.631s step_avg:2491.35ms
step:3049/3350 train_time:7596.774s step_avg:2491.56ms
step:3050/3350 train_time:7598.935s step_avg:2491.45ms
step:3050/3350 val_loss:3.29080 train_time:7598.935s step_avg:2497.86ms
step:3051/3350 train_time:7602.071s step_avg:2491.67ms
step:3052/3350 train_time:7603.936s step_avg:2491.46ms
step:3053/3350 train_time:7607.076s step_avg:2491.67ms
step:3054/3350 train_time:7608.959s step_avg:2491.47ms
step:3055/3350 train_time:7612.103s step_avg:2491.69ms
step:3056/3350 train_time:7613.986s step_avg:2491.49ms
step:3057/3350 train_time:7617.133s step_avg:2491.70ms
step:3058/3350 train_time:7619.005s step_avg:2491.50ms
step:3059/3350 train_time:7622.145s step_avg:2491.71ms
step:3060/3350 train_time:7624.018s step_avg:2491.51ms
step:3061/3350 train_time:7627.158s step_avg:2491.72ms
step:3062/3350 train_time:7629.039s step_avg:2491.52ms
step:3063/3350 train_time:7632.174s step_avg:2491.73ms
step:3064/3350 train_time:7634.046s step_avg:2491.53ms
step:3065/3350 train_time:7637.187s step_avg:2491.74ms
step:3066/3350 train_time:7639.066s step_avg:2491.54ms
step:3067/3350 train_time:7642.214s step_avg:2491.76ms
step:3068/3350 train_time:7644.077s step_avg:2491.55ms
step:3069/3350 train_time:7647.222s step_avg:2491.76ms
step:3070/3350 train_time:7649.100s step_avg:2491.56ms
step:3071/3350 train_time:7652.251s step_avg:2491.78ms
step:3072/3350 train_time:7654.133s step_avg:2491.58ms
step:3073/3350 train_time:7657.271s step_avg:2491.79ms
step:3074/3350 train_time:7659.136s step_avg:2491.59ms
step:3075/3350 train_time:7662.562s step_avg:2491.89ms
step:3075/3350 val_loss:3.28761 train_time:7662.563s step_avg:2545.11ms
step:3076/3350 train_time:7664.442s step_avg:2491.69ms
step:3077/3350 train_time:7667.587s step_avg:2491.90ms
step:3078/3350 train_time:7669.454s step_avg:2491.70ms
step:3079/3350 train_time:7672.585s step_avg:2491.91ms
step:3080/3350 train_time:7674.456s step_avg:2491.71ms
step:3081/3350 train_time:7677.601s step_avg:2491.92ms
step:3082/3350 train_time:7679.466s step_avg:2491.72ms
step:3083/3350 train_time:7682.613s step_avg:2491.93ms
step:3084/3350 train_time:7684.494s step_avg:2491.73ms
step:3085/3350 train_time:7687.639s step_avg:2491.94ms
step:3086/3350 train_time:7689.509s step_avg:2491.74ms
step:3087/3350 train_time:7692.642s step_avg:2491.95ms
step:3088/3350 train_time:7694.518s step_avg:2491.75ms
step:3089/3350 train_time:7697.655s step_avg:2491.96ms
step:3090/3350 train_time:7699.529s step_avg:2491.76ms
step:3091/3350 train_time:7702.659s step_avg:2491.96ms
step:3092/3350 train_time:7704.539s step_avg:2491.77ms
step:3093/3350 train_time:7707.672s step_avg:2491.97ms
step:3094/3350 train_time:7709.556s step_avg:2491.78ms
step:3095/3350 train_time:7712.701s step_avg:2491.99ms
step:3096/3350 train_time:7714.583s step_avg:2491.79ms
step:3097/3350 train_time:7717.728s step_avg:2492.00ms
step:3098/3350 train_time:7719.610s step_avg:2491.80ms
step:3099/3350 train_time:7722.764s step_avg:2492.02ms
step:3100/3350 train_time:7724.931s step_avg:2491.91ms
step:3100/3350 val_loss:3.28486 train_time:7724.932s step_avg:2494.77ms
step:3101/3350 train_time:7728.067s step_avg:2492.12ms
step:3102/3350 train_time:7729.939s step_avg:2491.92ms
step:3103/3350 train_time:7733.086s step_avg:2492.13ms
step:3104/3350 train_time:7734.952s step_avg:2491.93ms
step:3105/3350 train_time:7738.101s step_avg:2492.14ms
step:3106/3350 train_time:7739.977s step_avg:2491.94ms
step:3107/3350 train_time:7743.126s step_avg:2492.16ms
step:3108/3350 train_time:7744.996s step_avg:2491.96ms
step:3109/3350 train_time:7748.147s step_avg:2492.17ms
step:3110/3350 train_time:7750.018s step_avg:2491.97ms
step:3111/3350 train_time:7753.156s step_avg:2492.17ms
step:3112/3350 train_time:7755.039s step_avg:2491.98ms
step:3113/3350 train_time:7758.186s step_avg:2492.19ms
step:3114/3350 train_time:7760.060s step_avg:2491.99ms
step:3115/3350 train_time:7763.202s step_avg:2492.20ms
step:3116/3350 train_time:7765.083s step_avg:2492.00ms
step:3117/3350 train_time:7768.226s step_avg:2492.21ms
step:3118/3350 train_time:7770.091s step_avg:2492.01ms
step:3119/3350 train_time:7773.225s step_avg:2492.22ms
step:3120/3350 train_time:7775.094s step_avg:2492.02ms
step:3121/3350 train_time:7778.227s step_avg:2492.22ms
step:3122/3350 train_time:7780.110s step_avg:2492.03ms
step:3123/3350 train_time:7783.248s step_avg:2492.23ms
step:3124/3350 train_time:7785.114s step_avg:2492.03ms
step:3125/3350 train_time:7788.602s step_avg:2492.35ms
step:3125/3350 val_loss:3.28212 train_time:7788.602s step_avg:2546.83ms
step:3126/3350 train_time:7790.488s step_avg:2492.16ms
step:3127/3350 train_time:7793.640s step_avg:2492.37ms
step:3128/3350 train_time:7795.510s step_avg:2492.17ms
step:3129/3350 train_time:7798.651s step_avg:2492.38ms
step:3130/3350 train_time:7800.532s step_avg:2492.18ms
step:3131/3350 train_time:7803.679s step_avg:2492.39ms
step:3132/3350 train_time:7805.560s step_avg:2492.20ms
step:3133/3350 train_time:7808.701s step_avg:2492.40ms
step:3134/3350 train_time:7810.582s step_avg:2492.21ms
step:3135/3350 train_time:7813.720s step_avg:2492.41ms
step:3136/3350 train_time:7815.583s step_avg:2492.21ms
step:3137/3350 train_time:7818.717s step_avg:2492.42ms
step:3138/3350 train_time:7820.594s step_avg:2492.22ms
step:3139/3350 train_time:7823.741s step_avg:2492.43ms
step:3140/3350 train_time:7825.612s step_avg:2492.23ms
step:3141/3350 train_time:7828.759s step_avg:2492.44ms
step:3142/3350 train_time:7830.625s step_avg:2492.24ms
step:3143/3350 train_time:7833.773s step_avg:2492.45ms
step:3144/3350 train_time:7835.645s step_avg:2492.25ms
step:3145/3350 train_time:7838.797s step_avg:2492.46ms
step:3146/3350 train_time:7840.660s step_avg:2492.26ms
step:3147/3350 train_time:7843.803s step_avg:2492.47ms
step:3148/3350 train_time:7845.669s step_avg:2492.27ms
step:3149/3350 train_time:7848.816s step_avg:2492.48ms
step:3150/3350 train_time:7850.979s step_avg:2492.37ms
step:3150/3350 val_loss:3.27887 train_time:7850.980s step_avg:2495.09ms
step:3151/3350 train_time:7854.122s step_avg:2492.58ms
step:3152/3350 train_time:7855.989s step_avg:2492.38ms
step:3153/3350 train_time:7859.145s step_avg:2492.59ms
step:3154/3350 train_time:7861.016s step_avg:2492.40ms
step:3155/3350 train_time:7864.167s step_avg:2492.60ms
step:3156/3350 train_time:7866.049s step_avg:2492.41ms
step:3157/3350 train_time:7869.194s step_avg:2492.62ms
step:3158/3350 train_time:7871.075s step_avg:2492.42ms
step:3159/3350 train_time:7874.226s step_avg:2492.63ms
step:3160/3350 train_time:7876.096s step_avg:2492.44ms
step:3161/3350 train_time:7879.241s step_avg:2492.64ms
step:3162/3350 train_time:7881.112s step_avg:2492.45ms
step:3163/3350 train_time:7884.257s step_avg:2492.65ms
step:3164/3350 train_time:7886.134s step_avg:2492.46ms
step:3165/3350 train_time:7889.286s step_avg:2492.67ms
step:3166/3350 train_time:7891.168s step_avg:2492.47ms
step:3167/3350 train_time:7894.316s step_avg:2492.68ms
step:3168/3350 train_time:7896.183s step_avg:2492.48ms
step:3169/3350 train_time:7899.327s step_avg:2492.69ms
step:3170/3350 train_time:7901.199s step_avg:2492.49ms
step:3171/3350 train_time:7904.336s step_avg:2492.69ms
step:3172/3350 train_time:7906.209s step_avg:2492.50ms
step:3173/3350 train_time:7909.355s step_avg:2492.71ms
step:3174/3350 train_time:7911.228s step_avg:2492.51ms
step:3175/3350 train_time:7914.660s step_avg:2492.81ms
step:3175/3350 val_loss:3.27630 train_time:7914.660s step_avg:2547.22ms
step:3176/3350 train_time:7916.532s step_avg:2492.61ms
step:3177/3350 train_time:7919.674s step_avg:2492.82ms
step:3178/3350 train_time:7921.538s step_avg:2492.62ms
step:3179/3350 train_time:7924.692s step_avg:2492.83ms
step:3180/3350 train_time:7926.556s step_avg:2492.63ms
step:3181/3350 train_time:7929.702s step_avg:2492.83ms
step:3182/3350 train_time:7931.578s step_avg:2492.64ms
step:3183/3350 train_time:7934.723s step_avg:2492.84ms
step:3184/3350 train_time:7936.589s step_avg:2492.65ms
step:3185/3350 train_time:7939.738s step_avg:2492.85ms
step:3186/3350 train_time:7941.620s step_avg:2492.66ms
step:3187/3350 train_time:7944.763s step_avg:2492.87ms
step:3188/3350 train_time:7946.626s step_avg:2492.67ms
step:3189/3350 train_time:7949.766s step_avg:2492.87ms
step:3190/3350 train_time:7951.647s step_avg:2492.68ms
step:3191/3350 train_time:7954.793s step_avg:2492.88ms
step:3192/3350 train_time:7956.670s step_avg:2492.69ms
step:3193/3350 train_time:7959.805s step_avg:2492.89ms
step:3194/3350 train_time:7961.675s step_avg:2492.70ms
step:3195/3350 train_time:7964.820s step_avg:2492.90ms
step:3196/3350 train_time:7966.684s step_avg:2492.70ms
step:3197/3350 train_time:7969.822s step_avg:2492.91ms
step:3198/3350 train_time:7971.688s step_avg:2492.71ms
step:3199/3350 train_time:7974.821s step_avg:2492.91ms
step:3200/3350 train_time:7976.992s step_avg:2492.81ms
step:3200/3350 val_loss:3.27373 train_time:7976.993s step_avg:2493.30ms
step:3201/3350 train_time:7980.140s step_avg:2493.01ms
step:3202/3350 train_time:7982.012s step_avg:2492.82ms
step:3203/3350 train_time:7985.164s step_avg:2493.03ms
step:3204/3350 train_time:7987.033s step_avg:2492.83ms
step:3205/3350 train_time:7990.178s step_avg:2493.04ms
step:3206/3350 train_time:7992.061s step_avg:2492.85ms
step:3207/3350 train_time:7995.198s step_avg:2493.05ms
step:3208/3350 train_time:7997.083s step_avg:2492.86ms
step:3209/3350 train_time:8000.220s step_avg:2493.06ms
step:3210/3350 train_time:8002.098s step_avg:2492.87ms
step:3211/3350 train_time:8005.244s step_avg:2493.07ms
step:3212/3350 train_time:8007.126s step_avg:2492.88ms
step:3213/3350 train_time:8010.263s step_avg:2493.08ms
step:3214/3350 train_time:8012.132s step_avg:2492.88ms
step:3215/3350 train_time:8015.283s step_avg:2493.09ms
step:3216/3350 train_time:8017.159s step_avg:2492.90ms
step:3217/3350 train_time:8020.307s step_avg:2493.10ms
step:3218/3350 train_time:8022.172s step_avg:2492.91ms
step:3219/3350 train_time:8025.321s step_avg:2493.11ms
step:3220/3350 train_time:8027.202s step_avg:2492.92ms
step:3221/3350 train_time:8030.350s step_avg:2493.12ms
step:3222/3350 train_time:8032.234s step_avg:2492.93ms
step:3223/3350 train_time:8035.368s step_avg:2493.13ms
step:3224/3350 train_time:8037.249s step_avg:2492.94ms
step:3225/3350 train_time:8040.677s step_avg:2493.23ms
step:3225/3350 val_loss:3.27137 train_time:8040.678s step_avg:2547.40ms
step:3226/3350 train_time:8042.553s step_avg:2493.04ms
step:3227/3350 train_time:8045.704s step_avg:2493.25ms
step:3228/3350 train_time:8047.578s step_avg:2493.05ms
step:3229/3350 train_time:8050.714s step_avg:2493.25ms
step:3230/3350 train_time:8052.582s step_avg:2493.06ms
step:3231/3350 train_time:8055.760s step_avg:2493.27ms
step:3232/3350 train_time:8057.627s step_avg:2493.08ms
step:3233/3350 train_time:8060.766s step_avg:2493.28ms
step:3234/3350 train_time:8062.644s step_avg:2493.09ms
step:3235/3350 train_time:8065.787s step_avg:2493.29ms
step:3236/3350 train_time:8067.662s step_avg:2493.10ms
step:3237/3350 train_time:8070.812s step_avg:2493.30ms
step:3238/3350 train_time:8072.681s step_avg:2493.11ms
step:3239/3350 train_time:8075.816s step_avg:2493.31ms
step:3240/3350 train_time:8077.688s step_avg:2493.11ms
step:3241/3350 train_time:8080.828s step_avg:2493.31ms
step:3242/3350 train_time:8082.706s step_avg:2493.12ms
step:3243/3350 train_time:8085.842s step_avg:2493.32ms
step:3244/3350 train_time:8087.724s step_avg:2493.13ms
step:3245/3350 train_time:8090.868s step_avg:2493.33ms
step:3246/3350 train_time:8092.738s step_avg:2493.14ms
step:3247/3350 train_time:8095.887s step_avg:2493.34ms
step:3248/3350 train_time:8097.755s step_avg:2493.15ms
step:3249/3350 train_time:8100.907s step_avg:2493.35ms
step:3250/3350 train_time:8103.139s step_avg:2493.27ms
step:3250/3350 val_loss:3.26936 train_time:8103.139s step_avg:2498.46ms
step:3251/3350 train_time:8106.275s step_avg:2493.47ms
step:3252/3350 train_time:8108.152s step_avg:2493.28ms
step:3253/3350 train_time:8111.294s step_avg:2493.48ms
step:3254/3350 train_time:8113.163s step_avg:2493.29ms
step:3255/3350 train_time:8116.298s step_avg:2493.49ms
step:3256/3350 train_time:8118.172s step_avg:2493.30ms
step:3257/3350 train_time:8121.319s step_avg:2493.50ms
step:3258/3350 train_time:8123.186s step_avg:2493.30ms
step:3259/3350 train_time:8126.336s step_avg:2493.51ms
step:3260/3350 train_time:8128.205s step_avg:2493.31ms
step:3261/3350 train_time:8131.339s step_avg:2493.51ms
step:3262/3350 train_time:8133.205s step_avg:2493.32ms
step:3263/3350 train_time:8136.356s step_avg:2493.52ms
step:3264/3350 train_time:8138.225s step_avg:2493.33ms
step:3265/3350 train_time:8141.369s step_avg:2493.53ms
step:3266/3350 train_time:8143.240s step_avg:2493.34ms
step:3267/3350 train_time:8146.375s step_avg:2493.53ms
step:3268/3350 train_time:8148.246s step_avg:2493.34ms
step:3269/3350 train_time:8151.381s step_avg:2493.54ms
step:3270/3350 train_time:8153.254s step_avg:2493.35ms
step:3271/3350 train_time:8156.397s step_avg:2493.55ms
step:3272/3350 train_time:8158.274s step_avg:2493.36ms
step:3273/3350 train_time:8161.415s step_avg:2493.56ms
step:3274/3350 train_time:8163.279s step_avg:2493.37ms
step:3275/3350 train_time:8166.712s step_avg:2493.65ms
step:3275/3350 val_loss:3.26734 train_time:8166.712s step_avg:2542.93ms
step:3276/3350 train_time:8168.586s step_avg:2493.46ms
step:3277/3350 train_time:8171.729s step_avg:2493.66ms
step:3278/3350 train_time:8173.614s step_avg:2493.48ms
step:3279/3350 train_time:8176.762s step_avg:2493.68ms
step:3280/3350 train_time:8178.628s step_avg:2493.48ms
step:3281/3350 train_time:8181.774s step_avg:2493.68ms
step:3282/3350 train_time:8183.651s step_avg:2493.50ms
step:3283/3350 train_time:8186.791s step_avg:2493.69ms
step:3284/3350 train_time:8188.666s step_avg:2493.50ms
step:3285/3350 train_time:8191.813s step_avg:2493.70ms
step:3286/3350 train_time:8193.692s step_avg:2493.52ms
step:3287/3350 train_time:8196.837s step_avg:2493.71ms
step:3288/3350 train_time:8198.713s step_avg:2493.53ms
step:3289/3350 train_time:8201.852s step_avg:2493.72ms
step:3290/3350 train_time:8203.729s step_avg:2493.53ms
step:3291/3350 train_time:8206.872s step_avg:2493.73ms
step:3292/3350 train_time:8208.754s step_avg:2493.55ms
step:3293/3350 train_time:8211.897s step_avg:2493.74ms
step:3294/3350 train_time:8213.765s step_avg:2493.55ms
step:3295/3350 train_time:8216.917s step_avg:2493.75ms
step:3296/3350 train_time:8218.791s step_avg:2493.57ms
step:3297/3350 train_time:8221.937s step_avg:2493.76ms
step:3298/3350 train_time:8223.817s step_avg:2493.58ms
step:3299/3350 train_time:8226.951s step_avg:2493.77ms
step:3300/3350 train_time:8229.145s step_avg:2493.68ms
step:3300/3350 val_loss:3.26567 train_time:8229.145s step_avg:2497.30ms
step:3301/3350 train_time:8232.278s step_avg:2493.87ms
step:3302/3350 train_time:8234.150s step_avg:2493.69ms
step:3303/3350 train_time:8237.290s step_avg:2493.88ms
step:3304/3350 train_time:8239.174s step_avg:2493.70ms
step:3305/3350 train_time:8242.322s step_avg:2493.89ms
step:3306/3350 train_time:8244.194s step_avg:2493.71ms
step:3307/3350 train_time:8247.337s step_avg:2493.90ms
step:3308/3350 train_time:8249.208s step_avg:2493.71ms
step:3309/3350 train_time:8252.352s step_avg:2493.91ms
step:3310/3350 train_time:8254.237s step_avg:2493.73ms
step:3311/3350 train_time:8257.390s step_avg:2493.93ms
step:3312/3350 train_time:8259.268s step_avg:2493.74ms
step:3313/3350 train_time:8262.411s step_avg:2493.94ms
step:3314/3350 train_time:8264.283s step_avg:2493.75ms
step:3315/3350 train_time:8267.432s step_avg:2493.95ms
step:3316/3350 train_time:8269.304s step_avg:2493.76ms
step:3317/3350 train_time:8272.440s step_avg:2493.95ms
step:3318/3350 train_time:8274.310s step_avg:2493.76ms
step:3319/3350 train_time:8277.462s step_avg:2493.96ms
step:3320/3350 train_time:8279.340s step_avg:2493.78ms
step:3321/3350 train_time:8282.480s step_avg:2493.97ms
step:3322/3350 train_time:8284.362s step_avg:2493.79ms
step:3323/3350 train_time:8287.503s step_avg:2493.98ms
step:3324/3350 train_time:8289.377s step_avg:2493.80ms
step:3325/3350 train_time:8292.802s step_avg:2494.08ms
step:3325/3350 val_loss:3.26438 train_time:8292.802s step_avg:2546.30ms
step:3326/3350 train_time:8294.679s step_avg:2493.89ms
step:3327/3350 train_time:8297.827s step_avg:2494.09ms
step:3328/3350 train_time:8299.709s step_avg:2493.90ms
step:3329/3350 train_time:8302.843s step_avg:2494.10ms
step:3330/3350 train_time:8304.711s step_avg:2493.91ms
step:3331/3350 train_time:8307.861s step_avg:2494.10ms
step:3332/3350 train_time:8309.739s step_avg:2493.92ms
step:3333/3350 train_time:8312.887s step_avg:2494.12ms
step:3334/3350 train_time:8314.754s step_avg:2493.93ms
step:3335/3350 train_time:8317.889s step_avg:2494.12ms
step:3336/3350 train_time:8319.766s step_avg:2493.93ms
step:3337/3350 train_time:8322.906s step_avg:2494.13ms
step:3338/3350 train_time:8324.780s step_avg:2493.94ms
step:3339/3350 train_time:8327.917s step_avg:2494.14ms
step:3340/3350 train_time:8329.781s step_avg:2493.95ms
step:3341/3350 train_time:8332.930s step_avg:2494.14ms
step:3342/3350 train_time:8334.808s step_avg:2493.96ms
step:3343/3350 train_time:8337.940s step_avg:2494.15ms
step:3344/3350 train_time:8339.807s step_avg:2493.96ms
step:3345/3350 train_time:8342.944s step_avg:2494.15ms
step:3346/3350 train_time:8344.815s step_avg:2493.97ms
step:3347/3350 train_time:8347.956s step_avg:2494.16ms
step:3348/3350 train_time:8349.837s step_avg:2493.98ms
step:3349/3350 train_time:8352.989s step_avg:2494.17ms
step:3350/3350 train_time:8355.225s step_avg:2494.10ms
step:3350/3350 val_loss:3.26364 train_time:8355.226s step_avg:2496.93ms
trial:0 best_val_loss:3.26364 best_val_step:3350 first_step_to_target:3150
wandb: updating run metadata
wandb: uploading wandb-summary.json; uploading config.yaml; uploading output.log
wandb: 
wandb: Run history:
wandb:                embed/dist_from_init ▁▂▃▃▄▄▅▅▅▆▆▆▆▇▇▇▇▇▇███████████████
wandb:       embed/dist_from_init_mean_abs ▁▂▃▃▄▄▅▅▅▆▆▆▆▇▇▇▇▇▇███████████████
wandb:            embed/init_anchor_lambda ▁▁▁▁▁▁▁▁▁▁▁▁▁▁▁▁▁▁▁▁▁▁▁▁▁▁▁▁▁▁▁▁▁▁
wandb:  newton_muon/R_condition_number_max ▁▃▄▅▅▅▅▆▆▆▆▆▆▆▆▇▇▇▇▇█████████████████▇▇▇
wandb: newton_muon/R_condition_number_mean ▁▁▁▁▂▃▆▆▆▇▇▇▇▇▇▇▇██████████████████▇███▇
wandb:  newton_muon/R_condition_number_min ▁▃▅▆▆▇▇██▇▆▆▄▄▃▂▁▁▁▁▁▁▂▁▁▂▂▁▁▁▂▂▂▂▂▂▁▁▁▂
wandb:    newton_muon/R_inv_sqrt_norm_mean █▃▂▂▁▁▂▂▂▂▃▄▄▄▄▅▅▅▅▅▅▆▆▆▆▆▆▆▆▆▆▆▆▆▆▆▆▆▆▆
wandb:   newton_muon/params_preconditioned ▁▁▁▁▁▁▁▁▁▁▁▁▁▁▁▁▁▁▁▁▁▁▁▁▁▁▁▁▁▁▁▁▁▁▁▁▁▁▁▁
wandb:      newton_muon/precond_ratio_mean ▂▁▁▁▁▁▁▂▁▁▂▂▃▂▂▂▃▃▃▃▄▄▄▄▄▄▅▅▆▆▆▆▆▇▇▇▇▇▆█
wandb:        speedrun/final_best_val_loss ▁
wandb:                              +4,358 ...
wandb: 
wandb: Run summary:
wandb:                embed/dist_from_init 116736
wandb:       embed/dist_from_init_mean_abs 15
wandb:            embed/init_anchor_lambda 0.001
wandb:  newton_muon/R_condition_number_max 487837.90625
wandb: newton_muon/R_condition_number_mean 21897.32369
wandb:  newton_muon/R_condition_number_min 938.48615
wandb:    newton_muon/R_inv_sqrt_norm_mean 75.44071
wandb:   newton_muon/params_preconditioned 72
wandb:      newton_muon/precond_ratio_mean 1.03768
wandb:        speedrun/final_best_val_loss 3.26364
wandb:                              +4,358 ...
wandb: 
wandb: 🚀 View run g1r4-fern/pp-ctrl-s2-ns16 at: https://wandb.ai/wandb-applied-ai-team/modded-nanogpt-senpai/runs/rmf5wg2t
wandb: ⭐️ View project at: https://wandb.ai/wandb-applied-ai-team/modded-nanogpt-senpai
wandb: Synced 6 W&B file(s), 0 media file(s), 0 artifact file(s) and 0 other file(s)
wandb: Find logs at: ./wandb/run-20260530_195325-rmf5wg2t/logs
