[2026-05-25T09:37:56Z] launching h142_arm_c_wd1e-3 (--embed_wd 1e-3)
logs/ce70ce4c-c57c-4efb-a24a-b3933e323df6.txt
MuLoCo outer optimizer ENABLED: outer_lr=0.7 outer_momentum=0.5 sync_interval=30
MuonH mode=scale_invariant lr=0.018 budget_mult=1.0 cooldown_shape=cosine
AGC ENABLED on aux AdamW groups: clip_ratio=0.05 eps=0.001
AGC ENABLED on inner MuonH gradient: clip_ratio=0.05 eps=0.001
wandb: [wandb.login()] Loaded credentials for https://api.wandb.ai from WANDB_API_KEY.
wandb: W&B API key is configured. Use `wandb login --relogin` to force relogin
wandb: Tracking run with wandb version 0.26.1
wandb: Run data is saved locally in /workspace/senpai/target/wandb/run-20260525_093801-ls165uyk
wandb: Run `wandb offline` to turn off syncing.
wandb: Syncing run g1r3-tanjiro/h142_arm_c_wd1e-3
wandb: ⭐️ View project at https://wandb.ai/wandb-applied-ai-team/modded-nanogpt-senpai
wandb: 🚀 View run at https://wandb.ai/wandb-applied-ai-team/modded-nanogpt-senpai/runs/ls165uyk
step:0/3325 val_loss:10.82583 train_time:0.000s step_avg:nanms
step:1/3325 train_time:4.014s step_avg:4014.10ms
step:2/3325 train_time:6.944s step_avg:3471.99ms
step:3/3325 train_time:9.290s step_avg:3096.70ms
step:4/3325 train_time:11.524s step_avg:2881.12ms
[rank0]:W0525 09:38:28.831000 344604 torch/_dynamo/convert_frame.py:1743] [1/8] torch._dynamo hit config.recompile_limit (8)
[rank0]:W0525 09:38:28.831000 344604 torch/_dynamo/convert_frame.py:1743] [1/8]    function: 'muon_update' (/workspace/senpai/target/records/track_3_optimization/train_gpt_simple.py:514)
[rank0]:W0525 09:38:28.831000 344604 torch/_dynamo/convert_frame.py:1743] [1/8]    last reason: 1/7: ___as_tensor(mu).item() == 0.9499548736462093  # (unknown source ___as_tensor(mu).item(), please file a bug)
[rank0]:W0525 09:38:28.831000 344604 torch/_dynamo/convert_frame.py:1743] [1/8] To log all recompilation reasons, use TORCH_LOGS="recompiles".
[rank0]:W0525 09:38:28.831000 344604 torch/_dynamo/convert_frame.py:1743] [1/8] To diagnose recompilation issues, see https://docs.pytorch.org/docs/main/user_guide/torch_compiler/compile/programming_model.recompilation.html
step:5/3325 train_time:13.321s step_avg:2664.17ms
step:6/3325 train_time:15.112s step_avg:2518.59ms
step:7/3325 train_time:16.900s step_avg:2414.34ms
step:8/3325 train_time:18.690s step_avg:2336.22ms
step:9/3325 train_time:20.480s step_avg:2275.55ms
step:10/3325 train_time:22.271s step_avg:2227.10ms
step:11/3325 train_time:24.061s step_avg:2187.38ms
step:12/3325 train_time:25.853s step_avg:2154.42ms
step:13/3325 train_time:27.645s step_avg:2126.50ms
step:14/3325 train_time:29.436s step_avg:2102.55ms
step:15/3325 train_time:31.228s step_avg:2081.87ms
step:16/3325 train_time:33.026s step_avg:2064.15ms
step:17/3325 train_time:34.824s step_avg:2048.46ms
step:18/3325 train_time:36.622s step_avg:2034.56ms
step:19/3325 train_time:38.420s step_avg:2022.12ms
step:20/3325 train_time:40.220s step_avg:2011.01ms
step:21/3325 train_time:42.019s step_avg:2000.90ms
step:22/3325 train_time:43.819s step_avg:1991.76ms
step:23/3325 train_time:45.618s step_avg:1983.38ms
step:24/3325 train_time:47.416s step_avg:1975.66ms
step:25/3325 train_time:49.500s step_avg:1979.98ms
step:26/3325 train_time:51.297s step_avg:1972.98ms
step:27/3325 train_time:53.096s step_avg:1966.51ms
step:28/3325 train_time:54.896s step_avg:1960.56ms
step:29/3325 train_time:56.695s step_avg:1954.99ms
step:30/3325 train_time:58.511s step_avg:1950.36ms
step:31/3325 train_time:60.306s step_avg:1945.36ms
step:32/3325 train_time:62.103s step_avg:1940.72ms
step:33/3325 train_time:63.899s step_avg:1936.33ms
step:34/3325 train_time:65.695s step_avg:1932.20ms
step:35/3325 train_time:67.491s step_avg:1928.31ms
step:36/3325 train_time:69.288s step_avg:1924.67ms
step:37/3325 train_time:71.085s step_avg:1921.23ms
step:38/3325 train_time:72.883s step_avg:1917.98ms
step:39/3325 train_time:74.682s step_avg:1914.92ms
step:40/3325 train_time:76.481s step_avg:1912.03ms
step:41/3325 train_time:78.281s step_avg:1909.29ms
step:42/3325 train_time:80.079s step_avg:1906.65ms
step:43/3325 train_time:81.877s step_avg:1904.12ms
step:44/3325 train_time:83.675s step_avg:1901.70ms
step:45/3325 train_time:85.475s step_avg:1899.44ms
step:46/3325 train_time:87.272s step_avg:1897.22ms
step:47/3325 train_time:89.071s step_avg:1895.12ms
step:48/3325 train_time:90.867s step_avg:1893.05ms
step:49/3325 train_time:92.664s step_avg:1891.10ms
step:50/3325 train_time:94.734s step_avg:1894.68ms
step:51/3325 train_time:96.529s step_avg:1892.73ms
step:52/3325 train_time:98.325s step_avg:1890.87ms
step:53/3325 train_time:100.121s step_avg:1889.08ms
step:54/3325 train_time:101.917s step_avg:1887.35ms
step:55/3325 train_time:103.713s step_avg:1885.69ms
step:56/3325 train_time:105.509s step_avg:1884.09ms
step:57/3325 train_time:107.306s step_avg:1882.56ms
step:58/3325 train_time:109.102s step_avg:1881.07ms
step:59/3325 train_time:110.898s step_avg:1879.63ms
step:60/3325 train_time:112.711s step_avg:1878.51ms
step:61/3325 train_time:114.508s step_avg:1877.18ms
step:62/3325 train_time:116.305s step_avg:1875.88ms
step:63/3325 train_time:118.101s step_avg:1874.61ms
step:64/3325 train_time:119.897s step_avg:1873.38ms
step:65/3325 train_time:121.693s step_avg:1872.19ms
step:66/3325 train_time:123.488s step_avg:1871.03ms
step:67/3325 train_time:125.283s step_avg:1869.90ms
step:68/3325 train_time:127.079s step_avg:1868.81ms
step:69/3325 train_time:128.876s step_avg:1867.77ms
step:70/3325 train_time:130.673s step_avg:1866.76ms
step:71/3325 train_time:132.470s step_avg:1865.77ms
step:72/3325 train_time:134.268s step_avg:1864.83ms
step:73/3325 train_time:136.064s step_avg:1863.89ms
step:74/3325 train_time:137.861s step_avg:1862.99ms
step:75/3325 train_time:139.931s step_avg:1865.74ms
step:76/3325 train_time:141.729s step_avg:1864.85ms
step:77/3325 train_time:143.525s step_avg:1863.96ms
step:78/3325 train_time:145.321s step_avg:1863.09ms
step:79/3325 train_time:147.116s step_avg:1862.23ms
step:80/3325 train_time:148.912s step_avg:1861.40ms
step:81/3325 train_time:150.707s step_avg:1860.59ms
step:82/3325 train_time:152.504s step_avg:1859.81ms
step:83/3325 train_time:154.301s step_avg:1859.04ms
step:84/3325 train_time:156.097s step_avg:1858.30ms
step:85/3325 train_time:157.893s step_avg:1857.57ms
step:86/3325 train_time:159.689s step_avg:1856.85ms
step:87/3325 train_time:161.485s step_avg:1856.15ms
step:88/3325 train_time:163.281s step_avg:1855.46ms
step:89/3325 train_time:165.077s step_avg:1854.80ms
step:90/3325 train_time:166.890s step_avg:1854.33ms
step:91/3325 train_time:168.686s step_avg:1853.69ms
step:92/3325 train_time:170.482s step_avg:1853.07ms
step:93/3325 train_time:172.279s step_avg:1852.46ms
step:94/3325 train_time:174.076s step_avg:1851.87ms
step:95/3325 train_time:175.873s step_avg:1851.29ms
step:96/3325 train_time:177.668s step_avg:1850.71ms
step:97/3325 train_time:179.464s step_avg:1850.14ms
step:98/3325 train_time:181.260s step_avg:1849.59ms
step:99/3325 train_time:183.056s step_avg:1849.05ms
step:100/3325 train_time:185.127s step_avg:1851.27ms
step:101/3325 train_time:186.923s step_avg:1850.72ms
step:102/3325 train_time:188.721s step_avg:1850.21ms
step:103/3325 train_time:190.518s step_avg:1849.69ms
step:104/3325 train_time:192.314s step_avg:1849.17ms
step:105/3325 train_time:194.109s step_avg:1848.66ms
step:106/3325 train_time:195.905s step_avg:1848.16ms
step:107/3325 train_time:197.701s step_avg:1847.67ms
step:108/3325 train_time:199.496s step_avg:1847.19ms
step:109/3325 train_time:201.291s step_avg:1846.71ms
step:110/3325 train_time:203.087s step_avg:1846.24ms
step:111/3325 train_time:204.882s step_avg:1845.78ms
step:112/3325 train_time:206.677s step_avg:1845.33ms
step:113/3325 train_time:208.472s step_avg:1844.89ms
step:114/3325 train_time:210.268s step_avg:1844.46ms
step:115/3325 train_time:212.066s step_avg:1844.05ms
step:116/3325 train_time:213.863s step_avg:1843.64ms
step:117/3325 train_time:215.658s step_avg:1843.23ms
step:118/3325 train_time:217.453s step_avg:1842.82ms
step:119/3325 train_time:219.248s step_avg:1842.42ms
step:120/3325 train_time:221.060s step_avg:1842.16ms
step:121/3325 train_time:222.855s step_avg:1841.77ms
step:122/3325 train_time:224.650s step_avg:1841.39ms
step:123/3325 train_time:226.446s step_avg:1841.02ms
step:124/3325 train_time:228.243s step_avg:1840.67ms
step:125/3325 train_time:230.377s step_avg:1843.02ms
step:125/3325 val_loss:4.92031 train_time:230.378s step_avg:1843.02ms
step:126/3325 train_time:232.174s step_avg:1842.65ms
step:127/3325 train_time:233.971s step_avg:1842.29ms
step:128/3325 train_time:235.766s step_avg:1841.92ms
step:129/3325 train_time:237.562s step_avg:1841.57ms
step:130/3325 train_time:239.358s step_avg:1841.22ms
step:131/3325 train_time:241.157s step_avg:1840.89ms
step:132/3325 train_time:242.957s step_avg:1840.58ms
step:133/3325 train_time:244.757s step_avg:1840.28ms
step:134/3325 train_time:246.557s step_avg:1839.98ms
step:135/3325 train_time:248.356s step_avg:1839.68ms
step:136/3325 train_time:250.155s step_avg:1839.38ms
step:137/3325 train_time:251.954s step_avg:1839.08ms
step:138/3325 train_time:253.753s step_avg:1838.79ms
step:139/3325 train_time:255.548s step_avg:1838.48ms
step:140/3325 train_time:257.344s step_avg:1838.17ms
step:141/3325 train_time:259.138s step_avg:1837.86ms
step:142/3325 train_time:260.934s step_avg:1837.57ms
step:143/3325 train_time:262.730s step_avg:1837.27ms
step:144/3325 train_time:264.525s step_avg:1836.98ms
step:145/3325 train_time:266.320s step_avg:1836.69ms
step:146/3325 train_time:268.115s step_avg:1836.40ms
step:147/3325 train_time:269.909s step_avg:1836.11ms
step:148/3325 train_time:271.703s step_avg:1835.83ms
step:149/3325 train_time:273.497s step_avg:1835.55ms
step:150/3325 train_time:275.582s step_avg:1837.21ms
step:151/3325 train_time:277.377s step_avg:1836.93ms
step:152/3325 train_time:279.172s step_avg:1836.66ms
step:153/3325 train_time:280.966s step_avg:1836.38ms
step:154/3325 train_time:282.762s step_avg:1836.12ms
step:155/3325 train_time:284.557s step_avg:1835.85ms
step:156/3325 train_time:286.355s step_avg:1835.61ms
step:157/3325 train_time:288.150s step_avg:1835.35ms
step:158/3325 train_time:289.945s step_avg:1835.10ms
step:159/3325 train_time:291.740s step_avg:1834.84ms
step:160/3325 train_time:293.534s step_avg:1834.59ms
step:161/3325 train_time:295.328s step_avg:1834.33ms
step:162/3325 train_time:297.124s step_avg:1834.10ms
step:163/3325 train_time:298.919s step_avg:1833.86ms
step:164/3325 train_time:300.714s step_avg:1833.62ms
step:165/3325 train_time:302.508s step_avg:1833.38ms
step:166/3325 train_time:304.302s step_avg:1833.15ms
step:167/3325 train_time:306.098s step_avg:1832.92ms
step:168/3325 train_time:307.894s step_avg:1832.70ms
step:169/3325 train_time:309.689s step_avg:1832.48ms
step:170/3325 train_time:311.484s step_avg:1832.26ms
step:171/3325 train_time:313.281s step_avg:1832.05ms
step:172/3325 train_time:315.076s step_avg:1831.84ms
step:173/3325 train_time:316.871s step_avg:1831.62ms
step:174/3325 train_time:318.666s step_avg:1831.41ms
step:175/3325 train_time:320.736s step_avg:1832.78ms
step:176/3325 train_time:322.531s step_avg:1832.56ms
step:177/3325 train_time:324.326s step_avg:1832.35ms
step:178/3325 train_time:326.121s step_avg:1832.14ms
step:179/3325 train_time:327.916s step_avg:1831.93ms
step:180/3325 train_time:329.727s step_avg:1831.82ms
step:181/3325 train_time:331.522s step_avg:1831.61ms
step:182/3325 train_time:333.316s step_avg:1831.41ms
step:183/3325 train_time:335.111s step_avg:1831.21ms
step:184/3325 train_time:336.905s step_avg:1831.01ms
step:185/3325 train_time:338.699s step_avg:1830.80ms
step:186/3325 train_time:340.493s step_avg:1830.61ms
step:187/3325 train_time:342.287s step_avg:1830.41ms
step:188/3325 train_time:344.081s step_avg:1830.22ms
step:189/3325 train_time:345.876s step_avg:1830.03ms
step:190/3325 train_time:347.671s step_avg:1829.85ms
step:191/3325 train_time:349.577s step_avg:1830.24ms
step:192/3325 train_time:351.372s step_avg:1830.06ms
step:193/3325 train_time:353.167s step_avg:1829.88ms
step:194/3325 train_time:354.962s step_avg:1829.70ms
step:195/3325 train_time:356.757s step_avg:1829.52ms
step:196/3325 train_time:358.552s step_avg:1829.35ms
step:197/3325 train_time:360.349s step_avg:1829.18ms
step:198/3325 train_time:362.144s step_avg:1829.01ms
step:199/3325 train_time:363.940s step_avg:1828.84ms
step:200/3325 train_time:366.009s step_avg:1830.04ms
step:201/3325 train_time:367.802s step_avg:1829.86ms
step:202/3325 train_time:369.596s step_avg:1829.68ms
step:203/3325 train_time:371.391s step_avg:1829.51ms
step:204/3325 train_time:373.186s step_avg:1829.34ms
step:205/3325 train_time:374.982s step_avg:1829.18ms
step:206/3325 train_time:376.776s step_avg:1829.01ms
step:207/3325 train_time:378.570s step_avg:1828.84ms
step:208/3325 train_time:380.366s step_avg:1828.68ms
step:209/3325 train_time:382.160s step_avg:1828.52ms
step:210/3325 train_time:383.971s step_avg:1828.43ms
step:211/3325 train_time:385.765s step_avg:1828.27ms
step:212/3325 train_time:387.559s step_avg:1828.11ms
step:213/3325 train_time:389.352s step_avg:1827.94ms
step:214/3325 train_time:391.145s step_avg:1827.78ms
step:215/3325 train_time:392.938s step_avg:1827.62ms
step:216/3325 train_time:394.731s step_avg:1827.46ms
step:217/3325 train_time:396.525s step_avg:1827.31ms
step:218/3325 train_time:398.319s step_avg:1827.15ms
step:219/3325 train_time:400.113s step_avg:1827.00ms
step:220/3325 train_time:401.906s step_avg:1826.85ms
step:221/3325 train_time:403.701s step_avg:1826.70ms
step:222/3325 train_time:405.495s step_avg:1826.55ms
step:223/3325 train_time:407.288s step_avg:1826.40ms
step:224/3325 train_time:409.081s step_avg:1826.25ms
step:225/3325 train_time:411.149s step_avg:1827.33ms
step:226/3325 train_time:412.941s step_avg:1827.17ms
step:227/3325 train_time:414.734s step_avg:1827.02ms
step:228/3325 train_time:416.527s step_avg:1826.87ms
step:229/3325 train_time:418.321s step_avg:1826.73ms
step:230/3325 train_time:420.116s step_avg:1826.59ms
step:231/3325 train_time:421.909s step_avg:1826.45ms
step:232/3325 train_time:423.703s step_avg:1826.31ms
step:233/3325 train_time:425.496s step_avg:1826.16ms
step:234/3325 train_time:427.289s step_avg:1826.02ms
step:235/3325 train_time:429.082s step_avg:1825.88ms
step:236/3325 train_time:430.875s step_avg:1825.74ms
step:237/3325 train_time:432.668s step_avg:1825.60ms
step:238/3325 train_time:434.463s step_avg:1825.47ms
step:239/3325 train_time:436.257s step_avg:1825.34ms
step:240/3325 train_time:438.066s step_avg:1825.28ms
step:241/3325 train_time:439.861s step_avg:1825.15ms
step:242/3325 train_time:441.656s step_avg:1825.02ms
step:243/3325 train_time:443.449s step_avg:1824.89ms
step:244/3325 train_time:445.242s step_avg:1824.76ms
step:245/3325 train_time:447.035s step_avg:1824.63ms
step:246/3325 train_time:448.829s step_avg:1824.51ms
step:247/3325 train_time:450.622s step_avg:1824.38ms
step:248/3325 train_time:452.419s step_avg:1824.27ms
step:249/3325 train_time:454.216s step_avg:1824.16ms
step:250/3325 train_time:456.353s step_avg:1825.41ms
step:250/3325 val_loss:4.21551 train_time:456.353s step_avg:1807.81ms
step:251/3325 train_time:458.148s step_avg:1825.29ms
step:252/3325 train_time:459.943s step_avg:1825.17ms
step:253/3325 train_time:461.742s step_avg:1825.07ms
step:254/3325 train_time:463.541s step_avg:1824.96ms
step:255/3325 train_time:465.338s step_avg:1824.86ms
step:256/3325 train_time:467.136s step_avg:1824.75ms
step:257/3325 train_time:468.930s step_avg:1824.63ms
step:258/3325 train_time:470.729s step_avg:1824.53ms
step:259/3325 train_time:472.527s step_avg:1824.43ms
step:260/3325 train_time:474.322s step_avg:1824.32ms
step:261/3325 train_time:476.120s step_avg:1824.22ms
step:262/3325 train_time:477.918s step_avg:1824.12ms
step:263/3325 train_time:479.715s step_avg:1824.01ms
step:264/3325 train_time:481.513s step_avg:1823.91ms
step:265/3325 train_time:483.312s step_avg:1823.82ms
step:266/3325 train_time:485.110s step_avg:1823.72ms
step:267/3325 train_time:486.907s step_avg:1823.62ms
step:268/3325 train_time:488.703s step_avg:1823.52ms
step:269/3325 train_time:490.501s step_avg:1823.42ms
step:270/3325 train_time:492.314s step_avg:1823.39ms
step:271/3325 train_time:494.108s step_avg:1823.28ms
step:272/3325 train_time:495.903s step_avg:1823.17ms
step:273/3325 train_time:497.701s step_avg:1823.08ms
step:274/3325 train_time:499.499s step_avg:1822.99ms
step:275/3325 train_time:501.582s step_avg:1823.93ms
step:276/3325 train_time:503.379s step_avg:1823.84ms
step:277/3325 train_time:505.177s step_avg:1823.74ms
step:278/3325 train_time:506.975s step_avg:1823.65ms
step:279/3325 train_time:508.771s step_avg:1823.55ms
step:280/3325 train_time:510.570s step_avg:1823.46ms
step:281/3325 train_time:512.368s step_avg:1823.37ms
step:282/3325 train_time:514.161s step_avg:1823.27ms
step:283/3325 train_time:515.959s step_avg:1823.18ms
step:284/3325 train_time:517.756s step_avg:1823.08ms
step:285/3325 train_time:519.554s step_avg:1823.00ms
step:286/3325 train_time:521.352s step_avg:1822.91ms
step:287/3325 train_time:523.149s step_avg:1822.82ms
step:288/3325 train_time:524.947s step_avg:1822.73ms
step:289/3325 train_time:526.741s step_avg:1822.63ms
step:290/3325 train_time:528.540s step_avg:1822.55ms
step:291/3325 train_time:530.338s step_avg:1822.47ms
step:292/3325 train_time:532.137s step_avg:1822.39ms
step:293/3325 train_time:533.935s step_avg:1822.30ms
step:294/3325 train_time:535.734s step_avg:1822.22ms
step:295/3325 train_time:537.532s step_avg:1822.14ms
step:296/3325 train_time:539.331s step_avg:1822.06ms
step:297/3325 train_time:541.130s step_avg:1821.99ms
step:298/3325 train_time:542.926s step_avg:1821.90ms
step:299/3325 train_time:544.721s step_avg:1821.81ms
step:300/3325 train_time:546.818s step_avg:1822.73ms
step:301/3325 train_time:548.614s step_avg:1822.64ms
step:302/3325 train_time:550.408s step_avg:1822.54ms
step:303/3325 train_time:552.206s step_avg:1822.46ms
step:304/3325 train_time:554.002s step_avg:1822.38ms
step:305/3325 train_time:555.799s step_avg:1822.29ms
step:306/3325 train_time:557.596s step_avg:1822.21ms
step:307/3325 train_time:559.393s step_avg:1822.13ms
step:308/3325 train_time:561.190s step_avg:1822.04ms
step:309/3325 train_time:562.987s step_avg:1821.96ms
step:310/3325 train_time:564.783s step_avg:1821.88ms
step:311/3325 train_time:566.583s step_avg:1821.81ms
step:312/3325 train_time:568.380s step_avg:1821.73ms
step:313/3325 train_time:570.178s step_avg:1821.66ms
step:314/3325 train_time:571.975s step_avg:1821.58ms
step:315/3325 train_time:573.774s step_avg:1821.50ms
step:316/3325 train_time:575.572s step_avg:1821.43ms
step:317/3325 train_time:577.370s step_avg:1821.36ms
step:318/3325 train_time:579.164s step_avg:1821.27ms
step:319/3325 train_time:580.956s step_avg:1821.18ms
step:320/3325 train_time:582.749s step_avg:1821.09ms
step:321/3325 train_time:584.541s step_avg:1821.00ms
step:322/3325 train_time:586.334s step_avg:1820.91ms
step:323/3325 train_time:588.127s step_avg:1820.83ms
step:324/3325 train_time:589.921s step_avg:1820.74ms
step:325/3325 train_time:591.988s step_avg:1821.50ms
step:326/3325 train_time:593.781s step_avg:1821.41ms
step:327/3325 train_time:595.572s step_avg:1821.32ms
step:328/3325 train_time:597.364s step_avg:1821.23ms
step:329/3325 train_time:599.156s step_avg:1821.14ms
step:330/3325 train_time:600.964s step_avg:1821.10ms
step:331/3325 train_time:602.758s step_avg:1821.02ms
step:332/3325 train_time:604.551s step_avg:1820.94ms
step:333/3325 train_time:606.344s step_avg:1820.85ms
step:334/3325 train_time:608.138s step_avg:1820.77ms
step:335/3325 train_time:609.930s step_avg:1820.69ms
step:336/3325 train_time:611.723s step_avg:1820.61ms
step:337/3325 train_time:613.517s step_avg:1820.52ms
step:338/3325 train_time:615.309s step_avg:1820.44ms
step:339/3325 train_time:617.101s step_avg:1820.36ms
step:340/3325 train_time:618.892s step_avg:1820.27ms
step:341/3325 train_time:620.684s step_avg:1820.19ms
step:342/3325 train_time:622.475s step_avg:1820.10ms
step:343/3325 train_time:624.269s step_avg:1820.03ms
step:344/3325 train_time:626.062s step_avg:1819.95ms
step:345/3325 train_time:627.856s step_avg:1819.87ms
step:346/3325 train_time:629.649s step_avg:1819.79ms
step:347/3325 train_time:631.441s step_avg:1819.72ms
step:348/3325 train_time:633.235s step_avg:1819.64ms
step:349/3325 train_time:635.027s step_avg:1819.56ms
step:350/3325 train_time:637.098s step_avg:1820.28ms
step:351/3325 train_time:638.892s step_avg:1820.21ms
step:352/3325 train_time:640.686s step_avg:1820.13ms
step:353/3325 train_time:642.479s step_avg:1820.05ms
step:354/3325 train_time:644.272s step_avg:1819.98ms
step:355/3325 train_time:646.066s step_avg:1819.90ms
step:356/3325 train_time:647.861s step_avg:1819.83ms
step:357/3325 train_time:649.653s step_avg:1819.76ms
step:358/3325 train_time:651.446s step_avg:1819.68ms
step:359/3325 train_time:653.239s step_avg:1819.61ms
step:360/3325 train_time:655.048s step_avg:1819.58ms
step:361/3325 train_time:656.841s step_avg:1819.50ms
step:362/3325 train_time:658.633s step_avg:1819.43ms
step:363/3325 train_time:660.426s step_avg:1819.35ms
step:364/3325 train_time:662.219s step_avg:1819.28ms
step:365/3325 train_time:664.014s step_avg:1819.22ms
step:366/3325 train_time:665.807s step_avg:1819.15ms
step:367/3325 train_time:667.600s step_avg:1819.07ms
step:368/3325 train_time:669.395s step_avg:1819.01ms
step:369/3325 train_time:671.188s step_avg:1818.94ms
step:370/3325 train_time:672.980s step_avg:1818.86ms
step:371/3325 train_time:674.772s step_avg:1818.79ms
step:372/3325 train_time:676.564s step_avg:1818.72ms
step:373/3325 train_time:678.357s step_avg:1818.65ms
step:374/3325 train_time:680.149s step_avg:1818.58ms
step:375/3325 train_time:682.281s step_avg:1819.42ms
step:375/3325 val_loss:3.99871 train_time:682.282s step_avg:1807.43ms
step:376/3325 train_time:684.076s step_avg:1819.35ms
step:377/3325 train_time:685.869s step_avg:1819.28ms
step:378/3325 train_time:687.663s step_avg:1819.21ms
step:379/3325 train_time:689.456s step_avg:1819.15ms
step:380/3325 train_time:691.249s step_avg:1819.08ms
step:381/3325 train_time:693.078s step_avg:1819.10ms
step:382/3325 train_time:694.873s step_avg:1819.04ms
step:383/3325 train_time:696.666s step_avg:1818.97ms
step:384/3325 train_time:698.459s step_avg:1818.90ms
step:385/3325 train_time:700.251s step_avg:1818.83ms
step:386/3325 train_time:702.043s step_avg:1818.76ms
step:387/3325 train_time:703.835s step_avg:1818.69ms
step:388/3325 train_time:705.627s step_avg:1818.63ms
step:389/3325 train_time:707.420s step_avg:1818.56ms
step:390/3325 train_time:709.229s step_avg:1818.54ms
step:391/3325 train_time:711.022s step_avg:1818.47ms
step:392/3325 train_time:712.815s step_avg:1818.41ms
step:393/3325 train_time:714.608s step_avg:1818.34ms
step:394/3325 train_time:716.402s step_avg:1818.28ms
step:395/3325 train_time:718.196s step_avg:1818.22ms
step:396/3325 train_time:719.989s step_avg:1818.15ms
step:397/3325 train_time:721.781s step_avg:1818.09ms
step:398/3325 train_time:723.573s step_avg:1818.02ms
step:399/3325 train_time:725.365s step_avg:1817.96ms
step:400/3325 train_time:727.432s step_avg:1818.58ms
step:401/3325 train_time:729.225s step_avg:1818.52ms
step:402/3325 train_time:731.017s step_avg:1818.45ms
step:403/3325 train_time:732.811s step_avg:1818.39ms
step:404/3325 train_time:734.603s step_avg:1818.32ms
step:405/3325 train_time:736.395s step_avg:1818.26ms
step:406/3325 train_time:738.187s step_avg:1818.19ms
step:407/3325 train_time:739.980s step_avg:1818.13ms
step:408/3325 train_time:741.772s step_avg:1818.07ms
step:409/3325 train_time:743.565s step_avg:1818.01ms
step:410/3325 train_time:745.358s step_avg:1817.95ms
step:411/3325 train_time:747.151s step_avg:1817.89ms
step:412/3325 train_time:748.944s step_avg:1817.83ms
step:413/3325 train_time:750.738s step_avg:1817.77ms
step:414/3325 train_time:752.531s step_avg:1817.71ms
step:415/3325 train_time:754.324s step_avg:1817.65ms
step:416/3325 train_time:756.118s step_avg:1817.59ms
step:417/3325 train_time:757.910s step_avg:1817.53ms
step:418/3325 train_time:759.703s step_avg:1817.47ms
step:419/3325 train_time:761.496s step_avg:1817.41ms
step:420/3325 train_time:763.306s step_avg:1817.40ms
step:421/3325 train_time:765.099s step_avg:1817.34ms
step:422/3325 train_time:766.891s step_avg:1817.28ms
step:423/3325 train_time:768.684s step_avg:1817.22ms
step:424/3325 train_time:770.477s step_avg:1817.16ms
step:425/3325 train_time:772.545s step_avg:1817.75ms
step:426/3325 train_time:774.337s step_avg:1817.69ms
step:427/3325 train_time:776.130s step_avg:1817.63ms
step:428/3325 train_time:777.923s step_avg:1817.58ms
step:429/3325 train_time:779.716s step_avg:1817.52ms
step:430/3325 train_time:781.509s step_avg:1817.46ms
step:431/3325 train_time:783.302s step_avg:1817.41ms
step:432/3325 train_time:785.095s step_avg:1817.35ms
step:433/3325 train_time:786.888s step_avg:1817.29ms
step:434/3325 train_time:788.680s step_avg:1817.23ms
step:435/3325 train_time:790.471s step_avg:1817.18ms
step:436/3325 train_time:792.263s step_avg:1817.12ms
step:437/3325 train_time:794.055s step_avg:1817.06ms
step:438/3325 train_time:795.848s step_avg:1817.01ms
step:439/3325 train_time:797.641s step_avg:1816.95ms
step:440/3325 train_time:799.434s step_avg:1816.90ms
step:441/3325 train_time:801.226s step_avg:1816.84ms
step:442/3325 train_time:803.020s step_avg:1816.79ms
step:443/3325 train_time:804.813s step_avg:1816.73ms
step:444/3325 train_time:806.606s step_avg:1816.68ms
step:445/3325 train_time:808.398s step_avg:1816.62ms
step:446/3325 train_time:810.190s step_avg:1816.57ms
step:447/3325 train_time:811.982s step_avg:1816.51ms
step:448/3325 train_time:813.777s step_avg:1816.47ms
step:449/3325 train_time:815.570s step_avg:1816.41ms
step:450/3325 train_time:817.656s step_avg:1817.01ms
step:451/3325 train_time:819.449s step_avg:1816.96ms
step:452/3325 train_time:821.242s step_avg:1816.91ms
step:453/3325 train_time:823.035s step_avg:1816.85ms
step:454/3325 train_time:824.827s step_avg:1816.80ms
step:455/3325 train_time:826.619s step_avg:1816.74ms
step:456/3325 train_time:828.410s step_avg:1816.69ms
step:457/3325 train_time:830.203s step_avg:1816.64ms
step:458/3325 train_time:831.996s step_avg:1816.59ms
step:459/3325 train_time:833.789s step_avg:1816.53ms
step:460/3325 train_time:835.582s step_avg:1816.48ms
step:461/3325 train_time:837.375s step_avg:1816.43ms
step:462/3325 train_time:839.169s step_avg:1816.38ms
step:463/3325 train_time:840.962s step_avg:1816.33ms
step:464/3325 train_time:842.754s step_avg:1816.28ms
step:465/3325 train_time:844.546s step_avg:1816.23ms
step:466/3325 train_time:846.338s step_avg:1816.18ms
step:467/3325 train_time:848.131s step_avg:1816.13ms
step:468/3325 train_time:849.924s step_avg:1816.08ms
step:469/3325 train_time:851.717s step_avg:1816.03ms
step:470/3325 train_time:853.510s step_avg:1815.98ms
step:471/3325 train_time:855.302s step_avg:1815.93ms
step:472/3325 train_time:857.095s step_avg:1815.88ms
step:473/3325 train_time:858.887s step_avg:1815.83ms
step:474/3325 train_time:860.679s step_avg:1815.78ms
step:475/3325 train_time:862.746s step_avg:1816.31ms
step:476/3325 train_time:864.541s step_avg:1816.26ms
step:477/3325 train_time:866.333s step_avg:1816.21ms
step:478/3325 train_time:868.126s step_avg:1816.16ms
step:479/3325 train_time:869.919s step_avg:1816.11ms
step:480/3325 train_time:871.727s step_avg:1816.10ms
step:481/3325 train_time:873.520s step_avg:1816.05ms
step:482/3325 train_time:875.313s step_avg:1816.00ms
step:483/3325 train_time:877.107s step_avg:1815.96ms
step:484/3325 train_time:878.899s step_avg:1815.91ms
step:485/3325 train_time:880.691s step_avg:1815.86ms
step:486/3325 train_time:882.484s step_avg:1815.81ms
step:487/3325 train_time:884.276s step_avg:1815.76ms
step:488/3325 train_time:886.069s step_avg:1815.71ms
step:489/3325 train_time:887.862s step_avg:1815.67ms
step:490/3325 train_time:889.655s step_avg:1815.62ms
step:491/3325 train_time:891.448s step_avg:1815.58ms
step:492/3325 train_time:893.241s step_avg:1815.53ms
step:493/3325 train_time:895.033s step_avg:1815.48ms
step:494/3325 train_time:896.826s step_avg:1815.44ms
step:495/3325 train_time:898.618s step_avg:1815.39ms
step:496/3325 train_time:900.410s step_avg:1815.34ms
step:497/3325 train_time:902.202s step_avg:1815.30ms
step:498/3325 train_time:903.995s step_avg:1815.25ms
step:499/3325 train_time:905.788s step_avg:1815.21ms
step:500/3325 train_time:907.920s step_avg:1815.84ms
step:500/3325 val_loss:3.89343 train_time:907.921s step_avg:1805.11ms
step:501/3325 train_time:909.716s step_avg:1815.80ms
step:502/3325 train_time:911.510s step_avg:1815.76ms
step:503/3325 train_time:913.303s step_avg:1815.71ms
step:504/3325 train_time:915.097s step_avg:1815.67ms
step:505/3325 train_time:916.889s step_avg:1815.62ms
step:506/3325 train_time:918.681s step_avg:1815.58ms
step:507/3325 train_time:920.473s step_avg:1815.53ms
step:508/3325 train_time:922.266s step_avg:1815.48ms
step:509/3325 train_time:924.059s step_avg:1815.44ms
step:510/3325 train_time:925.869s step_avg:1815.43ms
step:511/3325 train_time:927.662s step_avg:1815.39ms
step:512/3325 train_time:929.456s step_avg:1815.34ms
step:513/3325 train_time:931.249s step_avg:1815.30ms
step:514/3325 train_time:933.041s step_avg:1815.26ms
step:515/3325 train_time:934.834s step_avg:1815.21ms
step:516/3325 train_time:936.627s step_avg:1815.17ms
step:517/3325 train_time:938.419s step_avg:1815.12ms
step:518/3325 train_time:940.211s step_avg:1815.08ms
step:519/3325 train_time:942.004s step_avg:1815.04ms
step:520/3325 train_time:943.798s step_avg:1815.00ms
step:521/3325 train_time:945.592s step_avg:1814.96ms
step:522/3325 train_time:947.385s step_avg:1814.91ms
step:523/3325 train_time:949.177s step_avg:1814.87ms
step:524/3325 train_time:950.970s step_avg:1814.83ms
step:525/3325 train_time:953.036s step_avg:1815.31ms
step:526/3325 train_time:954.827s step_avg:1815.26ms
step:527/3325 train_time:956.618s step_avg:1815.21ms
step:528/3325 train_time:958.410s step_avg:1815.17ms
step:529/3325 train_time:960.203s step_avg:1815.13ms
step:530/3325 train_time:961.997s step_avg:1815.09ms
step:531/3325 train_time:963.789s step_avg:1815.05ms
step:532/3325 train_time:965.584s step_avg:1815.01ms
step:533/3325 train_time:967.377s step_avg:1814.97ms
step:534/3325 train_time:969.168s step_avg:1814.92ms
step:535/3325 train_time:970.960s step_avg:1814.88ms
step:536/3325 train_time:972.752s step_avg:1814.84ms
step:537/3325 train_time:974.546s step_avg:1814.80ms
step:538/3325 train_time:976.340s step_avg:1814.76ms
step:539/3325 train_time:978.133s step_avg:1814.72ms
step:540/3325 train_time:979.941s step_avg:1814.71ms
step:541/3325 train_time:981.734s step_avg:1814.66ms
step:542/3325 train_time:983.527s step_avg:1814.63ms
step:543/3325 train_time:985.321s step_avg:1814.59ms
step:544/3325 train_time:987.115s step_avg:1814.55ms
step:545/3325 train_time:988.908s step_avg:1814.51ms
step:546/3325 train_time:990.702s step_avg:1814.47ms
step:547/3325 train_time:992.493s step_avg:1814.43ms
step:548/3325 train_time:994.285s step_avg:1814.39ms
step:549/3325 train_time:996.076s step_avg:1814.35ms
step:550/3325 train_time:998.142s step_avg:1814.80ms
step:551/3325 train_time:999.936s step_avg:1814.77ms
step:552/3325 train_time:1001.729s step_avg:1814.73ms
step:553/3325 train_time:1003.520s step_avg:1814.68ms
step:554/3325 train_time:1005.312s step_avg:1814.64ms
step:555/3325 train_time:1007.104s step_avg:1814.60ms
step:556/3325 train_time:1008.896s step_avg:1814.56ms
step:557/3325 train_time:1010.688s step_avg:1814.52ms
step:558/3325 train_time:1012.480s step_avg:1814.48ms
step:559/3325 train_time:1014.272s step_avg:1814.44ms
step:560/3325 train_time:1016.064s step_avg:1814.40ms
step:561/3325 train_time:1017.857s step_avg:1814.36ms
step:562/3325 train_time:1019.648s step_avg:1814.32ms
step:563/3325 train_time:1021.440s step_avg:1814.28ms
step:564/3325 train_time:1023.231s step_avg:1814.24ms
step:565/3325 train_time:1025.023s step_avg:1814.20ms
step:566/3325 train_time:1026.814s step_avg:1814.16ms
step:567/3325 train_time:1028.606s step_avg:1814.12ms
step:568/3325 train_time:1030.400s step_avg:1814.08ms
step:569/3325 train_time:1032.193s step_avg:1814.05ms
step:570/3325 train_time:1034.002s step_avg:1814.04ms
step:571/3325 train_time:1035.831s step_avg:1814.07ms
step:572/3325 train_time:1037.624s step_avg:1814.03ms
step:573/3325 train_time:1039.416s step_avg:1813.99ms
step:574/3325 train_time:1041.208s step_avg:1813.95ms
step:575/3325 train_time:1043.275s step_avg:1814.39ms
step:576/3325 train_time:1045.067s step_avg:1814.35ms
step:577/3325 train_time:1046.860s step_avg:1814.32ms
step:578/3325 train_time:1048.652s step_avg:1814.28ms
step:579/3325 train_time:1050.444s step_avg:1814.24ms
step:580/3325 train_time:1052.236s step_avg:1814.20ms
step:581/3325 train_time:1054.028s step_avg:1814.16ms
step:582/3325 train_time:1055.821s step_avg:1814.12ms
step:583/3325 train_time:1057.613s step_avg:1814.09ms
step:584/3325 train_time:1059.406s step_avg:1814.05ms
step:585/3325 train_time:1061.198s step_avg:1814.01ms
step:586/3325 train_time:1062.989s step_avg:1813.97ms
step:587/3325 train_time:1064.782s step_avg:1813.94ms
step:588/3325 train_time:1066.575s step_avg:1813.90ms
step:589/3325 train_time:1068.368s step_avg:1813.87ms
step:590/3325 train_time:1070.161s step_avg:1813.83ms
step:591/3325 train_time:1071.953s step_avg:1813.80ms
step:592/3325 train_time:1073.746s step_avg:1813.76ms
step:593/3325 train_time:1075.539s step_avg:1813.72ms
step:594/3325 train_time:1077.330s step_avg:1813.69ms
step:595/3325 train_time:1079.122s step_avg:1813.65ms
step:596/3325 train_time:1080.914s step_avg:1813.61ms
step:597/3325 train_time:1082.706s step_avg:1813.58ms
step:598/3325 train_time:1084.498s step_avg:1813.54ms
step:599/3325 train_time:1086.290s step_avg:1813.51ms
step:600/3325 train_time:1088.373s step_avg:1813.95ms
step:601/3325 train_time:1090.166s step_avg:1813.92ms
step:602/3325 train_time:1091.958s step_avg:1813.88ms
step:603/3325 train_time:1093.750s step_avg:1813.85ms
step:604/3325 train_time:1095.542s step_avg:1813.81ms
step:605/3325 train_time:1097.334s step_avg:1813.78ms
step:606/3325 train_time:1099.126s step_avg:1813.74ms
step:607/3325 train_time:1100.919s step_avg:1813.70ms
step:608/3325 train_time:1102.713s step_avg:1813.67ms
step:609/3325 train_time:1104.507s step_avg:1813.64ms
step:610/3325 train_time:1106.300s step_avg:1813.61ms
step:611/3325 train_time:1108.093s step_avg:1813.57ms
step:612/3325 train_time:1109.886s step_avg:1813.54ms
step:613/3325 train_time:1111.678s step_avg:1813.50ms
step:614/3325 train_time:1113.469s step_avg:1813.47ms
step:615/3325 train_time:1115.262s step_avg:1813.43ms
step:616/3325 train_time:1117.055s step_avg:1813.40ms
step:617/3325 train_time:1118.849s step_avg:1813.37ms
step:618/3325 train_time:1120.642s step_avg:1813.34ms
step:619/3325 train_time:1122.436s step_avg:1813.30ms
step:620/3325 train_time:1124.231s step_avg:1813.28ms
step:621/3325 train_time:1126.026s step_avg:1813.25ms
step:622/3325 train_time:1127.822s step_avg:1813.22ms
step:623/3325 train_time:1129.614s step_avg:1813.18ms
step:624/3325 train_time:1131.407s step_avg:1813.15ms
step:625/3325 train_time:1133.546s step_avg:1813.67ms
step:625/3325 val_loss:3.82059 train_time:1133.547s step_avg:1805.01ms
step:626/3325 train_time:1135.342s step_avg:1813.65ms
step:627/3325 train_time:1137.136s step_avg:1813.61ms
step:628/3325 train_time:1138.931s step_avg:1813.58ms
step:629/3325 train_time:1140.725s step_avg:1813.55ms
step:630/3325 train_time:1142.534s step_avg:1813.55ms
step:631/3325 train_time:1144.327s step_avg:1813.51ms
step:632/3325 train_time:1146.122s step_avg:1813.48ms
step:633/3325 train_time:1147.915s step_avg:1813.45ms
step:634/3325 train_time:1149.708s step_avg:1813.42ms
step:635/3325 train_time:1151.502s step_avg:1813.39ms
step:636/3325 train_time:1153.298s step_avg:1813.36ms
step:637/3325 train_time:1155.093s step_avg:1813.33ms
step:638/3325 train_time:1156.887s step_avg:1813.30ms
step:639/3325 train_time:1158.680s step_avg:1813.27ms
step:640/3325 train_time:1160.474s step_avg:1813.24ms
step:641/3325 train_time:1162.267s step_avg:1813.21ms
step:642/3325 train_time:1164.061s step_avg:1813.18ms
step:643/3325 train_time:1165.854s step_avg:1813.15ms
step:644/3325 train_time:1167.651s step_avg:1813.12ms
step:645/3325 train_time:1169.447s step_avg:1813.10ms
step:646/3325 train_time:1171.242s step_avg:1813.07ms
step:647/3325 train_time:1173.035s step_avg:1813.04ms
step:648/3325 train_time:1174.829s step_avg:1813.01ms
step:649/3325 train_time:1176.624s step_avg:1812.98ms
step:650/3325 train_time:1178.696s step_avg:1813.38ms
step:651/3325 train_time:1180.489s step_avg:1813.35ms
step:652/3325 train_time:1182.282s step_avg:1813.32ms
step:653/3325 train_time:1184.076s step_avg:1813.29ms
step:654/3325 train_time:1185.869s step_avg:1813.26ms
step:655/3325 train_time:1187.662s step_avg:1813.23ms
step:656/3325 train_time:1189.456s step_avg:1813.19ms
step:657/3325 train_time:1191.249s step_avg:1813.17ms
step:658/3325 train_time:1193.043s step_avg:1813.14ms
step:659/3325 train_time:1194.835s step_avg:1813.10ms
step:660/3325 train_time:1196.646s step_avg:1813.10ms
step:661/3325 train_time:1198.439s step_avg:1813.07ms
step:662/3325 train_time:1200.233s step_avg:1813.04ms
step:663/3325 train_time:1202.027s step_avg:1813.01ms
step:664/3325 train_time:1203.823s step_avg:1812.99ms
step:665/3325 train_time:1205.615s step_avg:1812.95ms
step:666/3325 train_time:1207.408s step_avg:1812.92ms
step:667/3325 train_time:1209.201s step_avg:1812.89ms
step:668/3325 train_time:1210.996s step_avg:1812.87ms
step:669/3325 train_time:1212.790s step_avg:1812.84ms
step:670/3325 train_time:1214.584s step_avg:1812.81ms
step:671/3325 train_time:1216.379s step_avg:1812.79ms
step:672/3325 train_time:1218.174s step_avg:1812.76ms
step:673/3325 train_time:1219.967s step_avg:1812.73ms
step:674/3325 train_time:1221.761s step_avg:1812.70ms
step:675/3325 train_time:1223.832s step_avg:1813.08ms
step:676/3325 train_time:1225.627s step_avg:1813.06ms
step:677/3325 train_time:1227.424s step_avg:1813.03ms
step:678/3325 train_time:1229.219s step_avg:1813.01ms
step:679/3325 train_time:1231.013s step_avg:1812.98ms
step:680/3325 train_time:1232.807s step_avg:1812.95ms
step:681/3325 train_time:1234.603s step_avg:1812.93ms
step:682/3325 train_time:1236.397s step_avg:1812.90ms
step:683/3325 train_time:1238.190s step_avg:1812.87ms
step:684/3325 train_time:1239.983s step_avg:1812.84ms
step:685/3325 train_time:1241.777s step_avg:1812.81ms
step:686/3325 train_time:1243.571s step_avg:1812.79ms
step:687/3325 train_time:1245.365s step_avg:1812.76ms
step:688/3325 train_time:1247.160s step_avg:1812.73ms
step:689/3325 train_time:1248.954s step_avg:1812.70ms
step:690/3325 train_time:1250.763s step_avg:1812.70ms
step:691/3325 train_time:1252.558s step_avg:1812.68ms
step:692/3325 train_time:1254.353s step_avg:1812.65ms
step:693/3325 train_time:1256.148s step_avg:1812.62ms
step:694/3325 train_time:1257.942s step_avg:1812.60ms
step:695/3325 train_time:1259.737s step_avg:1812.57ms
step:696/3325 train_time:1261.530s step_avg:1812.54ms
step:697/3325 train_time:1263.322s step_avg:1812.51ms
step:698/3325 train_time:1265.116s step_avg:1812.49ms
step:699/3325 train_time:1266.908s step_avg:1812.46ms
step:700/3325 train_time:1268.981s step_avg:1812.83ms
step:701/3325 train_time:1270.775s step_avg:1812.80ms
step:702/3325 train_time:1272.568s step_avg:1812.78ms
step:703/3325 train_time:1274.360s step_avg:1812.75ms
step:704/3325 train_time:1276.153s step_avg:1812.72ms
step:705/3325 train_time:1277.945s step_avg:1812.69ms
step:706/3325 train_time:1279.736s step_avg:1812.66ms
step:707/3325 train_time:1281.528s step_avg:1812.63ms
step:708/3325 train_time:1283.320s step_avg:1812.60ms
step:709/3325 train_time:1285.112s step_avg:1812.57ms
step:710/3325 train_time:1286.903s step_avg:1812.54ms
step:711/3325 train_time:1288.696s step_avg:1812.51ms
step:712/3325 train_time:1290.488s step_avg:1812.48ms
step:713/3325 train_time:1292.280s step_avg:1812.45ms
step:714/3325 train_time:1294.073s step_avg:1812.43ms
step:715/3325 train_time:1295.865s step_avg:1812.40ms
step:716/3325 train_time:1297.657s step_avg:1812.37ms
step:717/3325 train_time:1299.449s step_avg:1812.34ms
step:718/3325 train_time:1301.241s step_avg:1812.31ms
step:719/3325 train_time:1303.033s step_avg:1812.29ms
step:720/3325 train_time:1304.842s step_avg:1812.28ms
step:721/3325 train_time:1306.634s step_avg:1812.25ms
step:722/3325 train_time:1308.426s step_avg:1812.22ms
step:723/3325 train_time:1310.218s step_avg:1812.20ms
step:724/3325 train_time:1312.012s step_avg:1812.17ms
step:725/3325 train_time:1314.080s step_avg:1812.52ms
step:726/3325 train_time:1315.873s step_avg:1812.50ms
step:727/3325 train_time:1317.666s step_avg:1812.47ms
step:728/3325 train_time:1319.459s step_avg:1812.44ms
step:729/3325 train_time:1321.251s step_avg:1812.42ms
step:730/3325 train_time:1323.045s step_avg:1812.39ms
step:731/3325 train_time:1324.838s step_avg:1812.36ms
step:732/3325 train_time:1326.631s step_avg:1812.34ms
step:733/3325 train_time:1328.423s step_avg:1812.31ms
step:734/3325 train_time:1330.215s step_avg:1812.28ms
step:735/3325 train_time:1332.007s step_avg:1812.25ms
step:736/3325 train_time:1333.800s step_avg:1812.23ms
step:737/3325 train_time:1335.593s step_avg:1812.20ms
step:738/3325 train_time:1337.385s step_avg:1812.18ms
step:739/3325 train_time:1339.178s step_avg:1812.15ms
step:740/3325 train_time:1340.971s step_avg:1812.12ms
step:741/3325 train_time:1342.763s step_avg:1812.10ms
step:742/3325 train_time:1344.555s step_avg:1812.07ms
step:743/3325 train_time:1346.347s step_avg:1812.04ms
step:744/3325 train_time:1348.139s step_avg:1812.01ms
step:745/3325 train_time:1349.931s step_avg:1811.99ms
step:746/3325 train_time:1351.723s step_avg:1811.96ms
step:747/3325 train_time:1353.517s step_avg:1811.94ms
step:748/3325 train_time:1355.310s step_avg:1811.91ms
step:749/3325 train_time:1357.102s step_avg:1811.89ms
step:750/3325 train_time:1359.252s step_avg:1812.34ms
step:750/3325 val_loss:3.80549 train_time:1359.252s step_avg:1805.64ms
step:751/3325 train_time:1361.045s step_avg:1812.31ms
step:752/3325 train_time:1362.839s step_avg:1812.29ms
step:753/3325 train_time:1364.632s step_avg:1812.26ms
step:754/3325 train_time:1366.425s step_avg:1812.24ms
step:755/3325 train_time:1368.219s step_avg:1812.21ms
step:756/3325 train_time:1370.013s step_avg:1812.19ms
step:757/3325 train_time:1371.805s step_avg:1812.16ms
step:758/3325 train_time:1373.597s step_avg:1812.13ms
step:759/3325 train_time:1375.393s step_avg:1812.11ms
step:760/3325 train_time:1377.189s step_avg:1812.09ms
step:761/3325 train_time:1379.016s step_avg:1812.11ms
step:762/3325 train_time:1380.808s step_avg:1812.08ms
step:763/3325 train_time:1382.601s step_avg:1812.06ms
step:764/3325 train_time:1384.394s step_avg:1812.03ms
step:765/3325 train_time:1386.188s step_avg:1812.01ms
step:766/3325 train_time:1387.981s step_avg:1811.99ms
step:767/3325 train_time:1389.775s step_avg:1811.96ms
step:768/3325 train_time:1391.568s step_avg:1811.94ms
step:769/3325 train_time:1393.361s step_avg:1811.91ms
step:770/3325 train_time:1395.154s step_avg:1811.89ms
step:771/3325 train_time:1396.946s step_avg:1811.86ms
step:772/3325 train_time:1398.739s step_avg:1811.84ms
step:773/3325 train_time:1400.532s step_avg:1811.81ms
step:774/3325 train_time:1402.325s step_avg:1811.79ms
step:775/3325 train_time:1404.391s step_avg:1812.12ms
step:776/3325 train_time:1406.185s step_avg:1812.09ms
step:777/3325 train_time:1407.979s step_avg:1812.07ms
step:778/3325 train_time:1409.775s step_avg:1812.05ms
step:779/3325 train_time:1411.567s step_avg:1812.02ms
step:780/3325 train_time:1413.378s step_avg:1812.02ms
step:781/3325 train_time:1415.170s step_avg:1812.00ms
step:782/3325 train_time:1416.963s step_avg:1811.97ms
step:783/3325 train_time:1418.755s step_avg:1811.95ms
step:784/3325 train_time:1420.548s step_avg:1811.92ms
step:785/3325 train_time:1422.340s step_avg:1811.90ms
step:786/3325 train_time:1424.133s step_avg:1811.87ms
step:787/3325 train_time:1425.926s step_avg:1811.85ms
step:788/3325 train_time:1427.720s step_avg:1811.83ms
step:789/3325 train_time:1429.513s step_avg:1811.80ms
step:790/3325 train_time:1431.307s step_avg:1811.78ms
step:791/3325 train_time:1433.100s step_avg:1811.76ms
step:792/3325 train_time:1434.893s step_avg:1811.73ms
step:793/3325 train_time:1436.687s step_avg:1811.71ms
step:794/3325 train_time:1438.480s step_avg:1811.69ms
step:795/3325 train_time:1440.274s step_avg:1811.66ms
step:796/3325 train_time:1442.067s step_avg:1811.64ms
step:797/3325 train_time:1443.862s step_avg:1811.62ms
step:798/3325 train_time:1445.655s step_avg:1811.60ms
step:799/3325 train_time:1447.451s step_avg:1811.58ms
step:800/3325 train_time:1449.518s step_avg:1811.90ms
step:801/3325 train_time:1451.310s step_avg:1811.87ms
step:802/3325 train_time:1453.102s step_avg:1811.85ms
step:803/3325 train_time:1454.894s step_avg:1811.82ms
step:804/3325 train_time:1456.686s step_avg:1811.80ms
step:805/3325 train_time:1458.479s step_avg:1811.78ms
step:806/3325 train_time:1460.273s step_avg:1811.75ms
step:807/3325 train_time:1462.066s step_avg:1811.73ms
step:808/3325 train_time:1463.861s step_avg:1811.71ms
step:809/3325 train_time:1465.654s step_avg:1811.69ms
step:810/3325 train_time:1467.463s step_avg:1811.68ms
step:811/3325 train_time:1469.254s step_avg:1811.66ms
step:812/3325 train_time:1471.046s step_avg:1811.63ms
step:813/3325 train_time:1472.837s step_avg:1811.61ms
step:814/3325 train_time:1474.629s step_avg:1811.58ms
step:815/3325 train_time:1476.421s step_avg:1811.56ms
step:816/3325 train_time:1478.215s step_avg:1811.54ms
step:817/3325 train_time:1480.007s step_avg:1811.51ms
step:818/3325 train_time:1481.800s step_avg:1811.49ms
step:819/3325 train_time:1483.592s step_avg:1811.47ms
step:820/3325 train_time:1485.386s step_avg:1811.45ms
step:821/3325 train_time:1487.178s step_avg:1811.42ms
step:822/3325 train_time:1488.970s step_avg:1811.40ms
step:823/3325 train_time:1490.762s step_avg:1811.38ms
step:824/3325 train_time:1492.554s step_avg:1811.35ms
step:825/3325 train_time:1494.619s step_avg:1811.66ms
step:826/3325 train_time:1496.412s step_avg:1811.64ms
step:827/3325 train_time:1498.204s step_avg:1811.61ms
step:828/3325 train_time:1499.998s step_avg:1811.59ms
step:829/3325 train_time:1501.790s step_avg:1811.57ms
step:830/3325 train_time:1503.582s step_avg:1811.55ms
step:831/3325 train_time:1505.374s step_avg:1811.52ms
step:832/3325 train_time:1507.166s step_avg:1811.50ms
step:833/3325 train_time:1508.958s step_avg:1811.47ms
step:834/3325 train_time:1510.750s step_avg:1811.45ms
step:835/3325 train_time:1512.542s step_avg:1811.43ms
step:836/3325 train_time:1514.335s step_avg:1811.41ms
step:837/3325 train_time:1516.128s step_avg:1811.38ms
step:838/3325 train_time:1517.920s step_avg:1811.36ms
step:839/3325 train_time:1519.712s step_avg:1811.34ms
step:840/3325 train_time:1521.520s step_avg:1811.33ms
step:841/3325 train_time:1523.312s step_avg:1811.31ms
step:842/3325 train_time:1525.103s step_avg:1811.29ms
step:843/3325 train_time:1526.895s step_avg:1811.26ms
step:844/3325 train_time:1528.687s step_avg:1811.24ms
step:845/3325 train_time:1530.479s step_avg:1811.22ms
step:846/3325 train_time:1532.272s step_avg:1811.20ms
step:847/3325 train_time:1534.064s step_avg:1811.17ms
step:848/3325 train_time:1535.856s step_avg:1811.15ms
step:849/3325 train_time:1537.649s step_avg:1811.13ms
step:850/3325 train_time:1539.715s step_avg:1811.43ms
step:851/3325 train_time:1541.507s step_avg:1811.41ms
step:852/3325 train_time:1543.300s step_avg:1811.38ms
step:853/3325 train_time:1545.092s step_avg:1811.36ms
step:854/3325 train_time:1546.885s step_avg:1811.34ms
step:855/3325 train_time:1548.677s step_avg:1811.32ms
step:856/3325 train_time:1550.469s step_avg:1811.30ms
step:857/3325 train_time:1552.260s step_avg:1811.27ms
step:858/3325 train_time:1554.052s step_avg:1811.25ms
step:859/3325 train_time:1555.843s step_avg:1811.23ms
step:860/3325 train_time:1557.635s step_avg:1811.20ms
step:861/3325 train_time:1559.428s step_avg:1811.18ms
step:862/3325 train_time:1561.221s step_avg:1811.16ms
step:863/3325 train_time:1563.016s step_avg:1811.14ms
step:864/3325 train_time:1564.809s step_avg:1811.12ms
step:865/3325 train_time:1566.602s step_avg:1811.10ms
step:866/3325 train_time:1568.396s step_avg:1811.08ms
step:867/3325 train_time:1570.188s step_avg:1811.06ms
step:868/3325 train_time:1571.979s step_avg:1811.04ms
step:869/3325 train_time:1573.771s step_avg:1811.01ms
step:870/3325 train_time:1575.579s step_avg:1811.01ms
step:871/3325 train_time:1577.371s step_avg:1810.99ms
step:872/3325 train_time:1579.163s step_avg:1810.97ms
step:873/3325 train_time:1580.955s step_avg:1810.95ms
step:874/3325 train_time:1582.747s step_avg:1810.92ms
step:875/3325 train_time:1584.877s step_avg:1811.29ms
step:875/3325 val_loss:3.74330 train_time:1584.878s step_avg:1805.01ms
step:876/3325 train_time:1586.675s step_avg:1811.27ms
step:877/3325 train_time:1588.470s step_avg:1811.25ms
step:878/3325 train_time:1590.266s step_avg:1811.24ms
step:879/3325 train_time:1592.063s step_avg:1811.22ms
step:880/3325 train_time:1593.859s step_avg:1811.20ms
step:881/3325 train_time:1595.657s step_avg:1811.19ms
step:882/3325 train_time:1597.452s step_avg:1811.17ms
step:883/3325 train_time:1599.247s step_avg:1811.15ms
step:884/3325 train_time:1601.042s step_avg:1811.13ms
step:885/3325 train_time:1602.838s step_avg:1811.12ms
step:886/3325 train_time:1604.632s step_avg:1811.10ms
step:887/3325 train_time:1606.427s step_avg:1811.08ms
step:888/3325 train_time:1608.223s step_avg:1811.06ms
step:889/3325 train_time:1610.020s step_avg:1811.05ms
step:890/3325 train_time:1611.814s step_avg:1811.03ms
step:891/3325 train_time:1613.612s step_avg:1811.01ms
step:892/3325 train_time:1615.410s step_avg:1811.00ms
step:893/3325 train_time:1617.207s step_avg:1810.98ms
step:894/3325 train_time:1619.004s step_avg:1810.97ms
step:895/3325 train_time:1620.799s step_avg:1810.95ms
step:896/3325 train_time:1622.594s step_avg:1810.93ms
step:897/3325 train_time:1624.389s step_avg:1810.91ms
step:898/3325 train_time:1626.182s step_avg:1810.89ms
step:899/3325 train_time:1627.979s step_avg:1810.88ms
step:900/3325 train_time:1630.066s step_avg:1811.18ms
step:901/3325 train_time:1631.861s step_avg:1811.17ms
step:902/3325 train_time:1633.655s step_avg:1811.15ms
step:903/3325 train_time:1635.449s step_avg:1811.13ms
step:904/3325 train_time:1637.246s step_avg:1811.11ms
step:905/3325 train_time:1639.041s step_avg:1811.09ms
step:906/3325 train_time:1640.836s step_avg:1811.08ms
step:907/3325 train_time:1642.631s step_avg:1811.06ms
step:908/3325 train_time:1644.426s step_avg:1811.04ms
step:909/3325 train_time:1646.223s step_avg:1811.03ms
step:910/3325 train_time:1648.018s step_avg:1811.01ms
step:911/3325 train_time:1649.813s step_avg:1810.99ms
step:912/3325 train_time:1651.608s step_avg:1810.97ms
step:913/3325 train_time:1653.401s step_avg:1810.95ms
step:914/3325 train_time:1655.196s step_avg:1810.94ms
step:915/3325 train_time:1656.992s step_avg:1810.92ms
step:916/3325 train_time:1658.789s step_avg:1810.90ms
step:917/3325 train_time:1660.586s step_avg:1810.89ms
step:918/3325 train_time:1662.381s step_avg:1810.87ms
step:919/3325 train_time:1664.177s step_avg:1810.86ms
step:920/3325 train_time:1665.971s step_avg:1810.84ms
step:921/3325 train_time:1667.765s step_avg:1810.82ms
step:922/3325 train_time:1669.561s step_avg:1810.80ms
step:923/3325 train_time:1671.356s step_avg:1810.79ms
step:924/3325 train_time:1673.152s step_avg:1810.77ms
step:925/3325 train_time:1675.227s step_avg:1811.06ms
step:926/3325 train_time:1677.021s step_avg:1811.04ms
step:927/3325 train_time:1678.818s step_avg:1811.02ms
step:928/3325 train_time:1680.614s step_avg:1811.01ms
step:929/3325 train_time:1682.410s step_avg:1810.99ms
step:930/3325 train_time:1684.222s step_avg:1810.99ms
step:931/3325 train_time:1686.018s step_avg:1810.98ms
step:932/3325 train_time:1687.816s step_avg:1810.96ms
step:933/3325 train_time:1689.612s step_avg:1810.95ms
step:934/3325 train_time:1691.407s step_avg:1810.93ms
step:935/3325 train_time:1693.204s step_avg:1810.91ms
step:936/3325 train_time:1695.001s step_avg:1810.90ms
step:937/3325 train_time:1696.796s step_avg:1810.88ms
step:938/3325 train_time:1698.593s step_avg:1810.87ms
step:939/3325 train_time:1700.386s step_avg:1810.85ms
step:940/3325 train_time:1702.181s step_avg:1810.83ms
step:941/3325 train_time:1703.975s step_avg:1810.81ms
step:942/3325 train_time:1705.769s step_avg:1810.79ms
step:943/3325 train_time:1707.564s step_avg:1810.78ms
step:944/3325 train_time:1709.359s step_avg:1810.76ms
step:945/3325 train_time:1711.154s step_avg:1810.75ms
step:946/3325 train_time:1712.948s step_avg:1810.73ms
step:947/3325 train_time:1714.743s step_avg:1810.71ms
step:948/3325 train_time:1716.538s step_avg:1810.69ms
step:949/3325 train_time:1718.332s step_avg:1810.68ms
step:950/3325 train_time:1720.409s step_avg:1810.96ms
step:951/3325 train_time:1722.241s step_avg:1810.98ms
step:952/3325 train_time:1724.033s step_avg:1810.96ms
step:953/3325 train_time:1725.825s step_avg:1810.94ms
step:954/3325 train_time:1727.618s step_avg:1810.92ms
step:955/3325 train_time:1729.410s step_avg:1810.90ms
step:956/3325 train_time:1731.203s step_avg:1810.88ms
step:957/3325 train_time:1732.995s step_avg:1810.86ms
step:958/3325 train_time:1734.788s step_avg:1810.84ms
step:959/3325 train_time:1736.581s step_avg:1810.82ms
step:960/3325 train_time:1738.390s step_avg:1810.82ms
step:961/3325 train_time:1740.183s step_avg:1810.80ms
step:962/3325 train_time:1741.977s step_avg:1810.79ms
step:963/3325 train_time:1743.770s step_avg:1810.77ms
step:964/3325 train_time:1745.564s step_avg:1810.75ms
step:965/3325 train_time:1747.356s step_avg:1810.73ms
step:966/3325 train_time:1749.148s step_avg:1810.71ms
step:967/3325 train_time:1750.939s step_avg:1810.69ms
step:968/3325 train_time:1752.731s step_avg:1810.67ms
step:969/3325 train_time:1754.523s step_avg:1810.65ms
step:970/3325 train_time:1756.317s step_avg:1810.64ms
step:971/3325 train_time:1758.110s step_avg:1810.62ms
step:972/3325 train_time:1759.903s step_avg:1810.60ms
step:973/3325 train_time:1761.696s step_avg:1810.58ms
step:974/3325 train_time:1763.492s step_avg:1810.57ms
step:975/3325 train_time:1765.560s step_avg:1810.83ms
step:976/3325 train_time:1767.353s step_avg:1810.81ms
step:977/3325 train_time:1769.145s step_avg:1810.79ms
step:978/3325 train_time:1770.938s step_avg:1810.78ms
step:979/3325 train_time:1772.731s step_avg:1810.76ms
step:980/3325 train_time:1774.524s step_avg:1810.74ms
step:981/3325 train_time:1776.318s step_avg:1810.72ms
step:982/3325 train_time:1778.111s step_avg:1810.70ms
step:983/3325 train_time:1779.904s step_avg:1810.69ms
step:984/3325 train_time:1781.697s step_avg:1810.67ms
step:985/3325 train_time:1783.488s step_avg:1810.65ms
step:986/3325 train_time:1785.280s step_avg:1810.63ms
step:987/3325 train_time:1787.074s step_avg:1810.61ms
step:988/3325 train_time:1788.868s step_avg:1810.59ms
step:989/3325 train_time:1790.661s step_avg:1810.58ms
step:990/3325 train_time:1792.470s step_avg:1810.58ms
step:991/3325 train_time:1794.262s step_avg:1810.56ms
step:992/3325 train_time:1796.056s step_avg:1810.54ms
step:993/3325 train_time:1797.849s step_avg:1810.52ms
step:994/3325 train_time:1799.641s step_avg:1810.50ms
step:995/3325 train_time:1801.433s step_avg:1810.49ms
step:996/3325 train_time:1803.225s step_avg:1810.47ms
step:997/3325 train_time:1805.017s step_avg:1810.45ms
step:998/3325 train_time:1806.810s step_avg:1810.43ms
step:999/3325 train_time:1808.603s step_avg:1810.41ms
step:1000/3325 train_time:1810.736s step_avg:1810.74ms
step:1000/3325 val_loss:3.69503 train_time:1810.736s step_avg:1806.87ms
step:1001/3325 train_time:1812.530s step_avg:1810.72ms
step:1002/3325 train_time:1814.323s step_avg:1810.70ms
step:1003/3325 train_time:1816.116s step_avg:1810.68ms
step:1004/3325 train_time:1817.910s step_avg:1810.67ms
step:1005/3325 train_time:1819.703s step_avg:1810.65ms
step:1006/3325 train_time:1821.495s step_avg:1810.63ms
step:1007/3325 train_time:1823.288s step_avg:1810.61ms
step:1008/3325 train_time:1825.081s step_avg:1810.60ms
step:1009/3325 train_time:1826.873s step_avg:1810.58ms
step:1010/3325 train_time:1828.667s step_avg:1810.56ms
step:1011/3325 train_time:1830.459s step_avg:1810.54ms
step:1012/3325 train_time:1832.253s step_avg:1810.53ms
step:1013/3325 train_time:1834.046s step_avg:1810.51ms
step:1014/3325 train_time:1835.841s step_avg:1810.49ms
step:1015/3325 train_time:1837.635s step_avg:1810.48ms
step:1016/3325 train_time:1839.429s step_avg:1810.46ms
step:1017/3325 train_time:1841.221s step_avg:1810.44ms
step:1018/3325 train_time:1843.013s step_avg:1810.43ms
step:1019/3325 train_time:1844.806s step_avg:1810.41ms
step:1020/3325 train_time:1846.615s step_avg:1810.41ms
step:1021/3325 train_time:1848.407s step_avg:1810.39ms
step:1022/3325 train_time:1850.200s step_avg:1810.37ms
step:1023/3325 train_time:1851.992s step_avg:1810.35ms
step:1024/3325 train_time:1853.784s step_avg:1810.34ms
step:1025/3325 train_time:1855.851s step_avg:1810.59ms
step:1026/3325 train_time:1857.642s step_avg:1810.57ms
step:1027/3325 train_time:1859.434s step_avg:1810.55ms
step:1028/3325 train_time:1861.226s step_avg:1810.53ms
step:1029/3325 train_time:1863.018s step_avg:1810.51ms
step:1030/3325 train_time:1864.810s step_avg:1810.50ms
step:1031/3325 train_time:1866.603s step_avg:1810.48ms
step:1032/3325 train_time:1868.395s step_avg:1810.46ms
step:1033/3325 train_time:1870.187s step_avg:1810.44ms
step:1034/3325 train_time:1871.980s step_avg:1810.43ms
step:1035/3325 train_time:1873.772s step_avg:1810.41ms
step:1036/3325 train_time:1875.563s step_avg:1810.39ms
step:1037/3325 train_time:1877.355s step_avg:1810.37ms
step:1038/3325 train_time:1879.147s step_avg:1810.35ms
step:1039/3325 train_time:1880.940s step_avg:1810.34ms
step:1040/3325 train_time:1882.735s step_avg:1810.32ms
step:1041/3325 train_time:1884.528s step_avg:1810.31ms
step:1042/3325 train_time:1886.321s step_avg:1810.29ms
step:1043/3325 train_time:1888.114s step_avg:1810.27ms
step:1044/3325 train_time:1889.907s step_avg:1810.26ms
step:1045/3325 train_time:1891.700s step_avg:1810.24ms
step:1046/3325 train_time:1893.492s step_avg:1810.22ms
step:1047/3325 train_time:1895.285s step_avg:1810.21ms
step:1048/3325 train_time:1897.078s step_avg:1810.19ms
step:1049/3325 train_time:1898.870s step_avg:1810.17ms
step:1050/3325 train_time:1900.954s step_avg:1810.43ms
step:1051/3325 train_time:1902.746s step_avg:1810.41ms
step:1052/3325 train_time:1904.539s step_avg:1810.40ms
step:1053/3325 train_time:1906.332s step_avg:1810.38ms
step:1054/3325 train_time:1908.125s step_avg:1810.37ms
step:1055/3325 train_time:1909.917s step_avg:1810.35ms
step:1056/3325 train_time:1911.711s step_avg:1810.33ms
step:1057/3325 train_time:1913.503s step_avg:1810.32ms
step:1058/3325 train_time:1915.295s step_avg:1810.30ms
step:1059/3325 train_time:1917.087s step_avg:1810.28ms
step:1060/3325 train_time:1918.881s step_avg:1810.26ms
step:1061/3325 train_time:1920.673s step_avg:1810.25ms
step:1062/3325 train_time:1922.467s step_avg:1810.23ms
step:1063/3325 train_time:1924.260s step_avg:1810.22ms
step:1064/3325 train_time:1926.053s step_avg:1810.20ms
step:1065/3325 train_time:1927.844s step_avg:1810.18ms
step:1066/3325 train_time:1929.635s step_avg:1810.16ms
step:1067/3325 train_time:1931.427s step_avg:1810.15ms
step:1068/3325 train_time:1933.219s step_avg:1810.13ms
step:1069/3325 train_time:1935.012s step_avg:1810.11ms
step:1070/3325 train_time:1936.805s step_avg:1810.10ms
step:1071/3325 train_time:1938.598s step_avg:1810.08ms
step:1072/3325 train_time:1940.390s step_avg:1810.07ms
step:1073/3325 train_time:1942.183s step_avg:1810.05ms
step:1074/3325 train_time:1943.978s step_avg:1810.04ms
step:1075/3325 train_time:1946.058s step_avg:1810.29ms
step:1076/3325 train_time:1947.852s step_avg:1810.27ms
step:1077/3325 train_time:1949.646s step_avg:1810.26ms
step:1078/3325 train_time:1951.441s step_avg:1810.24ms
step:1079/3325 train_time:1953.234s step_avg:1810.23ms
step:1080/3325 train_time:1955.044s step_avg:1810.23ms
step:1081/3325 train_time:1956.838s step_avg:1810.21ms
step:1082/3325 train_time:1958.638s step_avg:1810.20ms
step:1083/3325 train_time:1960.434s step_avg:1810.19ms
step:1084/3325 train_time:1962.229s step_avg:1810.17ms
step:1085/3325 train_time:1964.023s step_avg:1810.16ms
step:1086/3325 train_time:1965.819s step_avg:1810.15ms
step:1087/3325 train_time:1967.614s step_avg:1810.13ms
step:1088/3325 train_time:1969.409s step_avg:1810.12ms
step:1089/3325 train_time:1971.205s step_avg:1810.11ms
step:1090/3325 train_time:1973.000s step_avg:1810.09ms
step:1091/3325 train_time:1974.795s step_avg:1810.08ms
step:1092/3325 train_time:1976.591s step_avg:1810.07ms
step:1093/3325 train_time:1978.386s step_avg:1810.05ms
step:1094/3325 train_time:1980.184s step_avg:1810.04ms
step:1095/3325 train_time:1981.981s step_avg:1810.03ms
step:1096/3325 train_time:1983.778s step_avg:1810.02ms
step:1097/3325 train_time:1985.576s step_avg:1810.01ms
step:1098/3325 train_time:1987.371s step_avg:1809.99ms
step:1099/3325 train_time:1989.165s step_avg:1809.98ms
step:1100/3325 train_time:1991.238s step_avg:1810.22ms
step:1101/3325 train_time:1993.034s step_avg:1810.20ms
step:1102/3325 train_time:1994.828s step_avg:1810.19ms
step:1103/3325 train_time:1996.623s step_avg:1810.17ms
step:1104/3325 train_time:1998.417s step_avg:1810.16ms
step:1105/3325 train_time:2000.214s step_avg:1810.15ms
step:1106/3325 train_time:2002.008s step_avg:1810.13ms
step:1107/3325 train_time:2003.803s step_avg:1810.12ms
step:1108/3325 train_time:2005.599s step_avg:1810.11ms
step:1109/3325 train_time:2007.394s step_avg:1810.09ms
step:1110/3325 train_time:2009.206s step_avg:1810.10ms
step:1111/3325 train_time:2011.000s step_avg:1810.08ms
step:1112/3325 train_time:2012.795s step_avg:1810.07ms
step:1113/3325 train_time:2014.592s step_avg:1810.06ms
step:1114/3325 train_time:2016.389s step_avg:1810.04ms
step:1115/3325 train_time:2018.186s step_avg:1810.03ms
step:1116/3325 train_time:2019.983s step_avg:1810.02ms
step:1117/3325 train_time:2021.778s step_avg:1810.01ms
step:1118/3325 train_time:2023.572s step_avg:1809.99ms
step:1119/3325 train_time:2025.366s step_avg:1809.98ms
step:1120/3325 train_time:2027.161s step_avg:1809.96ms
step:1121/3325 train_time:2028.954s step_avg:1809.95ms
step:1122/3325 train_time:2030.750s step_avg:1809.94ms
step:1123/3325 train_time:2032.544s step_avg:1809.92ms
step:1124/3325 train_time:2034.341s step_avg:1809.91ms
step:1125/3325 train_time:2036.487s step_avg:1810.21ms
step:1125/3325 val_loss:3.66584 train_time:2036.488s step_avg:1806.01ms
step:1126/3325 train_time:2038.283s step_avg:1810.20ms
step:1127/3325 train_time:2040.077s step_avg:1810.18ms
step:1128/3325 train_time:2041.874s step_avg:1810.17ms
step:1129/3325 train_time:2043.668s step_avg:1810.16ms
step:1130/3325 train_time:2045.463s step_avg:1810.14ms
step:1131/3325 train_time:2047.261s step_avg:1810.13ms
step:1132/3325 train_time:2049.056s step_avg:1810.12ms
step:1133/3325 train_time:2050.855s step_avg:1810.11ms
step:1134/3325 train_time:2052.652s step_avg:1810.10ms
step:1135/3325 train_time:2054.448s step_avg:1810.09ms
step:1136/3325 train_time:2056.246s step_avg:1810.08ms
step:1137/3325 train_time:2058.040s step_avg:1810.06ms
step:1138/3325 train_time:2059.835s step_avg:1810.05ms
step:1139/3325 train_time:2061.631s step_avg:1810.04ms
step:1140/3325 train_time:2063.443s step_avg:1810.04ms
step:1141/3325 train_time:2065.276s step_avg:1810.06ms
step:1142/3325 train_time:2067.072s step_avg:1810.05ms
step:1143/3325 train_time:2068.869s step_avg:1810.03ms
step:1144/3325 train_time:2070.664s step_avg:1810.02ms
step:1145/3325 train_time:2072.458s step_avg:1810.01ms
step:1146/3325 train_time:2074.253s step_avg:1809.99ms
step:1147/3325 train_time:2076.049s step_avg:1809.98ms
step:1148/3325 train_time:2077.844s step_avg:1809.97ms
step:1149/3325 train_time:2079.640s step_avg:1809.96ms
step:1150/3325 train_time:2081.714s step_avg:1810.19ms
step:1151/3325 train_time:2083.508s step_avg:1810.17ms
step:1152/3325 train_time:2085.306s step_avg:1810.16ms
step:1153/3325 train_time:2087.102s step_avg:1810.15ms
step:1154/3325 train_time:2088.897s step_avg:1810.14ms
step:1155/3325 train_time:2090.692s step_avg:1810.12ms
step:1156/3325 train_time:2092.486s step_avg:1810.11ms
step:1157/3325 train_time:2094.282s step_avg:1810.10ms
step:1158/3325 train_time:2096.079s step_avg:1810.09ms
step:1159/3325 train_time:2097.873s step_avg:1810.07ms
step:1160/3325 train_time:2099.667s step_avg:1810.06ms
step:1161/3325 train_time:2101.461s step_avg:1810.04ms
step:1162/3325 train_time:2103.255s step_avg:1810.03ms
step:1163/3325 train_time:2105.050s step_avg:1810.02ms
step:1164/3325 train_time:2106.845s step_avg:1810.00ms
step:1165/3325 train_time:2108.640s step_avg:1809.99ms
step:1166/3325 train_time:2110.435s step_avg:1809.98ms
step:1167/3325 train_time:2112.231s step_avg:1809.97ms
step:1168/3325 train_time:2114.025s step_avg:1809.95ms
step:1169/3325 train_time:2115.820s step_avg:1809.94ms
step:1170/3325 train_time:2117.631s step_avg:1809.94ms
step:1171/3325 train_time:2119.426s step_avg:1809.93ms
step:1172/3325 train_time:2121.220s step_avg:1809.91ms
step:1173/3325 train_time:2123.014s step_avg:1809.90ms
step:1174/3325 train_time:2124.810s step_avg:1809.89ms
step:1175/3325 train_time:2126.886s step_avg:1810.12ms
step:1176/3325 train_time:2128.686s step_avg:1810.11ms
step:1177/3325 train_time:2130.481s step_avg:1810.09ms
step:1178/3325 train_time:2132.276s step_avg:1810.08ms
step:1179/3325 train_time:2134.072s step_avg:1810.07ms
step:1180/3325 train_time:2135.866s step_avg:1810.06ms
step:1181/3325 train_time:2137.659s step_avg:1810.04ms
step:1182/3325 train_time:2139.453s step_avg:1810.03ms
step:1183/3325 train_time:2141.248s step_avg:1810.02ms
step:1184/3325 train_time:2143.042s step_avg:1810.00ms
step:1185/3325 train_time:2144.835s step_avg:1809.99ms
step:1186/3325 train_time:2146.629s step_avg:1809.97ms
step:1187/3325 train_time:2148.423s step_avg:1809.96ms
step:1188/3325 train_time:2150.216s step_avg:1809.95ms
step:1189/3325 train_time:2152.010s step_avg:1809.93ms
step:1190/3325 train_time:2153.804s step_avg:1809.92ms
step:1191/3325 train_time:2155.597s step_avg:1809.91ms
step:1192/3325 train_time:2157.391s step_avg:1809.89ms
step:1193/3325 train_time:2159.183s step_avg:1809.88ms
step:1194/3325 train_time:2160.975s step_avg:1809.86ms
step:1195/3325 train_time:2162.768s step_avg:1809.85ms
step:1196/3325 train_time:2164.561s step_avg:1809.83ms
step:1197/3325 train_time:2166.354s step_avg:1809.82ms
step:1198/3325 train_time:2168.147s step_avg:1809.81ms
step:1199/3325 train_time:2169.941s step_avg:1809.79ms
step:1200/3325 train_time:2172.025s step_avg:1810.02ms
step:1201/3325 train_time:2173.818s step_avg:1810.01ms
step:1202/3325 train_time:2175.611s step_avg:1809.99ms
step:1203/3325 train_time:2177.404s step_avg:1809.98ms
step:1204/3325 train_time:2179.196s step_avg:1809.96ms
step:1205/3325 train_time:2180.989s step_avg:1809.95ms
step:1206/3325 train_time:2182.782s step_avg:1809.94ms
step:1207/3325 train_time:2184.575s step_avg:1809.92ms
step:1208/3325 train_time:2186.369s step_avg:1809.91ms
step:1209/3325 train_time:2188.162s step_avg:1809.89ms
step:1210/3325 train_time:2189.955s step_avg:1809.88ms
step:1211/3325 train_time:2191.749s step_avg:1809.87ms
step:1212/3325 train_time:2193.542s step_avg:1809.85ms
step:1213/3325 train_time:2195.334s step_avg:1809.84ms
step:1214/3325 train_time:2197.127s step_avg:1809.82ms
step:1215/3325 train_time:2198.918s step_avg:1809.81ms
step:1216/3325 train_time:2200.713s step_avg:1809.80ms
step:1217/3325 train_time:2202.507s step_avg:1809.78ms
step:1218/3325 train_time:2204.300s step_avg:1809.77ms
step:1219/3325 train_time:2206.093s step_avg:1809.76ms
step:1220/3325 train_time:2207.887s step_avg:1809.74ms
step:1221/3325 train_time:2209.680s step_avg:1809.73ms
step:1222/3325 train_time:2211.474s step_avg:1809.72ms
step:1223/3325 train_time:2213.268s step_avg:1809.70ms
step:1224/3325 train_time:2215.060s step_avg:1809.69ms
step:1225/3325 train_time:2217.128s step_avg:1809.90ms
step:1226/3325 train_time:2218.921s step_avg:1809.89ms
step:1227/3325 train_time:2220.714s step_avg:1809.87ms
step:1228/3325 train_time:2222.508s step_avg:1809.86ms
step:1229/3325 train_time:2224.301s step_avg:1809.85ms
step:1230/3325 train_time:2226.110s step_avg:1809.85ms
step:1231/3325 train_time:2227.904s step_avg:1809.83ms
step:1232/3325 train_time:2229.698s step_avg:1809.82ms
step:1233/3325 train_time:2231.491s step_avg:1809.81ms
step:1234/3325 train_time:2233.283s step_avg:1809.79ms
step:1235/3325 train_time:2235.075s step_avg:1809.78ms
step:1236/3325 train_time:2236.868s step_avg:1809.76ms
step:1237/3325 train_time:2238.661s step_avg:1809.75ms
step:1238/3325 train_time:2240.455s step_avg:1809.74ms
step:1239/3325 train_time:2242.249s step_avg:1809.72ms
step:1240/3325 train_time:2244.043s step_avg:1809.71ms
step:1241/3325 train_time:2245.836s step_avg:1809.70ms
step:1242/3325 train_time:2247.630s step_avg:1809.69ms
step:1243/3325 train_time:2249.424s step_avg:1809.67ms
step:1244/3325 train_time:2251.218s step_avg:1809.66ms
step:1245/3325 train_time:2253.011s step_avg:1809.65ms
step:1246/3325 train_time:2254.806s step_avg:1809.64ms
step:1247/3325 train_time:2256.600s step_avg:1809.62ms
step:1248/3325 train_time:2258.392s step_avg:1809.61ms
step:1249/3325 train_time:2260.186s step_avg:1809.60ms
step:1250/3325 train_time:2262.322s step_avg:1809.86ms
step:1250/3325 val_loss:3.62501 train_time:2262.323s step_avg:1806.68ms
step:1251/3325 train_time:2264.116s step_avg:1809.85ms
step:1252/3325 train_time:2265.911s step_avg:1809.83ms
step:1253/3325 train_time:2267.705s step_avg:1809.82ms
step:1254/3325 train_time:2269.500s step_avg:1809.81ms
step:1255/3325 train_time:2271.294s step_avg:1809.80ms
step:1256/3325 train_time:2273.089s step_avg:1809.78ms
step:1257/3325 train_time:2274.884s step_avg:1809.77ms
step:1258/3325 train_time:2276.678s step_avg:1809.76ms
step:1259/3325 train_time:2278.472s step_avg:1809.75ms
step:1260/3325 train_time:2280.281s step_avg:1809.75ms
step:1261/3325 train_time:2282.075s step_avg:1809.73ms
step:1262/3325 train_time:2283.869s step_avg:1809.72ms
step:1263/3325 train_time:2285.662s step_avg:1809.71ms
step:1264/3325 train_time:2287.456s step_avg:1809.70ms
step:1265/3325 train_time:2289.250s step_avg:1809.68ms
step:1266/3325 train_time:2291.044s step_avg:1809.67ms
step:1267/3325 train_time:2292.839s step_avg:1809.66ms
step:1268/3325 train_time:2294.634s step_avg:1809.65ms
step:1269/3325 train_time:2296.429s step_avg:1809.64ms
step:1270/3325 train_time:2298.223s step_avg:1809.62ms
step:1271/3325 train_time:2300.017s step_avg:1809.61ms
step:1272/3325 train_time:2301.810s step_avg:1809.60ms
step:1273/3325 train_time:2303.604s step_avg:1809.59ms
step:1274/3325 train_time:2305.397s step_avg:1809.57ms
step:1275/3325 train_time:2307.466s step_avg:1809.78ms
step:1276/3325 train_time:2309.263s step_avg:1809.77ms
step:1277/3325 train_time:2311.056s step_avg:1809.75ms
step:1278/3325 train_time:2312.851s step_avg:1809.74ms
step:1279/3325 train_time:2314.647s step_avg:1809.73ms
step:1280/3325 train_time:2316.443s step_avg:1809.72ms
step:1281/3325 train_time:2318.237s step_avg:1809.71ms
step:1282/3325 train_time:2320.030s step_avg:1809.70ms
step:1283/3325 train_time:2321.822s step_avg:1809.68ms
step:1284/3325 train_time:2323.615s step_avg:1809.67ms
step:1285/3325 train_time:2325.409s step_avg:1809.66ms
step:1286/3325 train_time:2327.202s step_avg:1809.64ms
step:1287/3325 train_time:2328.995s step_avg:1809.63ms
step:1288/3325 train_time:2330.789s step_avg:1809.62ms
step:1289/3325 train_time:2332.583s step_avg:1809.61ms
step:1290/3325 train_time:2334.393s step_avg:1809.61ms
step:1291/3325 train_time:2336.186s step_avg:1809.59ms
step:1292/3325 train_time:2337.982s step_avg:1809.58ms
step:1293/3325 train_time:2339.779s step_avg:1809.57ms
step:1294/3325 train_time:2341.576s step_avg:1809.56ms
step:1295/3325 train_time:2343.369s step_avg:1809.55ms
step:1296/3325 train_time:2345.163s step_avg:1809.54ms
step:1297/3325 train_time:2346.957s step_avg:1809.53ms
step:1298/3325 train_time:2348.750s step_avg:1809.51ms
step:1299/3325 train_time:2350.544s step_avg:1809.50ms
step:1300/3325 train_time:2352.617s step_avg:1809.71ms
step:1301/3325 train_time:2354.411s step_avg:1809.69ms
step:1302/3325 train_time:2356.205s step_avg:1809.68ms
step:1303/3325 train_time:2357.998s step_avg:1809.67ms
step:1304/3325 train_time:2359.791s step_avg:1809.66ms
step:1305/3325 train_time:2361.584s step_avg:1809.64ms
step:1306/3325 train_time:2363.378s step_avg:1809.63ms
step:1307/3325 train_time:2365.171s step_avg:1809.62ms
step:1308/3325 train_time:2366.964s step_avg:1809.61ms
step:1309/3325 train_time:2368.758s step_avg:1809.59ms
step:1310/3325 train_time:2370.552s step_avg:1809.58ms
step:1311/3325 train_time:2372.346s step_avg:1809.57ms
step:1312/3325 train_time:2374.140s step_avg:1809.56ms
step:1313/3325 train_time:2375.935s step_avg:1809.55ms
step:1314/3325 train_time:2377.729s step_avg:1809.54ms
step:1315/3325 train_time:2379.524s step_avg:1809.52ms
step:1316/3325 train_time:2381.317s step_avg:1809.51ms
step:1317/3325 train_time:2383.111s step_avg:1809.50ms
step:1318/3325 train_time:2384.904s step_avg:1809.49ms
step:1319/3325 train_time:2386.698s step_avg:1809.48ms
step:1320/3325 train_time:2388.507s step_avg:1809.48ms
step:1321/3325 train_time:2390.301s step_avg:1809.46ms
step:1322/3325 train_time:2392.096s step_avg:1809.45ms
step:1323/3325 train_time:2393.890s step_avg:1809.44ms
step:1324/3325 train_time:2395.683s step_avg:1809.43ms
step:1325/3325 train_time:2397.755s step_avg:1809.63ms
step:1326/3325 train_time:2399.552s step_avg:1809.62ms
step:1327/3325 train_time:2401.345s step_avg:1809.60ms
step:1328/3325 train_time:2403.141s step_avg:1809.59ms
step:1329/3325 train_time:2404.935s step_avg:1809.58ms
step:1330/3325 train_time:2406.728s step_avg:1809.57ms
step:1331/3325 train_time:2408.555s step_avg:1809.58ms
step:1332/3325 train_time:2410.349s step_avg:1809.57ms
step:1333/3325 train_time:2412.144s step_avg:1809.56ms
step:1334/3325 train_time:2413.938s step_avg:1809.55ms
step:1335/3325 train_time:2415.731s step_avg:1809.54ms
step:1336/3325 train_time:2417.524s step_avg:1809.52ms
step:1337/3325 train_time:2419.318s step_avg:1809.51ms
step:1338/3325 train_time:2421.111s step_avg:1809.50ms
step:1339/3325 train_time:2422.905s step_avg:1809.49ms
step:1340/3325 train_time:2424.700s step_avg:1809.48ms
step:1341/3325 train_time:2426.493s step_avg:1809.47ms
step:1342/3325 train_time:2428.287s step_avg:1809.45ms
step:1343/3325 train_time:2430.080s step_avg:1809.44ms
step:1344/3325 train_time:2431.872s step_avg:1809.43ms
step:1345/3325 train_time:2433.665s step_avg:1809.42ms
step:1346/3325 train_time:2435.458s step_avg:1809.40ms
step:1347/3325 train_time:2437.250s step_avg:1809.39ms
step:1348/3325 train_time:2439.043s step_avg:1809.38ms
step:1349/3325 train_time:2440.836s step_avg:1809.37ms
step:1350/3325 train_time:2442.919s step_avg:1809.57ms
step:1351/3325 train_time:2444.712s step_avg:1809.56ms
step:1352/3325 train_time:2446.505s step_avg:1809.54ms
step:1353/3325 train_time:2448.297s step_avg:1809.53ms
step:1354/3325 train_time:2450.089s step_avg:1809.52ms
step:1355/3325 train_time:2451.882s step_avg:1809.51ms
step:1356/3325 train_time:2453.675s step_avg:1809.49ms
step:1357/3325 train_time:2455.468s step_avg:1809.48ms
step:1358/3325 train_time:2457.262s step_avg:1809.47ms
step:1359/3325 train_time:2459.056s step_avg:1809.46ms
step:1360/3325 train_time:2460.849s step_avg:1809.45ms
step:1361/3325 train_time:2462.643s step_avg:1809.44ms
step:1362/3325 train_time:2464.435s step_avg:1809.42ms
step:1363/3325 train_time:2466.228s step_avg:1809.41ms
step:1364/3325 train_time:2468.021s step_avg:1809.40ms
step:1365/3325 train_time:2469.814s step_avg:1809.39ms
step:1366/3325 train_time:2471.608s step_avg:1809.38ms
step:1367/3325 train_time:2473.401s step_avg:1809.36ms
step:1368/3325 train_time:2475.195s step_avg:1809.35ms
step:1369/3325 train_time:2476.988s step_avg:1809.34ms
step:1370/3325 train_time:2478.782s step_avg:1809.33ms
step:1371/3325 train_time:2480.578s step_avg:1809.32ms
step:1372/3325 train_time:2482.371s step_avg:1809.31ms
step:1373/3325 train_time:2484.163s step_avg:1809.30ms
step:1374/3325 train_time:2485.956s step_avg:1809.28ms
step:1375/3325 train_time:2488.089s step_avg:1809.52ms
step:1375/3325 val_loss:3.59455 train_time:2488.090s step_avg:1806.14ms
step:1376/3325 train_time:2489.883s step_avg:1809.51ms
step:1377/3325 train_time:2491.677s step_avg:1809.50ms
step:1378/3325 train_time:2493.470s step_avg:1809.48ms
step:1379/3325 train_time:2495.263s step_avg:1809.47ms
step:1380/3325 train_time:2497.072s step_avg:1809.47ms
step:1381/3325 train_time:2498.866s step_avg:1809.46ms
step:1382/3325 train_time:2500.659s step_avg:1809.45ms
step:1383/3325 train_time:2502.453s step_avg:1809.44ms
step:1384/3325 train_time:2504.246s step_avg:1809.43ms
step:1385/3325 train_time:2506.040s step_avg:1809.42ms
step:1386/3325 train_time:2507.834s step_avg:1809.40ms
step:1387/3325 train_time:2509.627s step_avg:1809.39ms
step:1388/3325 train_time:2511.420s step_avg:1809.38ms
step:1389/3325 train_time:2513.213s step_avg:1809.37ms
step:1390/3325 train_time:2515.007s step_avg:1809.36ms
step:1391/3325 train_time:2516.800s step_avg:1809.35ms
step:1392/3325 train_time:2518.593s step_avg:1809.33ms
step:1393/3325 train_time:2520.388s step_avg:1809.32ms
step:1394/3325 train_time:2522.182s step_avg:1809.31ms
step:1395/3325 train_time:2523.975s step_avg:1809.30ms
step:1396/3325 train_time:2525.769s step_avg:1809.29ms
step:1397/3325 train_time:2527.563s step_avg:1809.28ms
step:1398/3325 train_time:2529.355s step_avg:1809.27ms
step:1399/3325 train_time:2531.148s step_avg:1809.26ms
step:1400/3325 train_time:2533.214s step_avg:1809.44ms
step:1401/3325 train_time:2535.007s step_avg:1809.43ms
step:1402/3325 train_time:2536.799s step_avg:1809.41ms
step:1403/3325 train_time:2538.593s step_avg:1809.40ms
step:1404/3325 train_time:2540.387s step_avg:1809.39ms
step:1405/3325 train_time:2542.180s step_avg:1809.38ms
step:1406/3325 train_time:2543.973s step_avg:1809.37ms
step:1407/3325 train_time:2545.765s step_avg:1809.36ms
step:1408/3325 train_time:2547.558s step_avg:1809.35ms
step:1409/3325 train_time:2549.351s step_avg:1809.33ms
step:1410/3325 train_time:2551.160s step_avg:1809.33ms
step:1411/3325 train_time:2552.953s step_avg:1809.32ms
step:1412/3325 train_time:2554.746s step_avg:1809.31ms
step:1413/3325 train_time:2556.539s step_avg:1809.30ms
step:1414/3325 train_time:2558.332s step_avg:1809.29ms
step:1415/3325 train_time:2560.125s step_avg:1809.28ms
step:1416/3325 train_time:2561.917s step_avg:1809.26ms
step:1417/3325 train_time:2563.709s step_avg:1809.25ms
step:1418/3325 train_time:2565.502s step_avg:1809.24ms
step:1419/3325 train_time:2567.294s step_avg:1809.23ms
step:1420/3325 train_time:2569.086s step_avg:1809.22ms
step:1421/3325 train_time:2570.880s step_avg:1809.20ms
step:1422/3325 train_time:2572.673s step_avg:1809.19ms
step:1423/3325 train_time:2574.466s step_avg:1809.18ms
step:1424/3325 train_time:2576.260s step_avg:1809.17ms
step:1425/3325 train_time:2578.326s step_avg:1809.35ms
step:1426/3325 train_time:2580.119s step_avg:1809.34ms
step:1427/3325 train_time:2581.912s step_avg:1809.33ms
step:1428/3325 train_time:2583.705s step_avg:1809.32ms
step:1429/3325 train_time:2585.498s step_avg:1809.31ms
step:1430/3325 train_time:2587.291s step_avg:1809.29ms
step:1431/3325 train_time:2589.084s step_avg:1809.28ms
step:1432/3325 train_time:2590.877s step_avg:1809.27ms
step:1433/3325 train_time:2592.670s step_avg:1809.26ms
step:1434/3325 train_time:2594.464s step_avg:1809.25ms
step:1435/3325 train_time:2596.256s step_avg:1809.24ms
step:1436/3325 train_time:2598.049s step_avg:1809.23ms
step:1437/3325 train_time:2599.841s step_avg:1809.21ms
step:1438/3325 train_time:2601.634s step_avg:1809.20ms
step:1439/3325 train_time:2603.428s step_avg:1809.19ms
step:1440/3325 train_time:2605.238s step_avg:1809.19ms
step:1441/3325 train_time:2607.031s step_avg:1809.18ms
step:1442/3325 train_time:2608.826s step_avg:1809.17ms
step:1443/3325 train_time:2610.619s step_avg:1809.16ms
step:1444/3325 train_time:2612.412s step_avg:1809.15ms
step:1445/3325 train_time:2614.205s step_avg:1809.14ms
step:1446/3325 train_time:2615.998s step_avg:1809.13ms
step:1447/3325 train_time:2617.790s step_avg:1809.12ms
step:1448/3325 train_time:2619.584s step_avg:1809.11ms
step:1449/3325 train_time:2621.377s step_avg:1809.09ms
step:1450/3325 train_time:2623.445s step_avg:1809.27ms
step:1451/3325 train_time:2625.237s step_avg:1809.26ms
step:1452/3325 train_time:2627.030s step_avg:1809.25ms
step:1453/3325 train_time:2628.824s step_avg:1809.24ms
step:1454/3325 train_time:2630.618s step_avg:1809.23ms
step:1455/3325 train_time:2632.410s step_avg:1809.22ms
step:1456/3325 train_time:2634.203s step_avg:1809.21ms
step:1457/3325 train_time:2635.995s step_avg:1809.19ms
step:1458/3325 train_time:2637.788s step_avg:1809.18ms
step:1459/3325 train_time:2639.581s step_avg:1809.17ms
step:1460/3325 train_time:2641.375s step_avg:1809.16ms
step:1461/3325 train_time:2643.168s step_avg:1809.15ms
step:1462/3325 train_time:2644.961s step_avg:1809.14ms
step:1463/3325 train_time:2646.754s step_avg:1809.13ms
step:1464/3325 train_time:2648.548s step_avg:1809.12ms
step:1465/3325 train_time:2650.340s step_avg:1809.11ms
step:1466/3325 train_time:2652.132s step_avg:1809.09ms
step:1467/3325 train_time:2653.924s step_avg:1809.08ms
step:1468/3325 train_time:2655.717s step_avg:1809.07ms
step:1469/3325 train_time:2657.511s step_avg:1809.06ms
step:1470/3325 train_time:2659.321s step_avg:1809.06ms
step:1471/3325 train_time:2661.114s step_avg:1809.05ms
step:1472/3325 train_time:2662.907s step_avg:1809.04ms
step:1473/3325 train_time:2664.700s step_avg:1809.03ms
step:1474/3325 train_time:2666.493s step_avg:1809.02ms
step:1475/3325 train_time:2668.560s step_avg:1809.19ms
step:1476/3325 train_time:2670.353s step_avg:1809.18ms
step:1477/3325 train_time:2672.145s step_avg:1809.17ms
step:1478/3325 train_time:2673.940s step_avg:1809.16ms
step:1479/3325 train_time:2675.733s step_avg:1809.15ms
step:1480/3325 train_time:2677.526s step_avg:1809.14ms
step:1481/3325 train_time:2679.320s step_avg:1809.13ms
step:1482/3325 train_time:2681.118s step_avg:1809.12ms
step:1483/3325 train_time:2682.913s step_avg:1809.11ms
step:1484/3325 train_time:2684.707s step_avg:1809.10ms
step:1485/3325 train_time:2686.502s step_avg:1809.09ms
step:1486/3325 train_time:2688.302s step_avg:1809.09ms
step:1487/3325 train_time:2690.097s step_avg:1809.08ms
step:1488/3325 train_time:2691.891s step_avg:1809.07ms
step:1489/3325 train_time:2693.687s step_avg:1809.06ms
step:1490/3325 train_time:2695.481s step_avg:1809.05ms
step:1491/3325 train_time:2697.274s step_avg:1809.04ms
step:1492/3325 train_time:2699.068s step_avg:1809.03ms
step:1493/3325 train_time:2700.862s step_avg:1809.02ms
step:1494/3325 train_time:2702.657s step_avg:1809.01ms
step:1495/3325 train_time:2704.452s step_avg:1809.00ms
step:1496/3325 train_time:2706.249s step_avg:1808.99ms
step:1497/3325 train_time:2708.047s step_avg:1808.98ms
step:1498/3325 train_time:2709.847s step_avg:1808.98ms
step:1499/3325 train_time:2711.645s step_avg:1808.97ms
step:1500/3325 train_time:2713.797s step_avg:1809.20ms
step:1500/3325 val_loss:3.58150 train_time:2713.797s step_avg:1805.66ms
step:1501/3325 train_time:2715.591s step_avg:1809.19ms
step:1502/3325 train_time:2717.385s step_avg:1809.18ms
step:1503/3325 train_time:2719.178s step_avg:1809.17ms
step:1504/3325 train_time:2720.970s step_avg:1809.16ms
step:1505/3325 train_time:2722.763s step_avg:1809.14ms
step:1506/3325 train_time:2724.555s step_avg:1809.13ms
step:1507/3325 train_time:2726.347s step_avg:1809.12ms
step:1508/3325 train_time:2728.140s step_avg:1809.11ms
step:1509/3325 train_time:2729.933s step_avg:1809.10ms
step:1510/3325 train_time:2731.726s step_avg:1809.09ms
step:1511/3325 train_time:2733.520s step_avg:1809.08ms
step:1512/3325 train_time:2735.314s step_avg:1809.07ms
step:1513/3325 train_time:2737.107s step_avg:1809.06ms
step:1514/3325 train_time:2738.901s step_avg:1809.05ms
step:1515/3325 train_time:2740.693s step_avg:1809.04ms
step:1516/3325 train_time:2742.486s step_avg:1809.03ms
step:1517/3325 train_time:2744.278s step_avg:1809.02ms
step:1518/3325 train_time:2746.071s step_avg:1809.01ms
step:1519/3325 train_time:2747.864s step_avg:1809.00ms
step:1520/3325 train_time:2749.658s step_avg:1808.99ms
step:1521/3325 train_time:2751.489s step_avg:1809.00ms
step:1522/3325 train_time:2753.283s step_avg:1808.99ms
step:1523/3325 train_time:2755.076s step_avg:1808.98ms
step:1524/3325 train_time:2756.869s step_avg:1808.97ms
step:1525/3325 train_time:2758.950s step_avg:1809.15ms
step:1526/3325 train_time:2760.745s step_avg:1809.14ms
step:1527/3325 train_time:2762.541s step_avg:1809.13ms
step:1528/3325 train_time:2764.336s step_avg:1809.12ms
step:1529/3325 train_time:2766.128s step_avg:1809.11ms
step:1530/3325 train_time:2767.940s step_avg:1809.11ms
step:1531/3325 train_time:2769.735s step_avg:1809.10ms
step:1532/3325 train_time:2771.528s step_avg:1809.09ms
step:1533/3325 train_time:2773.323s step_avg:1809.08ms
step:1534/3325 train_time:2775.117s step_avg:1809.07ms
step:1535/3325 train_time:2776.910s step_avg:1809.06ms
step:1536/3325 train_time:2778.704s step_avg:1809.05ms
step:1537/3325 train_time:2780.498s step_avg:1809.04ms
step:1538/3325 train_time:2782.293s step_avg:1809.03ms
step:1539/3325 train_time:2784.087s step_avg:1809.02ms
step:1540/3325 train_time:2785.881s step_avg:1809.01ms
step:1541/3325 train_time:2787.676s step_avg:1809.00ms
step:1542/3325 train_time:2789.473s step_avg:1809.00ms
step:1543/3325 train_time:2791.268s step_avg:1808.99ms
step:1544/3325 train_time:2793.062s step_avg:1808.98ms
step:1545/3325 train_time:2794.856s step_avg:1808.97ms
step:1546/3325 train_time:2796.651s step_avg:1808.96ms
step:1547/3325 train_time:2798.445s step_avg:1808.95ms
step:1548/3325 train_time:2800.241s step_avg:1808.94ms
step:1549/3325 train_time:2802.035s step_avg:1808.93ms
step:1550/3325 train_time:2804.108s step_avg:1809.10ms
step:1551/3325 train_time:2805.904s step_avg:1809.09ms
step:1552/3325 train_time:2807.701s step_avg:1809.09ms
step:1553/3325 train_time:2809.497s step_avg:1809.08ms
step:1554/3325 train_time:2811.291s step_avg:1809.07ms
step:1555/3325 train_time:2813.085s step_avg:1809.06ms
step:1556/3325 train_time:2814.879s step_avg:1809.05ms
step:1557/3325 train_time:2816.675s step_avg:1809.04ms
step:1558/3325 train_time:2818.474s step_avg:1809.03ms
step:1559/3325 train_time:2820.271s step_avg:1809.03ms
step:1560/3325 train_time:2822.081s step_avg:1809.03ms
step:1561/3325 train_time:2823.874s step_avg:1809.02ms
step:1562/3325 train_time:2825.667s step_avg:1809.01ms
step:1563/3325 train_time:2827.461s step_avg:1809.00ms
step:1564/3325 train_time:2829.254s step_avg:1808.99ms
step:1565/3325 train_time:2831.048s step_avg:1808.98ms
step:1566/3325 train_time:2832.841s step_avg:1808.97ms
step:1567/3325 train_time:2834.634s step_avg:1808.96ms
step:1568/3325 train_time:2836.427s step_avg:1808.95ms
step:1569/3325 train_time:2838.219s step_avg:1808.93ms
step:1570/3325 train_time:2840.011s step_avg:1808.92ms
step:1571/3325 train_time:2841.804s step_avg:1808.91ms
step:1572/3325 train_time:2843.597s step_avg:1808.90ms
step:1573/3325 train_time:2845.389s step_avg:1808.89ms
step:1574/3325 train_time:2847.183s step_avg:1808.88ms
step:1575/3325 train_time:2849.249s step_avg:1809.05ms
step:1576/3325 train_time:2851.041s step_avg:1809.04ms
step:1577/3325 train_time:2852.833s step_avg:1809.03ms
step:1578/3325 train_time:2854.626s step_avg:1809.02ms
step:1579/3325 train_time:2856.418s step_avg:1809.00ms
step:1580/3325 train_time:2858.211s step_avg:1808.99ms
step:1581/3325 train_time:2860.004s step_avg:1808.98ms
step:1582/3325 train_time:2861.797s step_avg:1808.97ms
step:1583/3325 train_time:2863.590s step_avg:1808.96ms
step:1584/3325 train_time:2865.383s step_avg:1808.95ms
step:1585/3325 train_time:2867.176s step_avg:1808.94ms
step:1586/3325 train_time:2868.969s step_avg:1808.93ms
step:1587/3325 train_time:2870.762s step_avg:1808.92ms
step:1588/3325 train_time:2872.554s step_avg:1808.91ms
step:1589/3325 train_time:2874.347s step_avg:1808.90ms
step:1590/3325 train_time:2876.156s step_avg:1808.90ms
step:1591/3325 train_time:2877.948s step_avg:1808.89ms
step:1592/3325 train_time:2879.741s step_avg:1808.88ms
step:1593/3325 train_time:2881.535s step_avg:1808.87ms
step:1594/3325 train_time:2883.328s step_avg:1808.86ms
step:1595/3325 train_time:2885.121s step_avg:1808.85ms
step:1596/3325 train_time:2886.914s step_avg:1808.84ms
step:1597/3325 train_time:2888.710s step_avg:1808.84ms
step:1598/3325 train_time:2890.504s step_avg:1808.83ms
step:1599/3325 train_time:2892.297s step_avg:1808.82ms
step:1600/3325 train_time:2894.365s step_avg:1808.98ms
step:1601/3325 train_time:2896.158s step_avg:1808.97ms
step:1602/3325 train_time:2897.951s step_avg:1808.96ms
step:1603/3325 train_time:2899.744s step_avg:1808.95ms
step:1604/3325 train_time:2901.538s step_avg:1808.94ms
step:1605/3325 train_time:2903.330s step_avg:1808.93ms
step:1606/3325 train_time:2905.122s step_avg:1808.92ms
step:1607/3325 train_time:2906.914s step_avg:1808.91ms
step:1608/3325 train_time:2908.707s step_avg:1808.90ms
step:1609/3325 train_time:2910.499s step_avg:1808.89ms
step:1610/3325 train_time:2912.292s step_avg:1808.88ms
step:1611/3325 train_time:2914.084s step_avg:1808.87ms
step:1612/3325 train_time:2915.878s step_avg:1808.86ms
step:1613/3325 train_time:2917.671s step_avg:1808.85ms
step:1614/3325 train_time:2919.464s step_avg:1808.84ms
step:1615/3325 train_time:2921.258s step_avg:1808.83ms
step:1616/3325 train_time:2923.049s step_avg:1808.82ms
step:1617/3325 train_time:2924.841s step_avg:1808.81ms
step:1618/3325 train_time:2926.634s step_avg:1808.80ms
step:1619/3325 train_time:2928.430s step_avg:1808.79ms
step:1620/3325 train_time:2930.241s step_avg:1808.79ms
step:1621/3325 train_time:2932.034s step_avg:1808.78ms
step:1622/3325 train_time:2933.827s step_avg:1808.77ms
step:1623/3325 train_time:2935.619s step_avg:1808.76ms
step:1624/3325 train_time:2937.412s step_avg:1808.75ms
step:1625/3325 train_time:2939.544s step_avg:1808.95ms
step:1625/3325 val_loss:3.54726 train_time:2939.545s step_avg:1805.98ms
step:1626/3325 train_time:2941.338s step_avg:1808.94ms
step:1627/3325 train_time:2943.132s step_avg:1808.93ms
step:1628/3325 train_time:2944.926s step_avg:1808.92ms
step:1629/3325 train_time:2946.719s step_avg:1808.91ms
step:1630/3325 train_time:2948.512s step_avg:1808.90ms
step:1631/3325 train_time:2950.304s step_avg:1808.89ms
step:1632/3325 train_time:2952.097s step_avg:1808.88ms
step:1633/3325 train_time:2953.889s step_avg:1808.87ms
step:1634/3325 train_time:2955.683s step_avg:1808.86ms
step:1635/3325 train_time:2957.476s step_avg:1808.85ms
step:1636/3325 train_time:2959.269s step_avg:1808.84ms
step:1637/3325 train_time:2961.062s step_avg:1808.83ms
step:1638/3325 train_time:2962.856s step_avg:1808.83ms
step:1639/3325 train_time:2964.648s step_avg:1808.82ms
step:1640/3325 train_time:2966.445s step_avg:1808.81ms
step:1641/3325 train_time:2968.238s step_avg:1808.80ms
step:1642/3325 train_time:2970.031s step_avg:1808.79ms
step:1643/3325 train_time:2971.823s step_avg:1808.78ms
step:1644/3325 train_time:2973.615s step_avg:1808.77ms
step:1645/3325 train_time:2975.408s step_avg:1808.76ms
step:1646/3325 train_time:2977.201s step_avg:1808.75ms
step:1647/3325 train_time:2978.995s step_avg:1808.74ms
step:1648/3325 train_time:2980.788s step_avg:1808.73ms
step:1649/3325 train_time:2982.581s step_avg:1808.72ms
step:1650/3325 train_time:2984.666s step_avg:1808.89ms
step:1651/3325 train_time:2986.457s step_avg:1808.88ms
step:1652/3325 train_time:2988.250s step_avg:1808.87ms
step:1653/3325 train_time:2990.041s step_avg:1808.86ms
step:1654/3325 train_time:2991.835s step_avg:1808.85ms
step:1655/3325 train_time:2993.627s step_avg:1808.84ms
step:1656/3325 train_time:2995.420s step_avg:1808.83ms
step:1657/3325 train_time:2997.213s step_avg:1808.82ms
step:1658/3325 train_time:2999.006s step_avg:1808.81ms
step:1659/3325 train_time:3000.800s step_avg:1808.80ms
step:1660/3325 train_time:3002.593s step_avg:1808.79ms
step:1661/3325 train_time:3004.384s step_avg:1808.78ms
step:1662/3325 train_time:3006.177s step_avg:1808.77ms
step:1663/3325 train_time:3007.969s step_avg:1808.76ms
step:1664/3325 train_time:3009.762s step_avg:1808.75ms
step:1665/3325 train_time:3011.554s step_avg:1808.74ms
step:1666/3325 train_time:3013.346s step_avg:1808.73ms
step:1667/3325 train_time:3015.139s step_avg:1808.72ms
step:1668/3325 train_time:3016.933s step_avg:1808.71ms
step:1669/3325 train_time:3018.726s step_avg:1808.70ms
step:1670/3325 train_time:3020.519s step_avg:1808.69ms
step:1671/3325 train_time:3022.311s step_avg:1808.68ms
step:1672/3325 train_time:3024.103s step_avg:1808.67ms
step:1673/3325 train_time:3025.895s step_avg:1808.66ms
step:1674/3325 train_time:3027.687s step_avg:1808.65ms
step:1675/3325 train_time:3029.754s step_avg:1808.81ms
step:1676/3325 train_time:3031.547s step_avg:1808.80ms
step:1677/3325 train_time:3033.339s step_avg:1808.79ms
step:1678/3325 train_time:3035.131s step_avg:1808.78ms
step:1679/3325 train_time:3036.924s step_avg:1808.77ms
step:1680/3325 train_time:3038.734s step_avg:1808.77ms
step:1681/3325 train_time:3040.527s step_avg:1808.76ms
step:1682/3325 train_time:3042.320s step_avg:1808.75ms
step:1683/3325 train_time:3044.112s step_avg:1808.74ms
step:1684/3325 train_time:3045.904s step_avg:1808.73ms
step:1685/3325 train_time:3047.696s step_avg:1808.72ms
step:1686/3325 train_time:3049.490s step_avg:1808.71ms
step:1687/3325 train_time:3051.282s step_avg:1808.70ms
step:1688/3325 train_time:3053.077s step_avg:1808.70ms
step:1689/3325 train_time:3054.870s step_avg:1808.69ms
step:1690/3325 train_time:3056.663s step_avg:1808.68ms
step:1691/3325 train_time:3058.455s step_avg:1808.67ms
step:1692/3325 train_time:3060.248s step_avg:1808.66ms
step:1693/3325 train_time:3062.040s step_avg:1808.65ms
step:1694/3325 train_time:3063.833s step_avg:1808.64ms
step:1695/3325 train_time:3065.626s step_avg:1808.63ms
step:1696/3325 train_time:3067.419s step_avg:1808.62ms
step:1697/3325 train_time:3069.212s step_avg:1808.61ms
step:1698/3325 train_time:3071.004s step_avg:1808.60ms
step:1699/3325 train_time:3072.798s step_avg:1808.59ms
step:1700/3325 train_time:3074.865s step_avg:1808.74ms
step:1701/3325 train_time:3076.658s step_avg:1808.73ms
step:1702/3325 train_time:3078.451s step_avg:1808.73ms
step:1703/3325 train_time:3080.246s step_avg:1808.72ms
step:1704/3325 train_time:3082.040s step_avg:1808.71ms
step:1705/3325 train_time:3083.836s step_avg:1808.70ms
step:1706/3325 train_time:3085.629s step_avg:1808.69ms
step:1707/3325 train_time:3087.422s step_avg:1808.68ms
step:1708/3325 train_time:3089.215s step_avg:1808.67ms
step:1709/3325 train_time:3091.007s step_avg:1808.66ms
step:1710/3325 train_time:3092.816s step_avg:1808.66ms
step:1711/3325 train_time:3094.643s step_avg:1808.67ms
step:1712/3325 train_time:3096.436s step_avg:1808.67ms
step:1713/3325 train_time:3098.230s step_avg:1808.66ms
step:1714/3325 train_time:3100.022s step_avg:1808.65ms
step:1715/3325 train_time:3101.815s step_avg:1808.64ms
step:1716/3325 train_time:3103.607s step_avg:1808.63ms
step:1717/3325 train_time:3105.401s step_avg:1808.62ms
step:1718/3325 train_time:3107.194s step_avg:1808.61ms
step:1719/3325 train_time:3108.987s step_avg:1808.60ms
step:1720/3325 train_time:3110.780s step_avg:1808.59ms
step:1721/3325 train_time:3112.573s step_avg:1808.58ms
step:1722/3325 train_time:3114.367s step_avg:1808.58ms
step:1723/3325 train_time:3116.161s step_avg:1808.57ms
step:1724/3325 train_time:3117.956s step_avg:1808.56ms
step:1725/3325 train_time:3120.024s step_avg:1808.71ms
step:1726/3325 train_time:3121.817s step_avg:1808.70ms
step:1727/3325 train_time:3123.614s step_avg:1808.69ms
step:1728/3325 train_time:3125.414s step_avg:1808.69ms
step:1729/3325 train_time:3127.207s step_avg:1808.68ms
step:1730/3325 train_time:3129.001s step_avg:1808.67ms
step:1731/3325 train_time:3130.795s step_avg:1808.66ms
step:1732/3325 train_time:3132.590s step_avg:1808.65ms
step:1733/3325 train_time:3134.382s step_avg:1808.65ms
step:1734/3325 train_time:3136.175s step_avg:1808.64ms
step:1735/3325 train_time:3137.968s step_avg:1808.63ms
step:1736/3325 train_time:3139.761s step_avg:1808.62ms
step:1737/3325 train_time:3141.555s step_avg:1808.61ms
step:1738/3325 train_time:3143.348s step_avg:1808.60ms
step:1739/3325 train_time:3145.142s step_avg:1808.59ms
step:1740/3325 train_time:3146.954s step_avg:1808.59ms
step:1741/3325 train_time:3148.747s step_avg:1808.59ms
step:1742/3325 train_time:3150.541s step_avg:1808.58ms
step:1743/3325 train_time:3152.335s step_avg:1808.57ms
step:1744/3325 train_time:3154.129s step_avg:1808.56ms
step:1745/3325 train_time:3155.923s step_avg:1808.55ms
step:1746/3325 train_time:3157.718s step_avg:1808.54ms
step:1747/3325 train_time:3159.511s step_avg:1808.54ms
step:1748/3325 train_time:3161.305s step_avg:1808.53ms
step:1749/3325 train_time:3163.099s step_avg:1808.52ms
step:1750/3325 train_time:3165.235s step_avg:1808.71ms
step:1750/3325 val_loss:3.51048 train_time:3165.235s step_avg:1805.53ms
step:1751/3325 train_time:3167.032s step_avg:1808.70ms
step:1752/3325 train_time:3168.827s step_avg:1808.69ms
step:1753/3325 train_time:3170.621s step_avg:1808.68ms
step:1754/3325 train_time:3172.416s step_avg:1808.67ms
step:1755/3325 train_time:3174.210s step_avg:1808.67ms
step:1756/3325 train_time:3176.004s step_avg:1808.66ms
step:1757/3325 train_time:3177.798s step_avg:1808.65ms
step:1758/3325 train_time:3179.592s step_avg:1808.64ms
step:1759/3325 train_time:3181.386s step_avg:1808.63ms
step:1760/3325 train_time:3183.180s step_avg:1808.62ms
step:1761/3325 train_time:3184.973s step_avg:1808.62ms
step:1762/3325 train_time:3186.765s step_avg:1808.61ms
step:1763/3325 train_time:3188.558s step_avg:1808.60ms
step:1764/3325 train_time:3190.351s step_avg:1808.59ms
step:1765/3325 train_time:3192.144s step_avg:1808.58ms
step:1766/3325 train_time:3193.937s step_avg:1808.57ms
step:1767/3325 train_time:3195.730s step_avg:1808.56ms
step:1768/3325 train_time:3197.524s step_avg:1808.55ms
step:1769/3325 train_time:3199.318s step_avg:1808.55ms
step:1770/3325 train_time:3201.127s step_avg:1808.55ms
step:1771/3325 train_time:3202.921s step_avg:1808.54ms
step:1772/3325 train_time:3204.715s step_avg:1808.53ms
step:1773/3325 train_time:3206.508s step_avg:1808.52ms
step:1774/3325 train_time:3208.301s step_avg:1808.51ms
step:1775/3325 train_time:3210.369s step_avg:1808.66ms
step:1776/3325 train_time:3212.162s step_avg:1808.65ms
step:1777/3325 train_time:3213.954s step_avg:1808.64ms
step:1778/3325 train_time:3215.747s step_avg:1808.63ms
step:1779/3325 train_time:3217.540s step_avg:1808.62ms
step:1780/3325 train_time:3219.333s step_avg:1808.61ms
step:1781/3325 train_time:3221.125s step_avg:1808.60ms
step:1782/3325 train_time:3222.918s step_avg:1808.60ms
step:1783/3325 train_time:3224.711s step_avg:1808.59ms
step:1784/3325 train_time:3226.504s step_avg:1808.58ms
step:1785/3325 train_time:3228.298s step_avg:1808.57ms
step:1786/3325 train_time:3230.091s step_avg:1808.56ms
step:1787/3325 train_time:3231.884s step_avg:1808.55ms
step:1788/3325 train_time:3233.678s step_avg:1808.54ms
step:1789/3325 train_time:3235.471s step_avg:1808.54ms
step:1790/3325 train_time:3237.265s step_avg:1808.53ms
step:1791/3325 train_time:3239.058s step_avg:1808.52ms
step:1792/3325 train_time:3240.851s step_avg:1808.51ms
step:1793/3325 train_time:3242.643s step_avg:1808.50ms
step:1794/3325 train_time:3244.436s step_avg:1808.49ms
step:1795/3325 train_time:3246.229s step_avg:1808.48ms
step:1796/3325 train_time:3248.022s step_avg:1808.48ms
step:1797/3325 train_time:3249.815s step_avg:1808.47ms
step:1798/3325 train_time:3251.608s step_avg:1808.46ms
step:1799/3325 train_time:3253.402s step_avg:1808.45ms
step:1800/3325 train_time:3255.486s step_avg:1808.60ms
step:1801/3325 train_time:3257.279s step_avg:1808.59ms
step:1802/3325 train_time:3259.072s step_avg:1808.59ms
step:1803/3325 train_time:3260.864s step_avg:1808.58ms
step:1804/3325 train_time:3262.657s step_avg:1808.57ms
step:1805/3325 train_time:3264.449s step_avg:1808.56ms
step:1806/3325 train_time:3266.243s step_avg:1808.55ms
step:1807/3325 train_time:3268.036s step_avg:1808.54ms
step:1808/3325 train_time:3269.829s step_avg:1808.53ms
step:1809/3325 train_time:3271.622s step_avg:1808.53ms
step:1810/3325 train_time:3273.415s step_avg:1808.52ms
step:1811/3325 train_time:3275.208s step_avg:1808.51ms
step:1812/3325 train_time:3277.000s step_avg:1808.50ms
step:1813/3325 train_time:3278.793s step_avg:1808.49ms
step:1814/3325 train_time:3280.585s step_avg:1808.48ms
step:1815/3325 train_time:3282.378s step_avg:1808.47ms
step:1816/3325 train_time:3284.171s step_avg:1808.46ms
step:1817/3325 train_time:3285.964s step_avg:1808.46ms
step:1818/3325 train_time:3287.758s step_avg:1808.45ms
step:1819/3325 train_time:3289.551s step_avg:1808.44ms
step:1820/3325 train_time:3291.344s step_avg:1808.43ms
step:1821/3325 train_time:3293.138s step_avg:1808.42ms
step:1822/3325 train_time:3294.931s step_avg:1808.41ms
step:1823/3325 train_time:3296.724s step_avg:1808.41ms
step:1824/3325 train_time:3298.517s step_avg:1808.40ms
step:1825/3325 train_time:3300.584s step_avg:1808.54ms
step:1826/3325 train_time:3302.377s step_avg:1808.53ms
step:1827/3325 train_time:3304.171s step_avg:1808.52ms
step:1828/3325 train_time:3305.964s step_avg:1808.51ms
step:1829/3325 train_time:3307.757s step_avg:1808.51ms
step:1830/3325 train_time:3309.566s step_avg:1808.51ms
step:1831/3325 train_time:3311.358s step_avg:1808.50ms
step:1832/3325 train_time:3313.151s step_avg:1808.49ms
step:1833/3325 train_time:3314.946s step_avg:1808.48ms
step:1834/3325 train_time:3316.740s step_avg:1808.47ms
step:1835/3325 train_time:3318.533s step_avg:1808.46ms
step:1836/3325 train_time:3320.326s step_avg:1808.46ms
step:1837/3325 train_time:3322.119s step_avg:1808.45ms
step:1838/3325 train_time:3323.913s step_avg:1808.44ms
step:1839/3325 train_time:3325.707s step_avg:1808.43ms
step:1840/3325 train_time:3327.501s step_avg:1808.42ms
step:1841/3325 train_time:3329.294s step_avg:1808.42ms
step:1842/3325 train_time:3331.088s step_avg:1808.41ms
step:1843/3325 train_time:3332.884s step_avg:1808.40ms
step:1844/3325 train_time:3334.676s step_avg:1808.39ms
step:1845/3325 train_time:3336.469s step_avg:1808.38ms
step:1846/3325 train_time:3338.261s step_avg:1808.38ms
step:1847/3325 train_time:3340.054s step_avg:1808.37ms
step:1848/3325 train_time:3341.846s step_avg:1808.36ms
step:1849/3325 train_time:3343.639s step_avg:1808.35ms
step:1850/3325 train_time:3345.708s step_avg:1808.49ms
step:1851/3325 train_time:3347.502s step_avg:1808.48ms
step:1852/3325 train_time:3349.295s step_avg:1808.47ms
step:1853/3325 train_time:3351.087s step_avg:1808.47ms
step:1854/3325 train_time:3352.879s step_avg:1808.46ms
step:1855/3325 train_time:3354.672s step_avg:1808.45ms
step:1856/3325 train_time:3356.465s step_avg:1808.44ms
step:1857/3325 train_time:3358.258s step_avg:1808.43ms
step:1858/3325 train_time:3360.051s step_avg:1808.42ms
step:1859/3325 train_time:3361.845s step_avg:1808.42ms
step:1860/3325 train_time:3363.654s step_avg:1808.42ms
step:1861/3325 train_time:3365.447s step_avg:1808.41ms
step:1862/3325 train_time:3367.241s step_avg:1808.40ms
step:1863/3325 train_time:3369.034s step_avg:1808.39ms
step:1864/3325 train_time:3370.826s step_avg:1808.38ms
step:1865/3325 train_time:3372.619s step_avg:1808.37ms
step:1866/3325 train_time:3374.414s step_avg:1808.37ms
step:1867/3325 train_time:3376.208s step_avg:1808.36ms
step:1868/3325 train_time:3378.001s step_avg:1808.35ms
step:1869/3325 train_time:3379.794s step_avg:1808.34ms
step:1870/3325 train_time:3381.588s step_avg:1808.34ms
step:1871/3325 train_time:3383.380s step_avg:1808.33ms
step:1872/3325 train_time:3385.176s step_avg:1808.32ms
step:1873/3325 train_time:3386.969s step_avg:1808.31ms
step:1874/3325 train_time:3388.764s step_avg:1808.31ms
step:1875/3325 train_time:3390.898s step_avg:1808.48ms
step:1875/3325 val_loss:3.47868 train_time:3390.899s step_avg:1805.31ms
step:1876/3325 train_time:3392.692s step_avg:1808.47ms
step:1877/3325 train_time:3394.485s step_avg:1808.46ms
step:1878/3325 train_time:3396.278s step_avg:1808.45ms
step:1879/3325 train_time:3398.070s step_avg:1808.45ms
step:1880/3325 train_time:3399.863s step_avg:1808.44ms
step:1881/3325 train_time:3401.656s step_avg:1808.43ms
step:1882/3325 train_time:3403.449s step_avg:1808.42ms
step:1883/3325 train_time:3405.243s step_avg:1808.41ms
step:1884/3325 train_time:3407.035s step_avg:1808.41ms
step:1885/3325 train_time:3408.828s step_avg:1808.40ms
step:1886/3325 train_time:3410.622s step_avg:1808.39ms
step:1887/3325 train_time:3412.416s step_avg:1808.38ms
step:1888/3325 train_time:3414.209s step_avg:1808.37ms
step:1889/3325 train_time:3416.001s step_avg:1808.36ms
step:1890/3325 train_time:3417.810s step_avg:1808.37ms
step:1891/3325 train_time:3419.603s step_avg:1808.36ms
step:1892/3325 train_time:3421.396s step_avg:1808.35ms
step:1893/3325 train_time:3423.189s step_avg:1808.34ms
step:1894/3325 train_time:3424.981s step_avg:1808.33ms
step:1895/3325 train_time:3426.774s step_avg:1808.32ms
step:1896/3325 train_time:3428.566s step_avg:1808.32ms
step:1897/3325 train_time:3430.359s step_avg:1808.31ms
step:1898/3325 train_time:3432.154s step_avg:1808.30ms
step:1899/3325 train_time:3433.948s step_avg:1808.29ms
step:1900/3325 train_time:3436.015s step_avg:1808.43ms
step:1901/3325 train_time:3437.843s step_avg:1808.44ms
step:1902/3325 train_time:3439.635s step_avg:1808.43ms
step:1903/3325 train_time:3441.427s step_avg:1808.42ms
step:1904/3325 train_time:3443.219s step_avg:1808.41ms
step:1905/3325 train_time:3445.012s step_avg:1808.41ms
step:1906/3325 train_time:3446.804s step_avg:1808.40ms
step:1907/3325 train_time:3448.597s step_avg:1808.39ms
step:1908/3325 train_time:3450.390s step_avg:1808.38ms
step:1909/3325 train_time:3452.195s step_avg:1808.38ms
step:1910/3325 train_time:3453.988s step_avg:1808.37ms
step:1911/3325 train_time:3455.782s step_avg:1808.36ms
step:1912/3325 train_time:3457.574s step_avg:1808.35ms
step:1913/3325 train_time:3459.367s step_avg:1808.35ms
step:1914/3325 train_time:3461.159s step_avg:1808.34ms
step:1915/3325 train_time:3462.951s step_avg:1808.33ms
step:1916/3325 train_time:3464.744s step_avg:1808.32ms
step:1917/3325 train_time:3466.537s step_avg:1808.31ms
step:1918/3325 train_time:3468.330s step_avg:1808.31ms
step:1919/3325 train_time:3470.123s step_avg:1808.30ms
step:1920/3325 train_time:3471.932s step_avg:1808.30ms
step:1921/3325 train_time:3473.726s step_avg:1808.29ms
step:1922/3325 train_time:3475.519s step_avg:1808.28ms
step:1923/3325 train_time:3477.313s step_avg:1808.28ms
step:1924/3325 train_time:3479.107s step_avg:1808.27ms
step:1925/3325 train_time:3481.175s step_avg:1808.40ms
step:1926/3325 train_time:3482.968s step_avg:1808.39ms
step:1927/3325 train_time:3484.761s step_avg:1808.39ms
step:1928/3325 train_time:3486.554s step_avg:1808.38ms
step:1929/3325 train_time:3488.348s step_avg:1808.37ms
step:1930/3325 train_time:3490.141s step_avg:1808.36ms
step:1931/3325 train_time:3491.935s step_avg:1808.36ms
step:1932/3325 train_time:3493.730s step_avg:1808.35ms
step:1933/3325 train_time:3495.525s step_avg:1808.34ms
step:1934/3325 train_time:3497.319s step_avg:1808.33ms
step:1935/3325 train_time:3499.113s step_avg:1808.33ms
step:1936/3325 train_time:3500.906s step_avg:1808.32ms
step:1937/3325 train_time:3502.699s step_avg:1808.31ms
step:1938/3325 train_time:3504.493s step_avg:1808.30ms
step:1939/3325 train_time:3506.286s step_avg:1808.30ms
step:1940/3325 train_time:3508.079s step_avg:1808.29ms
step:1941/3325 train_time:3509.872s step_avg:1808.28ms
step:1942/3325 train_time:3511.665s step_avg:1808.27ms
step:1943/3325 train_time:3513.459s step_avg:1808.27ms
step:1944/3325 train_time:3515.252s step_avg:1808.26ms
step:1945/3325 train_time:3517.045s step_avg:1808.25ms
step:1946/3325 train_time:3518.838s step_avg:1808.24ms
step:1947/3325 train_time:3520.631s step_avg:1808.23ms
step:1948/3325 train_time:3522.424s step_avg:1808.23ms
step:1949/3325 train_time:3524.217s step_avg:1808.22ms
step:1950/3325 train_time:3526.302s step_avg:1808.36ms
step:1951/3325 train_time:3528.094s step_avg:1808.35ms
step:1952/3325 train_time:3529.887s step_avg:1808.34ms
step:1953/3325 train_time:3531.680s step_avg:1808.34ms
step:1954/3325 train_time:3533.472s step_avg:1808.33ms
step:1955/3325 train_time:3535.265s step_avg:1808.32ms
step:1956/3325 train_time:3537.058s step_avg:1808.31ms
step:1957/3325 train_time:3538.850s step_avg:1808.30ms
step:1958/3325 train_time:3540.644s step_avg:1808.30ms
step:1959/3325 train_time:3542.437s step_avg:1808.29ms
step:1960/3325 train_time:3544.230s step_avg:1808.28ms
step:1961/3325 train_time:3546.024s step_avg:1808.27ms
step:1962/3325 train_time:3547.817s step_avg:1808.27ms
step:1963/3325 train_time:3549.611s step_avg:1808.26ms
step:1964/3325 train_time:3551.405s step_avg:1808.25ms
step:1965/3325 train_time:3553.198s step_avg:1808.24ms
step:1966/3325 train_time:3554.993s step_avg:1808.24ms
step:1967/3325 train_time:3556.787s step_avg:1808.23ms
step:1968/3325 train_time:3558.580s step_avg:1808.22ms
step:1969/3325 train_time:3560.374s step_avg:1808.21ms
step:1970/3325 train_time:3562.168s step_avg:1808.21ms
step:1971/3325 train_time:3563.961s step_avg:1808.20ms
step:1972/3325 train_time:3565.754s step_avg:1808.19ms
step:1973/3325 train_time:3567.548s step_avg:1808.18ms
step:1974/3325 train_time:3569.341s step_avg:1808.18ms
step:1975/3325 train_time:3571.409s step_avg:1808.31ms
step:1976/3325 train_time:3573.201s step_avg:1808.30ms
step:1977/3325 train_time:3574.994s step_avg:1808.29ms
step:1978/3325 train_time:3576.787s step_avg:1808.28ms
step:1979/3325 train_time:3578.580s step_avg:1808.28ms
step:1980/3325 train_time:3580.389s step_avg:1808.28ms
step:1981/3325 train_time:3582.182s step_avg:1808.27ms
step:1982/3325 train_time:3583.976s step_avg:1808.26ms
step:1983/3325 train_time:3585.769s step_avg:1808.25ms
step:1984/3325 train_time:3587.563s step_avg:1808.25ms
step:1985/3325 train_time:3589.355s step_avg:1808.24ms
step:1986/3325 train_time:3591.148s step_avg:1808.23ms
step:1987/3325 train_time:3592.940s step_avg:1808.22ms
step:1988/3325 train_time:3594.732s step_avg:1808.22ms
step:1989/3325 train_time:3596.525s step_avg:1808.21ms
step:1990/3325 train_time:3598.317s step_avg:1808.20ms
step:1991/3325 train_time:3600.110s step_avg:1808.19ms
step:1992/3325 train_time:3601.904s step_avg:1808.18ms
step:1993/3325 train_time:3603.698s step_avg:1808.18ms
step:1994/3325 train_time:3605.491s step_avg:1808.17ms
step:1995/3325 train_time:3607.285s step_avg:1808.16ms
step:1996/3325 train_time:3609.077s step_avg:1808.15ms
step:1997/3325 train_time:3610.871s step_avg:1808.15ms
step:1998/3325 train_time:3612.664s step_avg:1808.14ms
step:1999/3325 train_time:3614.456s step_avg:1808.13ms
step:2000/3325 train_time:3616.590s step_avg:1808.29ms
step:2000/3325 val_loss:3.45063 train_time:3616.590s step_avg:1805.53ms
step:2001/3325 train_time:3618.383s step_avg:1808.29ms
step:2002/3325 train_time:3620.177s step_avg:1808.28ms
step:2003/3325 train_time:3621.969s step_avg:1808.27ms
step:2004/3325 train_time:3623.763s step_avg:1808.26ms
step:2005/3325 train_time:3625.557s step_avg:1808.26ms
step:2006/3325 train_time:3627.350s step_avg:1808.25ms
step:2007/3325 train_time:3629.144s step_avg:1808.24ms
step:2008/3325 train_time:3630.938s step_avg:1808.24ms
step:2009/3325 train_time:3632.731s step_avg:1808.23ms
step:2010/3325 train_time:3634.539s step_avg:1808.23ms
step:2011/3325 train_time:3636.331s step_avg:1808.22ms
step:2012/3325 train_time:3638.123s step_avg:1808.21ms
step:2013/3325 train_time:3639.915s step_avg:1808.20ms
step:2014/3325 train_time:3641.708s step_avg:1808.20ms
step:2015/3325 train_time:3643.501s step_avg:1808.19ms
step:2016/3325 train_time:3645.293s step_avg:1808.18ms
step:2017/3325 train_time:3647.086s step_avg:1808.17ms
step:2018/3325 train_time:3648.879s step_avg:1808.17ms
step:2019/3325 train_time:3650.672s step_avg:1808.16ms
step:2020/3325 train_time:3652.465s step_avg:1808.15ms
step:2021/3325 train_time:3654.257s step_avg:1808.14ms
step:2022/3325 train_time:3656.049s step_avg:1808.14ms
step:2023/3325 train_time:3657.842s step_avg:1808.13ms
step:2024/3325 train_time:3659.635s step_avg:1808.12ms
step:2025/3325 train_time:3661.701s step_avg:1808.25ms
step:2026/3325 train_time:3663.495s step_avg:1808.24ms
step:2027/3325 train_time:3665.289s step_avg:1808.23ms
step:2028/3325 train_time:3667.081s step_avg:1808.23ms
step:2029/3325 train_time:3668.873s step_avg:1808.22ms
step:2030/3325 train_time:3670.666s step_avg:1808.21ms
step:2031/3325 train_time:3672.458s step_avg:1808.20ms
step:2032/3325 train_time:3674.251s step_avg:1808.19ms
step:2033/3325 train_time:3676.043s step_avg:1808.19ms
step:2034/3325 train_time:3677.836s step_avg:1808.18ms
step:2035/3325 train_time:3679.628s step_avg:1808.17ms
step:2036/3325 train_time:3681.422s step_avg:1808.16ms
step:2037/3325 train_time:3683.215s step_avg:1808.16ms
step:2038/3325 train_time:3685.008s step_avg:1808.15ms
step:2039/3325 train_time:3686.800s step_avg:1808.14ms
step:2040/3325 train_time:3688.608s step_avg:1808.14ms
step:2041/3325 train_time:3690.400s step_avg:1808.13ms
step:2042/3325 train_time:3692.193s step_avg:1808.13ms
step:2043/3325 train_time:3693.986s step_avg:1808.12ms
step:2044/3325 train_time:3695.780s step_avg:1808.11ms
step:2045/3325 train_time:3697.573s step_avg:1808.10ms
step:2046/3325 train_time:3699.366s step_avg:1808.10ms
step:2047/3325 train_time:3701.160s step_avg:1808.09ms
step:2048/3325 train_time:3702.953s step_avg:1808.08ms
step:2049/3325 train_time:3704.746s step_avg:1808.08ms
step:2050/3325 train_time:3706.813s step_avg:1808.20ms
step:2051/3325 train_time:3708.605s step_avg:1808.19ms
step:2052/3325 train_time:3710.398s step_avg:1808.19ms
step:2053/3325 train_time:3712.191s step_avg:1808.18ms
step:2054/3325 train_time:3713.984s step_avg:1808.17ms
step:2055/3325 train_time:3715.777s step_avg:1808.16ms
step:2056/3325 train_time:3717.570s step_avg:1808.16ms
step:2057/3325 train_time:3719.362s step_avg:1808.15ms
step:2058/3325 train_time:3721.154s step_avg:1808.14ms
step:2059/3325 train_time:3722.949s step_avg:1808.13ms
step:2060/3325 train_time:3724.743s step_avg:1808.13ms
step:2061/3325 train_time:3726.537s step_avg:1808.12ms
step:2062/3325 train_time:3728.330s step_avg:1808.11ms
step:2063/3325 train_time:3730.123s step_avg:1808.11ms
step:2064/3325 train_time:3731.916s step_avg:1808.10ms
step:2065/3325 train_time:3733.708s step_avg:1808.09ms
step:2066/3325 train_time:3735.502s step_avg:1808.08ms
step:2067/3325 train_time:3737.295s step_avg:1808.08ms
step:2068/3325 train_time:3739.087s step_avg:1808.07ms
step:2069/3325 train_time:3740.880s step_avg:1808.06ms
step:2070/3325 train_time:3742.688s step_avg:1808.06ms
step:2071/3325 train_time:3744.481s step_avg:1808.05ms
step:2072/3325 train_time:3746.274s step_avg:1808.05ms
step:2073/3325 train_time:3748.067s step_avg:1808.04ms
step:2074/3325 train_time:3749.860s step_avg:1808.03ms
step:2075/3325 train_time:3751.928s step_avg:1808.16ms
step:2076/3325 train_time:3753.721s step_avg:1808.15ms
step:2077/3325 train_time:3755.514s step_avg:1808.14ms
step:2078/3325 train_time:3757.306s step_avg:1808.14ms
step:2079/3325 train_time:3759.098s step_avg:1808.13ms
step:2080/3325 train_time:3760.891s step_avg:1808.12ms
step:2081/3325 train_time:3762.684s step_avg:1808.11ms
step:2082/3325 train_time:3764.477s step_avg:1808.11ms
step:2083/3325 train_time:3766.269s step_avg:1808.10ms
step:2084/3325 train_time:3768.063s step_avg:1808.09ms
step:2085/3325 train_time:3769.857s step_avg:1808.08ms
step:2086/3325 train_time:3771.651s step_avg:1808.08ms
step:2087/3325 train_time:3773.442s step_avg:1808.07ms
step:2088/3325 train_time:3775.235s step_avg:1808.06ms
step:2089/3325 train_time:3777.027s step_avg:1808.05ms
step:2090/3325 train_time:3778.819s step_avg:1808.05ms
step:2091/3325 train_time:3780.647s step_avg:1808.06ms
step:2092/3325 train_time:3782.442s step_avg:1808.05ms
step:2093/3325 train_time:3784.236s step_avg:1808.04ms
step:2094/3325 train_time:3786.030s step_avg:1808.04ms
step:2095/3325 train_time:3787.823s step_avg:1808.03ms
step:2096/3325 train_time:3789.616s step_avg:1808.02ms
step:2097/3325 train_time:3791.409s step_avg:1808.02ms
step:2098/3325 train_time:3793.203s step_avg:1808.01ms
step:2099/3325 train_time:3794.996s step_avg:1808.00ms
step:2100/3325 train_time:3797.080s step_avg:1808.13ms
step:2101/3325 train_time:3798.872s step_avg:1808.13ms
step:2102/3325 train_time:3800.664s step_avg:1808.12ms
step:2103/3325 train_time:3802.457s step_avg:1808.11ms
step:2104/3325 train_time:3804.250s step_avg:1808.10ms
step:2105/3325 train_time:3806.043s step_avg:1808.10ms
step:2106/3325 train_time:3807.837s step_avg:1808.09ms
step:2107/3325 train_time:3809.630s step_avg:1808.08ms
step:2108/3325 train_time:3811.423s step_avg:1808.08ms
step:2109/3325 train_time:3813.216s step_avg:1808.07ms
step:2110/3325 train_time:3815.009s step_avg:1808.06ms
step:2111/3325 train_time:3816.801s step_avg:1808.05ms
step:2112/3325 train_time:3818.593s step_avg:1808.05ms
step:2113/3325 train_time:3820.386s step_avg:1808.04ms
step:2114/3325 train_time:3822.179s step_avg:1808.03ms
step:2115/3325 train_time:3823.972s step_avg:1808.02ms
step:2116/3325 train_time:3825.765s step_avg:1808.02ms
step:2117/3325 train_time:3827.558s step_avg:1808.01ms
step:2118/3325 train_time:3829.351s step_avg:1808.00ms
step:2119/3325 train_time:3831.145s step_avg:1808.00ms
step:2120/3325 train_time:3832.937s step_avg:1807.99ms
step:2121/3325 train_time:3834.730s step_avg:1807.98ms
step:2122/3325 train_time:3836.523s step_avg:1807.97ms
step:2123/3325 train_time:3838.316s step_avg:1807.97ms
step:2124/3325 train_time:3840.109s step_avg:1807.96ms
step:2125/3325 train_time:3842.244s step_avg:1808.11ms
step:2125/3325 val_loss:3.42234 train_time:3842.244s step_avg:1805.23ms
step:2126/3325 train_time:3844.038s step_avg:1808.11ms
step:2127/3325 train_time:3845.831s step_avg:1808.10ms
step:2128/3325 train_time:3847.623s step_avg:1808.09ms
step:2129/3325 train_time:3849.417s step_avg:1808.09ms
step:2130/3325 train_time:3851.227s step_avg:1808.09ms
step:2131/3325 train_time:3853.021s step_avg:1808.08ms
step:2132/3325 train_time:3854.815s step_avg:1808.07ms
step:2133/3325 train_time:3856.608s step_avg:1808.07ms
step:2134/3325 train_time:3858.402s step_avg:1808.06ms
step:2135/3325 train_time:3860.196s step_avg:1808.05ms
step:2136/3325 train_time:3861.991s step_avg:1808.05ms
step:2137/3325 train_time:3863.786s step_avg:1808.04ms
step:2138/3325 train_time:3865.583s step_avg:1808.04ms
step:2139/3325 train_time:3867.380s step_avg:1808.03ms
step:2140/3325 train_time:3869.173s step_avg:1808.02ms
step:2141/3325 train_time:3870.971s step_avg:1808.02ms
step:2142/3325 train_time:3872.768s step_avg:1808.02ms
step:2143/3325 train_time:3874.565s step_avg:1808.01ms
step:2144/3325 train_time:3876.363s step_avg:1808.01ms
step:2145/3325 train_time:3878.157s step_avg:1808.00ms
step:2146/3325 train_time:3879.951s step_avg:1807.99ms
step:2147/3325 train_time:3881.747s step_avg:1807.99ms
step:2148/3325 train_time:3883.544s step_avg:1807.98ms
step:2149/3325 train_time:3885.340s step_avg:1807.98ms
step:2150/3325 train_time:3887.418s step_avg:1808.10ms
step:2151/3325 train_time:3889.211s step_avg:1808.09ms
step:2152/3325 train_time:3891.009s step_avg:1808.09ms
step:2153/3325 train_time:3892.806s step_avg:1808.08ms
step:2154/3325 train_time:3894.603s step_avg:1808.08ms
step:2155/3325 train_time:3896.401s step_avg:1808.07ms
step:2156/3325 train_time:3898.198s step_avg:1808.07ms
step:2157/3325 train_time:3899.996s step_avg:1808.06ms
step:2158/3325 train_time:3901.793s step_avg:1808.06ms
step:2159/3325 train_time:3903.591s step_avg:1808.06ms
step:2160/3325 train_time:3905.405s step_avg:1808.06ms
step:2161/3325 train_time:3907.201s step_avg:1808.05ms
step:2162/3325 train_time:3908.996s step_avg:1808.05ms
step:2163/3325 train_time:3910.791s step_avg:1808.04ms
step:2164/3325 train_time:3912.589s step_avg:1808.04ms
step:2165/3325 train_time:3914.385s step_avg:1808.03ms
step:2166/3325 train_time:3916.183s step_avg:1808.03ms
step:2167/3325 train_time:3917.974s step_avg:1808.02ms
step:2168/3325 train_time:3919.767s step_avg:1808.01ms
step:2169/3325 train_time:3921.558s step_avg:1808.00ms
step:2170/3325 train_time:3923.351s step_avg:1808.00ms
step:2171/3325 train_time:3925.143s step_avg:1807.99ms
step:2172/3325 train_time:3926.936s step_avg:1807.98ms
step:2173/3325 train_time:3928.729s step_avg:1807.97ms
step:2174/3325 train_time:3930.522s step_avg:1807.97ms
step:2175/3325 train_time:3932.588s step_avg:1808.09ms
step:2176/3325 train_time:3934.380s step_avg:1808.08ms
step:2177/3325 train_time:3936.172s step_avg:1808.07ms
step:2178/3325 train_time:3937.964s step_avg:1808.06ms
step:2179/3325 train_time:3939.757s step_avg:1808.06ms
step:2180/3325 train_time:3941.550s step_avg:1808.05ms
step:2181/3325 train_time:3943.342s step_avg:1808.04ms
step:2182/3325 train_time:3945.135s step_avg:1808.04ms
step:2183/3325 train_time:3946.927s step_avg:1808.03ms
step:2184/3325 train_time:3948.719s step_avg:1808.02ms
step:2185/3325 train_time:3950.511s step_avg:1808.01ms
step:2186/3325 train_time:3952.305s step_avg:1808.01ms
step:2187/3325 train_time:3954.097s step_avg:1808.00ms
step:2188/3325 train_time:3955.889s step_avg:1807.99ms
step:2189/3325 train_time:3957.682s step_avg:1807.99ms
step:2190/3325 train_time:3959.491s step_avg:1807.99ms
step:2191/3325 train_time:3961.282s step_avg:1807.98ms
step:2192/3325 train_time:3963.075s step_avg:1807.97ms
step:2193/3325 train_time:3964.868s step_avg:1807.97ms
step:2194/3325 train_time:3966.661s step_avg:1807.96ms
step:2195/3325 train_time:3968.452s step_avg:1807.95ms
step:2196/3325 train_time:3970.244s step_avg:1807.94ms
step:2197/3325 train_time:3972.036s step_avg:1807.94ms
step:2198/3325 train_time:3973.829s step_avg:1807.93ms
step:2199/3325 train_time:3975.622s step_avg:1807.92ms
step:2200/3325 train_time:3977.689s step_avg:1808.04ms
step:2201/3325 train_time:3979.482s step_avg:1808.03ms
step:2202/3325 train_time:3981.274s step_avg:1808.03ms
step:2203/3325 train_time:3983.066s step_avg:1808.02ms
step:2204/3325 train_time:3984.858s step_avg:1808.01ms
step:2205/3325 train_time:3986.650s step_avg:1808.00ms
step:2206/3325 train_time:3988.442s step_avg:1808.00ms
step:2207/3325 train_time:3990.235s step_avg:1807.99ms
step:2208/3325 train_time:3992.028s step_avg:1807.98ms
step:2209/3325 train_time:3993.821s step_avg:1807.98ms
step:2210/3325 train_time:3995.614s step_avg:1807.97ms
step:2211/3325 train_time:3997.407s step_avg:1807.96ms
step:2212/3325 train_time:3999.199s step_avg:1807.96ms
step:2213/3325 train_time:4000.991s step_avg:1807.95ms
step:2214/3325 train_time:4002.784s step_avg:1807.94ms
step:2215/3325 train_time:4004.577s step_avg:1807.94ms
step:2216/3325 train_time:4006.370s step_avg:1807.93ms
step:2217/3325 train_time:4008.164s step_avg:1807.92ms
step:2218/3325 train_time:4009.961s step_avg:1807.92ms
step:2219/3325 train_time:4011.758s step_avg:1807.91ms
step:2220/3325 train_time:4013.570s step_avg:1807.91ms
step:2221/3325 train_time:4015.365s step_avg:1807.91ms
step:2222/3325 train_time:4017.160s step_avg:1807.90ms
step:2223/3325 train_time:4018.953s step_avg:1807.90ms
step:2224/3325 train_time:4020.748s step_avg:1807.89ms
step:2225/3325 train_time:4022.819s step_avg:1808.01ms
step:2226/3325 train_time:4024.612s step_avg:1808.00ms
step:2227/3325 train_time:4026.406s step_avg:1808.00ms
step:2228/3325 train_time:4028.201s step_avg:1807.99ms
step:2229/3325 train_time:4029.995s step_avg:1807.98ms
step:2230/3325 train_time:4031.790s step_avg:1807.98ms
step:2231/3325 train_time:4033.584s step_avg:1807.97ms
step:2232/3325 train_time:4035.378s step_avg:1807.96ms
step:2233/3325 train_time:4037.170s step_avg:1807.96ms
step:2234/3325 train_time:4038.965s step_avg:1807.95ms
step:2235/3325 train_time:4040.758s step_avg:1807.95ms
step:2236/3325 train_time:4042.551s step_avg:1807.94ms
step:2237/3325 train_time:4044.344s step_avg:1807.93ms
step:2238/3325 train_time:4046.136s step_avg:1807.92ms
step:2239/3325 train_time:4047.930s step_avg:1807.92ms
step:2240/3325 train_time:4049.723s step_avg:1807.91ms
step:2241/3325 train_time:4051.516s step_avg:1807.91ms
step:2242/3325 train_time:4053.310s step_avg:1807.90ms
step:2243/3325 train_time:4055.103s step_avg:1807.89ms
step:2244/3325 train_time:4056.896s step_avg:1807.89ms
step:2245/3325 train_time:4058.689s step_avg:1807.88ms
step:2246/3325 train_time:4060.482s step_avg:1807.87ms
step:2247/3325 train_time:4062.274s step_avg:1807.87ms
step:2248/3325 train_time:4064.069s step_avg:1807.86ms
step:2249/3325 train_time:4065.864s step_avg:1807.85ms
step:2250/3325 train_time:4068.018s step_avg:1808.01ms
step:2250/3325 val_loss:3.40612 train_time:4068.018s step_avg:1806.19ms
step:2251/3325 train_time:4069.811s step_avg:1808.00ms
step:2252/3325 train_time:4071.603s step_avg:1807.99ms
step:2253/3325 train_time:4073.397s step_avg:1807.99ms
step:2254/3325 train_time:4075.190s step_avg:1807.98ms
step:2255/3325 train_time:4076.983s step_avg:1807.97ms
step:2256/3325 train_time:4078.777s step_avg:1807.97ms
step:2257/3325 train_time:4080.570s step_avg:1807.96ms
step:2258/3325 train_time:4082.364s step_avg:1807.96ms
step:2259/3325 train_time:4084.157s step_avg:1807.95ms
step:2260/3325 train_time:4085.949s step_avg:1807.94ms
step:2261/3325 train_time:4087.741s step_avg:1807.94ms
step:2262/3325 train_time:4089.536s step_avg:1807.93ms
step:2263/3325 train_time:4091.333s step_avg:1807.92ms
step:2264/3325 train_time:4093.131s step_avg:1807.92ms
step:2265/3325 train_time:4094.928s step_avg:1807.92ms
step:2266/3325 train_time:4096.726s step_avg:1807.91ms
step:2267/3325 train_time:4098.524s step_avg:1807.91ms
step:2268/3325 train_time:4100.321s step_avg:1807.90ms
step:2269/3325 train_time:4102.115s step_avg:1807.90ms
step:2270/3325 train_time:4103.913s step_avg:1807.89ms
step:2271/3325 train_time:4105.710s step_avg:1807.89ms
step:2272/3325 train_time:4107.505s step_avg:1807.88ms
step:2273/3325 train_time:4109.303s step_avg:1807.88ms
step:2274/3325 train_time:4111.101s step_avg:1807.87ms
step:2275/3325 train_time:4113.185s step_avg:1807.99ms
step:2276/3325 train_time:4114.982s step_avg:1807.99ms
step:2277/3325 train_time:4116.777s step_avg:1807.98ms
step:2278/3325 train_time:4118.570s step_avg:1807.98ms
step:2279/3325 train_time:4120.362s step_avg:1807.97ms
step:2280/3325 train_time:4122.170s step_avg:1807.97ms
step:2281/3325 train_time:4123.997s step_avg:1807.98ms
step:2282/3325 train_time:4125.790s step_avg:1807.97ms
step:2283/3325 train_time:4127.582s step_avg:1807.96ms
step:2284/3325 train_time:4129.374s step_avg:1807.96ms
step:2285/3325 train_time:4131.166s step_avg:1807.95ms
step:2286/3325 train_time:4132.959s step_avg:1807.94ms
step:2287/3325 train_time:4134.751s step_avg:1807.94ms
step:2288/3325 train_time:4136.544s step_avg:1807.93ms
step:2289/3325 train_time:4138.338s step_avg:1807.92ms
step:2290/3325 train_time:4140.131s step_avg:1807.92ms
step:2291/3325 train_time:4141.924s step_avg:1807.91ms
step:2292/3325 train_time:4143.717s step_avg:1807.90ms
step:2293/3325 train_time:4145.510s step_avg:1807.90ms
step:2294/3325 train_time:4147.302s step_avg:1807.89ms
step:2295/3325 train_time:4149.094s step_avg:1807.88ms
step:2296/3325 train_time:4150.887s step_avg:1807.88ms
step:2297/3325 train_time:4152.679s step_avg:1807.87ms
step:2298/3325 train_time:4154.472s step_avg:1807.86ms
step:2299/3325 train_time:4156.266s step_avg:1807.86ms
step:2300/3325 train_time:4158.332s step_avg:1807.97ms
step:2301/3325 train_time:4160.124s step_avg:1807.96ms
step:2302/3325 train_time:4161.917s step_avg:1807.96ms
step:2303/3325 train_time:4163.710s step_avg:1807.95ms
step:2304/3325 train_time:4165.502s step_avg:1807.94ms
step:2305/3325 train_time:4167.295s step_avg:1807.94ms
step:2306/3325 train_time:4169.088s step_avg:1807.93ms
step:2307/3325 train_time:4170.881s step_avg:1807.92ms
step:2308/3325 train_time:4172.677s step_avg:1807.92ms
step:2309/3325 train_time:4174.470s step_avg:1807.91ms
step:2310/3325 train_time:4176.279s step_avg:1807.91ms
step:2311/3325 train_time:4178.073s step_avg:1807.91ms
step:2312/3325 train_time:4179.866s step_avg:1807.90ms
step:2313/3325 train_time:4181.658s step_avg:1807.89ms
step:2314/3325 train_time:4183.451s step_avg:1807.89ms
step:2315/3325 train_time:4185.243s step_avg:1807.88ms
step:2316/3325 train_time:4187.035s step_avg:1807.87ms
step:2317/3325 train_time:4188.829s step_avg:1807.87ms
step:2318/3325 train_time:4190.621s step_avg:1807.86ms
step:2319/3325 train_time:4192.414s step_avg:1807.85ms
step:2320/3325 train_time:4194.207s step_avg:1807.85ms
step:2321/3325 train_time:4195.999s step_avg:1807.84ms
step:2322/3325 train_time:4197.790s step_avg:1807.83ms
step:2323/3325 train_time:4199.582s step_avg:1807.83ms
step:2324/3325 train_time:4201.376s step_avg:1807.82ms
step:2325/3325 train_time:4203.443s step_avg:1807.93ms
step:2326/3325 train_time:4205.236s step_avg:1807.93ms
step:2327/3325 train_time:4207.029s step_avg:1807.92ms
step:2328/3325 train_time:4208.820s step_avg:1807.91ms
step:2329/3325 train_time:4210.612s step_avg:1807.91ms
step:2330/3325 train_time:4212.404s step_avg:1807.90ms
step:2331/3325 train_time:4214.196s step_avg:1807.89ms
step:2332/3325 train_time:4215.988s step_avg:1807.89ms
step:2333/3325 train_time:4217.782s step_avg:1807.88ms
step:2334/3325 train_time:4219.575s step_avg:1807.87ms
step:2335/3325 train_time:4221.368s step_avg:1807.87ms
step:2336/3325 train_time:4223.161s step_avg:1807.86ms
step:2337/3325 train_time:4224.955s step_avg:1807.85ms
step:2338/3325 train_time:4226.751s step_avg:1807.85ms
step:2339/3325 train_time:4228.544s step_avg:1807.84ms
step:2340/3325 train_time:4230.355s step_avg:1807.84ms
step:2341/3325 train_time:4232.150s step_avg:1807.84ms
step:2342/3325 train_time:4233.946s step_avg:1807.83ms
step:2343/3325 train_time:4235.741s step_avg:1807.83ms
step:2344/3325 train_time:4237.537s step_avg:1807.82ms
step:2345/3325 train_time:4239.332s step_avg:1807.82ms
step:2346/3325 train_time:4241.128s step_avg:1807.81ms
step:2347/3325 train_time:4242.925s step_avg:1807.81ms
step:2348/3325 train_time:4244.720s step_avg:1807.80ms
step:2349/3325 train_time:4246.516s step_avg:1807.80ms
step:2350/3325 train_time:4248.592s step_avg:1807.91ms
step:2351/3325 train_time:4250.387s step_avg:1807.91ms
step:2352/3325 train_time:4252.182s step_avg:1807.90ms
step:2353/3325 train_time:4253.976s step_avg:1807.89ms
step:2354/3325 train_time:4255.770s step_avg:1807.89ms
step:2355/3325 train_time:4257.564s step_avg:1807.88ms
step:2356/3325 train_time:4259.357s step_avg:1807.88ms
step:2357/3325 train_time:4261.150s step_avg:1807.87ms
step:2358/3325 train_time:4262.946s step_avg:1807.87ms
step:2359/3325 train_time:4264.740s step_avg:1807.86ms
step:2360/3325 train_time:4266.534s step_avg:1807.85ms
step:2361/3325 train_time:4268.326s step_avg:1807.85ms
step:2362/3325 train_time:4270.119s step_avg:1807.84ms
step:2363/3325 train_time:4271.912s step_avg:1807.83ms
step:2364/3325 train_time:4273.704s step_avg:1807.83ms
step:2365/3325 train_time:4275.496s step_avg:1807.82ms
step:2366/3325 train_time:4277.288s step_avg:1807.81ms
step:2367/3325 train_time:4279.080s step_avg:1807.81ms
step:2368/3325 train_time:4280.873s step_avg:1807.80ms
step:2369/3325 train_time:4282.669s step_avg:1807.80ms
step:2370/3325 train_time:4284.479s step_avg:1807.80ms
step:2371/3325 train_time:4286.275s step_avg:1807.79ms
step:2372/3325 train_time:4288.070s step_avg:1807.79ms
step:2373/3325 train_time:4289.865s step_avg:1807.78ms
step:2374/3325 train_time:4291.660s step_avg:1807.78ms
step:2375/3325 train_time:4293.802s step_avg:1807.92ms
step:2375/3325 val_loss:3.37722 train_time:4293.802s step_avg:1806.27ms
step:2376/3325 train_time:4295.597s step_avg:1807.91ms
step:2377/3325 train_time:4297.393s step_avg:1807.91ms
step:2378/3325 train_time:4299.187s step_avg:1807.90ms
step:2379/3325 train_time:4300.982s step_avg:1807.90ms
step:2380/3325 train_time:4302.775s step_avg:1807.89ms
step:2381/3325 train_time:4304.568s step_avg:1807.88ms
step:2382/3325 train_time:4306.362s step_avg:1807.88ms
step:2383/3325 train_time:4308.156s step_avg:1807.87ms
step:2384/3325 train_time:4309.950s step_avg:1807.86ms
step:2385/3325 train_time:4311.744s step_avg:1807.86ms
step:2386/3325 train_time:4313.540s step_avg:1807.85ms
step:2387/3325 train_time:4315.335s step_avg:1807.85ms
step:2388/3325 train_time:4317.130s step_avg:1807.84ms
step:2389/3325 train_time:4318.925s step_avg:1807.84ms
step:2390/3325 train_time:4320.719s step_avg:1807.83ms
step:2391/3325 train_time:4322.514s step_avg:1807.83ms
step:2392/3325 train_time:4324.308s step_avg:1807.82ms
step:2393/3325 train_time:4326.101s step_avg:1807.81ms
step:2394/3325 train_time:4327.895s step_avg:1807.81ms
step:2395/3325 train_time:4329.688s step_avg:1807.80ms
step:2396/3325 train_time:4331.482s step_avg:1807.80ms
step:2397/3325 train_time:4333.276s step_avg:1807.79ms
step:2398/3325 train_time:4335.069s step_avg:1807.79ms
step:2399/3325 train_time:4336.862s step_avg:1807.78ms
step:2400/3325 train_time:4338.946s step_avg:1807.89ms
step:2401/3325 train_time:4340.740s step_avg:1807.89ms
step:2402/3325 train_time:4342.532s step_avg:1807.88ms
step:2403/3325 train_time:4344.324s step_avg:1807.88ms
step:2404/3325 train_time:4346.116s step_avg:1807.87ms
step:2405/3325 train_time:4347.909s step_avg:1807.86ms
step:2406/3325 train_time:4349.702s step_avg:1807.86ms
step:2407/3325 train_time:4351.495s step_avg:1807.85ms
step:2408/3325 train_time:4353.288s step_avg:1807.84ms
step:2409/3325 train_time:4355.081s step_avg:1807.84ms
step:2410/3325 train_time:4356.874s step_avg:1807.83ms
step:2411/3325 train_time:4358.666s step_avg:1807.83ms
step:2412/3325 train_time:4360.460s step_avg:1807.82ms
step:2413/3325 train_time:4362.252s step_avg:1807.81ms
step:2414/3325 train_time:4364.044s step_avg:1807.81ms
step:2415/3325 train_time:4365.837s step_avg:1807.80ms
step:2416/3325 train_time:4367.630s step_avg:1807.79ms
step:2417/3325 train_time:4369.422s step_avg:1807.79ms
step:2418/3325 train_time:4371.216s step_avg:1807.78ms
step:2419/3325 train_time:4373.009s step_avg:1807.78ms
step:2420/3325 train_time:4374.803s step_avg:1807.77ms
step:2421/3325 train_time:4376.596s step_avg:1807.76ms
step:2422/3325 train_time:4378.390s step_avg:1807.76ms
step:2423/3325 train_time:4380.183s step_avg:1807.75ms
step:2424/3325 train_time:4381.976s step_avg:1807.75ms
step:2425/3325 train_time:4384.042s step_avg:1807.85ms
step:2426/3325 train_time:4385.835s step_avg:1807.85ms
step:2427/3325 train_time:4387.627s step_avg:1807.84ms
step:2428/3325 train_time:4389.420s step_avg:1807.83ms
step:2429/3325 train_time:4391.213s step_avg:1807.83ms
step:2430/3325 train_time:4393.022s step_avg:1807.83ms
step:2431/3325 train_time:4394.816s step_avg:1807.82ms
step:2432/3325 train_time:4396.611s step_avg:1807.82ms
step:2433/3325 train_time:4398.403s step_avg:1807.81ms
step:2434/3325 train_time:4400.201s step_avg:1807.81ms
step:2435/3325 train_time:4401.996s step_avg:1807.80ms
step:2436/3325 train_time:4403.790s step_avg:1807.80ms
step:2437/3325 train_time:4405.583s step_avg:1807.79ms
step:2438/3325 train_time:4407.377s step_avg:1807.78ms
step:2439/3325 train_time:4409.171s step_avg:1807.78ms
step:2440/3325 train_time:4410.964s step_avg:1807.77ms
step:2441/3325 train_time:4412.758s step_avg:1807.77ms
step:2442/3325 train_time:4414.552s step_avg:1807.76ms
step:2443/3325 train_time:4416.346s step_avg:1807.76ms
step:2444/3325 train_time:4418.140s step_avg:1807.75ms
step:2445/3325 train_time:4419.932s step_avg:1807.74ms
step:2446/3325 train_time:4421.725s step_avg:1807.74ms
step:2447/3325 train_time:4423.517s step_avg:1807.73ms
step:2448/3325 train_time:4425.310s step_avg:1807.72ms
step:2449/3325 train_time:4427.104s step_avg:1807.72ms
step:2450/3325 train_time:4429.172s step_avg:1807.83ms
step:2451/3325 train_time:4430.966s step_avg:1807.82ms
step:2452/3325 train_time:4432.760s step_avg:1807.81ms
step:2453/3325 train_time:4434.553s step_avg:1807.81ms
step:2454/3325 train_time:4436.346s step_avg:1807.80ms
step:2455/3325 train_time:4438.139s step_avg:1807.80ms
step:2456/3325 train_time:4439.932s step_avg:1807.79ms
step:2457/3325 train_time:4441.725s step_avg:1807.78ms
step:2458/3325 train_time:4443.518s step_avg:1807.78ms
step:2459/3325 train_time:4445.311s step_avg:1807.77ms
step:2460/3325 train_time:4447.121s step_avg:1807.77ms
step:2461/3325 train_time:4448.915s step_avg:1807.77ms
step:2462/3325 train_time:4450.709s step_avg:1807.76ms
step:2463/3325 train_time:4452.506s step_avg:1807.76ms
step:2464/3325 train_time:4454.303s step_avg:1807.75ms
step:2465/3325 train_time:4456.098s step_avg:1807.75ms
step:2466/3325 train_time:4457.896s step_avg:1807.74ms
step:2467/3325 train_time:4459.688s step_avg:1807.74ms
step:2468/3325 train_time:4461.489s step_avg:1807.73ms
step:2469/3325 train_time:4463.286s step_avg:1807.73ms
step:2470/3325 train_time:4465.083s step_avg:1807.73ms
step:2471/3325 train_time:4466.916s step_avg:1807.74ms
step:2472/3325 train_time:4468.715s step_avg:1807.73ms
step:2473/3325 train_time:4470.513s step_avg:1807.73ms
step:2474/3325 train_time:4472.311s step_avg:1807.72ms
step:2475/3325 train_time:4474.378s step_avg:1807.83ms
step:2476/3325 train_time:4476.171s step_avg:1807.82ms
step:2477/3325 train_time:4477.964s step_avg:1807.82ms
step:2478/3325 train_time:4479.757s step_avg:1807.81ms
step:2479/3325 train_time:4481.550s step_avg:1807.81ms
step:2480/3325 train_time:4483.343s step_avg:1807.80ms
step:2481/3325 train_time:4485.136s step_avg:1807.79ms
step:2482/3325 train_time:4486.928s step_avg:1807.79ms
step:2483/3325 train_time:4488.720s step_avg:1807.78ms
step:2484/3325 train_time:4490.514s step_avg:1807.78ms
step:2485/3325 train_time:4492.306s step_avg:1807.77ms
step:2486/3325 train_time:4494.100s step_avg:1807.76ms
step:2487/3325 train_time:4495.893s step_avg:1807.76ms
step:2488/3325 train_time:4497.686s step_avg:1807.75ms
step:2489/3325 train_time:4499.480s step_avg:1807.75ms
step:2490/3325 train_time:4501.290s step_avg:1807.75ms
step:2491/3325 train_time:4503.083s step_avg:1807.74ms
step:2492/3325 train_time:4504.877s step_avg:1807.74ms
step:2493/3325 train_time:4506.669s step_avg:1807.73ms
step:2494/3325 train_time:4508.463s step_avg:1807.72ms
step:2495/3325 train_time:4510.256s step_avg:1807.72ms
step:2496/3325 train_time:4512.048s step_avg:1807.71ms
step:2497/3325 train_time:4513.841s step_avg:1807.71ms
step:2498/3325 train_time:4515.634s step_avg:1807.70ms
step:2499/3325 train_time:4517.426s step_avg:1807.69ms
step:2500/3325 train_time:4519.561s step_avg:1807.82ms
step:2500/3325 val_loss:3.35206 train_time:4519.561s step_avg:1806.07ms
step:2501/3325 train_time:4521.355s step_avg:1807.82ms
step:2502/3325 train_time:4523.149s step_avg:1807.81ms
step:2503/3325 train_time:4524.943s step_avg:1807.81ms
step:2504/3325 train_time:4526.736s step_avg:1807.80ms
step:2505/3325 train_time:4528.530s step_avg:1807.80ms
step:2506/3325 train_time:4530.323s step_avg:1807.79ms
step:2507/3325 train_time:4532.116s step_avg:1807.78ms
step:2508/3325 train_time:4533.909s step_avg:1807.78ms
step:2509/3325 train_time:4535.701s step_avg:1807.77ms
step:2510/3325 train_time:4537.494s step_avg:1807.77ms
step:2511/3325 train_time:4539.287s step_avg:1807.76ms
step:2512/3325 train_time:4541.081s step_avg:1807.76ms
step:2513/3325 train_time:4542.874s step_avg:1807.75ms
step:2514/3325 train_time:4544.668s step_avg:1807.74ms
step:2515/3325 train_time:4546.461s step_avg:1807.74ms
step:2516/3325 train_time:4548.255s step_avg:1807.73ms
step:2517/3325 train_time:4550.048s step_avg:1807.73ms
step:2518/3325 train_time:4551.842s step_avg:1807.72ms
step:2519/3325 train_time:4553.639s step_avg:1807.72ms
step:2520/3325 train_time:4555.448s step_avg:1807.72ms
step:2521/3325 train_time:4557.241s step_avg:1807.71ms
step:2522/3325 train_time:4559.033s step_avg:1807.71ms
step:2523/3325 train_time:4560.826s step_avg:1807.70ms
step:2524/3325 train_time:4562.620s step_avg:1807.69ms
step:2525/3325 train_time:4564.688s step_avg:1807.80ms
step:2526/3325 train_time:4566.481s step_avg:1807.79ms
step:2527/3325 train_time:4568.274s step_avg:1807.79ms
step:2528/3325 train_time:4570.067s step_avg:1807.78ms
step:2529/3325 train_time:4571.859s step_avg:1807.77ms
step:2530/3325 train_time:4573.651s step_avg:1807.77ms
step:2531/3325 train_time:4575.444s step_avg:1807.76ms
step:2532/3325 train_time:4577.238s step_avg:1807.76ms
step:2533/3325 train_time:4579.031s step_avg:1807.75ms
step:2534/3325 train_time:4580.824s step_avg:1807.74ms
step:2535/3325 train_time:4582.618s step_avg:1807.74ms
step:2536/3325 train_time:4584.412s step_avg:1807.73ms
step:2537/3325 train_time:4586.206s step_avg:1807.73ms
step:2538/3325 train_time:4588.001s step_avg:1807.72ms
step:2539/3325 train_time:4589.794s step_avg:1807.72ms
step:2540/3325 train_time:4591.587s step_avg:1807.71ms
step:2541/3325 train_time:4593.379s step_avg:1807.71ms
step:2542/3325 train_time:4595.177s step_avg:1807.70ms
step:2543/3325 train_time:4596.975s step_avg:1807.70ms
step:2544/3325 train_time:4598.769s step_avg:1807.69ms
step:2545/3325 train_time:4600.568s step_avg:1807.69ms
step:2546/3325 train_time:4602.366s step_avg:1807.68ms
step:2547/3325 train_time:4604.162s step_avg:1807.68ms
step:2548/3325 train_time:4605.960s step_avg:1807.68ms
step:2549/3325 train_time:4607.758s step_avg:1807.67ms
step:2550/3325 train_time:4609.849s step_avg:1807.78ms
step:2551/3325 train_time:4611.642s step_avg:1807.78ms
step:2552/3325 train_time:4613.435s step_avg:1807.77ms
step:2553/3325 train_time:4615.228s step_avg:1807.77ms
step:2554/3325 train_time:4617.020s step_avg:1807.76ms
step:2555/3325 train_time:4618.813s step_avg:1807.75ms
step:2556/3325 train_time:4620.607s step_avg:1807.75ms
step:2557/3325 train_time:4622.400s step_avg:1807.74ms
step:2558/3325 train_time:4624.193s step_avg:1807.74ms
step:2559/3325 train_time:4625.986s step_avg:1807.73ms
step:2560/3325 train_time:4627.780s step_avg:1807.73ms
step:2561/3325 train_time:4629.573s step_avg:1807.72ms
step:2562/3325 train_time:4631.367s step_avg:1807.72ms
step:2563/3325 train_time:4633.161s step_avg:1807.71ms
step:2564/3325 train_time:4634.953s step_avg:1807.70ms
step:2565/3325 train_time:4636.746s step_avg:1807.70ms
step:2566/3325 train_time:4638.539s step_avg:1807.69ms
step:2567/3325 train_time:4640.332s step_avg:1807.69ms
step:2568/3325 train_time:4642.126s step_avg:1807.68ms
step:2569/3325 train_time:4643.919s step_avg:1807.68ms
step:2570/3325 train_time:4645.712s step_avg:1807.67ms
step:2571/3325 train_time:4647.505s step_avg:1807.66ms
step:2572/3325 train_time:4649.298s step_avg:1807.66ms
step:2573/3325 train_time:4651.091s step_avg:1807.65ms
step:2574/3325 train_time:4652.884s step_avg:1807.65ms
step:2575/3325 train_time:4654.952s step_avg:1807.75ms
step:2576/3325 train_time:4656.745s step_avg:1807.74ms
step:2577/3325 train_time:4658.538s step_avg:1807.74ms
step:2578/3325 train_time:4660.332s step_avg:1807.73ms
step:2579/3325 train_time:4662.125s step_avg:1807.73ms
step:2580/3325 train_time:4663.935s step_avg:1807.73ms
step:2581/3325 train_time:4665.733s step_avg:1807.72ms
step:2582/3325 train_time:4667.527s step_avg:1807.72ms
step:2583/3325 train_time:4669.319s step_avg:1807.71ms
step:2584/3325 train_time:4671.113s step_avg:1807.71ms
step:2585/3325 train_time:4672.905s step_avg:1807.70ms
step:2586/3325 train_time:4674.699s step_avg:1807.69ms
step:2587/3325 train_time:4676.493s step_avg:1807.69ms
step:2588/3325 train_time:4678.286s step_avg:1807.68ms
step:2589/3325 train_time:4680.080s step_avg:1807.68ms
step:2590/3325 train_time:4681.873s step_avg:1807.67ms
step:2591/3325 train_time:4683.666s step_avg:1807.67ms
step:2592/3325 train_time:4685.460s step_avg:1807.66ms
step:2593/3325 train_time:4687.252s step_avg:1807.66ms
step:2594/3325 train_time:4689.046s step_avg:1807.65ms
step:2595/3325 train_time:4690.840s step_avg:1807.65ms
step:2596/3325 train_time:4692.632s step_avg:1807.64ms
step:2597/3325 train_time:4694.424s step_avg:1807.63ms
step:2598/3325 train_time:4696.218s step_avg:1807.63ms
step:2599/3325 train_time:4698.011s step_avg:1807.62ms
step:2600/3325 train_time:4700.079s step_avg:1807.72ms
step:2601/3325 train_time:4701.877s step_avg:1807.72ms
step:2602/3325 train_time:4703.675s step_avg:1807.72ms
step:2603/3325 train_time:4705.469s step_avg:1807.71ms
step:2604/3325 train_time:4707.263s step_avg:1807.70ms
step:2605/3325 train_time:4709.055s step_avg:1807.70ms
step:2606/3325 train_time:4710.848s step_avg:1807.69ms
step:2607/3325 train_time:4712.641s step_avg:1807.69ms
step:2608/3325 train_time:4714.434s step_avg:1807.68ms
step:2609/3325 train_time:4716.227s step_avg:1807.68ms
step:2610/3325 train_time:4718.037s step_avg:1807.68ms
step:2611/3325 train_time:4719.831s step_avg:1807.67ms
step:2612/3325 train_time:4721.625s step_avg:1807.67ms
step:2613/3325 train_time:4723.419s step_avg:1807.66ms
step:2614/3325 train_time:4725.212s step_avg:1807.66ms
step:2615/3325 train_time:4727.006s step_avg:1807.65ms
step:2616/3325 train_time:4728.799s step_avg:1807.64ms
step:2617/3325 train_time:4730.593s step_avg:1807.64ms
step:2618/3325 train_time:4732.385s step_avg:1807.63ms
step:2619/3325 train_time:4734.178s step_avg:1807.63ms
step:2620/3325 train_time:4735.975s step_avg:1807.62ms
step:2621/3325 train_time:4737.773s step_avg:1807.62ms
step:2622/3325 train_time:4739.570s step_avg:1807.62ms
step:2623/3325 train_time:4741.371s step_avg:1807.61ms
step:2624/3325 train_time:4743.169s step_avg:1807.61ms
step:2625/3325 train_time:4745.314s step_avg:1807.74ms
step:2625/3325 val_loss:3.32952 train_time:4745.314s step_avg:1806.02ms
step:2626/3325 train_time:4747.112s step_avg:1807.73ms
step:2627/3325 train_time:4748.910s step_avg:1807.73ms
step:2628/3325 train_time:4750.709s step_avg:1807.73ms
step:2629/3325 train_time:4752.505s step_avg:1807.72ms
step:2630/3325 train_time:4754.303s step_avg:1807.72ms
step:2631/3325 train_time:4756.100s step_avg:1807.72ms
step:2632/3325 train_time:4757.898s step_avg:1807.71ms
step:2633/3325 train_time:4759.696s step_avg:1807.71ms
step:2634/3325 train_time:4761.496s step_avg:1807.71ms
step:2635/3325 train_time:4763.295s step_avg:1807.70ms
step:2636/3325 train_time:4765.093s step_avg:1807.70ms
step:2637/3325 train_time:4766.888s step_avg:1807.69ms
step:2638/3325 train_time:4768.682s step_avg:1807.69ms
step:2639/3325 train_time:4770.479s step_avg:1807.68ms
step:2640/3325 train_time:4772.288s step_avg:1807.68ms
step:2641/3325 train_time:4774.086s step_avg:1807.68ms
step:2642/3325 train_time:4775.884s step_avg:1807.68ms
step:2643/3325 train_time:4777.686s step_avg:1807.68ms
step:2644/3325 train_time:4779.485s step_avg:1807.67ms
step:2645/3325 train_time:4781.284s step_avg:1807.67ms
step:2646/3325 train_time:4783.081s step_avg:1807.66ms
step:2647/3325 train_time:4784.878s step_avg:1807.66ms
step:2648/3325 train_time:4786.676s step_avg:1807.66ms
step:2649/3325 train_time:4788.475s step_avg:1807.65ms
step:2650/3325 train_time:4790.551s step_avg:1807.76ms
step:2651/3325 train_time:4792.345s step_avg:1807.75ms
step:2652/3325 train_time:4794.145s step_avg:1807.75ms
step:2653/3325 train_time:4795.943s step_avg:1807.74ms
step:2654/3325 train_time:4797.738s step_avg:1807.74ms
step:2655/3325 train_time:4799.531s step_avg:1807.73ms
step:2656/3325 train_time:4801.327s step_avg:1807.73ms
step:2657/3325 train_time:4803.119s step_avg:1807.72ms
step:2658/3325 train_time:4804.912s step_avg:1807.72ms
step:2659/3325 train_time:4806.705s step_avg:1807.71ms
step:2660/3325 train_time:4808.499s step_avg:1807.71ms
step:2661/3325 train_time:4810.327s step_avg:1807.71ms
step:2662/3325 train_time:4812.120s step_avg:1807.71ms
step:2663/3325 train_time:4813.912s step_avg:1807.70ms
step:2664/3325 train_time:4815.705s step_avg:1807.70ms
step:2665/3325 train_time:4817.498s step_avg:1807.69ms
step:2666/3325 train_time:4819.292s step_avg:1807.69ms
step:2667/3325 train_time:4821.085s step_avg:1807.68ms
step:2668/3325 train_time:4822.879s step_avg:1807.68ms
step:2669/3325 train_time:4824.672s step_avg:1807.67ms
step:2670/3325 train_time:4826.483s step_avg:1807.67ms
step:2671/3325 train_time:4828.277s step_avg:1807.67ms
step:2672/3325 train_time:4830.071s step_avg:1807.66ms
step:2673/3325 train_time:4831.867s step_avg:1807.66ms
step:2674/3325 train_time:4833.662s step_avg:1807.65ms
step:2675/3325 train_time:4835.736s step_avg:1807.75ms
step:2676/3325 train_time:4837.531s step_avg:1807.75ms
step:2677/3325 train_time:4839.327s step_avg:1807.74ms
step:2678/3325 train_time:4841.124s step_avg:1807.74ms
step:2679/3325 train_time:4842.920s step_avg:1807.73ms
step:2680/3325 train_time:4844.716s step_avg:1807.73ms
step:2681/3325 train_time:4846.511s step_avg:1807.73ms
step:2682/3325 train_time:4848.306s step_avg:1807.72ms
step:2683/3325 train_time:4850.103s step_avg:1807.72ms
step:2684/3325 train_time:4851.899s step_avg:1807.71ms
step:2685/3325 train_time:4853.693s step_avg:1807.71ms
step:2686/3325 train_time:4855.487s step_avg:1807.70ms
step:2687/3325 train_time:4857.280s step_avg:1807.70ms
step:2688/3325 train_time:4859.074s step_avg:1807.69ms
step:2689/3325 train_time:4860.868s step_avg:1807.69ms
step:2690/3325 train_time:4862.662s step_avg:1807.68ms
step:2691/3325 train_time:4864.457s step_avg:1807.68ms
step:2692/3325 train_time:4866.251s step_avg:1807.67ms
step:2693/3325 train_time:4868.046s step_avg:1807.67ms
step:2694/3325 train_time:4869.842s step_avg:1807.66ms
step:2695/3325 train_time:4871.638s step_avg:1807.66ms
step:2696/3325 train_time:4873.433s step_avg:1807.65ms
step:2697/3325 train_time:4875.228s step_avg:1807.65ms
step:2698/3325 train_time:4877.023s step_avg:1807.64ms
step:2699/3325 train_time:4878.816s step_avg:1807.64ms
step:2700/3325 train_time:4880.907s step_avg:1807.74ms
step:2701/3325 train_time:4882.702s step_avg:1807.74ms
step:2702/3325 train_time:4884.496s step_avg:1807.73ms
step:2703/3325 train_time:4886.289s step_avg:1807.73ms
step:2704/3325 train_time:4888.085s step_avg:1807.72ms
step:2705/3325 train_time:4889.881s step_avg:1807.72ms
step:2706/3325 train_time:4891.677s step_avg:1807.71ms
step:2707/3325 train_time:4893.473s step_avg:1807.71ms
step:2708/3325 train_time:4895.267s step_avg:1807.71ms
step:2709/3325 train_time:4897.063s step_avg:1807.70ms
step:2710/3325 train_time:4898.860s step_avg:1807.70ms
step:2711/3325 train_time:4900.654s step_avg:1807.69ms
step:2712/3325 train_time:4902.450s step_avg:1807.69ms
step:2713/3325 train_time:4904.245s step_avg:1807.68ms
step:2714/3325 train_time:4906.039s step_avg:1807.68ms
step:2715/3325 train_time:4907.834s step_avg:1807.67ms
step:2716/3325 train_time:4909.627s step_avg:1807.67ms
step:2717/3325 train_time:4911.422s step_avg:1807.66ms
step:2718/3325 train_time:4913.218s step_avg:1807.66ms
step:2719/3325 train_time:4915.013s step_avg:1807.65ms
step:2720/3325 train_time:4916.808s step_avg:1807.65ms
step:2721/3325 train_time:4918.603s step_avg:1807.65ms
step:2722/3325 train_time:4920.398s step_avg:1807.64ms
step:2723/3325 train_time:4922.192s step_avg:1807.64ms
step:2724/3325 train_time:4923.986s step_avg:1807.63ms
step:2725/3325 train_time:4926.060s step_avg:1807.73ms
step:2726/3325 train_time:4927.853s step_avg:1807.72ms
step:2727/3325 train_time:4929.648s step_avg:1807.72ms
step:2728/3325 train_time:4931.442s step_avg:1807.71ms
step:2729/3325 train_time:4933.239s step_avg:1807.71ms
step:2730/3325 train_time:4935.049s step_avg:1807.71ms
step:2731/3325 train_time:4936.842s step_avg:1807.70ms
step:2732/3325 train_time:4938.637s step_avg:1807.70ms
step:2733/3325 train_time:4940.432s step_avg:1807.70ms
step:2734/3325 train_time:4942.226s step_avg:1807.69ms
step:2735/3325 train_time:4944.019s step_avg:1807.69ms
step:2736/3325 train_time:4945.814s step_avg:1807.68ms
step:2737/3325 train_time:4947.611s step_avg:1807.68ms
step:2738/3325 train_time:4949.404s step_avg:1807.67ms
step:2739/3325 train_time:4951.199s step_avg:1807.67ms
step:2740/3325 train_time:4952.992s step_avg:1807.66ms
step:2741/3325 train_time:4954.786s step_avg:1807.66ms
step:2742/3325 train_time:4956.580s step_avg:1807.65ms
step:2743/3325 train_time:4958.374s step_avg:1807.65ms
step:2744/3325 train_time:4960.168s step_avg:1807.64ms
step:2745/3325 train_time:4961.964s step_avg:1807.64ms
step:2746/3325 train_time:4963.758s step_avg:1807.63ms
step:2747/3325 train_time:4965.551s step_avg:1807.63ms
step:2748/3325 train_time:4967.344s step_avg:1807.62ms
step:2749/3325 train_time:4969.137s step_avg:1807.62ms
step:2750/3325 train_time:4971.272s step_avg:1807.74ms
step:2750/3325 val_loss:3.31095 train_time:4971.273s step_avg:1807.67ms
step:2751/3325 train_time:4973.066s step_avg:1807.73ms
step:2752/3325 train_time:4974.859s step_avg:1807.73ms
step:2753/3325 train_time:4976.653s step_avg:1807.72ms
step:2754/3325 train_time:4978.448s step_avg:1807.72ms
step:2755/3325 train_time:4980.243s step_avg:1807.71ms
step:2756/3325 train_time:4982.037s step_avg:1807.71ms
step:2757/3325 train_time:4983.832s step_avg:1807.70ms
step:2758/3325 train_time:4985.627s step_avg:1807.70ms
step:2759/3325 train_time:4987.420s step_avg:1807.69ms
step:2760/3325 train_time:4989.231s step_avg:1807.69ms
step:2761/3325 train_time:4991.025s step_avg:1807.69ms
step:2762/3325 train_time:4992.819s step_avg:1807.68ms
step:2763/3325 train_time:4994.611s step_avg:1807.68ms
step:2764/3325 train_time:4996.405s step_avg:1807.67ms
step:2765/3325 train_time:4998.197s step_avg:1807.67ms
step:2766/3325 train_time:4999.990s step_avg:1807.66ms
step:2767/3325 train_time:5001.782s step_avg:1807.66ms
step:2768/3325 train_time:5003.575s step_avg:1807.65ms
step:2769/3325 train_time:5005.369s step_avg:1807.64ms
step:2770/3325 train_time:5007.162s step_avg:1807.64ms
step:2771/3325 train_time:5008.957s step_avg:1807.64ms
step:2772/3325 train_time:5010.752s step_avg:1807.63ms
step:2773/3325 train_time:5012.548s step_avg:1807.63ms
step:2774/3325 train_time:5014.342s step_avg:1807.62ms
step:2775/3325 train_time:5016.416s step_avg:1807.72ms
step:2776/3325 train_time:5018.209s step_avg:1807.71ms
step:2777/3325 train_time:5020.004s step_avg:1807.71ms
step:2778/3325 train_time:5021.802s step_avg:1807.70ms
step:2779/3325 train_time:5023.597s step_avg:1807.70ms
step:2780/3325 train_time:5025.394s step_avg:1807.70ms
step:2781/3325 train_time:5027.191s step_avg:1807.69ms
step:2782/3325 train_time:5028.986s step_avg:1807.69ms
step:2783/3325 train_time:5030.782s step_avg:1807.68ms
step:2784/3325 train_time:5032.578s step_avg:1807.68ms
step:2785/3325 train_time:5034.373s step_avg:1807.67ms
step:2786/3325 train_time:5036.169s step_avg:1807.67ms
step:2787/3325 train_time:5037.964s step_avg:1807.67ms
step:2788/3325 train_time:5039.758s step_avg:1807.66ms
step:2789/3325 train_time:5041.554s step_avg:1807.66ms
step:2790/3325 train_time:5043.364s step_avg:1807.66ms
step:2791/3325 train_time:5045.158s step_avg:1807.65ms
step:2792/3325 train_time:5046.954s step_avg:1807.65ms
step:2793/3325 train_time:5048.749s step_avg:1807.64ms
step:2794/3325 train_time:5050.543s step_avg:1807.64ms
step:2795/3325 train_time:5052.338s step_avg:1807.63ms
step:2796/3325 train_time:5054.134s step_avg:1807.63ms
step:2797/3325 train_time:5055.929s step_avg:1807.63ms
step:2798/3325 train_time:5057.723s step_avg:1807.62ms
step:2799/3325 train_time:5059.518s step_avg:1807.62ms
step:2800/3325 train_time:5061.589s step_avg:1807.71ms
step:2801/3325 train_time:5063.383s step_avg:1807.71ms
step:2802/3325 train_time:5065.177s step_avg:1807.70ms
step:2803/3325 train_time:5066.971s step_avg:1807.70ms
step:2804/3325 train_time:5068.766s step_avg:1807.69ms
step:2805/3325 train_time:5070.560s step_avg:1807.69ms
step:2806/3325 train_time:5072.355s step_avg:1807.68ms
step:2807/3325 train_time:5074.152s step_avg:1807.68ms
step:2808/3325 train_time:5075.948s step_avg:1807.67ms
step:2809/3325 train_time:5077.746s step_avg:1807.67ms
step:2810/3325 train_time:5079.543s step_avg:1807.67ms
step:2811/3325 train_time:5081.340s step_avg:1807.66ms
step:2812/3325 train_time:5083.134s step_avg:1807.66ms
step:2813/3325 train_time:5084.928s step_avg:1807.65ms
step:2814/3325 train_time:5086.722s step_avg:1807.65ms
step:2815/3325 train_time:5088.518s step_avg:1807.64ms
step:2816/3325 train_time:5090.313s step_avg:1807.64ms
step:2817/3325 train_time:5092.109s step_avg:1807.64ms
step:2818/3325 train_time:5093.905s step_avg:1807.63ms
step:2819/3325 train_time:5095.701s step_avg:1807.63ms
step:2820/3325 train_time:5097.512s step_avg:1807.63ms
step:2821/3325 train_time:5099.307s step_avg:1807.62ms
step:2822/3325 train_time:5101.100s step_avg:1807.62ms
step:2823/3325 train_time:5102.895s step_avg:1807.61ms
step:2824/3325 train_time:5104.689s step_avg:1807.61ms
step:2825/3325 train_time:5106.760s step_avg:1807.70ms
step:2826/3325 train_time:5108.554s step_avg:1807.70ms
step:2827/3325 train_time:5110.348s step_avg:1807.69ms
step:2828/3325 train_time:5112.144s step_avg:1807.69ms
step:2829/3325 train_time:5113.938s step_avg:1807.68ms
step:2830/3325 train_time:5115.735s step_avg:1807.68ms
step:2831/3325 train_time:5117.530s step_avg:1807.68ms
step:2832/3325 train_time:5119.325s step_avg:1807.67ms
step:2833/3325 train_time:5121.119s step_avg:1807.67ms
step:2834/3325 train_time:5122.913s step_avg:1807.66ms
step:2835/3325 train_time:5124.707s step_avg:1807.66ms
step:2836/3325 train_time:5126.500s step_avg:1807.65ms
step:2837/3325 train_time:5128.293s step_avg:1807.65ms
step:2838/3325 train_time:5130.086s step_avg:1807.64ms
step:2839/3325 train_time:5131.879s step_avg:1807.64ms
step:2840/3325 train_time:5133.672s step_avg:1807.63ms
step:2841/3325 train_time:5135.465s step_avg:1807.63ms
step:2842/3325 train_time:5137.258s step_avg:1807.62ms
step:2843/3325 train_time:5139.053s step_avg:1807.62ms
step:2844/3325 train_time:5140.846s step_avg:1807.61ms
step:2845/3325 train_time:5142.640s step_avg:1807.61ms
step:2846/3325 train_time:5144.433s step_avg:1807.60ms
step:2847/3325 train_time:5146.228s step_avg:1807.60ms
step:2848/3325 train_time:5148.024s step_avg:1807.59ms
step:2849/3325 train_time:5149.821s step_avg:1807.59ms
step:2850/3325 train_time:5151.911s step_avg:1807.69ms
step:2851/3325 train_time:5153.741s step_avg:1807.70ms
step:2852/3325 train_time:5155.535s step_avg:1807.69ms
step:2853/3325 train_time:5157.329s step_avg:1807.69ms
step:2854/3325 train_time:5159.124s step_avg:1807.68ms
step:2855/3325 train_time:5160.917s step_avg:1807.68ms
step:2856/3325 train_time:5162.710s step_avg:1807.67ms
step:2857/3325 train_time:5164.503s step_avg:1807.67ms
step:2858/3325 train_time:5166.297s step_avg:1807.66ms
step:2859/3325 train_time:5168.092s step_avg:1807.66ms
step:2860/3325 train_time:5169.887s step_avg:1807.65ms
step:2861/3325 train_time:5171.682s step_avg:1807.65ms
step:2862/3325 train_time:5173.476s step_avg:1807.64ms
step:2863/3325 train_time:5175.271s step_avg:1807.64ms
step:2864/3325 train_time:5177.065s step_avg:1807.63ms
step:2865/3325 train_time:5178.858s step_avg:1807.63ms
step:2866/3325 train_time:5180.652s step_avg:1807.62ms
step:2867/3325 train_time:5182.445s step_avg:1807.62ms
step:2868/3325 train_time:5184.239s step_avg:1807.61ms
step:2869/3325 train_time:5186.034s step_avg:1807.61ms
step:2870/3325 train_time:5187.828s step_avg:1807.61ms
step:2871/3325 train_time:5189.622s step_avg:1807.60ms
step:2872/3325 train_time:5191.416s step_avg:1807.60ms
step:2873/3325 train_time:5193.210s step_avg:1807.59ms
step:2874/3325 train_time:5195.004s step_avg:1807.59ms
step:2875/3325 train_time:5197.141s step_avg:1807.70ms
step:2875/3325 val_loss:3.29603 train_time:5197.142s step_avg:1806.95ms
step:2876/3325 train_time:5198.937s step_avg:1807.70ms
step:2877/3325 train_time:5200.731s step_avg:1807.69ms
step:2878/3325 train_time:5202.525s step_avg:1807.69ms
step:2879/3325 train_time:5204.318s step_avg:1807.68ms
step:2880/3325 train_time:5206.127s step_avg:1807.68ms
step:2881/3325 train_time:5207.919s step_avg:1807.68ms
step:2882/3325 train_time:5209.712s step_avg:1807.67ms
step:2883/3325 train_time:5211.505s step_avg:1807.67ms
step:2884/3325 train_time:5213.298s step_avg:1807.66ms
step:2885/3325 train_time:5215.091s step_avg:1807.66ms
step:2886/3325 train_time:5216.885s step_avg:1807.65ms
step:2887/3325 train_time:5218.679s step_avg:1807.65ms
step:2888/3325 train_time:5220.472s step_avg:1807.64ms
step:2889/3325 train_time:5222.266s step_avg:1807.64ms
step:2890/3325 train_time:5224.060s step_avg:1807.63ms
step:2891/3325 train_time:5225.852s step_avg:1807.63ms
step:2892/3325 train_time:5227.645s step_avg:1807.62ms
step:2893/3325 train_time:5229.438s step_avg:1807.62ms
step:2894/3325 train_time:5231.231s step_avg:1807.61ms
step:2895/3325 train_time:5233.025s step_avg:1807.61ms
step:2896/3325 train_time:5234.818s step_avg:1807.60ms
step:2897/3325 train_time:5236.611s step_avg:1807.60ms
step:2898/3325 train_time:5238.405s step_avg:1807.59ms
step:2899/3325 train_time:5240.198s step_avg:1807.59ms
step:2900/3325 train_time:5242.266s step_avg:1807.68ms
step:2901/3325 train_time:5244.060s step_avg:1807.67ms
step:2902/3325 train_time:5245.854s step_avg:1807.67ms
step:2903/3325 train_time:5247.649s step_avg:1807.66ms
step:2904/3325 train_time:5249.444s step_avg:1807.66ms
step:2905/3325 train_time:5251.240s step_avg:1807.66ms
step:2906/3325 train_time:5253.034s step_avg:1807.65ms
step:2907/3325 train_time:5254.829s step_avg:1807.65ms
step:2908/3325 train_time:5256.623s step_avg:1807.64ms
step:2909/3325 train_time:5258.417s step_avg:1807.64ms
step:2910/3325 train_time:5260.229s step_avg:1807.64ms
step:2911/3325 train_time:5262.026s step_avg:1807.64ms
step:2912/3325 train_time:5263.821s step_avg:1807.63ms
step:2913/3325 train_time:5265.615s step_avg:1807.63ms
step:2914/3325 train_time:5267.410s step_avg:1807.62ms
step:2915/3325 train_time:5269.205s step_avg:1807.62ms
step:2916/3325 train_time:5270.999s step_avg:1807.61ms
step:2917/3325 train_time:5272.792s step_avg:1807.61ms
step:2918/3325 train_time:5274.586s step_avg:1807.60ms
step:2919/3325 train_time:5276.381s step_avg:1807.60ms
step:2920/3325 train_time:5278.176s step_avg:1807.59ms
step:2921/3325 train_time:5279.971s step_avg:1807.59ms
step:2922/3325 train_time:5281.766s step_avg:1807.59ms
step:2923/3325 train_time:5283.561s step_avg:1807.58ms
step:2924/3325 train_time:5285.356s step_avg:1807.58ms
step:2925/3325 train_time:5287.428s step_avg:1807.67ms
step:2926/3325 train_time:5289.223s step_avg:1807.66ms
step:2927/3325 train_time:5291.018s step_avg:1807.66ms
step:2928/3325 train_time:5292.813s step_avg:1807.65ms
step:2929/3325 train_time:5294.610s step_avg:1807.65ms
step:2930/3325 train_time:5296.407s step_avg:1807.65ms
step:2931/3325 train_time:5298.203s step_avg:1807.64ms
step:2932/3325 train_time:5300.000s step_avg:1807.64ms
step:2933/3325 train_time:5301.798s step_avg:1807.64ms
step:2934/3325 train_time:5303.592s step_avg:1807.63ms
step:2935/3325 train_time:5305.387s step_avg:1807.63ms
step:2936/3325 train_time:5307.183s step_avg:1807.62ms
step:2937/3325 train_time:5308.976s step_avg:1807.62ms
step:2938/3325 train_time:5310.771s step_avg:1807.61ms
step:2939/3325 train_time:5312.566s step_avg:1807.61ms
step:2940/3325 train_time:5314.378s step_avg:1807.61ms
step:2941/3325 train_time:5316.176s step_avg:1807.61ms
step:2942/3325 train_time:5317.974s step_avg:1807.61ms
step:2943/3325 train_time:5319.771s step_avg:1807.60ms
step:2944/3325 train_time:5321.570s step_avg:1807.60ms
step:2945/3325 train_time:5323.368s step_avg:1807.60ms
step:2946/3325 train_time:5325.166s step_avg:1807.59ms
step:2947/3325 train_time:5326.964s step_avg:1807.59ms
step:2948/3325 train_time:5328.762s step_avg:1807.59ms
step:2949/3325 train_time:5330.559s step_avg:1807.58ms
step:2950/3325 train_time:5332.634s step_avg:1807.67ms
step:2951/3325 train_time:5334.429s step_avg:1807.67ms
step:2952/3325 train_time:5336.225s step_avg:1807.66ms
step:2953/3325 train_time:5338.021s step_avg:1807.66ms
step:2954/3325 train_time:5339.816s step_avg:1807.66ms
step:2955/3325 train_time:5341.609s step_avg:1807.65ms
step:2956/3325 train_time:5343.403s step_avg:1807.65ms
step:2957/3325 train_time:5345.197s step_avg:1807.64ms
step:2958/3325 train_time:5346.991s step_avg:1807.64ms
step:2959/3325 train_time:5348.786s step_avg:1807.63ms
step:2960/3325 train_time:5350.583s step_avg:1807.63ms
step:2961/3325 train_time:5352.379s step_avg:1807.63ms
step:2962/3325 train_time:5354.176s step_avg:1807.62ms
step:2963/3325 train_time:5355.974s step_avg:1807.62ms
step:2964/3325 train_time:5357.772s step_avg:1807.62ms
step:2965/3325 train_time:5359.569s step_avg:1807.61ms
step:2966/3325 train_time:5361.371s step_avg:1807.61ms
step:2967/3325 train_time:5363.170s step_avg:1807.61ms
step:2968/3325 train_time:5364.969s step_avg:1807.60ms
step:2969/3325 train_time:5366.768s step_avg:1807.60ms
step:2970/3325 train_time:5368.584s step_avg:1807.60ms
step:2971/3325 train_time:5370.383s step_avg:1807.60ms
step:2972/3325 train_time:5372.182s step_avg:1807.60ms
step:2973/3325 train_time:5373.976s step_avg:1807.59ms
step:2974/3325 train_time:5375.768s step_avg:1807.59ms
step:2975/3325 train_time:5377.836s step_avg:1807.68ms
step:2976/3325 train_time:5379.629s step_avg:1807.67ms
step:2977/3325 train_time:5381.422s step_avg:1807.67ms
step:2978/3325 train_time:5383.216s step_avg:1807.66ms
step:2979/3325 train_time:5385.009s step_avg:1807.66ms
step:2980/3325 train_time:5386.803s step_avg:1807.65ms
step:2981/3325 train_time:5388.597s step_avg:1807.65ms
step:2982/3325 train_time:5390.390s step_avg:1807.64ms
step:2983/3325 train_time:5392.183s step_avg:1807.64ms
step:2984/3325 train_time:5393.976s step_avg:1807.63ms
step:2985/3325 train_time:5395.769s step_avg:1807.63ms
step:2986/3325 train_time:5397.561s step_avg:1807.62ms
step:2987/3325 train_time:5399.354s step_avg:1807.62ms
step:2988/3325 train_time:5401.152s step_avg:1807.61ms
step:2989/3325 train_time:5402.945s step_avg:1807.61ms
step:2990/3325 train_time:5404.739s step_avg:1807.61ms
step:2991/3325 train_time:5406.533s step_avg:1807.60ms
step:2992/3325 train_time:5408.328s step_avg:1807.60ms
step:2993/3325 train_time:5410.122s step_avg:1807.59ms
step:2994/3325 train_time:5411.915s step_avg:1807.59ms
step:2995/3325 train_time:5413.708s step_avg:1807.58ms
step:2996/3325 train_time:5415.501s step_avg:1807.58ms
step:2997/3325 train_time:5417.294s step_avg:1807.57ms
step:2998/3325 train_time:5419.088s step_avg:1807.57ms
step:2999/3325 train_time:5420.882s step_avg:1807.56ms
step:3000/3325 train_time:5423.031s step_avg:1807.68ms
step:3000/3325 val_loss:3.28512 train_time:5423.031s step_avg:1807.12ms
step:3001/3325 train_time:5424.825s step_avg:1807.67ms
step:3002/3325 train_time:5426.620s step_avg:1807.67ms
step:3003/3325 train_time:5428.416s step_avg:1807.66ms
step:3004/3325 train_time:5430.210s step_avg:1807.66ms
step:3005/3325 train_time:5432.004s step_avg:1807.66ms
step:3006/3325 train_time:5433.798s step_avg:1807.65ms
step:3007/3325 train_time:5435.591s step_avg:1807.65ms
step:3008/3325 train_time:5437.386s step_avg:1807.64ms
step:3009/3325 train_time:5439.179s step_avg:1807.64ms
step:3010/3325 train_time:5440.972s step_avg:1807.63ms
step:3011/3325 train_time:5442.765s step_avg:1807.63ms
step:3012/3325 train_time:5444.557s step_avg:1807.62ms
step:3013/3325 train_time:5446.351s step_avg:1807.62ms
step:3014/3325 train_time:5448.145s step_avg:1807.61ms
step:3015/3325 train_time:5449.939s step_avg:1807.61ms
step:3016/3325 train_time:5451.732s step_avg:1807.60ms
step:3017/3325 train_time:5453.526s step_avg:1807.60ms
step:3018/3325 train_time:5455.320s step_avg:1807.59ms
step:3019/3325 train_time:5457.115s step_avg:1807.59ms
step:3020/3325 train_time:5458.909s step_avg:1807.59ms
step:3021/3325 train_time:5460.702s step_avg:1807.58ms
step:3022/3325 train_time:5462.495s step_avg:1807.58ms
step:3023/3325 train_time:5464.293s step_avg:1807.57ms
step:3024/3325 train_time:5466.092s step_avg:1807.57ms
step:3025/3325 train_time:5468.168s step_avg:1807.66ms
step:3025/3325 val_loss:3.28163 train_time:5468.168s step_avg:1805.49ms
step:3026/3325 train_time:5469.964s step_avg:1807.66ms
step:3027/3325 train_time:5471.763s step_avg:1807.65ms
step:3028/3325 train_time:5473.562s step_avg:1807.65ms
step:3029/3325 train_time:5475.357s step_avg:1807.65ms
step:3030/3325 train_time:5477.171s step_avg:1807.65ms
step:3031/3325 train_time:5478.970s step_avg:1807.64ms
step:3032/3325 train_time:5480.765s step_avg:1807.64ms
step:3033/3325 train_time:5482.560s step_avg:1807.64ms
step:3034/3325 train_time:5484.355s step_avg:1807.63ms
step:3035/3325 train_time:5486.149s step_avg:1807.63ms
step:3036/3325 train_time:5487.946s step_avg:1807.62ms
step:3037/3325 train_time:5489.741s step_avg:1807.62ms
step:3038/3325 train_time:5491.536s step_avg:1807.62ms
step:3039/3325 train_time:5493.332s step_avg:1807.61ms
step:3040/3325 train_time:5495.130s step_avg:1807.61ms
step:3041/3325 train_time:5496.962s step_avg:1807.62ms
step:3042/3325 train_time:5498.757s step_avg:1807.61ms
step:3043/3325 train_time:5500.551s step_avg:1807.61ms
step:3044/3325 train_time:5502.345s step_avg:1807.60ms
step:3045/3325 train_time:5504.139s step_avg:1807.60ms
step:3046/3325 train_time:5505.935s step_avg:1807.60ms
step:3047/3325 train_time:5507.729s step_avg:1807.59ms
step:3048/3325 train_time:5509.526s step_avg:1807.59ms
step:3049/3325 train_time:5511.321s step_avg:1807.58ms
step:3050/3325 train_time:5513.389s step_avg:1807.67ms
step:3050/3325 val_loss:3.28004 train_time:5513.389s step_avg:1808.84ms
step:3051/3325 train_time:5515.187s step_avg:1807.67ms
step:3052/3325 train_time:5516.984s step_avg:1807.66ms
step:3053/3325 train_time:5518.780s step_avg:1807.66ms
step:3054/3325 train_time:5520.576s step_avg:1807.65ms
step:3055/3325 train_time:5522.371s step_avg:1807.65ms
step:3056/3325 train_time:5524.167s step_avg:1807.65ms
step:3057/3325 train_time:5525.962s step_avg:1807.64ms
step:3058/3325 train_time:5527.758s step_avg:1807.64ms
step:3059/3325 train_time:5529.552s step_avg:1807.63ms
step:3060/3325 train_time:5531.362s step_avg:1807.63ms
step:3061/3325 train_time:5533.156s step_avg:1807.63ms
step:3062/3325 train_time:5534.950s step_avg:1807.63ms
step:3063/3325 train_time:5536.744s step_avg:1807.62ms
step:3064/3325 train_time:5538.540s step_avg:1807.62ms
step:3065/3325 train_time:5540.335s step_avg:1807.61ms
step:3066/3325 train_time:5542.131s step_avg:1807.61ms
step:3067/3325 train_time:5543.926s step_avg:1807.61ms
step:3068/3325 train_time:5545.722s step_avg:1807.60ms
step:3069/3325 train_time:5547.518s step_avg:1807.60ms
step:3070/3325 train_time:5549.314s step_avg:1807.59ms
step:3071/3325 train_time:5551.108s step_avg:1807.59ms
step:3072/3325 train_time:5552.906s step_avg:1807.59ms
step:3073/3325 train_time:5554.702s step_avg:1807.58ms
step:3074/3325 train_time:5556.498s step_avg:1807.58ms
step:3075/3325 train_time:5558.572s step_avg:1807.67ms
step:3075/3325 val_loss:3.27818 train_time:5558.572s step_avg:1807.32ms
step:3076/3325 train_time:5560.373s step_avg:1807.66ms
step:3077/3325 train_time:5562.169s step_avg:1807.66ms
step:3078/3325 train_time:5563.966s step_avg:1807.66ms
step:3079/3325 train_time:5565.764s step_avg:1807.65ms
step:3080/3325 train_time:5567.562s step_avg:1807.65ms
step:3081/3325 train_time:5569.358s step_avg:1807.65ms
step:3082/3325 train_time:5571.155s step_avg:1807.64ms
step:3083/3325 train_time:5572.955s step_avg:1807.64ms
step:3084/3325 train_time:5574.750s step_avg:1807.64ms
step:3085/3325 train_time:5576.545s step_avg:1807.63ms
step:3086/3325 train_time:5578.339s step_avg:1807.63ms
step:3087/3325 train_time:5580.133s step_avg:1807.62ms
step:3088/3325 train_time:5581.930s step_avg:1807.62ms
step:3089/3325 train_time:5583.727s step_avg:1807.62ms
step:3090/3325 train_time:5585.538s step_avg:1807.62ms
step:3091/3325 train_time:5587.334s step_avg:1807.61ms
step:3092/3325 train_time:5589.129s step_avg:1807.61ms
step:3093/3325 train_time:5590.924s step_avg:1807.61ms
step:3094/3325 train_time:5592.720s step_avg:1807.60ms
step:3095/3325 train_time:5594.516s step_avg:1807.60ms
step:3096/3325 train_time:5596.311s step_avg:1807.59ms
step:3097/3325 train_time:5598.110s step_avg:1807.59ms
step:3098/3325 train_time:5599.906s step_avg:1807.59ms
step:3099/3325 train_time:5601.700s step_avg:1807.58ms
step:3100/3325 train_time:5603.771s step_avg:1807.67ms
step:3100/3325 val_loss:3.27673 train_time:5603.771s step_avg:1807.94ms
step:3101/3325 train_time:5605.567s step_avg:1807.66ms
step:3102/3325 train_time:5607.363s step_avg:1807.66ms
step:3103/3325 train_time:5609.158s step_avg:1807.66ms
step:3104/3325 train_time:5610.954s step_avg:1807.65ms
step:3105/3325 train_time:5612.751s step_avg:1807.65ms
step:3106/3325 train_time:5614.546s step_avg:1807.65ms
step:3107/3325 train_time:5616.342s step_avg:1807.64ms
step:3108/3325 train_time:5618.138s step_avg:1807.64ms
step:3109/3325 train_time:5619.932s step_avg:1807.63ms
step:3110/3325 train_time:5621.727s step_avg:1807.63ms
step:3111/3325 train_time:5623.521s step_avg:1807.62ms
step:3112/3325 train_time:5625.316s step_avg:1807.62ms
step:3113/3325 train_time:5627.110s step_avg:1807.62ms
step:3114/3325 train_time:5628.904s step_avg:1807.61ms
step:3115/3325 train_time:5630.699s step_avg:1807.61ms
step:3116/3325 train_time:5632.492s step_avg:1807.60ms
step:3117/3325 train_time:5634.286s step_avg:1807.60ms
step:3118/3325 train_time:5636.081s step_avg:1807.59ms
step:3119/3325 train_time:5637.875s step_avg:1807.59ms
step:3120/3325 train_time:5639.686s step_avg:1807.59ms
step:3121/3325 train_time:5641.479s step_avg:1807.59ms
step:3122/3325 train_time:5643.273s step_avg:1807.58ms
step:3123/3325 train_time:5645.068s step_avg:1807.58ms
step:3124/3325 train_time:5646.862s step_avg:1807.57ms
step:3125/3325 train_time:5648.996s step_avg:1807.68ms
step:3125/3325 val_loss:3.27532 train_time:5648.997s step_avg:1809.03ms
step:3126/3325 train_time:5650.793s step_avg:1807.68ms
step:3127/3325 train_time:5652.587s step_avg:1807.67ms
step:3128/3325 train_time:5654.380s step_avg:1807.67ms
step:3129/3325 train_time:5656.174s step_avg:1807.66ms
step:3130/3325 train_time:5657.967s step_avg:1807.66ms
step:3131/3325 train_time:5659.762s step_avg:1807.65ms
step:3132/3325 train_time:5661.556s step_avg:1807.65ms
step:3133/3325 train_time:5663.351s step_avg:1807.64ms
step:3134/3325 train_time:5665.146s step_avg:1807.64ms
step:3135/3325 train_time:5666.941s step_avg:1807.64ms
step:3136/3325 train_time:5668.736s step_avg:1807.63ms
step:3137/3325 train_time:5670.531s step_avg:1807.63ms
step:3138/3325 train_time:5672.326s step_avg:1807.62ms
step:3139/3325 train_time:5674.120s step_avg:1807.62ms
step:3140/3325 train_time:5675.913s step_avg:1807.62ms
step:3141/3325 train_time:5677.706s step_avg:1807.61ms
step:3142/3325 train_time:5679.501s step_avg:1807.61ms
step:3143/3325 train_time:5681.294s step_avg:1807.60ms
step:3144/3325 train_time:5683.088s step_avg:1807.60ms
step:3145/3325 train_time:5684.882s step_avg:1807.59ms
step:3146/3325 train_time:5686.677s step_avg:1807.59ms
step:3147/3325 train_time:5688.471s step_avg:1807.59ms
step:3148/3325 train_time:5690.266s step_avg:1807.58ms
step:3149/3325 train_time:5692.061s step_avg:1807.58ms
step:3150/3325 train_time:5694.148s step_avg:1807.67ms
step:3150/3325 val_loss:3.27405 train_time:5694.149s step_avg:1806.07ms
step:3151/3325 train_time:5695.943s step_avg:1807.66ms
step:3152/3325 train_time:5697.738s step_avg:1807.66ms
step:3153/3325 train_time:5699.532s step_avg:1807.65ms
step:3154/3325 train_time:5701.327s step_avg:1807.65ms
step:3155/3325 train_time:5703.122s step_avg:1807.65ms
step:3156/3325 train_time:5704.917s step_avg:1807.64ms
step:3157/3325 train_time:5706.713s step_avg:1807.64ms
step:3158/3325 train_time:5708.508s step_avg:1807.63ms
step:3159/3325 train_time:5710.303s step_avg:1807.63ms
step:3160/3325 train_time:5712.098s step_avg:1807.63ms
step:3161/3325 train_time:5713.892s step_avg:1807.62ms
step:3162/3325 train_time:5715.686s step_avg:1807.62ms
step:3163/3325 train_time:5717.481s step_avg:1807.61ms
step:3164/3325 train_time:5719.277s step_avg:1807.61ms
step:3165/3325 train_time:5721.072s step_avg:1807.61ms
step:3166/3325 train_time:5722.866s step_avg:1807.60ms
step:3167/3325 train_time:5724.660s step_avg:1807.60ms
step:3168/3325 train_time:5726.458s step_avg:1807.59ms
step:3169/3325 train_time:5728.256s step_avg:1807.59ms
step:3170/3325 train_time:5730.052s step_avg:1807.59ms
step:3171/3325 train_time:5731.848s step_avg:1807.58ms
step:3172/3325 train_time:5733.643s step_avg:1807.58ms
step:3173/3325 train_time:5735.439s step_avg:1807.58ms
step:3174/3325 train_time:5737.235s step_avg:1807.57ms
step:3175/3325 train_time:5739.307s step_avg:1807.66ms
step:3175/3325 val_loss:3.27266 train_time:5739.307s step_avg:1806.33ms
step:3176/3325 train_time:5741.102s step_avg:1807.65ms
step:3177/3325 train_time:5742.897s step_avg:1807.65ms
step:3178/3325 train_time:5744.695s step_avg:1807.64ms
step:3179/3325 train_time:5746.490s step_avg:1807.64ms
step:3180/3325 train_time:5748.301s step_avg:1807.64ms
step:3181/3325 train_time:5750.096s step_avg:1807.64ms
step:3182/3325 train_time:5751.891s step_avg:1807.63ms
step:3183/3325 train_time:5753.686s step_avg:1807.63ms
step:3184/3325 train_time:5755.482s step_avg:1807.63ms
step:3185/3325 train_time:5757.276s step_avg:1807.62ms
step:3186/3325 train_time:5759.070s step_avg:1807.62ms
step:3187/3325 train_time:5760.864s step_avg:1807.61ms
step:3188/3325 train_time:5762.661s step_avg:1807.61ms
step:3189/3325 train_time:5764.457s step_avg:1807.61ms
step:3190/3325 train_time:5766.254s step_avg:1807.60ms
step:3191/3325 train_time:5768.049s step_avg:1807.60ms
step:3192/3325 train_time:5769.844s step_avg:1807.60ms
step:3193/3325 train_time:5771.639s step_avg:1807.59ms
step:3194/3325 train_time:5773.433s step_avg:1807.59ms
step:3195/3325 train_time:5775.230s step_avg:1807.58ms
step:3196/3325 train_time:5777.024s step_avg:1807.58ms
step:3197/3325 train_time:5778.819s step_avg:1807.58ms
step:3198/3325 train_time:5780.613s step_avg:1807.57ms
step:3199/3325 train_time:5782.407s step_avg:1807.57ms
step:3200/3325 train_time:5784.476s step_avg:1807.65ms
step:3200/3325 val_loss:3.27158 train_time:5784.477s step_avg:1806.79ms
step:3201/3325 train_time:5786.272s step_avg:1807.65ms
step:3202/3325 train_time:5788.067s step_avg:1807.64ms
step:3203/3325 train_time:5789.862s step_avg:1807.64ms
step:3204/3325 train_time:5791.657s step_avg:1807.63ms
step:3205/3325 train_time:5793.451s step_avg:1807.63ms
step:3206/3325 train_time:5795.245s step_avg:1807.62ms
step:3207/3325 train_time:5797.039s step_avg:1807.62ms
step:3208/3325 train_time:5798.832s step_avg:1807.62ms
step:3209/3325 train_time:5800.626s step_avg:1807.61ms
step:3210/3325 train_time:5802.437s step_avg:1807.61ms
step:3211/3325 train_time:5804.231s step_avg:1807.61ms
step:3212/3325 train_time:5806.025s step_avg:1807.60ms
step:3213/3325 train_time:5807.821s step_avg:1807.60ms
step:3214/3325 train_time:5809.617s step_avg:1807.60ms
step:3215/3325 train_time:5811.412s step_avg:1807.59ms
step:3216/3325 train_time:5813.207s step_avg:1807.59ms
step:3217/3325 train_time:5815.003s step_avg:1807.59ms
step:3218/3325 train_time:5816.798s step_avg:1807.58ms
step:3219/3325 train_time:5818.595s step_avg:1807.58ms
step:3220/3325 train_time:5820.390s step_avg:1807.57ms
step:3221/3325 train_time:5822.184s step_avg:1807.57ms
step:3222/3325 train_time:5823.979s step_avg:1807.57ms
step:3223/3325 train_time:5825.773s step_avg:1807.56ms
step:3224/3325 train_time:5827.567s step_avg:1807.56ms
step:3225/3325 train_time:5829.636s step_avg:1807.64ms
step:3225/3325 val_loss:3.27080 train_time:5829.636s step_avg:1806.38ms
step:3226/3325 train_time:5831.432s step_avg:1807.64ms
step:3227/3325 train_time:5833.227s step_avg:1807.63ms
step:3228/3325 train_time:5835.022s step_avg:1807.63ms
step:3229/3325 train_time:5836.816s step_avg:1807.62ms
step:3230/3325 train_time:5838.610s step_avg:1807.62ms
step:3231/3325 train_time:5840.445s step_avg:1807.63ms
step:3232/3325 train_time:5842.239s step_avg:1807.62ms
step:3233/3325 train_time:5844.034s step_avg:1807.62ms
step:3234/3325 train_time:5845.828s step_avg:1807.62ms
step:3235/3325 train_time:5847.623s step_avg:1807.61ms
step:3236/3325 train_time:5849.417s step_avg:1807.61ms
step:3237/3325 train_time:5851.211s step_avg:1807.60ms
step:3238/3325 train_time:5853.006s step_avg:1807.60ms
step:3239/3325 train_time:5854.801s step_avg:1807.60ms
step:3240/3325 train_time:5856.612s step_avg:1807.60ms
step:3241/3325 train_time:5858.407s step_avg:1807.59ms
step:3242/3325 train_time:5860.202s step_avg:1807.59ms
step:3243/3325 train_time:5861.997s step_avg:1807.58ms
step:3244/3325 train_time:5863.793s step_avg:1807.58ms
step:3245/3325 train_time:5865.590s step_avg:1807.58ms
step:3246/3325 train_time:5867.386s step_avg:1807.57ms
step:3247/3325 train_time:5869.182s step_avg:1807.57ms
step:3248/3325 train_time:5870.977s step_avg:1807.57ms
step:3249/3325 train_time:5872.772s step_avg:1807.56ms
step:3250/3325 train_time:5874.909s step_avg:1807.66ms
step:3250/3325 val_loss:3.27019 train_time:5874.909s step_avg:1810.93ms
step:3251/3325 train_time:5876.704s step_avg:1807.66ms
step:3252/3325 train_time:5878.500s step_avg:1807.66ms
step:3253/3325 train_time:5880.294s step_avg:1807.65ms
step:3254/3325 train_time:5882.091s step_avg:1807.65ms
step:3255/3325 train_time:5883.890s step_avg:1807.65ms
step:3256/3325 train_time:5885.689s step_avg:1807.64ms
step:3257/3325 train_time:5887.488s step_avg:1807.64ms
step:3258/3325 train_time:5889.288s step_avg:1807.64ms
step:3259/3325 train_time:5891.085s step_avg:1807.64ms
step:3260/3325 train_time:5892.885s step_avg:1807.63ms
step:3261/3325 train_time:5894.684s step_avg:1807.63ms
step:3262/3325 train_time:5896.483s step_avg:1807.63ms
step:3263/3325 train_time:5898.281s step_avg:1807.63ms
step:3264/3325 train_time:5900.075s step_avg:1807.62ms
step:3265/3325 train_time:5901.870s step_avg:1807.62ms
step:3266/3325 train_time:5903.664s step_avg:1807.61ms
step:3267/3325 train_time:5905.459s step_avg:1807.61ms
step:3268/3325 train_time:5907.252s step_avg:1807.60ms
step:3269/3325 train_time:5909.045s step_avg:1807.60ms
step:3270/3325 train_time:5910.855s step_avg:1807.60ms
step:3271/3325 train_time:5912.652s step_avg:1807.60ms
step:3272/3325 train_time:5914.451s step_avg:1807.60ms
step:3273/3325 train_time:5916.247s step_avg:1807.59ms
step:3274/3325 train_time:5918.045s step_avg:1807.59ms
step:3275/3325 train_time:5920.120s step_avg:1807.67ms
step:3275/3325 val_loss:3.26966 train_time:5920.120s step_avg:1808.42ms
step:3276/3325 train_time:5921.920s step_avg:1807.67ms
step:3277/3325 train_time:5923.716s step_avg:1807.66ms
step:3278/3325 train_time:5925.510s step_avg:1807.66ms
step:3279/3325 train_time:5927.303s step_avg:1807.66ms
step:3280/3325 train_time:5929.097s step_avg:1807.65ms
step:3281/3325 train_time:5930.890s step_avg:1807.65ms
step:3282/3325 train_time:5932.684s step_avg:1807.64ms
step:3283/3325 train_time:5934.478s step_avg:1807.64ms
step:3284/3325 train_time:5936.272s step_avg:1807.63ms
step:3285/3325 train_time:5938.067s step_avg:1807.63ms
step:3286/3325 train_time:5939.861s step_avg:1807.63ms
step:3287/3325 train_time:5941.656s step_avg:1807.62ms
step:3288/3325 train_time:5943.451s step_avg:1807.62ms
step:3289/3325 train_time:5945.246s step_avg:1807.61ms
step:3290/3325 train_time:5947.040s step_avg:1807.61ms
step:3291/3325 train_time:5948.834s step_avg:1807.61ms
step:3292/3325 train_time:5950.628s step_avg:1807.60ms
step:3293/3325 train_time:5952.421s step_avg:1807.60ms
step:3294/3325 train_time:5954.215s step_avg:1807.59ms
step:3295/3325 train_time:5956.008s step_avg:1807.59ms
step:3296/3325 train_time:5957.802s step_avg:1807.59ms
step:3297/3325 train_time:5959.597s step_avg:1807.58ms
step:3298/3325 train_time:5961.395s step_avg:1807.58ms
step:3299/3325 train_time:5963.191s step_avg:1807.58ms
step:3300/3325 train_time:5965.278s step_avg:1807.66ms
step:3300/3325 val_loss:3.26931 train_time:5965.279s step_avg:1806.35ms
step:3301/3325 train_time:5967.074s step_avg:1807.66ms
step:3302/3325 train_time:5968.868s step_avg:1807.65ms
step:3303/3325 train_time:5970.662s step_avg:1807.65ms
step:3304/3325 train_time:5972.456s step_avg:1807.64ms
step:3305/3325 train_time:5974.249s step_avg:1807.64ms
step:3306/3325 train_time:5976.043s step_avg:1807.64ms
step:3307/3325 train_time:5977.838s step_avg:1807.63ms
step:3308/3325 train_time:5979.633s step_avg:1807.63ms
step:3309/3325 train_time:5981.429s step_avg:1807.62ms
step:3310/3325 train_time:5983.223s step_avg:1807.62ms
step:3311/3325 train_time:5985.018s step_avg:1807.62ms
step:3312/3325 train_time:5986.811s step_avg:1807.61ms
step:3313/3325 train_time:5988.605s step_avg:1807.61ms
step:3314/3325 train_time:5990.398s step_avg:1807.60ms
step:3315/3325 train_time:5992.192s step_avg:1807.60ms
step:3316/3325 train_time:5993.986s step_avg:1807.60ms
step:3317/3325 train_time:5995.779s step_avg:1807.59ms
step:3318/3325 train_time:5997.574s step_avg:1807.59ms
step:3319/3325 train_time:5999.368s step_avg:1807.58ms
step:3320/3325 train_time:6001.165s step_avg:1807.58ms
step:3321/3325 train_time:6002.960s step_avg:1807.58ms
step:3322/3325 train_time:6004.754s step_avg:1807.57ms
step:3323/3325 train_time:6006.548s step_avg:1807.57ms
step:3324/3325 train_time:6008.343s step_avg:1807.56ms
step:3325/3325 train_time:6010.486s step_avg:1807.66ms
step:3325/3325 val_loss:3.26919 train_time:6010.486s step_avg:1808.31ms
trial:0 best_val_loss:3.26919 best_val_step:3325 first_step_to_target:3075
wandb: updating run metadata
wandb: uploading output.log; uploading wandb-summary.json
wandb: 
wandb: Run history:
wandb:                           aux/beta2 ▁▁▁▁▁▁▁▁▁▁▁▁▁▁▁▁▁▁▁▁▁▁▁▁▁▁▁▁▁▁▁▁▁▁▁▁▁▁▁▁
wandb:        speedrun/final_best_val_loss ▁
wandb:        speedrun/final_best_val_step ▁
wandb: speedrun/final_first_step_to_target ▁
wandb:       speedrun/final_reached_target ▁
wandb:       speedrun/first_step_to_target ▁▁▁▁▁▁▁▁▁▁▁▁▁▁▁▁▁▁▁▁▁▁▁▁▁▁▁███████████
wandb:             speedrun/reached_target ▁▁▁▁▁▁▁▁▁▁▁▁▁▁▁▁▁▁▁▁▁▁▁▁▁▁▁███████████
wandb:            speedrun/target_val_loss ▁▁▁▁▁▁▁▁▁▁▁▁▁▁▁▁▁▁▁▁▁▁▁▁▁▁▁▁▁▁▁▁▁▁▁▁▁▁▁▁
wandb:                speedrun/train_steps ▁▁▁▁▁▁▁▁▁▁▁▁▁▁▁▁▁▁▁▁▁▁▁▁▁▁▁▁▁▁▁▁▁▁▁▁▁▁▁▁
wandb:                    time/step_avg_ms  █▂▁▁▁▁▁▁▁▁▁▁▁▁▁▁▁▁▁▁▁▁▁▁▁▂▁▂▂▁▁▁▁▂▂▁▂
wandb:                              +4,308 ...
wandb: 
wandb: Run summary:
wandb:                           aux/beta2 0.99
wandb:        speedrun/final_best_val_loss 3.26919
wandb:        speedrun/final_best_val_step 3325
wandb: speedrun/final_first_step_to_target 3075
wandb:       speedrun/final_reached_target 1
wandb:       speedrun/first_step_to_target 3075
wandb:             speedrun/reached_target 1
wandb:            speedrun/target_val_loss 3.28
wandb:                speedrun/train_steps 3325
wandb:                    time/step_avg_ms 1808.3081
wandb:                              +4,308 ...
wandb: 
wandb: 🚀 View run g1r3-tanjiro/h142_arm_c_wd1e-3 at: https://wandb.ai/wandb-applied-ai-team/modded-nanogpt-senpai/runs/ls165uyk
wandb: ⭐️ View project at: https://wandb.ai/wandb-applied-ai-team/modded-nanogpt-senpai
wandb: Synced 7 W&B file(s), 0 media file(s), 0 artifact file(s) and 0 other file(s)
wandb: Find logs at: ./wandb/run-20260525_093801-ls165uyk/logs
[2026-05-25T11:25:41Z] h142_arm_c_wd1e-3 done
